ISO-10303-21;
HEADER;
FILE_DESCRIPTION(('Designed by EasyEDA Pro'),'2;1');
FILE_NAME('Open CASCADE Shape Model','2025-12-08T20:20:33',('Author'),(
    'Open CASCADE'),'Open CASCADE STEP processor 7.8','Open CASCADE 7.8'
  ,'Unknown');
FILE_SCHEMA(('AUTOMOTIVE_DESIGN { 1 0 10303 214 1 1 1 1 }'));
ENDSEC;
DATA;
#1 = APPLICATION_PROTOCOL_DEFINITION('international standard',
  'automotive_design',2000,#2);
#2 = APPLICATION_CONTEXT(
  'core data for automotive mechanical design processes');
#3 = SHAPE_DEFINITION_REPRESENTATION(#4,#10);
#4 = PRODUCT_DEFINITION_SHAPE('','',#5);
#5 = PRODUCT_DEFINITION('design','',#6,#9);
#6 = PRODUCT_DEFINITION_FORMATION('','',#7);
#7 = PRODUCT('Open CASCADE STEP translator 7.8 3',
  'Open CASCADE STEP translator 7.8 3','',(#8));
#8 = PRODUCT_CONTEXT('',#2,'mechanical');
#9 = PRODUCT_DEFINITION_CONTEXT('part definition',#2,'design');
#10 = ADVANCED_BREP_SHAPE_REPRESENTATION('',(#11,#15),#7020);
#11 = AXIS2_PLACEMENT_3D('',#12,#13,#14);
#12 = CARTESIAN_POINT('',(0.,0.,0.));
#13 = DIRECTION('',(0.,0.,1.));
#14 = DIRECTION('',(1.,0.,-0.));
#15 = MANIFOLD_SOLID_BREP('',#16);
#16 = CLOSED_SHELL('',(#17,#125,#192,#259,#2630,#4546,#4570,#4594,#4618,
    #4642,#4666,#4690,#4714,#4738,#4762,#4786,#4810,#4834,#4858,#4882,
    #4906,#4930,#4954,#4978,#5002,#5026,#5050,#5074,#5098,#5122,#5146,
    #5170,#5194,#5218,#5242,#5266,#5290,#5314,#5338,#5362,#5386,#5410,
    #5434,#5458,#5482,#5506,#5530,#5554,#5578,#5602,#5626,#5650,#5674,
    #5698,#5722,#5746,#5770,#5794,#5818,#5842,#5866,#5890,#5914,#5938,
    #5962,#5986,#6010,#6034,#6058,#6082,#6106,#6130,#6154,#6178,#6202,
    #6226,#6250,#6274,#6298,#6322,#6346,#6370,#6394,#6418,#6442,#6466,
    #6490,#6514,#6538,#6562,#6586,#6610,#6634,#6658,#6682,#6706,#6730,
    #6754,#6761,#6826,#6891,#6947,#6951,#7016));
#17 = ADVANCED_FACE('',(#18),#31,.T.);
#18 = FACE_BOUND('',#19,.T.);
#19 = EDGE_LOOP('',(#20,#52,#77,#102));
#20 = ORIENTED_EDGE('',*,*,#21,.T.);
#21 = EDGE_CURVE('',#22,#24,#26,.T.);
#22 = VERTEX_POINT('',#23);
#23 = CARTESIAN_POINT('',(9.148829057658,-17.25495808991,33.000066040132
    ));
#24 = VERTEX_POINT('',#25);
#25 = CARTESIAN_POINT('',(9.148829057658,-17.25495808991,35.000071120142
    ));
#26 = SURFACE_CURVE('',#27,(#30,#41),.PCURVE_S1.);
#27 = B_SPLINE_CURVE_WITH_KNOTS('',1,(#28,#29),.UNSPECIFIED.,.F.,.F.,(2,
    2),(0.,78.7402),.PIECEWISE_BEZIER_KNOTS.);
#28 = CARTESIAN_POINT('',(9.148829057658,-17.25495808991,33.000066040132
    ));
#29 = CARTESIAN_POINT('',(9.148829057658,-17.25495808991,35.000071120142
    ));
#30 = PCURVE('',#31,#36);
#31 = B_SPLINE_SURFACE_WITH_KNOTS('',1,1,(
    (#32,#33)
    ,(#34,#35
    )),.UNSPECIFIED.,.F.,.F.,.F.,(2,2),(2,2),(0.,177.1653),(-78.7402,0.)
  ,.PIECEWISE_BEZIER_KNOTS.);
#32 = CARTESIAN_POINT('',(9.148829057658,-17.25495808991,35.000071120142
    ));
#33 = CARTESIAN_POINT('',(9.148829057658,-17.25495808991,33.000066040132
    ));
#34 = CARTESIAN_POINT('',(9.148829057658,-12.7549504699,35.000071120142)
  );
#35 = CARTESIAN_POINT('',(9.148829057658,-12.7549504699,33.000066040132)
  );
#36 = DEFINITIONAL_REPRESENTATION('',(#37),#40);
#37 = B_SPLINE_CURVE_WITH_KNOTS('',1,(#38,#39),.UNSPECIFIED.,.F.,.F.,(2,
    2),(0.,78.7402),.PIECEWISE_BEZIER_KNOTS.);
#38 = CARTESIAN_POINT('',(0.,0.));
#39 = CARTESIAN_POINT('',(0.,-78.7402));
#40 = ( GEOMETRIC_REPRESENTATION_CONTEXT(2) 
PARAMETRIC_REPRESENTATION_CONTEXT() REPRESENTATION_CONTEXT('2D SPACE',''
  ) );
#41 = PCURVE('',#42,#47);
#42 = B_SPLINE_SURFACE_WITH_KNOTS('',1,1,(
    (#43,#44)
    ,(#45,#46
    )),.UNSPECIFIED.,.F.,.F.,.F.,(2,2),(2,2),(0.,2.688277844265),(
    -78.7402,0.),.PIECEWISE_BEZIER_KNOTS.);
#43 = CARTESIAN_POINT('',(9.151160294389,-17.32320067661,35.000071120142
    ));
#44 = CARTESIAN_POINT('',(9.151160294389,-17.32320067661,33.000066040132
    ));
#45 = CARTESIAN_POINT('',(9.148829057658,-17.25495808991,35.000071120142
    ));
#46 = CARTESIAN_POINT('',(9.148829057658,-17.25495808991,33.000066040132
    ));
#47 = DEFINITIONAL_REPRESENTATION('',(#48),#51);
#48 = B_SPLINE_CURVE_WITH_KNOTS('',1,(#49,#50),.UNSPECIFIED.,.F.,.F.,(2,
    2),(0.,78.7402),.PIECEWISE_BEZIER_KNOTS.);
#49 = CARTESIAN_POINT('',(2.688277844265,0.));
#50 = CARTESIAN_POINT('',(2.688277844265,-78.7402));
#51 = ( GEOMETRIC_REPRESENTATION_CONTEXT(2) 
PARAMETRIC_REPRESENTATION_CONTEXT() REPRESENTATION_CONTEXT('2D SPACE',''
  ) );
#52 = ORIENTED_EDGE('',*,*,#53,.T.);
#53 = EDGE_CURVE('',#24,#54,#56,.T.);
#54 = VERTEX_POINT('',#55);
#55 = CARTESIAN_POINT('',(9.148829057658,-12.7549504699,35.000071120142)
  );
#56 = SURFACE_CURVE('',#57,(#60,#66),.PCURVE_S1.);
#57 = B_SPLINE_CURVE_WITH_KNOTS('',1,(#58,#59),.UNSPECIFIED.,.F.,.F.,(2,
    2),(0.,177.1653),.PIECEWISE_BEZIER_KNOTS.);
#58 = CARTESIAN_POINT('',(9.148829057658,-17.25495808991,35.000071120142
    ));
#59 = CARTESIAN_POINT('',(9.148829057658,-12.7549504699,35.000071120142)
  );
#60 = PCURVE('',#31,#61);
#61 = DEFINITIONAL_REPRESENTATION('',(#62),#65);
#62 = B_SPLINE_CURVE_WITH_KNOTS('',1,(#63,#64),.UNSPECIFIED.,.F.,.F.,(2,
    2),(0.,177.1653),.PIECEWISE_BEZIER_KNOTS.);
#63 = CARTESIAN_POINT('',(0.,-78.7402));
#64 = CARTESIAN_POINT('',(177.1653,-78.7402));
#65 = ( GEOMETRIC_REPRESENTATION_CONTEXT(2) 
PARAMETRIC_REPRESENTATION_CONTEXT() REPRESENTATION_CONTEXT('2D SPACE',''
  ) );
#66 = PCURVE('',#67,#72);
#67 = B_SPLINE_SURFACE_WITH_KNOTS('',1,1,(
    (#68,#69)
    ,(#70,#71
    )),.UNSPECIFIED.,.F.,.F.,.F.,(2,2),(2,2),(-127.95275,127.95275),(
    -127.95275,127.95275),.PIECEWISE_BEZIER_KNOTS.);
#68 = CARTESIAN_POINT('',(15.648841757684,-18.25496062992,
    35.000071120142));
#69 = CARTESIAN_POINT('',(15.648841757684,-11.75494792989,
    35.000071120142));
#70 = CARTESIAN_POINT('',(9.148829057658,-18.25496062992,35.000071120142
    ));
#71 = CARTESIAN_POINT('',(9.148829057658,-11.75494792989,35.000071120142
    ));
#72 = DEFINITIONAL_REPRESENTATION('',(#73),#76);
#73 = B_SPLINE_CURVE_WITH_KNOTS('',1,(#74,#75),.UNSPECIFIED.,.F.,.F.,(2,
    2),(0.,177.1653),.PIECEWISE_BEZIER_KNOTS.);
#74 = CARTESIAN_POINT('',(127.95275,-88.58265));
#75 = CARTESIAN_POINT('',(127.95275,88.58265));
#76 = ( GEOMETRIC_REPRESENTATION_CONTEXT(2) 
PARAMETRIC_REPRESENTATION_CONTEXT() REPRESENTATION_CONTEXT('2D SPACE',''
  ) );
#77 = ORIENTED_EDGE('',*,*,#78,.F.);
#78 = EDGE_CURVE('',#79,#54,#81,.T.);
#79 = VERTEX_POINT('',#80);
#80 = CARTESIAN_POINT('',(9.148829057658,-12.7549504699,33.000066040132)
  );
#81 = SURFACE_CURVE('',#82,(#85,#91),.PCURVE_S1.);
#82 = B_SPLINE_CURVE_WITH_KNOTS('',1,(#83,#84),.UNSPECIFIED.,.F.,.F.,(2,
    2),(0.,78.7402),.PIECEWISE_BEZIER_KNOTS.);
#83 = CARTESIAN_POINT('',(9.148829057658,-12.7549504699,33.000066040132)
  );
#84 = CARTESIAN_POINT('',(9.148829057658,-12.7549504699,35.000071120142)
  );
#85 = PCURVE('',#31,#86);
#86 = DEFINITIONAL_REPRESENTATION('',(#87),#90);
#87 = B_SPLINE_CURVE_WITH_KNOTS('',1,(#88,#89),.UNSPECIFIED.,.F.,.F.,(2,
    2),(0.,78.7402),.PIECEWISE_BEZIER_KNOTS.);
#88 = CARTESIAN_POINT('',(177.1653,0.));
#89 = CARTESIAN_POINT('',(177.1653,-78.7402));
#90 = ( GEOMETRIC_REPRESENTATION_CONTEXT(2) 
PARAMETRIC_REPRESENTATION_CONTEXT() REPRESENTATION_CONTEXT('2D SPACE',''
  ) );
#91 = PCURVE('',#92,#97);
#92 = B_SPLINE_SURFACE_WITH_KNOTS('',1,1,(
    (#93,#94)
    ,(#95,#96
    )),.UNSPECIFIED.,.F.,.F.,.F.,(2,2),(2,2),(0.,2.688277844265),(
    -78.7402,0.),.PIECEWISE_BEZIER_KNOTS.);
#93 = CARTESIAN_POINT('',(9.148829057658,-12.7549504699,35.000071120142)
  );
#94 = CARTESIAN_POINT('',(9.148829057658,-12.7549504699,33.000066040132)
  );
#95 = CARTESIAN_POINT('',(9.151160294389,-12.6867078832,35.000071120142)
  );
#96 = CARTESIAN_POINT('',(9.151160294389,-12.6867078832,33.000066040132)
  );
#97 = DEFINITIONAL_REPRESENTATION('',(#98),#101);
#98 = B_SPLINE_CURVE_WITH_KNOTS('',1,(#99,#100),.UNSPECIFIED.,.F.,.F.,(2
    ,2),(0.,78.7402),.PIECEWISE_BEZIER_KNOTS.);
#99 = CARTESIAN_POINT('',(0.,0.));
#100 = CARTESIAN_POINT('',(0.,-78.7402));
#101 = ( GEOMETRIC_REPRESENTATION_CONTEXT(2) 
PARAMETRIC_REPRESENTATION_CONTEXT() REPRESENTATION_CONTEXT('2D SPACE',''
  ) );
#102 = ORIENTED_EDGE('',*,*,#103,.F.);
#103 = EDGE_CURVE('',#22,#79,#104,.T.);
#104 = SURFACE_CURVE('',#105,(#108,#114),.PCURVE_S1.);
#105 = B_SPLINE_CURVE_WITH_KNOTS('',1,(#106,#107),.UNSPECIFIED.,.F.,.F.,
  (2,2),(0.,177.1653),.PIECEWISE_BEZIER_KNOTS.);
#106 = CARTESIAN_POINT('',(9.148829057658,-17.25495808991,
    33.000066040132));
#107 = CARTESIAN_POINT('',(9.148829057658,-12.7549504699,33.000066040132
    ));
#108 = PCURVE('',#31,#109);
#109 = DEFINITIONAL_REPRESENTATION('',(#110),#113);
#110 = B_SPLINE_CURVE_WITH_KNOTS('',1,(#111,#112),.UNSPECIFIED.,.F.,.F.,
  (2,2),(0.,177.1653),.PIECEWISE_BEZIER_KNOTS.);
#111 = CARTESIAN_POINT('',(0.,0.));
#112 = CARTESIAN_POINT('',(177.1653,0.));
#113 = ( GEOMETRIC_REPRESENTATION_CONTEXT(2) 
PARAMETRIC_REPRESENTATION_CONTEXT() REPRESENTATION_CONTEXT('2D SPACE',''
  ) );
#114 = PCURVE('',#115,#120);
#115 = B_SPLINE_SURFACE_WITH_KNOTS('',1,1,(
    (#116,#117)
    ,(#118,#119
    )),.UNSPECIFIED.,.F.,.F.,.F.,(2,2),(2,2),(-127.95275,127.95275),(
    -127.95275,127.95275),.PIECEWISE_BEZIER_KNOTS.);
#116 = CARTESIAN_POINT('',(15.648841757684,-18.25496062992,
    33.000066040132));
#117 = CARTESIAN_POINT('',(15.648841757684,-11.75494792989,
    33.000066040132));
#118 = CARTESIAN_POINT('',(9.148829057658,-18.25496062992,
    33.000066040132));
#119 = CARTESIAN_POINT('',(9.148829057658,-11.75494792989,
    33.000066040132));
#120 = DEFINITIONAL_REPRESENTATION('',(#121),#124);
#121 = B_SPLINE_CURVE_WITH_KNOTS('',1,(#122,#123),.UNSPECIFIED.,.F.,.F.,
  (2,2),(0.,177.1653),.PIECEWISE_BEZIER_KNOTS.);
#122 = CARTESIAN_POINT('',(127.95275,-88.58265));
#123 = CARTESIAN_POINT('',(127.95275,88.58265));
#124 = ( GEOMETRIC_REPRESENTATION_CONTEXT(2) 
PARAMETRIC_REPRESENTATION_CONTEXT() REPRESENTATION_CONTEXT('2D SPACE',''
  ) );
#125 = ADVANCED_FACE('',(#126),#42,.T.);
#126 = FACE_BOUND('',#127,.T.);
#127 = EDGE_LOOP('',(#128,#155,#173,#174));
#128 = ORIENTED_EDGE('',*,*,#129,.T.);
#129 = EDGE_CURVE('',#130,#132,#134,.T.);
#130 = VERTEX_POINT('',#131);
#131 = CARTESIAN_POINT('',(9.151160294389,-17.32320067661,
    33.000066040132));
#132 = VERTEX_POINT('',#133);
#133 = CARTESIAN_POINT('',(9.151160294389,-17.32320067661,
    35.000071120142));
#134 = SURFACE_CURVE('',#135,(#138,#144),.PCURVE_S1.);
#135 = B_SPLINE_CURVE_WITH_KNOTS('',1,(#136,#137),.UNSPECIFIED.,.F.,.F.,
  (2,2),(0.,78.7402),.PIECEWISE_BEZIER_KNOTS.);
#136 = CARTESIAN_POINT('',(9.151160294389,-17.32320067661,
    33.000066040132));
#137 = CARTESIAN_POINT('',(9.151160294389,-17.32320067661,
    35.000071120142));
#138 = PCURVE('',#42,#139);
#139 = DEFINITIONAL_REPRESENTATION('',(#140),#143);
#140 = B_SPLINE_CURVE_WITH_KNOTS('',1,(#141,#142),.UNSPECIFIED.,.F.,.F.,
  (2,2),(0.,78.7402),.PIECEWISE_BEZIER_KNOTS.);
#141 = CARTESIAN_POINT('',(0.,0.));
#142 = CARTESIAN_POINT('',(0.,-78.7402));
#143 = ( GEOMETRIC_REPRESENTATION_CONTEXT(2) 
PARAMETRIC_REPRESENTATION_CONTEXT() REPRESENTATION_CONTEXT('2D SPACE',''
  ) );
#144 = PCURVE('',#145,#150);
#145 = B_SPLINE_SURFACE_WITH_KNOTS('',1,1,(
    (#146,#147)
    ,(#148,#149
    )),.UNSPECIFIED.,.F.,.F.,.F.,(2,2),(2,2),(0.,2.688277844265),(
    -78.7402,0.),.PIECEWISE_BEZIER_KNOTS.);
#146 = CARTESIAN_POINT('',(9.15814313528,-17.39112508487,35.000071120142
    ));
#147 = CARTESIAN_POINT('',(9.15814313528,-17.39112508487,33.000066040132
    ));
#148 = CARTESIAN_POINT('',(9.151160294389,-17.32320067661,
    35.000071120142));
#149 = CARTESIAN_POINT('',(9.151160294389,-17.32320067661,
    33.000066040132));
#150 = DEFINITIONAL_REPRESENTATION('',(#151),#154);
#151 = B_SPLINE_CURVE_WITH_KNOTS('',1,(#152,#153),.UNSPECIFIED.,.F.,.F.,
  (2,2),(0.,78.7402),.PIECEWISE_BEZIER_KNOTS.);
#152 = CARTESIAN_POINT('',(2.688277844265,0.));
#153 = CARTESIAN_POINT('',(2.688277844265,-78.7402));
#154 = ( GEOMETRIC_REPRESENTATION_CONTEXT(2) 
PARAMETRIC_REPRESENTATION_CONTEXT() REPRESENTATION_CONTEXT('2D SPACE',''
  ) );
#155 = ORIENTED_EDGE('',*,*,#156,.T.);
#156 = EDGE_CURVE('',#132,#24,#157,.T.);
#157 = SURFACE_CURVE('',#158,(#161,#167),.PCURVE_S1.);
#158 = B_SPLINE_CURVE_WITH_KNOTS('',1,(#159,#160),.UNSPECIFIED.,.F.,.F.,
  (2,2),(0.,2.688277844265),.PIECEWISE_BEZIER_KNOTS.);
#159 = CARTESIAN_POINT('',(9.151160294389,-17.32320067661,
    35.000071120142));
#160 = CARTESIAN_POINT('',(9.148829057658,-17.25495808991,
    35.000071120142));
#161 = PCURVE('',#42,#162);
#162 = DEFINITIONAL_REPRESENTATION('',(#163),#166);
#163 = B_SPLINE_CURVE_WITH_KNOTS('',1,(#164,#165),.UNSPECIFIED.,.F.,.F.,
  (2,2),(0.,2.688277844265),.PIECEWISE_BEZIER_KNOTS.);
#164 = CARTESIAN_POINT('',(0.,-78.7402));
#165 = CARTESIAN_POINT('',(2.688277844265,-78.7402));
#166 = ( GEOMETRIC_REPRESENTATION_CONTEXT(2) 
PARAMETRIC_REPRESENTATION_CONTEXT() REPRESENTATION_CONTEXT('2D SPACE',''
  ) );
#167 = PCURVE('',#67,#168);
#168 = DEFINITIONAL_REPRESENTATION('',(#169),#172);
#169 = B_SPLINE_CURVE_WITH_KNOTS('',1,(#170,#171),.UNSPECIFIED.,.F.,.F.,
  (2,2),(0.,2.688277844265),.PIECEWISE_BEZIER_KNOTS.);
#170 = CARTESIAN_POINT('',(127.8609692099,-91.2693606384));
#171 = CARTESIAN_POINT('',(127.95275,-88.58265));
#172 = ( GEOMETRIC_REPRESENTATION_CONTEXT(2) 
PARAMETRIC_REPRESENTATION_CONTEXT() REPRESENTATION_CONTEXT('2D SPACE',''
  ) );
#173 = ORIENTED_EDGE('',*,*,#21,.F.);
#174 = ORIENTED_EDGE('',*,*,#175,.F.);
#175 = EDGE_CURVE('',#130,#22,#176,.T.);
#176 = SURFACE_CURVE('',#177,(#180,#186),.PCURVE_S1.);
#177 = B_SPLINE_CURVE_WITH_KNOTS('',1,(#178,#179),.UNSPECIFIED.,.F.,.F.,
  (2,2),(0.,2.688277844265),.PIECEWISE_BEZIER_KNOTS.);
#178 = CARTESIAN_POINT('',(9.151160294389,-17.32320067661,
    33.000066040132));
#179 = CARTESIAN_POINT('',(9.148829057658,-17.25495808991,
    33.000066040132));
#180 = PCURVE('',#42,#181);
#181 = DEFINITIONAL_REPRESENTATION('',(#182),#185);
#182 = B_SPLINE_CURVE_WITH_KNOTS('',1,(#183,#184),.UNSPECIFIED.,.F.,.F.,
  (2,2),(0.,2.688277844265),.PIECEWISE_BEZIER_KNOTS.);
#183 = CARTESIAN_POINT('',(0.,0.));
#184 = CARTESIAN_POINT('',(2.688277844265,0.));
#185 = ( GEOMETRIC_REPRESENTATION_CONTEXT(2) 
PARAMETRIC_REPRESENTATION_CONTEXT() REPRESENTATION_CONTEXT('2D SPACE',''
  ) );
#186 = PCURVE('',#115,#187);
#187 = DEFINITIONAL_REPRESENTATION('',(#188),#191);
#188 = B_SPLINE_CURVE_WITH_KNOTS('',1,(#189,#190),.UNSPECIFIED.,.F.,.F.,
  (2,2),(0.,2.688277844265),.PIECEWISE_BEZIER_KNOTS.);
#189 = CARTESIAN_POINT('',(127.8609692099,-91.2693606384));
#190 = CARTESIAN_POINT('',(127.95275,-88.58265));
#191 = ( GEOMETRIC_REPRESENTATION_CONTEXT(2) 
PARAMETRIC_REPRESENTATION_CONTEXT() REPRESENTATION_CONTEXT('2D SPACE',''
  ) );
#192 = ADVANCED_FACE('',(#193),#92,.T.);
#193 = FACE_BOUND('',#194,.T.);
#194 = EDGE_LOOP('',(#195,#196,#216,#241));
#195 = ORIENTED_EDGE('',*,*,#78,.T.);
#196 = ORIENTED_EDGE('',*,*,#197,.T.);
#197 = EDGE_CURVE('',#54,#198,#200,.T.);
#198 = VERTEX_POINT('',#199);
#199 = CARTESIAN_POINT('',(9.151160294389,-12.6867078832,35.000071120142
    ));
#200 = SURFACE_CURVE('',#201,(#204,#210),.PCURVE_S1.);
#201 = B_SPLINE_CURVE_WITH_KNOTS('',1,(#202,#203),.UNSPECIFIED.,.F.,.F.,
  (2,2),(0.,2.688277844265),.PIECEWISE_BEZIER_KNOTS.);
#202 = CARTESIAN_POINT('',(9.148829057658,-12.7549504699,35.000071120142
    ));
#203 = CARTESIAN_POINT('',(9.151160294389,-12.6867078832,35.000071120142
    ));
#204 = PCURVE('',#92,#205);
#205 = DEFINITIONAL_REPRESENTATION('',(#206),#209);
#206 = B_SPLINE_CURVE_WITH_KNOTS('',1,(#207,#208),.UNSPECIFIED.,.F.,.F.,
  (2,2),(0.,2.688277844265),.PIECEWISE_BEZIER_KNOTS.);
#207 = CARTESIAN_POINT('',(0.,-78.7402));
#208 = CARTESIAN_POINT('',(2.688277844265,-78.7402));
#209 = ( GEOMETRIC_REPRESENTATION_CONTEXT(2) 
PARAMETRIC_REPRESENTATION_CONTEXT() REPRESENTATION_CONTEXT('2D SPACE',''
  ) );
#210 = PCURVE('',#67,#211);
#211 = DEFINITIONAL_REPRESENTATION('',(#212),#215);
#212 = B_SPLINE_CURVE_WITH_KNOTS('',1,(#213,#214),.UNSPECIFIED.,.F.,.F.,
  (2,2),(0.,2.688277844265),.PIECEWISE_BEZIER_KNOTS.);
#213 = CARTESIAN_POINT('',(127.95275,88.58265));
#214 = CARTESIAN_POINT('',(127.8609692099,91.269360638409));
#215 = ( GEOMETRIC_REPRESENTATION_CONTEXT(2) 
PARAMETRIC_REPRESENTATION_CONTEXT() REPRESENTATION_CONTEXT('2D SPACE',''
  ) );
#216 = ORIENTED_EDGE('',*,*,#217,.F.);
#217 = EDGE_CURVE('',#218,#198,#220,.T.);
#218 = VERTEX_POINT('',#219);
#219 = CARTESIAN_POINT('',(9.151160294389,-12.6867078832,33.000066040132
    ));
#220 = SURFACE_CURVE('',#221,(#224,#230),.PCURVE_S1.);
#221 = B_SPLINE_CURVE_WITH_KNOTS('',1,(#222,#223),.UNSPECIFIED.,.F.,.F.,
  (2,2),(0.,78.7402),.PIECEWISE_BEZIER_KNOTS.);
#222 = CARTESIAN_POINT('',(9.151160294389,-12.6867078832,33.000066040132
    ));
#223 = CARTESIAN_POINT('',(9.151160294389,-12.6867078832,35.000071120142
    ));
#224 = PCURVE('',#92,#225);
#225 = DEFINITIONAL_REPRESENTATION('',(#226),#229);
#226 = B_SPLINE_CURVE_WITH_KNOTS('',1,(#227,#228),.UNSPECIFIED.,.F.,.F.,
  (2,2),(0.,78.7402),.PIECEWISE_BEZIER_KNOTS.);
#227 = CARTESIAN_POINT('',(2.688277844265,0.));
#228 = CARTESIAN_POINT('',(2.688277844265,-78.7402));
#229 = ( GEOMETRIC_REPRESENTATION_CONTEXT(2) 
PARAMETRIC_REPRESENTATION_CONTEXT() REPRESENTATION_CONTEXT('2D SPACE',''
  ) );
#230 = PCURVE('',#231,#236);
#231 = B_SPLINE_SURFACE_WITH_KNOTS('',1,1,(
    (#232,#233)
    ,(#234,#235
    )),.UNSPECIFIED.,.F.,.F.,.F.,(2,2),(2,2),(0.,2.688277844265),(
    -78.7402,0.),.PIECEWISE_BEZIER_KNOTS.);
#232 = CARTESIAN_POINT('',(9.151160294389,-12.6867078832,35.000071120142
    ));
#233 = CARTESIAN_POINT('',(9.151160294389,-12.6867078832,33.000066040132
    ));
#234 = CARTESIAN_POINT('',(9.15814313528,-12.61878347494,35.000071120142
    ));
#235 = CARTESIAN_POINT('',(9.15814313528,-12.61878347494,33.000066040132
    ));
#236 = DEFINITIONAL_REPRESENTATION('',(#237),#240);
#237 = B_SPLINE_CURVE_WITH_KNOTS('',1,(#238,#239),.UNSPECIFIED.,.F.,.F.,
  (2,2),(0.,78.7402),.PIECEWISE_BEZIER_KNOTS.);
#238 = CARTESIAN_POINT('',(0.,0.));
#239 = CARTESIAN_POINT('',(0.,-78.7402));
#240 = ( GEOMETRIC_REPRESENTATION_CONTEXT(2) 
PARAMETRIC_REPRESENTATION_CONTEXT() REPRESENTATION_CONTEXT('2D SPACE',''
  ) );
#241 = ORIENTED_EDGE('',*,*,#242,.F.);
#242 = EDGE_CURVE('',#79,#218,#243,.T.);
#243 = SURFACE_CURVE('',#244,(#247,#253),.PCURVE_S1.);
#244 = B_SPLINE_CURVE_WITH_KNOTS('',1,(#245,#246),.UNSPECIFIED.,.F.,.F.,
  (2,2),(0.,2.688277844265),.PIECEWISE_BEZIER_KNOTS.);
#245 = CARTESIAN_POINT('',(9.148829057658,-12.7549504699,33.000066040132
    ));
#246 = CARTESIAN_POINT('',(9.151160294389,-12.6867078832,33.000066040132
    ));
#247 = PCURVE('',#92,#248);
#248 = DEFINITIONAL_REPRESENTATION('',(#249),#252);
#249 = B_SPLINE_CURVE_WITH_KNOTS('',1,(#250,#251),.UNSPECIFIED.,.F.,.F.,
  (2,2),(0.,2.688277844265),.PIECEWISE_BEZIER_KNOTS.);
#250 = CARTESIAN_POINT('',(0.,0.));
#251 = CARTESIAN_POINT('',(2.688277844265,0.));
#252 = ( GEOMETRIC_REPRESENTATION_CONTEXT(2) 
PARAMETRIC_REPRESENTATION_CONTEXT() REPRESENTATION_CONTEXT('2D SPACE',''
  ) );
#253 = PCURVE('',#115,#254);
#254 = DEFINITIONAL_REPRESENTATION('',(#255),#258);
#255 = B_SPLINE_CURVE_WITH_KNOTS('',1,(#256,#257),.UNSPECIFIED.,.F.,.F.,
  (2,2),(0.,2.688277844265),.PIECEWISE_BEZIER_KNOTS.);
#256 = CARTESIAN_POINT('',(127.95275,88.58265));
#257 = CARTESIAN_POINT('',(127.8609692099,91.269360638409));
#258 = ( GEOMETRIC_REPRESENTATION_CONTEXT(2) 
PARAMETRIC_REPRESENTATION_CONTEXT() REPRESENTATION_CONTEXT('2D SPACE',''
  ) );
#259 = ADVANCED_FACE('',(#260,#2578),#115,.T.);
#260 = FACE_BOUND('',#261,.T.);
#261 = EDGE_LOOP('',(#262,#263,#264,#284,#309,#334,#359,#384,#409,#434,
    #459,#484,#509,#534,#559,#584,#609,#634,#659,#684,#709,#734,#759,
    #784,#809,#834,#859,#884,#909,#934,#959,#984,#1009,#1034,#1059,#1084
    ,#1109,#1134,#1159,#1184,#1209,#1234,#1259,#1284,#1309,#1334,#1359,
    #1384,#1409,#1434,#1459,#1484,#1509,#1534,#1559,#1584,#1609,#1634,
    #1659,#1684,#1709,#1734,#1759,#1784,#1809,#1834,#1859,#1884,#1909,
    #1934,#1959,#1984,#2009,#2034,#2059,#2084,#2109,#2134,#2159,#2184,
    #2209,#2234,#2259,#2284,#2309,#2334,#2359,#2384,#2409,#2434,#2459,
    #2484,#2509,#2534,#2559,#2577));
#262 = ORIENTED_EDGE('',*,*,#103,.T.);
#263 = ORIENTED_EDGE('',*,*,#242,.T.);
#264 = ORIENTED_EDGE('',*,*,#265,.T.);
#265 = EDGE_CURVE('',#218,#266,#268,.T.);
#266 = VERTEX_POINT('',#267);
#267 = CARTESIAN_POINT('',(9.15814313528,-12.61878347494,33.000066040132
    ));
#268 = SURFACE_CURVE('',#269,(#272,#278),.PCURVE_S1.);
#269 = B_SPLINE_CURVE_WITH_KNOTS('',1,(#270,#271),.UNSPECIFIED.,.F.,.F.,
  (2,2),(0.,2.688277844265),.PIECEWISE_BEZIER_KNOTS.);
#270 = CARTESIAN_POINT('',(9.151160294389,-12.6867078832,33.000066040132
    ));
#271 = CARTESIAN_POINT('',(9.15814313528,-12.61878347494,33.000066040132
    ));
#272 = PCURVE('',#115,#273);
#273 = DEFINITIONAL_REPRESENTATION('',(#274),#277);
#274 = B_SPLINE_CURVE_WITH_KNOTS('',1,(#275,#276),.UNSPECIFIED.,.F.,.F.,
  (2,2),(0.,2.688277844265),.PIECEWISE_BEZIER_KNOTS.);
#275 = CARTESIAN_POINT('',(127.8609692099,91.269360638409));
#276 = CARTESIAN_POINT('',(127.58605476404,93.943544591584));
#277 = ( GEOMETRIC_REPRESENTATION_CONTEXT(2) 
PARAMETRIC_REPRESENTATION_CONTEXT() REPRESENTATION_CONTEXT('2D SPACE',''
  ) );
#278 = PCURVE('',#231,#279);
#279 = DEFINITIONAL_REPRESENTATION('',(#280),#283);
#280 = B_SPLINE_CURVE_WITH_KNOTS('',1,(#281,#282),.UNSPECIFIED.,.F.,.F.,
  (2,2),(0.,2.688277844265),.PIECEWISE_BEZIER_KNOTS.);
#281 = CARTESIAN_POINT('',(0.,0.));
#282 = CARTESIAN_POINT('',(2.688277844265,0.));
#283 = ( GEOMETRIC_REPRESENTATION_CONTEXT(2) 
PARAMETRIC_REPRESENTATION_CONTEXT() REPRESENTATION_CONTEXT('2D SPACE',''
  ) );
#284 = ORIENTED_EDGE('',*,*,#285,.T.);
#285 = EDGE_CURVE('',#266,#286,#288,.T.);
#286 = VERTEX_POINT('',#287);
#287 = CARTESIAN_POINT('',(9.169745023102,-12.55149394006,
    33.000066040132));
#288 = SURFACE_CURVE('',#289,(#292,#298),.PCURVE_S1.);
#289 = B_SPLINE_CURVE_WITH_KNOTS('',1,(#290,#291),.UNSPECIFIED.,.F.,.F.,
  (2,2),(0.,2.688277844265),.PIECEWISE_BEZIER_KNOTS.);
#290 = CARTESIAN_POINT('',(9.15814313528,-12.61878347494,33.000066040132
    ));
#291 = CARTESIAN_POINT('',(9.169745023102,-12.55149394006,
    33.000066040132));
#292 = PCURVE('',#115,#293);
#293 = DEFINITIONAL_REPRESENTATION('',(#294),#297);
#294 = B_SPLINE_CURVE_WITH_KNOTS('',1,(#295,#296),.UNSPECIFIED.,.F.,.F.,
  (2,2),(0.,2.688277844265),.PIECEWISE_BEZIER_KNOTS.);
#295 = CARTESIAN_POINT('',(127.58605476404,93.943544591584));
#296 = CARTESIAN_POINT('',(127.12928844046,96.592733579484));
#297 = ( GEOMETRIC_REPRESENTATION_CONTEXT(2) 
PARAMETRIC_REPRESENTATION_CONTEXT() REPRESENTATION_CONTEXT('2D SPACE',''
  ) );
#298 = PCURVE('',#299,#304);
#299 = B_SPLINE_SURFACE_WITH_KNOTS('',1,1,(
    (#300,#301)
    ,(#302,#303
    )),.UNSPECIFIED.,.F.,.F.,.F.,(2,2),(2,2),(0.,2.688277844265),(
    -78.7402,0.),.PIECEWISE_BEZIER_KNOTS.);
#300 = CARTESIAN_POINT('',(9.15814313528,-12.61878347494,35.000071120142
    ));
#301 = CARTESIAN_POINT('',(9.15814313528,-12.61878347494,33.000066040132
    ));
#302 = CARTESIAN_POINT('',(9.169745023102,-12.55149394006,
    35.000071120142));
#303 = CARTESIAN_POINT('',(9.169745023102,-12.55149394006,
    33.000066040132));
#304 = DEFINITIONAL_REPRESENTATION('',(#305),#308);
#305 = B_SPLINE_CURVE_WITH_KNOTS('',1,(#306,#307),.UNSPECIFIED.,.F.,.F.,
  (2,2),(0.,2.688277844265),.PIECEWISE_BEZIER_KNOTS.);
#306 = CARTESIAN_POINT('',(0.,0.));
#307 = CARTESIAN_POINT('',(2.688277844265,0.));
#308 = ( GEOMETRIC_REPRESENTATION_CONTEXT(2) 
PARAMETRIC_REPRESENTATION_CONTEXT() REPRESENTATION_CONTEXT('2D SPACE',''
  ) );
#309 = ORIENTED_EDGE('',*,*,#310,.T.);
#310 = EDGE_CURVE('',#286,#311,#313,.T.);
#311 = VERTEX_POINT('',#312);
#312 = CARTESIAN_POINT('',(9.185911864501,-12.48515301345,
    33.000066040132));
#313 = SURFACE_CURVE('',#314,(#317,#323),.PCURVE_S1.);
#314 = B_SPLINE_CURVE_WITH_KNOTS('',1,(#315,#316),.UNSPECIFIED.,.F.,.F.,
  (2,2),(0.,2.688277844265),.PIECEWISE_BEZIER_KNOTS.);
#315 = CARTESIAN_POINT('',(9.169745023102,-12.55149394006,
    33.000066040132));
#316 = CARTESIAN_POINT('',(9.185911864501,-12.48515301345,
    33.000066040132));
#317 = PCURVE('',#115,#318);
#318 = DEFINITIONAL_REPRESENTATION('',(#319),#322);
#319 = B_SPLINE_CURVE_WITH_KNOTS('',1,(#320,#321),.UNSPECIFIED.,.F.,.F.,
  (2,2),(0.,2.688277844265),.PIECEWISE_BEZIER_KNOTS.);
#320 = CARTESIAN_POINT('',(127.12928844046,96.592733579484));
#321 = CARTESIAN_POINT('',(126.49279989461,99.204575860129));
#322 = ( GEOMETRIC_REPRESENTATION_CONTEXT(2) 
PARAMETRIC_REPRESENTATION_CONTEXT() REPRESENTATION_CONTEXT('2D SPACE',''
  ) );
#323 = PCURVE('',#324,#329);
#324 = B_SPLINE_SURFACE_WITH_KNOTS('',1,1,(
    (#325,#326)
    ,(#327,#328
    )),.UNSPECIFIED.,.F.,.F.,.F.,(2,2),(2,2),(0.,2.688277844265),(
    -78.7402,0.),.PIECEWISE_BEZIER_KNOTS.);
#325 = CARTESIAN_POINT('',(9.169745023102,-12.55149394006,
    35.000071120142));
#326 = CARTESIAN_POINT('',(9.169745023102,-12.55149394006,
    33.000066040132));
#327 = CARTESIAN_POINT('',(9.185911864501,-12.48515301345,
    35.000071120142));
#328 = CARTESIAN_POINT('',(9.185911864501,-12.48515301345,
    33.000066040132));
#329 = DEFINITIONAL_REPRESENTATION('',(#330),#333);
#330 = B_SPLINE_CURVE_WITH_KNOTS('',1,(#331,#332),.UNSPECIFIED.,.F.,.F.,
  (2,2),(0.,2.688277844265),.PIECEWISE_BEZIER_KNOTS.);
#331 = CARTESIAN_POINT('',(0.,0.));
#332 = CARTESIAN_POINT('',(2.688277844265,0.));
#333 = ( GEOMETRIC_REPRESENTATION_CONTEXT(2) 
PARAMETRIC_REPRESENTATION_CONTEXT() REPRESENTATION_CONTEXT('2D SPACE',''
  ) );
#334 = ORIENTED_EDGE('',*,*,#335,.T.);
#335 = EDGE_CURVE('',#311,#336,#338,.T.);
#336 = VERTEX_POINT('',#337);
#337 = CARTESIAN_POINT('',(9.206568282197,-12.42007000713,
    33.000066040132));
#338 = SURFACE_CURVE('',#339,(#342,#348),.PCURVE_S1.);
#339 = B_SPLINE_CURVE_WITH_KNOTS('',1,(#340,#341),.UNSPECIFIED.,.F.,.F.,
  (2,2),(0.,2.688277844265),.PIECEWISE_BEZIER_KNOTS.);
#340 = CARTESIAN_POINT('',(9.185911864501,-12.48515301345,
    33.000066040132));
#341 = CARTESIAN_POINT('',(9.206568282197,-12.42007000713,
    33.000066040132));
#342 = PCURVE('',#115,#343);
#343 = DEFINITIONAL_REPRESENTATION('',(#344),#347);
#344 = B_SPLINE_CURVE_WITH_KNOTS('',1,(#345,#346),.UNSPECIFIED.,.F.,.F.,
  (2,2),(0.,2.688277844265),.PIECEWISE_BEZIER_KNOTS.);
#345 = CARTESIAN_POINT('',(126.49279989461,99.204575860129));
#346 = CARTESIAN_POINT('',(125.67955672991,101.76689381913));
#347 = ( GEOMETRIC_REPRESENTATION_CONTEXT(2) 
PARAMETRIC_REPRESENTATION_CONTEXT() REPRESENTATION_CONTEXT('2D SPACE',''
  ) );
#348 = PCURVE('',#349,#354);
#349 = B_SPLINE_SURFACE_WITH_KNOTS('',1,1,(
    (#350,#351)
    ,(#352,#353
    )),.UNSPECIFIED.,.F.,.F.,.F.,(2,2),(2,2),(0.,2.688277844265),(
    -78.7402,0.),.PIECEWISE_BEZIER_KNOTS.);
#350 = CARTESIAN_POINT('',(9.185911864501,-12.48515301345,
    35.000071120142));
#351 = CARTESIAN_POINT('',(9.185911864501,-12.48515301345,
    33.000066040132));
#352 = CARTESIAN_POINT('',(9.206568282197,-12.42007000713,
    35.000071120142));
#353 = CARTESIAN_POINT('',(9.206568282197,-12.42007000713,
    33.000066040132));
#354 = DEFINITIONAL_REPRESENTATION('',(#355),#358);
#355 = B_SPLINE_CURVE_WITH_KNOTS('',1,(#356,#357),.UNSPECIFIED.,.F.,.F.,
  (2,2),(0.,2.688277844265),.PIECEWISE_BEZIER_KNOTS.);
#356 = CARTESIAN_POINT('',(0.,0.));
#357 = CARTESIAN_POINT('',(2.688277844265,0.));
#358 = ( GEOMETRIC_REPRESENTATION_CONTEXT(2) 
PARAMETRIC_REPRESENTATION_CONTEXT() REPRESENTATION_CONTEXT('2D SPACE',''
  ) );
#359 = ORIENTED_EDGE('',*,*,#360,.T.);
#360 = EDGE_CURVE('',#336,#361,#363,.T.);
#361 = VERTEX_POINT('',#362);
#362 = CARTESIAN_POINT('',(9.231617966436,-12.35654836811,
    33.000066040132));
#363 = SURFACE_CURVE('',#364,(#367,#373),.PCURVE_S1.);
#364 = B_SPLINE_CURVE_WITH_KNOTS('',1,(#365,#366),.UNSPECIFIED.,.F.,.F.,
  (2,2),(0.,2.688277844265),.PIECEWISE_BEZIER_KNOTS.);
#365 = CARTESIAN_POINT('',(9.206568282197,-12.42007000713,
    33.000066040132));
#366 = CARTESIAN_POINT('',(9.231617966436,-12.35654836811,
    33.000066040132));
#367 = PCURVE('',#115,#368);
#368 = DEFINITIONAL_REPRESENTATION('',(#369),#372);
#369 = B_SPLINE_CURVE_WITH_KNOTS('',1,(#370,#371),.UNSPECIFIED.,.F.,.F.,
  (2,2),(0.,2.688277844265),.PIECEWISE_BEZIER_KNOTS.);
#370 = CARTESIAN_POINT('',(125.67955672991,101.76689381913));
#371 = CARTESIAN_POINT('',(124.6933506614,104.26774074735));
#372 = ( GEOMETRIC_REPRESENTATION_CONTEXT(2) 
PARAMETRIC_REPRESENTATION_CONTEXT() REPRESENTATION_CONTEXT('2D SPACE',''
  ) );
#373 = PCURVE('',#374,#379);
#374 = B_SPLINE_SURFACE_WITH_KNOTS('',1,1,(
    (#375,#376)
    ,(#377,#378
    )),.UNSPECIFIED.,.F.,.F.,.F.,(2,2),(2,2),(0.,2.688277844265),(
    -78.7402,0.),.PIECEWISE_BEZIER_KNOTS.);
#375 = CARTESIAN_POINT('',(9.206568282197,-12.42007000713,
    35.000071120142));
#376 = CARTESIAN_POINT('',(9.206568282197,-12.42007000713,
    33.000066040132));
#377 = CARTESIAN_POINT('',(9.231617966436,-12.35654836811,
    35.000071120142));
#378 = CARTESIAN_POINT('',(9.231617966436,-12.35654836811,
    33.000066040132));
#379 = DEFINITIONAL_REPRESENTATION('',(#380),#383);
#380 = B_SPLINE_CURVE_WITH_KNOTS('',1,(#381,#382),.UNSPECIFIED.,.F.,.F.,
  (2,2),(0.,2.688277844265),.PIECEWISE_BEZIER_KNOTS.);
#381 = CARTESIAN_POINT('',(0.,0.));
#382 = CARTESIAN_POINT('',(2.688277844265,0.));
#383 = ( GEOMETRIC_REPRESENTATION_CONTEXT(2) 
PARAMETRIC_REPRESENTATION_CONTEXT() REPRESENTATION_CONTEXT('2D SPACE',''
  ) );
#384 = ORIENTED_EDGE('',*,*,#385,.T.);
#385 = EDGE_CURVE('',#361,#386,#388,.T.);
#386 = VERTEX_POINT('',#387);
#387 = CARTESIAN_POINT('',(9.260944124028,-12.2948842636,33.000066040132
    ));
#388 = SURFACE_CURVE('',#389,(#392,#398),.PCURVE_S1.);
#389 = B_SPLINE_CURVE_WITH_KNOTS('',1,(#390,#391),.UNSPECIFIED.,.F.,.F.,
  (2,2),(0.,2.688277844265),.PIECEWISE_BEZIER_KNOTS.);
#390 = CARTESIAN_POINT('',(9.231617966436,-12.35654836811,
    33.000066040132));
#391 = CARTESIAN_POINT('',(9.260944124028,-12.2948842636,33.000066040132
    ));
#392 = PCURVE('',#115,#393);
#393 = DEFINITIONAL_REPRESENTATION('',(#394),#397);
#394 = B_SPLINE_CURVE_WITH_KNOTS('',1,(#395,#396),.UNSPECIFIED.,.F.,.F.,
  (2,2),(0.,2.688277844265),.PIECEWISE_BEZIER_KNOTS.);
#395 = CARTESIAN_POINT('',(124.6933506614,104.26774074735));
#396 = CARTESIAN_POINT('',(123.53877983702,106.69545654197));
#397 = ( GEOMETRIC_REPRESENTATION_CONTEXT(2) 
PARAMETRIC_REPRESENTATION_CONTEXT() REPRESENTATION_CONTEXT('2D SPACE',''
  ) );
#398 = PCURVE('',#399,#404);
#399 = B_SPLINE_SURFACE_WITH_KNOTS('',1,1,(
    (#400,#401)
    ,(#402,#403
    )),.UNSPECIFIED.,.F.,.F.,.F.,(2,2),(2,2),(0.,2.688277844265),(
    -78.7402,0.),.PIECEWISE_BEZIER_KNOTS.);
#400 = CARTESIAN_POINT('',(9.231617966436,-12.35654836811,
    35.000071120142));
#401 = CARTESIAN_POINT('',(9.231617966436,-12.35654836811,
    33.000066040132));
#402 = CARTESIAN_POINT('',(9.260944124028,-12.2948842636,35.000071120142
    ));
#403 = CARTESIAN_POINT('',(9.260944124028,-12.2948842636,33.000066040132
    ));
#404 = DEFINITIONAL_REPRESENTATION('',(#405),#408);
#405 = B_SPLINE_CURVE_WITH_KNOTS('',1,(#406,#407),.UNSPECIFIED.,.F.,.F.,
  (2,2),(0.,2.688277844265),.PIECEWISE_BEZIER_KNOTS.);
#406 = CARTESIAN_POINT('',(0.,0.));
#407 = CARTESIAN_POINT('',(2.688277844265,0.));
#408 = ( GEOMETRIC_REPRESENTATION_CONTEXT(2) 
PARAMETRIC_REPRESENTATION_CONTEXT() REPRESENTATION_CONTEXT('2D SPACE',''
  ) );
#409 = ORIENTED_EDGE('',*,*,#410,.T.);
#410 = EDGE_CURVE('',#386,#411,#413,.T.);
#411 = VERTEX_POINT('',#412);
#412 = CARTESIAN_POINT('',(9.294410022887,-12.23536520012,
    33.000066040132));
#413 = SURFACE_CURVE('',#414,(#417,#423),.PCURVE_S1.);
#414 = B_SPLINE_CURVE_WITH_KNOTS('',1,(#415,#416),.UNSPECIFIED.,.F.,.F.,
  (2,2),(0.,2.688277844265),.PIECEWISE_BEZIER_KNOTS.);
#415 = CARTESIAN_POINT('',(9.260944124028,-12.2948842636,33.000066040132
    ));
#416 = CARTESIAN_POINT('',(9.294410022887,-12.23536520012,
    33.000066040132));
#417 = PCURVE('',#115,#418);
#418 = DEFINITIONAL_REPRESENTATION('',(#419),#422);
#419 = B_SPLINE_CURVE_WITH_KNOTS('',1,(#420,#421),.UNSPECIFIED.,.F.,.F.,
  (2,2),(0.,2.688277844265),.PIECEWISE_BEZIER_KNOTS.);
#420 = CARTESIAN_POINT('',(123.53877983702,106.69545654197));
#421 = CARTESIAN_POINT('',(122.22122739893,109.03872207129));
#422 = ( GEOMETRIC_REPRESENTATION_CONTEXT(2) 
PARAMETRIC_REPRESENTATION_CONTEXT() REPRESENTATION_CONTEXT('2D SPACE',''
  ) );
#423 = PCURVE('',#424,#429);
#424 = B_SPLINE_SURFACE_WITH_KNOTS('',1,1,(
    (#425,#426)
    ,(#427,#428
    )),.UNSPECIFIED.,.F.,.F.,.F.,(2,2),(2,2),(0.,2.688277844265),(
    -78.7402,0.),.PIECEWISE_BEZIER_KNOTS.);
#425 = CARTESIAN_POINT('',(9.260944124028,-12.2948842636,35.000071120142
    ));
#426 = CARTESIAN_POINT('',(9.260944124028,-12.2948842636,33.000066040132
    ));
#427 = CARTESIAN_POINT('',(9.294410022887,-12.23536520012,
    35.000071120142));
#428 = CARTESIAN_POINT('',(9.294410022887,-12.23536520012,
    33.000066040132));
#429 = DEFINITIONAL_REPRESENTATION('',(#430),#433);
#430 = B_SPLINE_CURVE_WITH_KNOTS('',1,(#431,#432),.UNSPECIFIED.,.F.,.F.,
  (2,2),(0.,2.688277844265),.PIECEWISE_BEZIER_KNOTS.);
#431 = CARTESIAN_POINT('',(0.,0.));
#432 = CARTESIAN_POINT('',(2.688277844265,0.));
#433 = ( GEOMETRIC_REPRESENTATION_CONTEXT(2) 
PARAMETRIC_REPRESENTATION_CONTEXT() REPRESENTATION_CONTEXT('2D SPACE',''
  ) );
#434 = ORIENTED_EDGE('',*,*,#435,.T.);
#435 = EDGE_CURVE('',#411,#436,#438,.T.);
#436 = VERTEX_POINT('',#437);
#437 = CARTESIAN_POINT('',(9.331859629545,-12.17826868301,
    33.000066040132));
#438 = SURFACE_CURVE('',#439,(#442,#448),.PCURVE_S1.);
#439 = B_SPLINE_CURVE_WITH_KNOTS('',1,(#440,#441),.UNSPECIFIED.,.F.,.F.,
  (2,2),(0.,2.688277844265),.PIECEWISE_BEZIER_KNOTS.);
#440 = CARTESIAN_POINT('',(9.294410022887,-12.23536520012,
    33.000066040132));
#441 = CARTESIAN_POINT('',(9.331859629545,-12.17826868301,
    33.000066040132));
#442 = PCURVE('',#115,#443);
#443 = DEFINITIONAL_REPRESENTATION('',(#444),#447);
#444 = B_SPLINE_CURVE_WITH_KNOTS('',1,(#445,#446),.UNSPECIFIED.,.F.,.F.,
  (2,2),(0.,2.688277844265),.PIECEWISE_BEZIER_KNOTS.);
#445 = CARTESIAN_POINT('',(122.22122739893,109.03872207129));
#446 = CARTESIAN_POINT('',(120.74683638481,111.28661194969));
#447 = ( GEOMETRIC_REPRESENTATION_CONTEXT(2) 
PARAMETRIC_REPRESENTATION_CONTEXT() REPRESENTATION_CONTEXT('2D SPACE',''
  ) );
#448 = PCURVE('',#449,#454);
#449 = B_SPLINE_SURFACE_WITH_KNOTS('',1,1,(
    (#450,#451)
    ,(#452,#453
    )),.UNSPECIFIED.,.F.,.F.,.F.,(2,2),(2,2),(0.,2.688277844265),(
    -78.7402,0.),.PIECEWISE_BEZIER_KNOTS.);
#450 = CARTESIAN_POINT('',(9.294410022887,-12.23536520012,
    35.000071120142));
#451 = CARTESIAN_POINT('',(9.294410022887,-12.23536520012,
    33.000066040132));
#452 = CARTESIAN_POINT('',(9.331859629545,-12.17826868301,
    35.000071120142));
#453 = CARTESIAN_POINT('',(9.331859629545,-12.17826868301,
    33.000066040132));
#454 = DEFINITIONAL_REPRESENTATION('',(#455),#458);
#455 = B_SPLINE_CURVE_WITH_KNOTS('',1,(#456,#457),.UNSPECIFIED.,.F.,.F.,
  (2,2),(0.,2.688277844265),.PIECEWISE_BEZIER_KNOTS.);
#456 = CARTESIAN_POINT('',(0.,0.));
#457 = CARTESIAN_POINT('',(2.688277844265,0.));
#458 = ( GEOMETRIC_REPRESENTATION_CONTEXT(2) 
PARAMETRIC_REPRESENTATION_CONTEXT() REPRESENTATION_CONTEXT('2D SPACE',''
  ) );
#459 = ORIENTED_EDGE('',*,*,#460,.T.);
#460 = EDGE_CURVE('',#436,#461,#463,.T.);
#461 = VERTEX_POINT('',#462);
#462 = CARTESIAN_POINT('',(9.373118336648,-12.1238609226,33.000066040132
    ));
#463 = SURFACE_CURVE('',#464,(#467,#473),.PCURVE_S1.);
#464 = B_SPLINE_CURVE_WITH_KNOTS('',1,(#465,#466),.UNSPECIFIED.,.F.,.F.,
  (2,2),(0.,2.688277844265),.PIECEWISE_BEZIER_KNOTS.);
#465 = CARTESIAN_POINT('',(9.331859629545,-12.17826868301,
    33.000066040132));
#466 = CARTESIAN_POINT('',(9.373118336648,-12.1238609226,33.000066040132
    ));
#467 = PCURVE('',#115,#468);
#468 = DEFINITIONAL_REPRESENTATION('',(#469),#472);
#469 = B_SPLINE_CURVE_WITH_KNOTS('',1,(#470,#471),.UNSPECIFIED.,.F.,.F.,
  (2,2),(0.,2.688277844265),.PIECEWISE_BEZIER_KNOTS.);
#470 = CARTESIAN_POINT('',(120.74683638481,111.28661194969));
#471 = CARTESIAN_POINT('',(119.12248108616,113.42864547691));
#472 = ( GEOMETRIC_REPRESENTATION_CONTEXT(2) 
PARAMETRIC_REPRESENTATION_CONTEXT() REPRESENTATION_CONTEXT('2D SPACE',''
  ) );
#473 = PCURVE('',#474,#479);
#474 = B_SPLINE_SURFACE_WITH_KNOTS('',1,1,(
    (#475,#476)
    ,(#477,#478
    )),.UNSPECIFIED.,.F.,.F.,.F.,(2,2),(2,2),(0.,2.688277844265),(
    -78.7402,0.),.PIECEWISE_BEZIER_KNOTS.);
#475 = CARTESIAN_POINT('',(9.331859629545,-12.17826868301,
    35.000071120142));
#476 = CARTESIAN_POINT('',(9.331859629545,-12.17826868301,
    33.000066040132));
#477 = CARTESIAN_POINT('',(9.373118336648,-12.1238609226,35.000071120142
    ));
#478 = CARTESIAN_POINT('',(9.373118336648,-12.1238609226,33.000066040132
    ));
#479 = DEFINITIONAL_REPRESENTATION('',(#480),#483);
#480 = B_SPLINE_CURVE_WITH_KNOTS('',1,(#481,#482),.UNSPECIFIED.,.F.,.F.,
  (2,2),(0.,2.688277844265),.PIECEWISE_BEZIER_KNOTS.);
#481 = CARTESIAN_POINT('',(0.,0.));
#482 = CARTESIAN_POINT('',(2.688277844265,0.));
#483 = ( GEOMETRIC_REPRESENTATION_CONTEXT(2) 
PARAMETRIC_REPRESENTATION_CONTEXT() REPRESENTATION_CONTEXT('2D SPACE',''
  ) );
#484 = ORIENTED_EDGE('',*,*,#485,.T.);
#485 = EDGE_CURVE('',#461,#486,#488,.T.);
#486 = VERTEX_POINT('',#487);
#487 = CARTESIAN_POINT('',(9.417993777058,-12.07239559299,
    33.000066040132));
#488 = SURFACE_CURVE('',#489,(#492,#498),.PCURVE_S1.);
#489 = B_SPLINE_CURVE_WITH_KNOTS('',1,(#490,#491),.UNSPECIFIED.,.F.,.F.,
  (2,2),(0.,2.688277844265),.PIECEWISE_BEZIER_KNOTS.);
#490 = CARTESIAN_POINT('',(9.373118336648,-12.1238609226,33.000066040132
    ));
#491 = CARTESIAN_POINT('',(9.417993777058,-12.07239559299,
    33.000066040132));
#492 = PCURVE('',#115,#493);
#493 = DEFINITIONAL_REPRESENTATION('',(#494),#497);
#494 = B_SPLINE_CURVE_WITH_KNOTS('',1,(#495,#496),.UNSPECIFIED.,.F.,.F.,
  (2,2),(0.,2.688277844265),.PIECEWISE_BEZIER_KNOTS.);
#495 = CARTESIAN_POINT('',(119.12248108616,113.42864547691));
#496 = CARTESIAN_POINT('',(117.35573499722,115.45483550383));
#497 = ( GEOMETRIC_REPRESENTATION_CONTEXT(2) 
PARAMETRIC_REPRESENTATION_CONTEXT() REPRESENTATION_CONTEXT('2D SPACE',''
  ) );
#498 = PCURVE('',#499,#504);
#499 = B_SPLINE_SURFACE_WITH_KNOTS('',1,1,(
    (#500,#501)
    ,(#502,#503
    )),.UNSPECIFIED.,.F.,.F.,.F.,(2,2),(2,2),(0.,2.688277844265),(
    -78.7402,0.),.PIECEWISE_BEZIER_KNOTS.);
#500 = CARTESIAN_POINT('',(9.373118336648,-12.1238609226,35.000071120142
    ));
#501 = CARTESIAN_POINT('',(9.373118336648,-12.1238609226,33.000066040132
    ));
#502 = CARTESIAN_POINT('',(9.417993777058,-12.07239559299,
    35.000071120142));
#503 = CARTESIAN_POINT('',(9.417993777058,-12.07239559299,
    33.000066040132));
#504 = DEFINITIONAL_REPRESENTATION('',(#505),#508);
#505 = B_SPLINE_CURVE_WITH_KNOTS('',1,(#506,#507),.UNSPECIFIED.,.F.,.F.,
  (2,2),(0.,2.688277844265),.PIECEWISE_BEZIER_KNOTS.);
#506 = CARTESIAN_POINT('',(0.,0.));
#507 = CARTESIAN_POINT('',(2.688277844265,0.));
#508 = ( GEOMETRIC_REPRESENTATION_CONTEXT(2) 
PARAMETRIC_REPRESENTATION_CONTEXT() REPRESENTATION_CONTEXT('2D SPACE',''
  ) );
#509 = ORIENTED_EDGE('',*,*,#510,.T.);
#510 = EDGE_CURVE('',#486,#511,#513,.T.);
#511 = VERTEX_POINT('',#512);
#512 = CARTESIAN_POINT('',(9.466276720756,-12.02411264929,
    33.000066040132));
#513 = SURFACE_CURVE('',#514,(#517,#523),.PCURVE_S1.);
#514 = B_SPLINE_CURVE_WITH_KNOTS('',1,(#515,#516),.UNSPECIFIED.,.F.,.F.,
  (2,2),(0.,2.688277844265),.PIECEWISE_BEZIER_KNOTS.);
#515 = CARTESIAN_POINT('',(9.417993777058,-12.07239559299,
    33.000066040132));
#516 = CARTESIAN_POINT('',(9.466276720756,-12.02411264929,
    33.000066040132));
#517 = PCURVE('',#115,#518);
#518 = DEFINITIONAL_REPRESENTATION('',(#519),#522);
#519 = B_SPLINE_CURVE_WITH_KNOTS('',1,(#520,#521),.UNSPECIFIED.,.F.,.F.,
  (2,2),(0.,2.688277844265),.PIECEWISE_BEZIER_KNOTS.);
#520 = CARTESIAN_POINT('',(117.35573499722,115.45483550383));
#521 = CARTESIAN_POINT('',(115.45483550383,117.35573499722));
#522 = ( GEOMETRIC_REPRESENTATION_CONTEXT(2) 
PARAMETRIC_REPRESENTATION_CONTEXT() REPRESENTATION_CONTEXT('2D SPACE',''
  ) );
#523 = PCURVE('',#524,#529);
#524 = B_SPLINE_SURFACE_WITH_KNOTS('',1,1,(
    (#525,#526)
    ,(#527,#528
    )),.UNSPECIFIED.,.F.,.F.,.F.,(2,2),(2,2),(0.,2.688277844265),(
    -78.7402,0.),.PIECEWISE_BEZIER_KNOTS.);
#525 = CARTESIAN_POINT('',(9.417993777058,-12.07239559299,
    35.000071120142));
#526 = CARTESIAN_POINT('',(9.417993777058,-12.07239559299,
    33.000066040132));
#527 = CARTESIAN_POINT('',(9.466276720756,-12.02411264929,
    35.000071120142));
#528 = CARTESIAN_POINT('',(9.466276720756,-12.02411264929,
    33.000066040132));
#529 = DEFINITIONAL_REPRESENTATION('',(#530),#533);
#530 = B_SPLINE_CURVE_WITH_KNOTS('',1,(#531,#532),.UNSPECIFIED.,.F.,.F.,
  (2,2),(0.,2.688277844265),.PIECEWISE_BEZIER_KNOTS.);
#531 = CARTESIAN_POINT('',(0.,0.));
#532 = CARTESIAN_POINT('',(2.688277844265,0.));
#533 = ( GEOMETRIC_REPRESENTATION_CONTEXT(2) 
PARAMETRIC_REPRESENTATION_CONTEXT() REPRESENTATION_CONTEXT('2D SPACE',''
  ) );
#534 = ORIENTED_EDGE('',*,*,#535,.T.);
#535 = EDGE_CURVE('',#511,#536,#538,.T.);
#536 = VERTEX_POINT('',#537);
#537 = CARTESIAN_POINT('',(9.517742050371,-11.97923720888,
    33.000066040132));
#538 = SURFACE_CURVE('',#539,(#542,#548),.PCURVE_S1.);
#539 = B_SPLINE_CURVE_WITH_KNOTS('',1,(#540,#541),.UNSPECIFIED.,.F.,.F.,
  (2,2),(0.,2.688277844265),.PIECEWISE_BEZIER_KNOTS.);
#540 = CARTESIAN_POINT('',(9.466276720756,-12.02411264929,
    33.000066040132));
#541 = CARTESIAN_POINT('',(9.517742050371,-11.97923720888,
    33.000066040132));
#542 = PCURVE('',#115,#543);
#543 = DEFINITIONAL_REPRESENTATION('',(#544),#547);
#544 = B_SPLINE_CURVE_WITH_KNOTS('',1,(#545,#546),.UNSPECIFIED.,.F.,.F.,
  (2,2),(0.,2.688277844265),.PIECEWISE_BEZIER_KNOTS.);
#545 = CARTESIAN_POINT('',(115.45483550383,117.35573499722));
#546 = CARTESIAN_POINT('',(113.42864547691,119.12248108616));
#547 = ( GEOMETRIC_REPRESENTATION_CONTEXT(2) 
PARAMETRIC_REPRESENTATION_CONTEXT() REPRESENTATION_CONTEXT('2D SPACE',''
  ) );
#548 = PCURVE('',#549,#554);
#549 = B_SPLINE_SURFACE_WITH_KNOTS('',1,1,(
    (#550,#551)
    ,(#552,#553
    )),.UNSPECIFIED.,.F.,.F.,.F.,(2,2),(2,2),(0.,2.688277844265),(
    -78.7402,0.),.PIECEWISE_BEZIER_KNOTS.);
#550 = CARTESIAN_POINT('',(9.466276720756,-12.02411264929,
    35.000071120142));
#551 = CARTESIAN_POINT('',(9.466276720756,-12.02411264929,
    33.000066040132));
#552 = CARTESIAN_POINT('',(9.517742050371,-11.97923720888,
    35.000071120142));
#553 = CARTESIAN_POINT('',(9.517742050371,-11.97923720888,
    33.000066040132));
#554 = DEFINITIONAL_REPRESENTATION('',(#555),#558);
#555 = B_SPLINE_CURVE_WITH_KNOTS('',1,(#556,#557),.UNSPECIFIED.,.F.,.F.,
  (2,2),(0.,2.688277844265),.PIECEWISE_BEZIER_KNOTS.);
#556 = CARTESIAN_POINT('',(0.,0.));
#557 = CARTESIAN_POINT('',(2.688277844265,0.));
#558 = ( GEOMETRIC_REPRESENTATION_CONTEXT(2) 
PARAMETRIC_REPRESENTATION_CONTEXT() REPRESENTATION_CONTEXT('2D SPACE',''
  ) );
#559 = ORIENTED_EDGE('',*,*,#560,.T.);
#560 = EDGE_CURVE('',#536,#561,#563,.T.);
#561 = VERTEX_POINT('',#562);
#562 = CARTESIAN_POINT('',(9.572149810777,-11.93797850178,
    33.000066040132));
#563 = SURFACE_CURVE('',#564,(#567,#573),.PCURVE_S1.);
#564 = B_SPLINE_CURVE_WITH_KNOTS('',1,(#565,#566),.UNSPECIFIED.,.F.,.F.,
  (2,2),(0.,2.688277844265),.PIECEWISE_BEZIER_KNOTS.);
#565 = CARTESIAN_POINT('',(9.517742050371,-11.97923720888,
    33.000066040132));
#566 = CARTESIAN_POINT('',(9.572149810777,-11.93797850178,
    33.000066040132));
#567 = PCURVE('',#115,#568);
#568 = DEFINITIONAL_REPRESENTATION('',(#569),#572);
#569 = B_SPLINE_CURVE_WITH_KNOTS('',1,(#570,#571),.UNSPECIFIED.,.F.,.F.,
  (2,2),(0.,2.688277844265),.PIECEWISE_BEZIER_KNOTS.);
#570 = CARTESIAN_POINT('',(113.42864547691,119.12248108616));
#571 = CARTESIAN_POINT('',(111.28661194969,120.74683638481));
#572 = ( GEOMETRIC_REPRESENTATION_CONTEXT(2) 
PARAMETRIC_REPRESENTATION_CONTEXT() REPRESENTATION_CONTEXT('2D SPACE',''
  ) );
#573 = PCURVE('',#574,#579);
#574 = B_SPLINE_SURFACE_WITH_KNOTS('',1,1,(
    (#575,#576)
    ,(#577,#578
    )),.UNSPECIFIED.,.F.,.F.,.F.,(2,2),(2,2),(0.,2.688277844265),(
    -78.7402,0.),.PIECEWISE_BEZIER_KNOTS.);
#575 = CARTESIAN_POINT('',(9.517742050371,-11.97923720888,
    35.000071120142));
#576 = CARTESIAN_POINT('',(9.517742050371,-11.97923720888,
    33.000066040132));
#577 = CARTESIAN_POINT('',(9.572149810777,-11.93797850178,
    35.000071120142));
#578 = CARTESIAN_POINT('',(9.572149810777,-11.93797850178,
    33.000066040132));
#579 = DEFINITIONAL_REPRESENTATION('',(#580),#583);
#580 = B_SPLINE_CURVE_WITH_KNOTS('',1,(#581,#582),.UNSPECIFIED.,.F.,.F.,
  (2,2),(0.,2.688277844265),.PIECEWISE_BEZIER_KNOTS.);
#581 = CARTESIAN_POINT('',(0.,0.));
#582 = CARTESIAN_POINT('',(2.688277844265,0.));
#583 = ( GEOMETRIC_REPRESENTATION_CONTEXT(2) 
PARAMETRIC_REPRESENTATION_CONTEXT() REPRESENTATION_CONTEXT('2D SPACE',''
  ) );
#584 = ORIENTED_EDGE('',*,*,#585,.T.);
#585 = EDGE_CURVE('',#561,#586,#588,.T.);
#586 = VERTEX_POINT('',#587);
#587 = CARTESIAN_POINT('',(9.629246327882,-11.90052889512,
    33.000066040132));
#588 = SURFACE_CURVE('',#589,(#592,#598),.PCURVE_S1.);
#589 = B_SPLINE_CURVE_WITH_KNOTS('',1,(#590,#591),.UNSPECIFIED.,.F.,.F.,
  (2,2),(0.,2.688277844265),.PIECEWISE_BEZIER_KNOTS.);
#590 = CARTESIAN_POINT('',(9.572149810777,-11.93797850178,
    33.000066040132));
#591 = CARTESIAN_POINT('',(9.629246327882,-11.90052889512,
    33.000066040132));
#592 = PCURVE('',#115,#593);
#593 = DEFINITIONAL_REPRESENTATION('',(#594),#597);
#594 = B_SPLINE_CURVE_WITH_KNOTS('',1,(#595,#596),.UNSPECIFIED.,.F.,.F.,
  (2,2),(0.,2.688277844265),.PIECEWISE_BEZIER_KNOTS.);
#595 = CARTESIAN_POINT('',(111.28661194969,120.74683638481));
#596 = CARTESIAN_POINT('',(109.03872207129,122.22122739893));
#597 = ( GEOMETRIC_REPRESENTATION_CONTEXT(2) 
PARAMETRIC_REPRESENTATION_CONTEXT() REPRESENTATION_CONTEXT('2D SPACE',''
  ) );
#598 = PCURVE('',#599,#604);
#599 = B_SPLINE_SURFACE_WITH_KNOTS('',1,1,(
    (#600,#601)
    ,(#602,#603
    )),.UNSPECIFIED.,.F.,.F.,.F.,(2,2),(2,2),(0.,2.688277844265),(
    -78.7402,0.),.PIECEWISE_BEZIER_KNOTS.);
#600 = CARTESIAN_POINT('',(9.572149810777,-11.93797850178,
    35.000071120142));
#601 = CARTESIAN_POINT('',(9.572149810777,-11.93797850178,
    33.000066040132));
#602 = CARTESIAN_POINT('',(9.629246327882,-11.90052889512,
    35.000071120142));
#603 = CARTESIAN_POINT('',(9.629246327882,-11.90052889512,
    33.000066040132));
#604 = DEFINITIONAL_REPRESENTATION('',(#605),#608);
#605 = B_SPLINE_CURVE_WITH_KNOTS('',1,(#606,#607),.UNSPECIFIED.,.F.,.F.,
  (2,2),(0.,2.688277844265),.PIECEWISE_BEZIER_KNOTS.);
#606 = CARTESIAN_POINT('',(0.,0.));
#607 = CARTESIAN_POINT('',(2.688277844265,0.));
#608 = ( GEOMETRIC_REPRESENTATION_CONTEXT(2) 
PARAMETRIC_REPRESENTATION_CONTEXT() REPRESENTATION_CONTEXT('2D SPACE',''
  ) );
#609 = ORIENTED_EDGE('',*,*,#610,.T.);
#610 = EDGE_CURVE('',#586,#611,#613,.T.);
#611 = VERTEX_POINT('',#612);
#612 = CARTESIAN_POINT('',(9.688765391365,-11.86706299626,
    33.000066040132));
#613 = SURFACE_CURVE('',#614,(#617,#623),.PCURVE_S1.);
#614 = B_SPLINE_CURVE_WITH_KNOTS('',1,(#615,#616),.UNSPECIFIED.,.F.,.F.,
  (2,2),(0.,2.688277844265),.PIECEWISE_BEZIER_KNOTS.);
#615 = CARTESIAN_POINT('',(9.629246327882,-11.90052889512,
    33.000066040132));
#616 = CARTESIAN_POINT('',(9.688765391365,-11.86706299626,
    33.000066040132));
#617 = PCURVE('',#115,#618);
#618 = DEFINITIONAL_REPRESENTATION('',(#619),#622);
#619 = B_SPLINE_CURVE_WITH_KNOTS('',1,(#620,#621),.UNSPECIFIED.,.F.,.F.,
  (2,2),(0.,2.688277844265),.PIECEWISE_BEZIER_KNOTS.);
#620 = CARTESIAN_POINT('',(109.03872207129,122.22122739893));
#621 = CARTESIAN_POINT('',(106.69545654197,123.53877983702));
#622 = ( GEOMETRIC_REPRESENTATION_CONTEXT(2) 
PARAMETRIC_REPRESENTATION_CONTEXT() REPRESENTATION_CONTEXT('2D SPACE',''
  ) );
#623 = PCURVE('',#624,#629);
#624 = B_SPLINE_SURFACE_WITH_KNOTS('',1,1,(
    (#625,#626)
    ,(#627,#628
    )),.UNSPECIFIED.,.F.,.F.,.F.,(2,2),(2,2),(0.,2.688277844265),(
    -78.7402,0.),.PIECEWISE_BEZIER_KNOTS.);
#625 = CARTESIAN_POINT('',(9.629246327882,-11.90052889512,
    35.000071120142));
#626 = CARTESIAN_POINT('',(9.629246327882,-11.90052889512,
    33.000066040132));
#627 = CARTESIAN_POINT('',(9.688765391365,-11.86706299626,
    35.000071120142));
#628 = CARTESIAN_POINT('',(9.688765391365,-11.86706299626,
    33.000066040132));
#629 = DEFINITIONAL_REPRESENTATION('',(#630),#633);
#630 = B_SPLINE_CURVE_WITH_KNOTS('',1,(#631,#632),.UNSPECIFIED.,.F.,.F.,
  (2,2),(0.,2.688277844265),.PIECEWISE_BEZIER_KNOTS.);
#631 = CARTESIAN_POINT('',(0.,0.));
#632 = CARTESIAN_POINT('',(2.688277844265,0.));
#633 = ( GEOMETRIC_REPRESENTATION_CONTEXT(2) 
PARAMETRIC_REPRESENTATION_CONTEXT() REPRESENTATION_CONTEXT('2D SPACE',''
  ) );
#634 = ORIENTED_EDGE('',*,*,#635,.T.);
#635 = EDGE_CURVE('',#611,#636,#638,.T.);
#636 = VERTEX_POINT('',#637);
#637 = CARTESIAN_POINT('',(9.750429495876,-11.83773683867,
    33.000066040132));
#638 = SURFACE_CURVE('',#639,(#642,#648),.PCURVE_S1.);
#639 = B_SPLINE_CURVE_WITH_KNOTS('',1,(#640,#641),.UNSPECIFIED.,.F.,.F.,
  (2,2),(0.,2.688277844265),.PIECEWISE_BEZIER_KNOTS.);
#640 = CARTESIAN_POINT('',(9.688765391365,-11.86706299626,
    33.000066040132));
#641 = CARTESIAN_POINT('',(9.750429495876,-11.83773683867,
    33.000066040132));
#642 = PCURVE('',#115,#643);
#643 = DEFINITIONAL_REPRESENTATION('',(#644),#647);
#644 = B_SPLINE_CURVE_WITH_KNOTS('',1,(#645,#646),.UNSPECIFIED.,.F.,.F.,
  (2,2),(0.,2.688277844265),.PIECEWISE_BEZIER_KNOTS.);
#645 = CARTESIAN_POINT('',(106.69545654197,123.53877983702));
#646 = CARTESIAN_POINT('',(104.26774074735,124.6933506614));
#647 = ( GEOMETRIC_REPRESENTATION_CONTEXT(2) 
PARAMETRIC_REPRESENTATION_CONTEXT() REPRESENTATION_CONTEXT('2D SPACE',''
  ) );
#648 = PCURVE('',#649,#654);
#649 = B_SPLINE_SURFACE_WITH_KNOTS('',1,1,(
    (#650,#651)
    ,(#652,#653
    )),.UNSPECIFIED.,.F.,.F.,.F.,(2,2),(2,2),(0.,2.688277844265),(
    -78.7402,0.),.PIECEWISE_BEZIER_KNOTS.);
#650 = CARTESIAN_POINT('',(9.688765391365,-11.86706299626,
    35.000071120142));
#651 = CARTESIAN_POINT('',(9.688765391365,-11.86706299626,
    33.000066040132));
#652 = CARTESIAN_POINT('',(9.750429495876,-11.83773683867,
    35.000071120142));
#653 = CARTESIAN_POINT('',(9.750429495876,-11.83773683867,
    33.000066040132));
#654 = DEFINITIONAL_REPRESENTATION('',(#655),#658);
#655 = B_SPLINE_CURVE_WITH_KNOTS('',1,(#656,#657),.UNSPECIFIED.,.F.,.F.,
  (2,2),(0.,2.688277844265),.PIECEWISE_BEZIER_KNOTS.);
#656 = CARTESIAN_POINT('',(0.,0.));
#657 = CARTESIAN_POINT('',(2.688277844265,0.));
#658 = ( GEOMETRIC_REPRESENTATION_CONTEXT(2) 
PARAMETRIC_REPRESENTATION_CONTEXT() REPRESENTATION_CONTEXT('2D SPACE',''
  ) );
#659 = ORIENTED_EDGE('',*,*,#660,.T.);
#660 = EDGE_CURVE('',#636,#661,#663,.T.);
#661 = VERTEX_POINT('',#662);
#662 = CARTESIAN_POINT('',(9.813951134896,-11.81268715443,
    33.000066040132));
#663 = SURFACE_CURVE('',#664,(#667,#673),.PCURVE_S1.);
#664 = B_SPLINE_CURVE_WITH_KNOTS('',1,(#665,#666),.UNSPECIFIED.,.F.,.F.,
  (2,2),(0.,2.688277844265),.PIECEWISE_BEZIER_KNOTS.);
#665 = CARTESIAN_POINT('',(9.750429495876,-11.83773683867,
    33.000066040132));
#666 = CARTESIAN_POINT('',(9.813951134896,-11.81268715443,
    33.000066040132));
#667 = PCURVE('',#115,#668);
#668 = DEFINITIONAL_REPRESENTATION('',(#669),#672);
#669 = B_SPLINE_CURVE_WITH_KNOTS('',1,(#670,#671),.UNSPECIFIED.,.F.,.F.,
  (2,2),(0.,2.688277844265),.PIECEWISE_BEZIER_KNOTS.);
#670 = CARTESIAN_POINT('',(104.26774074735,124.6933506614));
#671 = CARTESIAN_POINT('',(101.76689381913,125.67955672991));
#672 = ( GEOMETRIC_REPRESENTATION_CONTEXT(2) 
PARAMETRIC_REPRESENTATION_CONTEXT() REPRESENTATION_CONTEXT('2D SPACE',''
  ) );
#673 = PCURVE('',#674,#679);
#674 = B_SPLINE_SURFACE_WITH_KNOTS('',1,1,(
    (#675,#676)
    ,(#677,#678
    )),.UNSPECIFIED.,.F.,.F.,.F.,(2,2),(2,2),(0.,2.688277844265),(
    -78.7402,0.),.PIECEWISE_BEZIER_KNOTS.);
#675 = CARTESIAN_POINT('',(9.750429495876,-11.83773683867,
    35.000071120142));
#676 = CARTESIAN_POINT('',(9.750429495876,-11.83773683867,
    33.000066040132));
#677 = CARTESIAN_POINT('',(9.813951134896,-11.81268715443,
    35.000071120142));
#678 = CARTESIAN_POINT('',(9.813951134896,-11.81268715443,
    33.000066040132));
#679 = DEFINITIONAL_REPRESENTATION('',(#680),#683);
#680 = B_SPLINE_CURVE_WITH_KNOTS('',1,(#681,#682),.UNSPECIFIED.,.F.,.F.,
  (2,2),(0.,2.688277844265),.PIECEWISE_BEZIER_KNOTS.);
#681 = CARTESIAN_POINT('',(0.,0.));
#682 = CARTESIAN_POINT('',(2.688277844265,0.));
#683 = ( GEOMETRIC_REPRESENTATION_CONTEXT(2) 
PARAMETRIC_REPRESENTATION_CONTEXT() REPRESENTATION_CONTEXT('2D SPACE',''
  ) );
#684 = ORIENTED_EDGE('',*,*,#685,.T.);
#685 = EDGE_CURVE('',#661,#686,#688,.T.);
#686 = VERTEX_POINT('',#687);
#687 = CARTESIAN_POINT('',(9.879034141221,-11.79203073673,
    33.000066040132));
#688 = SURFACE_CURVE('',#689,(#692,#698),.PCURVE_S1.);
#689 = B_SPLINE_CURVE_WITH_KNOTS('',1,(#690,#691),.UNSPECIFIED.,.F.,.F.,
  (2,2),(0.,2.688277844265),.PIECEWISE_BEZIER_KNOTS.);
#690 = CARTESIAN_POINT('',(9.813951134896,-11.81268715443,
    33.000066040132));
#691 = CARTESIAN_POINT('',(9.879034141221,-11.79203073673,
    33.000066040132));
#692 = PCURVE('',#115,#693);
#693 = DEFINITIONAL_REPRESENTATION('',(#694),#697);
#694 = B_SPLINE_CURVE_WITH_KNOTS('',1,(#695,#696),.UNSPECIFIED.,.F.,.F.,
  (2,2),(0.,2.688277844265),.PIECEWISE_BEZIER_KNOTS.);
#695 = CARTESIAN_POINT('',(101.76689381913,125.67955672991));
#696 = CARTESIAN_POINT('',(99.204575860129,126.49279989461));
#697 = ( GEOMETRIC_REPRESENTATION_CONTEXT(2) 
PARAMETRIC_REPRESENTATION_CONTEXT() REPRESENTATION_CONTEXT('2D SPACE',''
  ) );
#698 = PCURVE('',#699,#704);
#699 = B_SPLINE_SURFACE_WITH_KNOTS('',1,1,(
    (#700,#701)
    ,(#702,#703
    )),.UNSPECIFIED.,.F.,.F.,.F.,(2,2),(2,2),(0.,2.688277844265),(
    -78.7402,0.),.PIECEWISE_BEZIER_KNOTS.);
#700 = CARTESIAN_POINT('',(9.813951134896,-11.81268715443,
    35.000071120142));
#701 = CARTESIAN_POINT('',(9.813951134896,-11.81268715443,
    33.000066040132));
#702 = CARTESIAN_POINT('',(9.879034141221,-11.79203073673,
    35.000071120142));
#703 = CARTESIAN_POINT('',(9.879034141221,-11.79203073673,
    33.000066040132));
#704 = DEFINITIONAL_REPRESENTATION('',(#705),#708);
#705 = B_SPLINE_CURVE_WITH_KNOTS('',1,(#706,#707),.UNSPECIFIED.,.F.,.F.,
  (2,2),(0.,2.688277844265),.PIECEWISE_BEZIER_KNOTS.);
#706 = CARTESIAN_POINT('',(0.,0.));
#707 = CARTESIAN_POINT('',(2.688277844265,0.));
#708 = ( GEOMETRIC_REPRESENTATION_CONTEXT(2) 
PARAMETRIC_REPRESENTATION_CONTEXT() REPRESENTATION_CONTEXT('2D SPACE',''
  ) );
#709 = ORIENTED_EDGE('',*,*,#710,.T.);
#710 = EDGE_CURVE('',#686,#711,#713,.T.);
#711 = VERTEX_POINT('',#712);
#712 = CARTESIAN_POINT('',(9.945375067831,-11.77586389534,
    33.000066040132));
#713 = SURFACE_CURVE('',#714,(#717,#723),.PCURVE_S1.);
#714 = B_SPLINE_CURVE_WITH_KNOTS('',1,(#715,#716),.UNSPECIFIED.,.F.,.F.,
  (2,2),(0.,2.688277844265),.PIECEWISE_BEZIER_KNOTS.);
#715 = CARTESIAN_POINT('',(9.879034141221,-11.79203073673,
    33.000066040132));
#716 = CARTESIAN_POINT('',(9.945375067831,-11.77586389534,
    33.000066040132));
#717 = PCURVE('',#115,#718);
#718 = DEFINITIONAL_REPRESENTATION('',(#719),#722);
#719 = B_SPLINE_CURVE_WITH_KNOTS('',1,(#720,#721),.UNSPECIFIED.,.F.,.F.,
  (2,2),(0.,2.688277844265),.PIECEWISE_BEZIER_KNOTS.);
#720 = CARTESIAN_POINT('',(99.204575860129,126.49279989461));
#721 = CARTESIAN_POINT('',(96.592733579484,127.12928844046));
#722 = ( GEOMETRIC_REPRESENTATION_CONTEXT(2) 
PARAMETRIC_REPRESENTATION_CONTEXT() REPRESENTATION_CONTEXT('2D SPACE',''
  ) );
#723 = PCURVE('',#724,#729);
#724 = B_SPLINE_SURFACE_WITH_KNOTS('',1,1,(
    (#725,#726)
    ,(#727,#728
    )),.UNSPECIFIED.,.F.,.F.,.F.,(2,2),(2,2),(0.,2.688277844265),(
    -78.7402,0.),.PIECEWISE_BEZIER_KNOTS.);
#725 = CARTESIAN_POINT('',(9.879034141221,-11.79203073673,
    35.000071120142));
#726 = CARTESIAN_POINT('',(9.879034141221,-11.79203073673,
    33.000066040132));
#727 = CARTESIAN_POINT('',(9.945375067831,-11.77586389534,
    35.000071120142));
#728 = CARTESIAN_POINT('',(9.945375067831,-11.77586389534,
    33.000066040132));
#729 = DEFINITIONAL_REPRESENTATION('',(#730),#733);
#730 = B_SPLINE_CURVE_WITH_KNOTS('',1,(#731,#732),.UNSPECIFIED.,.F.,.F.,
  (2,2),(0.,2.688277844265),.PIECEWISE_BEZIER_KNOTS.);
#731 = CARTESIAN_POINT('',(0.,0.));
#732 = CARTESIAN_POINT('',(2.688277844265,0.));
#733 = ( GEOMETRIC_REPRESENTATION_CONTEXT(2) 
PARAMETRIC_REPRESENTATION_CONTEXT() REPRESENTATION_CONTEXT('2D SPACE',''
  ) );
#734 = ORIENTED_EDGE('',*,*,#735,.T.);
#735 = EDGE_CURVE('',#711,#736,#738,.T.);
#736 = VERTEX_POINT('',#737);
#737 = CARTESIAN_POINT('',(10.012664602703,-11.76426200751,
    33.000066040132));
#738 = SURFACE_CURVE('',#739,(#742,#748),.PCURVE_S1.);
#739 = B_SPLINE_CURVE_WITH_KNOTS('',1,(#740,#741),.UNSPECIFIED.,.F.,.F.,
  (2,2),(0.,2.688277844265),.PIECEWISE_BEZIER_KNOTS.);
#740 = CARTESIAN_POINT('',(9.945375067831,-11.77586389534,
    33.000066040132));
#741 = CARTESIAN_POINT('',(10.012664602703,-11.76426200751,
    33.000066040132));
#742 = PCURVE('',#115,#743);
#743 = DEFINITIONAL_REPRESENTATION('',(#744),#747);
#744 = B_SPLINE_CURVE_WITH_KNOTS('',1,(#745,#746),.UNSPECIFIED.,.F.,.F.,
  (2,2),(0.,2.688277844265),.PIECEWISE_BEZIER_KNOTS.);
#745 = CARTESIAN_POINT('',(96.592733579484,127.12928844046));
#746 = CARTESIAN_POINT('',(93.943544591584,127.58605476404));
#747 = ( GEOMETRIC_REPRESENTATION_CONTEXT(2) 
PARAMETRIC_REPRESENTATION_CONTEXT() REPRESENTATION_CONTEXT('2D SPACE',''
  ) );
#748 = PCURVE('',#749,#754);
#749 = B_SPLINE_SURFACE_WITH_KNOTS('',1,1,(
    (#750,#751)
    ,(#752,#753
    )),.UNSPECIFIED.,.F.,.F.,.F.,(2,2),(2,2),(0.,2.688277844265),(
    -78.7402,0.),.PIECEWISE_BEZIER_KNOTS.);
#750 = CARTESIAN_POINT('',(9.945375067831,-11.77586389534,
    35.000071120142));
#751 = CARTESIAN_POINT('',(9.945375067831,-11.77586389534,
    33.000066040132));
#752 = CARTESIAN_POINT('',(10.012664602703,-11.76426200751,
    35.000071120142));
#753 = CARTESIAN_POINT('',(10.012664602703,-11.76426200751,
    33.000066040132));
#754 = DEFINITIONAL_REPRESENTATION('',(#755),#758);
#755 = B_SPLINE_CURVE_WITH_KNOTS('',1,(#756,#757),.UNSPECIFIED.,.F.,.F.,
  (2,2),(0.,2.688277844265),.PIECEWISE_BEZIER_KNOTS.);
#756 = CARTESIAN_POINT('',(0.,0.));
#757 = CARTESIAN_POINT('',(2.688277844265,0.));
#758 = ( GEOMETRIC_REPRESENTATION_CONTEXT(2) 
PARAMETRIC_REPRESENTATION_CONTEXT() REPRESENTATION_CONTEXT('2D SPACE',''
  ) );
#759 = ORIENTED_EDGE('',*,*,#760,.T.);
#760 = EDGE_CURVE('',#736,#761,#763,.T.);
#761 = VERTEX_POINT('',#762);
#762 = CARTESIAN_POINT('',(10.080589010962,-11.75727916662,
    33.000066040132));
#763 = SURFACE_CURVE('',#764,(#767,#773),.PCURVE_S1.);
#764 = B_SPLINE_CURVE_WITH_KNOTS('',1,(#765,#766),.UNSPECIFIED.,.F.,.F.,
  (2,2),(0.,2.688277844265),.PIECEWISE_BEZIER_KNOTS.);
#765 = CARTESIAN_POINT('',(10.012664602703,-11.76426200751,
    33.000066040132));
#766 = CARTESIAN_POINT('',(10.080589010962,-11.75727916662,
    33.000066040132));
#767 = PCURVE('',#115,#768);
#768 = DEFINITIONAL_REPRESENTATION('',(#769),#772);
#769 = B_SPLINE_CURVE_WITH_KNOTS('',1,(#770,#771),.UNSPECIFIED.,.F.,.F.,
  (2,2),(0.,2.688277844265),.PIECEWISE_BEZIER_KNOTS.);
#770 = CARTESIAN_POINT('',(93.943544591584,127.58605476404));
#771 = CARTESIAN_POINT('',(91.269360638408,127.8609692099));
#772 = ( GEOMETRIC_REPRESENTATION_CONTEXT(2) 
PARAMETRIC_REPRESENTATION_CONTEXT() REPRESENTATION_CONTEXT('2D SPACE',''
  ) );
#773 = PCURVE('',#774,#779);
#774 = B_SPLINE_SURFACE_WITH_KNOTS('',1,1,(
    (#775,#776)
    ,(#777,#778
    )),.UNSPECIFIED.,.F.,.F.,.F.,(2,2),(2,2),(0.,2.688277844265),(
    -78.7402,0.),.PIECEWISE_BEZIER_KNOTS.);
#775 = CARTESIAN_POINT('',(10.012664602703,-11.76426200751,
    35.000071120142));
#776 = CARTESIAN_POINT('',(10.012664602703,-11.76426200751,
    33.000066040132));
#777 = CARTESIAN_POINT('',(10.080589010962,-11.75727916662,
    35.000071120142));
#778 = CARTESIAN_POINT('',(10.080589010962,-11.75727916662,
    33.000066040132));
#779 = DEFINITIONAL_REPRESENTATION('',(#780),#783);
#780 = B_SPLINE_CURVE_WITH_KNOTS('',1,(#781,#782),.UNSPECIFIED.,.F.,.F.,
  (2,2),(0.,2.688277844265),.PIECEWISE_BEZIER_KNOTS.);
#781 = CARTESIAN_POINT('',(0.,0.));
#782 = CARTESIAN_POINT('',(2.688277844265,0.));
#783 = ( GEOMETRIC_REPRESENTATION_CONTEXT(2) 
PARAMETRIC_REPRESENTATION_CONTEXT() REPRESENTATION_CONTEXT('2D SPACE',''
  ) );
#784 = ORIENTED_EDGE('',*,*,#785,.T.);
#785 = EDGE_CURVE('',#761,#786,#788,.T.);
#786 = VERTEX_POINT('',#787);
#787 = CARTESIAN_POINT('',(10.148831597663,-11.75494792989,
    33.000066040132));
#788 = SURFACE_CURVE('',#789,(#792,#798),.PCURVE_S1.);
#789 = B_SPLINE_CURVE_WITH_KNOTS('',1,(#790,#791),.UNSPECIFIED.,.F.,.F.,
  (2,2),(0.,2.688277844265),.PIECEWISE_BEZIER_KNOTS.);
#790 = CARTESIAN_POINT('',(10.080589010962,-11.75727916662,
    33.000066040132));
#791 = CARTESIAN_POINT('',(10.148831597663,-11.75494792989,
    33.000066040132));
#792 = PCURVE('',#115,#793);
#793 = DEFINITIONAL_REPRESENTATION('',(#794),#797);
#794 = B_SPLINE_CURVE_WITH_KNOTS('',1,(#795,#796),.UNSPECIFIED.,.F.,.F.,
  (2,2),(0.,2.688277844265),.PIECEWISE_BEZIER_KNOTS.);
#795 = CARTESIAN_POINT('',(91.269360638408,127.8609692099));
#796 = CARTESIAN_POINT('',(88.58265,127.95275));
#797 = ( GEOMETRIC_REPRESENTATION_CONTEXT(2) 
PARAMETRIC_REPRESENTATION_CONTEXT() REPRESENTATION_CONTEXT('2D SPACE',''
  ) );
#798 = PCURVE('',#799,#804);
#799 = B_SPLINE_SURFACE_WITH_KNOTS('',1,1,(
    (#800,#801)
    ,(#802,#803
    )),.UNSPECIFIED.,.F.,.F.,.F.,(2,2),(2,2),(0.,2.688277844265),(
    -78.7402,0.),.PIECEWISE_BEZIER_KNOTS.);
#800 = CARTESIAN_POINT('',(10.080589010962,-11.75727916662,
    35.000071120142));
#801 = CARTESIAN_POINT('',(10.080589010962,-11.75727916662,
    33.000066040132));
#802 = CARTESIAN_POINT('',(10.148831597663,-11.75494792989,
    35.000071120142));
#803 = CARTESIAN_POINT('',(10.148831597663,-11.75494792989,
    33.000066040132));
#804 = DEFINITIONAL_REPRESENTATION('',(#805),#808);
#805 = B_SPLINE_CURVE_WITH_KNOTS('',1,(#806,#807),.UNSPECIFIED.,.F.,.F.,
  (2,2),(0.,2.688277844265),.PIECEWISE_BEZIER_KNOTS.);
#806 = CARTESIAN_POINT('',(0.,0.));
#807 = CARTESIAN_POINT('',(2.688277844265,0.));
#808 = ( GEOMETRIC_REPRESENTATION_CONTEXT(2) 
PARAMETRIC_REPRESENTATION_CONTEXT() REPRESENTATION_CONTEXT('2D SPACE',''
  ) );
#809 = ORIENTED_EDGE('',*,*,#810,.T.);
#810 = EDGE_CURVE('',#786,#811,#813,.T.);
#811 = VERTEX_POINT('',#812);
#812 = CARTESIAN_POINT('',(14.648839217678,-11.75494792989,
    33.000066040132));
#813 = SURFACE_CURVE('',#814,(#817,#823),.PCURVE_S1.);
#814 = B_SPLINE_CURVE_WITH_KNOTS('',1,(#815,#816),.UNSPECIFIED.,.F.,.F.,
  (2,2),(0.,177.1653),.PIECEWISE_BEZIER_KNOTS.);
#815 = CARTESIAN_POINT('',(10.148831597663,-11.75494792989,
    33.000066040132));
#816 = CARTESIAN_POINT('',(14.648839217678,-11.75494792989,
    33.000066040132));
#817 = PCURVE('',#115,#818);
#818 = DEFINITIONAL_REPRESENTATION('',(#819),#822);
#819 = B_SPLINE_CURVE_WITH_KNOTS('',1,(#820,#821),.UNSPECIFIED.,.F.,.F.,
  (2,2),(0.,177.1653),.PIECEWISE_BEZIER_KNOTS.);
#820 = CARTESIAN_POINT('',(88.58265,127.95275));
#821 = CARTESIAN_POINT('',(-88.58265,127.95275));
#822 = ( GEOMETRIC_REPRESENTATION_CONTEXT(2) 
PARAMETRIC_REPRESENTATION_CONTEXT() REPRESENTATION_CONTEXT('2D SPACE',''
  ) );
#823 = PCURVE('',#824,#829);
#824 = B_SPLINE_SURFACE_WITH_KNOTS('',1,1,(
    (#825,#826)
    ,(#827,#828
    )),.UNSPECIFIED.,.F.,.F.,.F.,(2,2),(2,2),(0.,177.1653),(-78.7402,0.)
  ,.PIECEWISE_BEZIER_KNOTS.);
#825 = CARTESIAN_POINT('',(10.148831597663,-11.75494792989,
    35.000071120142));
#826 = CARTESIAN_POINT('',(10.148831597663,-11.75494792989,
    33.000066040132));
#827 = CARTESIAN_POINT('',(14.648839217678,-11.75494792989,
    35.000071120142));
#828 = CARTESIAN_POINT('',(14.648839217678,-11.75494792989,
    33.000066040132));
#829 = DEFINITIONAL_REPRESENTATION('',(#830),#833);
#830 = B_SPLINE_CURVE_WITH_KNOTS('',1,(#831,#832),.UNSPECIFIED.,.F.,.F.,
  (2,2),(0.,177.1653),.PIECEWISE_BEZIER_KNOTS.);
#831 = CARTESIAN_POINT('',(0.,0.));
#832 = CARTESIAN_POINT('',(177.1653,0.));
#833 = ( GEOMETRIC_REPRESENTATION_CONTEXT(2) 
PARAMETRIC_REPRESENTATION_CONTEXT() REPRESENTATION_CONTEXT('2D SPACE',''
  ) );
#834 = ORIENTED_EDGE('',*,*,#835,.T.);
#835 = EDGE_CURVE('',#811,#836,#838,.T.);
#836 = VERTEX_POINT('',#837);
#837 = CARTESIAN_POINT('',(14.717081804379,-11.75727916662,
    33.000066040132));
#838 = SURFACE_CURVE('',#839,(#842,#848),.PCURVE_S1.);
#839 = B_SPLINE_CURVE_WITH_KNOTS('',1,(#840,#841),.UNSPECIFIED.,.F.,.F.,
  (2,2),(0.,2.688277844265),.PIECEWISE_BEZIER_KNOTS.);
#840 = CARTESIAN_POINT('',(14.648839217678,-11.75494792989,
    33.000066040132));
#841 = CARTESIAN_POINT('',(14.717081804379,-11.75727916662,
    33.000066040132));
#842 = PCURVE('',#115,#843);
#843 = DEFINITIONAL_REPRESENTATION('',(#844),#847);
#844 = B_SPLINE_CURVE_WITH_KNOTS('',1,(#845,#846),.UNSPECIFIED.,.F.,.F.,
  (2,2),(0.,2.688277844265),.PIECEWISE_BEZIER_KNOTS.);
#845 = CARTESIAN_POINT('',(-88.58265,127.95275));
#846 = CARTESIAN_POINT('',(-91.2693606384,127.8609692099));
#847 = ( GEOMETRIC_REPRESENTATION_CONTEXT(2) 
PARAMETRIC_REPRESENTATION_CONTEXT() REPRESENTATION_CONTEXT('2D SPACE',''
  ) );
#848 = PCURVE('',#849,#854);
#849 = B_SPLINE_SURFACE_WITH_KNOTS('',1,1,(
    (#850,#851)
    ,(#852,#853
    )),.UNSPECIFIED.,.F.,.F.,.F.,(2,2),(2,2),(0.,2.688277844265),(
    -78.7402,0.),.PIECEWISE_BEZIER_KNOTS.);
#850 = CARTESIAN_POINT('',(14.648839217678,-11.75494792989,
    35.000071120142));
#851 = CARTESIAN_POINT('',(14.648839217678,-11.75494792989,
    33.000066040132));
#852 = CARTESIAN_POINT('',(14.717081804379,-11.75727916662,
    35.000071120142));
#853 = CARTESIAN_POINT('',(14.717081804379,-11.75727916662,
    33.000066040132));
#854 = DEFINITIONAL_REPRESENTATION('',(#855),#858);
#855 = B_SPLINE_CURVE_WITH_KNOTS('',1,(#856,#857),.UNSPECIFIED.,.F.,.F.,
  (2,2),(0.,2.688277844265),.PIECEWISE_BEZIER_KNOTS.);
#856 = CARTESIAN_POINT('',(0.,0.));
#857 = CARTESIAN_POINT('',(2.688277844265,0.));
#858 = ( GEOMETRIC_REPRESENTATION_CONTEXT(2) 
PARAMETRIC_REPRESENTATION_CONTEXT() REPRESENTATION_CONTEXT('2D SPACE',''
  ) );
#859 = ORIENTED_EDGE('',*,*,#860,.T.);
#860 = EDGE_CURVE('',#836,#861,#863,.T.);
#861 = VERTEX_POINT('',#862);
#862 = CARTESIAN_POINT('',(14.785006212639,-11.76426200751,
    33.000066040132));
#863 = SURFACE_CURVE('',#864,(#867,#873),.PCURVE_S1.);
#864 = B_SPLINE_CURVE_WITH_KNOTS('',1,(#865,#866),.UNSPECIFIED.,.F.,.F.,
  (2,2),(0.,2.688277844265),.PIECEWISE_BEZIER_KNOTS.);
#865 = CARTESIAN_POINT('',(14.717081804379,-11.75727916662,
    33.000066040132));
#866 = CARTESIAN_POINT('',(14.785006212639,-11.76426200751,
    33.000066040132));
#867 = PCURVE('',#115,#868);
#868 = DEFINITIONAL_REPRESENTATION('',(#869),#872);
#869 = B_SPLINE_CURVE_WITH_KNOTS('',1,(#870,#871),.UNSPECIFIED.,.F.,.F.,
  (2,2),(0.,2.688277844265),.PIECEWISE_BEZIER_KNOTS.);
#870 = CARTESIAN_POINT('',(-91.2693606384,127.8609692099));
#871 = CARTESIAN_POINT('',(-93.94354459158,127.58605476404));
#872 = ( GEOMETRIC_REPRESENTATION_CONTEXT(2) 
PARAMETRIC_REPRESENTATION_CONTEXT() REPRESENTATION_CONTEXT('2D SPACE',''
  ) );
#873 = PCURVE('',#874,#879);
#874 = B_SPLINE_SURFACE_WITH_KNOTS('',1,1,(
    (#875,#876)
    ,(#877,#878
    )),.UNSPECIFIED.,.F.,.F.,.F.,(2,2),(2,2),(0.,2.688277844265),(
    -78.7402,0.),.PIECEWISE_BEZIER_KNOTS.);
#875 = CARTESIAN_POINT('',(14.717081804379,-11.75727916662,
    35.000071120142));
#876 = CARTESIAN_POINT('',(14.717081804379,-11.75727916662,
    33.000066040132));
#877 = CARTESIAN_POINT('',(14.785006212639,-11.76426200751,
    35.000071120142));
#878 = CARTESIAN_POINT('',(14.785006212639,-11.76426200751,
    33.000066040132));
#879 = DEFINITIONAL_REPRESENTATION('',(#880),#883);
#880 = B_SPLINE_CURVE_WITH_KNOTS('',1,(#881,#882),.UNSPECIFIED.,.F.,.F.,
  (2,2),(0.,2.688277844265),.PIECEWISE_BEZIER_KNOTS.);
#881 = CARTESIAN_POINT('',(0.,0.));
#882 = CARTESIAN_POINT('',(2.688277844265,0.));
#883 = ( GEOMETRIC_REPRESENTATION_CONTEXT(2) 
PARAMETRIC_REPRESENTATION_CONTEXT() REPRESENTATION_CONTEXT('2D SPACE',''
  ) );
#884 = ORIENTED_EDGE('',*,*,#885,.T.);
#885 = EDGE_CURVE('',#861,#886,#888,.T.);
#886 = VERTEX_POINT('',#887);
#887 = CARTESIAN_POINT('',(14.85229574751,-11.77586389534,
    33.000066040132));
#888 = SURFACE_CURVE('',#889,(#892,#898),.PCURVE_S1.);
#889 = B_SPLINE_CURVE_WITH_KNOTS('',1,(#890,#891),.UNSPECIFIED.,.F.,.F.,
  (2,2),(0.,2.688277844265),.PIECEWISE_BEZIER_KNOTS.);
#890 = CARTESIAN_POINT('',(14.785006212639,-11.76426200751,
    33.000066040132));
#891 = CARTESIAN_POINT('',(14.85229574751,-11.77586389534,
    33.000066040132));
#892 = PCURVE('',#115,#893);
#893 = DEFINITIONAL_REPRESENTATION('',(#894),#897);
#894 = B_SPLINE_CURVE_WITH_KNOTS('',1,(#895,#896),.UNSPECIFIED.,.F.,.F.,
  (2,2),(0.,2.688277844265),.PIECEWISE_BEZIER_KNOTS.);
#895 = CARTESIAN_POINT('',(-93.94354459158,127.58605476404));
#896 = CARTESIAN_POINT('',(-96.59273357948,127.12928844046));
#897 = ( GEOMETRIC_REPRESENTATION_CONTEXT(2) 
PARAMETRIC_REPRESENTATION_CONTEXT() REPRESENTATION_CONTEXT('2D SPACE',''
  ) );
#898 = PCURVE('',#899,#904);
#899 = B_SPLINE_SURFACE_WITH_KNOTS('',1,1,(
    (#900,#901)
    ,(#902,#903
    )),.UNSPECIFIED.,.F.,.F.,.F.,(2,2),(2,2),(0.,2.688277844265),(
    -78.7402,0.),.PIECEWISE_BEZIER_KNOTS.);
#900 = CARTESIAN_POINT('',(14.785006212639,-11.76426200751,
    35.000071120142));
#901 = CARTESIAN_POINT('',(14.785006212639,-11.76426200751,
    33.000066040132));
#902 = CARTESIAN_POINT('',(14.85229574751,-11.77586389534,
    35.000071120142));
#903 = CARTESIAN_POINT('',(14.85229574751,-11.77586389534,
    33.000066040132));
#904 = DEFINITIONAL_REPRESENTATION('',(#905),#908);
#905 = B_SPLINE_CURVE_WITH_KNOTS('',1,(#906,#907),.UNSPECIFIED.,.F.,.F.,
  (2,2),(0.,2.688277844265),.PIECEWISE_BEZIER_KNOTS.);
#906 = CARTESIAN_POINT('',(0.,0.));
#907 = CARTESIAN_POINT('',(2.688277844265,0.));
#908 = ( GEOMETRIC_REPRESENTATION_CONTEXT(2) 
PARAMETRIC_REPRESENTATION_CONTEXT() REPRESENTATION_CONTEXT('2D SPACE',''
  ) );
#909 = ORIENTED_EDGE('',*,*,#910,.T.);
#910 = EDGE_CURVE('',#886,#911,#913,.T.);
#911 = VERTEX_POINT('',#912);
#912 = CARTESIAN_POINT('',(14.918636674121,-11.79203073673,
    33.000066040132));
#913 = SURFACE_CURVE('',#914,(#917,#923),.PCURVE_S1.);
#914 = B_SPLINE_CURVE_WITH_KNOTS('',1,(#915,#916),.UNSPECIFIED.,.F.,.F.,
  (2,2),(0.,2.688277844265),.PIECEWISE_BEZIER_KNOTS.);
#915 = CARTESIAN_POINT('',(14.85229574751,-11.77586389534,
    33.000066040132));
#916 = CARTESIAN_POINT('',(14.918636674121,-11.79203073673,
    33.000066040132));
#917 = PCURVE('',#115,#918);
#918 = DEFINITIONAL_REPRESENTATION('',(#919),#922);
#919 = B_SPLINE_CURVE_WITH_KNOTS('',1,(#920,#921),.UNSPECIFIED.,.F.,.F.,
  (2,2),(0.,2.688277844265),.PIECEWISE_BEZIER_KNOTS.);
#920 = CARTESIAN_POINT('',(-96.59273357948,127.12928844046));
#921 = CARTESIAN_POINT('',(-99.20457586012,126.49279989461));
#922 = ( GEOMETRIC_REPRESENTATION_CONTEXT(2) 
PARAMETRIC_REPRESENTATION_CONTEXT() REPRESENTATION_CONTEXT('2D SPACE',''
  ) );
#923 = PCURVE('',#924,#929);
#924 = B_SPLINE_SURFACE_WITH_KNOTS('',1,1,(
    (#925,#926)
    ,(#927,#928
    )),.UNSPECIFIED.,.F.,.F.,.F.,(2,2),(2,2),(0.,2.688277844265),(
    -78.7402,0.),.PIECEWISE_BEZIER_KNOTS.);
#925 = CARTESIAN_POINT('',(14.85229574751,-11.77586389534,
    35.000071120142));
#926 = CARTESIAN_POINT('',(14.85229574751,-11.77586389534,
    33.000066040132));
#927 = CARTESIAN_POINT('',(14.918636674121,-11.79203073673,
    35.000071120142));
#928 = CARTESIAN_POINT('',(14.918636674121,-11.79203073673,
    33.000066040132));
#929 = DEFINITIONAL_REPRESENTATION('',(#930),#933);
#930 = B_SPLINE_CURVE_WITH_KNOTS('',1,(#931,#932),.UNSPECIFIED.,.F.,.F.,
  (2,2),(0.,2.688277844265),.PIECEWISE_BEZIER_KNOTS.);
#931 = CARTESIAN_POINT('',(0.,0.));
#932 = CARTESIAN_POINT('',(2.688277844265,0.));
#933 = ( GEOMETRIC_REPRESENTATION_CONTEXT(2) 
PARAMETRIC_REPRESENTATION_CONTEXT() REPRESENTATION_CONTEXT('2D SPACE',''
  ) );
#934 = ORIENTED_EDGE('',*,*,#935,.T.);
#935 = EDGE_CURVE('',#911,#936,#938,.T.);
#936 = VERTEX_POINT('',#937);
#937 = CARTESIAN_POINT('',(14.983719680445,-11.81268715443,
    33.000066040132));
#938 = SURFACE_CURVE('',#939,(#942,#948),.PCURVE_S1.);
#939 = B_SPLINE_CURVE_WITH_KNOTS('',1,(#940,#941),.UNSPECIFIED.,.F.,.F.,
  (2,2),(0.,2.688277844265),.PIECEWISE_BEZIER_KNOTS.);
#940 = CARTESIAN_POINT('',(14.918636674121,-11.79203073673,
    33.000066040132));
#941 = CARTESIAN_POINT('',(14.983719680445,-11.81268715443,
    33.000066040132));
#942 = PCURVE('',#115,#943);
#943 = DEFINITIONAL_REPRESENTATION('',(#944),#947);
#944 = B_SPLINE_CURVE_WITH_KNOTS('',1,(#945,#946),.UNSPECIFIED.,.F.,.F.,
  (2,2),(0.,2.688277844265),.PIECEWISE_BEZIER_KNOTS.);
#945 = CARTESIAN_POINT('',(-99.20457586012,126.49279989461));
#946 = CARTESIAN_POINT('',(-101.7668938191,125.67955672991));
#947 = ( GEOMETRIC_REPRESENTATION_CONTEXT(2) 
PARAMETRIC_REPRESENTATION_CONTEXT() REPRESENTATION_CONTEXT('2D SPACE',''
  ) );
#948 = PCURVE('',#949,#954);
#949 = B_SPLINE_SURFACE_WITH_KNOTS('',1,1,(
    (#950,#951)
    ,(#952,#953
    )),.UNSPECIFIED.,.F.,.F.,.F.,(2,2),(2,2),(0.,2.688277844265),(
    -78.7402,0.),.PIECEWISE_BEZIER_KNOTS.);
#950 = CARTESIAN_POINT('',(14.918636674121,-11.79203073673,
    35.000071120142));
#951 = CARTESIAN_POINT('',(14.918636674121,-11.79203073673,
    33.000066040132));
#952 = CARTESIAN_POINT('',(14.983719680445,-11.81268715443,
    35.000071120142));
#953 = CARTESIAN_POINT('',(14.983719680445,-11.81268715443,
    33.000066040132));
#954 = DEFINITIONAL_REPRESENTATION('',(#955),#958);
#955 = B_SPLINE_CURVE_WITH_KNOTS('',1,(#956,#957),.UNSPECIFIED.,.F.,.F.,
  (2,2),(0.,2.688277844265),.PIECEWISE_BEZIER_KNOTS.);
#956 = CARTESIAN_POINT('',(0.,0.));
#957 = CARTESIAN_POINT('',(2.688277844265,0.));
#958 = ( GEOMETRIC_REPRESENTATION_CONTEXT(2) 
PARAMETRIC_REPRESENTATION_CONTEXT() REPRESENTATION_CONTEXT('2D SPACE',''
  ) );
#959 = ORIENTED_EDGE('',*,*,#960,.T.);
#960 = EDGE_CURVE('',#936,#961,#963,.T.);
#961 = VERTEX_POINT('',#962);
#962 = CARTESIAN_POINT('',(15.047241319465,-11.83773683867,
    33.000066040132));
#963 = SURFACE_CURVE('',#964,(#967,#973),.PCURVE_S1.);
#964 = B_SPLINE_CURVE_WITH_KNOTS('',1,(#965,#966),.UNSPECIFIED.,.F.,.F.,
  (2,2),(0.,2.688277844265),.PIECEWISE_BEZIER_KNOTS.);
#965 = CARTESIAN_POINT('',(14.983719680445,-11.81268715443,
    33.000066040132));
#966 = CARTESIAN_POINT('',(15.047241319465,-11.83773683867,
    33.000066040132));
#967 = PCURVE('',#115,#968);
#968 = DEFINITIONAL_REPRESENTATION('',(#969),#972);
#969 = B_SPLINE_CURVE_WITH_KNOTS('',1,(#970,#971),.UNSPECIFIED.,.F.,.F.,
  (2,2),(0.,2.688277844265),.PIECEWISE_BEZIER_KNOTS.);
#970 = CARTESIAN_POINT('',(-101.7668938191,125.67955672991));
#971 = CARTESIAN_POINT('',(-104.2677407473,124.6933506614));
#972 = ( GEOMETRIC_REPRESENTATION_CONTEXT(2) 
PARAMETRIC_REPRESENTATION_CONTEXT() REPRESENTATION_CONTEXT('2D SPACE',''
  ) );
#973 = PCURVE('',#974,#979);
#974 = B_SPLINE_SURFACE_WITH_KNOTS('',1,1,(
    (#975,#976)
    ,(#977,#978
    )),.UNSPECIFIED.,.F.,.F.,.F.,(2,2),(2,2),(0.,2.688277844265),(
    -78.7402,0.),.PIECEWISE_BEZIER_KNOTS.);
#975 = CARTESIAN_POINT('',(14.983719680445,-11.81268715443,
    35.000071120142));
#976 = CARTESIAN_POINT('',(14.983719680445,-11.81268715443,
    33.000066040132));
#977 = CARTESIAN_POINT('',(15.047241319465,-11.83773683867,
    35.000071120142));
#978 = CARTESIAN_POINT('',(15.047241319465,-11.83773683867,
    33.000066040132));
#979 = DEFINITIONAL_REPRESENTATION('',(#980),#983);
#980 = B_SPLINE_CURVE_WITH_KNOTS('',1,(#981,#982),.UNSPECIFIED.,.F.,.F.,
  (2,2),(0.,2.688277844265),.PIECEWISE_BEZIER_KNOTS.);
#981 = CARTESIAN_POINT('',(0.,0.));
#982 = CARTESIAN_POINT('',(2.688277844265,0.));
#983 = ( GEOMETRIC_REPRESENTATION_CONTEXT(2) 
PARAMETRIC_REPRESENTATION_CONTEXT() REPRESENTATION_CONTEXT('2D SPACE',''
  ) );
#984 = ORIENTED_EDGE('',*,*,#985,.T.);
#985 = EDGE_CURVE('',#961,#986,#988,.T.);
#986 = VERTEX_POINT('',#987);
#987 = CARTESIAN_POINT('',(15.108905423977,-11.86706299626,
    33.000066040132));
#988 = SURFACE_CURVE('',#989,(#992,#998),.PCURVE_S1.);
#989 = B_SPLINE_CURVE_WITH_KNOTS('',1,(#990,#991),.UNSPECIFIED.,.F.,.F.,
  (2,2),(0.,2.688277844265),.PIECEWISE_BEZIER_KNOTS.);
#990 = CARTESIAN_POINT('',(15.047241319465,-11.83773683867,
    33.000066040132));
#991 = CARTESIAN_POINT('',(15.108905423977,-11.86706299626,
    33.000066040132));
#992 = PCURVE('',#115,#993);
#993 = DEFINITIONAL_REPRESENTATION('',(#994),#997);
#994 = B_SPLINE_CURVE_WITH_KNOTS('',1,(#995,#996),.UNSPECIFIED.,.F.,.F.,
  (2,2),(0.,2.688277844265),.PIECEWISE_BEZIER_KNOTS.);
#995 = CARTESIAN_POINT('',(-104.2677407473,124.6933506614));
#996 = CARTESIAN_POINT('',(-106.6954565419,123.53877983702));
#997 = ( GEOMETRIC_REPRESENTATION_CONTEXT(2) 
PARAMETRIC_REPRESENTATION_CONTEXT() REPRESENTATION_CONTEXT('2D SPACE',''
  ) );
#998 = PCURVE('',#999,#1004);
#999 = B_SPLINE_SURFACE_WITH_KNOTS('',1,1,(
    (#1000,#1001)
    ,(#1002,#1003
    )),.UNSPECIFIED.,.F.,.F.,.F.,(2,2),(2,2),(0.,2.688277844265),(
    -78.7402,0.),.PIECEWISE_BEZIER_KNOTS.);
#1000 = CARTESIAN_POINT('',(15.047241319465,-11.83773683867,
    35.000071120142));
#1001 = CARTESIAN_POINT('',(15.047241319465,-11.83773683867,
    33.000066040132));
#1002 = CARTESIAN_POINT('',(15.108905423977,-11.86706299626,
    35.000071120142));
#1003 = CARTESIAN_POINT('',(15.108905423977,-11.86706299626,
    33.000066040132));
#1004 = DEFINITIONAL_REPRESENTATION('',(#1005),#1008);
#1005 = B_SPLINE_CURVE_WITH_KNOTS('',1,(#1006,#1007),.UNSPECIFIED.,.F.,
  .F.,(2,2),(0.,2.688277844265),.PIECEWISE_BEZIER_KNOTS.);
#1006 = CARTESIAN_POINT('',(0.,0.));
#1007 = CARTESIAN_POINT('',(2.688277844265,0.));
#1008 = ( GEOMETRIC_REPRESENTATION_CONTEXT(2) 
PARAMETRIC_REPRESENTATION_CONTEXT() REPRESENTATION_CONTEXT('2D SPACE',''
  ) );
#1009 = ORIENTED_EDGE('',*,*,#1010,.T.);
#1010 = EDGE_CURVE('',#986,#1011,#1013,.T.);
#1011 = VERTEX_POINT('',#1012);
#1012 = CARTESIAN_POINT('',(15.16842448746,-11.90052889512,
    33.000066040132));
#1013 = SURFACE_CURVE('',#1014,(#1017,#1023),.PCURVE_S1.);
#1014 = B_SPLINE_CURVE_WITH_KNOTS('',1,(#1015,#1016),.UNSPECIFIED.,.F.,
  .F.,(2,2),(0.,2.688277844265),.PIECEWISE_BEZIER_KNOTS.);
#1015 = CARTESIAN_POINT('',(15.108905423977,-11.86706299626,
    33.000066040132));
#1016 = CARTESIAN_POINT('',(15.16842448746,-11.90052889512,
    33.000066040132));
#1017 = PCURVE('',#115,#1018);
#1018 = DEFINITIONAL_REPRESENTATION('',(#1019),#1022);
#1019 = B_SPLINE_CURVE_WITH_KNOTS('',1,(#1020,#1021),.UNSPECIFIED.,.F.,
  .F.,(2,2),(0.,2.688277844265),.PIECEWISE_BEZIER_KNOTS.);
#1020 = CARTESIAN_POINT('',(-106.6954565419,123.53877983702));
#1021 = CARTESIAN_POINT('',(-109.0387220712,122.22122739893));
#1022 = ( GEOMETRIC_REPRESENTATION_CONTEXT(2) 
PARAMETRIC_REPRESENTATION_CONTEXT() REPRESENTATION_CONTEXT('2D SPACE',''
  ) );
#1023 = PCURVE('',#1024,#1029);
#1024 = B_SPLINE_SURFACE_WITH_KNOTS('',1,1,(
    (#1025,#1026)
    ,(#1027,#1028
    )),.UNSPECIFIED.,.F.,.F.,.F.,(2,2),(2,2),(0.,2.688277844265),(
    -78.7402,0.),.PIECEWISE_BEZIER_KNOTS.);
#1025 = CARTESIAN_POINT('',(15.108905423977,-11.86706299626,
    35.000071120142));
#1026 = CARTESIAN_POINT('',(15.108905423977,-11.86706299626,
    33.000066040132));
#1027 = CARTESIAN_POINT('',(15.16842448746,-11.90052889512,
    35.000071120142));
#1028 = CARTESIAN_POINT('',(15.16842448746,-11.90052889512,
    33.000066040132));
#1029 = DEFINITIONAL_REPRESENTATION('',(#1030),#1033);
#1030 = B_SPLINE_CURVE_WITH_KNOTS('',1,(#1031,#1032),.UNSPECIFIED.,.F.,
  .F.,(2,2),(0.,2.688277844265),.PIECEWISE_BEZIER_KNOTS.);
#1031 = CARTESIAN_POINT('',(0.,0.));
#1032 = CARTESIAN_POINT('',(2.688277844265,0.));
#1033 = ( GEOMETRIC_REPRESENTATION_CONTEXT(2) 
PARAMETRIC_REPRESENTATION_CONTEXT() REPRESENTATION_CONTEXT('2D SPACE',''
  ) );
#1034 = ORIENTED_EDGE('',*,*,#1035,.T.);
#1035 = EDGE_CURVE('',#1011,#1036,#1038,.T.);
#1036 = VERTEX_POINT('',#1037);
#1037 = CARTESIAN_POINT('',(15.225521004564,-11.93797850178,
    33.000066040132));
#1038 = SURFACE_CURVE('',#1039,(#1042,#1048),.PCURVE_S1.);
#1039 = B_SPLINE_CURVE_WITH_KNOTS('',1,(#1040,#1041),.UNSPECIFIED.,.F.,
  .F.,(2,2),(0.,2.688277844265),.PIECEWISE_BEZIER_KNOTS.);
#1040 = CARTESIAN_POINT('',(15.16842448746,-11.90052889512,
    33.000066040132));
#1041 = CARTESIAN_POINT('',(15.225521004564,-11.93797850178,
    33.000066040132));
#1042 = PCURVE('',#115,#1043);
#1043 = DEFINITIONAL_REPRESENTATION('',(#1044),#1047);
#1044 = B_SPLINE_CURVE_WITH_KNOTS('',1,(#1045,#1046),.UNSPECIFIED.,.F.,
  .F.,(2,2),(0.,2.688277844265),.PIECEWISE_BEZIER_KNOTS.);
#1045 = CARTESIAN_POINT('',(-109.0387220712,122.22122739893));
#1046 = CARTESIAN_POINT('',(-111.2866119496,120.74683638481));
#1047 = ( GEOMETRIC_REPRESENTATION_CONTEXT(2) 
PARAMETRIC_REPRESENTATION_CONTEXT() REPRESENTATION_CONTEXT('2D SPACE',''
  ) );
#1048 = PCURVE('',#1049,#1054);
#1049 = B_SPLINE_SURFACE_WITH_KNOTS('',1,1,(
    (#1050,#1051)
    ,(#1052,#1053
    )),.UNSPECIFIED.,.F.,.F.,.F.,(2,2),(2,2),(0.,2.688277844265),(
    -78.7402,0.),.PIECEWISE_BEZIER_KNOTS.);
#1050 = CARTESIAN_POINT('',(15.16842448746,-11.90052889512,
    35.000071120142));
#1051 = CARTESIAN_POINT('',(15.16842448746,-11.90052889512,
    33.000066040132));
#1052 = CARTESIAN_POINT('',(15.225521004564,-11.93797850178,
    35.000071120142));
#1053 = CARTESIAN_POINT('',(15.225521004564,-11.93797850178,
    33.000066040132));
#1054 = DEFINITIONAL_REPRESENTATION('',(#1055),#1058);
#1055 = B_SPLINE_CURVE_WITH_KNOTS('',1,(#1056,#1057),.UNSPECIFIED.,.F.,
  .F.,(2,2),(0.,2.688277844265),.PIECEWISE_BEZIER_KNOTS.);
#1056 = CARTESIAN_POINT('',(0.,0.));
#1057 = CARTESIAN_POINT('',(2.688277844265,0.));
#1058 = ( GEOMETRIC_REPRESENTATION_CONTEXT(2) 
PARAMETRIC_REPRESENTATION_CONTEXT() REPRESENTATION_CONTEXT('2D SPACE',''
  ) );
#1059 = ORIENTED_EDGE('',*,*,#1060,.T.);
#1060 = EDGE_CURVE('',#1036,#1061,#1063,.T.);
#1061 = VERTEX_POINT('',#1062);
#1062 = CARTESIAN_POINT('',(15.279928764971,-11.97923720888,
    33.000066040132));
#1063 = SURFACE_CURVE('',#1064,(#1067,#1073),.PCURVE_S1.);
#1064 = B_SPLINE_CURVE_WITH_KNOTS('',1,(#1065,#1066),.UNSPECIFIED.,.F.,
  .F.,(2,2),(0.,2.688277844265),.PIECEWISE_BEZIER_KNOTS.);
#1065 = CARTESIAN_POINT('',(15.225521004564,-11.93797850178,
    33.000066040132));
#1066 = CARTESIAN_POINT('',(15.279928764971,-11.97923720888,
    33.000066040132));
#1067 = PCURVE('',#115,#1068);
#1068 = DEFINITIONAL_REPRESENTATION('',(#1069),#1072);
#1069 = B_SPLINE_CURVE_WITH_KNOTS('',1,(#1070,#1071),.UNSPECIFIED.,.F.,
  .F.,(2,2),(0.,2.688277844265),.PIECEWISE_BEZIER_KNOTS.);
#1070 = CARTESIAN_POINT('',(-111.2866119496,120.74683638481));
#1071 = CARTESIAN_POINT('',(-113.4286454769,119.12248108616));
#1072 = ( GEOMETRIC_REPRESENTATION_CONTEXT(2) 
PARAMETRIC_REPRESENTATION_CONTEXT() REPRESENTATION_CONTEXT('2D SPACE',''
  ) );
#1073 = PCURVE('',#1074,#1079);
#1074 = B_SPLINE_SURFACE_WITH_KNOTS('',1,1,(
    (#1075,#1076)
    ,(#1077,#1078
    )),.UNSPECIFIED.,.F.,.F.,.F.,(2,2),(2,2),(0.,2.688277844265),(
    -78.7402,0.),.PIECEWISE_BEZIER_KNOTS.);
#1075 = CARTESIAN_POINT('',(15.225521004564,-11.93797850178,
    35.000071120142));
#1076 = CARTESIAN_POINT('',(15.225521004564,-11.93797850178,
    33.000066040132));
#1077 = CARTESIAN_POINT('',(15.279928764971,-11.97923720888,
    35.000071120142));
#1078 = CARTESIAN_POINT('',(15.279928764971,-11.97923720888,
    33.000066040132));
#1079 = DEFINITIONAL_REPRESENTATION('',(#1080),#1083);
#1080 = B_SPLINE_CURVE_WITH_KNOTS('',1,(#1081,#1082),.UNSPECIFIED.,.F.,
  .F.,(2,2),(0.,2.688277844265),.PIECEWISE_BEZIER_KNOTS.);
#1081 = CARTESIAN_POINT('',(0.,0.));
#1082 = CARTESIAN_POINT('',(2.688277844265,0.));
#1083 = ( GEOMETRIC_REPRESENTATION_CONTEXT(2) 
PARAMETRIC_REPRESENTATION_CONTEXT() REPRESENTATION_CONTEXT('2D SPACE',''
  ) );
#1084 = ORIENTED_EDGE('',*,*,#1085,.T.);
#1085 = EDGE_CURVE('',#1061,#1086,#1088,.T.);
#1086 = VERTEX_POINT('',#1087);
#1087 = CARTESIAN_POINT('',(15.331394094586,-12.02411264929,
    33.000066040132));
#1088 = SURFACE_CURVE('',#1089,(#1092,#1098),.PCURVE_S1.);
#1089 = B_SPLINE_CURVE_WITH_KNOTS('',1,(#1090,#1091),.UNSPECIFIED.,.F.,
  .F.,(2,2),(0.,2.688277844265),.PIECEWISE_BEZIER_KNOTS.);
#1090 = CARTESIAN_POINT('',(15.279928764971,-11.97923720888,
    33.000066040132));
#1091 = CARTESIAN_POINT('',(15.331394094586,-12.02411264929,
    33.000066040132));
#1092 = PCURVE('',#115,#1093);
#1093 = DEFINITIONAL_REPRESENTATION('',(#1094),#1097);
#1094 = B_SPLINE_CURVE_WITH_KNOTS('',1,(#1095,#1096),.UNSPECIFIED.,.F.,
  .F.,(2,2),(0.,2.688277844265),.PIECEWISE_BEZIER_KNOTS.);
#1095 = CARTESIAN_POINT('',(-113.4286454769,119.12248108616));
#1096 = CARTESIAN_POINT('',(-115.4548355038,117.35573499722));
#1097 = ( GEOMETRIC_REPRESENTATION_CONTEXT(2) 
PARAMETRIC_REPRESENTATION_CONTEXT() REPRESENTATION_CONTEXT('2D SPACE',''
  ) );
#1098 = PCURVE('',#1099,#1104);
#1099 = B_SPLINE_SURFACE_WITH_KNOTS('',1,1,(
    (#1100,#1101)
    ,(#1102,#1103
    )),.UNSPECIFIED.,.F.,.F.,.F.,(2,2),(2,2),(0.,2.688277844265),(
    -78.7402,0.),.PIECEWISE_BEZIER_KNOTS.);
#1100 = CARTESIAN_POINT('',(15.279928764971,-11.97923720888,
    35.000071120142));
#1101 = CARTESIAN_POINT('',(15.279928764971,-11.97923720888,
    33.000066040132));
#1102 = CARTESIAN_POINT('',(15.331394094586,-12.02411264929,
    35.000071120142));
#1103 = CARTESIAN_POINT('',(15.331394094586,-12.02411264929,
    33.000066040132));
#1104 = DEFINITIONAL_REPRESENTATION('',(#1105),#1108);
#1105 = B_SPLINE_CURVE_WITH_KNOTS('',1,(#1106,#1107),.UNSPECIFIED.,.F.,
  .F.,(2,2),(0.,2.688277844265),.PIECEWISE_BEZIER_KNOTS.);
#1106 = CARTESIAN_POINT('',(0.,0.));
#1107 = CARTESIAN_POINT('',(2.688277844265,0.));
#1108 = ( GEOMETRIC_REPRESENTATION_CONTEXT(2) 
PARAMETRIC_REPRESENTATION_CONTEXT() REPRESENTATION_CONTEXT('2D SPACE',''
  ) );
#1109 = ORIENTED_EDGE('',*,*,#1110,.T.);
#1110 = EDGE_CURVE('',#1086,#1111,#1113,.T.);
#1111 = VERTEX_POINT('',#1112);
#1112 = CARTESIAN_POINT('',(15.379677038284,-12.07239559299,
    33.000066040132));
#1113 = SURFACE_CURVE('',#1114,(#1117,#1123),.PCURVE_S1.);
#1114 = B_SPLINE_CURVE_WITH_KNOTS('',1,(#1115,#1116),.UNSPECIFIED.,.F.,
  .F.,(2,2),(0.,2.688277844265),.PIECEWISE_BEZIER_KNOTS.);
#1115 = CARTESIAN_POINT('',(15.331394094586,-12.02411264929,
    33.000066040132));
#1116 = CARTESIAN_POINT('',(15.379677038284,-12.07239559299,
    33.000066040132));
#1117 = PCURVE('',#115,#1118);
#1118 = DEFINITIONAL_REPRESENTATION('',(#1119),#1122);
#1119 = B_SPLINE_CURVE_WITH_KNOTS('',1,(#1120,#1121),.UNSPECIFIED.,.F.,
  .F.,(2,2),(0.,2.688277844265),.PIECEWISE_BEZIER_KNOTS.);
#1120 = CARTESIAN_POINT('',(-115.4548355038,117.35573499722));
#1121 = CARTESIAN_POINT('',(-117.3557349972,115.45483550383));
#1122 = ( GEOMETRIC_REPRESENTATION_CONTEXT(2) 
PARAMETRIC_REPRESENTATION_CONTEXT() REPRESENTATION_CONTEXT('2D SPACE',''
  ) );
#1123 = PCURVE('',#1124,#1129);
#1124 = B_SPLINE_SURFACE_WITH_KNOTS('',1,1,(
    (#1125,#1126)
    ,(#1127,#1128
    )),.UNSPECIFIED.,.F.,.F.,.F.,(2,2),(2,2),(0.,2.688277844265),(
    -78.7402,0.),.PIECEWISE_BEZIER_KNOTS.);
#1125 = CARTESIAN_POINT('',(15.331394094586,-12.02411264929,
    35.000071120142));
#1126 = CARTESIAN_POINT('',(15.331394094586,-12.02411264929,
    33.000066040132));
#1127 = CARTESIAN_POINT('',(15.379677038284,-12.07239559299,
    35.000071120142));
#1128 = CARTESIAN_POINT('',(15.379677038284,-12.07239559299,
    33.000066040132));
#1129 = DEFINITIONAL_REPRESENTATION('',(#1130),#1133);
#1130 = B_SPLINE_CURVE_WITH_KNOTS('',1,(#1131,#1132),.UNSPECIFIED.,.F.,
  .F.,(2,2),(0.,2.688277844265),.PIECEWISE_BEZIER_KNOTS.);
#1131 = CARTESIAN_POINT('',(0.,0.));
#1132 = CARTESIAN_POINT('',(2.688277844265,0.));
#1133 = ( GEOMETRIC_REPRESENTATION_CONTEXT(2) 
PARAMETRIC_REPRESENTATION_CONTEXT() REPRESENTATION_CONTEXT('2D SPACE',''
  ) );
#1134 = ORIENTED_EDGE('',*,*,#1135,.T.);
#1135 = EDGE_CURVE('',#1111,#1136,#1138,.T.);
#1136 = VERTEX_POINT('',#1137);
#1137 = CARTESIAN_POINT('',(15.424552478693,-12.1238609226,
    33.000066040132));
#1138 = SURFACE_CURVE('',#1139,(#1142,#1148),.PCURVE_S1.);
#1139 = B_SPLINE_CURVE_WITH_KNOTS('',1,(#1140,#1141),.UNSPECIFIED.,.F.,
  .F.,(2,2),(0.,2.688277844265),.PIECEWISE_BEZIER_KNOTS.);
#1140 = CARTESIAN_POINT('',(15.379677038284,-12.07239559299,
    33.000066040132));
#1141 = CARTESIAN_POINT('',(15.424552478693,-12.1238609226,
    33.000066040132));
#1142 = PCURVE('',#115,#1143);
#1143 = DEFINITIONAL_REPRESENTATION('',(#1144),#1147);
#1144 = B_SPLINE_CURVE_WITH_KNOTS('',1,(#1145,#1146),.UNSPECIFIED.,.F.,
  .F.,(2,2),(0.,2.688277844265),.PIECEWISE_BEZIER_KNOTS.);
#1145 = CARTESIAN_POINT('',(-117.3557349972,115.45483550383));
#1146 = CARTESIAN_POINT('',(-119.1224810861,113.42864547691));
#1147 = ( GEOMETRIC_REPRESENTATION_CONTEXT(2) 
PARAMETRIC_REPRESENTATION_CONTEXT() REPRESENTATION_CONTEXT('2D SPACE',''
  ) );
#1148 = PCURVE('',#1149,#1154);
#1149 = B_SPLINE_SURFACE_WITH_KNOTS('',1,1,(
    (#1150,#1151)
    ,(#1152,#1153
    )),.UNSPECIFIED.,.F.,.F.,.F.,(2,2),(2,2),(0.,2.688277844265),(
    -78.7402,0.),.PIECEWISE_BEZIER_KNOTS.);
#1150 = CARTESIAN_POINT('',(15.379677038284,-12.07239559299,
    35.000071120142));
#1151 = CARTESIAN_POINT('',(15.379677038284,-12.07239559299,
    33.000066040132));
#1152 = CARTESIAN_POINT('',(15.424552478693,-12.1238609226,
    35.000071120142));
#1153 = CARTESIAN_POINT('',(15.424552478693,-12.1238609226,
    33.000066040132));
#1154 = DEFINITIONAL_REPRESENTATION('',(#1155),#1158);
#1155 = B_SPLINE_CURVE_WITH_KNOTS('',1,(#1156,#1157),.UNSPECIFIED.,.F.,
  .F.,(2,2),(0.,2.688277844265),.PIECEWISE_BEZIER_KNOTS.);
#1156 = CARTESIAN_POINT('',(0.,0.));
#1157 = CARTESIAN_POINT('',(2.688277844265,0.));
#1158 = ( GEOMETRIC_REPRESENTATION_CONTEXT(2) 
PARAMETRIC_REPRESENTATION_CONTEXT() REPRESENTATION_CONTEXT('2D SPACE',''
  ) );
#1159 = ORIENTED_EDGE('',*,*,#1160,.T.);
#1160 = EDGE_CURVE('',#1136,#1161,#1163,.T.);
#1161 = VERTEX_POINT('',#1162);
#1162 = CARTESIAN_POINT('',(15.465811185797,-12.17826868301,
    33.000066040132));
#1163 = SURFACE_CURVE('',#1164,(#1167,#1173),.PCURVE_S1.);
#1164 = B_SPLINE_CURVE_WITH_KNOTS('',1,(#1165,#1166),.UNSPECIFIED.,.F.,
  .F.,(2,2),(0.,2.688277844265),.PIECEWISE_BEZIER_KNOTS.);
#1165 = CARTESIAN_POINT('',(15.424552478693,-12.1238609226,
    33.000066040132));
#1166 = CARTESIAN_POINT('',(15.465811185797,-12.17826868301,
    33.000066040132));
#1167 = PCURVE('',#115,#1168);
#1168 = DEFINITIONAL_REPRESENTATION('',(#1169),#1172);
#1169 = B_SPLINE_CURVE_WITH_KNOTS('',1,(#1170,#1171),.UNSPECIFIED.,.F.,
  .F.,(2,2),(0.,2.688277844265),.PIECEWISE_BEZIER_KNOTS.);
#1170 = CARTESIAN_POINT('',(-119.1224810861,113.42864547691));
#1171 = CARTESIAN_POINT('',(-120.7468363848,111.28661194969));
#1172 = ( GEOMETRIC_REPRESENTATION_CONTEXT(2) 
PARAMETRIC_REPRESENTATION_CONTEXT() REPRESENTATION_CONTEXT('2D SPACE',''
  ) );
#1173 = PCURVE('',#1174,#1179);
#1174 = B_SPLINE_SURFACE_WITH_KNOTS('',1,1,(
    (#1175,#1176)
    ,(#1177,#1178
    )),.UNSPECIFIED.,.F.,.F.,.F.,(2,2),(2,2),(0.,2.688277844265),(
    -78.7402,0.),.PIECEWISE_BEZIER_KNOTS.);
#1175 = CARTESIAN_POINT('',(15.424552478693,-12.1238609226,
    35.000071120142));
#1176 = CARTESIAN_POINT('',(15.424552478693,-12.1238609226,
    33.000066040132));
#1177 = CARTESIAN_POINT('',(15.465811185797,-12.17826868301,
    35.000071120142));
#1178 = CARTESIAN_POINT('',(15.465811185797,-12.17826868301,
    33.000066040132));
#1179 = DEFINITIONAL_REPRESENTATION('',(#1180),#1183);
#1180 = B_SPLINE_CURVE_WITH_KNOTS('',1,(#1181,#1182),.UNSPECIFIED.,.F.,
  .F.,(2,2),(0.,2.688277844265),.PIECEWISE_BEZIER_KNOTS.);
#1181 = CARTESIAN_POINT('',(0.,0.));
#1182 = CARTESIAN_POINT('',(2.688277844265,0.));
#1183 = ( GEOMETRIC_REPRESENTATION_CONTEXT(2) 
PARAMETRIC_REPRESENTATION_CONTEXT() REPRESENTATION_CONTEXT('2D SPACE',''
  ) );
#1184 = ORIENTED_EDGE('',*,*,#1185,.T.);
#1185 = EDGE_CURVE('',#1161,#1186,#1188,.T.);
#1186 = VERTEX_POINT('',#1187);
#1187 = CARTESIAN_POINT('',(15.503260792455,-12.23536520012,
    33.000066040132));
#1188 = SURFACE_CURVE('',#1189,(#1192,#1198),.PCURVE_S1.);
#1189 = B_SPLINE_CURVE_WITH_KNOTS('',1,(#1190,#1191),.UNSPECIFIED.,.F.,
  .F.,(2,2),(0.,2.688277844265),.PIECEWISE_BEZIER_KNOTS.);
#1190 = CARTESIAN_POINT('',(15.465811185797,-12.17826868301,
    33.000066040132));
#1191 = CARTESIAN_POINT('',(15.503260792455,-12.23536520012,
    33.000066040132));
#1192 = PCURVE('',#115,#1193);
#1193 = DEFINITIONAL_REPRESENTATION('',(#1194),#1197);
#1194 = B_SPLINE_CURVE_WITH_KNOTS('',1,(#1195,#1196),.UNSPECIFIED.,.F.,
  .F.,(2,2),(0.,2.688277844265),.PIECEWISE_BEZIER_KNOTS.);
#1195 = CARTESIAN_POINT('',(-120.7468363848,111.28661194969));
#1196 = CARTESIAN_POINT('',(-122.2212273989,109.03872207129));
#1197 = ( GEOMETRIC_REPRESENTATION_CONTEXT(2) 
PARAMETRIC_REPRESENTATION_CONTEXT() REPRESENTATION_CONTEXT('2D SPACE',''
  ) );
#1198 = PCURVE('',#1199,#1204);
#1199 = B_SPLINE_SURFACE_WITH_KNOTS('',1,1,(
    (#1200,#1201)
    ,(#1202,#1203
    )),.UNSPECIFIED.,.F.,.F.,.F.,(2,2),(2,2),(0.,2.688277844265),(
    -78.7402,0.),.PIECEWISE_BEZIER_KNOTS.);
#1200 = CARTESIAN_POINT('',(15.465811185797,-12.17826868301,
    35.000071120142));
#1201 = CARTESIAN_POINT('',(15.465811185797,-12.17826868301,
    33.000066040132));
#1202 = CARTESIAN_POINT('',(15.503260792455,-12.23536520012,
    35.000071120142));
#1203 = CARTESIAN_POINT('',(15.503260792455,-12.23536520012,
    33.000066040132));
#1204 = DEFINITIONAL_REPRESENTATION('',(#1205),#1208);
#1205 = B_SPLINE_CURVE_WITH_KNOTS('',1,(#1206,#1207),.UNSPECIFIED.,.F.,
  .F.,(2,2),(0.,2.688277844265),.PIECEWISE_BEZIER_KNOTS.);
#1206 = CARTESIAN_POINT('',(0.,0.));
#1207 = CARTESIAN_POINT('',(2.688277844265,0.));
#1208 = ( GEOMETRIC_REPRESENTATION_CONTEXT(2) 
PARAMETRIC_REPRESENTATION_CONTEXT() REPRESENTATION_CONTEXT('2D SPACE',''
  ) );
#1209 = ORIENTED_EDGE('',*,*,#1210,.T.);
#1210 = EDGE_CURVE('',#1186,#1211,#1213,.T.);
#1211 = VERTEX_POINT('',#1212);
#1212 = CARTESIAN_POINT('',(15.536726691314,-12.2948842636,
    33.000066040132));
#1213 = SURFACE_CURVE('',#1214,(#1217,#1223),.PCURVE_S1.);
#1214 = B_SPLINE_CURVE_WITH_KNOTS('',1,(#1215,#1216),.UNSPECIFIED.,.F.,
  .F.,(2,2),(0.,2.688277844265),.PIECEWISE_BEZIER_KNOTS.);
#1215 = CARTESIAN_POINT('',(15.503260792455,-12.23536520012,
    33.000066040132));
#1216 = CARTESIAN_POINT('',(15.536726691314,-12.2948842636,
    33.000066040132));
#1217 = PCURVE('',#115,#1218);
#1218 = DEFINITIONAL_REPRESENTATION('',(#1219),#1222);
#1219 = B_SPLINE_CURVE_WITH_KNOTS('',1,(#1220,#1221),.UNSPECIFIED.,.F.,
  .F.,(2,2),(0.,2.688277844265),.PIECEWISE_BEZIER_KNOTS.);
#1220 = CARTESIAN_POINT('',(-122.2212273989,109.03872207129));
#1221 = CARTESIAN_POINT('',(-123.538779837,106.69545654197));
#1222 = ( GEOMETRIC_REPRESENTATION_CONTEXT(2) 
PARAMETRIC_REPRESENTATION_CONTEXT() REPRESENTATION_CONTEXT('2D SPACE',''
  ) );
#1223 = PCURVE('',#1224,#1229);
#1224 = B_SPLINE_SURFACE_WITH_KNOTS('',1,1,(
    (#1225,#1226)
    ,(#1227,#1228
    )),.UNSPECIFIED.,.F.,.F.,.F.,(2,2),(2,2),(0.,2.688277844265),(
    -78.7402,0.),.PIECEWISE_BEZIER_KNOTS.);
#1225 = CARTESIAN_POINT('',(15.503260792455,-12.23536520012,
    35.000071120142));
#1226 = CARTESIAN_POINT('',(15.503260792455,-12.23536520012,
    33.000066040132));
#1227 = CARTESIAN_POINT('',(15.536726691314,-12.2948842636,
    35.000071120142));
#1228 = CARTESIAN_POINT('',(15.536726691314,-12.2948842636,
    33.000066040132));
#1229 = DEFINITIONAL_REPRESENTATION('',(#1230),#1233);
#1230 = B_SPLINE_CURVE_WITH_KNOTS('',1,(#1231,#1232),.UNSPECIFIED.,.F.,
  .F.,(2,2),(0.,2.688277844265),.PIECEWISE_BEZIER_KNOTS.);
#1231 = CARTESIAN_POINT('',(0.,0.));
#1232 = CARTESIAN_POINT('',(2.688277844265,0.));
#1233 = ( GEOMETRIC_REPRESENTATION_CONTEXT(2) 
PARAMETRIC_REPRESENTATION_CONTEXT() REPRESENTATION_CONTEXT('2D SPACE',''
  ) );
#1234 = ORIENTED_EDGE('',*,*,#1235,.T.);
#1235 = EDGE_CURVE('',#1211,#1236,#1238,.T.);
#1236 = VERTEX_POINT('',#1237);
#1237 = CARTESIAN_POINT('',(15.566052848905,-12.35654836811,
    33.000066040132));
#1238 = SURFACE_CURVE('',#1239,(#1242,#1248),.PCURVE_S1.);
#1239 = B_SPLINE_CURVE_WITH_KNOTS('',1,(#1240,#1241),.UNSPECIFIED.,.F.,
  .F.,(2,2),(0.,2.688277844265),.PIECEWISE_BEZIER_KNOTS.);
#1240 = CARTESIAN_POINT('',(15.536726691314,-12.2948842636,
    33.000066040132));
#1241 = CARTESIAN_POINT('',(15.566052848905,-12.35654836811,
    33.000066040132));
#1242 = PCURVE('',#115,#1243);
#1243 = DEFINITIONAL_REPRESENTATION('',(#1244),#1247);
#1244 = B_SPLINE_CURVE_WITH_KNOTS('',1,(#1245,#1246),.UNSPECIFIED.,.F.,
  .F.,(2,2),(0.,2.688277844265),.PIECEWISE_BEZIER_KNOTS.);
#1245 = CARTESIAN_POINT('',(-123.538779837,106.69545654197));
#1246 = CARTESIAN_POINT('',(-124.6933506614,104.26774074735));
#1247 = ( GEOMETRIC_REPRESENTATION_CONTEXT(2) 
PARAMETRIC_REPRESENTATION_CONTEXT() REPRESENTATION_CONTEXT('2D SPACE',''
  ) );
#1248 = PCURVE('',#1249,#1254);
#1249 = B_SPLINE_SURFACE_WITH_KNOTS('',1,1,(
    (#1250,#1251)
    ,(#1252,#1253
    )),.UNSPECIFIED.,.F.,.F.,.F.,(2,2),(2,2),(0.,2.688277844265),(
    -78.7402,0.),.PIECEWISE_BEZIER_KNOTS.);
#1250 = CARTESIAN_POINT('',(15.536726691314,-12.2948842636,
    35.000071120142));
#1251 = CARTESIAN_POINT('',(15.536726691314,-12.2948842636,
    33.000066040132));
#1252 = CARTESIAN_POINT('',(15.566052848905,-12.35654836811,
    35.000071120142));
#1253 = CARTESIAN_POINT('',(15.566052848905,-12.35654836811,
    33.000066040132));
#1254 = DEFINITIONAL_REPRESENTATION('',(#1255),#1258);
#1255 = B_SPLINE_CURVE_WITH_KNOTS('',1,(#1256,#1257),.UNSPECIFIED.,.F.,
  .F.,(2,2),(0.,2.688277844265),.PIECEWISE_BEZIER_KNOTS.);
#1256 = CARTESIAN_POINT('',(0.,0.));
#1257 = CARTESIAN_POINT('',(2.688277844265,0.));
#1258 = ( GEOMETRIC_REPRESENTATION_CONTEXT(2) 
PARAMETRIC_REPRESENTATION_CONTEXT() REPRESENTATION_CONTEXT('2D SPACE',''
  ) );
#1259 = ORIENTED_EDGE('',*,*,#1260,.T.);
#1260 = EDGE_CURVE('',#1236,#1261,#1263,.T.);
#1261 = VERTEX_POINT('',#1262);
#1262 = CARTESIAN_POINT('',(15.591102533145,-12.42007000713,
    33.000066040132));
#1263 = SURFACE_CURVE('',#1264,(#1267,#1273),.PCURVE_S1.);
#1264 = B_SPLINE_CURVE_WITH_KNOTS('',1,(#1265,#1266),.UNSPECIFIED.,.F.,
  .F.,(2,2),(0.,2.688277844265),.PIECEWISE_BEZIER_KNOTS.);
#1265 = CARTESIAN_POINT('',(15.566052848905,-12.35654836811,
    33.000066040132));
#1266 = CARTESIAN_POINT('',(15.591102533145,-12.42007000713,
    33.000066040132));
#1267 = PCURVE('',#115,#1268);
#1268 = DEFINITIONAL_REPRESENTATION('',(#1269),#1272);
#1269 = B_SPLINE_CURVE_WITH_KNOTS('',1,(#1270,#1271),.UNSPECIFIED.,.F.,
  .F.,(2,2),(0.,2.688277844265),.PIECEWISE_BEZIER_KNOTS.);
#1270 = CARTESIAN_POINT('',(-124.6933506614,104.26774074735));
#1271 = CARTESIAN_POINT('',(-125.6795567299,101.76689381913));
#1272 = ( GEOMETRIC_REPRESENTATION_CONTEXT(2) 
PARAMETRIC_REPRESENTATION_CONTEXT() REPRESENTATION_CONTEXT('2D SPACE',''
  ) );
#1273 = PCURVE('',#1274,#1279);
#1274 = B_SPLINE_SURFACE_WITH_KNOTS('',1,1,(
    (#1275,#1276)
    ,(#1277,#1278
    )),.UNSPECIFIED.,.F.,.F.,.F.,(2,2),(2,2),(0.,2.688277844265),(
    -78.7402,0.),.PIECEWISE_BEZIER_KNOTS.);
#1275 = CARTESIAN_POINT('',(15.566052848905,-12.35654836811,
    35.000071120142));
#1276 = CARTESIAN_POINT('',(15.566052848905,-12.35654836811,
    33.000066040132));
#1277 = CARTESIAN_POINT('',(15.591102533145,-12.42007000713,
    35.000071120142));
#1278 = CARTESIAN_POINT('',(15.591102533145,-12.42007000713,
    33.000066040132));
#1279 = DEFINITIONAL_REPRESENTATION('',(#1280),#1283);
#1280 = B_SPLINE_CURVE_WITH_KNOTS('',1,(#1281,#1282),.UNSPECIFIED.,.F.,
  .F.,(2,2),(0.,2.688277844265),.PIECEWISE_BEZIER_KNOTS.);
#1281 = CARTESIAN_POINT('',(0.,0.));
#1282 = CARTESIAN_POINT('',(2.688277844265,0.));
#1283 = ( GEOMETRIC_REPRESENTATION_CONTEXT(2) 
PARAMETRIC_REPRESENTATION_CONTEXT() REPRESENTATION_CONTEXT('2D SPACE',''
  ) );
#1284 = ORIENTED_EDGE('',*,*,#1285,.T.);
#1285 = EDGE_CURVE('',#1261,#1286,#1288,.T.);
#1286 = VERTEX_POINT('',#1287);
#1287 = CARTESIAN_POINT('',(15.611758950841,-12.48515301345,
    33.000066040132));
#1288 = SURFACE_CURVE('',#1289,(#1292,#1298),.PCURVE_S1.);
#1289 = B_SPLINE_CURVE_WITH_KNOTS('',1,(#1290,#1291),.UNSPECIFIED.,.F.,
  .F.,(2,2),(0.,2.688277844265),.PIECEWISE_BEZIER_KNOTS.);
#1290 = CARTESIAN_POINT('',(15.591102533145,-12.42007000713,
    33.000066040132));
#1291 = CARTESIAN_POINT('',(15.611758950841,-12.48515301345,
    33.000066040132));
#1292 = PCURVE('',#115,#1293);
#1293 = DEFINITIONAL_REPRESENTATION('',(#1294),#1297);
#1294 = B_SPLINE_CURVE_WITH_KNOTS('',1,(#1295,#1296),.UNSPECIFIED.,.F.,
  .F.,(2,2),(0.,2.688277844265),.PIECEWISE_BEZIER_KNOTS.);
#1295 = CARTESIAN_POINT('',(-125.6795567299,101.76689381913));
#1296 = CARTESIAN_POINT('',(-126.4927998946,99.204575860129));
#1297 = ( GEOMETRIC_REPRESENTATION_CONTEXT(2) 
PARAMETRIC_REPRESENTATION_CONTEXT() REPRESENTATION_CONTEXT('2D SPACE',''
  ) );
#1298 = PCURVE('',#1299,#1304);
#1299 = B_SPLINE_SURFACE_WITH_KNOTS('',1,1,(
    (#1300,#1301)
    ,(#1302,#1303
    )),.UNSPECIFIED.,.F.,.F.,.F.,(2,2),(2,2),(0.,2.688277844265),(
    -78.7402,0.),.PIECEWISE_BEZIER_KNOTS.);
#1300 = CARTESIAN_POINT('',(15.591102533145,-12.42007000713,
    35.000071120142));
#1301 = CARTESIAN_POINT('',(15.591102533145,-12.42007000713,
    33.000066040132));
#1302 = CARTESIAN_POINT('',(15.611758950841,-12.48515301345,
    35.000071120142));
#1303 = CARTESIAN_POINT('',(15.611758950841,-12.48515301345,
    33.000066040132));
#1304 = DEFINITIONAL_REPRESENTATION('',(#1305),#1308);
#1305 = B_SPLINE_CURVE_WITH_KNOTS('',1,(#1306,#1307),.UNSPECIFIED.,.F.,
  .F.,(2,2),(0.,2.688277844265),.PIECEWISE_BEZIER_KNOTS.);
#1306 = CARTESIAN_POINT('',(0.,0.));
#1307 = CARTESIAN_POINT('',(2.688277844265,0.));
#1308 = ( GEOMETRIC_REPRESENTATION_CONTEXT(2) 
PARAMETRIC_REPRESENTATION_CONTEXT() REPRESENTATION_CONTEXT('2D SPACE',''
  ) );
#1309 = ORIENTED_EDGE('',*,*,#1310,.T.);
#1310 = EDGE_CURVE('',#1286,#1311,#1313,.T.);
#1311 = VERTEX_POINT('',#1312);
#1312 = CARTESIAN_POINT('',(15.627925792239,-12.55149394006,
    33.000066040132));
#1313 = SURFACE_CURVE('',#1314,(#1317,#1323),.PCURVE_S1.);
#1314 = B_SPLINE_CURVE_WITH_KNOTS('',1,(#1315,#1316),.UNSPECIFIED.,.F.,
  .F.,(2,2),(0.,2.688277844265),.PIECEWISE_BEZIER_KNOTS.);
#1315 = CARTESIAN_POINT('',(15.611758950841,-12.48515301345,
    33.000066040132));
#1316 = CARTESIAN_POINT('',(15.627925792239,-12.55149394006,
    33.000066040132));
#1317 = PCURVE('',#115,#1318);
#1318 = DEFINITIONAL_REPRESENTATION('',(#1319),#1322);
#1319 = B_SPLINE_CURVE_WITH_KNOTS('',1,(#1320,#1321),.UNSPECIFIED.,.F.,
  .F.,(2,2),(0.,2.688277844265),.PIECEWISE_BEZIER_KNOTS.);
#1320 = CARTESIAN_POINT('',(-126.4927998946,99.204575860129));
#1321 = CARTESIAN_POINT('',(-127.1292884404,96.592733579484));
#1322 = ( GEOMETRIC_REPRESENTATION_CONTEXT(2) 
PARAMETRIC_REPRESENTATION_CONTEXT() REPRESENTATION_CONTEXT('2D SPACE',''
  ) );
#1323 = PCURVE('',#1324,#1329);
#1324 = B_SPLINE_SURFACE_WITH_KNOTS('',1,1,(
    (#1325,#1326)
    ,(#1327,#1328
    )),.UNSPECIFIED.,.F.,.F.,.F.,(2,2),(2,2),(0.,2.688277844265),(
    -78.7402,0.),.PIECEWISE_BEZIER_KNOTS.);
#1325 = CARTESIAN_POINT('',(15.611758950841,-12.48515301345,
    35.000071120142));
#1326 = CARTESIAN_POINT('',(15.611758950841,-12.48515301345,
    33.000066040132));
#1327 = CARTESIAN_POINT('',(15.627925792239,-12.55149394006,
    35.000071120142));
#1328 = CARTESIAN_POINT('',(15.627925792239,-12.55149394006,
    33.000066040132));
#1329 = DEFINITIONAL_REPRESENTATION('',(#1330),#1333);
#1330 = B_SPLINE_CURVE_WITH_KNOTS('',1,(#1331,#1332),.UNSPECIFIED.,.F.,
  .F.,(2,2),(0.,2.688277844265),.PIECEWISE_BEZIER_KNOTS.);
#1331 = CARTESIAN_POINT('',(0.,0.));
#1332 = CARTESIAN_POINT('',(2.688277844265,0.));
#1333 = ( GEOMETRIC_REPRESENTATION_CONTEXT(2) 
PARAMETRIC_REPRESENTATION_CONTEXT() REPRESENTATION_CONTEXT('2D SPACE',''
  ) );
#1334 = ORIENTED_EDGE('',*,*,#1335,.T.);
#1335 = EDGE_CURVE('',#1311,#1336,#1338,.T.);
#1336 = VERTEX_POINT('',#1337);
#1337 = CARTESIAN_POINT('',(15.639527680062,-12.61878347494,
    33.000066040132));
#1338 = SURFACE_CURVE('',#1339,(#1342,#1348),.PCURVE_S1.);
#1339 = B_SPLINE_CURVE_WITH_KNOTS('',1,(#1340,#1341),.UNSPECIFIED.,.F.,
  .F.,(2,2),(0.,2.688277844265),.PIECEWISE_BEZIER_KNOTS.);
#1340 = CARTESIAN_POINT('',(15.627925792239,-12.55149394006,
    33.000066040132));
#1341 = CARTESIAN_POINT('',(15.639527680062,-12.61878347494,
    33.000066040132));
#1342 = PCURVE('',#115,#1343);
#1343 = DEFINITIONAL_REPRESENTATION('',(#1344),#1347);
#1344 = B_SPLINE_CURVE_WITH_KNOTS('',1,(#1345,#1346),.UNSPECIFIED.,.F.,
  .F.,(2,2),(0.,2.688277844265),.PIECEWISE_BEZIER_KNOTS.);
#1345 = CARTESIAN_POINT('',(-127.1292884404,96.592733579484));
#1346 = CARTESIAN_POINT('',(-127.586054764,93.943544591584));
#1347 = ( GEOMETRIC_REPRESENTATION_CONTEXT(2) 
PARAMETRIC_REPRESENTATION_CONTEXT() REPRESENTATION_CONTEXT('2D SPACE',''
  ) );
#1348 = PCURVE('',#1349,#1354);
#1349 = B_SPLINE_SURFACE_WITH_KNOTS('',1,1,(
    (#1350,#1351)
    ,(#1352,#1353
    )),.UNSPECIFIED.,.F.,.F.,.F.,(2,2),(2,2),(0.,2.688277844265),(
    -78.7402,0.),.PIECEWISE_BEZIER_KNOTS.);
#1350 = CARTESIAN_POINT('',(15.627925792239,-12.55149394006,
    35.000071120142));
#1351 = CARTESIAN_POINT('',(15.627925792239,-12.55149394006,
    33.000066040132));
#1352 = CARTESIAN_POINT('',(15.639527680062,-12.61878347494,
    35.000071120142));
#1353 = CARTESIAN_POINT('',(15.639527680062,-12.61878347494,
    33.000066040132));
#1354 = DEFINITIONAL_REPRESENTATION('',(#1355),#1358);
#1355 = B_SPLINE_CURVE_WITH_KNOTS('',1,(#1356,#1357),.UNSPECIFIED.,.F.,
  .F.,(2,2),(0.,2.688277844265),.PIECEWISE_BEZIER_KNOTS.);
#1356 = CARTESIAN_POINT('',(0.,0.));
#1357 = CARTESIAN_POINT('',(2.688277844265,0.));
#1358 = ( GEOMETRIC_REPRESENTATION_CONTEXT(2) 
PARAMETRIC_REPRESENTATION_CONTEXT() REPRESENTATION_CONTEXT('2D SPACE',''
  ) );
#1359 = ORIENTED_EDGE('',*,*,#1360,.T.);
#1360 = EDGE_CURVE('',#1336,#1361,#1363,.T.);
#1361 = VERTEX_POINT('',#1362);
#1362 = CARTESIAN_POINT('',(15.646510520953,-12.6867078832,
    33.000066040132));
#1363 = SURFACE_CURVE('',#1364,(#1367,#1373),.PCURVE_S1.);
#1364 = B_SPLINE_CURVE_WITH_KNOTS('',1,(#1365,#1366),.UNSPECIFIED.,.F.,
  .F.,(2,2),(0.,2.688277844265),.PIECEWISE_BEZIER_KNOTS.);
#1365 = CARTESIAN_POINT('',(15.639527680062,-12.61878347494,
    33.000066040132));
#1366 = CARTESIAN_POINT('',(15.646510520953,-12.6867078832,
    33.000066040132));
#1367 = PCURVE('',#115,#1368);
#1368 = DEFINITIONAL_REPRESENTATION('',(#1369),#1372);
#1369 = B_SPLINE_CURVE_WITH_KNOTS('',1,(#1370,#1371),.UNSPECIFIED.,.F.,
  .F.,(2,2),(0.,2.688277844265),.PIECEWISE_BEZIER_KNOTS.);
#1370 = CARTESIAN_POINT('',(-127.586054764,93.943544591584));
#1371 = CARTESIAN_POINT('',(-127.8609692099,91.269360638409));
#1372 = ( GEOMETRIC_REPRESENTATION_CONTEXT(2) 
PARAMETRIC_REPRESENTATION_CONTEXT() REPRESENTATION_CONTEXT('2D SPACE',''
  ) );
#1373 = PCURVE('',#1374,#1379);
#1374 = B_SPLINE_SURFACE_WITH_KNOTS('',1,1,(
    (#1375,#1376)
    ,(#1377,#1378
    )),.UNSPECIFIED.,.F.,.F.,.F.,(2,2),(2,2),(0.,2.688277844265),(
    -78.7402,0.),.PIECEWISE_BEZIER_KNOTS.);
#1375 = CARTESIAN_POINT('',(15.639527680062,-12.61878347494,
    35.000071120142));
#1376 = CARTESIAN_POINT('',(15.639527680062,-12.61878347494,
    33.000066040132));
#1377 = CARTESIAN_POINT('',(15.646510520953,-12.6867078832,
    35.000071120142));
#1378 = CARTESIAN_POINT('',(15.646510520953,-12.6867078832,
    33.000066040132));
#1379 = DEFINITIONAL_REPRESENTATION('',(#1380),#1383);
#1380 = B_SPLINE_CURVE_WITH_KNOTS('',1,(#1381,#1382),.UNSPECIFIED.,.F.,
  .F.,(2,2),(0.,2.688277844265),.PIECEWISE_BEZIER_KNOTS.);
#1381 = CARTESIAN_POINT('',(0.,0.));
#1382 = CARTESIAN_POINT('',(2.688277844265,0.));
#1383 = ( GEOMETRIC_REPRESENTATION_CONTEXT(2) 
PARAMETRIC_REPRESENTATION_CONTEXT() REPRESENTATION_CONTEXT('2D SPACE',''
  ) );
#1384 = ORIENTED_EDGE('',*,*,#1385,.T.);
#1385 = EDGE_CURVE('',#1361,#1386,#1388,.T.);
#1386 = VERTEX_POINT('',#1387);
#1387 = CARTESIAN_POINT('',(15.648841757684,-12.7549504699,
    33.000066040132));
#1388 = SURFACE_CURVE('',#1389,(#1392,#1398),.PCURVE_S1.);
#1389 = B_SPLINE_CURVE_WITH_KNOTS('',1,(#1390,#1391),.UNSPECIFIED.,.F.,
  .F.,(2,2),(0.,2.688277844265),.PIECEWISE_BEZIER_KNOTS.);
#1390 = CARTESIAN_POINT('',(15.646510520953,-12.6867078832,
    33.000066040132));
#1391 = CARTESIAN_POINT('',(15.648841757684,-12.7549504699,
    33.000066040132));
#1392 = PCURVE('',#115,#1393);
#1393 = DEFINITIONAL_REPRESENTATION('',(#1394),#1397);
#1394 = B_SPLINE_CURVE_WITH_KNOTS('',1,(#1395,#1396),.UNSPECIFIED.,.F.,
  .F.,(2,2),(0.,2.688277844265),.PIECEWISE_BEZIER_KNOTS.);
#1395 = CARTESIAN_POINT('',(-127.8609692099,91.269360638409));
#1396 = CARTESIAN_POINT('',(-127.95275,88.58265));
#1397 = ( GEOMETRIC_REPRESENTATION_CONTEXT(2) 
PARAMETRIC_REPRESENTATION_CONTEXT() REPRESENTATION_CONTEXT('2D SPACE',''
  ) );
#1398 = PCURVE('',#1399,#1404);
#1399 = B_SPLINE_SURFACE_WITH_KNOTS('',1,1,(
    (#1400,#1401)
    ,(#1402,#1403
    )),.UNSPECIFIED.,.F.,.F.,.F.,(2,2),(2,2),(0.,2.688277844265),(
    -78.7402,0.),.PIECEWISE_BEZIER_KNOTS.);
#1400 = CARTESIAN_POINT('',(15.646510520953,-12.6867078832,
    35.000071120142));
#1401 = CARTESIAN_POINT('',(15.646510520953,-12.6867078832,
    33.000066040132));
#1402 = CARTESIAN_POINT('',(15.648841757684,-12.7549504699,
    35.000071120142));
#1403 = CARTESIAN_POINT('',(15.648841757684,-12.7549504699,
    33.000066040132));
#1404 = DEFINITIONAL_REPRESENTATION('',(#1405),#1408);
#1405 = B_SPLINE_CURVE_WITH_KNOTS('',1,(#1406,#1407),.UNSPECIFIED.,.F.,
  .F.,(2,2),(0.,2.688277844265),.PIECEWISE_BEZIER_KNOTS.);
#1406 = CARTESIAN_POINT('',(0.,0.));
#1407 = CARTESIAN_POINT('',(2.688277844265,0.));
#1408 = ( GEOMETRIC_REPRESENTATION_CONTEXT(2) 
PARAMETRIC_REPRESENTATION_CONTEXT() REPRESENTATION_CONTEXT('2D SPACE',''
  ) );
#1409 = ORIENTED_EDGE('',*,*,#1410,.T.);
#1410 = EDGE_CURVE('',#1386,#1411,#1413,.T.);
#1411 = VERTEX_POINT('',#1412);
#1412 = CARTESIAN_POINT('',(15.648841757684,-17.25495808991,
    33.000066040132));
#1413 = SURFACE_CURVE('',#1414,(#1417,#1423),.PCURVE_S1.);
#1414 = B_SPLINE_CURVE_WITH_KNOTS('',1,(#1415,#1416),.UNSPECIFIED.,.F.,
  .F.,(2,2),(0.,177.1653),.PIECEWISE_BEZIER_KNOTS.);
#1415 = CARTESIAN_POINT('',(15.648841757684,-12.7549504699,
    33.000066040132));
#1416 = CARTESIAN_POINT('',(15.648841757684,-17.25495808991,
    33.000066040132));
#1417 = PCURVE('',#115,#1418);
#1418 = DEFINITIONAL_REPRESENTATION('',(#1419),#1422);
#1419 = B_SPLINE_CURVE_WITH_KNOTS('',1,(#1420,#1421),.UNSPECIFIED.,.F.,
  .F.,(2,2),(0.,177.1653),.PIECEWISE_BEZIER_KNOTS.);
#1420 = CARTESIAN_POINT('',(-127.95275,88.58265));
#1421 = CARTESIAN_POINT('',(-127.95275,-88.58265));
#1422 = ( GEOMETRIC_REPRESENTATION_CONTEXT(2) 
PARAMETRIC_REPRESENTATION_CONTEXT() REPRESENTATION_CONTEXT('2D SPACE',''
  ) );
#1423 = PCURVE('',#1424,#1429);
#1424 = B_SPLINE_SURFACE_WITH_KNOTS('',1,1,(
    (#1425,#1426)
    ,(#1427,#1428
  )),.UNSPECIFIED.,.F.,.F.,.F.,(2,2),(2,2),(0.,177.1653),(-78.7402,0.),
  .PIECEWISE_BEZIER_KNOTS.);
#1425 = CARTESIAN_POINT('',(15.648841757684,-12.7549504699,
    35.000071120142));
#1426 = CARTESIAN_POINT('',(15.648841757684,-12.7549504699,
    33.000066040132));
#1427 = CARTESIAN_POINT('',(15.648841757684,-17.25495808991,
    35.000071120142));
#1428 = CARTESIAN_POINT('',(15.648841757684,-17.25495808991,
    33.000066040132));
#1429 = DEFINITIONAL_REPRESENTATION('',(#1430),#1433);
#1430 = B_SPLINE_CURVE_WITH_KNOTS('',1,(#1431,#1432),.UNSPECIFIED.,.F.,
  .F.,(2,2),(0.,177.1653),.PIECEWISE_BEZIER_KNOTS.);
#1431 = CARTESIAN_POINT('',(0.,0.));
#1432 = CARTESIAN_POINT('',(177.1653,0.));
#1433 = ( GEOMETRIC_REPRESENTATION_CONTEXT(2) 
PARAMETRIC_REPRESENTATION_CONTEXT() REPRESENTATION_CONTEXT('2D SPACE',''
  ) );
#1434 = ORIENTED_EDGE('',*,*,#1435,.T.);
#1435 = EDGE_CURVE('',#1411,#1436,#1438,.T.);
#1436 = VERTEX_POINT('',#1437);
#1437 = CARTESIAN_POINT('',(15.646510520953,-17.32320067661,
    33.000066040132));
#1438 = SURFACE_CURVE('',#1439,(#1442,#1448),.PCURVE_S1.);
#1439 = B_SPLINE_CURVE_WITH_KNOTS('',1,(#1440,#1441),.UNSPECIFIED.,.F.,
  .F.,(2,2),(0.,2.688277844265),.PIECEWISE_BEZIER_KNOTS.);
#1440 = CARTESIAN_POINT('',(15.648841757684,-17.25495808991,
    33.000066040132));
#1441 = CARTESIAN_POINT('',(15.646510520953,-17.32320067661,
    33.000066040132));
#1442 = PCURVE('',#115,#1443);
#1443 = DEFINITIONAL_REPRESENTATION('',(#1444),#1447);
#1444 = B_SPLINE_CURVE_WITH_KNOTS('',1,(#1445,#1446),.UNSPECIFIED.,.F.,
  .F.,(2,2),(0.,2.688277844265),.PIECEWISE_BEZIER_KNOTS.);
#1445 = CARTESIAN_POINT('',(-127.95275,-88.58265));
#1446 = CARTESIAN_POINT('',(-127.8609692099,-91.2693606384));
#1447 = ( GEOMETRIC_REPRESENTATION_CONTEXT(2) 
PARAMETRIC_REPRESENTATION_CONTEXT() REPRESENTATION_CONTEXT('2D SPACE',''
  ) );
#1448 = PCURVE('',#1449,#1454);
#1449 = B_SPLINE_SURFACE_WITH_KNOTS('',1,1,(
    (#1450,#1451)
    ,(#1452,#1453
    )),.UNSPECIFIED.,.F.,.F.,.F.,(2,2),(2,2),(0.,2.688277844265),(
    -78.7402,0.),.PIECEWISE_BEZIER_KNOTS.);
#1450 = CARTESIAN_POINT('',(15.648841757684,-17.25495808991,
    35.000071120142));
#1451 = CARTESIAN_POINT('',(15.648841757684,-17.25495808991,
    33.000066040132));
#1452 = CARTESIAN_POINT('',(15.646510520953,-17.32320067661,
    35.000071120142));
#1453 = CARTESIAN_POINT('',(15.646510520953,-17.32320067661,
    33.000066040132));
#1454 = DEFINITIONAL_REPRESENTATION('',(#1455),#1458);
#1455 = B_SPLINE_CURVE_WITH_KNOTS('',1,(#1456,#1457),.UNSPECIFIED.,.F.,
  .F.,(2,2),(0.,2.688277844265),.PIECEWISE_BEZIER_KNOTS.);
#1456 = CARTESIAN_POINT('',(0.,0.));
#1457 = CARTESIAN_POINT('',(2.688277844265,0.));
#1458 = ( GEOMETRIC_REPRESENTATION_CONTEXT(2) 
PARAMETRIC_REPRESENTATION_CONTEXT() REPRESENTATION_CONTEXT('2D SPACE',''
  ) );
#1459 = ORIENTED_EDGE('',*,*,#1460,.T.);
#1460 = EDGE_CURVE('',#1436,#1461,#1463,.T.);
#1461 = VERTEX_POINT('',#1462);
#1462 = CARTESIAN_POINT('',(15.639527680062,-17.39112508487,
    33.000066040132));
#1463 = SURFACE_CURVE('',#1464,(#1467,#1473),.PCURVE_S1.);
#1464 = B_SPLINE_CURVE_WITH_KNOTS('',1,(#1465,#1466),.UNSPECIFIED.,.F.,
  .F.,(2,2),(0.,2.688277844265),.PIECEWISE_BEZIER_KNOTS.);
#1465 = CARTESIAN_POINT('',(15.646510520953,-17.32320067661,
    33.000066040132));
#1466 = CARTESIAN_POINT('',(15.639527680062,-17.39112508487,
    33.000066040132));
#1467 = PCURVE('',#115,#1468);
#1468 = DEFINITIONAL_REPRESENTATION('',(#1469),#1472);
#1469 = B_SPLINE_CURVE_WITH_KNOTS('',1,(#1470,#1471),.UNSPECIFIED.,.F.,
  .F.,(2,2),(0.,2.688277844265),.PIECEWISE_BEZIER_KNOTS.);
#1470 = CARTESIAN_POINT('',(-127.8609692099,-91.2693606384));
#1471 = CARTESIAN_POINT('',(-127.586054764,-93.94354459158));
#1472 = ( GEOMETRIC_REPRESENTATION_CONTEXT(2) 
PARAMETRIC_REPRESENTATION_CONTEXT() REPRESENTATION_CONTEXT('2D SPACE',''
  ) );
#1473 = PCURVE('',#1474,#1479);
#1474 = B_SPLINE_SURFACE_WITH_KNOTS('',1,1,(
    (#1475,#1476)
    ,(#1477,#1478
    )),.UNSPECIFIED.,.F.,.F.,.F.,(2,2),(2,2),(0.,2.688277844265),(
    -78.7402,0.),.PIECEWISE_BEZIER_KNOTS.);
#1475 = CARTESIAN_POINT('',(15.646510520953,-17.32320067661,
    35.000071120142));
#1476 = CARTESIAN_POINT('',(15.646510520953,-17.32320067661,
    33.000066040132));
#1477 = CARTESIAN_POINT('',(15.639527680062,-17.39112508487,
    35.000071120142));
#1478 = CARTESIAN_POINT('',(15.639527680062,-17.39112508487,
    33.000066040132));
#1479 = DEFINITIONAL_REPRESENTATION('',(#1480),#1483);
#1480 = B_SPLINE_CURVE_WITH_KNOTS('',1,(#1481,#1482),.UNSPECIFIED.,.F.,
  .F.,(2,2),(0.,2.688277844265),.PIECEWISE_BEZIER_KNOTS.);
#1481 = CARTESIAN_POINT('',(0.,0.));
#1482 = CARTESIAN_POINT('',(2.688277844265,0.));
#1483 = ( GEOMETRIC_REPRESENTATION_CONTEXT(2) 
PARAMETRIC_REPRESENTATION_CONTEXT() REPRESENTATION_CONTEXT('2D SPACE',''
  ) );
#1484 = ORIENTED_EDGE('',*,*,#1485,.T.);
#1485 = EDGE_CURVE('',#1461,#1486,#1488,.T.);
#1486 = VERTEX_POINT('',#1487);
#1487 = CARTESIAN_POINT('',(15.627925792239,-17.45841461974,
    33.000066040132));
#1488 = SURFACE_CURVE('',#1489,(#1492,#1498),.PCURVE_S1.);
#1489 = B_SPLINE_CURVE_WITH_KNOTS('',1,(#1490,#1491),.UNSPECIFIED.,.F.,
  .F.,(2,2),(0.,2.688277844265),.PIECEWISE_BEZIER_KNOTS.);
#1490 = CARTESIAN_POINT('',(15.639527680062,-17.39112508487,
    33.000066040132));
#1491 = CARTESIAN_POINT('',(15.627925792239,-17.45841461974,
    33.000066040132));
#1492 = PCURVE('',#115,#1493);
#1493 = DEFINITIONAL_REPRESENTATION('',(#1494),#1497);
#1494 = B_SPLINE_CURVE_WITH_KNOTS('',1,(#1495,#1496),.UNSPECIFIED.,.F.,
  .F.,(2,2),(0.,2.688277844265),.PIECEWISE_BEZIER_KNOTS.);
#1495 = CARTESIAN_POINT('',(-127.586054764,-93.94354459158));
#1496 = CARTESIAN_POINT('',(-127.1292884404,-96.59273357948));
#1497 = ( GEOMETRIC_REPRESENTATION_CONTEXT(2) 
PARAMETRIC_REPRESENTATION_CONTEXT() REPRESENTATION_CONTEXT('2D SPACE',''
  ) );
#1498 = PCURVE('',#1499,#1504);
#1499 = B_SPLINE_SURFACE_WITH_KNOTS('',1,1,(
    (#1500,#1501)
    ,(#1502,#1503
    )),.UNSPECIFIED.,.F.,.F.,.F.,(2,2),(2,2),(0.,2.688277844265),(
    -78.7402,0.),.PIECEWISE_BEZIER_KNOTS.);
#1500 = CARTESIAN_POINT('',(15.639527680062,-17.39112508487,
    35.000071120142));
#1501 = CARTESIAN_POINT('',(15.639527680062,-17.39112508487,
    33.000066040132));
#1502 = CARTESIAN_POINT('',(15.627925792239,-17.45841461974,
    35.000071120142));
#1503 = CARTESIAN_POINT('',(15.627925792239,-17.45841461974,
    33.000066040132));
#1504 = DEFINITIONAL_REPRESENTATION('',(#1505),#1508);
#1505 = B_SPLINE_CURVE_WITH_KNOTS('',1,(#1506,#1507),.UNSPECIFIED.,.F.,
  .F.,(2,2),(0.,2.688277844265),.PIECEWISE_BEZIER_KNOTS.);
#1506 = CARTESIAN_POINT('',(0.,0.));
#1507 = CARTESIAN_POINT('',(2.688277844265,0.));
#1508 = ( GEOMETRIC_REPRESENTATION_CONTEXT(2) 
PARAMETRIC_REPRESENTATION_CONTEXT() REPRESENTATION_CONTEXT('2D SPACE',''
  ) );
#1509 = ORIENTED_EDGE('',*,*,#1510,.T.);
#1510 = EDGE_CURVE('',#1486,#1511,#1513,.T.);
#1511 = VERTEX_POINT('',#1512);
#1512 = CARTESIAN_POINT('',(15.611758950841,-17.52475554635,
    33.000066040132));
#1513 = SURFACE_CURVE('',#1514,(#1517,#1523),.PCURVE_S1.);
#1514 = B_SPLINE_CURVE_WITH_KNOTS('',1,(#1515,#1516),.UNSPECIFIED.,.F.,
  .F.,(2,2),(0.,2.688277844265),.PIECEWISE_BEZIER_KNOTS.);
#1515 = CARTESIAN_POINT('',(15.627925792239,-17.45841461974,
    33.000066040132));
#1516 = CARTESIAN_POINT('',(15.611758950841,-17.52475554635,
    33.000066040132));
#1517 = PCURVE('',#115,#1518);
#1518 = DEFINITIONAL_REPRESENTATION('',(#1519),#1522);
#1519 = B_SPLINE_CURVE_WITH_KNOTS('',1,(#1520,#1521),.UNSPECIFIED.,.F.,
  .F.,(2,2),(0.,2.688277844265),.PIECEWISE_BEZIER_KNOTS.);
#1520 = CARTESIAN_POINT('',(-127.1292884404,-96.59273357948));
#1521 = CARTESIAN_POINT('',(-126.4927998946,-99.20457586012));
#1522 = ( GEOMETRIC_REPRESENTATION_CONTEXT(2) 
PARAMETRIC_REPRESENTATION_CONTEXT() REPRESENTATION_CONTEXT('2D SPACE',''
  ) );
#1523 = PCURVE('',#1524,#1529);
#1524 = B_SPLINE_SURFACE_WITH_KNOTS('',1,1,(
    (#1525,#1526)
    ,(#1527,#1528
    )),.UNSPECIFIED.,.F.,.F.,.F.,(2,2),(2,2),(0.,2.688277844265),(
    -78.7402,0.),.PIECEWISE_BEZIER_KNOTS.);
#1525 = CARTESIAN_POINT('',(15.627925792239,-17.45841461974,
    35.000071120142));
#1526 = CARTESIAN_POINT('',(15.627925792239,-17.45841461974,
    33.000066040132));
#1527 = CARTESIAN_POINT('',(15.611758950841,-17.52475554635,
    35.000071120142));
#1528 = CARTESIAN_POINT('',(15.611758950841,-17.52475554635,
    33.000066040132));
#1529 = DEFINITIONAL_REPRESENTATION('',(#1530),#1533);
#1530 = B_SPLINE_CURVE_WITH_KNOTS('',1,(#1531,#1532),.UNSPECIFIED.,.F.,
  .F.,(2,2),(0.,2.688277844265),.PIECEWISE_BEZIER_KNOTS.);
#1531 = CARTESIAN_POINT('',(0.,0.));
#1532 = CARTESIAN_POINT('',(2.688277844265,0.));
#1533 = ( GEOMETRIC_REPRESENTATION_CONTEXT(2) 
PARAMETRIC_REPRESENTATION_CONTEXT() REPRESENTATION_CONTEXT('2D SPACE',''
  ) );
#1534 = ORIENTED_EDGE('',*,*,#1535,.T.);
#1535 = EDGE_CURVE('',#1511,#1536,#1538,.T.);
#1536 = VERTEX_POINT('',#1537);
#1537 = CARTESIAN_POINT('',(15.591102533145,-17.58983855268,
    33.000066040132));
#1538 = SURFACE_CURVE('',#1539,(#1542,#1548),.PCURVE_S1.);
#1539 = B_SPLINE_CURVE_WITH_KNOTS('',1,(#1540,#1541),.UNSPECIFIED.,.F.,
  .F.,(2,2),(0.,2.688277844265),.PIECEWISE_BEZIER_KNOTS.);
#1540 = CARTESIAN_POINT('',(15.611758950841,-17.52475554635,
    33.000066040132));
#1541 = CARTESIAN_POINT('',(15.591102533145,-17.58983855268,
    33.000066040132));
#1542 = PCURVE('',#115,#1543);
#1543 = DEFINITIONAL_REPRESENTATION('',(#1544),#1547);
#1544 = B_SPLINE_CURVE_WITH_KNOTS('',1,(#1545,#1546),.UNSPECIFIED.,.F.,
  .F.,(2,2),(0.,2.688277844265),.PIECEWISE_BEZIER_KNOTS.);
#1545 = CARTESIAN_POINT('',(-126.4927998946,-99.20457586012));
#1546 = CARTESIAN_POINT('',(-125.6795567299,-101.7668938191));
#1547 = ( GEOMETRIC_REPRESENTATION_CONTEXT(2) 
PARAMETRIC_REPRESENTATION_CONTEXT() REPRESENTATION_CONTEXT('2D SPACE',''
  ) );
#1548 = PCURVE('',#1549,#1554);
#1549 = B_SPLINE_SURFACE_WITH_KNOTS('',1,1,(
    (#1550,#1551)
    ,(#1552,#1553
    )),.UNSPECIFIED.,.F.,.F.,.F.,(2,2),(2,2),(0.,2.688277844265),(
    -78.7402,0.),.PIECEWISE_BEZIER_KNOTS.);
#1550 = CARTESIAN_POINT('',(15.611758950841,-17.52475554635,
    35.000071120142));
#1551 = CARTESIAN_POINT('',(15.611758950841,-17.52475554635,
    33.000066040132));
#1552 = CARTESIAN_POINT('',(15.591102533145,-17.58983855268,
    35.000071120142));
#1553 = CARTESIAN_POINT('',(15.591102533145,-17.58983855268,
    33.000066040132));
#1554 = DEFINITIONAL_REPRESENTATION('',(#1555),#1558);
#1555 = B_SPLINE_CURVE_WITH_KNOTS('',1,(#1556,#1557),.UNSPECIFIED.,.F.,
  .F.,(2,2),(0.,2.688277844265),.PIECEWISE_BEZIER_KNOTS.);
#1556 = CARTESIAN_POINT('',(0.,0.));
#1557 = CARTESIAN_POINT('',(2.688277844265,0.));
#1558 = ( GEOMETRIC_REPRESENTATION_CONTEXT(2) 
PARAMETRIC_REPRESENTATION_CONTEXT() REPRESENTATION_CONTEXT('2D SPACE',''
  ) );
#1559 = ORIENTED_EDGE('',*,*,#1560,.T.);
#1560 = EDGE_CURVE('',#1536,#1561,#1563,.T.);
#1561 = VERTEX_POINT('',#1562);
#1562 = CARTESIAN_POINT('',(15.566052848905,-17.6533601917,
    33.000066040132));
#1563 = SURFACE_CURVE('',#1564,(#1567,#1573),.PCURVE_S1.);
#1564 = B_SPLINE_CURVE_WITH_KNOTS('',1,(#1565,#1566),.UNSPECIFIED.,.F.,
  .F.,(2,2),(0.,2.688277844265),.PIECEWISE_BEZIER_KNOTS.);
#1565 = CARTESIAN_POINT('',(15.591102533145,-17.58983855268,
    33.000066040132));
#1566 = CARTESIAN_POINT('',(15.566052848905,-17.6533601917,
    33.000066040132));
#1567 = PCURVE('',#115,#1568);
#1568 = DEFINITIONAL_REPRESENTATION('',(#1569),#1572);
#1569 = B_SPLINE_CURVE_WITH_KNOTS('',1,(#1570,#1571),.UNSPECIFIED.,.F.,
  .F.,(2,2),(0.,2.688277844265),.PIECEWISE_BEZIER_KNOTS.);
#1570 = CARTESIAN_POINT('',(-125.6795567299,-101.7668938191));
#1571 = CARTESIAN_POINT('',(-124.6933506614,-104.2677407473));
#1572 = ( GEOMETRIC_REPRESENTATION_CONTEXT(2) 
PARAMETRIC_REPRESENTATION_CONTEXT() REPRESENTATION_CONTEXT('2D SPACE',''
  ) );
#1573 = PCURVE('',#1574,#1579);
#1574 = B_SPLINE_SURFACE_WITH_KNOTS('',1,1,(
    (#1575,#1576)
    ,(#1577,#1578
    )),.UNSPECIFIED.,.F.,.F.,.F.,(2,2),(2,2),(0.,2.688277844265),(
    -78.7402,0.),.PIECEWISE_BEZIER_KNOTS.);
#1575 = CARTESIAN_POINT('',(15.591102533145,-17.58983855268,
    35.000071120142));
#1576 = CARTESIAN_POINT('',(15.591102533145,-17.58983855268,
    33.000066040132));
#1577 = CARTESIAN_POINT('',(15.566052848905,-17.6533601917,
    35.000071120142));
#1578 = CARTESIAN_POINT('',(15.566052848905,-17.6533601917,
    33.000066040132));
#1579 = DEFINITIONAL_REPRESENTATION('',(#1580),#1583);
#1580 = B_SPLINE_CURVE_WITH_KNOTS('',1,(#1581,#1582),.UNSPECIFIED.,.F.,
  .F.,(2,2),(0.,2.688277844265),.PIECEWISE_BEZIER_KNOTS.);
#1581 = CARTESIAN_POINT('',(0.,0.));
#1582 = CARTESIAN_POINT('',(2.688277844265,0.));
#1583 = ( GEOMETRIC_REPRESENTATION_CONTEXT(2) 
PARAMETRIC_REPRESENTATION_CONTEXT() REPRESENTATION_CONTEXT('2D SPACE',''
  ) );
#1584 = ORIENTED_EDGE('',*,*,#1585,.T.);
#1585 = EDGE_CURVE('',#1561,#1586,#1588,.T.);
#1586 = VERTEX_POINT('',#1587);
#1587 = CARTESIAN_POINT('',(15.536726691314,-17.71502429621,
    33.000066040132));
#1588 = SURFACE_CURVE('',#1589,(#1592,#1598),.PCURVE_S1.);
#1589 = B_SPLINE_CURVE_WITH_KNOTS('',1,(#1590,#1591),.UNSPECIFIED.,.F.,
  .F.,(2,2),(0.,2.688277844265),.PIECEWISE_BEZIER_KNOTS.);
#1590 = CARTESIAN_POINT('',(15.566052848905,-17.6533601917,
    33.000066040132));
#1591 = CARTESIAN_POINT('',(15.536726691314,-17.71502429621,
    33.000066040132));
#1592 = PCURVE('',#115,#1593);
#1593 = DEFINITIONAL_REPRESENTATION('',(#1594),#1597);
#1594 = B_SPLINE_CURVE_WITH_KNOTS('',1,(#1595,#1596),.UNSPECIFIED.,.F.,
  .F.,(2,2),(0.,2.688277844265),.PIECEWISE_BEZIER_KNOTS.);
#1595 = CARTESIAN_POINT('',(-124.6933506614,-104.2677407473));
#1596 = CARTESIAN_POINT('',(-123.538779837,-106.6954565419));
#1597 = ( GEOMETRIC_REPRESENTATION_CONTEXT(2) 
PARAMETRIC_REPRESENTATION_CONTEXT() REPRESENTATION_CONTEXT('2D SPACE',''
  ) );
#1598 = PCURVE('',#1599,#1604);
#1599 = B_SPLINE_SURFACE_WITH_KNOTS('',1,1,(
    (#1600,#1601)
    ,(#1602,#1603
    )),.UNSPECIFIED.,.F.,.F.,.F.,(2,2),(2,2),(0.,2.688277844265),(
    -78.7402,0.),.PIECEWISE_BEZIER_KNOTS.);
#1600 = CARTESIAN_POINT('',(15.566052848905,-17.6533601917,
    35.000071120142));
#1601 = CARTESIAN_POINT('',(15.566052848905,-17.6533601917,
    33.000066040132));
#1602 = CARTESIAN_POINT('',(15.536726691314,-17.71502429621,
    35.000071120142));
#1603 = CARTESIAN_POINT('',(15.536726691314,-17.71502429621,
    33.000066040132));
#1604 = DEFINITIONAL_REPRESENTATION('',(#1605),#1608);
#1605 = B_SPLINE_CURVE_WITH_KNOTS('',1,(#1606,#1607),.UNSPECIFIED.,.F.,
  .F.,(2,2),(0.,2.688277844265),.PIECEWISE_BEZIER_KNOTS.);
#1606 = CARTESIAN_POINT('',(0.,0.));
#1607 = CARTESIAN_POINT('',(2.688277844265,0.));
#1608 = ( GEOMETRIC_REPRESENTATION_CONTEXT(2) 
PARAMETRIC_REPRESENTATION_CONTEXT() REPRESENTATION_CONTEXT('2D SPACE',''
  ) );
#1609 = ORIENTED_EDGE('',*,*,#1610,.T.);
#1610 = EDGE_CURVE('',#1586,#1611,#1613,.T.);
#1611 = VERTEX_POINT('',#1612);
#1612 = CARTESIAN_POINT('',(15.503260792455,-17.77454335969,
    33.000066040132));
#1613 = SURFACE_CURVE('',#1614,(#1617,#1623),.PCURVE_S1.);
#1614 = B_SPLINE_CURVE_WITH_KNOTS('',1,(#1615,#1616),.UNSPECIFIED.,.F.,
  .F.,(2,2),(0.,2.688277844265),.PIECEWISE_BEZIER_KNOTS.);
#1615 = CARTESIAN_POINT('',(15.536726691314,-17.71502429621,
    33.000066040132));
#1616 = CARTESIAN_POINT('',(15.503260792455,-17.77454335969,
    33.000066040132));
#1617 = PCURVE('',#115,#1618);
#1618 = DEFINITIONAL_REPRESENTATION('',(#1619),#1622);
#1619 = B_SPLINE_CURVE_WITH_KNOTS('',1,(#1620,#1621),.UNSPECIFIED.,.F.,
  .F.,(2,2),(0.,2.688277844265),.PIECEWISE_BEZIER_KNOTS.);
#1620 = CARTESIAN_POINT('',(-123.538779837,-106.6954565419));
#1621 = CARTESIAN_POINT('',(-122.2212273989,-109.0387220712));
#1622 = ( GEOMETRIC_REPRESENTATION_CONTEXT(2) 
PARAMETRIC_REPRESENTATION_CONTEXT() REPRESENTATION_CONTEXT('2D SPACE',''
  ) );
#1623 = PCURVE('',#1624,#1629);
#1624 = B_SPLINE_SURFACE_WITH_KNOTS('',1,1,(
    (#1625,#1626)
    ,(#1627,#1628
    )),.UNSPECIFIED.,.F.,.F.,.F.,(2,2),(2,2),(0.,2.688277844265),(
    -78.7402,0.),.PIECEWISE_BEZIER_KNOTS.);
#1625 = CARTESIAN_POINT('',(15.536726691314,-17.71502429621,
    35.000071120142));
#1626 = CARTESIAN_POINT('',(15.536726691314,-17.71502429621,
    33.000066040132));
#1627 = CARTESIAN_POINT('',(15.503260792455,-17.77454335969,
    35.000071120142));
#1628 = CARTESIAN_POINT('',(15.503260792455,-17.77454335969,
    33.000066040132));
#1629 = DEFINITIONAL_REPRESENTATION('',(#1630),#1633);
#1630 = B_SPLINE_CURVE_WITH_KNOTS('',1,(#1631,#1632),.UNSPECIFIED.,.F.,
  .F.,(2,2),(0.,2.688277844265),.PIECEWISE_BEZIER_KNOTS.);
#1631 = CARTESIAN_POINT('',(0.,0.));
#1632 = CARTESIAN_POINT('',(2.688277844265,0.));
#1633 = ( GEOMETRIC_REPRESENTATION_CONTEXT(2) 
PARAMETRIC_REPRESENTATION_CONTEXT() REPRESENTATION_CONTEXT('2D SPACE',''
  ) );
#1634 = ORIENTED_EDGE('',*,*,#1635,.T.);
#1635 = EDGE_CURVE('',#1611,#1636,#1638,.T.);
#1636 = VERTEX_POINT('',#1637);
#1637 = CARTESIAN_POINT('',(15.465811185797,-17.8316398768,
    33.000066040132));
#1638 = SURFACE_CURVE('',#1639,(#1642,#1648),.PCURVE_S1.);
#1639 = B_SPLINE_CURVE_WITH_KNOTS('',1,(#1640,#1641),.UNSPECIFIED.,.F.,
  .F.,(2,2),(0.,2.688277844265),.PIECEWISE_BEZIER_KNOTS.);
#1640 = CARTESIAN_POINT('',(15.503260792455,-17.77454335969,
    33.000066040132));
#1641 = CARTESIAN_POINT('',(15.465811185797,-17.8316398768,
    33.000066040132));
#1642 = PCURVE('',#115,#1643);
#1643 = DEFINITIONAL_REPRESENTATION('',(#1644),#1647);
#1644 = B_SPLINE_CURVE_WITH_KNOTS('',1,(#1645,#1646),.UNSPECIFIED.,.F.,
  .F.,(2,2),(0.,2.688277844265),.PIECEWISE_BEZIER_KNOTS.);
#1645 = CARTESIAN_POINT('',(-122.2212273989,-109.0387220712));
#1646 = CARTESIAN_POINT('',(-120.7468363848,-111.2866119496));
#1647 = ( GEOMETRIC_REPRESENTATION_CONTEXT(2) 
PARAMETRIC_REPRESENTATION_CONTEXT() REPRESENTATION_CONTEXT('2D SPACE',''
  ) );
#1648 = PCURVE('',#1649,#1654);
#1649 = B_SPLINE_SURFACE_WITH_KNOTS('',1,1,(
    (#1650,#1651)
    ,(#1652,#1653
    )),.UNSPECIFIED.,.F.,.F.,.F.,(2,2),(2,2),(0.,2.688277844265),(
    -78.7402,0.),.PIECEWISE_BEZIER_KNOTS.);
#1650 = CARTESIAN_POINT('',(15.503260792455,-17.77454335969,
    35.000071120142));
#1651 = CARTESIAN_POINT('',(15.503260792455,-17.77454335969,
    33.000066040132));
#1652 = CARTESIAN_POINT('',(15.465811185797,-17.8316398768,
    35.000071120142));
#1653 = CARTESIAN_POINT('',(15.465811185797,-17.8316398768,
    33.000066040132));
#1654 = DEFINITIONAL_REPRESENTATION('',(#1655),#1658);
#1655 = B_SPLINE_CURVE_WITH_KNOTS('',1,(#1656,#1657),.UNSPECIFIED.,.F.,
  .F.,(2,2),(0.,2.688277844265),.PIECEWISE_BEZIER_KNOTS.);
#1656 = CARTESIAN_POINT('',(0.,0.));
#1657 = CARTESIAN_POINT('',(2.688277844265,0.));
#1658 = ( GEOMETRIC_REPRESENTATION_CONTEXT(2) 
PARAMETRIC_REPRESENTATION_CONTEXT() REPRESENTATION_CONTEXT('2D SPACE',''
  ) );
#1659 = ORIENTED_EDGE('',*,*,#1660,.T.);
#1660 = EDGE_CURVE('',#1636,#1661,#1663,.T.);
#1661 = VERTEX_POINT('',#1662);
#1662 = CARTESIAN_POINT('',(15.424552478693,-17.8860476372,
    33.000066040132));
#1663 = SURFACE_CURVE('',#1664,(#1667,#1673),.PCURVE_S1.);
#1664 = B_SPLINE_CURVE_WITH_KNOTS('',1,(#1665,#1666),.UNSPECIFIED.,.F.,
  .F.,(2,2),(0.,2.688277844265),.PIECEWISE_BEZIER_KNOTS.);
#1665 = CARTESIAN_POINT('',(15.465811185797,-17.8316398768,
    33.000066040132));
#1666 = CARTESIAN_POINT('',(15.424552478693,-17.8860476372,
    33.000066040132));
#1667 = PCURVE('',#115,#1668);
#1668 = DEFINITIONAL_REPRESENTATION('',(#1669),#1672);
#1669 = B_SPLINE_CURVE_WITH_KNOTS('',1,(#1670,#1671),.UNSPECIFIED.,.F.,
  .F.,(2,2),(0.,2.688277844265),.PIECEWISE_BEZIER_KNOTS.);
#1670 = CARTESIAN_POINT('',(-120.7468363848,-111.2866119496));
#1671 = CARTESIAN_POINT('',(-119.1224810861,-113.4286454769));
#1672 = ( GEOMETRIC_REPRESENTATION_CONTEXT(2) 
PARAMETRIC_REPRESENTATION_CONTEXT() REPRESENTATION_CONTEXT('2D SPACE',''
  ) );
#1673 = PCURVE('',#1674,#1679);
#1674 = B_SPLINE_SURFACE_WITH_KNOTS('',1,1,(
    (#1675,#1676)
    ,(#1677,#1678
    )),.UNSPECIFIED.,.F.,.F.,.F.,(2,2),(2,2),(0.,2.688277844265),(
    -78.7402,0.),.PIECEWISE_BEZIER_KNOTS.);
#1675 = CARTESIAN_POINT('',(15.465811185797,-17.8316398768,
    35.000071120142));
#1676 = CARTESIAN_POINT('',(15.465811185797,-17.8316398768,
    33.000066040132));
#1677 = CARTESIAN_POINT('',(15.424552478693,-17.8860476372,
    35.000071120142));
#1678 = CARTESIAN_POINT('',(15.424552478693,-17.8860476372,
    33.000066040132));
#1679 = DEFINITIONAL_REPRESENTATION('',(#1680),#1683);
#1680 = B_SPLINE_CURVE_WITH_KNOTS('',1,(#1681,#1682),.UNSPECIFIED.,.F.,
  .F.,(2,2),(0.,2.688277844265),.PIECEWISE_BEZIER_KNOTS.);
#1681 = CARTESIAN_POINT('',(0.,0.));
#1682 = CARTESIAN_POINT('',(2.688277844265,0.));
#1683 = ( GEOMETRIC_REPRESENTATION_CONTEXT(2) 
PARAMETRIC_REPRESENTATION_CONTEXT() REPRESENTATION_CONTEXT('2D SPACE',''
  ) );
#1684 = ORIENTED_EDGE('',*,*,#1685,.T.);
#1685 = EDGE_CURVE('',#1661,#1686,#1688,.T.);
#1686 = VERTEX_POINT('',#1687);
#1687 = CARTESIAN_POINT('',(15.379677038284,-17.93751296682,
    33.000066040132));
#1688 = SURFACE_CURVE('',#1689,(#1692,#1698),.PCURVE_S1.);
#1689 = B_SPLINE_CURVE_WITH_KNOTS('',1,(#1690,#1691),.UNSPECIFIED.,.F.,
  .F.,(2,2),(0.,2.688277844265),.PIECEWISE_BEZIER_KNOTS.);
#1690 = CARTESIAN_POINT('',(15.424552478693,-17.8860476372,
    33.000066040132));
#1691 = CARTESIAN_POINT('',(15.379677038284,-17.93751296682,
    33.000066040132));
#1692 = PCURVE('',#115,#1693);
#1693 = DEFINITIONAL_REPRESENTATION('',(#1694),#1697);
#1694 = B_SPLINE_CURVE_WITH_KNOTS('',1,(#1695,#1696),.UNSPECIFIED.,.F.,
  .F.,(2,2),(0.,2.688277844265),.PIECEWISE_BEZIER_KNOTS.);
#1695 = CARTESIAN_POINT('',(-119.1224810861,-113.4286454769));
#1696 = CARTESIAN_POINT('',(-117.3557349972,-115.4548355038));
#1697 = ( GEOMETRIC_REPRESENTATION_CONTEXT(2) 
PARAMETRIC_REPRESENTATION_CONTEXT() REPRESENTATION_CONTEXT('2D SPACE',''
  ) );
#1698 = PCURVE('',#1699,#1704);
#1699 = B_SPLINE_SURFACE_WITH_KNOTS('',1,1,(
    (#1700,#1701)
    ,(#1702,#1703
    )),.UNSPECIFIED.,.F.,.F.,.F.,(2,2),(2,2),(0.,2.688277844265),(
    -78.7402,0.),.PIECEWISE_BEZIER_KNOTS.);
#1700 = CARTESIAN_POINT('',(15.424552478693,-17.8860476372,
    35.000071120142));
#1701 = CARTESIAN_POINT('',(15.424552478693,-17.8860476372,
    33.000066040132));
#1702 = CARTESIAN_POINT('',(15.379677038284,-17.93751296682,
    35.000071120142));
#1703 = CARTESIAN_POINT('',(15.379677038284,-17.93751296682,
    33.000066040132));
#1704 = DEFINITIONAL_REPRESENTATION('',(#1705),#1708);
#1705 = B_SPLINE_CURVE_WITH_KNOTS('',1,(#1706,#1707),.UNSPECIFIED.,.F.,
  .F.,(2,2),(0.,2.688277844265),.PIECEWISE_BEZIER_KNOTS.);
#1706 = CARTESIAN_POINT('',(0.,0.));
#1707 = CARTESIAN_POINT('',(2.688277844265,0.));
#1708 = ( GEOMETRIC_REPRESENTATION_CONTEXT(2) 
PARAMETRIC_REPRESENTATION_CONTEXT() REPRESENTATION_CONTEXT('2D SPACE',''
  ) );
#1709 = ORIENTED_EDGE('',*,*,#1710,.T.);
#1710 = EDGE_CURVE('',#1686,#1711,#1713,.T.);
#1711 = VERTEX_POINT('',#1712);
#1712 = CARTESIAN_POINT('',(15.331394094586,-17.98579591052,
    33.000066040132));
#1713 = SURFACE_CURVE('',#1714,(#1717,#1723),.PCURVE_S1.);
#1714 = B_SPLINE_CURVE_WITH_KNOTS('',1,(#1715,#1716),.UNSPECIFIED.,.F.,
  .F.,(2,2),(0.,2.688277844265),.PIECEWISE_BEZIER_KNOTS.);
#1715 = CARTESIAN_POINT('',(15.379677038284,-17.93751296682,
    33.000066040132));
#1716 = CARTESIAN_POINT('',(15.331394094586,-17.98579591052,
    33.000066040132));
#1717 = PCURVE('',#115,#1718);
#1718 = DEFINITIONAL_REPRESENTATION('',(#1719),#1722);
#1719 = B_SPLINE_CURVE_WITH_KNOTS('',1,(#1720,#1721),.UNSPECIFIED.,.F.,
  .F.,(2,2),(0.,2.688277844265),.PIECEWISE_BEZIER_KNOTS.);
#1720 = CARTESIAN_POINT('',(-117.3557349972,-115.4548355038));
#1721 = CARTESIAN_POINT('',(-115.4548355038,-117.3557349972));
#1722 = ( GEOMETRIC_REPRESENTATION_CONTEXT(2) 
PARAMETRIC_REPRESENTATION_CONTEXT() REPRESENTATION_CONTEXT('2D SPACE',''
  ) );
#1723 = PCURVE('',#1724,#1729);
#1724 = B_SPLINE_SURFACE_WITH_KNOTS('',1,1,(
    (#1725,#1726)
    ,(#1727,#1728
    )),.UNSPECIFIED.,.F.,.F.,.F.,(2,2),(2,2),(0.,2.688277844265),(
    -78.7402,0.),.PIECEWISE_BEZIER_KNOTS.);
#1725 = CARTESIAN_POINT('',(15.379677038284,-17.93751296682,
    35.000071120142));
#1726 = CARTESIAN_POINT('',(15.379677038284,-17.93751296682,
    33.000066040132));
#1727 = CARTESIAN_POINT('',(15.331394094586,-17.98579591052,
    35.000071120142));
#1728 = CARTESIAN_POINT('',(15.331394094586,-17.98579591052,
    33.000066040132));
#1729 = DEFINITIONAL_REPRESENTATION('',(#1730),#1733);
#1730 = B_SPLINE_CURVE_WITH_KNOTS('',1,(#1731,#1732),.UNSPECIFIED.,.F.,
  .F.,(2,2),(0.,2.688277844265),.PIECEWISE_BEZIER_KNOTS.);
#1731 = CARTESIAN_POINT('',(0.,0.));
#1732 = CARTESIAN_POINT('',(2.688277844265,0.));
#1733 = ( GEOMETRIC_REPRESENTATION_CONTEXT(2) 
PARAMETRIC_REPRESENTATION_CONTEXT() REPRESENTATION_CONTEXT('2D SPACE',''
  ) );
#1734 = ORIENTED_EDGE('',*,*,#1735,.T.);
#1735 = EDGE_CURVE('',#1711,#1736,#1738,.T.);
#1736 = VERTEX_POINT('',#1737);
#1737 = CARTESIAN_POINT('',(15.279928764971,-18.03067135093,
    33.000066040132));
#1738 = SURFACE_CURVE('',#1739,(#1742,#1748),.PCURVE_S1.);
#1739 = B_SPLINE_CURVE_WITH_KNOTS('',1,(#1740,#1741),.UNSPECIFIED.,.F.,
  .F.,(2,2),(0.,2.688277844265),.PIECEWISE_BEZIER_KNOTS.);
#1740 = CARTESIAN_POINT('',(15.331394094586,-17.98579591052,
    33.000066040132));
#1741 = CARTESIAN_POINT('',(15.279928764971,-18.03067135093,
    33.000066040132));
#1742 = PCURVE('',#115,#1743);
#1743 = DEFINITIONAL_REPRESENTATION('',(#1744),#1747);
#1744 = B_SPLINE_CURVE_WITH_KNOTS('',1,(#1745,#1746),.UNSPECIFIED.,.F.,
  .F.,(2,2),(0.,2.688277844265),.PIECEWISE_BEZIER_KNOTS.);
#1745 = CARTESIAN_POINT('',(-115.4548355038,-117.3557349972));
#1746 = CARTESIAN_POINT('',(-113.4286454769,-119.1224810861));
#1747 = ( GEOMETRIC_REPRESENTATION_CONTEXT(2) 
PARAMETRIC_REPRESENTATION_CONTEXT() REPRESENTATION_CONTEXT('2D SPACE',''
  ) );
#1748 = PCURVE('',#1749,#1754);
#1749 = B_SPLINE_SURFACE_WITH_KNOTS('',1,1,(
    (#1750,#1751)
    ,(#1752,#1753
    )),.UNSPECIFIED.,.F.,.F.,.F.,(2,2),(2,2),(0.,2.688277844265),(
    -78.7402,0.),.PIECEWISE_BEZIER_KNOTS.);
#1750 = CARTESIAN_POINT('',(15.331394094586,-17.98579591052,
    35.000071120142));
#1751 = CARTESIAN_POINT('',(15.331394094586,-17.98579591052,
    33.000066040132));
#1752 = CARTESIAN_POINT('',(15.279928764971,-18.03067135093,
    35.000071120142));
#1753 = CARTESIAN_POINT('',(15.279928764971,-18.03067135093,
    33.000066040132));
#1754 = DEFINITIONAL_REPRESENTATION('',(#1755),#1758);
#1755 = B_SPLINE_CURVE_WITH_KNOTS('',1,(#1756,#1757),.UNSPECIFIED.,.F.,
  .F.,(2,2),(0.,2.688277844265),.PIECEWISE_BEZIER_KNOTS.);
#1756 = CARTESIAN_POINT('',(0.,0.));
#1757 = CARTESIAN_POINT('',(2.688277844265,0.));
#1758 = ( GEOMETRIC_REPRESENTATION_CONTEXT(2) 
PARAMETRIC_REPRESENTATION_CONTEXT() REPRESENTATION_CONTEXT('2D SPACE',''
  ) );
#1759 = ORIENTED_EDGE('',*,*,#1760,.T.);
#1760 = EDGE_CURVE('',#1736,#1761,#1763,.T.);
#1761 = VERTEX_POINT('',#1762);
#1762 = CARTESIAN_POINT('',(15.225521004564,-18.07193005803,
    33.000066040132));
#1763 = SURFACE_CURVE('',#1764,(#1767,#1773),.PCURVE_S1.);
#1764 = B_SPLINE_CURVE_WITH_KNOTS('',1,(#1765,#1766),.UNSPECIFIED.,.F.,
  .F.,(2,2),(0.,2.688277844265),.PIECEWISE_BEZIER_KNOTS.);
#1765 = CARTESIAN_POINT('',(15.279928764971,-18.03067135093,
    33.000066040132));
#1766 = CARTESIAN_POINT('',(15.225521004564,-18.07193005803,
    33.000066040132));
#1767 = PCURVE('',#115,#1768);
#1768 = DEFINITIONAL_REPRESENTATION('',(#1769),#1772);
#1769 = B_SPLINE_CURVE_WITH_KNOTS('',1,(#1770,#1771),.UNSPECIFIED.,.F.,
  .F.,(2,2),(0.,2.688277844265),.PIECEWISE_BEZIER_KNOTS.);
#1770 = CARTESIAN_POINT('',(-113.4286454769,-119.1224810861));
#1771 = CARTESIAN_POINT('',(-111.2866119496,-120.7468363848));
#1772 = ( GEOMETRIC_REPRESENTATION_CONTEXT(2) 
PARAMETRIC_REPRESENTATION_CONTEXT() REPRESENTATION_CONTEXT('2D SPACE',''
  ) );
#1773 = PCURVE('',#1774,#1779);
#1774 = B_SPLINE_SURFACE_WITH_KNOTS('',1,1,(
    (#1775,#1776)
    ,(#1777,#1778
    )),.UNSPECIFIED.,.F.,.F.,.F.,(2,2),(2,2),(0.,2.688277844265),(
    -78.7402,0.),.PIECEWISE_BEZIER_KNOTS.);
#1775 = CARTESIAN_POINT('',(15.279928764971,-18.03067135093,
    35.000071120142));
#1776 = CARTESIAN_POINT('',(15.279928764971,-18.03067135093,
    33.000066040132));
#1777 = CARTESIAN_POINT('',(15.225521004564,-18.07193005803,
    35.000071120142));
#1778 = CARTESIAN_POINT('',(15.225521004564,-18.07193005803,
    33.000066040132));
#1779 = DEFINITIONAL_REPRESENTATION('',(#1780),#1783);
#1780 = B_SPLINE_CURVE_WITH_KNOTS('',1,(#1781,#1782),.UNSPECIFIED.,.F.,
  .F.,(2,2),(0.,2.688277844265),.PIECEWISE_BEZIER_KNOTS.);
#1781 = CARTESIAN_POINT('',(0.,0.));
#1782 = CARTESIAN_POINT('',(2.688277844265,0.));
#1783 = ( GEOMETRIC_REPRESENTATION_CONTEXT(2) 
PARAMETRIC_REPRESENTATION_CONTEXT() REPRESENTATION_CONTEXT('2D SPACE',''
  ) );
#1784 = ORIENTED_EDGE('',*,*,#1785,.T.);
#1785 = EDGE_CURVE('',#1761,#1786,#1788,.T.);
#1786 = VERTEX_POINT('',#1787);
#1787 = CARTESIAN_POINT('',(15.16842448746,-18.10937966469,
    33.000066040132));
#1788 = SURFACE_CURVE('',#1789,(#1792,#1798),.PCURVE_S1.);
#1789 = B_SPLINE_CURVE_WITH_KNOTS('',1,(#1790,#1791),.UNSPECIFIED.,.F.,
  .F.,(2,2),(0.,2.688277844265),.PIECEWISE_BEZIER_KNOTS.);
#1790 = CARTESIAN_POINT('',(15.225521004564,-18.07193005803,
    33.000066040132));
#1791 = CARTESIAN_POINT('',(15.16842448746,-18.10937966469,
    33.000066040132));
#1792 = PCURVE('',#115,#1793);
#1793 = DEFINITIONAL_REPRESENTATION('',(#1794),#1797);
#1794 = B_SPLINE_CURVE_WITH_KNOTS('',1,(#1795,#1796),.UNSPECIFIED.,.F.,
  .F.,(2,2),(0.,2.688277844265),.PIECEWISE_BEZIER_KNOTS.);
#1795 = CARTESIAN_POINT('',(-111.2866119496,-120.7468363848));
#1796 = CARTESIAN_POINT('',(-109.0387220712,-122.2212273989));
#1797 = ( GEOMETRIC_REPRESENTATION_CONTEXT(2) 
PARAMETRIC_REPRESENTATION_CONTEXT() REPRESENTATION_CONTEXT('2D SPACE',''
  ) );
#1798 = PCURVE('',#1799,#1804);
#1799 = B_SPLINE_SURFACE_WITH_KNOTS('',1,1,(
    (#1800,#1801)
    ,(#1802,#1803
    )),.UNSPECIFIED.,.F.,.F.,.F.,(2,2),(2,2),(0.,2.688277844265),(
    -78.7402,0.),.PIECEWISE_BEZIER_KNOTS.);
#1800 = CARTESIAN_POINT('',(15.225521004564,-18.07193005803,
    35.000071120142));
#1801 = CARTESIAN_POINT('',(15.225521004564,-18.07193005803,
    33.000066040132));
#1802 = CARTESIAN_POINT('',(15.16842448746,-18.10937966469,
    35.000071120142));
#1803 = CARTESIAN_POINT('',(15.16842448746,-18.10937966469,
    33.000066040132));
#1804 = DEFINITIONAL_REPRESENTATION('',(#1805),#1808);
#1805 = B_SPLINE_CURVE_WITH_KNOTS('',1,(#1806,#1807),.UNSPECIFIED.,.F.,
  .F.,(2,2),(0.,2.688277844265),.PIECEWISE_BEZIER_KNOTS.);
#1806 = CARTESIAN_POINT('',(0.,0.));
#1807 = CARTESIAN_POINT('',(2.688277844265,0.));
#1808 = ( GEOMETRIC_REPRESENTATION_CONTEXT(2) 
PARAMETRIC_REPRESENTATION_CONTEXT() REPRESENTATION_CONTEXT('2D SPACE',''
  ) );
#1809 = ORIENTED_EDGE('',*,*,#1810,.T.);
#1810 = EDGE_CURVE('',#1786,#1811,#1813,.T.);
#1811 = VERTEX_POINT('',#1812);
#1812 = CARTESIAN_POINT('',(15.108905423977,-18.14284556355,
    33.000066040132));
#1813 = SURFACE_CURVE('',#1814,(#1817,#1823),.PCURVE_S1.);
#1814 = B_SPLINE_CURVE_WITH_KNOTS('',1,(#1815,#1816),.UNSPECIFIED.,.F.,
  .F.,(2,2),(0.,2.688277844265),.PIECEWISE_BEZIER_KNOTS.);
#1815 = CARTESIAN_POINT('',(15.16842448746,-18.10937966469,
    33.000066040132));
#1816 = CARTESIAN_POINT('',(15.108905423977,-18.14284556355,
    33.000066040132));
#1817 = PCURVE('',#115,#1818);
#1818 = DEFINITIONAL_REPRESENTATION('',(#1819),#1822);
#1819 = B_SPLINE_CURVE_WITH_KNOTS('',1,(#1820,#1821),.UNSPECIFIED.,.F.,
  .F.,(2,2),(0.,2.688277844265),.PIECEWISE_BEZIER_KNOTS.);
#1820 = CARTESIAN_POINT('',(-109.0387220712,-122.2212273989));
#1821 = CARTESIAN_POINT('',(-106.6954565419,-123.538779837));
#1822 = ( GEOMETRIC_REPRESENTATION_CONTEXT(2) 
PARAMETRIC_REPRESENTATION_CONTEXT() REPRESENTATION_CONTEXT('2D SPACE',''
  ) );
#1823 = PCURVE('',#1824,#1829);
#1824 = B_SPLINE_SURFACE_WITH_KNOTS('',1,1,(
    (#1825,#1826)
    ,(#1827,#1828
    )),.UNSPECIFIED.,.F.,.F.,.F.,(2,2),(2,2),(0.,2.688277844265),(
    -78.7402,0.),.PIECEWISE_BEZIER_KNOTS.);
#1825 = CARTESIAN_POINT('',(15.16842448746,-18.10937966469,
    35.000071120142));
#1826 = CARTESIAN_POINT('',(15.16842448746,-18.10937966469,
    33.000066040132));
#1827 = CARTESIAN_POINT('',(15.108905423977,-18.14284556355,
    35.000071120142));
#1828 = CARTESIAN_POINT('',(15.108905423977,-18.14284556355,
    33.000066040132));
#1829 = DEFINITIONAL_REPRESENTATION('',(#1830),#1833);
#1830 = B_SPLINE_CURVE_WITH_KNOTS('',1,(#1831,#1832),.UNSPECIFIED.,.F.,
  .F.,(2,2),(0.,2.688277844265),.PIECEWISE_BEZIER_KNOTS.);
#1831 = CARTESIAN_POINT('',(0.,0.));
#1832 = CARTESIAN_POINT('',(2.688277844265,0.));
#1833 = ( GEOMETRIC_REPRESENTATION_CONTEXT(2) 
PARAMETRIC_REPRESENTATION_CONTEXT() REPRESENTATION_CONTEXT('2D SPACE',''
  ) );
#1834 = ORIENTED_EDGE('',*,*,#1835,.T.);
#1835 = EDGE_CURVE('',#1811,#1836,#1838,.T.);
#1836 = VERTEX_POINT('',#1837);
#1837 = CARTESIAN_POINT('',(15.047241319465,-18.17217172114,
    33.000066040132));
#1838 = SURFACE_CURVE('',#1839,(#1842,#1848),.PCURVE_S1.);
#1839 = B_SPLINE_CURVE_WITH_KNOTS('',1,(#1840,#1841),.UNSPECIFIED.,.F.,
  .F.,(2,2),(0.,2.688277844265),.PIECEWISE_BEZIER_KNOTS.);
#1840 = CARTESIAN_POINT('',(15.108905423977,-18.14284556355,
    33.000066040132));
#1841 = CARTESIAN_POINT('',(15.047241319465,-18.17217172114,
    33.000066040132));
#1842 = PCURVE('',#115,#1843);
#1843 = DEFINITIONAL_REPRESENTATION('',(#1844),#1847);
#1844 = B_SPLINE_CURVE_WITH_KNOTS('',1,(#1845,#1846),.UNSPECIFIED.,.F.,
  .F.,(2,2),(0.,2.688277844265),.PIECEWISE_BEZIER_KNOTS.);
#1845 = CARTESIAN_POINT('',(-106.6954565419,-123.538779837));
#1846 = CARTESIAN_POINT('',(-104.2677407473,-124.6933506614));
#1847 = ( GEOMETRIC_REPRESENTATION_CONTEXT(2) 
PARAMETRIC_REPRESENTATION_CONTEXT() REPRESENTATION_CONTEXT('2D SPACE',''
  ) );
#1848 = PCURVE('',#1849,#1854);
#1849 = B_SPLINE_SURFACE_WITH_KNOTS('',1,1,(
    (#1850,#1851)
    ,(#1852,#1853
    )),.UNSPECIFIED.,.F.,.F.,.F.,(2,2),(2,2),(0.,2.688277844265),(
    -78.7402,0.),.PIECEWISE_BEZIER_KNOTS.);
#1850 = CARTESIAN_POINT('',(15.108905423977,-18.14284556355,
    35.000071120142));
#1851 = CARTESIAN_POINT('',(15.108905423977,-18.14284556355,
    33.000066040132));
#1852 = CARTESIAN_POINT('',(15.047241319465,-18.17217172114,
    35.000071120142));
#1853 = CARTESIAN_POINT('',(15.047241319465,-18.17217172114,
    33.000066040132));
#1854 = DEFINITIONAL_REPRESENTATION('',(#1855),#1858);
#1855 = B_SPLINE_CURVE_WITH_KNOTS('',1,(#1856,#1857),.UNSPECIFIED.,.F.,
  .F.,(2,2),(0.,2.688277844265),.PIECEWISE_BEZIER_KNOTS.);
#1856 = CARTESIAN_POINT('',(0.,0.));
#1857 = CARTESIAN_POINT('',(2.688277844265,0.));
#1858 = ( GEOMETRIC_REPRESENTATION_CONTEXT(2) 
PARAMETRIC_REPRESENTATION_CONTEXT() REPRESENTATION_CONTEXT('2D SPACE',''
  ) );
#1859 = ORIENTED_EDGE('',*,*,#1860,.T.);
#1860 = EDGE_CURVE('',#1836,#1861,#1863,.T.);
#1861 = VERTEX_POINT('',#1862);
#1862 = CARTESIAN_POINT('',(14.983719680445,-18.19722140538,
    33.000066040132));
#1863 = SURFACE_CURVE('',#1864,(#1867,#1873),.PCURVE_S1.);
#1864 = B_SPLINE_CURVE_WITH_KNOTS('',1,(#1865,#1866),.UNSPECIFIED.,.F.,
  .F.,(2,2),(0.,2.688277844265),.PIECEWISE_BEZIER_KNOTS.);
#1865 = CARTESIAN_POINT('',(15.047241319465,-18.17217172114,
    33.000066040132));
#1866 = CARTESIAN_POINT('',(14.983719680445,-18.19722140538,
    33.000066040132));
#1867 = PCURVE('',#115,#1868);
#1868 = DEFINITIONAL_REPRESENTATION('',(#1869),#1872);
#1869 = B_SPLINE_CURVE_WITH_KNOTS('',1,(#1870,#1871),.UNSPECIFIED.,.F.,
  .F.,(2,2),(0.,2.688277844265),.PIECEWISE_BEZIER_KNOTS.);
#1870 = CARTESIAN_POINT('',(-104.2677407473,-124.6933506614));
#1871 = CARTESIAN_POINT('',(-101.7668938191,-125.6795567299));
#1872 = ( GEOMETRIC_REPRESENTATION_CONTEXT(2) 
PARAMETRIC_REPRESENTATION_CONTEXT() REPRESENTATION_CONTEXT('2D SPACE',''
  ) );
#1873 = PCURVE('',#1874,#1879);
#1874 = B_SPLINE_SURFACE_WITH_KNOTS('',1,1,(
    (#1875,#1876)
    ,(#1877,#1878
    )),.UNSPECIFIED.,.F.,.F.,.F.,(2,2),(2,2),(0.,2.688277844265),(
    -78.7402,0.),.PIECEWISE_BEZIER_KNOTS.);
#1875 = CARTESIAN_POINT('',(15.047241319465,-18.17217172114,
    35.000071120142));
#1876 = CARTESIAN_POINT('',(15.047241319465,-18.17217172114,
    33.000066040132));
#1877 = CARTESIAN_POINT('',(14.983719680445,-18.19722140538,
    35.000071120142));
#1878 = CARTESIAN_POINT('',(14.983719680445,-18.19722140538,
    33.000066040132));
#1879 = DEFINITIONAL_REPRESENTATION('',(#1880),#1883);
#1880 = B_SPLINE_CURVE_WITH_KNOTS('',1,(#1881,#1882),.UNSPECIFIED.,.F.,
  .F.,(2,2),(0.,2.688277844265),.PIECEWISE_BEZIER_KNOTS.);
#1881 = CARTESIAN_POINT('',(0.,0.));
#1882 = CARTESIAN_POINT('',(2.688277844265,0.));
#1883 = ( GEOMETRIC_REPRESENTATION_CONTEXT(2) 
PARAMETRIC_REPRESENTATION_CONTEXT() REPRESENTATION_CONTEXT('2D SPACE',''
  ) );
#1884 = ORIENTED_EDGE('',*,*,#1885,.T.);
#1885 = EDGE_CURVE('',#1861,#1886,#1888,.T.);
#1886 = VERTEX_POINT('',#1887);
#1887 = CARTESIAN_POINT('',(14.918636674121,-18.21787782307,
    33.000066040132));
#1888 = SURFACE_CURVE('',#1889,(#1892,#1898),.PCURVE_S1.);
#1889 = B_SPLINE_CURVE_WITH_KNOTS('',1,(#1890,#1891),.UNSPECIFIED.,.F.,
  .F.,(2,2),(0.,2.688277844265),.PIECEWISE_BEZIER_KNOTS.);
#1890 = CARTESIAN_POINT('',(14.983719680445,-18.19722140538,
    33.000066040132));
#1891 = CARTESIAN_POINT('',(14.918636674121,-18.21787782307,
    33.000066040132));
#1892 = PCURVE('',#115,#1893);
#1893 = DEFINITIONAL_REPRESENTATION('',(#1894),#1897);
#1894 = B_SPLINE_CURVE_WITH_KNOTS('',1,(#1895,#1896),.UNSPECIFIED.,.F.,
  .F.,(2,2),(0.,2.688277844265),.PIECEWISE_BEZIER_KNOTS.);
#1895 = CARTESIAN_POINT('',(-101.7668938191,-125.6795567299));
#1896 = CARTESIAN_POINT('',(-99.20457586012,-126.4927998946));
#1897 = ( GEOMETRIC_REPRESENTATION_CONTEXT(2) 
PARAMETRIC_REPRESENTATION_CONTEXT() REPRESENTATION_CONTEXT('2D SPACE',''
  ) );
#1898 = PCURVE('',#1899,#1904);
#1899 = B_SPLINE_SURFACE_WITH_KNOTS('',1,1,(
    (#1900,#1901)
    ,(#1902,#1903
    )),.UNSPECIFIED.,.F.,.F.,.F.,(2,2),(2,2),(0.,2.688277844265),(
    -78.7402,0.),.PIECEWISE_BEZIER_KNOTS.);
#1900 = CARTESIAN_POINT('',(14.983719680445,-18.19722140538,
    35.000071120142));
#1901 = CARTESIAN_POINT('',(14.983719680445,-18.19722140538,
    33.000066040132));
#1902 = CARTESIAN_POINT('',(14.918636674121,-18.21787782307,
    35.000071120142));
#1903 = CARTESIAN_POINT('',(14.918636674121,-18.21787782307,
    33.000066040132));
#1904 = DEFINITIONAL_REPRESENTATION('',(#1905),#1908);
#1905 = B_SPLINE_CURVE_WITH_KNOTS('',1,(#1906,#1907),.UNSPECIFIED.,.F.,
  .F.,(2,2),(0.,2.688277844265),.PIECEWISE_BEZIER_KNOTS.);
#1906 = CARTESIAN_POINT('',(0.,0.));
#1907 = CARTESIAN_POINT('',(2.688277844265,0.));
#1908 = ( GEOMETRIC_REPRESENTATION_CONTEXT(2) 
PARAMETRIC_REPRESENTATION_CONTEXT() REPRESENTATION_CONTEXT('2D SPACE',''
  ) );
#1909 = ORIENTED_EDGE('',*,*,#1910,.T.);
#1910 = EDGE_CURVE('',#1886,#1911,#1913,.T.);
#1911 = VERTEX_POINT('',#1912);
#1912 = CARTESIAN_POINT('',(14.85229574751,-18.23404466447,
    33.000066040132));
#1913 = SURFACE_CURVE('',#1914,(#1917,#1923),.PCURVE_S1.);
#1914 = B_SPLINE_CURVE_WITH_KNOTS('',1,(#1915,#1916),.UNSPECIFIED.,.F.,
  .F.,(2,2),(0.,2.688277844265),.PIECEWISE_BEZIER_KNOTS.);
#1915 = CARTESIAN_POINT('',(14.918636674121,-18.21787782307,
    33.000066040132));
#1916 = CARTESIAN_POINT('',(14.85229574751,-18.23404466447,
    33.000066040132));
#1917 = PCURVE('',#115,#1918);
#1918 = DEFINITIONAL_REPRESENTATION('',(#1919),#1922);
#1919 = B_SPLINE_CURVE_WITH_KNOTS('',1,(#1920,#1921),.UNSPECIFIED.,.F.,
  .F.,(2,2),(0.,2.688277844265),.PIECEWISE_BEZIER_KNOTS.);
#1920 = CARTESIAN_POINT('',(-99.20457586012,-126.4927998946));
#1921 = CARTESIAN_POINT('',(-96.59273357948,-127.1292884404));
#1922 = ( GEOMETRIC_REPRESENTATION_CONTEXT(2) 
PARAMETRIC_REPRESENTATION_CONTEXT() REPRESENTATION_CONTEXT('2D SPACE',''
  ) );
#1923 = PCURVE('',#1924,#1929);
#1924 = B_SPLINE_SURFACE_WITH_KNOTS('',1,1,(
    (#1925,#1926)
    ,(#1927,#1928
    )),.UNSPECIFIED.,.F.,.F.,.F.,(2,2),(2,2),(0.,2.688277844265),(
    -78.7402,0.),.PIECEWISE_BEZIER_KNOTS.);
#1925 = CARTESIAN_POINT('',(14.918636674121,-18.21787782307,
    35.000071120142));
#1926 = CARTESIAN_POINT('',(14.918636674121,-18.21787782307,
    33.000066040132));
#1927 = CARTESIAN_POINT('',(14.85229574751,-18.23404466447,
    35.000071120142));
#1928 = CARTESIAN_POINT('',(14.85229574751,-18.23404466447,
    33.000066040132));
#1929 = DEFINITIONAL_REPRESENTATION('',(#1930),#1933);
#1930 = B_SPLINE_CURVE_WITH_KNOTS('',1,(#1931,#1932),.UNSPECIFIED.,.F.,
  .F.,(2,2),(0.,2.688277844265),.PIECEWISE_BEZIER_KNOTS.);
#1931 = CARTESIAN_POINT('',(0.,0.));
#1932 = CARTESIAN_POINT('',(2.688277844265,0.));
#1933 = ( GEOMETRIC_REPRESENTATION_CONTEXT(2) 
PARAMETRIC_REPRESENTATION_CONTEXT() REPRESENTATION_CONTEXT('2D SPACE',''
  ) );
#1934 = ORIENTED_EDGE('',*,*,#1935,.T.);
#1935 = EDGE_CURVE('',#1911,#1936,#1938,.T.);
#1936 = VERTEX_POINT('',#1937);
#1937 = CARTESIAN_POINT('',(14.785006212639,-18.2456465523,
    33.000066040132));
#1938 = SURFACE_CURVE('',#1939,(#1942,#1948),.PCURVE_S1.);
#1939 = B_SPLINE_CURVE_WITH_KNOTS('',1,(#1940,#1941),.UNSPECIFIED.,.F.,
  .F.,(2,2),(0.,2.688277844265),.PIECEWISE_BEZIER_KNOTS.);
#1940 = CARTESIAN_POINT('',(14.85229574751,-18.23404466447,
    33.000066040132));
#1941 = CARTESIAN_POINT('',(14.785006212639,-18.2456465523,
    33.000066040132));
#1942 = PCURVE('',#115,#1943);
#1943 = DEFINITIONAL_REPRESENTATION('',(#1944),#1947);
#1944 = B_SPLINE_CURVE_WITH_KNOTS('',1,(#1945,#1946),.UNSPECIFIED.,.F.,
  .F.,(2,2),(0.,2.688277844265),.PIECEWISE_BEZIER_KNOTS.);
#1945 = CARTESIAN_POINT('',(-96.59273357948,-127.1292884404));
#1946 = CARTESIAN_POINT('',(-93.94354459158,-127.586054764));
#1947 = ( GEOMETRIC_REPRESENTATION_CONTEXT(2) 
PARAMETRIC_REPRESENTATION_CONTEXT() REPRESENTATION_CONTEXT('2D SPACE',''
  ) );
#1948 = PCURVE('',#1949,#1954);
#1949 = B_SPLINE_SURFACE_WITH_KNOTS('',1,1,(
    (#1950,#1951)
    ,(#1952,#1953
    )),.UNSPECIFIED.,.F.,.F.,.F.,(2,2),(2,2),(0.,2.688277844265),(
    -78.7402,0.),.PIECEWISE_BEZIER_KNOTS.);
#1950 = CARTESIAN_POINT('',(14.85229574751,-18.23404466447,
    35.000071120142));
#1951 = CARTESIAN_POINT('',(14.85229574751,-18.23404466447,
    33.000066040132));
#1952 = CARTESIAN_POINT('',(14.785006212639,-18.2456465523,
    35.000071120142));
#1953 = CARTESIAN_POINT('',(14.785006212639,-18.2456465523,
    33.000066040132));
#1954 = DEFINITIONAL_REPRESENTATION('',(#1955),#1958);
#1955 = B_SPLINE_CURVE_WITH_KNOTS('',1,(#1956,#1957),.UNSPECIFIED.,.F.,
  .F.,(2,2),(0.,2.688277844265),.PIECEWISE_BEZIER_KNOTS.);
#1956 = CARTESIAN_POINT('',(0.,0.));
#1957 = CARTESIAN_POINT('',(2.688277844265,0.));
#1958 = ( GEOMETRIC_REPRESENTATION_CONTEXT(2) 
PARAMETRIC_REPRESENTATION_CONTEXT() REPRESENTATION_CONTEXT('2D SPACE',''
  ) );
#1959 = ORIENTED_EDGE('',*,*,#1960,.T.);
#1960 = EDGE_CURVE('',#1936,#1961,#1963,.T.);
#1961 = VERTEX_POINT('',#1962);
#1962 = CARTESIAN_POINT('',(14.717081804379,-18.25262939319,
    33.000066040132));
#1963 = SURFACE_CURVE('',#1964,(#1967,#1973),.PCURVE_S1.);
#1964 = B_SPLINE_CURVE_WITH_KNOTS('',1,(#1965,#1966),.UNSPECIFIED.,.F.,
  .F.,(2,2),(0.,2.688277844265),.PIECEWISE_BEZIER_KNOTS.);
#1965 = CARTESIAN_POINT('',(14.785006212639,-18.2456465523,
    33.000066040132));
#1966 = CARTESIAN_POINT('',(14.717081804379,-18.25262939319,
    33.000066040132));
#1967 = PCURVE('',#115,#1968);
#1968 = DEFINITIONAL_REPRESENTATION('',(#1969),#1972);
#1969 = B_SPLINE_CURVE_WITH_KNOTS('',1,(#1970,#1971),.UNSPECIFIED.,.F.,
  .F.,(2,2),(0.,2.688277844265),.PIECEWISE_BEZIER_KNOTS.);
#1970 = CARTESIAN_POINT('',(-93.94354459158,-127.586054764));
#1971 = CARTESIAN_POINT('',(-91.2693606384,-127.8609692099));
#1972 = ( GEOMETRIC_REPRESENTATION_CONTEXT(2) 
PARAMETRIC_REPRESENTATION_CONTEXT() REPRESENTATION_CONTEXT('2D SPACE',''
  ) );
#1973 = PCURVE('',#1974,#1979);
#1974 = B_SPLINE_SURFACE_WITH_KNOTS('',1,1,(
    (#1975,#1976)
    ,(#1977,#1978
    )),.UNSPECIFIED.,.F.,.F.,.F.,(2,2),(2,2),(0.,2.688277844265),(
    -78.7402,0.),.PIECEWISE_BEZIER_KNOTS.);
#1975 = CARTESIAN_POINT('',(14.785006212639,-18.2456465523,
    35.000071120142));
#1976 = CARTESIAN_POINT('',(14.785006212639,-18.2456465523,
    33.000066040132));
#1977 = CARTESIAN_POINT('',(14.717081804379,-18.25262939319,
    35.000071120142));
#1978 = CARTESIAN_POINT('',(14.717081804379,-18.25262939319,
    33.000066040132));
#1979 = DEFINITIONAL_REPRESENTATION('',(#1980),#1983);
#1980 = B_SPLINE_CURVE_WITH_KNOTS('',1,(#1981,#1982),.UNSPECIFIED.,.F.,
  .F.,(2,2),(0.,2.688277844265),.PIECEWISE_BEZIER_KNOTS.);
#1981 = CARTESIAN_POINT('',(0.,0.));
#1982 = CARTESIAN_POINT('',(2.688277844265,0.));
#1983 = ( GEOMETRIC_REPRESENTATION_CONTEXT(2) 
PARAMETRIC_REPRESENTATION_CONTEXT() REPRESENTATION_CONTEXT('2D SPACE',''
  ) );
#1984 = ORIENTED_EDGE('',*,*,#1985,.T.);
#1985 = EDGE_CURVE('',#1961,#1986,#1988,.T.);
#1986 = VERTEX_POINT('',#1987);
#1987 = CARTESIAN_POINT('',(14.648839217678,-18.25496062992,
    33.000066040132));
#1988 = SURFACE_CURVE('',#1989,(#1992,#1998),.PCURVE_S1.);
#1989 = B_SPLINE_CURVE_WITH_KNOTS('',1,(#1990,#1991),.UNSPECIFIED.,.F.,
  .F.,(2,2),(0.,2.688277844265),.PIECEWISE_BEZIER_KNOTS.);
#1990 = CARTESIAN_POINT('',(14.717081804379,-18.25262939319,
    33.000066040132));
#1991 = CARTESIAN_POINT('',(14.648839217678,-18.25496062992,
    33.000066040132));
#1992 = PCURVE('',#115,#1993);
#1993 = DEFINITIONAL_REPRESENTATION('',(#1994),#1997);
#1994 = B_SPLINE_CURVE_WITH_KNOTS('',1,(#1995,#1996),.UNSPECIFIED.,.F.,
  .F.,(2,2),(0.,2.688277844265),.PIECEWISE_BEZIER_KNOTS.);
#1995 = CARTESIAN_POINT('',(-91.2693606384,-127.8609692099));
#1996 = CARTESIAN_POINT('',(-88.58265,-127.95275));
#1997 = ( GEOMETRIC_REPRESENTATION_CONTEXT(2) 
PARAMETRIC_REPRESENTATION_CONTEXT() REPRESENTATION_CONTEXT('2D SPACE',''
  ) );
#1998 = PCURVE('',#1999,#2004);
#1999 = B_SPLINE_SURFACE_WITH_KNOTS('',1,1,(
    (#2000,#2001)
    ,(#2002,#2003
    )),.UNSPECIFIED.,.F.,.F.,.F.,(2,2),(2,2),(0.,2.688277844265),(
    -78.7402,0.),.PIECEWISE_BEZIER_KNOTS.);
#2000 = CARTESIAN_POINT('',(14.717081804379,-18.25262939319,
    35.000071120142));
#2001 = CARTESIAN_POINT('',(14.717081804379,-18.25262939319,
    33.000066040132));
#2002 = CARTESIAN_POINT('',(14.648839217678,-18.25496062992,
    35.000071120142));
#2003 = CARTESIAN_POINT('',(14.648839217678,-18.25496062992,
    33.000066040132));
#2004 = DEFINITIONAL_REPRESENTATION('',(#2005),#2008);
#2005 = B_SPLINE_CURVE_WITH_KNOTS('',1,(#2006,#2007),.UNSPECIFIED.,.F.,
  .F.,(2,2),(0.,2.688277844265),.PIECEWISE_BEZIER_KNOTS.);
#2006 = CARTESIAN_POINT('',(0.,0.));
#2007 = CARTESIAN_POINT('',(2.688277844265,0.));
#2008 = ( GEOMETRIC_REPRESENTATION_CONTEXT(2) 
PARAMETRIC_REPRESENTATION_CONTEXT() REPRESENTATION_CONTEXT('2D SPACE',''
  ) );
#2009 = ORIENTED_EDGE('',*,*,#2010,.T.);
#2010 = EDGE_CURVE('',#1986,#2011,#2013,.T.);
#2011 = VERTEX_POINT('',#2012);
#2012 = CARTESIAN_POINT('',(10.148831597663,-18.25496062992,
    33.000066040132));
#2013 = SURFACE_CURVE('',#2014,(#2017,#2023),.PCURVE_S1.);
#2014 = B_SPLINE_CURVE_WITH_KNOTS('',1,(#2015,#2016),.UNSPECIFIED.,.F.,
  .F.,(2,2),(0.,177.1653),.PIECEWISE_BEZIER_KNOTS.);
#2015 = CARTESIAN_POINT('',(14.648839217678,-18.25496062992,
    33.000066040132));
#2016 = CARTESIAN_POINT('',(10.148831597663,-18.25496062992,
    33.000066040132));
#2017 = PCURVE('',#115,#2018);
#2018 = DEFINITIONAL_REPRESENTATION('',(#2019),#2022);
#2019 = B_SPLINE_CURVE_WITH_KNOTS('',1,(#2020,#2021),.UNSPECIFIED.,.F.,
  .F.,(2,2),(0.,177.1653),.PIECEWISE_BEZIER_KNOTS.);
#2020 = CARTESIAN_POINT('',(-88.58265,-127.95275));
#2021 = CARTESIAN_POINT('',(88.58265,-127.95275));
#2022 = ( GEOMETRIC_REPRESENTATION_CONTEXT(2) 
PARAMETRIC_REPRESENTATION_CONTEXT() REPRESENTATION_CONTEXT('2D SPACE',''
  ) );
#2023 = PCURVE('',#2024,#2029);
#2024 = B_SPLINE_SURFACE_WITH_KNOTS('',1,1,(
    (#2025,#2026)
    ,(#2027,#2028
  )),.UNSPECIFIED.,.F.,.F.,.F.,(2,2),(2,2),(0.,177.1653),(-78.7402,0.),
  .PIECEWISE_BEZIER_KNOTS.);
#2025 = CARTESIAN_POINT('',(14.648839217678,-18.25496062992,
    35.000071120142));
#2026 = CARTESIAN_POINT('',(14.648839217678,-18.25496062992,
    33.000066040132));
#2027 = CARTESIAN_POINT('',(10.148831597663,-18.25496062992,
    35.000071120142));
#2028 = CARTESIAN_POINT('',(10.148831597663,-18.25496062992,
    33.000066040132));
#2029 = DEFINITIONAL_REPRESENTATION('',(#2030),#2033);
#2030 = B_SPLINE_CURVE_WITH_KNOTS('',1,(#2031,#2032),.UNSPECIFIED.,.F.,
  .F.,(2,2),(0.,177.1653),.PIECEWISE_BEZIER_KNOTS.);
#2031 = CARTESIAN_POINT('',(0.,0.));
#2032 = CARTESIAN_POINT('',(177.1653,0.));
#2033 = ( GEOMETRIC_REPRESENTATION_CONTEXT(2) 
PARAMETRIC_REPRESENTATION_CONTEXT() REPRESENTATION_CONTEXT('2D SPACE',''
  ) );
#2034 = ORIENTED_EDGE('',*,*,#2035,.T.);
#2035 = EDGE_CURVE('',#2011,#2036,#2038,.T.);
#2036 = VERTEX_POINT('',#2037);
#2037 = CARTESIAN_POINT('',(10.080589010962,-18.25262939319,
    33.000066040132));
#2038 = SURFACE_CURVE('',#2039,(#2042,#2048),.PCURVE_S1.);
#2039 = B_SPLINE_CURVE_WITH_KNOTS('',1,(#2040,#2041),.UNSPECIFIED.,.F.,
  .F.,(2,2),(0.,2.688277844265),.PIECEWISE_BEZIER_KNOTS.);
#2040 = CARTESIAN_POINT('',(10.148831597663,-18.25496062992,
    33.000066040132));
#2041 = CARTESIAN_POINT('',(10.080589010962,-18.25262939319,
    33.000066040132));
#2042 = PCURVE('',#115,#2043);
#2043 = DEFINITIONAL_REPRESENTATION('',(#2044),#2047);
#2044 = B_SPLINE_CURVE_WITH_KNOTS('',1,(#2045,#2046),.UNSPECIFIED.,.F.,
  .F.,(2,2),(0.,2.688277844265),.PIECEWISE_BEZIER_KNOTS.);
#2045 = CARTESIAN_POINT('',(88.58265,-127.95275));
#2046 = CARTESIAN_POINT('',(91.269360638408,-127.8609692099));
#2047 = ( GEOMETRIC_REPRESENTATION_CONTEXT(2) 
PARAMETRIC_REPRESENTATION_CONTEXT() REPRESENTATION_CONTEXT('2D SPACE',''
  ) );
#2048 = PCURVE('',#2049,#2054);
#2049 = B_SPLINE_SURFACE_WITH_KNOTS('',1,1,(
    (#2050,#2051)
    ,(#2052,#2053
    )),.UNSPECIFIED.,.F.,.F.,.F.,(2,2),(2,2),(0.,2.688277844265),(
    -78.7402,0.),.PIECEWISE_BEZIER_KNOTS.);
#2050 = CARTESIAN_POINT('',(10.148831597663,-18.25496062992,
    35.000071120142));
#2051 = CARTESIAN_POINT('',(10.148831597663,-18.25496062992,
    33.000066040132));
#2052 = CARTESIAN_POINT('',(10.080589010962,-18.25262939319,
    35.000071120142));
#2053 = CARTESIAN_POINT('',(10.080589010962,-18.25262939319,
    33.000066040132));
#2054 = DEFINITIONAL_REPRESENTATION('',(#2055),#2058);
#2055 = B_SPLINE_CURVE_WITH_KNOTS('',1,(#2056,#2057),.UNSPECIFIED.,.F.,
  .F.,(2,2),(0.,2.688277844265),.PIECEWISE_BEZIER_KNOTS.);
#2056 = CARTESIAN_POINT('',(0.,0.));
#2057 = CARTESIAN_POINT('',(2.688277844265,0.));
#2058 = ( GEOMETRIC_REPRESENTATION_CONTEXT(2) 
PARAMETRIC_REPRESENTATION_CONTEXT() REPRESENTATION_CONTEXT('2D SPACE',''
  ) );
#2059 = ORIENTED_EDGE('',*,*,#2060,.T.);
#2060 = EDGE_CURVE('',#2036,#2061,#2063,.T.);
#2061 = VERTEX_POINT('',#2062);
#2062 = CARTESIAN_POINT('',(10.012664602703,-18.2456465523,
    33.000066040132));
#2063 = SURFACE_CURVE('',#2064,(#2067,#2073),.PCURVE_S1.);
#2064 = B_SPLINE_CURVE_WITH_KNOTS('',1,(#2065,#2066),.UNSPECIFIED.,.F.,
  .F.,(2,2),(0.,2.688277844265),.PIECEWISE_BEZIER_KNOTS.);
#2065 = CARTESIAN_POINT('',(10.080589010962,-18.25262939319,
    33.000066040132));
#2066 = CARTESIAN_POINT('',(10.012664602703,-18.2456465523,
    33.000066040132));
#2067 = PCURVE('',#115,#2068);
#2068 = DEFINITIONAL_REPRESENTATION('',(#2069),#2072);
#2069 = B_SPLINE_CURVE_WITH_KNOTS('',1,(#2070,#2071),.UNSPECIFIED.,.F.,
  .F.,(2,2),(0.,2.688277844265),.PIECEWISE_BEZIER_KNOTS.);
#2070 = CARTESIAN_POINT('',(91.269360638408,-127.8609692099));
#2071 = CARTESIAN_POINT('',(93.943544591584,-127.586054764));
#2072 = ( GEOMETRIC_REPRESENTATION_CONTEXT(2) 
PARAMETRIC_REPRESENTATION_CONTEXT() REPRESENTATION_CONTEXT('2D SPACE',''
  ) );
#2073 = PCURVE('',#2074,#2079);
#2074 = B_SPLINE_SURFACE_WITH_KNOTS('',1,1,(
    (#2075,#2076)
    ,(#2077,#2078
    )),.UNSPECIFIED.,.F.,.F.,.F.,(2,2),(2,2),(0.,2.688277844265),(
    -78.7402,0.),.PIECEWISE_BEZIER_KNOTS.);
#2075 = CARTESIAN_POINT('',(10.080589010962,-18.25262939319,
    35.000071120142));
#2076 = CARTESIAN_POINT('',(10.080589010962,-18.25262939319,
    33.000066040132));
#2077 = CARTESIAN_POINT('',(10.012664602703,-18.2456465523,
    35.000071120142));
#2078 = CARTESIAN_POINT('',(10.012664602703,-18.2456465523,
    33.000066040132));
#2079 = DEFINITIONAL_REPRESENTATION('',(#2080),#2083);
#2080 = B_SPLINE_CURVE_WITH_KNOTS('',1,(#2081,#2082),.UNSPECIFIED.,.F.,
  .F.,(2,2),(0.,2.688277844265),.PIECEWISE_BEZIER_KNOTS.);
#2081 = CARTESIAN_POINT('',(0.,0.));
#2082 = CARTESIAN_POINT('',(2.688277844265,0.));
#2083 = ( GEOMETRIC_REPRESENTATION_CONTEXT(2) 
PARAMETRIC_REPRESENTATION_CONTEXT() REPRESENTATION_CONTEXT('2D SPACE',''
  ) );
#2084 = ORIENTED_EDGE('',*,*,#2085,.T.);
#2085 = EDGE_CURVE('',#2061,#2086,#2088,.T.);
#2086 = VERTEX_POINT('',#2087);
#2087 = CARTESIAN_POINT('',(9.945375067831,-18.23404466447,
    33.000066040132));
#2088 = SURFACE_CURVE('',#2089,(#2092,#2098),.PCURVE_S1.);
#2089 = B_SPLINE_CURVE_WITH_KNOTS('',1,(#2090,#2091),.UNSPECIFIED.,.F.,
  .F.,(2,2),(0.,2.688277844265),.PIECEWISE_BEZIER_KNOTS.);
#2090 = CARTESIAN_POINT('',(10.012664602703,-18.2456465523,
    33.000066040132));
#2091 = CARTESIAN_POINT('',(9.945375067831,-18.23404466447,
    33.000066040132));
#2092 = PCURVE('',#115,#2093);
#2093 = DEFINITIONAL_REPRESENTATION('',(#2094),#2097);
#2094 = B_SPLINE_CURVE_WITH_KNOTS('',1,(#2095,#2096),.UNSPECIFIED.,.F.,
  .F.,(2,2),(0.,2.688277844265),.PIECEWISE_BEZIER_KNOTS.);
#2095 = CARTESIAN_POINT('',(93.943544591584,-127.586054764));
#2096 = CARTESIAN_POINT('',(96.592733579483,-127.1292884404));
#2097 = ( GEOMETRIC_REPRESENTATION_CONTEXT(2) 
PARAMETRIC_REPRESENTATION_CONTEXT() REPRESENTATION_CONTEXT('2D SPACE',''
  ) );
#2098 = PCURVE('',#2099,#2104);
#2099 = B_SPLINE_SURFACE_WITH_KNOTS('',1,1,(
    (#2100,#2101)
    ,(#2102,#2103
    )),.UNSPECIFIED.,.F.,.F.,.F.,(2,2),(2,2),(0.,2.688277844265),(
    -78.7402,0.),.PIECEWISE_BEZIER_KNOTS.);
#2100 = CARTESIAN_POINT('',(10.012664602703,-18.2456465523,
    35.000071120142));
#2101 = CARTESIAN_POINT('',(10.012664602703,-18.2456465523,
    33.000066040132));
#2102 = CARTESIAN_POINT('',(9.945375067831,-18.23404466447,
    35.000071120142));
#2103 = CARTESIAN_POINT('',(9.945375067831,-18.23404466447,
    33.000066040132));
#2104 = DEFINITIONAL_REPRESENTATION('',(#2105),#2108);
#2105 = B_SPLINE_CURVE_WITH_KNOTS('',1,(#2106,#2107),.UNSPECIFIED.,.F.,
  .F.,(2,2),(0.,2.688277844265),.PIECEWISE_BEZIER_KNOTS.);
#2106 = CARTESIAN_POINT('',(0.,0.));
#2107 = CARTESIAN_POINT('',(2.688277844265,0.));
#2108 = ( GEOMETRIC_REPRESENTATION_CONTEXT(2) 
PARAMETRIC_REPRESENTATION_CONTEXT() REPRESENTATION_CONTEXT('2D SPACE',''
  ) );
#2109 = ORIENTED_EDGE('',*,*,#2110,.T.);
#2110 = EDGE_CURVE('',#2086,#2111,#2113,.T.);
#2111 = VERTEX_POINT('',#2112);
#2112 = CARTESIAN_POINT('',(9.879034141221,-18.21787782307,
    33.000066040132));
#2113 = SURFACE_CURVE('',#2114,(#2117,#2123),.PCURVE_S1.);
#2114 = B_SPLINE_CURVE_WITH_KNOTS('',1,(#2115,#2116),.UNSPECIFIED.,.F.,
  .F.,(2,2),(0.,2.688277844265),.PIECEWISE_BEZIER_KNOTS.);
#2115 = CARTESIAN_POINT('',(9.945375067831,-18.23404466447,
    33.000066040132));
#2116 = CARTESIAN_POINT('',(9.879034141221,-18.21787782307,
    33.000066040132));
#2117 = PCURVE('',#115,#2118);
#2118 = DEFINITIONAL_REPRESENTATION('',(#2119),#2122);
#2119 = B_SPLINE_CURVE_WITH_KNOTS('',1,(#2120,#2121),.UNSPECIFIED.,.F.,
  .F.,(2,2),(0.,2.688277844265),.PIECEWISE_BEZIER_KNOTS.);
#2120 = CARTESIAN_POINT('',(96.592733579483,-127.1292884404));
#2121 = CARTESIAN_POINT('',(99.204575860129,-126.4927998946));
#2122 = ( GEOMETRIC_REPRESENTATION_CONTEXT(2) 
PARAMETRIC_REPRESENTATION_CONTEXT() REPRESENTATION_CONTEXT('2D SPACE',''
  ) );
#2123 = PCURVE('',#2124,#2129);
#2124 = B_SPLINE_SURFACE_WITH_KNOTS('',1,1,(
    (#2125,#2126)
    ,(#2127,#2128
    )),.UNSPECIFIED.,.F.,.F.,.F.,(2,2),(2,2),(0.,2.688277844265),(
    -78.7402,0.),.PIECEWISE_BEZIER_KNOTS.);
#2125 = CARTESIAN_POINT('',(9.945375067831,-18.23404466447,
    35.000071120142));
#2126 = CARTESIAN_POINT('',(9.945375067831,-18.23404466447,
    33.000066040132));
#2127 = CARTESIAN_POINT('',(9.879034141221,-18.21787782307,
    35.000071120142));
#2128 = CARTESIAN_POINT('',(9.879034141221,-18.21787782307,
    33.000066040132));
#2129 = DEFINITIONAL_REPRESENTATION('',(#2130),#2133);
#2130 = B_SPLINE_CURVE_WITH_KNOTS('',1,(#2131,#2132),.UNSPECIFIED.,.F.,
  .F.,(2,2),(0.,2.688277844265),.PIECEWISE_BEZIER_KNOTS.);
#2131 = CARTESIAN_POINT('',(0.,0.));
#2132 = CARTESIAN_POINT('',(2.688277844265,0.));
#2133 = ( GEOMETRIC_REPRESENTATION_CONTEXT(2) 
PARAMETRIC_REPRESENTATION_CONTEXT() REPRESENTATION_CONTEXT('2D SPACE',''
  ) );
#2134 = ORIENTED_EDGE('',*,*,#2135,.T.);
#2135 = EDGE_CURVE('',#2111,#2136,#2138,.T.);
#2136 = VERTEX_POINT('',#2137);
#2137 = CARTESIAN_POINT('',(9.813951134896,-18.19722140538,
    33.000066040132));
#2138 = SURFACE_CURVE('',#2139,(#2142,#2148),.PCURVE_S1.);
#2139 = B_SPLINE_CURVE_WITH_KNOTS('',1,(#2140,#2141),.UNSPECIFIED.,.F.,
  .F.,(2,2),(0.,2.688277844265),.PIECEWISE_BEZIER_KNOTS.);
#2140 = CARTESIAN_POINT('',(9.879034141221,-18.21787782307,
    33.000066040132));
#2141 = CARTESIAN_POINT('',(9.813951134896,-18.19722140538,
    33.000066040132));
#2142 = PCURVE('',#115,#2143);
#2143 = DEFINITIONAL_REPRESENTATION('',(#2144),#2147);
#2144 = B_SPLINE_CURVE_WITH_KNOTS('',1,(#2145,#2146),.UNSPECIFIED.,.F.,
  .F.,(2,2),(0.,2.688277844265),.PIECEWISE_BEZIER_KNOTS.);
#2145 = CARTESIAN_POINT('',(99.204575860129,-126.4927998946));
#2146 = CARTESIAN_POINT('',(101.76689381913,-125.6795567299));
#2147 = ( GEOMETRIC_REPRESENTATION_CONTEXT(2) 
PARAMETRIC_REPRESENTATION_CONTEXT() REPRESENTATION_CONTEXT('2D SPACE',''
  ) );
#2148 = PCURVE('',#2149,#2154);
#2149 = B_SPLINE_SURFACE_WITH_KNOTS('',1,1,(
    (#2150,#2151)
    ,(#2152,#2153
    )),.UNSPECIFIED.,.F.,.F.,.F.,(2,2),(2,2),(0.,2.688277844265),(
    -78.7402,0.),.PIECEWISE_BEZIER_KNOTS.);
#2150 = CARTESIAN_POINT('',(9.879034141221,-18.21787782307,
    35.000071120142));
#2151 = CARTESIAN_POINT('',(9.879034141221,-18.21787782307,
    33.000066040132));
#2152 = CARTESIAN_POINT('',(9.813951134896,-18.19722140538,
    35.000071120142));
#2153 = CARTESIAN_POINT('',(9.813951134896,-18.19722140538,
    33.000066040132));
#2154 = DEFINITIONAL_REPRESENTATION('',(#2155),#2158);
#2155 = B_SPLINE_CURVE_WITH_KNOTS('',1,(#2156,#2157),.UNSPECIFIED.,.F.,
  .F.,(2,2),(0.,2.688277844265),.PIECEWISE_BEZIER_KNOTS.);
#2156 = CARTESIAN_POINT('',(0.,0.));
#2157 = CARTESIAN_POINT('',(2.688277844265,0.));
#2158 = ( GEOMETRIC_REPRESENTATION_CONTEXT(2) 
PARAMETRIC_REPRESENTATION_CONTEXT() REPRESENTATION_CONTEXT('2D SPACE',''
  ) );
#2159 = ORIENTED_EDGE('',*,*,#2160,.T.);
#2160 = EDGE_CURVE('',#2136,#2161,#2163,.T.);
#2161 = VERTEX_POINT('',#2162);
#2162 = CARTESIAN_POINT('',(9.750429495876,-18.17217172114,
    33.000066040132));
#2163 = SURFACE_CURVE('',#2164,(#2167,#2173),.PCURVE_S1.);
#2164 = B_SPLINE_CURVE_WITH_KNOTS('',1,(#2165,#2166),.UNSPECIFIED.,.F.,
  .F.,(2,2),(0.,2.688277844265),.PIECEWISE_BEZIER_KNOTS.);
#2165 = CARTESIAN_POINT('',(9.813951134896,-18.19722140538,
    33.000066040132));
#2166 = CARTESIAN_POINT('',(9.750429495876,-18.17217172114,
    33.000066040132));
#2167 = PCURVE('',#115,#2168);
#2168 = DEFINITIONAL_REPRESENTATION('',(#2169),#2172);
#2169 = B_SPLINE_CURVE_WITH_KNOTS('',1,(#2170,#2171),.UNSPECIFIED.,.F.,
  .F.,(2,2),(0.,2.688277844265),.PIECEWISE_BEZIER_KNOTS.);
#2170 = CARTESIAN_POINT('',(101.76689381913,-125.6795567299));
#2171 = CARTESIAN_POINT('',(104.26774074735,-124.6933506614));
#2172 = ( GEOMETRIC_REPRESENTATION_CONTEXT(2) 
PARAMETRIC_REPRESENTATION_CONTEXT() REPRESENTATION_CONTEXT('2D SPACE',''
  ) );
#2173 = PCURVE('',#2174,#2179);
#2174 = B_SPLINE_SURFACE_WITH_KNOTS('',1,1,(
    (#2175,#2176)
    ,(#2177,#2178
    )),.UNSPECIFIED.,.F.,.F.,.F.,(2,2),(2,2),(0.,2.688277844265),(
    -78.7402,0.),.PIECEWISE_BEZIER_KNOTS.);
#2175 = CARTESIAN_POINT('',(9.813951134896,-18.19722140538,
    35.000071120142));
#2176 = CARTESIAN_POINT('',(9.813951134896,-18.19722140538,
    33.000066040132));
#2177 = CARTESIAN_POINT('',(9.750429495876,-18.17217172114,
    35.000071120142));
#2178 = CARTESIAN_POINT('',(9.750429495876,-18.17217172114,
    33.000066040132));
#2179 = DEFINITIONAL_REPRESENTATION('',(#2180),#2183);
#2180 = B_SPLINE_CURVE_WITH_KNOTS('',1,(#2181,#2182),.UNSPECIFIED.,.F.,
  .F.,(2,2),(0.,2.688277844265),.PIECEWISE_BEZIER_KNOTS.);
#2181 = CARTESIAN_POINT('',(0.,0.));
#2182 = CARTESIAN_POINT('',(2.688277844265,0.));
#2183 = ( GEOMETRIC_REPRESENTATION_CONTEXT(2) 
PARAMETRIC_REPRESENTATION_CONTEXT() REPRESENTATION_CONTEXT('2D SPACE',''
  ) );
#2184 = ORIENTED_EDGE('',*,*,#2185,.T.);
#2185 = EDGE_CURVE('',#2161,#2186,#2188,.T.);
#2186 = VERTEX_POINT('',#2187);
#2187 = CARTESIAN_POINT('',(9.688765391365,-18.14284556355,
    33.000066040132));
#2188 = SURFACE_CURVE('',#2189,(#2192,#2198),.PCURVE_S1.);
#2189 = B_SPLINE_CURVE_WITH_KNOTS('',1,(#2190,#2191),.UNSPECIFIED.,.F.,
  .F.,(2,2),(0.,2.688277844265),.PIECEWISE_BEZIER_KNOTS.);
#2190 = CARTESIAN_POINT('',(9.750429495876,-18.17217172114,
    33.000066040132));
#2191 = CARTESIAN_POINT('',(9.688765391365,-18.14284556355,
    33.000066040132));
#2192 = PCURVE('',#115,#2193);
#2193 = DEFINITIONAL_REPRESENTATION('',(#2194),#2197);
#2194 = B_SPLINE_CURVE_WITH_KNOTS('',1,(#2195,#2196),.UNSPECIFIED.,.F.,
  .F.,(2,2),(0.,2.688277844265),.PIECEWISE_BEZIER_KNOTS.);
#2195 = CARTESIAN_POINT('',(104.26774074735,-124.6933506614));
#2196 = CARTESIAN_POINT('',(106.69545654197,-123.538779837));
#2197 = ( GEOMETRIC_REPRESENTATION_CONTEXT(2) 
PARAMETRIC_REPRESENTATION_CONTEXT() REPRESENTATION_CONTEXT('2D SPACE',''
  ) );
#2198 = PCURVE('',#2199,#2204);
#2199 = B_SPLINE_SURFACE_WITH_KNOTS('',1,1,(
    (#2200,#2201)
    ,(#2202,#2203
    )),.UNSPECIFIED.,.F.,.F.,.F.,(2,2),(2,2),(0.,2.688277844265),(
    -78.7402,0.),.PIECEWISE_BEZIER_KNOTS.);
#2200 = CARTESIAN_POINT('',(9.750429495876,-18.17217172114,
    35.000071120142));
#2201 = CARTESIAN_POINT('',(9.750429495876,-18.17217172114,
    33.000066040132));
#2202 = CARTESIAN_POINT('',(9.688765391365,-18.14284556355,
    35.000071120142));
#2203 = CARTESIAN_POINT('',(9.688765391365,-18.14284556355,
    33.000066040132));
#2204 = DEFINITIONAL_REPRESENTATION('',(#2205),#2208);
#2205 = B_SPLINE_CURVE_WITH_KNOTS('',1,(#2206,#2207),.UNSPECIFIED.,.F.,
  .F.,(2,2),(0.,2.688277844265),.PIECEWISE_BEZIER_KNOTS.);
#2206 = CARTESIAN_POINT('',(0.,0.));
#2207 = CARTESIAN_POINT('',(2.688277844265,0.));
#2208 = ( GEOMETRIC_REPRESENTATION_CONTEXT(2) 
PARAMETRIC_REPRESENTATION_CONTEXT() REPRESENTATION_CONTEXT('2D SPACE',''
  ) );
#2209 = ORIENTED_EDGE('',*,*,#2210,.T.);
#2210 = EDGE_CURVE('',#2186,#2211,#2213,.T.);
#2211 = VERTEX_POINT('',#2212);
#2212 = CARTESIAN_POINT('',(9.629246327882,-18.10937966469,
    33.000066040132));
#2213 = SURFACE_CURVE('',#2214,(#2217,#2223),.PCURVE_S1.);
#2214 = B_SPLINE_CURVE_WITH_KNOTS('',1,(#2215,#2216),.UNSPECIFIED.,.F.,
  .F.,(2,2),(0.,2.688277844265),.PIECEWISE_BEZIER_KNOTS.);
#2215 = CARTESIAN_POINT('',(9.688765391365,-18.14284556355,
    33.000066040132));
#2216 = CARTESIAN_POINT('',(9.629246327882,-18.10937966469,
    33.000066040132));
#2217 = PCURVE('',#115,#2218);
#2218 = DEFINITIONAL_REPRESENTATION('',(#2219),#2222);
#2219 = B_SPLINE_CURVE_WITH_KNOTS('',1,(#2220,#2221),.UNSPECIFIED.,.F.,
  .F.,(2,2),(0.,2.688277844265),.PIECEWISE_BEZIER_KNOTS.);
#2220 = CARTESIAN_POINT('',(106.69545654197,-123.538779837));
#2221 = CARTESIAN_POINT('',(109.03872207129,-122.2212273989));
#2222 = ( GEOMETRIC_REPRESENTATION_CONTEXT(2) 
PARAMETRIC_REPRESENTATION_CONTEXT() REPRESENTATION_CONTEXT('2D SPACE',''
  ) );
#2223 = PCURVE('',#2224,#2229);
#2224 = B_SPLINE_SURFACE_WITH_KNOTS('',1,1,(
    (#2225,#2226)
    ,(#2227,#2228
    )),.UNSPECIFIED.,.F.,.F.,.F.,(2,2),(2,2),(0.,2.688277844265),(
    -78.7402,0.),.PIECEWISE_BEZIER_KNOTS.);
#2225 = CARTESIAN_POINT('',(9.688765391365,-18.14284556355,
    35.000071120142));
#2226 = CARTESIAN_POINT('',(9.688765391365,-18.14284556355,
    33.000066040132));
#2227 = CARTESIAN_POINT('',(9.629246327882,-18.10937966469,
    35.000071120142));
#2228 = CARTESIAN_POINT('',(9.629246327882,-18.10937966469,
    33.000066040132));
#2229 = DEFINITIONAL_REPRESENTATION('',(#2230),#2233);
#2230 = B_SPLINE_CURVE_WITH_KNOTS('',1,(#2231,#2232),.UNSPECIFIED.,.F.,
  .F.,(2,2),(0.,2.688277844265),.PIECEWISE_BEZIER_KNOTS.);
#2231 = CARTESIAN_POINT('',(0.,0.));
#2232 = CARTESIAN_POINT('',(2.688277844265,0.));
#2233 = ( GEOMETRIC_REPRESENTATION_CONTEXT(2) 
PARAMETRIC_REPRESENTATION_CONTEXT() REPRESENTATION_CONTEXT('2D SPACE',''
  ) );
#2234 = ORIENTED_EDGE('',*,*,#2235,.T.);
#2235 = EDGE_CURVE('',#2211,#2236,#2238,.T.);
#2236 = VERTEX_POINT('',#2237);
#2237 = CARTESIAN_POINT('',(9.572149810777,-18.07193005803,
    33.000066040132));
#2238 = SURFACE_CURVE('',#2239,(#2242,#2248),.PCURVE_S1.);
#2239 = B_SPLINE_CURVE_WITH_KNOTS('',1,(#2240,#2241),.UNSPECIFIED.,.F.,
  .F.,(2,2),(0.,2.688277844265),.PIECEWISE_BEZIER_KNOTS.);
#2240 = CARTESIAN_POINT('',(9.629246327882,-18.10937966469,
    33.000066040132));
#2241 = CARTESIAN_POINT('',(9.572149810777,-18.07193005803,
    33.000066040132));
#2242 = PCURVE('',#115,#2243);
#2243 = DEFINITIONAL_REPRESENTATION('',(#2244),#2247);
#2244 = B_SPLINE_CURVE_WITH_KNOTS('',1,(#2245,#2246),.UNSPECIFIED.,.F.,
  .F.,(2,2),(0.,2.688277844265),.PIECEWISE_BEZIER_KNOTS.);
#2245 = CARTESIAN_POINT('',(109.03872207129,-122.2212273989));
#2246 = CARTESIAN_POINT('',(111.28661194969,-120.7468363848));
#2247 = ( GEOMETRIC_REPRESENTATION_CONTEXT(2) 
PARAMETRIC_REPRESENTATION_CONTEXT() REPRESENTATION_CONTEXT('2D SPACE',''
  ) );
#2248 = PCURVE('',#2249,#2254);
#2249 = B_SPLINE_SURFACE_WITH_KNOTS('',1,1,(
    (#2250,#2251)
    ,(#2252,#2253
    )),.UNSPECIFIED.,.F.,.F.,.F.,(2,2),(2,2),(0.,2.688277844265),(
    -78.7402,0.),.PIECEWISE_BEZIER_KNOTS.);
#2250 = CARTESIAN_POINT('',(9.629246327882,-18.10937966469,
    35.000071120142));
#2251 = CARTESIAN_POINT('',(9.629246327882,-18.10937966469,
    33.000066040132));
#2252 = CARTESIAN_POINT('',(9.572149810777,-18.07193005803,
    35.000071120142));
#2253 = CARTESIAN_POINT('',(9.572149810777,-18.07193005803,
    33.000066040132));
#2254 = DEFINITIONAL_REPRESENTATION('',(#2255),#2258);
#2255 = B_SPLINE_CURVE_WITH_KNOTS('',1,(#2256,#2257),.UNSPECIFIED.,.F.,
  .F.,(2,2),(0.,2.688277844265),.PIECEWISE_BEZIER_KNOTS.);
#2256 = CARTESIAN_POINT('',(0.,0.));
#2257 = CARTESIAN_POINT('',(2.688277844265,0.));
#2258 = ( GEOMETRIC_REPRESENTATION_CONTEXT(2) 
PARAMETRIC_REPRESENTATION_CONTEXT() REPRESENTATION_CONTEXT('2D SPACE',''
  ) );
#2259 = ORIENTED_EDGE('',*,*,#2260,.T.);
#2260 = EDGE_CURVE('',#2236,#2261,#2263,.T.);
#2261 = VERTEX_POINT('',#2262);
#2262 = CARTESIAN_POINT('',(9.517742050371,-18.03067135093,
    33.000066040132));
#2263 = SURFACE_CURVE('',#2264,(#2267,#2273),.PCURVE_S1.);
#2264 = B_SPLINE_CURVE_WITH_KNOTS('',1,(#2265,#2266),.UNSPECIFIED.,.F.,
  .F.,(2,2),(0.,2.688277844265),.PIECEWISE_BEZIER_KNOTS.);
#2265 = CARTESIAN_POINT('',(9.572149810777,-18.07193005803,
    33.000066040132));
#2266 = CARTESIAN_POINT('',(9.517742050371,-18.03067135093,
    33.000066040132));
#2267 = PCURVE('',#115,#2268);
#2268 = DEFINITIONAL_REPRESENTATION('',(#2269),#2272);
#2269 = B_SPLINE_CURVE_WITH_KNOTS('',1,(#2270,#2271),.UNSPECIFIED.,.F.,
  .F.,(2,2),(0.,2.688277844265),.PIECEWISE_BEZIER_KNOTS.);
#2270 = CARTESIAN_POINT('',(111.28661194969,-120.7468363848));
#2271 = CARTESIAN_POINT('',(113.42864547691,-119.1224810861));
#2272 = ( GEOMETRIC_REPRESENTATION_CONTEXT(2) 
PARAMETRIC_REPRESENTATION_CONTEXT() REPRESENTATION_CONTEXT('2D SPACE',''
  ) );
#2273 = PCURVE('',#2274,#2279);
#2274 = B_SPLINE_SURFACE_WITH_KNOTS('',1,1,(
    (#2275,#2276)
    ,(#2277,#2278
    )),.UNSPECIFIED.,.F.,.F.,.F.,(2,2),(2,2),(0.,2.688277844265),(
    -78.7402,0.),.PIECEWISE_BEZIER_KNOTS.);
#2275 = CARTESIAN_POINT('',(9.572149810777,-18.07193005803,
    35.000071120142));
#2276 = CARTESIAN_POINT('',(9.572149810777,-18.07193005803,
    33.000066040132));
#2277 = CARTESIAN_POINT('',(9.517742050371,-18.03067135093,
    35.000071120142));
#2278 = CARTESIAN_POINT('',(9.517742050371,-18.03067135093,
    33.000066040132));
#2279 = DEFINITIONAL_REPRESENTATION('',(#2280),#2283);
#2280 = B_SPLINE_CURVE_WITH_KNOTS('',1,(#2281,#2282),.UNSPECIFIED.,.F.,
  .F.,(2,2),(0.,2.688277844265),.PIECEWISE_BEZIER_KNOTS.);
#2281 = CARTESIAN_POINT('',(0.,0.));
#2282 = CARTESIAN_POINT('',(2.688277844265,0.));
#2283 = ( GEOMETRIC_REPRESENTATION_CONTEXT(2) 
PARAMETRIC_REPRESENTATION_CONTEXT() REPRESENTATION_CONTEXT('2D SPACE',''
  ) );
#2284 = ORIENTED_EDGE('',*,*,#2285,.T.);
#2285 = EDGE_CURVE('',#2261,#2286,#2288,.T.);
#2286 = VERTEX_POINT('',#2287);
#2287 = CARTESIAN_POINT('',(9.466276720756,-17.98579591052,
    33.000066040132));
#2288 = SURFACE_CURVE('',#2289,(#2292,#2298),.PCURVE_S1.);
#2289 = B_SPLINE_CURVE_WITH_KNOTS('',1,(#2290,#2291),.UNSPECIFIED.,.F.,
  .F.,(2,2),(0.,2.688277844265),.PIECEWISE_BEZIER_KNOTS.);
#2290 = CARTESIAN_POINT('',(9.517742050371,-18.03067135093,
    33.000066040132));
#2291 = CARTESIAN_POINT('',(9.466276720756,-17.98579591052,
    33.000066040132));
#2292 = PCURVE('',#115,#2293);
#2293 = DEFINITIONAL_REPRESENTATION('',(#2294),#2297);
#2294 = B_SPLINE_CURVE_WITH_KNOTS('',1,(#2295,#2296),.UNSPECIFIED.,.F.,
  .F.,(2,2),(0.,2.688277844265),.PIECEWISE_BEZIER_KNOTS.);
#2295 = CARTESIAN_POINT('',(113.42864547691,-119.1224810861));
#2296 = CARTESIAN_POINT('',(115.45483550383,-117.3557349972));
#2297 = ( GEOMETRIC_REPRESENTATION_CONTEXT(2) 
PARAMETRIC_REPRESENTATION_CONTEXT() REPRESENTATION_CONTEXT('2D SPACE',''
  ) );
#2298 = PCURVE('',#2299,#2304);
#2299 = B_SPLINE_SURFACE_WITH_KNOTS('',1,1,(
    (#2300,#2301)
    ,(#2302,#2303
    )),.UNSPECIFIED.,.F.,.F.,.F.,(2,2),(2,2),(0.,2.688277844265),(
    -78.7402,0.),.PIECEWISE_BEZIER_KNOTS.);
#2300 = CARTESIAN_POINT('',(9.517742050371,-18.03067135093,
    35.000071120142));
#2301 = CARTESIAN_POINT('',(9.517742050371,-18.03067135093,
    33.000066040132));
#2302 = CARTESIAN_POINT('',(9.466276720756,-17.98579591052,
    35.000071120142));
#2303 = CARTESIAN_POINT('',(9.466276720756,-17.98579591052,
    33.000066040132));
#2304 = DEFINITIONAL_REPRESENTATION('',(#2305),#2308);
#2305 = B_SPLINE_CURVE_WITH_KNOTS('',1,(#2306,#2307),.UNSPECIFIED.,.F.,
  .F.,(2,2),(0.,2.688277844265),.PIECEWISE_BEZIER_KNOTS.);
#2306 = CARTESIAN_POINT('',(0.,0.));
#2307 = CARTESIAN_POINT('',(2.688277844265,0.));
#2308 = ( GEOMETRIC_REPRESENTATION_CONTEXT(2) 
PARAMETRIC_REPRESENTATION_CONTEXT() REPRESENTATION_CONTEXT('2D SPACE',''
  ) );
#2309 = ORIENTED_EDGE('',*,*,#2310,.T.);
#2310 = EDGE_CURVE('',#2286,#2311,#2313,.T.);
#2311 = VERTEX_POINT('',#2312);
#2312 = CARTESIAN_POINT('',(9.417993777058,-17.93751296682,
    33.000066040132));
#2313 = SURFACE_CURVE('',#2314,(#2317,#2323),.PCURVE_S1.);
#2314 = B_SPLINE_CURVE_WITH_KNOTS('',1,(#2315,#2316),.UNSPECIFIED.,.F.,
  .F.,(2,2),(0.,2.688277844265),.PIECEWISE_BEZIER_KNOTS.);
#2315 = CARTESIAN_POINT('',(9.466276720756,-17.98579591052,
    33.000066040132));
#2316 = CARTESIAN_POINT('',(9.417993777058,-17.93751296682,
    33.000066040132));
#2317 = PCURVE('',#115,#2318);
#2318 = DEFINITIONAL_REPRESENTATION('',(#2319),#2322);
#2319 = B_SPLINE_CURVE_WITH_KNOTS('',1,(#2320,#2321),.UNSPECIFIED.,.F.,
  .F.,(2,2),(0.,2.688277844265),.PIECEWISE_BEZIER_KNOTS.);
#2320 = CARTESIAN_POINT('',(115.45483550383,-117.3557349972));
#2321 = CARTESIAN_POINT('',(117.35573499722,-115.4548355038));
#2322 = ( GEOMETRIC_REPRESENTATION_CONTEXT(2) 
PARAMETRIC_REPRESENTATION_CONTEXT() REPRESENTATION_CONTEXT('2D SPACE',''
  ) );
#2323 = PCURVE('',#2324,#2329);
#2324 = B_SPLINE_SURFACE_WITH_KNOTS('',1,1,(
    (#2325,#2326)
    ,(#2327,#2328
    )),.UNSPECIFIED.,.F.,.F.,.F.,(2,2),(2,2),(0.,2.688277844265),(
    -78.7402,0.),.PIECEWISE_BEZIER_KNOTS.);
#2325 = CARTESIAN_POINT('',(9.466276720756,-17.98579591052,
    35.000071120142));
#2326 = CARTESIAN_POINT('',(9.466276720756,-17.98579591052,
    33.000066040132));
#2327 = CARTESIAN_POINT('',(9.417993777058,-17.93751296682,
    35.000071120142));
#2328 = CARTESIAN_POINT('',(9.417993777058,-17.93751296682,
    33.000066040132));
#2329 = DEFINITIONAL_REPRESENTATION('',(#2330),#2333);
#2330 = B_SPLINE_CURVE_WITH_KNOTS('',1,(#2331,#2332),.UNSPECIFIED.,.F.,
  .F.,(2,2),(0.,2.688277844265),.PIECEWISE_BEZIER_KNOTS.);
#2331 = CARTESIAN_POINT('',(0.,0.));
#2332 = CARTESIAN_POINT('',(2.688277844265,0.));
#2333 = ( GEOMETRIC_REPRESENTATION_CONTEXT(2) 
PARAMETRIC_REPRESENTATION_CONTEXT() REPRESENTATION_CONTEXT('2D SPACE',''
  ) );
#2334 = ORIENTED_EDGE('',*,*,#2335,.T.);
#2335 = EDGE_CURVE('',#2311,#2336,#2338,.T.);
#2336 = VERTEX_POINT('',#2337);
#2337 = CARTESIAN_POINT('',(9.373118336648,-17.8860476372,
    33.000066040132));
#2338 = SURFACE_CURVE('',#2339,(#2342,#2348),.PCURVE_S1.);
#2339 = B_SPLINE_CURVE_WITH_KNOTS('',1,(#2340,#2341),.UNSPECIFIED.,.F.,
  .F.,(2,2),(0.,2.688277844265),.PIECEWISE_BEZIER_KNOTS.);
#2340 = CARTESIAN_POINT('',(9.417993777058,-17.93751296682,
    33.000066040132));
#2341 = CARTESIAN_POINT('',(9.373118336648,-17.8860476372,
    33.000066040132));
#2342 = PCURVE('',#115,#2343);
#2343 = DEFINITIONAL_REPRESENTATION('',(#2344),#2347);
#2344 = B_SPLINE_CURVE_WITH_KNOTS('',1,(#2345,#2346),.UNSPECIFIED.,.F.,
  .F.,(2,2),(0.,2.688277844265),.PIECEWISE_BEZIER_KNOTS.);
#2345 = CARTESIAN_POINT('',(117.35573499722,-115.4548355038));
#2346 = CARTESIAN_POINT('',(119.12248108616,-113.4286454769));
#2347 = ( GEOMETRIC_REPRESENTATION_CONTEXT(2) 
PARAMETRIC_REPRESENTATION_CONTEXT() REPRESENTATION_CONTEXT('2D SPACE',''
  ) );
#2348 = PCURVE('',#2349,#2354);
#2349 = B_SPLINE_SURFACE_WITH_KNOTS('',1,1,(
    (#2350,#2351)
    ,(#2352,#2353
    )),.UNSPECIFIED.,.F.,.F.,.F.,(2,2),(2,2),(0.,2.688277844265),(
    -78.7402,0.),.PIECEWISE_BEZIER_KNOTS.);
#2350 = CARTESIAN_POINT('',(9.417993777058,-17.93751296682,
    35.000071120142));
#2351 = CARTESIAN_POINT('',(9.417993777058,-17.93751296682,
    33.000066040132));
#2352 = CARTESIAN_POINT('',(9.373118336648,-17.8860476372,
    35.000071120142));
#2353 = CARTESIAN_POINT('',(9.373118336648,-17.8860476372,
    33.000066040132));
#2354 = DEFINITIONAL_REPRESENTATION('',(#2355),#2358);
#2355 = B_SPLINE_CURVE_WITH_KNOTS('',1,(#2356,#2357),.UNSPECIFIED.,.F.,
  .F.,(2,2),(0.,2.688277844265),.PIECEWISE_BEZIER_KNOTS.);
#2356 = CARTESIAN_POINT('',(0.,0.));
#2357 = CARTESIAN_POINT('',(2.688277844265,0.));
#2358 = ( GEOMETRIC_REPRESENTATION_CONTEXT(2) 
PARAMETRIC_REPRESENTATION_CONTEXT() REPRESENTATION_CONTEXT('2D SPACE',''
  ) );
#2359 = ORIENTED_EDGE('',*,*,#2360,.T.);
#2360 = EDGE_CURVE('',#2336,#2361,#2363,.T.);
#2361 = VERTEX_POINT('',#2362);
#2362 = CARTESIAN_POINT('',(9.331859629545,-17.8316398768,
    33.000066040132));
#2363 = SURFACE_CURVE('',#2364,(#2367,#2373),.PCURVE_S1.);
#2364 = B_SPLINE_CURVE_WITH_KNOTS('',1,(#2365,#2366),.UNSPECIFIED.,.F.,
  .F.,(2,2),(0.,2.688277844265),.PIECEWISE_BEZIER_KNOTS.);
#2365 = CARTESIAN_POINT('',(9.373118336648,-17.8860476372,
    33.000066040132));
#2366 = CARTESIAN_POINT('',(9.331859629545,-17.8316398768,
    33.000066040132));
#2367 = PCURVE('',#115,#2368);
#2368 = DEFINITIONAL_REPRESENTATION('',(#2369),#2372);
#2369 = B_SPLINE_CURVE_WITH_KNOTS('',1,(#2370,#2371),.UNSPECIFIED.,.F.,
  .F.,(2,2),(0.,2.688277844265),.PIECEWISE_BEZIER_KNOTS.);
#2370 = CARTESIAN_POINT('',(119.12248108616,-113.4286454769));
#2371 = CARTESIAN_POINT('',(120.74683638481,-111.2866119496));
#2372 = ( GEOMETRIC_REPRESENTATION_CONTEXT(2) 
PARAMETRIC_REPRESENTATION_CONTEXT() REPRESENTATION_CONTEXT('2D SPACE',''
  ) );
#2373 = PCURVE('',#2374,#2379);
#2374 = B_SPLINE_SURFACE_WITH_KNOTS('',1,1,(
    (#2375,#2376)
    ,(#2377,#2378
    )),.UNSPECIFIED.,.F.,.F.,.F.,(2,2),(2,2),(0.,2.688277844265),(
    -78.7402,0.),.PIECEWISE_BEZIER_KNOTS.);
#2375 = CARTESIAN_POINT('',(9.373118336648,-17.8860476372,
    35.000071120142));
#2376 = CARTESIAN_POINT('',(9.373118336648,-17.8860476372,
    33.000066040132));
#2377 = CARTESIAN_POINT('',(9.331859629545,-17.8316398768,
    35.000071120142));
#2378 = CARTESIAN_POINT('',(9.331859629545,-17.8316398768,
    33.000066040132));
#2379 = DEFINITIONAL_REPRESENTATION('',(#2380),#2383);
#2380 = B_SPLINE_CURVE_WITH_KNOTS('',1,(#2381,#2382),.UNSPECIFIED.,.F.,
  .F.,(2,2),(0.,2.688277844265),.PIECEWISE_BEZIER_KNOTS.);
#2381 = CARTESIAN_POINT('',(0.,0.));
#2382 = CARTESIAN_POINT('',(2.688277844265,0.));
#2383 = ( GEOMETRIC_REPRESENTATION_CONTEXT(2) 
PARAMETRIC_REPRESENTATION_CONTEXT() REPRESENTATION_CONTEXT('2D SPACE',''
  ) );
#2384 = ORIENTED_EDGE('',*,*,#2385,.T.);
#2385 = EDGE_CURVE('',#2361,#2386,#2388,.T.);
#2386 = VERTEX_POINT('',#2387);
#2387 = CARTESIAN_POINT('',(9.294410022887,-17.77454335969,
    33.000066040132));
#2388 = SURFACE_CURVE('',#2389,(#2392,#2398),.PCURVE_S1.);
#2389 = B_SPLINE_CURVE_WITH_KNOTS('',1,(#2390,#2391),.UNSPECIFIED.,.F.,
  .F.,(2,2),(0.,2.688277844265),.PIECEWISE_BEZIER_KNOTS.);
#2390 = CARTESIAN_POINT('',(9.331859629545,-17.8316398768,
    33.000066040132));
#2391 = CARTESIAN_POINT('',(9.294410022887,-17.77454335969,
    33.000066040132));
#2392 = PCURVE('',#115,#2393);
#2393 = DEFINITIONAL_REPRESENTATION('',(#2394),#2397);
#2394 = B_SPLINE_CURVE_WITH_KNOTS('',1,(#2395,#2396),.UNSPECIFIED.,.F.,
  .F.,(2,2),(0.,2.688277844265),.PIECEWISE_BEZIER_KNOTS.);
#2395 = CARTESIAN_POINT('',(120.74683638481,-111.2866119496));
#2396 = CARTESIAN_POINT('',(122.22122739893,-109.0387220712));
#2397 = ( GEOMETRIC_REPRESENTATION_CONTEXT(2) 
PARAMETRIC_REPRESENTATION_CONTEXT() REPRESENTATION_CONTEXT('2D SPACE',''
  ) );
#2398 = PCURVE('',#2399,#2404);
#2399 = B_SPLINE_SURFACE_WITH_KNOTS('',1,1,(
    (#2400,#2401)
    ,(#2402,#2403
    )),.UNSPECIFIED.,.F.,.F.,.F.,(2,2),(2,2),(0.,2.688277844265),(
    -78.7402,0.),.PIECEWISE_BEZIER_KNOTS.);
#2400 = CARTESIAN_POINT('',(9.331859629545,-17.8316398768,
    35.000071120142));
#2401 = CARTESIAN_POINT('',(9.331859629545,-17.8316398768,
    33.000066040132));
#2402 = CARTESIAN_POINT('',(9.294410022887,-17.77454335969,
    35.000071120142));
#2403 = CARTESIAN_POINT('',(9.294410022887,-17.77454335969,
    33.000066040132));
#2404 = DEFINITIONAL_REPRESENTATION('',(#2405),#2408);
#2405 = B_SPLINE_CURVE_WITH_KNOTS('',1,(#2406,#2407),.UNSPECIFIED.,.F.,
  .F.,(2,2),(0.,2.688277844265),.PIECEWISE_BEZIER_KNOTS.);
#2406 = CARTESIAN_POINT('',(0.,0.));
#2407 = CARTESIAN_POINT('',(2.688277844265,0.));
#2408 = ( GEOMETRIC_REPRESENTATION_CONTEXT(2) 
PARAMETRIC_REPRESENTATION_CONTEXT() REPRESENTATION_CONTEXT('2D SPACE',''
  ) );
#2409 = ORIENTED_EDGE('',*,*,#2410,.T.);
#2410 = EDGE_CURVE('',#2386,#2411,#2413,.T.);
#2411 = VERTEX_POINT('',#2412);
#2412 = CARTESIAN_POINT('',(9.260944124028,-17.71502429621,
    33.000066040132));
#2413 = SURFACE_CURVE('',#2414,(#2417,#2423),.PCURVE_S1.);
#2414 = B_SPLINE_CURVE_WITH_KNOTS('',1,(#2415,#2416),.UNSPECIFIED.,.F.,
  .F.,(2,2),(0.,2.688277844265),.PIECEWISE_BEZIER_KNOTS.);
#2415 = CARTESIAN_POINT('',(9.294410022887,-17.77454335969,
    33.000066040132));
#2416 = CARTESIAN_POINT('',(9.260944124028,-17.71502429621,
    33.000066040132));
#2417 = PCURVE('',#115,#2418);
#2418 = DEFINITIONAL_REPRESENTATION('',(#2419),#2422);
#2419 = B_SPLINE_CURVE_WITH_KNOTS('',1,(#2420,#2421),.UNSPECIFIED.,.F.,
  .F.,(2,2),(0.,2.688277844265),.PIECEWISE_BEZIER_KNOTS.);
#2420 = CARTESIAN_POINT('',(122.22122739893,-109.0387220712));
#2421 = CARTESIAN_POINT('',(123.53877983702,-106.6954565419));
#2422 = ( GEOMETRIC_REPRESENTATION_CONTEXT(2) 
PARAMETRIC_REPRESENTATION_CONTEXT() REPRESENTATION_CONTEXT('2D SPACE',''
  ) );
#2423 = PCURVE('',#2424,#2429);
#2424 = B_SPLINE_SURFACE_WITH_KNOTS('',1,1,(
    (#2425,#2426)
    ,(#2427,#2428
    )),.UNSPECIFIED.,.F.,.F.,.F.,(2,2),(2,2),(0.,2.688277844265),(
    -78.7402,0.),.PIECEWISE_BEZIER_KNOTS.);
#2425 = CARTESIAN_POINT('',(9.294410022887,-17.77454335969,
    35.000071120142));
#2426 = CARTESIAN_POINT('',(9.294410022887,-17.77454335969,
    33.000066040132));
#2427 = CARTESIAN_POINT('',(9.260944124028,-17.71502429621,
    35.000071120142));
#2428 = CARTESIAN_POINT('',(9.260944124028,-17.71502429621,
    33.000066040132));
#2429 = DEFINITIONAL_REPRESENTATION('',(#2430),#2433);
#2430 = B_SPLINE_CURVE_WITH_KNOTS('',1,(#2431,#2432),.UNSPECIFIED.,.F.,
  .F.,(2,2),(0.,2.688277844265),.PIECEWISE_BEZIER_KNOTS.);
#2431 = CARTESIAN_POINT('',(0.,0.));
#2432 = CARTESIAN_POINT('',(2.688277844265,0.));
#2433 = ( GEOMETRIC_REPRESENTATION_CONTEXT(2) 
PARAMETRIC_REPRESENTATION_CONTEXT() REPRESENTATION_CONTEXT('2D SPACE',''
  ) );
#2434 = ORIENTED_EDGE('',*,*,#2435,.T.);
#2435 = EDGE_CURVE('',#2411,#2436,#2438,.T.);
#2436 = VERTEX_POINT('',#2437);
#2437 = CARTESIAN_POINT('',(9.231617966436,-17.6533601917,
    33.000066040132));
#2438 = SURFACE_CURVE('',#2439,(#2442,#2448),.PCURVE_S1.);
#2439 = B_SPLINE_CURVE_WITH_KNOTS('',1,(#2440,#2441),.UNSPECIFIED.,.F.,
  .F.,(2,2),(0.,2.688277844265),.PIECEWISE_BEZIER_KNOTS.);
#2440 = CARTESIAN_POINT('',(9.260944124028,-17.71502429621,
    33.000066040132));
#2441 = CARTESIAN_POINT('',(9.231617966436,-17.6533601917,
    33.000066040132));
#2442 = PCURVE('',#115,#2443);
#2443 = DEFINITIONAL_REPRESENTATION('',(#2444),#2447);
#2444 = B_SPLINE_CURVE_WITH_KNOTS('',1,(#2445,#2446),.UNSPECIFIED.,.F.,
  .F.,(2,2),(0.,2.688277844265),.PIECEWISE_BEZIER_KNOTS.);
#2445 = CARTESIAN_POINT('',(123.53877983702,-106.6954565419));
#2446 = CARTESIAN_POINT('',(124.6933506614,-104.2677407473));
#2447 = ( GEOMETRIC_REPRESENTATION_CONTEXT(2) 
PARAMETRIC_REPRESENTATION_CONTEXT() REPRESENTATION_CONTEXT('2D SPACE',''
  ) );
#2448 = PCURVE('',#2449,#2454);
#2449 = B_SPLINE_SURFACE_WITH_KNOTS('',1,1,(
    (#2450,#2451)
    ,(#2452,#2453
    )),.UNSPECIFIED.,.F.,.F.,.F.,(2,2),(2,2),(0.,2.688277844265),(
    -78.7402,0.),.PIECEWISE_BEZIER_KNOTS.);
#2450 = CARTESIAN_POINT('',(9.260944124028,-17.71502429621,
    35.000071120142));
#2451 = CARTESIAN_POINT('',(9.260944124028,-17.71502429621,
    33.000066040132));
#2452 = CARTESIAN_POINT('',(9.231617966436,-17.6533601917,
    35.000071120142));
#2453 = CARTESIAN_POINT('',(9.231617966436,-17.6533601917,
    33.000066040132));
#2454 = DEFINITIONAL_REPRESENTATION('',(#2455),#2458);
#2455 = B_SPLINE_CURVE_WITH_KNOTS('',1,(#2456,#2457),.UNSPECIFIED.,.F.,
  .F.,(2,2),(0.,2.688277844265),.PIECEWISE_BEZIER_KNOTS.);
#2456 = CARTESIAN_POINT('',(0.,0.));
#2457 = CARTESIAN_POINT('',(2.688277844265,0.));
#2458 = ( GEOMETRIC_REPRESENTATION_CONTEXT(2) 
PARAMETRIC_REPRESENTATION_CONTEXT() REPRESENTATION_CONTEXT('2D SPACE',''
  ) );
#2459 = ORIENTED_EDGE('',*,*,#2460,.T.);
#2460 = EDGE_CURVE('',#2436,#2461,#2463,.T.);
#2461 = VERTEX_POINT('',#2462);
#2462 = CARTESIAN_POINT('',(9.206568282197,-17.58983855268,
    33.000066040132));
#2463 = SURFACE_CURVE('',#2464,(#2467,#2473),.PCURVE_S1.);
#2464 = B_SPLINE_CURVE_WITH_KNOTS('',1,(#2465,#2466),.UNSPECIFIED.,.F.,
  .F.,(2,2),(0.,2.688277844265),.PIECEWISE_BEZIER_KNOTS.);
#2465 = CARTESIAN_POINT('',(9.231617966436,-17.6533601917,
    33.000066040132));
#2466 = CARTESIAN_POINT('',(9.206568282197,-17.58983855268,
    33.000066040132));
#2467 = PCURVE('',#115,#2468);
#2468 = DEFINITIONAL_REPRESENTATION('',(#2469),#2472);
#2469 = B_SPLINE_CURVE_WITH_KNOTS('',1,(#2470,#2471),.UNSPECIFIED.,.F.,
  .F.,(2,2),(0.,2.688277844265),.PIECEWISE_BEZIER_KNOTS.);
#2470 = CARTESIAN_POINT('',(124.6933506614,-104.2677407473));
#2471 = CARTESIAN_POINT('',(125.67955672991,-101.7668938191));
#2472 = ( GEOMETRIC_REPRESENTATION_CONTEXT(2) 
PARAMETRIC_REPRESENTATION_CONTEXT() REPRESENTATION_CONTEXT('2D SPACE',''
  ) );
#2473 = PCURVE('',#2474,#2479);
#2474 = B_SPLINE_SURFACE_WITH_KNOTS('',1,1,(
    (#2475,#2476)
    ,(#2477,#2478
    )),.UNSPECIFIED.,.F.,.F.,.F.,(2,2),(2,2),(0.,2.688277844265),(
    -78.7402,0.),.PIECEWISE_BEZIER_KNOTS.);
#2475 = CARTESIAN_POINT('',(9.231617966436,-17.6533601917,
    35.000071120142));
#2476 = CARTESIAN_POINT('',(9.231617966436,-17.6533601917,
    33.000066040132));
#2477 = CARTESIAN_POINT('',(9.206568282197,-17.58983855268,
    35.000071120142));
#2478 = CARTESIAN_POINT('',(9.206568282197,-17.58983855268,
    33.000066040132));
#2479 = DEFINITIONAL_REPRESENTATION('',(#2480),#2483);
#2480 = B_SPLINE_CURVE_WITH_KNOTS('',1,(#2481,#2482),.UNSPECIFIED.,.F.,
  .F.,(2,2),(0.,2.688277844265),.PIECEWISE_BEZIER_KNOTS.);
#2481 = CARTESIAN_POINT('',(0.,0.));
#2482 = CARTESIAN_POINT('',(2.688277844265,0.));
#2483 = ( GEOMETRIC_REPRESENTATION_CONTEXT(2) 
PARAMETRIC_REPRESENTATION_CONTEXT() REPRESENTATION_CONTEXT('2D SPACE',''
  ) );
#2484 = ORIENTED_EDGE('',*,*,#2485,.T.);
#2485 = EDGE_CURVE('',#2461,#2486,#2488,.T.);
#2486 = VERTEX_POINT('',#2487);
#2487 = CARTESIAN_POINT('',(9.185911864501,-17.52475554635,
    33.000066040132));
#2488 = SURFACE_CURVE('',#2489,(#2492,#2498),.PCURVE_S1.);
#2489 = B_SPLINE_CURVE_WITH_KNOTS('',1,(#2490,#2491),.UNSPECIFIED.,.F.,
  .F.,(2,2),(0.,2.688277844265),.PIECEWISE_BEZIER_KNOTS.);
#2490 = CARTESIAN_POINT('',(9.206568282197,-17.58983855268,
    33.000066040132));
#2491 = CARTESIAN_POINT('',(9.185911864501,-17.52475554635,
    33.000066040132));
#2492 = PCURVE('',#115,#2493);
#2493 = DEFINITIONAL_REPRESENTATION('',(#2494),#2497);
#2494 = B_SPLINE_CURVE_WITH_KNOTS('',1,(#2495,#2496),.UNSPECIFIED.,.F.,
  .F.,(2,2),(0.,2.688277844265),.PIECEWISE_BEZIER_KNOTS.);
#2495 = CARTESIAN_POINT('',(125.67955672991,-101.7668938191));
#2496 = CARTESIAN_POINT('',(126.49279989461,-99.20457586012));
#2497 = ( GEOMETRIC_REPRESENTATION_CONTEXT(2) 
PARAMETRIC_REPRESENTATION_CONTEXT() REPRESENTATION_CONTEXT('2D SPACE',''
  ) );
#2498 = PCURVE('',#2499,#2504);
#2499 = B_SPLINE_SURFACE_WITH_KNOTS('',1,1,(
    (#2500,#2501)
    ,(#2502,#2503
    )),.UNSPECIFIED.,.F.,.F.,.F.,(2,2),(2,2),(0.,2.688277844265),(
    -78.7402,0.),.PIECEWISE_BEZIER_KNOTS.);
#2500 = CARTESIAN_POINT('',(9.206568282197,-17.58983855268,
    35.000071120142));
#2501 = CARTESIAN_POINT('',(9.206568282197,-17.58983855268,
    33.000066040132));
#2502 = CARTESIAN_POINT('',(9.185911864501,-17.52475554635,
    35.000071120142));
#2503 = CARTESIAN_POINT('',(9.185911864501,-17.52475554635,
    33.000066040132));
#2504 = DEFINITIONAL_REPRESENTATION('',(#2505),#2508);
#2505 = B_SPLINE_CURVE_WITH_KNOTS('',1,(#2506,#2507),.UNSPECIFIED.,.F.,
  .F.,(2,2),(0.,2.688277844265),.PIECEWISE_BEZIER_KNOTS.);
#2506 = CARTESIAN_POINT('',(0.,0.));
#2507 = CARTESIAN_POINT('',(2.688277844265,0.));
#2508 = ( GEOMETRIC_REPRESENTATION_CONTEXT(2) 
PARAMETRIC_REPRESENTATION_CONTEXT() REPRESENTATION_CONTEXT('2D SPACE',''
  ) );
#2509 = ORIENTED_EDGE('',*,*,#2510,.T.);
#2510 = EDGE_CURVE('',#2486,#2511,#2513,.T.);
#2511 = VERTEX_POINT('',#2512);
#2512 = CARTESIAN_POINT('',(9.169745023102,-17.45841461974,
    33.000066040132));
#2513 = SURFACE_CURVE('',#2514,(#2517,#2523),.PCURVE_S1.);
#2514 = B_SPLINE_CURVE_WITH_KNOTS('',1,(#2515,#2516),.UNSPECIFIED.,.F.,
  .F.,(2,2),(0.,2.688277844265),.PIECEWISE_BEZIER_KNOTS.);
#2515 = CARTESIAN_POINT('',(9.185911864501,-17.52475554635,
    33.000066040132));
#2516 = CARTESIAN_POINT('',(9.169745023102,-17.45841461974,
    33.000066040132));
#2517 = PCURVE('',#115,#2518);
#2518 = DEFINITIONAL_REPRESENTATION('',(#2519),#2522);
#2519 = B_SPLINE_CURVE_WITH_KNOTS('',1,(#2520,#2521),.UNSPECIFIED.,.F.,
  .F.,(2,2),(0.,2.688277844265),.PIECEWISE_BEZIER_KNOTS.);
#2520 = CARTESIAN_POINT('',(126.49279989461,-99.20457586012));
#2521 = CARTESIAN_POINT('',(127.12928844046,-96.59273357948));
#2522 = ( GEOMETRIC_REPRESENTATION_CONTEXT(2) 
PARAMETRIC_REPRESENTATION_CONTEXT() REPRESENTATION_CONTEXT('2D SPACE',''
  ) );
#2523 = PCURVE('',#2524,#2529);
#2524 = B_SPLINE_SURFACE_WITH_KNOTS('',1,1,(
    (#2525,#2526)
    ,(#2527,#2528
    )),.UNSPECIFIED.,.F.,.F.,.F.,(2,2),(2,2),(0.,2.688277844265),(
    -78.7402,0.),.PIECEWISE_BEZIER_KNOTS.);
#2525 = CARTESIAN_POINT('',(9.185911864501,-17.52475554635,
    35.000071120142));
#2526 = CARTESIAN_POINT('',(9.185911864501,-17.52475554635,
    33.000066040132));
#2527 = CARTESIAN_POINT('',(9.169745023102,-17.45841461974,
    35.000071120142));
#2528 = CARTESIAN_POINT('',(9.169745023102,-17.45841461974,
    33.000066040132));
#2529 = DEFINITIONAL_REPRESENTATION('',(#2530),#2533);
#2530 = B_SPLINE_CURVE_WITH_KNOTS('',1,(#2531,#2532),.UNSPECIFIED.,.F.,
  .F.,(2,2),(0.,2.688277844265),.PIECEWISE_BEZIER_KNOTS.);
#2531 = CARTESIAN_POINT('',(0.,0.));
#2532 = CARTESIAN_POINT('',(2.688277844265,0.));
#2533 = ( GEOMETRIC_REPRESENTATION_CONTEXT(2) 
PARAMETRIC_REPRESENTATION_CONTEXT() REPRESENTATION_CONTEXT('2D SPACE',''
  ) );
#2534 = ORIENTED_EDGE('',*,*,#2535,.T.);
#2535 = EDGE_CURVE('',#2511,#2536,#2538,.T.);
#2536 = VERTEX_POINT('',#2537);
#2537 = CARTESIAN_POINT('',(9.15814313528,-17.39112508487,
    33.000066040132));
#2538 = SURFACE_CURVE('',#2539,(#2542,#2548),.PCURVE_S1.);
#2539 = B_SPLINE_CURVE_WITH_KNOTS('',1,(#2540,#2541),.UNSPECIFIED.,.F.,
  .F.,(2,2),(0.,2.688277844265),.PIECEWISE_BEZIER_KNOTS.);
#2540 = CARTESIAN_POINT('',(9.169745023102,-17.45841461974,
    33.000066040132));
#2541 = CARTESIAN_POINT('',(9.15814313528,-17.39112508487,
    33.000066040132));
#2542 = PCURVE('',#115,#2543);
#2543 = DEFINITIONAL_REPRESENTATION('',(#2544),#2547);
#2544 = B_SPLINE_CURVE_WITH_KNOTS('',1,(#2545,#2546),.UNSPECIFIED.,.F.,
  .F.,(2,2),(0.,2.688277844265),.PIECEWISE_BEZIER_KNOTS.);
#2545 = CARTESIAN_POINT('',(127.12928844046,-96.59273357948));
#2546 = CARTESIAN_POINT('',(127.58605476404,-93.94354459158));
#2547 = ( GEOMETRIC_REPRESENTATION_CONTEXT(2) 
PARAMETRIC_REPRESENTATION_CONTEXT() REPRESENTATION_CONTEXT('2D SPACE',''
  ) );
#2548 = PCURVE('',#2549,#2554);
#2549 = B_SPLINE_SURFACE_WITH_KNOTS('',1,1,(
    (#2550,#2551)
    ,(#2552,#2553
    )),.UNSPECIFIED.,.F.,.F.,.F.,(2,2),(2,2),(0.,2.688277844265),(
    -78.7402,0.),.PIECEWISE_BEZIER_KNOTS.);
#2550 = CARTESIAN_POINT('',(9.169745023102,-17.45841461974,
    35.000071120142));
#2551 = CARTESIAN_POINT('',(9.169745023102,-17.45841461974,
    33.000066040132));
#2552 = CARTESIAN_POINT('',(9.15814313528,-17.39112508487,
    35.000071120142));
#2553 = CARTESIAN_POINT('',(9.15814313528,-17.39112508487,
    33.000066040132));
#2554 = DEFINITIONAL_REPRESENTATION('',(#2555),#2558);
#2555 = B_SPLINE_CURVE_WITH_KNOTS('',1,(#2556,#2557),.UNSPECIFIED.,.F.,
  .F.,(2,2),(0.,2.688277844265),.PIECEWISE_BEZIER_KNOTS.);
#2556 = CARTESIAN_POINT('',(0.,0.));
#2557 = CARTESIAN_POINT('',(2.688277844265,0.));
#2558 = ( GEOMETRIC_REPRESENTATION_CONTEXT(2) 
PARAMETRIC_REPRESENTATION_CONTEXT() REPRESENTATION_CONTEXT('2D SPACE',''
  ) );
#2559 = ORIENTED_EDGE('',*,*,#2560,.T.);
#2560 = EDGE_CURVE('',#2536,#130,#2561,.T.);
#2561 = SURFACE_CURVE('',#2562,(#2565,#2571),.PCURVE_S1.);
#2562 = B_SPLINE_CURVE_WITH_KNOTS('',1,(#2563,#2564),.UNSPECIFIED.,.F.,
  .F.,(2,2),(0.,2.688277844265),.PIECEWISE_BEZIER_KNOTS.);
#2563 = CARTESIAN_POINT('',(9.15814313528,-17.39112508487,
    33.000066040132));
#2564 = CARTESIAN_POINT('',(9.151160294389,-17.32320067661,
    33.000066040132));
#2565 = PCURVE('',#115,#2566);
#2566 = DEFINITIONAL_REPRESENTATION('',(#2567),#2570);
#2567 = B_SPLINE_CURVE_WITH_KNOTS('',1,(#2568,#2569),.UNSPECIFIED.,.F.,
  .F.,(2,2),(0.,2.688277844265),.PIECEWISE_BEZIER_KNOTS.);
#2568 = CARTESIAN_POINT('',(127.58605476404,-93.94354459158));
#2569 = CARTESIAN_POINT('',(127.8609692099,-91.2693606384));
#2570 = ( GEOMETRIC_REPRESENTATION_CONTEXT(2) 
PARAMETRIC_REPRESENTATION_CONTEXT() REPRESENTATION_CONTEXT('2D SPACE',''
  ) );
#2571 = PCURVE('',#145,#2572);
#2572 = DEFINITIONAL_REPRESENTATION('',(#2573),#2576);
#2573 = B_SPLINE_CURVE_WITH_KNOTS('',1,(#2574,#2575),.UNSPECIFIED.,.F.,
  .F.,(2,2),(0.,2.688277844265),.PIECEWISE_BEZIER_KNOTS.);
#2574 = CARTESIAN_POINT('',(0.,0.));
#2575 = CARTESIAN_POINT('',(2.688277844265,0.));
#2576 = ( GEOMETRIC_REPRESENTATION_CONTEXT(2) 
PARAMETRIC_REPRESENTATION_CONTEXT() REPRESENTATION_CONTEXT('2D SPACE',''
  ) );
#2577 = ORIENTED_EDGE('',*,*,#175,.T.);
#2578 = FACE_BOUND('',#2579,.T.);
#2579 = EDGE_LOOP('',(#2580));
#2580 = ORIENTED_EDGE('',*,*,#2581,.T.);
#2581 = EDGE_CURVE('',#2582,#2582,#2584,.T.);
#2582 = VERTEX_POINT('',#2583);
#2583 = CARTESIAN_POINT('',(14.998841757684,-15.00495554991,
    33.000066040132));
#2584 = SURFACE_CURVE('',#2585,(#2593,#2604),.PCURVE_S1.);
#2585 = ( BOUNDED_CURVE() B_SPLINE_CURVE(2,(#2586,#2587,#2588,#2589,
#2590,#2591,#2592),.UNSPECIFIED.,.T.,.F.) B_SPLINE_CURVE_WITH_KNOTS((1,2
    ,2,2,2,1),(-2.094395102393,0.,2.094395102393,4.188790204786,
6.28318530718,8.377580409573),.UNSPECIFIED.) CURVE() 
GEOMETRIC_REPRESENTATION_ITEM() RATIONAL_B_SPLINE_CURVE((1.,0.5,1.,0.5,
1.,0.5,1.)) REPRESENTATION_ITEM('') );
#2586 = CARTESIAN_POINT('',(14.998841757684,-15.00495554991,
    33.000066040132));
#2587 = CARTESIAN_POINT('',(14.998841757684,-10.50161465139,
    33.000066040132));
#2588 = CARTESIAN_POINT('',(11.098834137668,-12.75328510065,
    33.000066040132));
#2589 = CARTESIAN_POINT('',(7.198826517653,-15.00495554991,
    33.000066040132));
#2590 = CARTESIAN_POINT('',(11.098834137668,-17.25662599916,
    33.000066040132));
#2591 = CARTESIAN_POINT('',(14.998841757684,-19.50829644842,
    33.000066040132));
#2592 = CARTESIAN_POINT('',(14.998841757684,-15.00495554991,
    33.000066040132));
#2593 = PCURVE('',#115,#2594);
#2594 = DEFINITIONAL_REPRESENTATION('',(#2595),#2603);
#2595 = ( BOUNDED_CURVE() B_SPLINE_CURVE(2,(#2596,#2597,#2598,#2599,
#2600,#2601,#2602),.UNSPECIFIED.,.T.,.F.) B_SPLINE_CURVE_WITH_KNOTS((3,2
    ,2,3),(0.,2.094395102393,4.188790204786,6.28318530718),
.PIECEWISE_BEZIER_KNOTS.) CURVE() GEOMETRIC_REPRESENTATION_ITEM() 
RATIONAL_B_SPLINE_CURVE((1.,0.5,1.,0.5,1.,0.5,1.)) REPRESENTATION_ITEM(
  '') );
#2596 = CARTESIAN_POINT('',(-102.36225,-5.000000021482E-05));
#2597 = CARTESIAN_POINT('',(-102.36225,177.29648117452));
#2598 = CARTESIAN_POINT('',(51.18105,88.648215587263));
#2599 = CARTESIAN_POINT('',(204.72435,-5.000000021482E-05));
#2600 = CARTESIAN_POINT('',(51.18105,-88.64831558726));
#2601 = CARTESIAN_POINT('',(-102.36225,-177.2965811745));
#2602 = CARTESIAN_POINT('',(-102.36225,-5.000000021482E-05));
#2603 = ( GEOMETRIC_REPRESENTATION_CONTEXT(2) 
PARAMETRIC_REPRESENTATION_CONTEXT() REPRESENTATION_CONTEXT('2D SPACE',''
  ) );
#2604 = PCURVE('',#2605,#2620);
#2605 = ( BOUNDED_SURFACE() B_SPLINE_SURFACE(2,1,(
    (#2606,#2607)
    ,(#2608,#2609)
    ,(#2610,#2611)
    ,(#2612,#2613)
    ,(#2614,#2615)
    ,(#2616,#2617)
    ,(#2618,#2619
)),.UNSPECIFIED.,.T.,.F.,.F.) B_SPLINE_SURFACE_WITH_KNOTS((1,2,2,2,2,1),
  (2,2),(-2.094395102393,0.,2.094395102393,4.188790204786,6.28318530718,
    8.377580409573),(0.,236.2204),.UNSPECIFIED.) 
GEOMETRIC_REPRESENTATION_ITEM() RATIONAL_B_SPLINE_SURFACE((
    (1.,1.)
    ,(0.5,0.5)
    ,(1.,1.)
    ,(0.5,0.5)
    ,(1.,1.)
    ,(0.5,0.5)
,(1.,1.))) REPRESENTATION_ITEM('') SURFACE() );
#2606 = CARTESIAN_POINT('',(14.998841757684,-15.00495554991,
    27.000055880112));
#2607 = CARTESIAN_POINT('',(14.998841757684,-15.00495554991,
    33.000066040132));
#2608 = CARTESIAN_POINT('',(14.998841757684,-10.50161465139,
    27.000055880112));
#2609 = CARTESIAN_POINT('',(14.998841757684,-10.50161465139,
    33.000066040132));
#2610 = CARTESIAN_POINT('',(11.098834137668,-12.75328510065,
    27.000055880112));
#2611 = CARTESIAN_POINT('',(11.098834137668,-12.75328510065,
    33.000066040132));
#2612 = CARTESIAN_POINT('',(7.198826517653,-15.00495554991,
    27.000055880112));
#2613 = CARTESIAN_POINT('',(7.198826517653,-15.00495554991,
    33.000066040132));
#2614 = CARTESIAN_POINT('',(11.098834137668,-17.25662599916,
    27.000055880112));
#2615 = CARTESIAN_POINT('',(11.098834137668,-17.25662599916,
    33.000066040132));
#2616 = CARTESIAN_POINT('',(14.998841757684,-19.50829644842,
    27.000055880112));
#2617 = CARTESIAN_POINT('',(14.998841757684,-19.50829644842,
    33.000066040132));
#2618 = CARTESIAN_POINT('',(14.998841757684,-15.00495554991,
    27.000055880112));
#2619 = CARTESIAN_POINT('',(14.998841757684,-15.00495554991,
    33.000066040132));
#2620 = DEFINITIONAL_REPRESENTATION('',(#2621),#2629);
#2621 = B_SPLINE_CURVE_WITH_KNOTS('',2,(#2622,#2623,#2624,#2625,#2626,
    #2627,#2628),.UNSPECIFIED.,.F.,.F.,(3,2,2,3),(0.,2.094395102393,
    4.188790204786,6.28318530718),.PIECEWISE_BEZIER_KNOTS.);
#2622 = CARTESIAN_POINT('',(0.,236.2204));
#2623 = CARTESIAN_POINT('',(1.047197551197,236.2204));
#2624 = CARTESIAN_POINT('',(2.094395102393,236.2204));
#2625 = CARTESIAN_POINT('',(3.14159265359,236.2204));
#2626 = CARTESIAN_POINT('',(4.188790204786,236.2204));
#2627 = CARTESIAN_POINT('',(5.235987755983,236.2204));
#2628 = CARTESIAN_POINT('',(6.28318530718,236.2204));
#2629 = ( GEOMETRIC_REPRESENTATION_CONTEXT(2) 
PARAMETRIC_REPRESENTATION_CONTEXT() REPRESENTATION_CONTEXT('2D SPACE',''
  ) );
#2630 = ADVANCED_FACE('',(#2631,#4494),#67,.F.);
#2631 = FACE_BOUND('',#2632,.F.);
#2632 = EDGE_LOOP('',(#2633,#2634,#2635,#2655,#2675,#2695,#2715,#2735,
    #2755,#2775,#2795,#2815,#2835,#2855,#2875,#2895,#2915,#2935,#2955,
    #2975,#2995,#3015,#3035,#3055,#3075,#3095,#3115,#3135,#3155,#3175,
    #3195,#3215,#3235,#3255,#3275,#3295,#3315,#3335,#3355,#3375,#3395,
    #3415,#3435,#3455,#3475,#3495,#3515,#3535,#3555,#3575,#3595,#3615,
    #3635,#3655,#3675,#3695,#3715,#3735,#3755,#3775,#3795,#3815,#3835,
    #3855,#3875,#3895,#3915,#3935,#3955,#3975,#3995,#4015,#4035,#4055,
    #4075,#4095,#4115,#4135,#4155,#4175,#4195,#4215,#4235,#4255,#4275,
    #4295,#4315,#4335,#4355,#4375,#4395,#4415,#4435,#4455,#4475,#4493));
#2633 = ORIENTED_EDGE('',*,*,#53,.T.);
#2634 = ORIENTED_EDGE('',*,*,#197,.T.);
#2635 = ORIENTED_EDGE('',*,*,#2636,.T.);
#2636 = EDGE_CURVE('',#198,#2637,#2639,.T.);
#2637 = VERTEX_POINT('',#2638);
#2638 = CARTESIAN_POINT('',(9.15814313528,-12.61878347494,
    35.000071120142));
#2639 = SURFACE_CURVE('',#2640,(#2643,#2649),.PCURVE_S1.);
#2640 = B_SPLINE_CURVE_WITH_KNOTS('',1,(#2641,#2642),.UNSPECIFIED.,.F.,
  .F.,(2,2),(0.,2.688277844265),.PIECEWISE_BEZIER_KNOTS.);
#2641 = CARTESIAN_POINT('',(9.151160294389,-12.6867078832,
    35.000071120142));
#2642 = CARTESIAN_POINT('',(9.15814313528,-12.61878347494,
    35.000071120142));
#2643 = PCURVE('',#67,#2644);
#2644 = DEFINITIONAL_REPRESENTATION('',(#2645),#2648);
#2645 = B_SPLINE_CURVE_WITH_KNOTS('',1,(#2646,#2647),.UNSPECIFIED.,.F.,
  .F.,(2,2),(0.,2.688277844265),.PIECEWISE_BEZIER_KNOTS.);
#2646 = CARTESIAN_POINT('',(127.8609692099,91.269360638409));
#2647 = CARTESIAN_POINT('',(127.58605476404,93.943544591584));
#2648 = ( GEOMETRIC_REPRESENTATION_CONTEXT(2) 
PARAMETRIC_REPRESENTATION_CONTEXT() REPRESENTATION_CONTEXT('2D SPACE',''
  ) );
#2649 = PCURVE('',#231,#2650);
#2650 = DEFINITIONAL_REPRESENTATION('',(#2651),#2654);
#2651 = B_SPLINE_CURVE_WITH_KNOTS('',1,(#2652,#2653),.UNSPECIFIED.,.F.,
  .F.,(2,2),(0.,2.688277844265),.PIECEWISE_BEZIER_KNOTS.);
#2652 = CARTESIAN_POINT('',(0.,-78.7402));
#2653 = CARTESIAN_POINT('',(2.688277844265,-78.7402));
#2654 = ( GEOMETRIC_REPRESENTATION_CONTEXT(2) 
PARAMETRIC_REPRESENTATION_CONTEXT() REPRESENTATION_CONTEXT('2D SPACE',''
  ) );
#2655 = ORIENTED_EDGE('',*,*,#2656,.T.);
#2656 = EDGE_CURVE('',#2637,#2657,#2659,.T.);
#2657 = VERTEX_POINT('',#2658);
#2658 = CARTESIAN_POINT('',(9.169745023102,-12.55149394006,
    35.000071120142));
#2659 = SURFACE_CURVE('',#2660,(#2663,#2669),.PCURVE_S1.);
#2660 = B_SPLINE_CURVE_WITH_KNOTS('',1,(#2661,#2662),.UNSPECIFIED.,.F.,
  .F.,(2,2),(0.,2.688277844265),.PIECEWISE_BEZIER_KNOTS.);
#2661 = CARTESIAN_POINT('',(9.15814313528,-12.61878347494,
    35.000071120142));
#2662 = CARTESIAN_POINT('',(9.169745023102,-12.55149394006,
    35.000071120142));
#2663 = PCURVE('',#67,#2664);
#2664 = DEFINITIONAL_REPRESENTATION('',(#2665),#2668);
#2665 = B_SPLINE_CURVE_WITH_KNOTS('',1,(#2666,#2667),.UNSPECIFIED.,.F.,
  .F.,(2,2),(0.,2.688277844265),.PIECEWISE_BEZIER_KNOTS.);
#2666 = CARTESIAN_POINT('',(127.58605476404,93.943544591584));
#2667 = CARTESIAN_POINT('',(127.12928844046,96.592733579484));
#2668 = ( GEOMETRIC_REPRESENTATION_CONTEXT(2) 
PARAMETRIC_REPRESENTATION_CONTEXT() REPRESENTATION_CONTEXT('2D SPACE',''
  ) );
#2669 = PCURVE('',#299,#2670);
#2670 = DEFINITIONAL_REPRESENTATION('',(#2671),#2674);
#2671 = B_SPLINE_CURVE_WITH_KNOTS('',1,(#2672,#2673),.UNSPECIFIED.,.F.,
  .F.,(2,2),(0.,2.688277844265),.PIECEWISE_BEZIER_KNOTS.);
#2672 = CARTESIAN_POINT('',(0.,-78.7402));
#2673 = CARTESIAN_POINT('',(2.688277844265,-78.7402));
#2674 = ( GEOMETRIC_REPRESENTATION_CONTEXT(2) 
PARAMETRIC_REPRESENTATION_CONTEXT() REPRESENTATION_CONTEXT('2D SPACE',''
  ) );
#2675 = ORIENTED_EDGE('',*,*,#2676,.T.);
#2676 = EDGE_CURVE('',#2657,#2677,#2679,.T.);
#2677 = VERTEX_POINT('',#2678);
#2678 = CARTESIAN_POINT('',(9.185911864501,-12.48515301345,
    35.000071120142));
#2679 = SURFACE_CURVE('',#2680,(#2683,#2689),.PCURVE_S1.);
#2680 = B_SPLINE_CURVE_WITH_KNOTS('',1,(#2681,#2682),.UNSPECIFIED.,.F.,
  .F.,(2,2),(0.,2.688277844265),.PIECEWISE_BEZIER_KNOTS.);
#2681 = CARTESIAN_POINT('',(9.169745023102,-12.55149394006,
    35.000071120142));
#2682 = CARTESIAN_POINT('',(9.185911864501,-12.48515301345,
    35.000071120142));
#2683 = PCURVE('',#67,#2684);
#2684 = DEFINITIONAL_REPRESENTATION('',(#2685),#2688);
#2685 = B_SPLINE_CURVE_WITH_KNOTS('',1,(#2686,#2687),.UNSPECIFIED.,.F.,
  .F.,(2,2),(0.,2.688277844265),.PIECEWISE_BEZIER_KNOTS.);
#2686 = CARTESIAN_POINT('',(127.12928844046,96.592733579484));
#2687 = CARTESIAN_POINT('',(126.49279989461,99.204575860129));
#2688 = ( GEOMETRIC_REPRESENTATION_CONTEXT(2) 
PARAMETRIC_REPRESENTATION_CONTEXT() REPRESENTATION_CONTEXT('2D SPACE',''
  ) );
#2689 = PCURVE('',#324,#2690);
#2690 = DEFINITIONAL_REPRESENTATION('',(#2691),#2694);
#2691 = B_SPLINE_CURVE_WITH_KNOTS('',1,(#2692,#2693),.UNSPECIFIED.,.F.,
  .F.,(2,2),(0.,2.688277844265),.PIECEWISE_BEZIER_KNOTS.);
#2692 = CARTESIAN_POINT('',(0.,-78.7402));
#2693 = CARTESIAN_POINT('',(2.688277844265,-78.7402));
#2694 = ( GEOMETRIC_REPRESENTATION_CONTEXT(2) 
PARAMETRIC_REPRESENTATION_CONTEXT() REPRESENTATION_CONTEXT('2D SPACE',''
  ) );
#2695 = ORIENTED_EDGE('',*,*,#2696,.T.);
#2696 = EDGE_CURVE('',#2677,#2697,#2699,.T.);
#2697 = VERTEX_POINT('',#2698);
#2698 = CARTESIAN_POINT('',(9.206568282197,-12.42007000713,
    35.000071120142));
#2699 = SURFACE_CURVE('',#2700,(#2703,#2709),.PCURVE_S1.);
#2700 = B_SPLINE_CURVE_WITH_KNOTS('',1,(#2701,#2702),.UNSPECIFIED.,.F.,
  .F.,(2,2),(0.,2.688277844265),.PIECEWISE_BEZIER_KNOTS.);
#2701 = CARTESIAN_POINT('',(9.185911864501,-12.48515301345,
    35.000071120142));
#2702 = CARTESIAN_POINT('',(9.206568282197,-12.42007000713,
    35.000071120142));
#2703 = PCURVE('',#67,#2704);
#2704 = DEFINITIONAL_REPRESENTATION('',(#2705),#2708);
#2705 = B_SPLINE_CURVE_WITH_KNOTS('',1,(#2706,#2707),.UNSPECIFIED.,.F.,
  .F.,(2,2),(0.,2.688277844265),.PIECEWISE_BEZIER_KNOTS.);
#2706 = CARTESIAN_POINT('',(126.49279989461,99.204575860129));
#2707 = CARTESIAN_POINT('',(125.67955672991,101.76689381913));
#2708 = ( GEOMETRIC_REPRESENTATION_CONTEXT(2) 
PARAMETRIC_REPRESENTATION_CONTEXT() REPRESENTATION_CONTEXT('2D SPACE',''
  ) );
#2709 = PCURVE('',#349,#2710);
#2710 = DEFINITIONAL_REPRESENTATION('',(#2711),#2714);
#2711 = B_SPLINE_CURVE_WITH_KNOTS('',1,(#2712,#2713),.UNSPECIFIED.,.F.,
  .F.,(2,2),(0.,2.688277844265),.PIECEWISE_BEZIER_KNOTS.);
#2712 = CARTESIAN_POINT('',(0.,-78.7402));
#2713 = CARTESIAN_POINT('',(2.688277844265,-78.7402));
#2714 = ( GEOMETRIC_REPRESENTATION_CONTEXT(2) 
PARAMETRIC_REPRESENTATION_CONTEXT() REPRESENTATION_CONTEXT('2D SPACE',''
  ) );
#2715 = ORIENTED_EDGE('',*,*,#2716,.T.);
#2716 = EDGE_CURVE('',#2697,#2717,#2719,.T.);
#2717 = VERTEX_POINT('',#2718);
#2718 = CARTESIAN_POINT('',(9.231617966436,-12.35654836811,
    35.000071120142));
#2719 = SURFACE_CURVE('',#2720,(#2723,#2729),.PCURVE_S1.);
#2720 = B_SPLINE_CURVE_WITH_KNOTS('',1,(#2721,#2722),.UNSPECIFIED.,.F.,
  .F.,(2,2),(0.,2.688277844265),.PIECEWISE_BEZIER_KNOTS.);
#2721 = CARTESIAN_POINT('',(9.206568282197,-12.42007000713,
    35.000071120142));
#2722 = CARTESIAN_POINT('',(9.231617966436,-12.35654836811,
    35.000071120142));
#2723 = PCURVE('',#67,#2724);
#2724 = DEFINITIONAL_REPRESENTATION('',(#2725),#2728);
#2725 = B_SPLINE_CURVE_WITH_KNOTS('',1,(#2726,#2727),.UNSPECIFIED.,.F.,
  .F.,(2,2),(0.,2.688277844265),.PIECEWISE_BEZIER_KNOTS.);
#2726 = CARTESIAN_POINT('',(125.67955672991,101.76689381913));
#2727 = CARTESIAN_POINT('',(124.6933506614,104.26774074735));
#2728 = ( GEOMETRIC_REPRESENTATION_CONTEXT(2) 
PARAMETRIC_REPRESENTATION_CONTEXT() REPRESENTATION_CONTEXT('2D SPACE',''
  ) );
#2729 = PCURVE('',#374,#2730);
#2730 = DEFINITIONAL_REPRESENTATION('',(#2731),#2734);
#2731 = B_SPLINE_CURVE_WITH_KNOTS('',1,(#2732,#2733),.UNSPECIFIED.,.F.,
  .F.,(2,2),(0.,2.688277844265),.PIECEWISE_BEZIER_KNOTS.);
#2732 = CARTESIAN_POINT('',(0.,-78.7402));
#2733 = CARTESIAN_POINT('',(2.688277844265,-78.7402));
#2734 = ( GEOMETRIC_REPRESENTATION_CONTEXT(2) 
PARAMETRIC_REPRESENTATION_CONTEXT() REPRESENTATION_CONTEXT('2D SPACE',''
  ) );
#2735 = ORIENTED_EDGE('',*,*,#2736,.T.);
#2736 = EDGE_CURVE('',#2717,#2737,#2739,.T.);
#2737 = VERTEX_POINT('',#2738);
#2738 = CARTESIAN_POINT('',(9.260944124028,-12.2948842636,
    35.000071120142));
#2739 = SURFACE_CURVE('',#2740,(#2743,#2749),.PCURVE_S1.);
#2740 = B_SPLINE_CURVE_WITH_KNOTS('',1,(#2741,#2742),.UNSPECIFIED.,.F.,
  .F.,(2,2),(0.,2.688277844265),.PIECEWISE_BEZIER_KNOTS.);
#2741 = CARTESIAN_POINT('',(9.231617966436,-12.35654836811,
    35.000071120142));
#2742 = CARTESIAN_POINT('',(9.260944124028,-12.2948842636,
    35.000071120142));
#2743 = PCURVE('',#67,#2744);
#2744 = DEFINITIONAL_REPRESENTATION('',(#2745),#2748);
#2745 = B_SPLINE_CURVE_WITH_KNOTS('',1,(#2746,#2747),.UNSPECIFIED.,.F.,
  .F.,(2,2),(0.,2.688277844265),.PIECEWISE_BEZIER_KNOTS.);
#2746 = CARTESIAN_POINT('',(124.6933506614,104.26774074735));
#2747 = CARTESIAN_POINT('',(123.53877983702,106.69545654197));
#2748 = ( GEOMETRIC_REPRESENTATION_CONTEXT(2) 
PARAMETRIC_REPRESENTATION_CONTEXT() REPRESENTATION_CONTEXT('2D SPACE',''
  ) );
#2749 = PCURVE('',#399,#2750);
#2750 = DEFINITIONAL_REPRESENTATION('',(#2751),#2754);
#2751 = B_SPLINE_CURVE_WITH_KNOTS('',1,(#2752,#2753),.UNSPECIFIED.,.F.,
  .F.,(2,2),(0.,2.688277844265),.PIECEWISE_BEZIER_KNOTS.);
#2752 = CARTESIAN_POINT('',(0.,-78.7402));
#2753 = CARTESIAN_POINT('',(2.688277844265,-78.7402));
#2754 = ( GEOMETRIC_REPRESENTATION_CONTEXT(2) 
PARAMETRIC_REPRESENTATION_CONTEXT() REPRESENTATION_CONTEXT('2D SPACE',''
  ) );
#2755 = ORIENTED_EDGE('',*,*,#2756,.T.);
#2756 = EDGE_CURVE('',#2737,#2757,#2759,.T.);
#2757 = VERTEX_POINT('',#2758);
#2758 = CARTESIAN_POINT('',(9.294410022887,-12.23536520012,
    35.000071120142));
#2759 = SURFACE_CURVE('',#2760,(#2763,#2769),.PCURVE_S1.);
#2760 = B_SPLINE_CURVE_WITH_KNOTS('',1,(#2761,#2762),.UNSPECIFIED.,.F.,
  .F.,(2,2),(0.,2.688277844265),.PIECEWISE_BEZIER_KNOTS.);
#2761 = CARTESIAN_POINT('',(9.260944124028,-12.2948842636,
    35.000071120142));
#2762 = CARTESIAN_POINT('',(9.294410022887,-12.23536520012,
    35.000071120142));
#2763 = PCURVE('',#67,#2764);
#2764 = DEFINITIONAL_REPRESENTATION('',(#2765),#2768);
#2765 = B_SPLINE_CURVE_WITH_KNOTS('',1,(#2766,#2767),.UNSPECIFIED.,.F.,
  .F.,(2,2),(0.,2.688277844265),.PIECEWISE_BEZIER_KNOTS.);
#2766 = CARTESIAN_POINT('',(123.53877983702,106.69545654197));
#2767 = CARTESIAN_POINT('',(122.22122739893,109.03872207129));
#2768 = ( GEOMETRIC_REPRESENTATION_CONTEXT(2) 
PARAMETRIC_REPRESENTATION_CONTEXT() REPRESENTATION_CONTEXT('2D SPACE',''
  ) );
#2769 = PCURVE('',#424,#2770);
#2770 = DEFINITIONAL_REPRESENTATION('',(#2771),#2774);
#2771 = B_SPLINE_CURVE_WITH_KNOTS('',1,(#2772,#2773),.UNSPECIFIED.,.F.,
  .F.,(2,2),(0.,2.688277844265),.PIECEWISE_BEZIER_KNOTS.);
#2772 = CARTESIAN_POINT('',(0.,-78.7402));
#2773 = CARTESIAN_POINT('',(2.688277844265,-78.7402));
#2774 = ( GEOMETRIC_REPRESENTATION_CONTEXT(2) 
PARAMETRIC_REPRESENTATION_CONTEXT() REPRESENTATION_CONTEXT('2D SPACE',''
  ) );
#2775 = ORIENTED_EDGE('',*,*,#2776,.T.);
#2776 = EDGE_CURVE('',#2757,#2777,#2779,.T.);
#2777 = VERTEX_POINT('',#2778);
#2778 = CARTESIAN_POINT('',(9.331859629545,-12.17826868301,
    35.000071120142));
#2779 = SURFACE_CURVE('',#2780,(#2783,#2789),.PCURVE_S1.);
#2780 = B_SPLINE_CURVE_WITH_KNOTS('',1,(#2781,#2782),.UNSPECIFIED.,.F.,
  .F.,(2,2),(0.,2.688277844265),.PIECEWISE_BEZIER_KNOTS.);
#2781 = CARTESIAN_POINT('',(9.294410022887,-12.23536520012,
    35.000071120142));
#2782 = CARTESIAN_POINT('',(9.331859629545,-12.17826868301,
    35.000071120142));
#2783 = PCURVE('',#67,#2784);
#2784 = DEFINITIONAL_REPRESENTATION('',(#2785),#2788);
#2785 = B_SPLINE_CURVE_WITH_KNOTS('',1,(#2786,#2787),.UNSPECIFIED.,.F.,
  .F.,(2,2),(0.,2.688277844265),.PIECEWISE_BEZIER_KNOTS.);
#2786 = CARTESIAN_POINT('',(122.22122739893,109.03872207129));
#2787 = CARTESIAN_POINT('',(120.74683638481,111.28661194969));
#2788 = ( GEOMETRIC_REPRESENTATION_CONTEXT(2) 
PARAMETRIC_REPRESENTATION_CONTEXT() REPRESENTATION_CONTEXT('2D SPACE',''
  ) );
#2789 = PCURVE('',#449,#2790);
#2790 = DEFINITIONAL_REPRESENTATION('',(#2791),#2794);
#2791 = B_SPLINE_CURVE_WITH_KNOTS('',1,(#2792,#2793),.UNSPECIFIED.,.F.,
  .F.,(2,2),(0.,2.688277844265),.PIECEWISE_BEZIER_KNOTS.);
#2792 = CARTESIAN_POINT('',(0.,-78.7402));
#2793 = CARTESIAN_POINT('',(2.688277844265,-78.7402));
#2794 = ( GEOMETRIC_REPRESENTATION_CONTEXT(2) 
PARAMETRIC_REPRESENTATION_CONTEXT() REPRESENTATION_CONTEXT('2D SPACE',''
  ) );
#2795 = ORIENTED_EDGE('',*,*,#2796,.T.);
#2796 = EDGE_CURVE('',#2777,#2797,#2799,.T.);
#2797 = VERTEX_POINT('',#2798);
#2798 = CARTESIAN_POINT('',(9.373118336648,-12.1238609226,
    35.000071120142));
#2799 = SURFACE_CURVE('',#2800,(#2803,#2809),.PCURVE_S1.);
#2800 = B_SPLINE_CURVE_WITH_KNOTS('',1,(#2801,#2802),.UNSPECIFIED.,.F.,
  .F.,(2,2),(0.,2.688277844265),.PIECEWISE_BEZIER_KNOTS.);
#2801 = CARTESIAN_POINT('',(9.331859629545,-12.17826868301,
    35.000071120142));
#2802 = CARTESIAN_POINT('',(9.373118336648,-12.1238609226,
    35.000071120142));
#2803 = PCURVE('',#67,#2804);
#2804 = DEFINITIONAL_REPRESENTATION('',(#2805),#2808);
#2805 = B_SPLINE_CURVE_WITH_KNOTS('',1,(#2806,#2807),.UNSPECIFIED.,.F.,
  .F.,(2,2),(0.,2.688277844265),.PIECEWISE_BEZIER_KNOTS.);
#2806 = CARTESIAN_POINT('',(120.74683638481,111.28661194969));
#2807 = CARTESIAN_POINT('',(119.12248108616,113.42864547691));
#2808 = ( GEOMETRIC_REPRESENTATION_CONTEXT(2) 
PARAMETRIC_REPRESENTATION_CONTEXT() REPRESENTATION_CONTEXT('2D SPACE',''
  ) );
#2809 = PCURVE('',#474,#2810);
#2810 = DEFINITIONAL_REPRESENTATION('',(#2811),#2814);
#2811 = B_SPLINE_CURVE_WITH_KNOTS('',1,(#2812,#2813),.UNSPECIFIED.,.F.,
  .F.,(2,2),(0.,2.688277844265),.PIECEWISE_BEZIER_KNOTS.);
#2812 = CARTESIAN_POINT('',(0.,-78.7402));
#2813 = CARTESIAN_POINT('',(2.688277844265,-78.7402));
#2814 = ( GEOMETRIC_REPRESENTATION_CONTEXT(2) 
PARAMETRIC_REPRESENTATION_CONTEXT() REPRESENTATION_CONTEXT('2D SPACE',''
  ) );
#2815 = ORIENTED_EDGE('',*,*,#2816,.T.);
#2816 = EDGE_CURVE('',#2797,#2817,#2819,.T.);
#2817 = VERTEX_POINT('',#2818);
#2818 = CARTESIAN_POINT('',(9.417993777058,-12.07239559299,
    35.000071120142));
#2819 = SURFACE_CURVE('',#2820,(#2823,#2829),.PCURVE_S1.);
#2820 = B_SPLINE_CURVE_WITH_KNOTS('',1,(#2821,#2822),.UNSPECIFIED.,.F.,
  .F.,(2,2),(0.,2.688277844265),.PIECEWISE_BEZIER_KNOTS.);
#2821 = CARTESIAN_POINT('',(9.373118336648,-12.1238609226,
    35.000071120142));
#2822 = CARTESIAN_POINT('',(9.417993777058,-12.07239559299,
    35.000071120142));
#2823 = PCURVE('',#67,#2824);
#2824 = DEFINITIONAL_REPRESENTATION('',(#2825),#2828);
#2825 = B_SPLINE_CURVE_WITH_KNOTS('',1,(#2826,#2827),.UNSPECIFIED.,.F.,
  .F.,(2,2),(0.,2.688277844265),.PIECEWISE_BEZIER_KNOTS.);
#2826 = CARTESIAN_POINT('',(119.12248108616,113.42864547691));
#2827 = CARTESIAN_POINT('',(117.35573499722,115.45483550383));
#2828 = ( GEOMETRIC_REPRESENTATION_CONTEXT(2) 
PARAMETRIC_REPRESENTATION_CONTEXT() REPRESENTATION_CONTEXT('2D SPACE',''
  ) );
#2829 = PCURVE('',#499,#2830);
#2830 = DEFINITIONAL_REPRESENTATION('',(#2831),#2834);
#2831 = B_SPLINE_CURVE_WITH_KNOTS('',1,(#2832,#2833),.UNSPECIFIED.,.F.,
  .F.,(2,2),(0.,2.688277844265),.PIECEWISE_BEZIER_KNOTS.);
#2832 = CARTESIAN_POINT('',(0.,-78.7402));
#2833 = CARTESIAN_POINT('',(2.688277844265,-78.7402));
#2834 = ( GEOMETRIC_REPRESENTATION_CONTEXT(2) 
PARAMETRIC_REPRESENTATION_CONTEXT() REPRESENTATION_CONTEXT('2D SPACE',''
  ) );
#2835 = ORIENTED_EDGE('',*,*,#2836,.T.);
#2836 = EDGE_CURVE('',#2817,#2837,#2839,.T.);
#2837 = VERTEX_POINT('',#2838);
#2838 = CARTESIAN_POINT('',(9.466276720756,-12.02411264929,
    35.000071120142));
#2839 = SURFACE_CURVE('',#2840,(#2843,#2849),.PCURVE_S1.);
#2840 = B_SPLINE_CURVE_WITH_KNOTS('',1,(#2841,#2842),.UNSPECIFIED.,.F.,
  .F.,(2,2),(0.,2.688277844265),.PIECEWISE_BEZIER_KNOTS.);
#2841 = CARTESIAN_POINT('',(9.417993777058,-12.07239559299,
    35.000071120142));
#2842 = CARTESIAN_POINT('',(9.466276720756,-12.02411264929,
    35.000071120142));
#2843 = PCURVE('',#67,#2844);
#2844 = DEFINITIONAL_REPRESENTATION('',(#2845),#2848);
#2845 = B_SPLINE_CURVE_WITH_KNOTS('',1,(#2846,#2847),.UNSPECIFIED.,.F.,
  .F.,(2,2),(0.,2.688277844265),.PIECEWISE_BEZIER_KNOTS.);
#2846 = CARTESIAN_POINT('',(117.35573499722,115.45483550383));
#2847 = CARTESIAN_POINT('',(115.45483550383,117.35573499722));
#2848 = ( GEOMETRIC_REPRESENTATION_CONTEXT(2) 
PARAMETRIC_REPRESENTATION_CONTEXT() REPRESENTATION_CONTEXT('2D SPACE',''
  ) );
#2849 = PCURVE('',#524,#2850);
#2850 = DEFINITIONAL_REPRESENTATION('',(#2851),#2854);
#2851 = B_SPLINE_CURVE_WITH_KNOTS('',1,(#2852,#2853),.UNSPECIFIED.,.F.,
  .F.,(2,2),(0.,2.688277844265),.PIECEWISE_BEZIER_KNOTS.);
#2852 = CARTESIAN_POINT('',(0.,-78.7402));
#2853 = CARTESIAN_POINT('',(2.688277844265,-78.7402));
#2854 = ( GEOMETRIC_REPRESENTATION_CONTEXT(2) 
PARAMETRIC_REPRESENTATION_CONTEXT() REPRESENTATION_CONTEXT('2D SPACE',''
  ) );
#2855 = ORIENTED_EDGE('',*,*,#2856,.T.);
#2856 = EDGE_CURVE('',#2837,#2857,#2859,.T.);
#2857 = VERTEX_POINT('',#2858);
#2858 = CARTESIAN_POINT('',(9.517742050371,-11.97923720888,
    35.000071120142));
#2859 = SURFACE_CURVE('',#2860,(#2863,#2869),.PCURVE_S1.);
#2860 = B_SPLINE_CURVE_WITH_KNOTS('',1,(#2861,#2862),.UNSPECIFIED.,.F.,
  .F.,(2,2),(0.,2.688277844265),.PIECEWISE_BEZIER_KNOTS.);
#2861 = CARTESIAN_POINT('',(9.466276720756,-12.02411264929,
    35.000071120142));
#2862 = CARTESIAN_POINT('',(9.517742050371,-11.97923720888,
    35.000071120142));
#2863 = PCURVE('',#67,#2864);
#2864 = DEFINITIONAL_REPRESENTATION('',(#2865),#2868);
#2865 = B_SPLINE_CURVE_WITH_KNOTS('',1,(#2866,#2867),.UNSPECIFIED.,.F.,
  .F.,(2,2),(0.,2.688277844265),.PIECEWISE_BEZIER_KNOTS.);
#2866 = CARTESIAN_POINT('',(115.45483550383,117.35573499722));
#2867 = CARTESIAN_POINT('',(113.42864547691,119.12248108616));
#2868 = ( GEOMETRIC_REPRESENTATION_CONTEXT(2) 
PARAMETRIC_REPRESENTATION_CONTEXT() REPRESENTATION_CONTEXT('2D SPACE',''
  ) );
#2869 = PCURVE('',#549,#2870);
#2870 = DEFINITIONAL_REPRESENTATION('',(#2871),#2874);
#2871 = B_SPLINE_CURVE_WITH_KNOTS('',1,(#2872,#2873),.UNSPECIFIED.,.F.,
  .F.,(2,2),(0.,2.688277844265),.PIECEWISE_BEZIER_KNOTS.);
#2872 = CARTESIAN_POINT('',(0.,-78.7402));
#2873 = CARTESIAN_POINT('',(2.688277844265,-78.7402));
#2874 = ( GEOMETRIC_REPRESENTATION_CONTEXT(2) 
PARAMETRIC_REPRESENTATION_CONTEXT() REPRESENTATION_CONTEXT('2D SPACE',''
  ) );
#2875 = ORIENTED_EDGE('',*,*,#2876,.T.);
#2876 = EDGE_CURVE('',#2857,#2877,#2879,.T.);
#2877 = VERTEX_POINT('',#2878);
#2878 = CARTESIAN_POINT('',(9.572149810777,-11.93797850178,
    35.000071120142));
#2879 = SURFACE_CURVE('',#2880,(#2883,#2889),.PCURVE_S1.);
#2880 = B_SPLINE_CURVE_WITH_KNOTS('',1,(#2881,#2882),.UNSPECIFIED.,.F.,
  .F.,(2,2),(0.,2.688277844265),.PIECEWISE_BEZIER_KNOTS.);
#2881 = CARTESIAN_POINT('',(9.517742050371,-11.97923720888,
    35.000071120142));
#2882 = CARTESIAN_POINT('',(9.572149810777,-11.93797850178,
    35.000071120142));
#2883 = PCURVE('',#67,#2884);
#2884 = DEFINITIONAL_REPRESENTATION('',(#2885),#2888);
#2885 = B_SPLINE_CURVE_WITH_KNOTS('',1,(#2886,#2887),.UNSPECIFIED.,.F.,
  .F.,(2,2),(0.,2.688277844265),.PIECEWISE_BEZIER_KNOTS.);
#2886 = CARTESIAN_POINT('',(113.42864547691,119.12248108616));
#2887 = CARTESIAN_POINT('',(111.28661194969,120.74683638481));
#2888 = ( GEOMETRIC_REPRESENTATION_CONTEXT(2) 
PARAMETRIC_REPRESENTATION_CONTEXT() REPRESENTATION_CONTEXT('2D SPACE',''
  ) );
#2889 = PCURVE('',#574,#2890);
#2890 = DEFINITIONAL_REPRESENTATION('',(#2891),#2894);
#2891 = B_SPLINE_CURVE_WITH_KNOTS('',1,(#2892,#2893),.UNSPECIFIED.,.F.,
  .F.,(2,2),(0.,2.688277844265),.PIECEWISE_BEZIER_KNOTS.);
#2892 = CARTESIAN_POINT('',(0.,-78.7402));
#2893 = CARTESIAN_POINT('',(2.688277844265,-78.7402));
#2894 = ( GEOMETRIC_REPRESENTATION_CONTEXT(2) 
PARAMETRIC_REPRESENTATION_CONTEXT() REPRESENTATION_CONTEXT('2D SPACE',''
  ) );
#2895 = ORIENTED_EDGE('',*,*,#2896,.T.);
#2896 = EDGE_CURVE('',#2877,#2897,#2899,.T.);
#2897 = VERTEX_POINT('',#2898);
#2898 = CARTESIAN_POINT('',(9.629246327882,-11.90052889512,
    35.000071120142));
#2899 = SURFACE_CURVE('',#2900,(#2903,#2909),.PCURVE_S1.);
#2900 = B_SPLINE_CURVE_WITH_KNOTS('',1,(#2901,#2902),.UNSPECIFIED.,.F.,
  .F.,(2,2),(0.,2.688277844265),.PIECEWISE_BEZIER_KNOTS.);
#2901 = CARTESIAN_POINT('',(9.572149810777,-11.93797850178,
    35.000071120142));
#2902 = CARTESIAN_POINT('',(9.629246327882,-11.90052889512,
    35.000071120142));
#2903 = PCURVE('',#67,#2904);
#2904 = DEFINITIONAL_REPRESENTATION('',(#2905),#2908);
#2905 = B_SPLINE_CURVE_WITH_KNOTS('',1,(#2906,#2907),.UNSPECIFIED.,.F.,
  .F.,(2,2),(0.,2.688277844265),.PIECEWISE_BEZIER_KNOTS.);
#2906 = CARTESIAN_POINT('',(111.28661194969,120.74683638481));
#2907 = CARTESIAN_POINT('',(109.03872207129,122.22122739893));
#2908 = ( GEOMETRIC_REPRESENTATION_CONTEXT(2) 
PARAMETRIC_REPRESENTATION_CONTEXT() REPRESENTATION_CONTEXT('2D SPACE',''
  ) );
#2909 = PCURVE('',#599,#2910);
#2910 = DEFINITIONAL_REPRESENTATION('',(#2911),#2914);
#2911 = B_SPLINE_CURVE_WITH_KNOTS('',1,(#2912,#2913),.UNSPECIFIED.,.F.,
  .F.,(2,2),(0.,2.688277844265),.PIECEWISE_BEZIER_KNOTS.);
#2912 = CARTESIAN_POINT('',(0.,-78.7402));
#2913 = CARTESIAN_POINT('',(2.688277844265,-78.7402));
#2914 = ( GEOMETRIC_REPRESENTATION_CONTEXT(2) 
PARAMETRIC_REPRESENTATION_CONTEXT() REPRESENTATION_CONTEXT('2D SPACE',''
  ) );
#2915 = ORIENTED_EDGE('',*,*,#2916,.T.);
#2916 = EDGE_CURVE('',#2897,#2917,#2919,.T.);
#2917 = VERTEX_POINT('',#2918);
#2918 = CARTESIAN_POINT('',(9.688765391365,-11.86706299626,
    35.000071120142));
#2919 = SURFACE_CURVE('',#2920,(#2923,#2929),.PCURVE_S1.);
#2920 = B_SPLINE_CURVE_WITH_KNOTS('',1,(#2921,#2922),.UNSPECIFIED.,.F.,
  .F.,(2,2),(0.,2.688277844265),.PIECEWISE_BEZIER_KNOTS.);
#2921 = CARTESIAN_POINT('',(9.629246327882,-11.90052889512,
    35.000071120142));
#2922 = CARTESIAN_POINT('',(9.688765391365,-11.86706299626,
    35.000071120142));
#2923 = PCURVE('',#67,#2924);
#2924 = DEFINITIONAL_REPRESENTATION('',(#2925),#2928);
#2925 = B_SPLINE_CURVE_WITH_KNOTS('',1,(#2926,#2927),.UNSPECIFIED.,.F.,
  .F.,(2,2),(0.,2.688277844265),.PIECEWISE_BEZIER_KNOTS.);
#2926 = CARTESIAN_POINT('',(109.03872207129,122.22122739893));
#2927 = CARTESIAN_POINT('',(106.69545654197,123.53877983702));
#2928 = ( GEOMETRIC_REPRESENTATION_CONTEXT(2) 
PARAMETRIC_REPRESENTATION_CONTEXT() REPRESENTATION_CONTEXT('2D SPACE',''
  ) );
#2929 = PCURVE('',#624,#2930);
#2930 = DEFINITIONAL_REPRESENTATION('',(#2931),#2934);
#2931 = B_SPLINE_CURVE_WITH_KNOTS('',1,(#2932,#2933),.UNSPECIFIED.,.F.,
  .F.,(2,2),(0.,2.688277844265),.PIECEWISE_BEZIER_KNOTS.);
#2932 = CARTESIAN_POINT('',(0.,-78.7402));
#2933 = CARTESIAN_POINT('',(2.688277844265,-78.7402));
#2934 = ( GEOMETRIC_REPRESENTATION_CONTEXT(2) 
PARAMETRIC_REPRESENTATION_CONTEXT() REPRESENTATION_CONTEXT('2D SPACE',''
  ) );
#2935 = ORIENTED_EDGE('',*,*,#2936,.T.);
#2936 = EDGE_CURVE('',#2917,#2937,#2939,.T.);
#2937 = VERTEX_POINT('',#2938);
#2938 = CARTESIAN_POINT('',(9.750429495876,-11.83773683867,
    35.000071120142));
#2939 = SURFACE_CURVE('',#2940,(#2943,#2949),.PCURVE_S1.);
#2940 = B_SPLINE_CURVE_WITH_KNOTS('',1,(#2941,#2942),.UNSPECIFIED.,.F.,
  .F.,(2,2),(0.,2.688277844265),.PIECEWISE_BEZIER_KNOTS.);
#2941 = CARTESIAN_POINT('',(9.688765391365,-11.86706299626,
    35.000071120142));
#2942 = CARTESIAN_POINT('',(9.750429495876,-11.83773683867,
    35.000071120142));
#2943 = PCURVE('',#67,#2944);
#2944 = DEFINITIONAL_REPRESENTATION('',(#2945),#2948);
#2945 = B_SPLINE_CURVE_WITH_KNOTS('',1,(#2946,#2947),.UNSPECIFIED.,.F.,
  .F.,(2,2),(0.,2.688277844265),.PIECEWISE_BEZIER_KNOTS.);
#2946 = CARTESIAN_POINT('',(106.69545654197,123.53877983702));
#2947 = CARTESIAN_POINT('',(104.26774074735,124.6933506614));
#2948 = ( GEOMETRIC_REPRESENTATION_CONTEXT(2) 
PARAMETRIC_REPRESENTATION_CONTEXT() REPRESENTATION_CONTEXT('2D SPACE',''
  ) );
#2949 = PCURVE('',#649,#2950);
#2950 = DEFINITIONAL_REPRESENTATION('',(#2951),#2954);
#2951 = B_SPLINE_CURVE_WITH_KNOTS('',1,(#2952,#2953),.UNSPECIFIED.,.F.,
  .F.,(2,2),(0.,2.688277844265),.PIECEWISE_BEZIER_KNOTS.);
#2952 = CARTESIAN_POINT('',(0.,-78.7402));
#2953 = CARTESIAN_POINT('',(2.688277844265,-78.7402));
#2954 = ( GEOMETRIC_REPRESENTATION_CONTEXT(2) 
PARAMETRIC_REPRESENTATION_CONTEXT() REPRESENTATION_CONTEXT('2D SPACE',''
  ) );
#2955 = ORIENTED_EDGE('',*,*,#2956,.T.);
#2956 = EDGE_CURVE('',#2937,#2957,#2959,.T.);
#2957 = VERTEX_POINT('',#2958);
#2958 = CARTESIAN_POINT('',(9.813951134896,-11.81268715443,
    35.000071120142));
#2959 = SURFACE_CURVE('',#2960,(#2963,#2969),.PCURVE_S1.);
#2960 = B_SPLINE_CURVE_WITH_KNOTS('',1,(#2961,#2962),.UNSPECIFIED.,.F.,
  .F.,(2,2),(0.,2.688277844265),.PIECEWISE_BEZIER_KNOTS.);
#2961 = CARTESIAN_POINT('',(9.750429495876,-11.83773683867,
    35.000071120142));
#2962 = CARTESIAN_POINT('',(9.813951134896,-11.81268715443,
    35.000071120142));
#2963 = PCURVE('',#67,#2964);
#2964 = DEFINITIONAL_REPRESENTATION('',(#2965),#2968);
#2965 = B_SPLINE_CURVE_WITH_KNOTS('',1,(#2966,#2967),.UNSPECIFIED.,.F.,
  .F.,(2,2),(0.,2.688277844265),.PIECEWISE_BEZIER_KNOTS.);
#2966 = CARTESIAN_POINT('',(104.26774074735,124.6933506614));
#2967 = CARTESIAN_POINT('',(101.76689381913,125.67955672991));
#2968 = ( GEOMETRIC_REPRESENTATION_CONTEXT(2) 
PARAMETRIC_REPRESENTATION_CONTEXT() REPRESENTATION_CONTEXT('2D SPACE',''
  ) );
#2969 = PCURVE('',#674,#2970);
#2970 = DEFINITIONAL_REPRESENTATION('',(#2971),#2974);
#2971 = B_SPLINE_CURVE_WITH_KNOTS('',1,(#2972,#2973),.UNSPECIFIED.,.F.,
  .F.,(2,2),(0.,2.688277844265),.PIECEWISE_BEZIER_KNOTS.);
#2972 = CARTESIAN_POINT('',(0.,-78.7402));
#2973 = CARTESIAN_POINT('',(2.688277844265,-78.7402));
#2974 = ( GEOMETRIC_REPRESENTATION_CONTEXT(2) 
PARAMETRIC_REPRESENTATION_CONTEXT() REPRESENTATION_CONTEXT('2D SPACE',''
  ) );
#2975 = ORIENTED_EDGE('',*,*,#2976,.T.);
#2976 = EDGE_CURVE('',#2957,#2977,#2979,.T.);
#2977 = VERTEX_POINT('',#2978);
#2978 = CARTESIAN_POINT('',(9.879034141221,-11.79203073673,
    35.000071120142));
#2979 = SURFACE_CURVE('',#2980,(#2983,#2989),.PCURVE_S1.);
#2980 = B_SPLINE_CURVE_WITH_KNOTS('',1,(#2981,#2982),.UNSPECIFIED.,.F.,
  .F.,(2,2),(0.,2.688277844265),.PIECEWISE_BEZIER_KNOTS.);
#2981 = CARTESIAN_POINT('',(9.813951134896,-11.81268715443,
    35.000071120142));
#2982 = CARTESIAN_POINT('',(9.879034141221,-11.79203073673,
    35.000071120142));
#2983 = PCURVE('',#67,#2984);
#2984 = DEFINITIONAL_REPRESENTATION('',(#2985),#2988);
#2985 = B_SPLINE_CURVE_WITH_KNOTS('',1,(#2986,#2987),.UNSPECIFIED.,.F.,
  .F.,(2,2),(0.,2.688277844265),.PIECEWISE_BEZIER_KNOTS.);
#2986 = CARTESIAN_POINT('',(101.76689381913,125.67955672991));
#2987 = CARTESIAN_POINT('',(99.204575860129,126.49279989461));
#2988 = ( GEOMETRIC_REPRESENTATION_CONTEXT(2) 
PARAMETRIC_REPRESENTATION_CONTEXT() REPRESENTATION_CONTEXT('2D SPACE',''
  ) );
#2989 = PCURVE('',#699,#2990);
#2990 = DEFINITIONAL_REPRESENTATION('',(#2991),#2994);
#2991 = B_SPLINE_CURVE_WITH_KNOTS('',1,(#2992,#2993),.UNSPECIFIED.,.F.,
  .F.,(2,2),(0.,2.688277844265),.PIECEWISE_BEZIER_KNOTS.);
#2992 = CARTESIAN_POINT('',(0.,-78.7402));
#2993 = CARTESIAN_POINT('',(2.688277844265,-78.7402));
#2994 = ( GEOMETRIC_REPRESENTATION_CONTEXT(2) 
PARAMETRIC_REPRESENTATION_CONTEXT() REPRESENTATION_CONTEXT('2D SPACE',''
  ) );
#2995 = ORIENTED_EDGE('',*,*,#2996,.T.);
#2996 = EDGE_CURVE('',#2977,#2997,#2999,.T.);
#2997 = VERTEX_POINT('',#2998);
#2998 = CARTESIAN_POINT('',(9.945375067831,-11.77586389534,
    35.000071120142));
#2999 = SURFACE_CURVE('',#3000,(#3003,#3009),.PCURVE_S1.);
#3000 = B_SPLINE_CURVE_WITH_KNOTS('',1,(#3001,#3002),.UNSPECIFIED.,.F.,
  .F.,(2,2),(0.,2.688277844265),.PIECEWISE_BEZIER_KNOTS.);
#3001 = CARTESIAN_POINT('',(9.879034141221,-11.79203073673,
    35.000071120142));
#3002 = CARTESIAN_POINT('',(9.945375067831,-11.77586389534,
    35.000071120142));
#3003 = PCURVE('',#67,#3004);
#3004 = DEFINITIONAL_REPRESENTATION('',(#3005),#3008);
#3005 = B_SPLINE_CURVE_WITH_KNOTS('',1,(#3006,#3007),.UNSPECIFIED.,.F.,
  .F.,(2,2),(0.,2.688277844265),.PIECEWISE_BEZIER_KNOTS.);
#3006 = CARTESIAN_POINT('',(99.204575860129,126.49279989461));
#3007 = CARTESIAN_POINT('',(96.592733579484,127.12928844046));
#3008 = ( GEOMETRIC_REPRESENTATION_CONTEXT(2) 
PARAMETRIC_REPRESENTATION_CONTEXT() REPRESENTATION_CONTEXT('2D SPACE',''
  ) );
#3009 = PCURVE('',#724,#3010);
#3010 = DEFINITIONAL_REPRESENTATION('',(#3011),#3014);
#3011 = B_SPLINE_CURVE_WITH_KNOTS('',1,(#3012,#3013),.UNSPECIFIED.,.F.,
  .F.,(2,2),(0.,2.688277844265),.PIECEWISE_BEZIER_KNOTS.);
#3012 = CARTESIAN_POINT('',(0.,-78.7402));
#3013 = CARTESIAN_POINT('',(2.688277844265,-78.7402));
#3014 = ( GEOMETRIC_REPRESENTATION_CONTEXT(2) 
PARAMETRIC_REPRESENTATION_CONTEXT() REPRESENTATION_CONTEXT('2D SPACE',''
  ) );
#3015 = ORIENTED_EDGE('',*,*,#3016,.T.);
#3016 = EDGE_CURVE('',#2997,#3017,#3019,.T.);
#3017 = VERTEX_POINT('',#3018);
#3018 = CARTESIAN_POINT('',(10.012664602703,-11.76426200751,
    35.000071120142));
#3019 = SURFACE_CURVE('',#3020,(#3023,#3029),.PCURVE_S1.);
#3020 = B_SPLINE_CURVE_WITH_KNOTS('',1,(#3021,#3022),.UNSPECIFIED.,.F.,
  .F.,(2,2),(0.,2.688277844265),.PIECEWISE_BEZIER_KNOTS.);
#3021 = CARTESIAN_POINT('',(9.945375067831,-11.77586389534,
    35.000071120142));
#3022 = CARTESIAN_POINT('',(10.012664602703,-11.76426200751,
    35.000071120142));
#3023 = PCURVE('',#67,#3024);
#3024 = DEFINITIONAL_REPRESENTATION('',(#3025),#3028);
#3025 = B_SPLINE_CURVE_WITH_KNOTS('',1,(#3026,#3027),.UNSPECIFIED.,.F.,
  .F.,(2,2),(0.,2.688277844265),.PIECEWISE_BEZIER_KNOTS.);
#3026 = CARTESIAN_POINT('',(96.592733579484,127.12928844046));
#3027 = CARTESIAN_POINT('',(93.943544591584,127.58605476404));
#3028 = ( GEOMETRIC_REPRESENTATION_CONTEXT(2) 
PARAMETRIC_REPRESENTATION_CONTEXT() REPRESENTATION_CONTEXT('2D SPACE',''
  ) );
#3029 = PCURVE('',#749,#3030);
#3030 = DEFINITIONAL_REPRESENTATION('',(#3031),#3034);
#3031 = B_SPLINE_CURVE_WITH_KNOTS('',1,(#3032,#3033),.UNSPECIFIED.,.F.,
  .F.,(2,2),(0.,2.688277844265),.PIECEWISE_BEZIER_KNOTS.);
#3032 = CARTESIAN_POINT('',(0.,-78.7402));
#3033 = CARTESIAN_POINT('',(2.688277844265,-78.7402));
#3034 = ( GEOMETRIC_REPRESENTATION_CONTEXT(2) 
PARAMETRIC_REPRESENTATION_CONTEXT() REPRESENTATION_CONTEXT('2D SPACE',''
  ) );
#3035 = ORIENTED_EDGE('',*,*,#3036,.T.);
#3036 = EDGE_CURVE('',#3017,#3037,#3039,.T.);
#3037 = VERTEX_POINT('',#3038);
#3038 = CARTESIAN_POINT('',(10.080589010962,-11.75727916662,
    35.000071120142));
#3039 = SURFACE_CURVE('',#3040,(#3043,#3049),.PCURVE_S1.);
#3040 = B_SPLINE_CURVE_WITH_KNOTS('',1,(#3041,#3042),.UNSPECIFIED.,.F.,
  .F.,(2,2),(0.,2.688277844265),.PIECEWISE_BEZIER_KNOTS.);
#3041 = CARTESIAN_POINT('',(10.012664602703,-11.76426200751,
    35.000071120142));
#3042 = CARTESIAN_POINT('',(10.080589010962,-11.75727916662,
    35.000071120142));
#3043 = PCURVE('',#67,#3044);
#3044 = DEFINITIONAL_REPRESENTATION('',(#3045),#3048);
#3045 = B_SPLINE_CURVE_WITH_KNOTS('',1,(#3046,#3047),.UNSPECIFIED.,.F.,
  .F.,(2,2),(0.,2.688277844265),.PIECEWISE_BEZIER_KNOTS.);
#3046 = CARTESIAN_POINT('',(93.943544591584,127.58605476404));
#3047 = CARTESIAN_POINT('',(91.269360638408,127.8609692099));
#3048 = ( GEOMETRIC_REPRESENTATION_CONTEXT(2) 
PARAMETRIC_REPRESENTATION_CONTEXT() REPRESENTATION_CONTEXT('2D SPACE',''
  ) );
#3049 = PCURVE('',#774,#3050);
#3050 = DEFINITIONAL_REPRESENTATION('',(#3051),#3054);
#3051 = B_SPLINE_CURVE_WITH_KNOTS('',1,(#3052,#3053),.UNSPECIFIED.,.F.,
  .F.,(2,2),(0.,2.688277844265),.PIECEWISE_BEZIER_KNOTS.);
#3052 = CARTESIAN_POINT('',(0.,-78.7402));
#3053 = CARTESIAN_POINT('',(2.688277844265,-78.7402));
#3054 = ( GEOMETRIC_REPRESENTATION_CONTEXT(2) 
PARAMETRIC_REPRESENTATION_CONTEXT() REPRESENTATION_CONTEXT('2D SPACE',''
  ) );
#3055 = ORIENTED_EDGE('',*,*,#3056,.T.);
#3056 = EDGE_CURVE('',#3037,#3057,#3059,.T.);
#3057 = VERTEX_POINT('',#3058);
#3058 = CARTESIAN_POINT('',(10.148831597663,-11.75494792989,
    35.000071120142));
#3059 = SURFACE_CURVE('',#3060,(#3063,#3069),.PCURVE_S1.);
#3060 = B_SPLINE_CURVE_WITH_KNOTS('',1,(#3061,#3062),.UNSPECIFIED.,.F.,
  .F.,(2,2),(0.,2.688277844265),.PIECEWISE_BEZIER_KNOTS.);
#3061 = CARTESIAN_POINT('',(10.080589010962,-11.75727916662,
    35.000071120142));
#3062 = CARTESIAN_POINT('',(10.148831597663,-11.75494792989,
    35.000071120142));
#3063 = PCURVE('',#67,#3064);
#3064 = DEFINITIONAL_REPRESENTATION('',(#3065),#3068);
#3065 = B_SPLINE_CURVE_WITH_KNOTS('',1,(#3066,#3067),.UNSPECIFIED.,.F.,
  .F.,(2,2),(0.,2.688277844265),.PIECEWISE_BEZIER_KNOTS.);
#3066 = CARTESIAN_POINT('',(91.269360638408,127.8609692099));
#3067 = CARTESIAN_POINT('',(88.58265,127.95275));
#3068 = ( GEOMETRIC_REPRESENTATION_CONTEXT(2) 
PARAMETRIC_REPRESENTATION_CONTEXT() REPRESENTATION_CONTEXT('2D SPACE',''
  ) );
#3069 = PCURVE('',#799,#3070);
#3070 = DEFINITIONAL_REPRESENTATION('',(#3071),#3074);
#3071 = B_SPLINE_CURVE_WITH_KNOTS('',1,(#3072,#3073),.UNSPECIFIED.,.F.,
  .F.,(2,2),(0.,2.688277844265),.PIECEWISE_BEZIER_KNOTS.);
#3072 = CARTESIAN_POINT('',(0.,-78.7402));
#3073 = CARTESIAN_POINT('',(2.688277844265,-78.7402));
#3074 = ( GEOMETRIC_REPRESENTATION_CONTEXT(2) 
PARAMETRIC_REPRESENTATION_CONTEXT() REPRESENTATION_CONTEXT('2D SPACE',''
  ) );
#3075 = ORIENTED_EDGE('',*,*,#3076,.T.);
#3076 = EDGE_CURVE('',#3057,#3077,#3079,.T.);
#3077 = VERTEX_POINT('',#3078);
#3078 = CARTESIAN_POINT('',(14.648839217678,-11.75494792989,
    35.000071120142));
#3079 = SURFACE_CURVE('',#3080,(#3083,#3089),.PCURVE_S1.);
#3080 = B_SPLINE_CURVE_WITH_KNOTS('',1,(#3081,#3082),.UNSPECIFIED.,.F.,
  .F.,(2,2),(0.,177.1653),.PIECEWISE_BEZIER_KNOTS.);
#3081 = CARTESIAN_POINT('',(10.148831597663,-11.75494792989,
    35.000071120142));
#3082 = CARTESIAN_POINT('',(14.648839217678,-11.75494792989,
    35.000071120142));
#3083 = PCURVE('',#67,#3084);
#3084 = DEFINITIONAL_REPRESENTATION('',(#3085),#3088);
#3085 = B_SPLINE_CURVE_WITH_KNOTS('',1,(#3086,#3087),.UNSPECIFIED.,.F.,
  .F.,(2,2),(0.,177.1653),.PIECEWISE_BEZIER_KNOTS.);
#3086 = CARTESIAN_POINT('',(88.58265,127.95275));
#3087 = CARTESIAN_POINT('',(-88.58265,127.95275));
#3088 = ( GEOMETRIC_REPRESENTATION_CONTEXT(2) 
PARAMETRIC_REPRESENTATION_CONTEXT() REPRESENTATION_CONTEXT('2D SPACE',''
  ) );
#3089 = PCURVE('',#824,#3090);
#3090 = DEFINITIONAL_REPRESENTATION('',(#3091),#3094);
#3091 = B_SPLINE_CURVE_WITH_KNOTS('',1,(#3092,#3093),.UNSPECIFIED.,.F.,
  .F.,(2,2),(0.,177.1653),.PIECEWISE_BEZIER_KNOTS.);
#3092 = CARTESIAN_POINT('',(0.,-78.7402));
#3093 = CARTESIAN_POINT('',(177.1653,-78.7402));
#3094 = ( GEOMETRIC_REPRESENTATION_CONTEXT(2) 
PARAMETRIC_REPRESENTATION_CONTEXT() REPRESENTATION_CONTEXT('2D SPACE',''
  ) );
#3095 = ORIENTED_EDGE('',*,*,#3096,.T.);
#3096 = EDGE_CURVE('',#3077,#3097,#3099,.T.);
#3097 = VERTEX_POINT('',#3098);
#3098 = CARTESIAN_POINT('',(14.717081804379,-11.75727916662,
    35.000071120142));
#3099 = SURFACE_CURVE('',#3100,(#3103,#3109),.PCURVE_S1.);
#3100 = B_SPLINE_CURVE_WITH_KNOTS('',1,(#3101,#3102),.UNSPECIFIED.,.F.,
  .F.,(2,2),(0.,2.688277844265),.PIECEWISE_BEZIER_KNOTS.);
#3101 = CARTESIAN_POINT('',(14.648839217678,-11.75494792989,
    35.000071120142));
#3102 = CARTESIAN_POINT('',(14.717081804379,-11.75727916662,
    35.000071120142));
#3103 = PCURVE('',#67,#3104);
#3104 = DEFINITIONAL_REPRESENTATION('',(#3105),#3108);
#3105 = B_SPLINE_CURVE_WITH_KNOTS('',1,(#3106,#3107),.UNSPECIFIED.,.F.,
  .F.,(2,2),(0.,2.688277844265),.PIECEWISE_BEZIER_KNOTS.);
#3106 = CARTESIAN_POINT('',(-88.58265,127.95275));
#3107 = CARTESIAN_POINT('',(-91.2693606384,127.8609692099));
#3108 = ( GEOMETRIC_REPRESENTATION_CONTEXT(2) 
PARAMETRIC_REPRESENTATION_CONTEXT() REPRESENTATION_CONTEXT('2D SPACE',''
  ) );
#3109 = PCURVE('',#849,#3110);
#3110 = DEFINITIONAL_REPRESENTATION('',(#3111),#3114);
#3111 = B_SPLINE_CURVE_WITH_KNOTS('',1,(#3112,#3113),.UNSPECIFIED.,.F.,
  .F.,(2,2),(0.,2.688277844265),.PIECEWISE_BEZIER_KNOTS.);
#3112 = CARTESIAN_POINT('',(0.,-78.7402));
#3113 = CARTESIAN_POINT('',(2.688277844265,-78.7402));
#3114 = ( GEOMETRIC_REPRESENTATION_CONTEXT(2) 
PARAMETRIC_REPRESENTATION_CONTEXT() REPRESENTATION_CONTEXT('2D SPACE',''
  ) );
#3115 = ORIENTED_EDGE('',*,*,#3116,.T.);
#3116 = EDGE_CURVE('',#3097,#3117,#3119,.T.);
#3117 = VERTEX_POINT('',#3118);
#3118 = CARTESIAN_POINT('',(14.785006212639,-11.76426200751,
    35.000071120142));
#3119 = SURFACE_CURVE('',#3120,(#3123,#3129),.PCURVE_S1.);
#3120 = B_SPLINE_CURVE_WITH_KNOTS('',1,(#3121,#3122),.UNSPECIFIED.,.F.,
  .F.,(2,2),(0.,2.688277844265),.PIECEWISE_BEZIER_KNOTS.);
#3121 = CARTESIAN_POINT('',(14.717081804379,-11.75727916662,
    35.000071120142));
#3122 = CARTESIAN_POINT('',(14.785006212639,-11.76426200751,
    35.000071120142));
#3123 = PCURVE('',#67,#3124);
#3124 = DEFINITIONAL_REPRESENTATION('',(#3125),#3128);
#3125 = B_SPLINE_CURVE_WITH_KNOTS('',1,(#3126,#3127),.UNSPECIFIED.,.F.,
  .F.,(2,2),(0.,2.688277844265),.PIECEWISE_BEZIER_KNOTS.);
#3126 = CARTESIAN_POINT('',(-91.2693606384,127.8609692099));
#3127 = CARTESIAN_POINT('',(-93.94354459158,127.58605476404));
#3128 = ( GEOMETRIC_REPRESENTATION_CONTEXT(2) 
PARAMETRIC_REPRESENTATION_CONTEXT() REPRESENTATION_CONTEXT('2D SPACE',''
  ) );
#3129 = PCURVE('',#874,#3130);
#3130 = DEFINITIONAL_REPRESENTATION('',(#3131),#3134);
#3131 = B_SPLINE_CURVE_WITH_KNOTS('',1,(#3132,#3133),.UNSPECIFIED.,.F.,
  .F.,(2,2),(0.,2.688277844265),.PIECEWISE_BEZIER_KNOTS.);
#3132 = CARTESIAN_POINT('',(0.,-78.7402));
#3133 = CARTESIAN_POINT('',(2.688277844265,-78.7402));
#3134 = ( GEOMETRIC_REPRESENTATION_CONTEXT(2) 
PARAMETRIC_REPRESENTATION_CONTEXT() REPRESENTATION_CONTEXT('2D SPACE',''
  ) );
#3135 = ORIENTED_EDGE('',*,*,#3136,.T.);
#3136 = EDGE_CURVE('',#3117,#3137,#3139,.T.);
#3137 = VERTEX_POINT('',#3138);
#3138 = CARTESIAN_POINT('',(14.85229574751,-11.77586389534,
    35.000071120142));
#3139 = SURFACE_CURVE('',#3140,(#3143,#3149),.PCURVE_S1.);
#3140 = B_SPLINE_CURVE_WITH_KNOTS('',1,(#3141,#3142),.UNSPECIFIED.,.F.,
  .F.,(2,2),(0.,2.688277844265),.PIECEWISE_BEZIER_KNOTS.);
#3141 = CARTESIAN_POINT('',(14.785006212639,-11.76426200751,
    35.000071120142));
#3142 = CARTESIAN_POINT('',(14.85229574751,-11.77586389534,
    35.000071120142));
#3143 = PCURVE('',#67,#3144);
#3144 = DEFINITIONAL_REPRESENTATION('',(#3145),#3148);
#3145 = B_SPLINE_CURVE_WITH_KNOTS('',1,(#3146,#3147),.UNSPECIFIED.,.F.,
  .F.,(2,2),(0.,2.688277844265),.PIECEWISE_BEZIER_KNOTS.);
#3146 = CARTESIAN_POINT('',(-93.94354459158,127.58605476404));
#3147 = CARTESIAN_POINT('',(-96.59273357948,127.12928844046));
#3148 = ( GEOMETRIC_REPRESENTATION_CONTEXT(2) 
PARAMETRIC_REPRESENTATION_CONTEXT() REPRESENTATION_CONTEXT('2D SPACE',''
  ) );
#3149 = PCURVE('',#899,#3150);
#3150 = DEFINITIONAL_REPRESENTATION('',(#3151),#3154);
#3151 = B_SPLINE_CURVE_WITH_KNOTS('',1,(#3152,#3153),.UNSPECIFIED.,.F.,
  .F.,(2,2),(0.,2.688277844265),.PIECEWISE_BEZIER_KNOTS.);
#3152 = CARTESIAN_POINT('',(0.,-78.7402));
#3153 = CARTESIAN_POINT('',(2.688277844265,-78.7402));
#3154 = ( GEOMETRIC_REPRESENTATION_CONTEXT(2) 
PARAMETRIC_REPRESENTATION_CONTEXT() REPRESENTATION_CONTEXT('2D SPACE',''
  ) );
#3155 = ORIENTED_EDGE('',*,*,#3156,.T.);
#3156 = EDGE_CURVE('',#3137,#3157,#3159,.T.);
#3157 = VERTEX_POINT('',#3158);
#3158 = CARTESIAN_POINT('',(14.918636674121,-11.79203073673,
    35.000071120142));
#3159 = SURFACE_CURVE('',#3160,(#3163,#3169),.PCURVE_S1.);
#3160 = B_SPLINE_CURVE_WITH_KNOTS('',1,(#3161,#3162),.UNSPECIFIED.,.F.,
  .F.,(2,2),(0.,2.688277844265),.PIECEWISE_BEZIER_KNOTS.);
#3161 = CARTESIAN_POINT('',(14.85229574751,-11.77586389534,
    35.000071120142));
#3162 = CARTESIAN_POINT('',(14.918636674121,-11.79203073673,
    35.000071120142));
#3163 = PCURVE('',#67,#3164);
#3164 = DEFINITIONAL_REPRESENTATION('',(#3165),#3168);
#3165 = B_SPLINE_CURVE_WITH_KNOTS('',1,(#3166,#3167),.UNSPECIFIED.,.F.,
  .F.,(2,2),(0.,2.688277844265),.PIECEWISE_BEZIER_KNOTS.);
#3166 = CARTESIAN_POINT('',(-96.59273357948,127.12928844046));
#3167 = CARTESIAN_POINT('',(-99.20457586012,126.49279989461));
#3168 = ( GEOMETRIC_REPRESENTATION_CONTEXT(2) 
PARAMETRIC_REPRESENTATION_CONTEXT() REPRESENTATION_CONTEXT('2D SPACE',''
  ) );
#3169 = PCURVE('',#924,#3170);
#3170 = DEFINITIONAL_REPRESENTATION('',(#3171),#3174);
#3171 = B_SPLINE_CURVE_WITH_KNOTS('',1,(#3172,#3173),.UNSPECIFIED.,.F.,
  .F.,(2,2),(0.,2.688277844265),.PIECEWISE_BEZIER_KNOTS.);
#3172 = CARTESIAN_POINT('',(0.,-78.7402));
#3173 = CARTESIAN_POINT('',(2.688277844265,-78.7402));
#3174 = ( GEOMETRIC_REPRESENTATION_CONTEXT(2) 
PARAMETRIC_REPRESENTATION_CONTEXT() REPRESENTATION_CONTEXT('2D SPACE',''
  ) );
#3175 = ORIENTED_EDGE('',*,*,#3176,.T.);
#3176 = EDGE_CURVE('',#3157,#3177,#3179,.T.);
#3177 = VERTEX_POINT('',#3178);
#3178 = CARTESIAN_POINT('',(14.983719680445,-11.81268715443,
    35.000071120142));
#3179 = SURFACE_CURVE('',#3180,(#3183,#3189),.PCURVE_S1.);
#3180 = B_SPLINE_CURVE_WITH_KNOTS('',1,(#3181,#3182),.UNSPECIFIED.,.F.,
  .F.,(2,2),(0.,2.688277844265),.PIECEWISE_BEZIER_KNOTS.);
#3181 = CARTESIAN_POINT('',(14.918636674121,-11.79203073673,
    35.000071120142));
#3182 = CARTESIAN_POINT('',(14.983719680445,-11.81268715443,
    35.000071120142));
#3183 = PCURVE('',#67,#3184);
#3184 = DEFINITIONAL_REPRESENTATION('',(#3185),#3188);
#3185 = B_SPLINE_CURVE_WITH_KNOTS('',1,(#3186,#3187),.UNSPECIFIED.,.F.,
  .F.,(2,2),(0.,2.688277844265),.PIECEWISE_BEZIER_KNOTS.);
#3186 = CARTESIAN_POINT('',(-99.20457586012,126.49279989461));
#3187 = CARTESIAN_POINT('',(-101.7668938191,125.67955672991));
#3188 = ( GEOMETRIC_REPRESENTATION_CONTEXT(2) 
PARAMETRIC_REPRESENTATION_CONTEXT() REPRESENTATION_CONTEXT('2D SPACE',''
  ) );
#3189 = PCURVE('',#949,#3190);
#3190 = DEFINITIONAL_REPRESENTATION('',(#3191),#3194);
#3191 = B_SPLINE_CURVE_WITH_KNOTS('',1,(#3192,#3193),.UNSPECIFIED.,.F.,
  .F.,(2,2),(0.,2.688277844265),.PIECEWISE_BEZIER_KNOTS.);
#3192 = CARTESIAN_POINT('',(0.,-78.7402));
#3193 = CARTESIAN_POINT('',(2.688277844265,-78.7402));
#3194 = ( GEOMETRIC_REPRESENTATION_CONTEXT(2) 
PARAMETRIC_REPRESENTATION_CONTEXT() REPRESENTATION_CONTEXT('2D SPACE',''
  ) );
#3195 = ORIENTED_EDGE('',*,*,#3196,.T.);
#3196 = EDGE_CURVE('',#3177,#3197,#3199,.T.);
#3197 = VERTEX_POINT('',#3198);
#3198 = CARTESIAN_POINT('',(15.047241319465,-11.83773683867,
    35.000071120142));
#3199 = SURFACE_CURVE('',#3200,(#3203,#3209),.PCURVE_S1.);
#3200 = B_SPLINE_CURVE_WITH_KNOTS('',1,(#3201,#3202),.UNSPECIFIED.,.F.,
  .F.,(2,2),(0.,2.688277844265),.PIECEWISE_BEZIER_KNOTS.);
#3201 = CARTESIAN_POINT('',(14.983719680445,-11.81268715443,
    35.000071120142));
#3202 = CARTESIAN_POINT('',(15.047241319465,-11.83773683867,
    35.000071120142));
#3203 = PCURVE('',#67,#3204);
#3204 = DEFINITIONAL_REPRESENTATION('',(#3205),#3208);
#3205 = B_SPLINE_CURVE_WITH_KNOTS('',1,(#3206,#3207),.UNSPECIFIED.,.F.,
  .F.,(2,2),(0.,2.688277844265),.PIECEWISE_BEZIER_KNOTS.);
#3206 = CARTESIAN_POINT('',(-101.7668938191,125.67955672991));
#3207 = CARTESIAN_POINT('',(-104.2677407473,124.6933506614));
#3208 = ( GEOMETRIC_REPRESENTATION_CONTEXT(2) 
PARAMETRIC_REPRESENTATION_CONTEXT() REPRESENTATION_CONTEXT('2D SPACE',''
  ) );
#3209 = PCURVE('',#974,#3210);
#3210 = DEFINITIONAL_REPRESENTATION('',(#3211),#3214);
#3211 = B_SPLINE_CURVE_WITH_KNOTS('',1,(#3212,#3213),.UNSPECIFIED.,.F.,
  .F.,(2,2),(0.,2.688277844265),.PIECEWISE_BEZIER_KNOTS.);
#3212 = CARTESIAN_POINT('',(0.,-78.7402));
#3213 = CARTESIAN_POINT('',(2.688277844265,-78.7402));
#3214 = ( GEOMETRIC_REPRESENTATION_CONTEXT(2) 
PARAMETRIC_REPRESENTATION_CONTEXT() REPRESENTATION_CONTEXT('2D SPACE',''
  ) );
#3215 = ORIENTED_EDGE('',*,*,#3216,.T.);
#3216 = EDGE_CURVE('',#3197,#3217,#3219,.T.);
#3217 = VERTEX_POINT('',#3218);
#3218 = CARTESIAN_POINT('',(15.108905423977,-11.86706299626,
    35.000071120142));
#3219 = SURFACE_CURVE('',#3220,(#3223,#3229),.PCURVE_S1.);
#3220 = B_SPLINE_CURVE_WITH_KNOTS('',1,(#3221,#3222),.UNSPECIFIED.,.F.,
  .F.,(2,2),(0.,2.688277844265),.PIECEWISE_BEZIER_KNOTS.);
#3221 = CARTESIAN_POINT('',(15.047241319465,-11.83773683867,
    35.000071120142));
#3222 = CARTESIAN_POINT('',(15.108905423977,-11.86706299626,
    35.000071120142));
#3223 = PCURVE('',#67,#3224);
#3224 = DEFINITIONAL_REPRESENTATION('',(#3225),#3228);
#3225 = B_SPLINE_CURVE_WITH_KNOTS('',1,(#3226,#3227),.UNSPECIFIED.,.F.,
  .F.,(2,2),(0.,2.688277844265),.PIECEWISE_BEZIER_KNOTS.);
#3226 = CARTESIAN_POINT('',(-104.2677407473,124.6933506614));
#3227 = CARTESIAN_POINT('',(-106.6954565419,123.53877983702));
#3228 = ( GEOMETRIC_REPRESENTATION_CONTEXT(2) 
PARAMETRIC_REPRESENTATION_CONTEXT() REPRESENTATION_CONTEXT('2D SPACE',''
  ) );
#3229 = PCURVE('',#999,#3230);
#3230 = DEFINITIONAL_REPRESENTATION('',(#3231),#3234);
#3231 = B_SPLINE_CURVE_WITH_KNOTS('',1,(#3232,#3233),.UNSPECIFIED.,.F.,
  .F.,(2,2),(0.,2.688277844265),.PIECEWISE_BEZIER_KNOTS.);
#3232 = CARTESIAN_POINT('',(0.,-78.7402));
#3233 = CARTESIAN_POINT('',(2.688277844265,-78.7402));
#3234 = ( GEOMETRIC_REPRESENTATION_CONTEXT(2) 
PARAMETRIC_REPRESENTATION_CONTEXT() REPRESENTATION_CONTEXT('2D SPACE',''
  ) );
#3235 = ORIENTED_EDGE('',*,*,#3236,.T.);
#3236 = EDGE_CURVE('',#3217,#3237,#3239,.T.);
#3237 = VERTEX_POINT('',#3238);
#3238 = CARTESIAN_POINT('',(15.16842448746,-11.90052889512,
    35.000071120142));
#3239 = SURFACE_CURVE('',#3240,(#3243,#3249),.PCURVE_S1.);
#3240 = B_SPLINE_CURVE_WITH_KNOTS('',1,(#3241,#3242),.UNSPECIFIED.,.F.,
  .F.,(2,2),(0.,2.688277844265),.PIECEWISE_BEZIER_KNOTS.);
#3241 = CARTESIAN_POINT('',(15.108905423977,-11.86706299626,
    35.000071120142));
#3242 = CARTESIAN_POINT('',(15.16842448746,-11.90052889512,
    35.000071120142));
#3243 = PCURVE('',#67,#3244);
#3244 = DEFINITIONAL_REPRESENTATION('',(#3245),#3248);
#3245 = B_SPLINE_CURVE_WITH_KNOTS('',1,(#3246,#3247),.UNSPECIFIED.,.F.,
  .F.,(2,2),(0.,2.688277844265),.PIECEWISE_BEZIER_KNOTS.);
#3246 = CARTESIAN_POINT('',(-106.6954565419,123.53877983702));
#3247 = CARTESIAN_POINT('',(-109.0387220712,122.22122739893));
#3248 = ( GEOMETRIC_REPRESENTATION_CONTEXT(2) 
PARAMETRIC_REPRESENTATION_CONTEXT() REPRESENTATION_CONTEXT('2D SPACE',''
  ) );
#3249 = PCURVE('',#1024,#3250);
#3250 = DEFINITIONAL_REPRESENTATION('',(#3251),#3254);
#3251 = B_SPLINE_CURVE_WITH_KNOTS('',1,(#3252,#3253),.UNSPECIFIED.,.F.,
  .F.,(2,2),(0.,2.688277844265),.PIECEWISE_BEZIER_KNOTS.);
#3252 = CARTESIAN_POINT('',(0.,-78.7402));
#3253 = CARTESIAN_POINT('',(2.688277844265,-78.7402));
#3254 = ( GEOMETRIC_REPRESENTATION_CONTEXT(2) 
PARAMETRIC_REPRESENTATION_CONTEXT() REPRESENTATION_CONTEXT('2D SPACE',''
  ) );
#3255 = ORIENTED_EDGE('',*,*,#3256,.T.);
#3256 = EDGE_CURVE('',#3237,#3257,#3259,.T.);
#3257 = VERTEX_POINT('',#3258);
#3258 = CARTESIAN_POINT('',(15.225521004564,-11.93797850178,
    35.000071120142));
#3259 = SURFACE_CURVE('',#3260,(#3263,#3269),.PCURVE_S1.);
#3260 = B_SPLINE_CURVE_WITH_KNOTS('',1,(#3261,#3262),.UNSPECIFIED.,.F.,
  .F.,(2,2),(0.,2.688277844265),.PIECEWISE_BEZIER_KNOTS.);
#3261 = CARTESIAN_POINT('',(15.16842448746,-11.90052889512,
    35.000071120142));
#3262 = CARTESIAN_POINT('',(15.225521004564,-11.93797850178,
    35.000071120142));
#3263 = PCURVE('',#67,#3264);
#3264 = DEFINITIONAL_REPRESENTATION('',(#3265),#3268);
#3265 = B_SPLINE_CURVE_WITH_KNOTS('',1,(#3266,#3267),.UNSPECIFIED.,.F.,
  .F.,(2,2),(0.,2.688277844265),.PIECEWISE_BEZIER_KNOTS.);
#3266 = CARTESIAN_POINT('',(-109.0387220712,122.22122739893));
#3267 = CARTESIAN_POINT('',(-111.2866119496,120.74683638481));
#3268 = ( GEOMETRIC_REPRESENTATION_CONTEXT(2) 
PARAMETRIC_REPRESENTATION_CONTEXT() REPRESENTATION_CONTEXT('2D SPACE',''
  ) );
#3269 = PCURVE('',#1049,#3270);
#3270 = DEFINITIONAL_REPRESENTATION('',(#3271),#3274);
#3271 = B_SPLINE_CURVE_WITH_KNOTS('',1,(#3272,#3273),.UNSPECIFIED.,.F.,
  .F.,(2,2),(0.,2.688277844265),.PIECEWISE_BEZIER_KNOTS.);
#3272 = CARTESIAN_POINT('',(0.,-78.7402));
#3273 = CARTESIAN_POINT('',(2.688277844265,-78.7402));
#3274 = ( GEOMETRIC_REPRESENTATION_CONTEXT(2) 
PARAMETRIC_REPRESENTATION_CONTEXT() REPRESENTATION_CONTEXT('2D SPACE',''
  ) );
#3275 = ORIENTED_EDGE('',*,*,#3276,.T.);
#3276 = EDGE_CURVE('',#3257,#3277,#3279,.T.);
#3277 = VERTEX_POINT('',#3278);
#3278 = CARTESIAN_POINT('',(15.279928764971,-11.97923720888,
    35.000071120142));
#3279 = SURFACE_CURVE('',#3280,(#3283,#3289),.PCURVE_S1.);
#3280 = B_SPLINE_CURVE_WITH_KNOTS('',1,(#3281,#3282),.UNSPECIFIED.,.F.,
  .F.,(2,2),(0.,2.688277844265),.PIECEWISE_BEZIER_KNOTS.);
#3281 = CARTESIAN_POINT('',(15.225521004564,-11.93797850178,
    35.000071120142));
#3282 = CARTESIAN_POINT('',(15.279928764971,-11.97923720888,
    35.000071120142));
#3283 = PCURVE('',#67,#3284);
#3284 = DEFINITIONAL_REPRESENTATION('',(#3285),#3288);
#3285 = B_SPLINE_CURVE_WITH_KNOTS('',1,(#3286,#3287),.UNSPECIFIED.,.F.,
  .F.,(2,2),(0.,2.688277844265),.PIECEWISE_BEZIER_KNOTS.);
#3286 = CARTESIAN_POINT('',(-111.2866119496,120.74683638481));
#3287 = CARTESIAN_POINT('',(-113.4286454769,119.12248108616));
#3288 = ( GEOMETRIC_REPRESENTATION_CONTEXT(2) 
PARAMETRIC_REPRESENTATION_CONTEXT() REPRESENTATION_CONTEXT('2D SPACE',''
  ) );
#3289 = PCURVE('',#1074,#3290);
#3290 = DEFINITIONAL_REPRESENTATION('',(#3291),#3294);
#3291 = B_SPLINE_CURVE_WITH_KNOTS('',1,(#3292,#3293),.UNSPECIFIED.,.F.,
  .F.,(2,2),(0.,2.688277844265),.PIECEWISE_BEZIER_KNOTS.);
#3292 = CARTESIAN_POINT('',(0.,-78.7402));
#3293 = CARTESIAN_POINT('',(2.688277844265,-78.7402));
#3294 = ( GEOMETRIC_REPRESENTATION_CONTEXT(2) 
PARAMETRIC_REPRESENTATION_CONTEXT() REPRESENTATION_CONTEXT('2D SPACE',''
  ) );
#3295 = ORIENTED_EDGE('',*,*,#3296,.T.);
#3296 = EDGE_CURVE('',#3277,#3297,#3299,.T.);
#3297 = VERTEX_POINT('',#3298);
#3298 = CARTESIAN_POINT('',(15.331394094586,-12.02411264929,
    35.000071120142));
#3299 = SURFACE_CURVE('',#3300,(#3303,#3309),.PCURVE_S1.);
#3300 = B_SPLINE_CURVE_WITH_KNOTS('',1,(#3301,#3302),.UNSPECIFIED.,.F.,
  .F.,(2,2),(0.,2.688277844265),.PIECEWISE_BEZIER_KNOTS.);
#3301 = CARTESIAN_POINT('',(15.279928764971,-11.97923720888,
    35.000071120142));
#3302 = CARTESIAN_POINT('',(15.331394094586,-12.02411264929,
    35.000071120142));
#3303 = PCURVE('',#67,#3304);
#3304 = DEFINITIONAL_REPRESENTATION('',(#3305),#3308);
#3305 = B_SPLINE_CURVE_WITH_KNOTS('',1,(#3306,#3307),.UNSPECIFIED.,.F.,
  .F.,(2,2),(0.,2.688277844265),.PIECEWISE_BEZIER_KNOTS.);
#3306 = CARTESIAN_POINT('',(-113.4286454769,119.12248108616));
#3307 = CARTESIAN_POINT('',(-115.4548355038,117.35573499722));
#3308 = ( GEOMETRIC_REPRESENTATION_CONTEXT(2) 
PARAMETRIC_REPRESENTATION_CONTEXT() REPRESENTATION_CONTEXT('2D SPACE',''
  ) );
#3309 = PCURVE('',#1099,#3310);
#3310 = DEFINITIONAL_REPRESENTATION('',(#3311),#3314);
#3311 = B_SPLINE_CURVE_WITH_KNOTS('',1,(#3312,#3313),.UNSPECIFIED.,.F.,
  .F.,(2,2),(0.,2.688277844265),.PIECEWISE_BEZIER_KNOTS.);
#3312 = CARTESIAN_POINT('',(0.,-78.7402));
#3313 = CARTESIAN_POINT('',(2.688277844265,-78.7402));
#3314 = ( GEOMETRIC_REPRESENTATION_CONTEXT(2) 
PARAMETRIC_REPRESENTATION_CONTEXT() REPRESENTATION_CONTEXT('2D SPACE',''
  ) );
#3315 = ORIENTED_EDGE('',*,*,#3316,.T.);
#3316 = EDGE_CURVE('',#3297,#3317,#3319,.T.);
#3317 = VERTEX_POINT('',#3318);
#3318 = CARTESIAN_POINT('',(15.379677038284,-12.07239559299,
    35.000071120142));
#3319 = SURFACE_CURVE('',#3320,(#3323,#3329),.PCURVE_S1.);
#3320 = B_SPLINE_CURVE_WITH_KNOTS('',1,(#3321,#3322),.UNSPECIFIED.,.F.,
  .F.,(2,2),(0.,2.688277844265),.PIECEWISE_BEZIER_KNOTS.);
#3321 = CARTESIAN_POINT('',(15.331394094586,-12.02411264929,
    35.000071120142));
#3322 = CARTESIAN_POINT('',(15.379677038284,-12.07239559299,
    35.000071120142));
#3323 = PCURVE('',#67,#3324);
#3324 = DEFINITIONAL_REPRESENTATION('',(#3325),#3328);
#3325 = B_SPLINE_CURVE_WITH_KNOTS('',1,(#3326,#3327),.UNSPECIFIED.,.F.,
  .F.,(2,2),(0.,2.688277844265),.PIECEWISE_BEZIER_KNOTS.);
#3326 = CARTESIAN_POINT('',(-115.4548355038,117.35573499722));
#3327 = CARTESIAN_POINT('',(-117.3557349972,115.45483550383));
#3328 = ( GEOMETRIC_REPRESENTATION_CONTEXT(2) 
PARAMETRIC_REPRESENTATION_CONTEXT() REPRESENTATION_CONTEXT('2D SPACE',''
  ) );
#3329 = PCURVE('',#1124,#3330);
#3330 = DEFINITIONAL_REPRESENTATION('',(#3331),#3334);
#3331 = B_SPLINE_CURVE_WITH_KNOTS('',1,(#3332,#3333),.UNSPECIFIED.,.F.,
  .F.,(2,2),(0.,2.688277844265),.PIECEWISE_BEZIER_KNOTS.);
#3332 = CARTESIAN_POINT('',(0.,-78.7402));
#3333 = CARTESIAN_POINT('',(2.688277844265,-78.7402));
#3334 = ( GEOMETRIC_REPRESENTATION_CONTEXT(2) 
PARAMETRIC_REPRESENTATION_CONTEXT() REPRESENTATION_CONTEXT('2D SPACE',''
  ) );
#3335 = ORIENTED_EDGE('',*,*,#3336,.T.);
#3336 = EDGE_CURVE('',#3317,#3337,#3339,.T.);
#3337 = VERTEX_POINT('',#3338);
#3338 = CARTESIAN_POINT('',(15.424552478693,-12.1238609226,
    35.000071120142));
#3339 = SURFACE_CURVE('',#3340,(#3343,#3349),.PCURVE_S1.);
#3340 = B_SPLINE_CURVE_WITH_KNOTS('',1,(#3341,#3342),.UNSPECIFIED.,.F.,
  .F.,(2,2),(0.,2.688277844265),.PIECEWISE_BEZIER_KNOTS.);
#3341 = CARTESIAN_POINT('',(15.379677038284,-12.07239559299,
    35.000071120142));
#3342 = CARTESIAN_POINT('',(15.424552478693,-12.1238609226,
    35.000071120142));
#3343 = PCURVE('',#67,#3344);
#3344 = DEFINITIONAL_REPRESENTATION('',(#3345),#3348);
#3345 = B_SPLINE_CURVE_WITH_KNOTS('',1,(#3346,#3347),.UNSPECIFIED.,.F.,
  .F.,(2,2),(0.,2.688277844265),.PIECEWISE_BEZIER_KNOTS.);
#3346 = CARTESIAN_POINT('',(-117.3557349972,115.45483550383));
#3347 = CARTESIAN_POINT('',(-119.1224810861,113.42864547691));
#3348 = ( GEOMETRIC_REPRESENTATION_CONTEXT(2) 
PARAMETRIC_REPRESENTATION_CONTEXT() REPRESENTATION_CONTEXT('2D SPACE',''
  ) );
#3349 = PCURVE('',#1149,#3350);
#3350 = DEFINITIONAL_REPRESENTATION('',(#3351),#3354);
#3351 = B_SPLINE_CURVE_WITH_KNOTS('',1,(#3352,#3353),.UNSPECIFIED.,.F.,
  .F.,(2,2),(0.,2.688277844265),.PIECEWISE_BEZIER_KNOTS.);
#3352 = CARTESIAN_POINT('',(0.,-78.7402));
#3353 = CARTESIAN_POINT('',(2.688277844265,-78.7402));
#3354 = ( GEOMETRIC_REPRESENTATION_CONTEXT(2) 
PARAMETRIC_REPRESENTATION_CONTEXT() REPRESENTATION_CONTEXT('2D SPACE',''
  ) );
#3355 = ORIENTED_EDGE('',*,*,#3356,.T.);
#3356 = EDGE_CURVE('',#3337,#3357,#3359,.T.);
#3357 = VERTEX_POINT('',#3358);
#3358 = CARTESIAN_POINT('',(15.465811185797,-12.17826868301,
    35.000071120142));
#3359 = SURFACE_CURVE('',#3360,(#3363,#3369),.PCURVE_S1.);
#3360 = B_SPLINE_CURVE_WITH_KNOTS('',1,(#3361,#3362),.UNSPECIFIED.,.F.,
  .F.,(2,2),(0.,2.688277844265),.PIECEWISE_BEZIER_KNOTS.);
#3361 = CARTESIAN_POINT('',(15.424552478693,-12.1238609226,
    35.000071120142));
#3362 = CARTESIAN_POINT('',(15.465811185797,-12.17826868301,
    35.000071120142));
#3363 = PCURVE('',#67,#3364);
#3364 = DEFINITIONAL_REPRESENTATION('',(#3365),#3368);
#3365 = B_SPLINE_CURVE_WITH_KNOTS('',1,(#3366,#3367),.UNSPECIFIED.,.F.,
  .F.,(2,2),(0.,2.688277844265),.PIECEWISE_BEZIER_KNOTS.);
#3366 = CARTESIAN_POINT('',(-119.1224810861,113.42864547691));
#3367 = CARTESIAN_POINT('',(-120.7468363848,111.28661194969));
#3368 = ( GEOMETRIC_REPRESENTATION_CONTEXT(2) 
PARAMETRIC_REPRESENTATION_CONTEXT() REPRESENTATION_CONTEXT('2D SPACE',''
  ) );
#3369 = PCURVE('',#1174,#3370);
#3370 = DEFINITIONAL_REPRESENTATION('',(#3371),#3374);
#3371 = B_SPLINE_CURVE_WITH_KNOTS('',1,(#3372,#3373),.UNSPECIFIED.,.F.,
  .F.,(2,2),(0.,2.688277844265),.PIECEWISE_BEZIER_KNOTS.);
#3372 = CARTESIAN_POINT('',(0.,-78.7402));
#3373 = CARTESIAN_POINT('',(2.688277844265,-78.7402));
#3374 = ( GEOMETRIC_REPRESENTATION_CONTEXT(2) 
PARAMETRIC_REPRESENTATION_CONTEXT() REPRESENTATION_CONTEXT('2D SPACE',''
  ) );
#3375 = ORIENTED_EDGE('',*,*,#3376,.T.);
#3376 = EDGE_CURVE('',#3357,#3377,#3379,.T.);
#3377 = VERTEX_POINT('',#3378);
#3378 = CARTESIAN_POINT('',(15.503260792455,-12.23536520012,
    35.000071120142));
#3379 = SURFACE_CURVE('',#3380,(#3383,#3389),.PCURVE_S1.);
#3380 = B_SPLINE_CURVE_WITH_KNOTS('',1,(#3381,#3382),.UNSPECIFIED.,.F.,
  .F.,(2,2),(0.,2.688277844265),.PIECEWISE_BEZIER_KNOTS.);
#3381 = CARTESIAN_POINT('',(15.465811185797,-12.17826868301,
    35.000071120142));
#3382 = CARTESIAN_POINT('',(15.503260792455,-12.23536520012,
    35.000071120142));
#3383 = PCURVE('',#67,#3384);
#3384 = DEFINITIONAL_REPRESENTATION('',(#3385),#3388);
#3385 = B_SPLINE_CURVE_WITH_KNOTS('',1,(#3386,#3387),.UNSPECIFIED.,.F.,
  .F.,(2,2),(0.,2.688277844265),.PIECEWISE_BEZIER_KNOTS.);
#3386 = CARTESIAN_POINT('',(-120.7468363848,111.28661194969));
#3387 = CARTESIAN_POINT('',(-122.2212273989,109.03872207129));
#3388 = ( GEOMETRIC_REPRESENTATION_CONTEXT(2) 
PARAMETRIC_REPRESENTATION_CONTEXT() REPRESENTATION_CONTEXT('2D SPACE',''
  ) );
#3389 = PCURVE('',#1199,#3390);
#3390 = DEFINITIONAL_REPRESENTATION('',(#3391),#3394);
#3391 = B_SPLINE_CURVE_WITH_KNOTS('',1,(#3392,#3393),.UNSPECIFIED.,.F.,
  .F.,(2,2),(0.,2.688277844265),.PIECEWISE_BEZIER_KNOTS.);
#3392 = CARTESIAN_POINT('',(0.,-78.7402));
#3393 = CARTESIAN_POINT('',(2.688277844265,-78.7402));
#3394 = ( GEOMETRIC_REPRESENTATION_CONTEXT(2) 
PARAMETRIC_REPRESENTATION_CONTEXT() REPRESENTATION_CONTEXT('2D SPACE',''
  ) );
#3395 = ORIENTED_EDGE('',*,*,#3396,.T.);
#3396 = EDGE_CURVE('',#3377,#3397,#3399,.T.);
#3397 = VERTEX_POINT('',#3398);
#3398 = CARTESIAN_POINT('',(15.536726691314,-12.2948842636,
    35.000071120142));
#3399 = SURFACE_CURVE('',#3400,(#3403,#3409),.PCURVE_S1.);
#3400 = B_SPLINE_CURVE_WITH_KNOTS('',1,(#3401,#3402),.UNSPECIFIED.,.F.,
  .F.,(2,2),(0.,2.688277844265),.PIECEWISE_BEZIER_KNOTS.);
#3401 = CARTESIAN_POINT('',(15.503260792455,-12.23536520012,
    35.000071120142));
#3402 = CARTESIAN_POINT('',(15.536726691314,-12.2948842636,
    35.000071120142));
#3403 = PCURVE('',#67,#3404);
#3404 = DEFINITIONAL_REPRESENTATION('',(#3405),#3408);
#3405 = B_SPLINE_CURVE_WITH_KNOTS('',1,(#3406,#3407),.UNSPECIFIED.,.F.,
  .F.,(2,2),(0.,2.688277844265),.PIECEWISE_BEZIER_KNOTS.);
#3406 = CARTESIAN_POINT('',(-122.2212273989,109.03872207129));
#3407 = CARTESIAN_POINT('',(-123.538779837,106.69545654197));
#3408 = ( GEOMETRIC_REPRESENTATION_CONTEXT(2) 
PARAMETRIC_REPRESENTATION_CONTEXT() REPRESENTATION_CONTEXT('2D SPACE',''
  ) );
#3409 = PCURVE('',#1224,#3410);
#3410 = DEFINITIONAL_REPRESENTATION('',(#3411),#3414);
#3411 = B_SPLINE_CURVE_WITH_KNOTS('',1,(#3412,#3413),.UNSPECIFIED.,.F.,
  .F.,(2,2),(0.,2.688277844265),.PIECEWISE_BEZIER_KNOTS.);
#3412 = CARTESIAN_POINT('',(0.,-78.7402));
#3413 = CARTESIAN_POINT('',(2.688277844265,-78.7402));
#3414 = ( GEOMETRIC_REPRESENTATION_CONTEXT(2) 
PARAMETRIC_REPRESENTATION_CONTEXT() REPRESENTATION_CONTEXT('2D SPACE',''
  ) );
#3415 = ORIENTED_EDGE('',*,*,#3416,.T.);
#3416 = EDGE_CURVE('',#3397,#3417,#3419,.T.);
#3417 = VERTEX_POINT('',#3418);
#3418 = CARTESIAN_POINT('',(15.566052848905,-12.35654836811,
    35.000071120142));
#3419 = SURFACE_CURVE('',#3420,(#3423,#3429),.PCURVE_S1.);
#3420 = B_SPLINE_CURVE_WITH_KNOTS('',1,(#3421,#3422),.UNSPECIFIED.,.F.,
  .F.,(2,2),(0.,2.688277844265),.PIECEWISE_BEZIER_KNOTS.);
#3421 = CARTESIAN_POINT('',(15.536726691314,-12.2948842636,
    35.000071120142));
#3422 = CARTESIAN_POINT('',(15.566052848905,-12.35654836811,
    35.000071120142));
#3423 = PCURVE('',#67,#3424);
#3424 = DEFINITIONAL_REPRESENTATION('',(#3425),#3428);
#3425 = B_SPLINE_CURVE_WITH_KNOTS('',1,(#3426,#3427),.UNSPECIFIED.,.F.,
  .F.,(2,2),(0.,2.688277844265),.PIECEWISE_BEZIER_KNOTS.);
#3426 = CARTESIAN_POINT('',(-123.538779837,106.69545654197));
#3427 = CARTESIAN_POINT('',(-124.6933506614,104.26774074735));
#3428 = ( GEOMETRIC_REPRESENTATION_CONTEXT(2) 
PARAMETRIC_REPRESENTATION_CONTEXT() REPRESENTATION_CONTEXT('2D SPACE',''
  ) );
#3429 = PCURVE('',#1249,#3430);
#3430 = DEFINITIONAL_REPRESENTATION('',(#3431),#3434);
#3431 = B_SPLINE_CURVE_WITH_KNOTS('',1,(#3432,#3433),.UNSPECIFIED.,.F.,
  .F.,(2,2),(0.,2.688277844265),.PIECEWISE_BEZIER_KNOTS.);
#3432 = CARTESIAN_POINT('',(0.,-78.7402));
#3433 = CARTESIAN_POINT('',(2.688277844265,-78.7402));
#3434 = ( GEOMETRIC_REPRESENTATION_CONTEXT(2) 
PARAMETRIC_REPRESENTATION_CONTEXT() REPRESENTATION_CONTEXT('2D SPACE',''
  ) );
#3435 = ORIENTED_EDGE('',*,*,#3436,.T.);
#3436 = EDGE_CURVE('',#3417,#3437,#3439,.T.);
#3437 = VERTEX_POINT('',#3438);
#3438 = CARTESIAN_POINT('',(15.591102533145,-12.42007000713,
    35.000071120142));
#3439 = SURFACE_CURVE('',#3440,(#3443,#3449),.PCURVE_S1.);
#3440 = B_SPLINE_CURVE_WITH_KNOTS('',1,(#3441,#3442),.UNSPECIFIED.,.F.,
  .F.,(2,2),(0.,2.688277844265),.PIECEWISE_BEZIER_KNOTS.);
#3441 = CARTESIAN_POINT('',(15.566052848905,-12.35654836811,
    35.000071120142));
#3442 = CARTESIAN_POINT('',(15.591102533145,-12.42007000713,
    35.000071120142));
#3443 = PCURVE('',#67,#3444);
#3444 = DEFINITIONAL_REPRESENTATION('',(#3445),#3448);
#3445 = B_SPLINE_CURVE_WITH_KNOTS('',1,(#3446,#3447),.UNSPECIFIED.,.F.,
  .F.,(2,2),(0.,2.688277844265),.PIECEWISE_BEZIER_KNOTS.);
#3446 = CARTESIAN_POINT('',(-124.6933506614,104.26774074735));
#3447 = CARTESIAN_POINT('',(-125.6795567299,101.76689381913));
#3448 = ( GEOMETRIC_REPRESENTATION_CONTEXT(2) 
PARAMETRIC_REPRESENTATION_CONTEXT() REPRESENTATION_CONTEXT('2D SPACE',''
  ) );
#3449 = PCURVE('',#1274,#3450);
#3450 = DEFINITIONAL_REPRESENTATION('',(#3451),#3454);
#3451 = B_SPLINE_CURVE_WITH_KNOTS('',1,(#3452,#3453),.UNSPECIFIED.,.F.,
  .F.,(2,2),(0.,2.688277844265),.PIECEWISE_BEZIER_KNOTS.);
#3452 = CARTESIAN_POINT('',(0.,-78.7402));
#3453 = CARTESIAN_POINT('',(2.688277844265,-78.7402));
#3454 = ( GEOMETRIC_REPRESENTATION_CONTEXT(2) 
PARAMETRIC_REPRESENTATION_CONTEXT() REPRESENTATION_CONTEXT('2D SPACE',''
  ) );
#3455 = ORIENTED_EDGE('',*,*,#3456,.T.);
#3456 = EDGE_CURVE('',#3437,#3457,#3459,.T.);
#3457 = VERTEX_POINT('',#3458);
#3458 = CARTESIAN_POINT('',(15.611758950841,-12.48515301345,
    35.000071120142));
#3459 = SURFACE_CURVE('',#3460,(#3463,#3469),.PCURVE_S1.);
#3460 = B_SPLINE_CURVE_WITH_KNOTS('',1,(#3461,#3462),.UNSPECIFIED.,.F.,
  .F.,(2,2),(0.,2.688277844265),.PIECEWISE_BEZIER_KNOTS.);
#3461 = CARTESIAN_POINT('',(15.591102533145,-12.42007000713,
    35.000071120142));
#3462 = CARTESIAN_POINT('',(15.611758950841,-12.48515301345,
    35.000071120142));
#3463 = PCURVE('',#67,#3464);
#3464 = DEFINITIONAL_REPRESENTATION('',(#3465),#3468);
#3465 = B_SPLINE_CURVE_WITH_KNOTS('',1,(#3466,#3467),.UNSPECIFIED.,.F.,
  .F.,(2,2),(0.,2.688277844265),.PIECEWISE_BEZIER_KNOTS.);
#3466 = CARTESIAN_POINT('',(-125.6795567299,101.76689381913));
#3467 = CARTESIAN_POINT('',(-126.4927998946,99.204575860129));
#3468 = ( GEOMETRIC_REPRESENTATION_CONTEXT(2) 
PARAMETRIC_REPRESENTATION_CONTEXT() REPRESENTATION_CONTEXT('2D SPACE',''
  ) );
#3469 = PCURVE('',#1299,#3470);
#3470 = DEFINITIONAL_REPRESENTATION('',(#3471),#3474);
#3471 = B_SPLINE_CURVE_WITH_KNOTS('',1,(#3472,#3473),.UNSPECIFIED.,.F.,
  .F.,(2,2),(0.,2.688277844265),.PIECEWISE_BEZIER_KNOTS.);
#3472 = CARTESIAN_POINT('',(0.,-78.7402));
#3473 = CARTESIAN_POINT('',(2.688277844265,-78.7402));
#3474 = ( GEOMETRIC_REPRESENTATION_CONTEXT(2) 
PARAMETRIC_REPRESENTATION_CONTEXT() REPRESENTATION_CONTEXT('2D SPACE',''
  ) );
#3475 = ORIENTED_EDGE('',*,*,#3476,.T.);
#3476 = EDGE_CURVE('',#3457,#3477,#3479,.T.);
#3477 = VERTEX_POINT('',#3478);
#3478 = CARTESIAN_POINT('',(15.627925792239,-12.55149394006,
    35.000071120142));
#3479 = SURFACE_CURVE('',#3480,(#3483,#3489),.PCURVE_S1.);
#3480 = B_SPLINE_CURVE_WITH_KNOTS('',1,(#3481,#3482),.UNSPECIFIED.,.F.,
  .F.,(2,2),(0.,2.688277844265),.PIECEWISE_BEZIER_KNOTS.);
#3481 = CARTESIAN_POINT('',(15.611758950841,-12.48515301345,
    35.000071120142));
#3482 = CARTESIAN_POINT('',(15.627925792239,-12.55149394006,
    35.000071120142));
#3483 = PCURVE('',#67,#3484);
#3484 = DEFINITIONAL_REPRESENTATION('',(#3485),#3488);
#3485 = B_SPLINE_CURVE_WITH_KNOTS('',1,(#3486,#3487),.UNSPECIFIED.,.F.,
  .F.,(2,2),(0.,2.688277844265),.PIECEWISE_BEZIER_KNOTS.);
#3486 = CARTESIAN_POINT('',(-126.4927998946,99.204575860129));
#3487 = CARTESIAN_POINT('',(-127.1292884404,96.592733579484));
#3488 = ( GEOMETRIC_REPRESENTATION_CONTEXT(2) 
PARAMETRIC_REPRESENTATION_CONTEXT() REPRESENTATION_CONTEXT('2D SPACE',''
  ) );
#3489 = PCURVE('',#1324,#3490);
#3490 = DEFINITIONAL_REPRESENTATION('',(#3491),#3494);
#3491 = B_SPLINE_CURVE_WITH_KNOTS('',1,(#3492,#3493),.UNSPECIFIED.,.F.,
  .F.,(2,2),(0.,2.688277844265),.PIECEWISE_BEZIER_KNOTS.);
#3492 = CARTESIAN_POINT('',(0.,-78.7402));
#3493 = CARTESIAN_POINT('',(2.688277844265,-78.7402));
#3494 = ( GEOMETRIC_REPRESENTATION_CONTEXT(2) 
PARAMETRIC_REPRESENTATION_CONTEXT() REPRESENTATION_CONTEXT('2D SPACE',''
  ) );
#3495 = ORIENTED_EDGE('',*,*,#3496,.T.);
#3496 = EDGE_CURVE('',#3477,#3497,#3499,.T.);
#3497 = VERTEX_POINT('',#3498);
#3498 = CARTESIAN_POINT('',(15.639527680062,-12.61878347494,
    35.000071120142));
#3499 = SURFACE_CURVE('',#3500,(#3503,#3509),.PCURVE_S1.);
#3500 = B_SPLINE_CURVE_WITH_KNOTS('',1,(#3501,#3502),.UNSPECIFIED.,.F.,
  .F.,(2,2),(0.,2.688277844265),.PIECEWISE_BEZIER_KNOTS.);
#3501 = CARTESIAN_POINT('',(15.627925792239,-12.55149394006,
    35.000071120142));
#3502 = CARTESIAN_POINT('',(15.639527680062,-12.61878347494,
    35.000071120142));
#3503 = PCURVE('',#67,#3504);
#3504 = DEFINITIONAL_REPRESENTATION('',(#3505),#3508);
#3505 = B_SPLINE_CURVE_WITH_KNOTS('',1,(#3506,#3507),.UNSPECIFIED.,.F.,
  .F.,(2,2),(0.,2.688277844265),.PIECEWISE_BEZIER_KNOTS.);
#3506 = CARTESIAN_POINT('',(-127.1292884404,96.592733579484));
#3507 = CARTESIAN_POINT('',(-127.586054764,93.943544591584));
#3508 = ( GEOMETRIC_REPRESENTATION_CONTEXT(2) 
PARAMETRIC_REPRESENTATION_CONTEXT() REPRESENTATION_CONTEXT('2D SPACE',''
  ) );
#3509 = PCURVE('',#1349,#3510);
#3510 = DEFINITIONAL_REPRESENTATION('',(#3511),#3514);
#3511 = B_SPLINE_CURVE_WITH_KNOTS('',1,(#3512,#3513),.UNSPECIFIED.,.F.,
  .F.,(2,2),(0.,2.688277844265),.PIECEWISE_BEZIER_KNOTS.);
#3512 = CARTESIAN_POINT('',(0.,-78.7402));
#3513 = CARTESIAN_POINT('',(2.688277844265,-78.7402));
#3514 = ( GEOMETRIC_REPRESENTATION_CONTEXT(2) 
PARAMETRIC_REPRESENTATION_CONTEXT() REPRESENTATION_CONTEXT('2D SPACE',''
  ) );
#3515 = ORIENTED_EDGE('',*,*,#3516,.T.);
#3516 = EDGE_CURVE('',#3497,#3517,#3519,.T.);
#3517 = VERTEX_POINT('',#3518);
#3518 = CARTESIAN_POINT('',(15.646510520953,-12.6867078832,
    35.000071120142));
#3519 = SURFACE_CURVE('',#3520,(#3523,#3529),.PCURVE_S1.);
#3520 = B_SPLINE_CURVE_WITH_KNOTS('',1,(#3521,#3522),.UNSPECIFIED.,.F.,
  .F.,(2,2),(0.,2.688277844265),.PIECEWISE_BEZIER_KNOTS.);
#3521 = CARTESIAN_POINT('',(15.639527680062,-12.61878347494,
    35.000071120142));
#3522 = CARTESIAN_POINT('',(15.646510520953,-12.6867078832,
    35.000071120142));
#3523 = PCURVE('',#67,#3524);
#3524 = DEFINITIONAL_REPRESENTATION('',(#3525),#3528);
#3525 = B_SPLINE_CURVE_WITH_KNOTS('',1,(#3526,#3527),.UNSPECIFIED.,.F.,
  .F.,(2,2),(0.,2.688277844265),.PIECEWISE_BEZIER_KNOTS.);
#3526 = CARTESIAN_POINT('',(-127.586054764,93.943544591584));
#3527 = CARTESIAN_POINT('',(-127.8609692099,91.269360638409));
#3528 = ( GEOMETRIC_REPRESENTATION_CONTEXT(2) 
PARAMETRIC_REPRESENTATION_CONTEXT() REPRESENTATION_CONTEXT('2D SPACE',''
  ) );
#3529 = PCURVE('',#1374,#3530);
#3530 = DEFINITIONAL_REPRESENTATION('',(#3531),#3534);
#3531 = B_SPLINE_CURVE_WITH_KNOTS('',1,(#3532,#3533),.UNSPECIFIED.,.F.,
  .F.,(2,2),(0.,2.688277844265),.PIECEWISE_BEZIER_KNOTS.);
#3532 = CARTESIAN_POINT('',(0.,-78.7402));
#3533 = CARTESIAN_POINT('',(2.688277844265,-78.7402));
#3534 = ( GEOMETRIC_REPRESENTATION_CONTEXT(2) 
PARAMETRIC_REPRESENTATION_CONTEXT() REPRESENTATION_CONTEXT('2D SPACE',''
  ) );
#3535 = ORIENTED_EDGE('',*,*,#3536,.T.);
#3536 = EDGE_CURVE('',#3517,#3537,#3539,.T.);
#3537 = VERTEX_POINT('',#3538);
#3538 = CARTESIAN_POINT('',(15.648841757684,-12.7549504699,
    35.000071120142));
#3539 = SURFACE_CURVE('',#3540,(#3543,#3549),.PCURVE_S1.);
#3540 = B_SPLINE_CURVE_WITH_KNOTS('',1,(#3541,#3542),.UNSPECIFIED.,.F.,
  .F.,(2,2),(0.,2.688277844265),.PIECEWISE_BEZIER_KNOTS.);
#3541 = CARTESIAN_POINT('',(15.646510520953,-12.6867078832,
    35.000071120142));
#3542 = CARTESIAN_POINT('',(15.648841757684,-12.7549504699,
    35.000071120142));
#3543 = PCURVE('',#67,#3544);
#3544 = DEFINITIONAL_REPRESENTATION('',(#3545),#3548);
#3545 = B_SPLINE_CURVE_WITH_KNOTS('',1,(#3546,#3547),.UNSPECIFIED.,.F.,
  .F.,(2,2),(0.,2.688277844265),.PIECEWISE_BEZIER_KNOTS.);
#3546 = CARTESIAN_POINT('',(-127.8609692099,91.269360638409));
#3547 = CARTESIAN_POINT('',(-127.95275,88.58265));
#3548 = ( GEOMETRIC_REPRESENTATION_CONTEXT(2) 
PARAMETRIC_REPRESENTATION_CONTEXT() REPRESENTATION_CONTEXT('2D SPACE',''
  ) );
#3549 = PCURVE('',#1399,#3550);
#3550 = DEFINITIONAL_REPRESENTATION('',(#3551),#3554);
#3551 = B_SPLINE_CURVE_WITH_KNOTS('',1,(#3552,#3553),.UNSPECIFIED.,.F.,
  .F.,(2,2),(0.,2.688277844265),.PIECEWISE_BEZIER_KNOTS.);
#3552 = CARTESIAN_POINT('',(0.,-78.7402));
#3553 = CARTESIAN_POINT('',(2.688277844265,-78.7402));
#3554 = ( GEOMETRIC_REPRESENTATION_CONTEXT(2) 
PARAMETRIC_REPRESENTATION_CONTEXT() REPRESENTATION_CONTEXT('2D SPACE',''
  ) );
#3555 = ORIENTED_EDGE('',*,*,#3556,.T.);
#3556 = EDGE_CURVE('',#3537,#3557,#3559,.T.);
#3557 = VERTEX_POINT('',#3558);
#3558 = CARTESIAN_POINT('',(15.648841757684,-17.25495808991,
    35.000071120142));
#3559 = SURFACE_CURVE('',#3560,(#3563,#3569),.PCURVE_S1.);
#3560 = B_SPLINE_CURVE_WITH_KNOTS('',1,(#3561,#3562),.UNSPECIFIED.,.F.,
  .F.,(2,2),(0.,177.1653),.PIECEWISE_BEZIER_KNOTS.);
#3561 = CARTESIAN_POINT('',(15.648841757684,-12.7549504699,
    35.000071120142));
#3562 = CARTESIAN_POINT('',(15.648841757684,-17.25495808991,
    35.000071120142));
#3563 = PCURVE('',#67,#3564);
#3564 = DEFINITIONAL_REPRESENTATION('',(#3565),#3568);
#3565 = B_SPLINE_CURVE_WITH_KNOTS('',1,(#3566,#3567),.UNSPECIFIED.,.F.,
  .F.,(2,2),(0.,177.1653),.PIECEWISE_BEZIER_KNOTS.);
#3566 = CARTESIAN_POINT('',(-127.95275,88.58265));
#3567 = CARTESIAN_POINT('',(-127.95275,-88.58265));
#3568 = ( GEOMETRIC_REPRESENTATION_CONTEXT(2) 
PARAMETRIC_REPRESENTATION_CONTEXT() REPRESENTATION_CONTEXT('2D SPACE',''
  ) );
#3569 = PCURVE('',#1424,#3570);
#3570 = DEFINITIONAL_REPRESENTATION('',(#3571),#3574);
#3571 = B_SPLINE_CURVE_WITH_KNOTS('',1,(#3572,#3573),.UNSPECIFIED.,.F.,
  .F.,(2,2),(0.,177.1653),.PIECEWISE_BEZIER_KNOTS.);
#3572 = CARTESIAN_POINT('',(0.,-78.7402));
#3573 = CARTESIAN_POINT('',(177.1653,-78.7402));
#3574 = ( GEOMETRIC_REPRESENTATION_CONTEXT(2) 
PARAMETRIC_REPRESENTATION_CONTEXT() REPRESENTATION_CONTEXT('2D SPACE',''
  ) );
#3575 = ORIENTED_EDGE('',*,*,#3576,.T.);
#3576 = EDGE_CURVE('',#3557,#3577,#3579,.T.);
#3577 = VERTEX_POINT('',#3578);
#3578 = CARTESIAN_POINT('',(15.646510520953,-17.32320067661,
    35.000071120142));
#3579 = SURFACE_CURVE('',#3580,(#3583,#3589),.PCURVE_S1.);
#3580 = B_SPLINE_CURVE_WITH_KNOTS('',1,(#3581,#3582),.UNSPECIFIED.,.F.,
  .F.,(2,2),(0.,2.688277844265),.PIECEWISE_BEZIER_KNOTS.);
#3581 = CARTESIAN_POINT('',(15.648841757684,-17.25495808991,
    35.000071120142));
#3582 = CARTESIAN_POINT('',(15.646510520953,-17.32320067661,
    35.000071120142));
#3583 = PCURVE('',#67,#3584);
#3584 = DEFINITIONAL_REPRESENTATION('',(#3585),#3588);
#3585 = B_SPLINE_CURVE_WITH_KNOTS('',1,(#3586,#3587),.UNSPECIFIED.,.F.,
  .F.,(2,2),(0.,2.688277844265),.PIECEWISE_BEZIER_KNOTS.);
#3586 = CARTESIAN_POINT('',(-127.95275,-88.58265));
#3587 = CARTESIAN_POINT('',(-127.8609692099,-91.2693606384));
#3588 = ( GEOMETRIC_REPRESENTATION_CONTEXT(2) 
PARAMETRIC_REPRESENTATION_CONTEXT() REPRESENTATION_CONTEXT('2D SPACE',''
  ) );
#3589 = PCURVE('',#1449,#3590);
#3590 = DEFINITIONAL_REPRESENTATION('',(#3591),#3594);
#3591 = B_SPLINE_CURVE_WITH_KNOTS('',1,(#3592,#3593),.UNSPECIFIED.,.F.,
  .F.,(2,2),(0.,2.688277844265),.PIECEWISE_BEZIER_KNOTS.);
#3592 = CARTESIAN_POINT('',(0.,-78.7402));
#3593 = CARTESIAN_POINT('',(2.688277844265,-78.7402));
#3594 = ( GEOMETRIC_REPRESENTATION_CONTEXT(2) 
PARAMETRIC_REPRESENTATION_CONTEXT() REPRESENTATION_CONTEXT('2D SPACE',''
  ) );
#3595 = ORIENTED_EDGE('',*,*,#3596,.T.);
#3596 = EDGE_CURVE('',#3577,#3597,#3599,.T.);
#3597 = VERTEX_POINT('',#3598);
#3598 = CARTESIAN_POINT('',(15.639527680062,-17.39112508487,
    35.000071120142));
#3599 = SURFACE_CURVE('',#3600,(#3603,#3609),.PCURVE_S1.);
#3600 = B_SPLINE_CURVE_WITH_KNOTS('',1,(#3601,#3602),.UNSPECIFIED.,.F.,
  .F.,(2,2),(0.,2.688277844265),.PIECEWISE_BEZIER_KNOTS.);
#3601 = CARTESIAN_POINT('',(15.646510520953,-17.32320067661,
    35.000071120142));
#3602 = CARTESIAN_POINT('',(15.639527680062,-17.39112508487,
    35.000071120142));
#3603 = PCURVE('',#67,#3604);
#3604 = DEFINITIONAL_REPRESENTATION('',(#3605),#3608);
#3605 = B_SPLINE_CURVE_WITH_KNOTS('',1,(#3606,#3607),.UNSPECIFIED.,.F.,
  .F.,(2,2),(0.,2.688277844265),.PIECEWISE_BEZIER_KNOTS.);
#3606 = CARTESIAN_POINT('',(-127.8609692099,-91.2693606384));
#3607 = CARTESIAN_POINT('',(-127.586054764,-93.94354459158));
#3608 = ( GEOMETRIC_REPRESENTATION_CONTEXT(2) 
PARAMETRIC_REPRESENTATION_CONTEXT() REPRESENTATION_CONTEXT('2D SPACE',''
  ) );
#3609 = PCURVE('',#1474,#3610);
#3610 = DEFINITIONAL_REPRESENTATION('',(#3611),#3614);
#3611 = B_SPLINE_CURVE_WITH_KNOTS('',1,(#3612,#3613),.UNSPECIFIED.,.F.,
  .F.,(2,2),(0.,2.688277844265),.PIECEWISE_BEZIER_KNOTS.);
#3612 = CARTESIAN_POINT('',(0.,-78.7402));
#3613 = CARTESIAN_POINT('',(2.688277844265,-78.7402));
#3614 = ( GEOMETRIC_REPRESENTATION_CONTEXT(2) 
PARAMETRIC_REPRESENTATION_CONTEXT() REPRESENTATION_CONTEXT('2D SPACE',''
  ) );
#3615 = ORIENTED_EDGE('',*,*,#3616,.T.);
#3616 = EDGE_CURVE('',#3597,#3617,#3619,.T.);
#3617 = VERTEX_POINT('',#3618);
#3618 = CARTESIAN_POINT('',(15.627925792239,-17.45841461974,
    35.000071120142));
#3619 = SURFACE_CURVE('',#3620,(#3623,#3629),.PCURVE_S1.);
#3620 = B_SPLINE_CURVE_WITH_KNOTS('',1,(#3621,#3622),.UNSPECIFIED.,.F.,
  .F.,(2,2),(0.,2.688277844265),.PIECEWISE_BEZIER_KNOTS.);
#3621 = CARTESIAN_POINT('',(15.639527680062,-17.39112508487,
    35.000071120142));
#3622 = CARTESIAN_POINT('',(15.627925792239,-17.45841461974,
    35.000071120142));
#3623 = PCURVE('',#67,#3624);
#3624 = DEFINITIONAL_REPRESENTATION('',(#3625),#3628);
#3625 = B_SPLINE_CURVE_WITH_KNOTS('',1,(#3626,#3627),.UNSPECIFIED.,.F.,
  .F.,(2,2),(0.,2.688277844265),.PIECEWISE_BEZIER_KNOTS.);
#3626 = CARTESIAN_POINT('',(-127.586054764,-93.94354459158));
#3627 = CARTESIAN_POINT('',(-127.1292884404,-96.59273357948));
#3628 = ( GEOMETRIC_REPRESENTATION_CONTEXT(2) 
PARAMETRIC_REPRESENTATION_CONTEXT() REPRESENTATION_CONTEXT('2D SPACE',''
  ) );
#3629 = PCURVE('',#1499,#3630);
#3630 = DEFINITIONAL_REPRESENTATION('',(#3631),#3634);
#3631 = B_SPLINE_CURVE_WITH_KNOTS('',1,(#3632,#3633),.UNSPECIFIED.,.F.,
  .F.,(2,2),(0.,2.688277844265),.PIECEWISE_BEZIER_KNOTS.);
#3632 = CARTESIAN_POINT('',(0.,-78.7402));
#3633 = CARTESIAN_POINT('',(2.688277844265,-78.7402));
#3634 = ( GEOMETRIC_REPRESENTATION_CONTEXT(2) 
PARAMETRIC_REPRESENTATION_CONTEXT() REPRESENTATION_CONTEXT('2D SPACE',''
  ) );
#3635 = ORIENTED_EDGE('',*,*,#3636,.T.);
#3636 = EDGE_CURVE('',#3617,#3637,#3639,.T.);
#3637 = VERTEX_POINT('',#3638);
#3638 = CARTESIAN_POINT('',(15.611758950841,-17.52475554635,
    35.000071120142));
#3639 = SURFACE_CURVE('',#3640,(#3643,#3649),.PCURVE_S1.);
#3640 = B_SPLINE_CURVE_WITH_KNOTS('',1,(#3641,#3642),.UNSPECIFIED.,.F.,
  .F.,(2,2),(0.,2.688277844265),.PIECEWISE_BEZIER_KNOTS.);
#3641 = CARTESIAN_POINT('',(15.627925792239,-17.45841461974,
    35.000071120142));
#3642 = CARTESIAN_POINT('',(15.611758950841,-17.52475554635,
    35.000071120142));
#3643 = PCURVE('',#67,#3644);
#3644 = DEFINITIONAL_REPRESENTATION('',(#3645),#3648);
#3645 = B_SPLINE_CURVE_WITH_KNOTS('',1,(#3646,#3647),.UNSPECIFIED.,.F.,
  .F.,(2,2),(0.,2.688277844265),.PIECEWISE_BEZIER_KNOTS.);
#3646 = CARTESIAN_POINT('',(-127.1292884404,-96.59273357948));
#3647 = CARTESIAN_POINT('',(-126.4927998946,-99.20457586012));
#3648 = ( GEOMETRIC_REPRESENTATION_CONTEXT(2) 
PARAMETRIC_REPRESENTATION_CONTEXT() REPRESENTATION_CONTEXT('2D SPACE',''
  ) );
#3649 = PCURVE('',#1524,#3650);
#3650 = DEFINITIONAL_REPRESENTATION('',(#3651),#3654);
#3651 = B_SPLINE_CURVE_WITH_KNOTS('',1,(#3652,#3653),.UNSPECIFIED.,.F.,
  .F.,(2,2),(0.,2.688277844265),.PIECEWISE_BEZIER_KNOTS.);
#3652 = CARTESIAN_POINT('',(0.,-78.7402));
#3653 = CARTESIAN_POINT('',(2.688277844265,-78.7402));
#3654 = ( GEOMETRIC_REPRESENTATION_CONTEXT(2) 
PARAMETRIC_REPRESENTATION_CONTEXT() REPRESENTATION_CONTEXT('2D SPACE',''
  ) );
#3655 = ORIENTED_EDGE('',*,*,#3656,.T.);
#3656 = EDGE_CURVE('',#3637,#3657,#3659,.T.);
#3657 = VERTEX_POINT('',#3658);
#3658 = CARTESIAN_POINT('',(15.591102533145,-17.58983855268,
    35.000071120142));
#3659 = SURFACE_CURVE('',#3660,(#3663,#3669),.PCURVE_S1.);
#3660 = B_SPLINE_CURVE_WITH_KNOTS('',1,(#3661,#3662),.UNSPECIFIED.,.F.,
  .F.,(2,2),(0.,2.688277844265),.PIECEWISE_BEZIER_KNOTS.);
#3661 = CARTESIAN_POINT('',(15.611758950841,-17.52475554635,
    35.000071120142));
#3662 = CARTESIAN_POINT('',(15.591102533145,-17.58983855268,
    35.000071120142));
#3663 = PCURVE('',#67,#3664);
#3664 = DEFINITIONAL_REPRESENTATION('',(#3665),#3668);
#3665 = B_SPLINE_CURVE_WITH_KNOTS('',1,(#3666,#3667),.UNSPECIFIED.,.F.,
  .F.,(2,2),(0.,2.688277844265),.PIECEWISE_BEZIER_KNOTS.);
#3666 = CARTESIAN_POINT('',(-126.4927998946,-99.20457586012));
#3667 = CARTESIAN_POINT('',(-125.6795567299,-101.7668938191));
#3668 = ( GEOMETRIC_REPRESENTATION_CONTEXT(2) 
PARAMETRIC_REPRESENTATION_CONTEXT() REPRESENTATION_CONTEXT('2D SPACE',''
  ) );
#3669 = PCURVE('',#1549,#3670);
#3670 = DEFINITIONAL_REPRESENTATION('',(#3671),#3674);
#3671 = B_SPLINE_CURVE_WITH_KNOTS('',1,(#3672,#3673),.UNSPECIFIED.,.F.,
  .F.,(2,2),(0.,2.688277844265),.PIECEWISE_BEZIER_KNOTS.);
#3672 = CARTESIAN_POINT('',(0.,-78.7402));
#3673 = CARTESIAN_POINT('',(2.688277844265,-78.7402));
#3674 = ( GEOMETRIC_REPRESENTATION_CONTEXT(2) 
PARAMETRIC_REPRESENTATION_CONTEXT() REPRESENTATION_CONTEXT('2D SPACE',''
  ) );
#3675 = ORIENTED_EDGE('',*,*,#3676,.T.);
#3676 = EDGE_CURVE('',#3657,#3677,#3679,.T.);
#3677 = VERTEX_POINT('',#3678);
#3678 = CARTESIAN_POINT('',(15.566052848905,-17.6533601917,
    35.000071120142));
#3679 = SURFACE_CURVE('',#3680,(#3683,#3689),.PCURVE_S1.);
#3680 = B_SPLINE_CURVE_WITH_KNOTS('',1,(#3681,#3682),.UNSPECIFIED.,.F.,
  .F.,(2,2),(0.,2.688277844265),.PIECEWISE_BEZIER_KNOTS.);
#3681 = CARTESIAN_POINT('',(15.591102533145,-17.58983855268,
    35.000071120142));
#3682 = CARTESIAN_POINT('',(15.566052848905,-17.6533601917,
    35.000071120142));
#3683 = PCURVE('',#67,#3684);
#3684 = DEFINITIONAL_REPRESENTATION('',(#3685),#3688);
#3685 = B_SPLINE_CURVE_WITH_KNOTS('',1,(#3686,#3687),.UNSPECIFIED.,.F.,
  .F.,(2,2),(0.,2.688277844265),.PIECEWISE_BEZIER_KNOTS.);
#3686 = CARTESIAN_POINT('',(-125.6795567299,-101.7668938191));
#3687 = CARTESIAN_POINT('',(-124.6933506614,-104.2677407473));
#3688 = ( GEOMETRIC_REPRESENTATION_CONTEXT(2) 
PARAMETRIC_REPRESENTATION_CONTEXT() REPRESENTATION_CONTEXT('2D SPACE',''
  ) );
#3689 = PCURVE('',#1574,#3690);
#3690 = DEFINITIONAL_REPRESENTATION('',(#3691),#3694);
#3691 = B_SPLINE_CURVE_WITH_KNOTS('',1,(#3692,#3693),.UNSPECIFIED.,.F.,
  .F.,(2,2),(0.,2.688277844265),.PIECEWISE_BEZIER_KNOTS.);
#3692 = CARTESIAN_POINT('',(0.,-78.7402));
#3693 = CARTESIAN_POINT('',(2.688277844265,-78.7402));
#3694 = ( GEOMETRIC_REPRESENTATION_CONTEXT(2) 
PARAMETRIC_REPRESENTATION_CONTEXT() REPRESENTATION_CONTEXT('2D SPACE',''
  ) );
#3695 = ORIENTED_EDGE('',*,*,#3696,.T.);
#3696 = EDGE_CURVE('',#3677,#3697,#3699,.T.);
#3697 = VERTEX_POINT('',#3698);
#3698 = CARTESIAN_POINT('',(15.536726691314,-17.71502429621,
    35.000071120142));
#3699 = SURFACE_CURVE('',#3700,(#3703,#3709),.PCURVE_S1.);
#3700 = B_SPLINE_CURVE_WITH_KNOTS('',1,(#3701,#3702),.UNSPECIFIED.,.F.,
  .F.,(2,2),(0.,2.688277844265),.PIECEWISE_BEZIER_KNOTS.);
#3701 = CARTESIAN_POINT('',(15.566052848905,-17.6533601917,
    35.000071120142));
#3702 = CARTESIAN_POINT('',(15.536726691314,-17.71502429621,
    35.000071120142));
#3703 = PCURVE('',#67,#3704);
#3704 = DEFINITIONAL_REPRESENTATION('',(#3705),#3708);
#3705 = B_SPLINE_CURVE_WITH_KNOTS('',1,(#3706,#3707),.UNSPECIFIED.,.F.,
  .F.,(2,2),(0.,2.688277844265),.PIECEWISE_BEZIER_KNOTS.);
#3706 = CARTESIAN_POINT('',(-124.6933506614,-104.2677407473));
#3707 = CARTESIAN_POINT('',(-123.538779837,-106.6954565419));
#3708 = ( GEOMETRIC_REPRESENTATION_CONTEXT(2) 
PARAMETRIC_REPRESENTATION_CONTEXT() REPRESENTATION_CONTEXT('2D SPACE',''
  ) );
#3709 = PCURVE('',#1599,#3710);
#3710 = DEFINITIONAL_REPRESENTATION('',(#3711),#3714);
#3711 = B_SPLINE_CURVE_WITH_KNOTS('',1,(#3712,#3713),.UNSPECIFIED.,.F.,
  .F.,(2,2),(0.,2.688277844265),.PIECEWISE_BEZIER_KNOTS.);
#3712 = CARTESIAN_POINT('',(0.,-78.7402));
#3713 = CARTESIAN_POINT('',(2.688277844265,-78.7402));
#3714 = ( GEOMETRIC_REPRESENTATION_CONTEXT(2) 
PARAMETRIC_REPRESENTATION_CONTEXT() REPRESENTATION_CONTEXT('2D SPACE',''
  ) );
#3715 = ORIENTED_EDGE('',*,*,#3716,.T.);
#3716 = EDGE_CURVE('',#3697,#3717,#3719,.T.);
#3717 = VERTEX_POINT('',#3718);
#3718 = CARTESIAN_POINT('',(15.503260792455,-17.77454335969,
    35.000071120142));
#3719 = SURFACE_CURVE('',#3720,(#3723,#3729),.PCURVE_S1.);
#3720 = B_SPLINE_CURVE_WITH_KNOTS('',1,(#3721,#3722),.UNSPECIFIED.,.F.,
  .F.,(2,2),(0.,2.688277844265),.PIECEWISE_BEZIER_KNOTS.);
#3721 = CARTESIAN_POINT('',(15.536726691314,-17.71502429621,
    35.000071120142));
#3722 = CARTESIAN_POINT('',(15.503260792455,-17.77454335969,
    35.000071120142));
#3723 = PCURVE('',#67,#3724);
#3724 = DEFINITIONAL_REPRESENTATION('',(#3725),#3728);
#3725 = B_SPLINE_CURVE_WITH_KNOTS('',1,(#3726,#3727),.UNSPECIFIED.,.F.,
  .F.,(2,2),(0.,2.688277844265),.PIECEWISE_BEZIER_KNOTS.);
#3726 = CARTESIAN_POINT('',(-123.538779837,-106.6954565419));
#3727 = CARTESIAN_POINT('',(-122.2212273989,-109.0387220712));
#3728 = ( GEOMETRIC_REPRESENTATION_CONTEXT(2) 
PARAMETRIC_REPRESENTATION_CONTEXT() REPRESENTATION_CONTEXT('2D SPACE',''
  ) );
#3729 = PCURVE('',#1624,#3730);
#3730 = DEFINITIONAL_REPRESENTATION('',(#3731),#3734);
#3731 = B_SPLINE_CURVE_WITH_KNOTS('',1,(#3732,#3733),.UNSPECIFIED.,.F.,
  .F.,(2,2),(0.,2.688277844265),.PIECEWISE_BEZIER_KNOTS.);
#3732 = CARTESIAN_POINT('',(0.,-78.7402));
#3733 = CARTESIAN_POINT('',(2.688277844265,-78.7402));
#3734 = ( GEOMETRIC_REPRESENTATION_CONTEXT(2) 
PARAMETRIC_REPRESENTATION_CONTEXT() REPRESENTATION_CONTEXT('2D SPACE',''
  ) );
#3735 = ORIENTED_EDGE('',*,*,#3736,.T.);
#3736 = EDGE_CURVE('',#3717,#3737,#3739,.T.);
#3737 = VERTEX_POINT('',#3738);
#3738 = CARTESIAN_POINT('',(15.465811185797,-17.8316398768,
    35.000071120142));
#3739 = SURFACE_CURVE('',#3740,(#3743,#3749),.PCURVE_S1.);
#3740 = B_SPLINE_CURVE_WITH_KNOTS('',1,(#3741,#3742),.UNSPECIFIED.,.F.,
  .F.,(2,2),(0.,2.688277844265),.PIECEWISE_BEZIER_KNOTS.);
#3741 = CARTESIAN_POINT('',(15.503260792455,-17.77454335969,
    35.000071120142));
#3742 = CARTESIAN_POINT('',(15.465811185797,-17.8316398768,
    35.000071120142));
#3743 = PCURVE('',#67,#3744);
#3744 = DEFINITIONAL_REPRESENTATION('',(#3745),#3748);
#3745 = B_SPLINE_CURVE_WITH_KNOTS('',1,(#3746,#3747),.UNSPECIFIED.,.F.,
  .F.,(2,2),(0.,2.688277844265),.PIECEWISE_BEZIER_KNOTS.);
#3746 = CARTESIAN_POINT('',(-122.2212273989,-109.0387220712));
#3747 = CARTESIAN_POINT('',(-120.7468363848,-111.2866119496));
#3748 = ( GEOMETRIC_REPRESENTATION_CONTEXT(2) 
PARAMETRIC_REPRESENTATION_CONTEXT() REPRESENTATION_CONTEXT('2D SPACE',''
  ) );
#3749 = PCURVE('',#1649,#3750);
#3750 = DEFINITIONAL_REPRESENTATION('',(#3751),#3754);
#3751 = B_SPLINE_CURVE_WITH_KNOTS('',1,(#3752,#3753),.UNSPECIFIED.,.F.,
  .F.,(2,2),(0.,2.688277844265),.PIECEWISE_BEZIER_KNOTS.);
#3752 = CARTESIAN_POINT('',(0.,-78.7402));
#3753 = CARTESIAN_POINT('',(2.688277844265,-78.7402));
#3754 = ( GEOMETRIC_REPRESENTATION_CONTEXT(2) 
PARAMETRIC_REPRESENTATION_CONTEXT() REPRESENTATION_CONTEXT('2D SPACE',''
  ) );
#3755 = ORIENTED_EDGE('',*,*,#3756,.T.);
#3756 = EDGE_CURVE('',#3737,#3757,#3759,.T.);
#3757 = VERTEX_POINT('',#3758);
#3758 = CARTESIAN_POINT('',(15.424552478693,-17.8860476372,
    35.000071120142));
#3759 = SURFACE_CURVE('',#3760,(#3763,#3769),.PCURVE_S1.);
#3760 = B_SPLINE_CURVE_WITH_KNOTS('',1,(#3761,#3762),.UNSPECIFIED.,.F.,
  .F.,(2,2),(0.,2.688277844265),.PIECEWISE_BEZIER_KNOTS.);
#3761 = CARTESIAN_POINT('',(15.465811185797,-17.8316398768,
    35.000071120142));
#3762 = CARTESIAN_POINT('',(15.424552478693,-17.8860476372,
    35.000071120142));
#3763 = PCURVE('',#67,#3764);
#3764 = DEFINITIONAL_REPRESENTATION('',(#3765),#3768);
#3765 = B_SPLINE_CURVE_WITH_KNOTS('',1,(#3766,#3767),.UNSPECIFIED.,.F.,
  .F.,(2,2),(0.,2.688277844265),.PIECEWISE_BEZIER_KNOTS.);
#3766 = CARTESIAN_POINT('',(-120.7468363848,-111.2866119496));
#3767 = CARTESIAN_POINT('',(-119.1224810861,-113.4286454769));
#3768 = ( GEOMETRIC_REPRESENTATION_CONTEXT(2) 
PARAMETRIC_REPRESENTATION_CONTEXT() REPRESENTATION_CONTEXT('2D SPACE',''
  ) );
#3769 = PCURVE('',#1674,#3770);
#3770 = DEFINITIONAL_REPRESENTATION('',(#3771),#3774);
#3771 = B_SPLINE_CURVE_WITH_KNOTS('',1,(#3772,#3773),.UNSPECIFIED.,.F.,
  .F.,(2,2),(0.,2.688277844265),.PIECEWISE_BEZIER_KNOTS.);
#3772 = CARTESIAN_POINT('',(0.,-78.7402));
#3773 = CARTESIAN_POINT('',(2.688277844265,-78.7402));
#3774 = ( GEOMETRIC_REPRESENTATION_CONTEXT(2) 
PARAMETRIC_REPRESENTATION_CONTEXT() REPRESENTATION_CONTEXT('2D SPACE',''
  ) );
#3775 = ORIENTED_EDGE('',*,*,#3776,.T.);
#3776 = EDGE_CURVE('',#3757,#3777,#3779,.T.);
#3777 = VERTEX_POINT('',#3778);
#3778 = CARTESIAN_POINT('',(15.379677038284,-17.93751296682,
    35.000071120142));
#3779 = SURFACE_CURVE('',#3780,(#3783,#3789),.PCURVE_S1.);
#3780 = B_SPLINE_CURVE_WITH_KNOTS('',1,(#3781,#3782),.UNSPECIFIED.,.F.,
  .F.,(2,2),(0.,2.688277844265),.PIECEWISE_BEZIER_KNOTS.);
#3781 = CARTESIAN_POINT('',(15.424552478693,-17.8860476372,
    35.000071120142));
#3782 = CARTESIAN_POINT('',(15.379677038284,-17.93751296682,
    35.000071120142));
#3783 = PCURVE('',#67,#3784);
#3784 = DEFINITIONAL_REPRESENTATION('',(#3785),#3788);
#3785 = B_SPLINE_CURVE_WITH_KNOTS('',1,(#3786,#3787),.UNSPECIFIED.,.F.,
  .F.,(2,2),(0.,2.688277844265),.PIECEWISE_BEZIER_KNOTS.);
#3786 = CARTESIAN_POINT('',(-119.1224810861,-113.4286454769));
#3787 = CARTESIAN_POINT('',(-117.3557349972,-115.4548355038));
#3788 = ( GEOMETRIC_REPRESENTATION_CONTEXT(2) 
PARAMETRIC_REPRESENTATION_CONTEXT() REPRESENTATION_CONTEXT('2D SPACE',''
  ) );
#3789 = PCURVE('',#1699,#3790);
#3790 = DEFINITIONAL_REPRESENTATION('',(#3791),#3794);
#3791 = B_SPLINE_CURVE_WITH_KNOTS('',1,(#3792,#3793),.UNSPECIFIED.,.F.,
  .F.,(2,2),(0.,2.688277844265),.PIECEWISE_BEZIER_KNOTS.);
#3792 = CARTESIAN_POINT('',(0.,-78.7402));
#3793 = CARTESIAN_POINT('',(2.688277844265,-78.7402));
#3794 = ( GEOMETRIC_REPRESENTATION_CONTEXT(2) 
PARAMETRIC_REPRESENTATION_CONTEXT() REPRESENTATION_CONTEXT('2D SPACE',''
  ) );
#3795 = ORIENTED_EDGE('',*,*,#3796,.T.);
#3796 = EDGE_CURVE('',#3777,#3797,#3799,.T.);
#3797 = VERTEX_POINT('',#3798);
#3798 = CARTESIAN_POINT('',(15.331394094586,-17.98579591052,
    35.000071120142));
#3799 = SURFACE_CURVE('',#3800,(#3803,#3809),.PCURVE_S1.);
#3800 = B_SPLINE_CURVE_WITH_KNOTS('',1,(#3801,#3802),.UNSPECIFIED.,.F.,
  .F.,(2,2),(0.,2.688277844265),.PIECEWISE_BEZIER_KNOTS.);
#3801 = CARTESIAN_POINT('',(15.379677038284,-17.93751296682,
    35.000071120142));
#3802 = CARTESIAN_POINT('',(15.331394094586,-17.98579591052,
    35.000071120142));
#3803 = PCURVE('',#67,#3804);
#3804 = DEFINITIONAL_REPRESENTATION('',(#3805),#3808);
#3805 = B_SPLINE_CURVE_WITH_KNOTS('',1,(#3806,#3807),.UNSPECIFIED.,.F.,
  .F.,(2,2),(0.,2.688277844265),.PIECEWISE_BEZIER_KNOTS.);
#3806 = CARTESIAN_POINT('',(-117.3557349972,-115.4548355038));
#3807 = CARTESIAN_POINT('',(-115.4548355038,-117.3557349972));
#3808 = ( GEOMETRIC_REPRESENTATION_CONTEXT(2) 
PARAMETRIC_REPRESENTATION_CONTEXT() REPRESENTATION_CONTEXT('2D SPACE',''
  ) );
#3809 = PCURVE('',#1724,#3810);
#3810 = DEFINITIONAL_REPRESENTATION('',(#3811),#3814);
#3811 = B_SPLINE_CURVE_WITH_KNOTS('',1,(#3812,#3813),.UNSPECIFIED.,.F.,
  .F.,(2,2),(0.,2.688277844265),.PIECEWISE_BEZIER_KNOTS.);
#3812 = CARTESIAN_POINT('',(0.,-78.7402));
#3813 = CARTESIAN_POINT('',(2.688277844265,-78.7402));
#3814 = ( GEOMETRIC_REPRESENTATION_CONTEXT(2) 
PARAMETRIC_REPRESENTATION_CONTEXT() REPRESENTATION_CONTEXT('2D SPACE',''
  ) );
#3815 = ORIENTED_EDGE('',*,*,#3816,.T.);
#3816 = EDGE_CURVE('',#3797,#3817,#3819,.T.);
#3817 = VERTEX_POINT('',#3818);
#3818 = CARTESIAN_POINT('',(15.279928764971,-18.03067135093,
    35.000071120142));
#3819 = SURFACE_CURVE('',#3820,(#3823,#3829),.PCURVE_S1.);
#3820 = B_SPLINE_CURVE_WITH_KNOTS('',1,(#3821,#3822),.UNSPECIFIED.,.F.,
  .F.,(2,2),(0.,2.688277844265),.PIECEWISE_BEZIER_KNOTS.);
#3821 = CARTESIAN_POINT('',(15.331394094586,-17.98579591052,
    35.000071120142));
#3822 = CARTESIAN_POINT('',(15.279928764971,-18.03067135093,
    35.000071120142));
#3823 = PCURVE('',#67,#3824);
#3824 = DEFINITIONAL_REPRESENTATION('',(#3825),#3828);
#3825 = B_SPLINE_CURVE_WITH_KNOTS('',1,(#3826,#3827),.UNSPECIFIED.,.F.,
  .F.,(2,2),(0.,2.688277844265),.PIECEWISE_BEZIER_KNOTS.);
#3826 = CARTESIAN_POINT('',(-115.4548355038,-117.3557349972));
#3827 = CARTESIAN_POINT('',(-113.4286454769,-119.1224810861));
#3828 = ( GEOMETRIC_REPRESENTATION_CONTEXT(2) 
PARAMETRIC_REPRESENTATION_CONTEXT() REPRESENTATION_CONTEXT('2D SPACE',''
  ) );
#3829 = PCURVE('',#1749,#3830);
#3830 = DEFINITIONAL_REPRESENTATION('',(#3831),#3834);
#3831 = B_SPLINE_CURVE_WITH_KNOTS('',1,(#3832,#3833),.UNSPECIFIED.,.F.,
  .F.,(2,2),(0.,2.688277844265),.PIECEWISE_BEZIER_KNOTS.);
#3832 = CARTESIAN_POINT('',(0.,-78.7402));
#3833 = CARTESIAN_POINT('',(2.688277844265,-78.7402));
#3834 = ( GEOMETRIC_REPRESENTATION_CONTEXT(2) 
PARAMETRIC_REPRESENTATION_CONTEXT() REPRESENTATION_CONTEXT('2D SPACE',''
  ) );
#3835 = ORIENTED_EDGE('',*,*,#3836,.T.);
#3836 = EDGE_CURVE('',#3817,#3837,#3839,.T.);
#3837 = VERTEX_POINT('',#3838);
#3838 = CARTESIAN_POINT('',(15.225521004564,-18.07193005803,
    35.000071120142));
#3839 = SURFACE_CURVE('',#3840,(#3843,#3849),.PCURVE_S1.);
#3840 = B_SPLINE_CURVE_WITH_KNOTS('',1,(#3841,#3842),.UNSPECIFIED.,.F.,
  .F.,(2,2),(0.,2.688277844265),.PIECEWISE_BEZIER_KNOTS.);
#3841 = CARTESIAN_POINT('',(15.279928764971,-18.03067135093,
    35.000071120142));
#3842 = CARTESIAN_POINT('',(15.225521004564,-18.07193005803,
    35.000071120142));
#3843 = PCURVE('',#67,#3844);
#3844 = DEFINITIONAL_REPRESENTATION('',(#3845),#3848);
#3845 = B_SPLINE_CURVE_WITH_KNOTS('',1,(#3846,#3847),.UNSPECIFIED.,.F.,
  .F.,(2,2),(0.,2.688277844265),.PIECEWISE_BEZIER_KNOTS.);
#3846 = CARTESIAN_POINT('',(-113.4286454769,-119.1224810861));
#3847 = CARTESIAN_POINT('',(-111.2866119496,-120.7468363848));
#3848 = ( GEOMETRIC_REPRESENTATION_CONTEXT(2) 
PARAMETRIC_REPRESENTATION_CONTEXT() REPRESENTATION_CONTEXT('2D SPACE',''
  ) );
#3849 = PCURVE('',#1774,#3850);
#3850 = DEFINITIONAL_REPRESENTATION('',(#3851),#3854);
#3851 = B_SPLINE_CURVE_WITH_KNOTS('',1,(#3852,#3853),.UNSPECIFIED.,.F.,
  .F.,(2,2),(0.,2.688277844265),.PIECEWISE_BEZIER_KNOTS.);
#3852 = CARTESIAN_POINT('',(0.,-78.7402));
#3853 = CARTESIAN_POINT('',(2.688277844265,-78.7402));
#3854 = ( GEOMETRIC_REPRESENTATION_CONTEXT(2) 
PARAMETRIC_REPRESENTATION_CONTEXT() REPRESENTATION_CONTEXT('2D SPACE',''
  ) );
#3855 = ORIENTED_EDGE('',*,*,#3856,.T.);
#3856 = EDGE_CURVE('',#3837,#3857,#3859,.T.);
#3857 = VERTEX_POINT('',#3858);
#3858 = CARTESIAN_POINT('',(15.16842448746,-18.10937966469,
    35.000071120142));
#3859 = SURFACE_CURVE('',#3860,(#3863,#3869),.PCURVE_S1.);
#3860 = B_SPLINE_CURVE_WITH_KNOTS('',1,(#3861,#3862),.UNSPECIFIED.,.F.,
  .F.,(2,2),(0.,2.688277844265),.PIECEWISE_BEZIER_KNOTS.);
#3861 = CARTESIAN_POINT('',(15.225521004564,-18.07193005803,
    35.000071120142));
#3862 = CARTESIAN_POINT('',(15.16842448746,-18.10937966469,
    35.000071120142));
#3863 = PCURVE('',#67,#3864);
#3864 = DEFINITIONAL_REPRESENTATION('',(#3865),#3868);
#3865 = B_SPLINE_CURVE_WITH_KNOTS('',1,(#3866,#3867),.UNSPECIFIED.,.F.,
  .F.,(2,2),(0.,2.688277844265),.PIECEWISE_BEZIER_KNOTS.);
#3866 = CARTESIAN_POINT('',(-111.2866119496,-120.7468363848));
#3867 = CARTESIAN_POINT('',(-109.0387220712,-122.2212273989));
#3868 = ( GEOMETRIC_REPRESENTATION_CONTEXT(2) 
PARAMETRIC_REPRESENTATION_CONTEXT() REPRESENTATION_CONTEXT('2D SPACE',''
  ) );
#3869 = PCURVE('',#1799,#3870);
#3870 = DEFINITIONAL_REPRESENTATION('',(#3871),#3874);
#3871 = B_SPLINE_CURVE_WITH_KNOTS('',1,(#3872,#3873),.UNSPECIFIED.,.F.,
  .F.,(2,2),(0.,2.688277844265),.PIECEWISE_BEZIER_KNOTS.);
#3872 = CARTESIAN_POINT('',(0.,-78.7402));
#3873 = CARTESIAN_POINT('',(2.688277844265,-78.7402));
#3874 = ( GEOMETRIC_REPRESENTATION_CONTEXT(2) 
PARAMETRIC_REPRESENTATION_CONTEXT() REPRESENTATION_CONTEXT('2D SPACE',''
  ) );
#3875 = ORIENTED_EDGE('',*,*,#3876,.T.);
#3876 = EDGE_CURVE('',#3857,#3877,#3879,.T.);
#3877 = VERTEX_POINT('',#3878);
#3878 = CARTESIAN_POINT('',(15.108905423977,-18.14284556355,
    35.000071120142));
#3879 = SURFACE_CURVE('',#3880,(#3883,#3889),.PCURVE_S1.);
#3880 = B_SPLINE_CURVE_WITH_KNOTS('',1,(#3881,#3882),.UNSPECIFIED.,.F.,
  .F.,(2,2),(0.,2.688277844265),.PIECEWISE_BEZIER_KNOTS.);
#3881 = CARTESIAN_POINT('',(15.16842448746,-18.10937966469,
    35.000071120142));
#3882 = CARTESIAN_POINT('',(15.108905423977,-18.14284556355,
    35.000071120142));
#3883 = PCURVE('',#67,#3884);
#3884 = DEFINITIONAL_REPRESENTATION('',(#3885),#3888);
#3885 = B_SPLINE_CURVE_WITH_KNOTS('',1,(#3886,#3887),.UNSPECIFIED.,.F.,
  .F.,(2,2),(0.,2.688277844265),.PIECEWISE_BEZIER_KNOTS.);
#3886 = CARTESIAN_POINT('',(-109.0387220712,-122.2212273989));
#3887 = CARTESIAN_POINT('',(-106.6954565419,-123.538779837));
#3888 = ( GEOMETRIC_REPRESENTATION_CONTEXT(2) 
PARAMETRIC_REPRESENTATION_CONTEXT() REPRESENTATION_CONTEXT('2D SPACE',''
  ) );
#3889 = PCURVE('',#1824,#3890);
#3890 = DEFINITIONAL_REPRESENTATION('',(#3891),#3894);
#3891 = B_SPLINE_CURVE_WITH_KNOTS('',1,(#3892,#3893),.UNSPECIFIED.,.F.,
  .F.,(2,2),(0.,2.688277844265),.PIECEWISE_BEZIER_KNOTS.);
#3892 = CARTESIAN_POINT('',(0.,-78.7402));
#3893 = CARTESIAN_POINT('',(2.688277844265,-78.7402));
#3894 = ( GEOMETRIC_REPRESENTATION_CONTEXT(2) 
PARAMETRIC_REPRESENTATION_CONTEXT() REPRESENTATION_CONTEXT('2D SPACE',''
  ) );
#3895 = ORIENTED_EDGE('',*,*,#3896,.T.);
#3896 = EDGE_CURVE('',#3877,#3897,#3899,.T.);
#3897 = VERTEX_POINT('',#3898);
#3898 = CARTESIAN_POINT('',(15.047241319465,-18.17217172114,
    35.000071120142));
#3899 = SURFACE_CURVE('',#3900,(#3903,#3909),.PCURVE_S1.);
#3900 = B_SPLINE_CURVE_WITH_KNOTS('',1,(#3901,#3902),.UNSPECIFIED.,.F.,
  .F.,(2,2),(0.,2.688277844265),.PIECEWISE_BEZIER_KNOTS.);
#3901 = CARTESIAN_POINT('',(15.108905423977,-18.14284556355,
    35.000071120142));
#3902 = CARTESIAN_POINT('',(15.047241319465,-18.17217172114,
    35.000071120142));
#3903 = PCURVE('',#67,#3904);
#3904 = DEFINITIONAL_REPRESENTATION('',(#3905),#3908);
#3905 = B_SPLINE_CURVE_WITH_KNOTS('',1,(#3906,#3907),.UNSPECIFIED.,.F.,
  .F.,(2,2),(0.,2.688277844265),.PIECEWISE_BEZIER_KNOTS.);
#3906 = CARTESIAN_POINT('',(-106.6954565419,-123.538779837));
#3907 = CARTESIAN_POINT('',(-104.2677407473,-124.6933506614));
#3908 = ( GEOMETRIC_REPRESENTATION_CONTEXT(2) 
PARAMETRIC_REPRESENTATION_CONTEXT() REPRESENTATION_CONTEXT('2D SPACE',''
  ) );
#3909 = PCURVE('',#1849,#3910);
#3910 = DEFINITIONAL_REPRESENTATION('',(#3911),#3914);
#3911 = B_SPLINE_CURVE_WITH_KNOTS('',1,(#3912,#3913),.UNSPECIFIED.,.F.,
  .F.,(2,2),(0.,2.688277844265),.PIECEWISE_BEZIER_KNOTS.);
#3912 = CARTESIAN_POINT('',(0.,-78.7402));
#3913 = CARTESIAN_POINT('',(2.688277844265,-78.7402));
#3914 = ( GEOMETRIC_REPRESENTATION_CONTEXT(2) 
PARAMETRIC_REPRESENTATION_CONTEXT() REPRESENTATION_CONTEXT('2D SPACE',''
  ) );
#3915 = ORIENTED_EDGE('',*,*,#3916,.T.);
#3916 = EDGE_CURVE('',#3897,#3917,#3919,.T.);
#3917 = VERTEX_POINT('',#3918);
#3918 = CARTESIAN_POINT('',(14.983719680445,-18.19722140538,
    35.000071120142));
#3919 = SURFACE_CURVE('',#3920,(#3923,#3929),.PCURVE_S1.);
#3920 = B_SPLINE_CURVE_WITH_KNOTS('',1,(#3921,#3922),.UNSPECIFIED.,.F.,
  .F.,(2,2),(0.,2.688277844265),.PIECEWISE_BEZIER_KNOTS.);
#3921 = CARTESIAN_POINT('',(15.047241319465,-18.17217172114,
    35.000071120142));
#3922 = CARTESIAN_POINT('',(14.983719680445,-18.19722140538,
    35.000071120142));
#3923 = PCURVE('',#67,#3924);
#3924 = DEFINITIONAL_REPRESENTATION('',(#3925),#3928);
#3925 = B_SPLINE_CURVE_WITH_KNOTS('',1,(#3926,#3927),.UNSPECIFIED.,.F.,
  .F.,(2,2),(0.,2.688277844265),.PIECEWISE_BEZIER_KNOTS.);
#3926 = CARTESIAN_POINT('',(-104.2677407473,-124.6933506614));
#3927 = CARTESIAN_POINT('',(-101.7668938191,-125.6795567299));
#3928 = ( GEOMETRIC_REPRESENTATION_CONTEXT(2) 
PARAMETRIC_REPRESENTATION_CONTEXT() REPRESENTATION_CONTEXT('2D SPACE',''
  ) );
#3929 = PCURVE('',#1874,#3930);
#3930 = DEFINITIONAL_REPRESENTATION('',(#3931),#3934);
#3931 = B_SPLINE_CURVE_WITH_KNOTS('',1,(#3932,#3933),.UNSPECIFIED.,.F.,
  .F.,(2,2),(0.,2.688277844265),.PIECEWISE_BEZIER_KNOTS.);
#3932 = CARTESIAN_POINT('',(0.,-78.7402));
#3933 = CARTESIAN_POINT('',(2.688277844265,-78.7402));
#3934 = ( GEOMETRIC_REPRESENTATION_CONTEXT(2) 
PARAMETRIC_REPRESENTATION_CONTEXT() REPRESENTATION_CONTEXT('2D SPACE',''
  ) );
#3935 = ORIENTED_EDGE('',*,*,#3936,.T.);
#3936 = EDGE_CURVE('',#3917,#3937,#3939,.T.);
#3937 = VERTEX_POINT('',#3938);
#3938 = CARTESIAN_POINT('',(14.918636674121,-18.21787782307,
    35.000071120142));
#3939 = SURFACE_CURVE('',#3940,(#3943,#3949),.PCURVE_S1.);
#3940 = B_SPLINE_CURVE_WITH_KNOTS('',1,(#3941,#3942),.UNSPECIFIED.,.F.,
  .F.,(2,2),(0.,2.688277844265),.PIECEWISE_BEZIER_KNOTS.);
#3941 = CARTESIAN_POINT('',(14.983719680445,-18.19722140538,
    35.000071120142));
#3942 = CARTESIAN_POINT('',(14.918636674121,-18.21787782307,
    35.000071120142));
#3943 = PCURVE('',#67,#3944);
#3944 = DEFINITIONAL_REPRESENTATION('',(#3945),#3948);
#3945 = B_SPLINE_CURVE_WITH_KNOTS('',1,(#3946,#3947),.UNSPECIFIED.,.F.,
  .F.,(2,2),(0.,2.688277844265),.PIECEWISE_BEZIER_KNOTS.);
#3946 = CARTESIAN_POINT('',(-101.7668938191,-125.6795567299));
#3947 = CARTESIAN_POINT('',(-99.20457586012,-126.4927998946));
#3948 = ( GEOMETRIC_REPRESENTATION_CONTEXT(2) 
PARAMETRIC_REPRESENTATION_CONTEXT() REPRESENTATION_CONTEXT('2D SPACE',''
  ) );
#3949 = PCURVE('',#1899,#3950);
#3950 = DEFINITIONAL_REPRESENTATION('',(#3951),#3954);
#3951 = B_SPLINE_CURVE_WITH_KNOTS('',1,(#3952,#3953),.UNSPECIFIED.,.F.,
  .F.,(2,2),(0.,2.688277844265),.PIECEWISE_BEZIER_KNOTS.);
#3952 = CARTESIAN_POINT('',(0.,-78.7402));
#3953 = CARTESIAN_POINT('',(2.688277844265,-78.7402));
#3954 = ( GEOMETRIC_REPRESENTATION_CONTEXT(2) 
PARAMETRIC_REPRESENTATION_CONTEXT() REPRESENTATION_CONTEXT('2D SPACE',''
  ) );
#3955 = ORIENTED_EDGE('',*,*,#3956,.T.);
#3956 = EDGE_CURVE('',#3937,#3957,#3959,.T.);
#3957 = VERTEX_POINT('',#3958);
#3958 = CARTESIAN_POINT('',(14.85229574751,-18.23404466447,
    35.000071120142));
#3959 = SURFACE_CURVE('',#3960,(#3963,#3969),.PCURVE_S1.);
#3960 = B_SPLINE_CURVE_WITH_KNOTS('',1,(#3961,#3962),.UNSPECIFIED.,.F.,
  .F.,(2,2),(0.,2.688277844265),.PIECEWISE_BEZIER_KNOTS.);
#3961 = CARTESIAN_POINT('',(14.918636674121,-18.21787782307,
    35.000071120142));
#3962 = CARTESIAN_POINT('',(14.85229574751,-18.23404466447,
    35.000071120142));
#3963 = PCURVE('',#67,#3964);
#3964 = DEFINITIONAL_REPRESENTATION('',(#3965),#3968);
#3965 = B_SPLINE_CURVE_WITH_KNOTS('',1,(#3966,#3967),.UNSPECIFIED.,.F.,
  .F.,(2,2),(0.,2.688277844265),.PIECEWISE_BEZIER_KNOTS.);
#3966 = CARTESIAN_POINT('',(-99.20457586012,-126.4927998946));
#3967 = CARTESIAN_POINT('',(-96.59273357948,-127.1292884404));
#3968 = ( GEOMETRIC_REPRESENTATION_CONTEXT(2) 
PARAMETRIC_REPRESENTATION_CONTEXT() REPRESENTATION_CONTEXT('2D SPACE',''
  ) );
#3969 = PCURVE('',#1924,#3970);
#3970 = DEFINITIONAL_REPRESENTATION('',(#3971),#3974);
#3971 = B_SPLINE_CURVE_WITH_KNOTS('',1,(#3972,#3973),.UNSPECIFIED.,.F.,
  .F.,(2,2),(0.,2.688277844265),.PIECEWISE_BEZIER_KNOTS.);
#3972 = CARTESIAN_POINT('',(0.,-78.7402));
#3973 = CARTESIAN_POINT('',(2.688277844265,-78.7402));
#3974 = ( GEOMETRIC_REPRESENTATION_CONTEXT(2) 
PARAMETRIC_REPRESENTATION_CONTEXT() REPRESENTATION_CONTEXT('2D SPACE',''
  ) );
#3975 = ORIENTED_EDGE('',*,*,#3976,.T.);
#3976 = EDGE_CURVE('',#3957,#3977,#3979,.T.);
#3977 = VERTEX_POINT('',#3978);
#3978 = CARTESIAN_POINT('',(14.785006212639,-18.2456465523,
    35.000071120142));
#3979 = SURFACE_CURVE('',#3980,(#3983,#3989),.PCURVE_S1.);
#3980 = B_SPLINE_CURVE_WITH_KNOTS('',1,(#3981,#3982),.UNSPECIFIED.,.F.,
  .F.,(2,2),(0.,2.688277844265),.PIECEWISE_BEZIER_KNOTS.);
#3981 = CARTESIAN_POINT('',(14.85229574751,-18.23404466447,
    35.000071120142));
#3982 = CARTESIAN_POINT('',(14.785006212639,-18.2456465523,
    35.000071120142));
#3983 = PCURVE('',#67,#3984);
#3984 = DEFINITIONAL_REPRESENTATION('',(#3985),#3988);
#3985 = B_SPLINE_CURVE_WITH_KNOTS('',1,(#3986,#3987),.UNSPECIFIED.,.F.,
  .F.,(2,2),(0.,2.688277844265),.PIECEWISE_BEZIER_KNOTS.);
#3986 = CARTESIAN_POINT('',(-96.59273357948,-127.1292884404));
#3987 = CARTESIAN_POINT('',(-93.94354459158,-127.586054764));
#3988 = ( GEOMETRIC_REPRESENTATION_CONTEXT(2) 
PARAMETRIC_REPRESENTATION_CONTEXT() REPRESENTATION_CONTEXT('2D SPACE',''
  ) );
#3989 = PCURVE('',#1949,#3990);
#3990 = DEFINITIONAL_REPRESENTATION('',(#3991),#3994);
#3991 = B_SPLINE_CURVE_WITH_KNOTS('',1,(#3992,#3993),.UNSPECIFIED.,.F.,
  .F.,(2,2),(0.,2.688277844265),.PIECEWISE_BEZIER_KNOTS.);
#3992 = CARTESIAN_POINT('',(0.,-78.7402));
#3993 = CARTESIAN_POINT('',(2.688277844265,-78.7402));
#3994 = ( GEOMETRIC_REPRESENTATION_CONTEXT(2) 
PARAMETRIC_REPRESENTATION_CONTEXT() REPRESENTATION_CONTEXT('2D SPACE',''
  ) );
#3995 = ORIENTED_EDGE('',*,*,#3996,.T.);
#3996 = EDGE_CURVE('',#3977,#3997,#3999,.T.);
#3997 = VERTEX_POINT('',#3998);
#3998 = CARTESIAN_POINT('',(14.717081804379,-18.25262939319,
    35.000071120142));
#3999 = SURFACE_CURVE('',#4000,(#4003,#4009),.PCURVE_S1.);
#4000 = B_SPLINE_CURVE_WITH_KNOTS('',1,(#4001,#4002),.UNSPECIFIED.,.F.,
  .F.,(2,2),(0.,2.688277844265),.PIECEWISE_BEZIER_KNOTS.);
#4001 = CARTESIAN_POINT('',(14.785006212639,-18.2456465523,
    35.000071120142));
#4002 = CARTESIAN_POINT('',(14.717081804379,-18.25262939319,
    35.000071120142));
#4003 = PCURVE('',#67,#4004);
#4004 = DEFINITIONAL_REPRESENTATION('',(#4005),#4008);
#4005 = B_SPLINE_CURVE_WITH_KNOTS('',1,(#4006,#4007),.UNSPECIFIED.,.F.,
  .F.,(2,2),(0.,2.688277844265),.PIECEWISE_BEZIER_KNOTS.);
#4006 = CARTESIAN_POINT('',(-93.94354459158,-127.586054764));
#4007 = CARTESIAN_POINT('',(-91.2693606384,-127.8609692099));
#4008 = ( GEOMETRIC_REPRESENTATION_CONTEXT(2) 
PARAMETRIC_REPRESENTATION_CONTEXT() REPRESENTATION_CONTEXT('2D SPACE',''
  ) );
#4009 = PCURVE('',#1974,#4010);
#4010 = DEFINITIONAL_REPRESENTATION('',(#4011),#4014);
#4011 = B_SPLINE_CURVE_WITH_KNOTS('',1,(#4012,#4013),.UNSPECIFIED.,.F.,
  .F.,(2,2),(0.,2.688277844265),.PIECEWISE_BEZIER_KNOTS.);
#4012 = CARTESIAN_POINT('',(0.,-78.7402));
#4013 = CARTESIAN_POINT('',(2.688277844265,-78.7402));
#4014 = ( GEOMETRIC_REPRESENTATION_CONTEXT(2) 
PARAMETRIC_REPRESENTATION_CONTEXT() REPRESENTATION_CONTEXT('2D SPACE',''
  ) );
#4015 = ORIENTED_EDGE('',*,*,#4016,.T.);
#4016 = EDGE_CURVE('',#3997,#4017,#4019,.T.);
#4017 = VERTEX_POINT('',#4018);
#4018 = CARTESIAN_POINT('',(14.648839217678,-18.25496062992,
    35.000071120142));
#4019 = SURFACE_CURVE('',#4020,(#4023,#4029),.PCURVE_S1.);
#4020 = B_SPLINE_CURVE_WITH_KNOTS('',1,(#4021,#4022),.UNSPECIFIED.,.F.,
  .F.,(2,2),(0.,2.688277844265),.PIECEWISE_BEZIER_KNOTS.);
#4021 = CARTESIAN_POINT('',(14.717081804379,-18.25262939319,
    35.000071120142));
#4022 = CARTESIAN_POINT('',(14.648839217678,-18.25496062992,
    35.000071120142));
#4023 = PCURVE('',#67,#4024);
#4024 = DEFINITIONAL_REPRESENTATION('',(#4025),#4028);
#4025 = B_SPLINE_CURVE_WITH_KNOTS('',1,(#4026,#4027),.UNSPECIFIED.,.F.,
  .F.,(2,2),(0.,2.688277844265),.PIECEWISE_BEZIER_KNOTS.);
#4026 = CARTESIAN_POINT('',(-91.2693606384,-127.8609692099));
#4027 = CARTESIAN_POINT('',(-88.58265,-127.95275));
#4028 = ( GEOMETRIC_REPRESENTATION_CONTEXT(2) 
PARAMETRIC_REPRESENTATION_CONTEXT() REPRESENTATION_CONTEXT('2D SPACE',''
  ) );
#4029 = PCURVE('',#1999,#4030);
#4030 = DEFINITIONAL_REPRESENTATION('',(#4031),#4034);
#4031 = B_SPLINE_CURVE_WITH_KNOTS('',1,(#4032,#4033),.UNSPECIFIED.,.F.,
  .F.,(2,2),(0.,2.688277844265),.PIECEWISE_BEZIER_KNOTS.);
#4032 = CARTESIAN_POINT('',(0.,-78.7402));
#4033 = CARTESIAN_POINT('',(2.688277844265,-78.7402));
#4034 = ( GEOMETRIC_REPRESENTATION_CONTEXT(2) 
PARAMETRIC_REPRESENTATION_CONTEXT() REPRESENTATION_CONTEXT('2D SPACE',''
  ) );
#4035 = ORIENTED_EDGE('',*,*,#4036,.T.);
#4036 = EDGE_CURVE('',#4017,#4037,#4039,.T.);
#4037 = VERTEX_POINT('',#4038);
#4038 = CARTESIAN_POINT('',(10.148831597663,-18.25496062992,
    35.000071120142));
#4039 = SURFACE_CURVE('',#4040,(#4043,#4049),.PCURVE_S1.);
#4040 = B_SPLINE_CURVE_WITH_KNOTS('',1,(#4041,#4042),.UNSPECIFIED.,.F.,
  .F.,(2,2),(0.,177.1653),.PIECEWISE_BEZIER_KNOTS.);
#4041 = CARTESIAN_POINT('',(14.648839217678,-18.25496062992,
    35.000071120142));
#4042 = CARTESIAN_POINT('',(10.148831597663,-18.25496062992,
    35.000071120142));
#4043 = PCURVE('',#67,#4044);
#4044 = DEFINITIONAL_REPRESENTATION('',(#4045),#4048);
#4045 = B_SPLINE_CURVE_WITH_KNOTS('',1,(#4046,#4047),.UNSPECIFIED.,.F.,
  .F.,(2,2),(0.,177.1653),.PIECEWISE_BEZIER_KNOTS.);
#4046 = CARTESIAN_POINT('',(-88.58265,-127.95275));
#4047 = CARTESIAN_POINT('',(88.58265,-127.95275));
#4048 = ( GEOMETRIC_REPRESENTATION_CONTEXT(2) 
PARAMETRIC_REPRESENTATION_CONTEXT() REPRESENTATION_CONTEXT('2D SPACE',''
  ) );
#4049 = PCURVE('',#2024,#4050);
#4050 = DEFINITIONAL_REPRESENTATION('',(#4051),#4054);
#4051 = B_SPLINE_CURVE_WITH_KNOTS('',1,(#4052,#4053),.UNSPECIFIED.,.F.,
  .F.,(2,2),(0.,177.1653),.PIECEWISE_BEZIER_KNOTS.);
#4052 = CARTESIAN_POINT('',(0.,-78.7402));
#4053 = CARTESIAN_POINT('',(177.1653,-78.7402));
#4054 = ( GEOMETRIC_REPRESENTATION_CONTEXT(2) 
PARAMETRIC_REPRESENTATION_CONTEXT() REPRESENTATION_CONTEXT('2D SPACE',''
  ) );
#4055 = ORIENTED_EDGE('',*,*,#4056,.T.);
#4056 = EDGE_CURVE('',#4037,#4057,#4059,.T.);
#4057 = VERTEX_POINT('',#4058);
#4058 = CARTESIAN_POINT('',(10.080589010962,-18.25262939319,
    35.000071120142));
#4059 = SURFACE_CURVE('',#4060,(#4063,#4069),.PCURVE_S1.);
#4060 = B_SPLINE_CURVE_WITH_KNOTS('',1,(#4061,#4062),.UNSPECIFIED.,.F.,
  .F.,(2,2),(0.,2.688277844265),.PIECEWISE_BEZIER_KNOTS.);
#4061 = CARTESIAN_POINT('',(10.148831597663,-18.25496062992,
    35.000071120142));
#4062 = CARTESIAN_POINT('',(10.080589010962,-18.25262939319,
    35.000071120142));
#4063 = PCURVE('',#67,#4064);
#4064 = DEFINITIONAL_REPRESENTATION('',(#4065),#4068);
#4065 = B_SPLINE_CURVE_WITH_KNOTS('',1,(#4066,#4067),.UNSPECIFIED.,.F.,
  .F.,(2,2),(0.,2.688277844265),.PIECEWISE_BEZIER_KNOTS.);
#4066 = CARTESIAN_POINT('',(88.58265,-127.95275));
#4067 = CARTESIAN_POINT('',(91.269360638408,-127.8609692099));
#4068 = ( GEOMETRIC_REPRESENTATION_CONTEXT(2) 
PARAMETRIC_REPRESENTATION_CONTEXT() REPRESENTATION_CONTEXT('2D SPACE',''
  ) );
#4069 = PCURVE('',#2049,#4070);
#4070 = DEFINITIONAL_REPRESENTATION('',(#4071),#4074);
#4071 = B_SPLINE_CURVE_WITH_KNOTS('',1,(#4072,#4073),.UNSPECIFIED.,.F.,
  .F.,(2,2),(0.,2.688277844265),.PIECEWISE_BEZIER_KNOTS.);
#4072 = CARTESIAN_POINT('',(0.,-78.7402));
#4073 = CARTESIAN_POINT('',(2.688277844265,-78.7402));
#4074 = ( GEOMETRIC_REPRESENTATION_CONTEXT(2) 
PARAMETRIC_REPRESENTATION_CONTEXT() REPRESENTATION_CONTEXT('2D SPACE',''
  ) );
#4075 = ORIENTED_EDGE('',*,*,#4076,.T.);
#4076 = EDGE_CURVE('',#4057,#4077,#4079,.T.);
#4077 = VERTEX_POINT('',#4078);
#4078 = CARTESIAN_POINT('',(10.012664602703,-18.2456465523,
    35.000071120142));
#4079 = SURFACE_CURVE('',#4080,(#4083,#4089),.PCURVE_S1.);
#4080 = B_SPLINE_CURVE_WITH_KNOTS('',1,(#4081,#4082),.UNSPECIFIED.,.F.,
  .F.,(2,2),(0.,2.688277844265),.PIECEWISE_BEZIER_KNOTS.);
#4081 = CARTESIAN_POINT('',(10.080589010962,-18.25262939319,
    35.000071120142));
#4082 = CARTESIAN_POINT('',(10.012664602703,-18.2456465523,
    35.000071120142));
#4083 = PCURVE('',#67,#4084);
#4084 = DEFINITIONAL_REPRESENTATION('',(#4085),#4088);
#4085 = B_SPLINE_CURVE_WITH_KNOTS('',1,(#4086,#4087),.UNSPECIFIED.,.F.,
  .F.,(2,2),(0.,2.688277844265),.PIECEWISE_BEZIER_KNOTS.);
#4086 = CARTESIAN_POINT('',(91.269360638408,-127.8609692099));
#4087 = CARTESIAN_POINT('',(93.943544591584,-127.586054764));
#4088 = ( GEOMETRIC_REPRESENTATION_CONTEXT(2) 
PARAMETRIC_REPRESENTATION_CONTEXT() REPRESENTATION_CONTEXT('2D SPACE',''
  ) );
#4089 = PCURVE('',#2074,#4090);
#4090 = DEFINITIONAL_REPRESENTATION('',(#4091),#4094);
#4091 = B_SPLINE_CURVE_WITH_KNOTS('',1,(#4092,#4093),.UNSPECIFIED.,.F.,
  .F.,(2,2),(0.,2.688277844265),.PIECEWISE_BEZIER_KNOTS.);
#4092 = CARTESIAN_POINT('',(0.,-78.7402));
#4093 = CARTESIAN_POINT('',(2.688277844265,-78.7402));
#4094 = ( GEOMETRIC_REPRESENTATION_CONTEXT(2) 
PARAMETRIC_REPRESENTATION_CONTEXT() REPRESENTATION_CONTEXT('2D SPACE',''
  ) );
#4095 = ORIENTED_EDGE('',*,*,#4096,.T.);
#4096 = EDGE_CURVE('',#4077,#4097,#4099,.T.);
#4097 = VERTEX_POINT('',#4098);
#4098 = CARTESIAN_POINT('',(9.945375067831,-18.23404466447,
    35.000071120142));
#4099 = SURFACE_CURVE('',#4100,(#4103,#4109),.PCURVE_S1.);
#4100 = B_SPLINE_CURVE_WITH_KNOTS('',1,(#4101,#4102),.UNSPECIFIED.,.F.,
  .F.,(2,2),(0.,2.688277844265),.PIECEWISE_BEZIER_KNOTS.);
#4101 = CARTESIAN_POINT('',(10.012664602703,-18.2456465523,
    35.000071120142));
#4102 = CARTESIAN_POINT('',(9.945375067831,-18.23404466447,
    35.000071120142));
#4103 = PCURVE('',#67,#4104);
#4104 = DEFINITIONAL_REPRESENTATION('',(#4105),#4108);
#4105 = B_SPLINE_CURVE_WITH_KNOTS('',1,(#4106,#4107),.UNSPECIFIED.,.F.,
  .F.,(2,2),(0.,2.688277844265),.PIECEWISE_BEZIER_KNOTS.);
#4106 = CARTESIAN_POINT('',(93.943544591584,-127.586054764));
#4107 = CARTESIAN_POINT('',(96.592733579483,-127.1292884404));
#4108 = ( GEOMETRIC_REPRESENTATION_CONTEXT(2) 
PARAMETRIC_REPRESENTATION_CONTEXT() REPRESENTATION_CONTEXT('2D SPACE',''
  ) );
#4109 = PCURVE('',#2099,#4110);
#4110 = DEFINITIONAL_REPRESENTATION('',(#4111),#4114);
#4111 = B_SPLINE_CURVE_WITH_KNOTS('',1,(#4112,#4113),.UNSPECIFIED.,.F.,
  .F.,(2,2),(0.,2.688277844265),.PIECEWISE_BEZIER_KNOTS.);
#4112 = CARTESIAN_POINT('',(0.,-78.7402));
#4113 = CARTESIAN_POINT('',(2.688277844265,-78.7402));
#4114 = ( GEOMETRIC_REPRESENTATION_CONTEXT(2) 
PARAMETRIC_REPRESENTATION_CONTEXT() REPRESENTATION_CONTEXT('2D SPACE',''
  ) );
#4115 = ORIENTED_EDGE('',*,*,#4116,.T.);
#4116 = EDGE_CURVE('',#4097,#4117,#4119,.T.);
#4117 = VERTEX_POINT('',#4118);
#4118 = CARTESIAN_POINT('',(9.879034141221,-18.21787782307,
    35.000071120142));
#4119 = SURFACE_CURVE('',#4120,(#4123,#4129),.PCURVE_S1.);
#4120 = B_SPLINE_CURVE_WITH_KNOTS('',1,(#4121,#4122),.UNSPECIFIED.,.F.,
  .F.,(2,2),(0.,2.688277844265),.PIECEWISE_BEZIER_KNOTS.);
#4121 = CARTESIAN_POINT('',(9.945375067831,-18.23404466447,
    35.000071120142));
#4122 = CARTESIAN_POINT('',(9.879034141221,-18.21787782307,
    35.000071120142));
#4123 = PCURVE('',#67,#4124);
#4124 = DEFINITIONAL_REPRESENTATION('',(#4125),#4128);
#4125 = B_SPLINE_CURVE_WITH_KNOTS('',1,(#4126,#4127),.UNSPECIFIED.,.F.,
  .F.,(2,2),(0.,2.688277844265),.PIECEWISE_BEZIER_KNOTS.);
#4126 = CARTESIAN_POINT('',(96.592733579483,-127.1292884404));
#4127 = CARTESIAN_POINT('',(99.204575860129,-126.4927998946));
#4128 = ( GEOMETRIC_REPRESENTATION_CONTEXT(2) 
PARAMETRIC_REPRESENTATION_CONTEXT() REPRESENTATION_CONTEXT('2D SPACE',''
  ) );
#4129 = PCURVE('',#2124,#4130);
#4130 = DEFINITIONAL_REPRESENTATION('',(#4131),#4134);
#4131 = B_SPLINE_CURVE_WITH_KNOTS('',1,(#4132,#4133),.UNSPECIFIED.,.F.,
  .F.,(2,2),(0.,2.688277844265),.PIECEWISE_BEZIER_KNOTS.);
#4132 = CARTESIAN_POINT('',(0.,-78.7402));
#4133 = CARTESIAN_POINT('',(2.688277844265,-78.7402));
#4134 = ( GEOMETRIC_REPRESENTATION_CONTEXT(2) 
PARAMETRIC_REPRESENTATION_CONTEXT() REPRESENTATION_CONTEXT('2D SPACE',''
  ) );
#4135 = ORIENTED_EDGE('',*,*,#4136,.T.);
#4136 = EDGE_CURVE('',#4117,#4137,#4139,.T.);
#4137 = VERTEX_POINT('',#4138);
#4138 = CARTESIAN_POINT('',(9.813951134896,-18.19722140538,
    35.000071120142));
#4139 = SURFACE_CURVE('',#4140,(#4143,#4149),.PCURVE_S1.);
#4140 = B_SPLINE_CURVE_WITH_KNOTS('',1,(#4141,#4142),.UNSPECIFIED.,.F.,
  .F.,(2,2),(0.,2.688277844265),.PIECEWISE_BEZIER_KNOTS.);
#4141 = CARTESIAN_POINT('',(9.879034141221,-18.21787782307,
    35.000071120142));
#4142 = CARTESIAN_POINT('',(9.813951134896,-18.19722140538,
    35.000071120142));
#4143 = PCURVE('',#67,#4144);
#4144 = DEFINITIONAL_REPRESENTATION('',(#4145),#4148);
#4145 = B_SPLINE_CURVE_WITH_KNOTS('',1,(#4146,#4147),.UNSPECIFIED.,.F.,
  .F.,(2,2),(0.,2.688277844265),.PIECEWISE_BEZIER_KNOTS.);
#4146 = CARTESIAN_POINT('',(99.204575860129,-126.4927998946));
#4147 = CARTESIAN_POINT('',(101.76689381913,-125.6795567299));
#4148 = ( GEOMETRIC_REPRESENTATION_CONTEXT(2) 
PARAMETRIC_REPRESENTATION_CONTEXT() REPRESENTATION_CONTEXT('2D SPACE',''
  ) );
#4149 = PCURVE('',#2149,#4150);
#4150 = DEFINITIONAL_REPRESENTATION('',(#4151),#4154);
#4151 = B_SPLINE_CURVE_WITH_KNOTS('',1,(#4152,#4153),.UNSPECIFIED.,.F.,
  .F.,(2,2),(0.,2.688277844265),.PIECEWISE_BEZIER_KNOTS.);
#4152 = CARTESIAN_POINT('',(0.,-78.7402));
#4153 = CARTESIAN_POINT('',(2.688277844265,-78.7402));
#4154 = ( GEOMETRIC_REPRESENTATION_CONTEXT(2) 
PARAMETRIC_REPRESENTATION_CONTEXT() REPRESENTATION_CONTEXT('2D SPACE',''
  ) );
#4155 = ORIENTED_EDGE('',*,*,#4156,.T.);
#4156 = EDGE_CURVE('',#4137,#4157,#4159,.T.);
#4157 = VERTEX_POINT('',#4158);
#4158 = CARTESIAN_POINT('',(9.750429495876,-18.17217172114,
    35.000071120142));
#4159 = SURFACE_CURVE('',#4160,(#4163,#4169),.PCURVE_S1.);
#4160 = B_SPLINE_CURVE_WITH_KNOTS('',1,(#4161,#4162),.UNSPECIFIED.,.F.,
  .F.,(2,2),(0.,2.688277844265),.PIECEWISE_BEZIER_KNOTS.);
#4161 = CARTESIAN_POINT('',(9.813951134896,-18.19722140538,
    35.000071120142));
#4162 = CARTESIAN_POINT('',(9.750429495876,-18.17217172114,
    35.000071120142));
#4163 = PCURVE('',#67,#4164);
#4164 = DEFINITIONAL_REPRESENTATION('',(#4165),#4168);
#4165 = B_SPLINE_CURVE_WITH_KNOTS('',1,(#4166,#4167),.UNSPECIFIED.,.F.,
  .F.,(2,2),(0.,2.688277844265),.PIECEWISE_BEZIER_KNOTS.);
#4166 = CARTESIAN_POINT('',(101.76689381913,-125.6795567299));
#4167 = CARTESIAN_POINT('',(104.26774074735,-124.6933506614));
#4168 = ( GEOMETRIC_REPRESENTATION_CONTEXT(2) 
PARAMETRIC_REPRESENTATION_CONTEXT() REPRESENTATION_CONTEXT('2D SPACE',''
  ) );
#4169 = PCURVE('',#2174,#4170);
#4170 = DEFINITIONAL_REPRESENTATION('',(#4171),#4174);
#4171 = B_SPLINE_CURVE_WITH_KNOTS('',1,(#4172,#4173),.UNSPECIFIED.,.F.,
  .F.,(2,2),(0.,2.688277844265),.PIECEWISE_BEZIER_KNOTS.);
#4172 = CARTESIAN_POINT('',(0.,-78.7402));
#4173 = CARTESIAN_POINT('',(2.688277844265,-78.7402));
#4174 = ( GEOMETRIC_REPRESENTATION_CONTEXT(2) 
PARAMETRIC_REPRESENTATION_CONTEXT() REPRESENTATION_CONTEXT('2D SPACE',''
  ) );
#4175 = ORIENTED_EDGE('',*,*,#4176,.T.);
#4176 = EDGE_CURVE('',#4157,#4177,#4179,.T.);
#4177 = VERTEX_POINT('',#4178);
#4178 = CARTESIAN_POINT('',(9.688765391365,-18.14284556355,
    35.000071120142));
#4179 = SURFACE_CURVE('',#4180,(#4183,#4189),.PCURVE_S1.);
#4180 = B_SPLINE_CURVE_WITH_KNOTS('',1,(#4181,#4182),.UNSPECIFIED.,.F.,
  .F.,(2,2),(0.,2.688277844265),.PIECEWISE_BEZIER_KNOTS.);
#4181 = CARTESIAN_POINT('',(9.750429495876,-18.17217172114,
    35.000071120142));
#4182 = CARTESIAN_POINT('',(9.688765391365,-18.14284556355,
    35.000071120142));
#4183 = PCURVE('',#67,#4184);
#4184 = DEFINITIONAL_REPRESENTATION('',(#4185),#4188);
#4185 = B_SPLINE_CURVE_WITH_KNOTS('',1,(#4186,#4187),.UNSPECIFIED.,.F.,
  .F.,(2,2),(0.,2.688277844265),.PIECEWISE_BEZIER_KNOTS.);
#4186 = CARTESIAN_POINT('',(104.26774074735,-124.6933506614));
#4187 = CARTESIAN_POINT('',(106.69545654197,-123.538779837));
#4188 = ( GEOMETRIC_REPRESENTATION_CONTEXT(2) 
PARAMETRIC_REPRESENTATION_CONTEXT() REPRESENTATION_CONTEXT('2D SPACE',''
  ) );
#4189 = PCURVE('',#2199,#4190);
#4190 = DEFINITIONAL_REPRESENTATION('',(#4191),#4194);
#4191 = B_SPLINE_CURVE_WITH_KNOTS('',1,(#4192,#4193),.UNSPECIFIED.,.F.,
  .F.,(2,2),(0.,2.688277844265),.PIECEWISE_BEZIER_KNOTS.);
#4192 = CARTESIAN_POINT('',(0.,-78.7402));
#4193 = CARTESIAN_POINT('',(2.688277844265,-78.7402));
#4194 = ( GEOMETRIC_REPRESENTATION_CONTEXT(2) 
PARAMETRIC_REPRESENTATION_CONTEXT() REPRESENTATION_CONTEXT('2D SPACE',''
  ) );
#4195 = ORIENTED_EDGE('',*,*,#4196,.T.);
#4196 = EDGE_CURVE('',#4177,#4197,#4199,.T.);
#4197 = VERTEX_POINT('',#4198);
#4198 = CARTESIAN_POINT('',(9.629246327882,-18.10937966469,
    35.000071120142));
#4199 = SURFACE_CURVE('',#4200,(#4203,#4209),.PCURVE_S1.);
#4200 = B_SPLINE_CURVE_WITH_KNOTS('',1,(#4201,#4202),.UNSPECIFIED.,.F.,
  .F.,(2,2),(0.,2.688277844265),.PIECEWISE_BEZIER_KNOTS.);
#4201 = CARTESIAN_POINT('',(9.688765391365,-18.14284556355,
    35.000071120142));
#4202 = CARTESIAN_POINT('',(9.629246327882,-18.10937966469,
    35.000071120142));
#4203 = PCURVE('',#67,#4204);
#4204 = DEFINITIONAL_REPRESENTATION('',(#4205),#4208);
#4205 = B_SPLINE_CURVE_WITH_KNOTS('',1,(#4206,#4207),.UNSPECIFIED.,.F.,
  .F.,(2,2),(0.,2.688277844265),.PIECEWISE_BEZIER_KNOTS.);
#4206 = CARTESIAN_POINT('',(106.69545654197,-123.538779837));
#4207 = CARTESIAN_POINT('',(109.03872207129,-122.2212273989));
#4208 = ( GEOMETRIC_REPRESENTATION_CONTEXT(2) 
PARAMETRIC_REPRESENTATION_CONTEXT() REPRESENTATION_CONTEXT('2D SPACE',''
  ) );
#4209 = PCURVE('',#2224,#4210);
#4210 = DEFINITIONAL_REPRESENTATION('',(#4211),#4214);
#4211 = B_SPLINE_CURVE_WITH_KNOTS('',1,(#4212,#4213),.UNSPECIFIED.,.F.,
  .F.,(2,2),(0.,2.688277844265),.PIECEWISE_BEZIER_KNOTS.);
#4212 = CARTESIAN_POINT('',(0.,-78.7402));
#4213 = CARTESIAN_POINT('',(2.688277844265,-78.7402));
#4214 = ( GEOMETRIC_REPRESENTATION_CONTEXT(2) 
PARAMETRIC_REPRESENTATION_CONTEXT() REPRESENTATION_CONTEXT('2D SPACE',''
  ) );
#4215 = ORIENTED_EDGE('',*,*,#4216,.T.);
#4216 = EDGE_CURVE('',#4197,#4217,#4219,.T.);
#4217 = VERTEX_POINT('',#4218);
#4218 = CARTESIAN_POINT('',(9.572149810777,-18.07193005803,
    35.000071120142));
#4219 = SURFACE_CURVE('',#4220,(#4223,#4229),.PCURVE_S1.);
#4220 = B_SPLINE_CURVE_WITH_KNOTS('',1,(#4221,#4222),.UNSPECIFIED.,.F.,
  .F.,(2,2),(0.,2.688277844265),.PIECEWISE_BEZIER_KNOTS.);
#4221 = CARTESIAN_POINT('',(9.629246327882,-18.10937966469,
    35.000071120142));
#4222 = CARTESIAN_POINT('',(9.572149810777,-18.07193005803,
    35.000071120142));
#4223 = PCURVE('',#67,#4224);
#4224 = DEFINITIONAL_REPRESENTATION('',(#4225),#4228);
#4225 = B_SPLINE_CURVE_WITH_KNOTS('',1,(#4226,#4227),.UNSPECIFIED.,.F.,
  .F.,(2,2),(0.,2.688277844265),.PIECEWISE_BEZIER_KNOTS.);
#4226 = CARTESIAN_POINT('',(109.03872207129,-122.2212273989));
#4227 = CARTESIAN_POINT('',(111.28661194969,-120.7468363848));
#4228 = ( GEOMETRIC_REPRESENTATION_CONTEXT(2) 
PARAMETRIC_REPRESENTATION_CONTEXT() REPRESENTATION_CONTEXT('2D SPACE',''
  ) );
#4229 = PCURVE('',#2249,#4230);
#4230 = DEFINITIONAL_REPRESENTATION('',(#4231),#4234);
#4231 = B_SPLINE_CURVE_WITH_KNOTS('',1,(#4232,#4233),.UNSPECIFIED.,.F.,
  .F.,(2,2),(0.,2.688277844265),.PIECEWISE_BEZIER_KNOTS.);
#4232 = CARTESIAN_POINT('',(0.,-78.7402));
#4233 = CARTESIAN_POINT('',(2.688277844265,-78.7402));
#4234 = ( GEOMETRIC_REPRESENTATION_CONTEXT(2) 
PARAMETRIC_REPRESENTATION_CONTEXT() REPRESENTATION_CONTEXT('2D SPACE',''
  ) );
#4235 = ORIENTED_EDGE('',*,*,#4236,.T.);
#4236 = EDGE_CURVE('',#4217,#4237,#4239,.T.);
#4237 = VERTEX_POINT('',#4238);
#4238 = CARTESIAN_POINT('',(9.517742050371,-18.03067135093,
    35.000071120142));
#4239 = SURFACE_CURVE('',#4240,(#4243,#4249),.PCURVE_S1.);
#4240 = B_SPLINE_CURVE_WITH_KNOTS('',1,(#4241,#4242),.UNSPECIFIED.,.F.,
  .F.,(2,2),(0.,2.688277844265),.PIECEWISE_BEZIER_KNOTS.);
#4241 = CARTESIAN_POINT('',(9.572149810777,-18.07193005803,
    35.000071120142));
#4242 = CARTESIAN_POINT('',(9.517742050371,-18.03067135093,
    35.000071120142));
#4243 = PCURVE('',#67,#4244);
#4244 = DEFINITIONAL_REPRESENTATION('',(#4245),#4248);
#4245 = B_SPLINE_CURVE_WITH_KNOTS('',1,(#4246,#4247),.UNSPECIFIED.,.F.,
  .F.,(2,2),(0.,2.688277844265),.PIECEWISE_BEZIER_KNOTS.);
#4246 = CARTESIAN_POINT('',(111.28661194969,-120.7468363848));
#4247 = CARTESIAN_POINT('',(113.42864547691,-119.1224810861));
#4248 = ( GEOMETRIC_REPRESENTATION_CONTEXT(2) 
PARAMETRIC_REPRESENTATION_CONTEXT() REPRESENTATION_CONTEXT('2D SPACE',''
  ) );
#4249 = PCURVE('',#2274,#4250);
#4250 = DEFINITIONAL_REPRESENTATION('',(#4251),#4254);
#4251 = B_SPLINE_CURVE_WITH_KNOTS('',1,(#4252,#4253),.UNSPECIFIED.,.F.,
  .F.,(2,2),(0.,2.688277844265),.PIECEWISE_BEZIER_KNOTS.);
#4252 = CARTESIAN_POINT('',(0.,-78.7402));
#4253 = CARTESIAN_POINT('',(2.688277844265,-78.7402));
#4254 = ( GEOMETRIC_REPRESENTATION_CONTEXT(2) 
PARAMETRIC_REPRESENTATION_CONTEXT() REPRESENTATION_CONTEXT('2D SPACE',''
  ) );
#4255 = ORIENTED_EDGE('',*,*,#4256,.T.);
#4256 = EDGE_CURVE('',#4237,#4257,#4259,.T.);
#4257 = VERTEX_POINT('',#4258);
#4258 = CARTESIAN_POINT('',(9.466276720756,-17.98579591052,
    35.000071120142));
#4259 = SURFACE_CURVE('',#4260,(#4263,#4269),.PCURVE_S1.);
#4260 = B_SPLINE_CURVE_WITH_KNOTS('',1,(#4261,#4262),.UNSPECIFIED.,.F.,
  .F.,(2,2),(0.,2.688277844265),.PIECEWISE_BEZIER_KNOTS.);
#4261 = CARTESIAN_POINT('',(9.517742050371,-18.03067135093,
    35.000071120142));
#4262 = CARTESIAN_POINT('',(9.466276720756,-17.98579591052,
    35.000071120142));
#4263 = PCURVE('',#67,#4264);
#4264 = DEFINITIONAL_REPRESENTATION('',(#4265),#4268);
#4265 = B_SPLINE_CURVE_WITH_KNOTS('',1,(#4266,#4267),.UNSPECIFIED.,.F.,
  .F.,(2,2),(0.,2.688277844265),.PIECEWISE_BEZIER_KNOTS.);
#4266 = CARTESIAN_POINT('',(113.42864547691,-119.1224810861));
#4267 = CARTESIAN_POINT('',(115.45483550383,-117.3557349972));
#4268 = ( GEOMETRIC_REPRESENTATION_CONTEXT(2) 
PARAMETRIC_REPRESENTATION_CONTEXT() REPRESENTATION_CONTEXT('2D SPACE',''
  ) );
#4269 = PCURVE('',#2299,#4270);
#4270 = DEFINITIONAL_REPRESENTATION('',(#4271),#4274);
#4271 = B_SPLINE_CURVE_WITH_KNOTS('',1,(#4272,#4273),.UNSPECIFIED.,.F.,
  .F.,(2,2),(0.,2.688277844265),.PIECEWISE_BEZIER_KNOTS.);
#4272 = CARTESIAN_POINT('',(0.,-78.7402));
#4273 = CARTESIAN_POINT('',(2.688277844265,-78.7402));
#4274 = ( GEOMETRIC_REPRESENTATION_CONTEXT(2) 
PARAMETRIC_REPRESENTATION_CONTEXT() REPRESENTATION_CONTEXT('2D SPACE',''
  ) );
#4275 = ORIENTED_EDGE('',*,*,#4276,.T.);
#4276 = EDGE_CURVE('',#4257,#4277,#4279,.T.);
#4277 = VERTEX_POINT('',#4278);
#4278 = CARTESIAN_POINT('',(9.417993777058,-17.93751296682,
    35.000071120142));
#4279 = SURFACE_CURVE('',#4280,(#4283,#4289),.PCURVE_S1.);
#4280 = B_SPLINE_CURVE_WITH_KNOTS('',1,(#4281,#4282),.UNSPECIFIED.,.F.,
  .F.,(2,2),(0.,2.688277844265),.PIECEWISE_BEZIER_KNOTS.);
#4281 = CARTESIAN_POINT('',(9.466276720756,-17.98579591052,
    35.000071120142));
#4282 = CARTESIAN_POINT('',(9.417993777058,-17.93751296682,
    35.000071120142));
#4283 = PCURVE('',#67,#4284);
#4284 = DEFINITIONAL_REPRESENTATION('',(#4285),#4288);
#4285 = B_SPLINE_CURVE_WITH_KNOTS('',1,(#4286,#4287),.UNSPECIFIED.,.F.,
  .F.,(2,2),(0.,2.688277844265),.PIECEWISE_BEZIER_KNOTS.);
#4286 = CARTESIAN_POINT('',(115.45483550383,-117.3557349972));
#4287 = CARTESIAN_POINT('',(117.35573499722,-115.4548355038));
#4288 = ( GEOMETRIC_REPRESENTATION_CONTEXT(2) 
PARAMETRIC_REPRESENTATION_CONTEXT() REPRESENTATION_CONTEXT('2D SPACE',''
  ) );
#4289 = PCURVE('',#2324,#4290);
#4290 = DEFINITIONAL_REPRESENTATION('',(#4291),#4294);
#4291 = B_SPLINE_CURVE_WITH_KNOTS('',1,(#4292,#4293),.UNSPECIFIED.,.F.,
  .F.,(2,2),(0.,2.688277844265),.PIECEWISE_BEZIER_KNOTS.);
#4292 = CARTESIAN_POINT('',(0.,-78.7402));
#4293 = CARTESIAN_POINT('',(2.688277844265,-78.7402));
#4294 = ( GEOMETRIC_REPRESENTATION_CONTEXT(2) 
PARAMETRIC_REPRESENTATION_CONTEXT() REPRESENTATION_CONTEXT('2D SPACE',''
  ) );
#4295 = ORIENTED_EDGE('',*,*,#4296,.T.);
#4296 = EDGE_CURVE('',#4277,#4297,#4299,.T.);
#4297 = VERTEX_POINT('',#4298);
#4298 = CARTESIAN_POINT('',(9.373118336648,-17.8860476372,
    35.000071120142));
#4299 = SURFACE_CURVE('',#4300,(#4303,#4309),.PCURVE_S1.);
#4300 = B_SPLINE_CURVE_WITH_KNOTS('',1,(#4301,#4302),.UNSPECIFIED.,.F.,
  .F.,(2,2),(0.,2.688277844265),.PIECEWISE_BEZIER_KNOTS.);
#4301 = CARTESIAN_POINT('',(9.417993777058,-17.93751296682,
    35.000071120142));
#4302 = CARTESIAN_POINT('',(9.373118336648,-17.8860476372,
    35.000071120142));
#4303 = PCURVE('',#67,#4304);
#4304 = DEFINITIONAL_REPRESENTATION('',(#4305),#4308);
#4305 = B_SPLINE_CURVE_WITH_KNOTS('',1,(#4306,#4307),.UNSPECIFIED.,.F.,
  .F.,(2,2),(0.,2.688277844265),.PIECEWISE_BEZIER_KNOTS.);
#4306 = CARTESIAN_POINT('',(117.35573499722,-115.4548355038));
#4307 = CARTESIAN_POINT('',(119.12248108616,-113.4286454769));
#4308 = ( GEOMETRIC_REPRESENTATION_CONTEXT(2) 
PARAMETRIC_REPRESENTATION_CONTEXT() REPRESENTATION_CONTEXT('2D SPACE',''
  ) );
#4309 = PCURVE('',#2349,#4310);
#4310 = DEFINITIONAL_REPRESENTATION('',(#4311),#4314);
#4311 = B_SPLINE_CURVE_WITH_KNOTS('',1,(#4312,#4313),.UNSPECIFIED.,.F.,
  .F.,(2,2),(0.,2.688277844265),.PIECEWISE_BEZIER_KNOTS.);
#4312 = CARTESIAN_POINT('',(0.,-78.7402));
#4313 = CARTESIAN_POINT('',(2.688277844265,-78.7402));
#4314 = ( GEOMETRIC_REPRESENTATION_CONTEXT(2) 
PARAMETRIC_REPRESENTATION_CONTEXT() REPRESENTATION_CONTEXT('2D SPACE',''
  ) );
#4315 = ORIENTED_EDGE('',*,*,#4316,.T.);
#4316 = EDGE_CURVE('',#4297,#4317,#4319,.T.);
#4317 = VERTEX_POINT('',#4318);
#4318 = CARTESIAN_POINT('',(9.331859629545,-17.8316398768,
    35.000071120142));
#4319 = SURFACE_CURVE('',#4320,(#4323,#4329),.PCURVE_S1.);
#4320 = B_SPLINE_CURVE_WITH_KNOTS('',1,(#4321,#4322),.UNSPECIFIED.,.F.,
  .F.,(2,2),(0.,2.688277844265),.PIECEWISE_BEZIER_KNOTS.);
#4321 = CARTESIAN_POINT('',(9.373118336648,-17.8860476372,
    35.000071120142));
#4322 = CARTESIAN_POINT('',(9.331859629545,-17.8316398768,
    35.000071120142));
#4323 = PCURVE('',#67,#4324);
#4324 = DEFINITIONAL_REPRESENTATION('',(#4325),#4328);
#4325 = B_SPLINE_CURVE_WITH_KNOTS('',1,(#4326,#4327),.UNSPECIFIED.,.F.,
  .F.,(2,2),(0.,2.688277844265),.PIECEWISE_BEZIER_KNOTS.);
#4326 = CARTESIAN_POINT('',(119.12248108616,-113.4286454769));
#4327 = CARTESIAN_POINT('',(120.74683638481,-111.2866119496));
#4328 = ( GEOMETRIC_REPRESENTATION_CONTEXT(2) 
PARAMETRIC_REPRESENTATION_CONTEXT() REPRESENTATION_CONTEXT('2D SPACE',''
  ) );
#4329 = PCURVE('',#2374,#4330);
#4330 = DEFINITIONAL_REPRESENTATION('',(#4331),#4334);
#4331 = B_SPLINE_CURVE_WITH_KNOTS('',1,(#4332,#4333),.UNSPECIFIED.,.F.,
  .F.,(2,2),(0.,2.688277844265),.PIECEWISE_BEZIER_KNOTS.);
#4332 = CARTESIAN_POINT('',(0.,-78.7402));
#4333 = CARTESIAN_POINT('',(2.688277844265,-78.7402));
#4334 = ( GEOMETRIC_REPRESENTATION_CONTEXT(2) 
PARAMETRIC_REPRESENTATION_CONTEXT() REPRESENTATION_CONTEXT('2D SPACE',''
  ) );
#4335 = ORIENTED_EDGE('',*,*,#4336,.T.);
#4336 = EDGE_CURVE('',#4317,#4337,#4339,.T.);
#4337 = VERTEX_POINT('',#4338);
#4338 = CARTESIAN_POINT('',(9.294410022887,-17.77454335969,
    35.000071120142));
#4339 = SURFACE_CURVE('',#4340,(#4343,#4349),.PCURVE_S1.);
#4340 = B_SPLINE_CURVE_WITH_KNOTS('',1,(#4341,#4342),.UNSPECIFIED.,.F.,
  .F.,(2,2),(0.,2.688277844265),.PIECEWISE_BEZIER_KNOTS.);
#4341 = CARTESIAN_POINT('',(9.331859629545,-17.8316398768,
    35.000071120142));
#4342 = CARTESIAN_POINT('',(9.294410022887,-17.77454335969,
    35.000071120142));
#4343 = PCURVE('',#67,#4344);
#4344 = DEFINITIONAL_REPRESENTATION('',(#4345),#4348);
#4345 = B_SPLINE_CURVE_WITH_KNOTS('',1,(#4346,#4347),.UNSPECIFIED.,.F.,
  .F.,(2,2),(0.,2.688277844265),.PIECEWISE_BEZIER_KNOTS.);
#4346 = CARTESIAN_POINT('',(120.74683638481,-111.2866119496));
#4347 = CARTESIAN_POINT('',(122.22122739893,-109.0387220712));
#4348 = ( GEOMETRIC_REPRESENTATION_CONTEXT(2) 
PARAMETRIC_REPRESENTATION_CONTEXT() REPRESENTATION_CONTEXT('2D SPACE',''
  ) );
#4349 = PCURVE('',#2399,#4350);
#4350 = DEFINITIONAL_REPRESENTATION('',(#4351),#4354);
#4351 = B_SPLINE_CURVE_WITH_KNOTS('',1,(#4352,#4353),.UNSPECIFIED.,.F.,
  .F.,(2,2),(0.,2.688277844265),.PIECEWISE_BEZIER_KNOTS.);
#4352 = CARTESIAN_POINT('',(0.,-78.7402));
#4353 = CARTESIAN_POINT('',(2.688277844265,-78.7402));
#4354 = ( GEOMETRIC_REPRESENTATION_CONTEXT(2) 
PARAMETRIC_REPRESENTATION_CONTEXT() REPRESENTATION_CONTEXT('2D SPACE',''
  ) );
#4355 = ORIENTED_EDGE('',*,*,#4356,.T.);
#4356 = EDGE_CURVE('',#4337,#4357,#4359,.T.);
#4357 = VERTEX_POINT('',#4358);
#4358 = CARTESIAN_POINT('',(9.260944124028,-17.71502429621,
    35.000071120142));
#4359 = SURFACE_CURVE('',#4360,(#4363,#4369),.PCURVE_S1.);
#4360 = B_SPLINE_CURVE_WITH_KNOTS('',1,(#4361,#4362),.UNSPECIFIED.,.F.,
  .F.,(2,2),(0.,2.688277844265),.PIECEWISE_BEZIER_KNOTS.);
#4361 = CARTESIAN_POINT('',(9.294410022887,-17.77454335969,
    35.000071120142));
#4362 = CARTESIAN_POINT('',(9.260944124028,-17.71502429621,
    35.000071120142));
#4363 = PCURVE('',#67,#4364);
#4364 = DEFINITIONAL_REPRESENTATION('',(#4365),#4368);
#4365 = B_SPLINE_CURVE_WITH_KNOTS('',1,(#4366,#4367),.UNSPECIFIED.,.F.,
  .F.,(2,2),(0.,2.688277844265),.PIECEWISE_BEZIER_KNOTS.);
#4366 = CARTESIAN_POINT('',(122.22122739893,-109.0387220712));
#4367 = CARTESIAN_POINT('',(123.53877983702,-106.6954565419));
#4368 = ( GEOMETRIC_REPRESENTATION_CONTEXT(2) 
PARAMETRIC_REPRESENTATION_CONTEXT() REPRESENTATION_CONTEXT('2D SPACE',''
  ) );
#4369 = PCURVE('',#2424,#4370);
#4370 = DEFINITIONAL_REPRESENTATION('',(#4371),#4374);
#4371 = B_SPLINE_CURVE_WITH_KNOTS('',1,(#4372,#4373),.UNSPECIFIED.,.F.,
  .F.,(2,2),(0.,2.688277844265),.PIECEWISE_BEZIER_KNOTS.);
#4372 = CARTESIAN_POINT('',(0.,-78.7402));
#4373 = CARTESIAN_POINT('',(2.688277844265,-78.7402));
#4374 = ( GEOMETRIC_REPRESENTATION_CONTEXT(2) 
PARAMETRIC_REPRESENTATION_CONTEXT() REPRESENTATION_CONTEXT('2D SPACE',''
  ) );
#4375 = ORIENTED_EDGE('',*,*,#4376,.T.);
#4376 = EDGE_CURVE('',#4357,#4377,#4379,.T.);
#4377 = VERTEX_POINT('',#4378);
#4378 = CARTESIAN_POINT('',(9.231617966436,-17.6533601917,
    35.000071120142));
#4379 = SURFACE_CURVE('',#4380,(#4383,#4389),.PCURVE_S1.);
#4380 = B_SPLINE_CURVE_WITH_KNOTS('',1,(#4381,#4382),.UNSPECIFIED.,.F.,
  .F.,(2,2),(0.,2.688277844265),.PIECEWISE_BEZIER_KNOTS.);
#4381 = CARTESIAN_POINT('',(9.260944124028,-17.71502429621,
    35.000071120142));
#4382 = CARTESIAN_POINT('',(9.231617966436,-17.6533601917,
    35.000071120142));
#4383 = PCURVE('',#67,#4384);
#4384 = DEFINITIONAL_REPRESENTATION('',(#4385),#4388);
#4385 = B_SPLINE_CURVE_WITH_KNOTS('',1,(#4386,#4387),.UNSPECIFIED.,.F.,
  .F.,(2,2),(0.,2.688277844265),.PIECEWISE_BEZIER_KNOTS.);
#4386 = CARTESIAN_POINT('',(123.53877983702,-106.6954565419));
#4387 = CARTESIAN_POINT('',(124.6933506614,-104.2677407473));
#4388 = ( GEOMETRIC_REPRESENTATION_CONTEXT(2) 
PARAMETRIC_REPRESENTATION_CONTEXT() REPRESENTATION_CONTEXT('2D SPACE',''
  ) );
#4389 = PCURVE('',#2449,#4390);
#4390 = DEFINITIONAL_REPRESENTATION('',(#4391),#4394);
#4391 = B_SPLINE_CURVE_WITH_KNOTS('',1,(#4392,#4393),.UNSPECIFIED.,.F.,
  .F.,(2,2),(0.,2.688277844265),.PIECEWISE_BEZIER_KNOTS.);
#4392 = CARTESIAN_POINT('',(0.,-78.7402));
#4393 = CARTESIAN_POINT('',(2.688277844265,-78.7402));
#4394 = ( GEOMETRIC_REPRESENTATION_CONTEXT(2) 
PARAMETRIC_REPRESENTATION_CONTEXT() REPRESENTATION_CONTEXT('2D SPACE',''
  ) );
#4395 = ORIENTED_EDGE('',*,*,#4396,.T.);
#4396 = EDGE_CURVE('',#4377,#4397,#4399,.T.);
#4397 = VERTEX_POINT('',#4398);
#4398 = CARTESIAN_POINT('',(9.206568282197,-17.58983855268,
    35.000071120142));
#4399 = SURFACE_CURVE('',#4400,(#4403,#4409),.PCURVE_S1.);
#4400 = B_SPLINE_CURVE_WITH_KNOTS('',1,(#4401,#4402),.UNSPECIFIED.,.F.,
  .F.,(2,2),(0.,2.688277844265),.PIECEWISE_BEZIER_KNOTS.);
#4401 = CARTESIAN_POINT('',(9.231617966436,-17.6533601917,
    35.000071120142));
#4402 = CARTESIAN_POINT('',(9.206568282197,-17.58983855268,
    35.000071120142));
#4403 = PCURVE('',#67,#4404);
#4404 = DEFINITIONAL_REPRESENTATION('',(#4405),#4408);
#4405 = B_SPLINE_CURVE_WITH_KNOTS('',1,(#4406,#4407),.UNSPECIFIED.,.F.,
  .F.,(2,2),(0.,2.688277844265),.PIECEWISE_BEZIER_KNOTS.);
#4406 = CARTESIAN_POINT('',(124.6933506614,-104.2677407473));
#4407 = CARTESIAN_POINT('',(125.67955672991,-101.7668938191));
#4408 = ( GEOMETRIC_REPRESENTATION_CONTEXT(2) 
PARAMETRIC_REPRESENTATION_CONTEXT() REPRESENTATION_CONTEXT('2D SPACE',''
  ) );
#4409 = PCURVE('',#2474,#4410);
#4410 = DEFINITIONAL_REPRESENTATION('',(#4411),#4414);
#4411 = B_SPLINE_CURVE_WITH_KNOTS('',1,(#4412,#4413),.UNSPECIFIED.,.F.,
  .F.,(2,2),(0.,2.688277844265),.PIECEWISE_BEZIER_KNOTS.);
#4412 = CARTESIAN_POINT('',(0.,-78.7402));
#4413 = CARTESIAN_POINT('',(2.688277844265,-78.7402));
#4414 = ( GEOMETRIC_REPRESENTATION_CONTEXT(2) 
PARAMETRIC_REPRESENTATION_CONTEXT() REPRESENTATION_CONTEXT('2D SPACE',''
  ) );
#4415 = ORIENTED_EDGE('',*,*,#4416,.T.);
#4416 = EDGE_CURVE('',#4397,#4417,#4419,.T.);
#4417 = VERTEX_POINT('',#4418);
#4418 = CARTESIAN_POINT('',(9.185911864501,-17.52475554635,
    35.000071120142));
#4419 = SURFACE_CURVE('',#4420,(#4423,#4429),.PCURVE_S1.);
#4420 = B_SPLINE_CURVE_WITH_KNOTS('',1,(#4421,#4422),.UNSPECIFIED.,.F.,
  .F.,(2,2),(0.,2.688277844265),.PIECEWISE_BEZIER_KNOTS.);
#4421 = CARTESIAN_POINT('',(9.206568282197,-17.58983855268,
    35.000071120142));
#4422 = CARTESIAN_POINT('',(9.185911864501,-17.52475554635,
    35.000071120142));
#4423 = PCURVE('',#67,#4424);
#4424 = DEFINITIONAL_REPRESENTATION('',(#4425),#4428);
#4425 = B_SPLINE_CURVE_WITH_KNOTS('',1,(#4426,#4427),.UNSPECIFIED.,.F.,
  .F.,(2,2),(0.,2.688277844265),.PIECEWISE_BEZIER_KNOTS.);
#4426 = CARTESIAN_POINT('',(125.67955672991,-101.7668938191));
#4427 = CARTESIAN_POINT('',(126.49279989461,-99.20457586012));
#4428 = ( GEOMETRIC_REPRESENTATION_CONTEXT(2) 
PARAMETRIC_REPRESENTATION_CONTEXT() REPRESENTATION_CONTEXT('2D SPACE',''
  ) );
#4429 = PCURVE('',#2499,#4430);
#4430 = DEFINITIONAL_REPRESENTATION('',(#4431),#4434);
#4431 = B_SPLINE_CURVE_WITH_KNOTS('',1,(#4432,#4433),.UNSPECIFIED.,.F.,
  .F.,(2,2),(0.,2.688277844265),.PIECEWISE_BEZIER_KNOTS.);
#4432 = CARTESIAN_POINT('',(0.,-78.7402));
#4433 = CARTESIAN_POINT('',(2.688277844265,-78.7402));
#4434 = ( GEOMETRIC_REPRESENTATION_CONTEXT(2) 
PARAMETRIC_REPRESENTATION_CONTEXT() REPRESENTATION_CONTEXT('2D SPACE',''
  ) );
#4435 = ORIENTED_EDGE('',*,*,#4436,.T.);
#4436 = EDGE_CURVE('',#4417,#4437,#4439,.T.);
#4437 = VERTEX_POINT('',#4438);
#4438 = CARTESIAN_POINT('',(9.169745023102,-17.45841461974,
    35.000071120142));
#4439 = SURFACE_CURVE('',#4440,(#4443,#4449),.PCURVE_S1.);
#4440 = B_SPLINE_CURVE_WITH_KNOTS('',1,(#4441,#4442),.UNSPECIFIED.,.F.,
  .F.,(2,2),(0.,2.688277844265),.PIECEWISE_BEZIER_KNOTS.);
#4441 = CARTESIAN_POINT('',(9.185911864501,-17.52475554635,
    35.000071120142));
#4442 = CARTESIAN_POINT('',(9.169745023102,-17.45841461974,
    35.000071120142));
#4443 = PCURVE('',#67,#4444);
#4444 = DEFINITIONAL_REPRESENTATION('',(#4445),#4448);
#4445 = B_SPLINE_CURVE_WITH_KNOTS('',1,(#4446,#4447),.UNSPECIFIED.,.F.,
  .F.,(2,2),(0.,2.688277844265),.PIECEWISE_BEZIER_KNOTS.);
#4446 = CARTESIAN_POINT('',(126.49279989461,-99.20457586012));
#4447 = CARTESIAN_POINT('',(127.12928844046,-96.59273357948));
#4448 = ( GEOMETRIC_REPRESENTATION_CONTEXT(2) 
PARAMETRIC_REPRESENTATION_CONTEXT() REPRESENTATION_CONTEXT('2D SPACE',''
  ) );
#4449 = PCURVE('',#2524,#4450);
#4450 = DEFINITIONAL_REPRESENTATION('',(#4451),#4454);
#4451 = B_SPLINE_CURVE_WITH_KNOTS('',1,(#4452,#4453),.UNSPECIFIED.,.F.,
  .F.,(2,2),(0.,2.688277844265),.PIECEWISE_BEZIER_KNOTS.);
#4452 = CARTESIAN_POINT('',(0.,-78.7402));
#4453 = CARTESIAN_POINT('',(2.688277844265,-78.7402));
#4454 = ( GEOMETRIC_REPRESENTATION_CONTEXT(2) 
PARAMETRIC_REPRESENTATION_CONTEXT() REPRESENTATION_CONTEXT('2D SPACE',''
  ) );
#4455 = ORIENTED_EDGE('',*,*,#4456,.T.);
#4456 = EDGE_CURVE('',#4437,#4457,#4459,.T.);
#4457 = VERTEX_POINT('',#4458);
#4458 = CARTESIAN_POINT('',(9.15814313528,-17.39112508487,
    35.000071120142));
#4459 = SURFACE_CURVE('',#4460,(#4463,#4469),.PCURVE_S1.);
#4460 = B_SPLINE_CURVE_WITH_KNOTS('',1,(#4461,#4462),.UNSPECIFIED.,.F.,
  .F.,(2,2),(0.,2.688277844265),.PIECEWISE_BEZIER_KNOTS.);
#4461 = CARTESIAN_POINT('',(9.169745023102,-17.45841461974,
    35.000071120142));
#4462 = CARTESIAN_POINT('',(9.15814313528,-17.39112508487,
    35.000071120142));
#4463 = PCURVE('',#67,#4464);
#4464 = DEFINITIONAL_REPRESENTATION('',(#4465),#4468);
#4465 = B_SPLINE_CURVE_WITH_KNOTS('',1,(#4466,#4467),.UNSPECIFIED.,.F.,
  .F.,(2,2),(0.,2.688277844265),.PIECEWISE_BEZIER_KNOTS.);
#4466 = CARTESIAN_POINT('',(127.12928844046,-96.59273357948));
#4467 = CARTESIAN_POINT('',(127.58605476404,-93.94354459158));
#4468 = ( GEOMETRIC_REPRESENTATION_CONTEXT(2) 
PARAMETRIC_REPRESENTATION_CONTEXT() REPRESENTATION_CONTEXT('2D SPACE',''
  ) );
#4469 = PCURVE('',#2549,#4470);
#4470 = DEFINITIONAL_REPRESENTATION('',(#4471),#4474);
#4471 = B_SPLINE_CURVE_WITH_KNOTS('',1,(#4472,#4473),.UNSPECIFIED.,.F.,
  .F.,(2,2),(0.,2.688277844265),.PIECEWISE_BEZIER_KNOTS.);
#4472 = CARTESIAN_POINT('',(0.,-78.7402));
#4473 = CARTESIAN_POINT('',(2.688277844265,-78.7402));
#4474 = ( GEOMETRIC_REPRESENTATION_CONTEXT(2) 
PARAMETRIC_REPRESENTATION_CONTEXT() REPRESENTATION_CONTEXT('2D SPACE',''
  ) );
#4475 = ORIENTED_EDGE('',*,*,#4476,.T.);
#4476 = EDGE_CURVE('',#4457,#132,#4477,.T.);
#4477 = SURFACE_CURVE('',#4478,(#4481,#4487),.PCURVE_S1.);
#4478 = B_SPLINE_CURVE_WITH_KNOTS('',1,(#4479,#4480),.UNSPECIFIED.,.F.,
  .F.,(2,2),(0.,2.688277844265),.PIECEWISE_BEZIER_KNOTS.);
#4479 = CARTESIAN_POINT('',(9.15814313528,-17.39112508487,
    35.000071120142));
#4480 = CARTESIAN_POINT('',(9.151160294389,-17.32320067661,
    35.000071120142));
#4481 = PCURVE('',#67,#4482);
#4482 = DEFINITIONAL_REPRESENTATION('',(#4483),#4486);
#4483 = B_SPLINE_CURVE_WITH_KNOTS('',1,(#4484,#4485),.UNSPECIFIED.,.F.,
  .F.,(2,2),(0.,2.688277844265),.PIECEWISE_BEZIER_KNOTS.);
#4484 = CARTESIAN_POINT('',(127.58605476404,-93.94354459158));
#4485 = CARTESIAN_POINT('',(127.8609692099,-91.2693606384));
#4486 = ( GEOMETRIC_REPRESENTATION_CONTEXT(2) 
PARAMETRIC_REPRESENTATION_CONTEXT() REPRESENTATION_CONTEXT('2D SPACE',''
  ) );
#4487 = PCURVE('',#145,#4488);
#4488 = DEFINITIONAL_REPRESENTATION('',(#4489),#4492);
#4489 = B_SPLINE_CURVE_WITH_KNOTS('',1,(#4490,#4491),.UNSPECIFIED.,.F.,
  .F.,(2,2),(0.,2.688277844265),.PIECEWISE_BEZIER_KNOTS.);
#4490 = CARTESIAN_POINT('',(0.,-78.7402));
#4491 = CARTESIAN_POINT('',(2.688277844265,-78.7402));
#4492 = ( GEOMETRIC_REPRESENTATION_CONTEXT(2) 
PARAMETRIC_REPRESENTATION_CONTEXT() REPRESENTATION_CONTEXT('2D SPACE',''
  ) );
#4493 = ORIENTED_EDGE('',*,*,#156,.T.);
#4494 = FACE_BOUND('',#4495,.F.);
#4495 = EDGE_LOOP('',(#4496));
#4496 = ORIENTED_EDGE('',*,*,#4497,.T.);
#4497 = EDGE_CURVE('',#4498,#4498,#4500,.T.);
#4498 = VERTEX_POINT('',#4499);
#4499 = CARTESIAN_POINT('',(14.198839217678,-15.00495554991,
    35.000071120142));
#4500 = SURFACE_CURVE('',#4501,(#4509,#4520),.PCURVE_S1.);
#4501 = ( BOUNDED_CURVE() B_SPLINE_CURVE(2,(#4502,#4503,#4504,#4505,
#4506,#4507,#4508),.UNSPECIFIED.,.T.,.F.) B_SPLINE_CURVE_WITH_KNOTS((1,2
    ,2,2,2,1),(-2.094395102393,0.,2.094395102393,4.188790204786,
6.28318530718,8.377580409573),.UNSPECIFIED.) CURVE() 
GEOMETRIC_REPRESENTATION_ITEM() RATIONAL_B_SPLINE_CURVE((1.,0.5,1.,0.5,
1.,0.5,1.)) REPRESENTATION_ITEM('') );
#4502 = CARTESIAN_POINT('',(14.198839217678,-15.00495554991,
    35.000071120142));
#4503 = CARTESIAN_POINT('',(14.198839217678,-11.88725969686,
    35.000071120142));
#4504 = CARTESIAN_POINT('',(11.498835407671,-13.44610762339,
    35.000071120142));
#4505 = CARTESIAN_POINT('',(8.798831597663,-15.00495554991,
    35.000071120142));
#4506 = CARTESIAN_POINT('',(11.498835407671,-16.56380347643,
    35.000071120142));
#4507 = CARTESIAN_POINT('',(14.198839217678,-18.12265140295,
    35.000071120142));
#4508 = CARTESIAN_POINT('',(14.198839217678,-15.00495554991,
    35.000071120142));
#4509 = PCURVE('',#67,#4510);
#4510 = DEFINITIONAL_REPRESENTATION('',(#4511),#4519);
#4511 = ( BOUNDED_CURVE() B_SPLINE_CURVE(2,(#4512,#4513,#4514,#4515,
#4516,#4517,#4518),.UNSPECIFIED.,.T.,.F.) B_SPLINE_CURVE_WITH_KNOTS((3,2
    ,2,3),(0.,2.094395102393,4.188790204786,6.28318530718),
.PIECEWISE_BEZIER_KNOTS.) CURVE() GEOMETRIC_REPRESENTATION_ITEM() 
RATIONAL_B_SPLINE_CURVE((1.,0.5,1.,0.5,1.,0.5,1.)) REPRESENTATION_ITEM(
  '') );
#4512 = CARTESIAN_POINT('',(-70.86615,-5.000000021482E-05));
#4513 = CARTESIAN_POINT('',(-70.86615,122.74363573425));
#4514 = CARTESIAN_POINT('',(35.433,61.371792867128));
#4515 = CARTESIAN_POINT('',(141.73215,-5.000000021482E-05));
#4516 = CARTESIAN_POINT('',(35.433,-61.37189286712));
#4517 = CARTESIAN_POINT('',(-70.86615,-122.7437357342));
#4518 = CARTESIAN_POINT('',(-70.86615,-5.000000021482E-05));
#4519 = ( GEOMETRIC_REPRESENTATION_CONTEXT(2) 
PARAMETRIC_REPRESENTATION_CONTEXT() REPRESENTATION_CONTEXT('2D SPACE',''
  ) );
#4520 = PCURVE('',#4521,#4536);
#4521 = ( BOUNDED_SURFACE() B_SPLINE_SURFACE(2,1,(
    (#4522,#4523)
    ,(#4524,#4525)
    ,(#4526,#4527)
    ,(#4528,#4529)
    ,(#4530,#4531)
    ,(#4532,#4533)
    ,(#4534,#4535
)),.UNSPECIFIED.,.T.,.F.,.F.) B_SPLINE_SURFACE_WITH_KNOTS((1,2,2,2,2,1),
  (2,2),(-2.094395102393,0.,2.094395102393,4.188790204786,6.28318530718,
    8.377580409573),(0.,196.8504),.UNSPECIFIED.) 
GEOMETRIC_REPRESENTATION_ITEM() RATIONAL_B_SPLINE_SURFACE((
    (1.,1.)
    ,(0.5,0.5)
    ,(1.,1.)
    ,(0.5,0.5)
    ,(1.,1.)
    ,(0.5,0.5)
,(1.,1.))) REPRESENTATION_ITEM('') SURFACE() );
#4522 = CARTESIAN_POINT('',(14.198839217678,-15.00495554991,
    30.000060960122));
#4523 = CARTESIAN_POINT('',(14.198839217678,-15.00495554991,
    35.000071120142));
#4524 = CARTESIAN_POINT('',(14.198839217678,-11.88725969686,
    30.000060960122));
#4525 = CARTESIAN_POINT('',(14.198839217678,-11.88725969686,
    35.000071120142));
#4526 = CARTESIAN_POINT('',(11.498835407671,-13.44610762339,
    30.000060960122));
#4527 = CARTESIAN_POINT('',(11.498835407671,-13.44610762339,
    35.000071120142));
#4528 = CARTESIAN_POINT('',(8.798831597663,-15.00495554991,
    30.000060960122));
#4529 = CARTESIAN_POINT('',(8.798831597663,-15.00495554991,
    35.000071120142));
#4530 = CARTESIAN_POINT('',(11.498835407671,-16.56380347643,
    30.000060960122));
#4531 = CARTESIAN_POINT('',(11.498835407671,-16.56380347643,
    35.000071120142));
#4532 = CARTESIAN_POINT('',(14.198839217678,-18.12265140295,
    30.000060960122));
#4533 = CARTESIAN_POINT('',(14.198839217678,-18.12265140295,
    35.000071120142));
#4534 = CARTESIAN_POINT('',(14.198839217678,-15.00495554991,
    30.000060960122));
#4535 = CARTESIAN_POINT('',(14.198839217678,-15.00495554991,
    35.000071120142));
#4536 = DEFINITIONAL_REPRESENTATION('',(#4537),#4545);
#4537 = B_SPLINE_CURVE_WITH_KNOTS('',2,(#4538,#4539,#4540,#4541,#4542,
    #4543,#4544),.UNSPECIFIED.,.F.,.F.,(3,2,2,3),(0.,2.094395102393,
    4.188790204786,6.28318530718),.PIECEWISE_BEZIER_KNOTS.);
#4538 = CARTESIAN_POINT('',(0.,196.8504));
#4539 = CARTESIAN_POINT('',(1.047197551197,196.8504));
#4540 = CARTESIAN_POINT('',(2.094395102393,196.8504));
#4541 = CARTESIAN_POINT('',(3.14159265359,196.8504));
#4542 = CARTESIAN_POINT('',(4.188790204786,196.8504));
#4543 = CARTESIAN_POINT('',(5.235987755983,196.8504));
#4544 = CARTESIAN_POINT('',(6.28318530718,196.8504));
#4545 = ( GEOMETRIC_REPRESENTATION_CONTEXT(2) 
PARAMETRIC_REPRESENTATION_CONTEXT() REPRESENTATION_CONTEXT('2D SPACE',''
  ) );
#4546 = ADVANCED_FACE('',(#4547),#145,.T.);
#4547 = FACE_BOUND('',#4548,.T.);
#4548 = EDGE_LOOP('',(#4549,#4567,#4568,#4569));
#4549 = ORIENTED_EDGE('',*,*,#4550,.T.);
#4550 = EDGE_CURVE('',#2536,#4457,#4551,.T.);
#4551 = SURFACE_CURVE('',#4552,(#4555,#4561),.PCURVE_S1.);
#4552 = B_SPLINE_CURVE_WITH_KNOTS('',1,(#4553,#4554),.UNSPECIFIED.,.F.,
  .F.,(2,2),(0.,78.7402),.PIECEWISE_BEZIER_KNOTS.);
#4553 = CARTESIAN_POINT('',(9.15814313528,-17.39112508487,
    33.000066040132));
#4554 = CARTESIAN_POINT('',(9.15814313528,-17.39112508487,
    35.000071120142));
#4555 = PCURVE('',#145,#4556);
#4556 = DEFINITIONAL_REPRESENTATION('',(#4557),#4560);
#4557 = B_SPLINE_CURVE_WITH_KNOTS('',1,(#4558,#4559),.UNSPECIFIED.,.F.,
  .F.,(2,2),(0.,78.7402),.PIECEWISE_BEZIER_KNOTS.);
#4558 = CARTESIAN_POINT('',(0.,0.));
#4559 = CARTESIAN_POINT('',(0.,-78.7402));
#4560 = ( GEOMETRIC_REPRESENTATION_CONTEXT(2) 
PARAMETRIC_REPRESENTATION_CONTEXT() REPRESENTATION_CONTEXT('2D SPACE',''
  ) );
#4561 = PCURVE('',#2549,#4562);
#4562 = DEFINITIONAL_REPRESENTATION('',(#4563),#4566);
#4563 = B_SPLINE_CURVE_WITH_KNOTS('',1,(#4564,#4565),.UNSPECIFIED.,.F.,
  .F.,(2,2),(0.,78.7402),.PIECEWISE_BEZIER_KNOTS.);
#4564 = CARTESIAN_POINT('',(2.688277844265,0.));
#4565 = CARTESIAN_POINT('',(2.688277844265,-78.7402));
#4566 = ( GEOMETRIC_REPRESENTATION_CONTEXT(2) 
PARAMETRIC_REPRESENTATION_CONTEXT() REPRESENTATION_CONTEXT('2D SPACE',''
  ) );
#4567 = ORIENTED_EDGE('',*,*,#4476,.T.);
#4568 = ORIENTED_EDGE('',*,*,#129,.F.);
#4569 = ORIENTED_EDGE('',*,*,#2560,.F.);
#4570 = ADVANCED_FACE('',(#4571),#231,.T.);
#4571 = FACE_BOUND('',#4572,.T.);
#4572 = EDGE_LOOP('',(#4573,#4574,#4575,#4593));
#4573 = ORIENTED_EDGE('',*,*,#217,.T.);
#4574 = ORIENTED_EDGE('',*,*,#2636,.T.);
#4575 = ORIENTED_EDGE('',*,*,#4576,.F.);
#4576 = EDGE_CURVE('',#266,#2637,#4577,.T.);
#4577 = SURFACE_CURVE('',#4578,(#4581,#4587),.PCURVE_S1.);
#4578 = B_SPLINE_CURVE_WITH_KNOTS('',1,(#4579,#4580),.UNSPECIFIED.,.F.,
  .F.,(2,2),(0.,78.7402),.PIECEWISE_BEZIER_KNOTS.);
#4579 = CARTESIAN_POINT('',(9.15814313528,-12.61878347494,
    33.000066040132));
#4580 = CARTESIAN_POINT('',(9.15814313528,-12.61878347494,
    35.000071120142));
#4581 = PCURVE('',#231,#4582);
#4582 = DEFINITIONAL_REPRESENTATION('',(#4583),#4586);
#4583 = B_SPLINE_CURVE_WITH_KNOTS('',1,(#4584,#4585),.UNSPECIFIED.,.F.,
  .F.,(2,2),(0.,78.7402),.PIECEWISE_BEZIER_KNOTS.);
#4584 = CARTESIAN_POINT('',(2.688277844265,0.));
#4585 = CARTESIAN_POINT('',(2.688277844265,-78.7402));
#4586 = ( GEOMETRIC_REPRESENTATION_CONTEXT(2) 
PARAMETRIC_REPRESENTATION_CONTEXT() REPRESENTATION_CONTEXT('2D SPACE',''
  ) );
#4587 = PCURVE('',#299,#4588);
#4588 = DEFINITIONAL_REPRESENTATION('',(#4589),#4592);
#4589 = B_SPLINE_CURVE_WITH_KNOTS('',1,(#4590,#4591),.UNSPECIFIED.,.F.,
  .F.,(2,2),(0.,78.7402),.PIECEWISE_BEZIER_KNOTS.);
#4590 = CARTESIAN_POINT('',(0.,0.));
#4591 = CARTESIAN_POINT('',(0.,-78.7402));
#4592 = ( GEOMETRIC_REPRESENTATION_CONTEXT(2) 
PARAMETRIC_REPRESENTATION_CONTEXT() REPRESENTATION_CONTEXT('2D SPACE',''
  ) );
#4593 = ORIENTED_EDGE('',*,*,#265,.F.);
#4594 = ADVANCED_FACE('',(#4595),#2549,.T.);
#4595 = FACE_BOUND('',#4596,.T.);
#4596 = EDGE_LOOP('',(#4597,#4615,#4616,#4617));
#4597 = ORIENTED_EDGE('',*,*,#4598,.T.);
#4598 = EDGE_CURVE('',#2511,#4437,#4599,.T.);
#4599 = SURFACE_CURVE('',#4600,(#4603,#4609),.PCURVE_S1.);
#4600 = B_SPLINE_CURVE_WITH_KNOTS('',1,(#4601,#4602),.UNSPECIFIED.,.F.,
  .F.,(2,2),(0.,78.7402),.PIECEWISE_BEZIER_KNOTS.);
#4601 = CARTESIAN_POINT('',(9.169745023102,-17.45841461974,
    33.000066040132));
#4602 = CARTESIAN_POINT('',(9.169745023102,-17.45841461974,
    35.000071120142));
#4603 = PCURVE('',#2549,#4604);
#4604 = DEFINITIONAL_REPRESENTATION('',(#4605),#4608);
#4605 = B_SPLINE_CURVE_WITH_KNOTS('',1,(#4606,#4607),.UNSPECIFIED.,.F.,
  .F.,(2,2),(0.,78.7402),.PIECEWISE_BEZIER_KNOTS.);
#4606 = CARTESIAN_POINT('',(0.,0.));
#4607 = CARTESIAN_POINT('',(0.,-78.7402));
#4608 = ( GEOMETRIC_REPRESENTATION_CONTEXT(2) 
PARAMETRIC_REPRESENTATION_CONTEXT() REPRESENTATION_CONTEXT('2D SPACE',''
  ) );
#4609 = PCURVE('',#2524,#4610);
#4610 = DEFINITIONAL_REPRESENTATION('',(#4611),#4614);
#4611 = B_SPLINE_CURVE_WITH_KNOTS('',1,(#4612,#4613),.UNSPECIFIED.,.F.,
  .F.,(2,2),(0.,78.7402),.PIECEWISE_BEZIER_KNOTS.);
#4612 = CARTESIAN_POINT('',(2.688277844265,0.));
#4613 = CARTESIAN_POINT('',(2.688277844265,-78.7402));
#4614 = ( GEOMETRIC_REPRESENTATION_CONTEXT(2) 
PARAMETRIC_REPRESENTATION_CONTEXT() REPRESENTATION_CONTEXT('2D SPACE',''
  ) );
#4615 = ORIENTED_EDGE('',*,*,#4456,.T.);
#4616 = ORIENTED_EDGE('',*,*,#4550,.F.);
#4617 = ORIENTED_EDGE('',*,*,#2535,.F.);
#4618 = ADVANCED_FACE('',(#4619),#299,.T.);
#4619 = FACE_BOUND('',#4620,.T.);
#4620 = EDGE_LOOP('',(#4621,#4622,#4623,#4641));
#4621 = ORIENTED_EDGE('',*,*,#4576,.T.);
#4622 = ORIENTED_EDGE('',*,*,#2656,.T.);
#4623 = ORIENTED_EDGE('',*,*,#4624,.F.);
#4624 = EDGE_CURVE('',#286,#2657,#4625,.T.);
#4625 = SURFACE_CURVE('',#4626,(#4629,#4635),.PCURVE_S1.);
#4626 = B_SPLINE_CURVE_WITH_KNOTS('',1,(#4627,#4628),.UNSPECIFIED.,.F.,
  .F.,(2,2),(0.,78.7402),.PIECEWISE_BEZIER_KNOTS.);
#4627 = CARTESIAN_POINT('',(9.169745023102,-12.55149394006,
    33.000066040132));
#4628 = CARTESIAN_POINT('',(9.169745023102,-12.55149394006,
    35.000071120142));
#4629 = PCURVE('',#299,#4630);
#4630 = DEFINITIONAL_REPRESENTATION('',(#4631),#4634);
#4631 = B_SPLINE_CURVE_WITH_KNOTS('',1,(#4632,#4633),.UNSPECIFIED.,.F.,
  .F.,(2,2),(0.,78.7402),.PIECEWISE_BEZIER_KNOTS.);
#4632 = CARTESIAN_POINT('',(2.688277844265,0.));
#4633 = CARTESIAN_POINT('',(2.688277844265,-78.7402));
#4634 = ( GEOMETRIC_REPRESENTATION_CONTEXT(2) 
PARAMETRIC_REPRESENTATION_CONTEXT() REPRESENTATION_CONTEXT('2D SPACE',''
  ) );
#4635 = PCURVE('',#324,#4636);
#4636 = DEFINITIONAL_REPRESENTATION('',(#4637),#4640);
#4637 = B_SPLINE_CURVE_WITH_KNOTS('',1,(#4638,#4639),.UNSPECIFIED.,.F.,
  .F.,(2,2),(0.,78.7402),.PIECEWISE_BEZIER_KNOTS.);
#4638 = CARTESIAN_POINT('',(0.,0.));
#4639 = CARTESIAN_POINT('',(0.,-78.7402));
#4640 = ( GEOMETRIC_REPRESENTATION_CONTEXT(2) 
PARAMETRIC_REPRESENTATION_CONTEXT() REPRESENTATION_CONTEXT('2D SPACE',''
  ) );
#4641 = ORIENTED_EDGE('',*,*,#285,.F.);
#4642 = ADVANCED_FACE('',(#4643),#2524,.T.);
#4643 = FACE_BOUND('',#4644,.T.);
#4644 = EDGE_LOOP('',(#4645,#4663,#4664,#4665));
#4645 = ORIENTED_EDGE('',*,*,#4646,.T.);
#4646 = EDGE_CURVE('',#2486,#4417,#4647,.T.);
#4647 = SURFACE_CURVE('',#4648,(#4651,#4657),.PCURVE_S1.);
#4648 = B_SPLINE_CURVE_WITH_KNOTS('',1,(#4649,#4650),.UNSPECIFIED.,.F.,
  .F.,(2,2),(0.,78.7402),.PIECEWISE_BEZIER_KNOTS.);
#4649 = CARTESIAN_POINT('',(9.185911864501,-17.52475554635,
    33.000066040132));
#4650 = CARTESIAN_POINT('',(9.185911864501,-17.52475554635,
    35.000071120142));
#4651 = PCURVE('',#2524,#4652);
#4652 = DEFINITIONAL_REPRESENTATION('',(#4653),#4656);
#4653 = B_SPLINE_CURVE_WITH_KNOTS('',1,(#4654,#4655),.UNSPECIFIED.,.F.,
  .F.,(2,2),(0.,78.7402),.PIECEWISE_BEZIER_KNOTS.);
#4654 = CARTESIAN_POINT('',(0.,0.));
#4655 = CARTESIAN_POINT('',(0.,-78.7402));
#4656 = ( GEOMETRIC_REPRESENTATION_CONTEXT(2) 
PARAMETRIC_REPRESENTATION_CONTEXT() REPRESENTATION_CONTEXT('2D SPACE',''
  ) );
#4657 = PCURVE('',#2499,#4658);
#4658 = DEFINITIONAL_REPRESENTATION('',(#4659),#4662);
#4659 = B_SPLINE_CURVE_WITH_KNOTS('',1,(#4660,#4661),.UNSPECIFIED.,.F.,
  .F.,(2,2),(0.,78.7402),.PIECEWISE_BEZIER_KNOTS.);
#4660 = CARTESIAN_POINT('',(2.688277844265,0.));
#4661 = CARTESIAN_POINT('',(2.688277844265,-78.7402));
#4662 = ( GEOMETRIC_REPRESENTATION_CONTEXT(2) 
PARAMETRIC_REPRESENTATION_CONTEXT() REPRESENTATION_CONTEXT('2D SPACE',''
  ) );
#4663 = ORIENTED_EDGE('',*,*,#4436,.T.);
#4664 = ORIENTED_EDGE('',*,*,#4598,.F.);
#4665 = ORIENTED_EDGE('',*,*,#2510,.F.);
#4666 = ADVANCED_FACE('',(#4667),#324,.T.);
#4667 = FACE_BOUND('',#4668,.T.);
#4668 = EDGE_LOOP('',(#4669,#4670,#4671,#4689));
#4669 = ORIENTED_EDGE('',*,*,#4624,.T.);
#4670 = ORIENTED_EDGE('',*,*,#2676,.T.);
#4671 = ORIENTED_EDGE('',*,*,#4672,.F.);
#4672 = EDGE_CURVE('',#311,#2677,#4673,.T.);
#4673 = SURFACE_CURVE('',#4674,(#4677,#4683),.PCURVE_S1.);
#4674 = B_SPLINE_CURVE_WITH_KNOTS('',1,(#4675,#4676),.UNSPECIFIED.,.F.,
  .F.,(2,2),(0.,78.7402),.PIECEWISE_BEZIER_KNOTS.);
#4675 = CARTESIAN_POINT('',(9.185911864501,-12.48515301345,
    33.000066040132));
#4676 = CARTESIAN_POINT('',(9.185911864501,-12.48515301345,
    35.000071120142));
#4677 = PCURVE('',#324,#4678);
#4678 = DEFINITIONAL_REPRESENTATION('',(#4679),#4682);
#4679 = B_SPLINE_CURVE_WITH_KNOTS('',1,(#4680,#4681),.UNSPECIFIED.,.F.,
  .F.,(2,2),(0.,78.7402),.PIECEWISE_BEZIER_KNOTS.);
#4680 = CARTESIAN_POINT('',(2.688277844265,0.));
#4681 = CARTESIAN_POINT('',(2.688277844265,-78.7402));
#4682 = ( GEOMETRIC_REPRESENTATION_CONTEXT(2) 
PARAMETRIC_REPRESENTATION_CONTEXT() REPRESENTATION_CONTEXT('2D SPACE',''
  ) );
#4683 = PCURVE('',#349,#4684);
#4684 = DEFINITIONAL_REPRESENTATION('',(#4685),#4688);
#4685 = B_SPLINE_CURVE_WITH_KNOTS('',1,(#4686,#4687),.UNSPECIFIED.,.F.,
  .F.,(2,2),(0.,78.7402),.PIECEWISE_BEZIER_KNOTS.);
#4686 = CARTESIAN_POINT('',(0.,0.));
#4687 = CARTESIAN_POINT('',(0.,-78.7402));
#4688 = ( GEOMETRIC_REPRESENTATION_CONTEXT(2) 
PARAMETRIC_REPRESENTATION_CONTEXT() REPRESENTATION_CONTEXT('2D SPACE',''
  ) );
#4689 = ORIENTED_EDGE('',*,*,#310,.F.);
#4690 = ADVANCED_FACE('',(#4691),#2499,.T.);
#4691 = FACE_BOUND('',#4692,.T.);
#4692 = EDGE_LOOP('',(#4693,#4711,#4712,#4713));
#4693 = ORIENTED_EDGE('',*,*,#4694,.T.);
#4694 = EDGE_CURVE('',#2461,#4397,#4695,.T.);
#4695 = SURFACE_CURVE('',#4696,(#4699,#4705),.PCURVE_S1.);
#4696 = B_SPLINE_CURVE_WITH_KNOTS('',1,(#4697,#4698),.UNSPECIFIED.,.F.,
  .F.,(2,2),(0.,78.7402),.PIECEWISE_BEZIER_KNOTS.);
#4697 = CARTESIAN_POINT('',(9.206568282197,-17.58983855268,
    33.000066040132));
#4698 = CARTESIAN_POINT('',(9.206568282197,-17.58983855268,
    35.000071120142));
#4699 = PCURVE('',#2499,#4700);
#4700 = DEFINITIONAL_REPRESENTATION('',(#4701),#4704);
#4701 = B_SPLINE_CURVE_WITH_KNOTS('',1,(#4702,#4703),.UNSPECIFIED.,.F.,
  .F.,(2,2),(0.,78.7402),.PIECEWISE_BEZIER_KNOTS.);
#4702 = CARTESIAN_POINT('',(0.,0.));
#4703 = CARTESIAN_POINT('',(0.,-78.7402));
#4704 = ( GEOMETRIC_REPRESENTATION_CONTEXT(2) 
PARAMETRIC_REPRESENTATION_CONTEXT() REPRESENTATION_CONTEXT('2D SPACE',''
  ) );
#4705 = PCURVE('',#2474,#4706);
#4706 = DEFINITIONAL_REPRESENTATION('',(#4707),#4710);
#4707 = B_SPLINE_CURVE_WITH_KNOTS('',1,(#4708,#4709),.UNSPECIFIED.,.F.,
  .F.,(2,2),(0.,78.7402),.PIECEWISE_BEZIER_KNOTS.);
#4708 = CARTESIAN_POINT('',(2.688277844265,0.));
#4709 = CARTESIAN_POINT('',(2.688277844265,-78.7402));
#4710 = ( GEOMETRIC_REPRESENTATION_CONTEXT(2) 
PARAMETRIC_REPRESENTATION_CONTEXT() REPRESENTATION_CONTEXT('2D SPACE',''
  ) );
#4711 = ORIENTED_EDGE('',*,*,#4416,.T.);
#4712 = ORIENTED_EDGE('',*,*,#4646,.F.);
#4713 = ORIENTED_EDGE('',*,*,#2485,.F.);
#4714 = ADVANCED_FACE('',(#4715),#349,.T.);
#4715 = FACE_BOUND('',#4716,.T.);
#4716 = EDGE_LOOP('',(#4717,#4718,#4719,#4737));
#4717 = ORIENTED_EDGE('',*,*,#4672,.T.);
#4718 = ORIENTED_EDGE('',*,*,#2696,.T.);
#4719 = ORIENTED_EDGE('',*,*,#4720,.F.);
#4720 = EDGE_CURVE('',#336,#2697,#4721,.T.);
#4721 = SURFACE_CURVE('',#4722,(#4725,#4731),.PCURVE_S1.);
#4722 = B_SPLINE_CURVE_WITH_KNOTS('',1,(#4723,#4724),.UNSPECIFIED.,.F.,
  .F.,(2,2),(0.,78.7402),.PIECEWISE_BEZIER_KNOTS.);
#4723 = CARTESIAN_POINT('',(9.206568282197,-12.42007000713,
    33.000066040132));
#4724 = CARTESIAN_POINT('',(9.206568282197,-12.42007000713,
    35.000071120142));
#4725 = PCURVE('',#349,#4726);
#4726 = DEFINITIONAL_REPRESENTATION('',(#4727),#4730);
#4727 = B_SPLINE_CURVE_WITH_KNOTS('',1,(#4728,#4729),.UNSPECIFIED.,.F.,
  .F.,(2,2),(0.,78.7402),.PIECEWISE_BEZIER_KNOTS.);
#4728 = CARTESIAN_POINT('',(2.688277844265,0.));
#4729 = CARTESIAN_POINT('',(2.688277844265,-78.7402));
#4730 = ( GEOMETRIC_REPRESENTATION_CONTEXT(2) 
PARAMETRIC_REPRESENTATION_CONTEXT() REPRESENTATION_CONTEXT('2D SPACE',''
  ) );
#4731 = PCURVE('',#374,#4732);
#4732 = DEFINITIONAL_REPRESENTATION('',(#4733),#4736);
#4733 = B_SPLINE_CURVE_WITH_KNOTS('',1,(#4734,#4735),.UNSPECIFIED.,.F.,
  .F.,(2,2),(0.,78.7402),.PIECEWISE_BEZIER_KNOTS.);
#4734 = CARTESIAN_POINT('',(0.,0.));
#4735 = CARTESIAN_POINT('',(0.,-78.7402));
#4736 = ( GEOMETRIC_REPRESENTATION_CONTEXT(2) 
PARAMETRIC_REPRESENTATION_CONTEXT() REPRESENTATION_CONTEXT('2D SPACE',''
  ) );
#4737 = ORIENTED_EDGE('',*,*,#335,.F.);
#4738 = ADVANCED_FACE('',(#4739),#2474,.T.);
#4739 = FACE_BOUND('',#4740,.T.);
#4740 = EDGE_LOOP('',(#4741,#4759,#4760,#4761));
#4741 = ORIENTED_EDGE('',*,*,#4742,.T.);
#4742 = EDGE_CURVE('',#2436,#4377,#4743,.T.);
#4743 = SURFACE_CURVE('',#4744,(#4747,#4753),.PCURVE_S1.);
#4744 = B_SPLINE_CURVE_WITH_KNOTS('',1,(#4745,#4746),.UNSPECIFIED.,.F.,
  .F.,(2,2),(0.,78.7402),.PIECEWISE_BEZIER_KNOTS.);
#4745 = CARTESIAN_POINT('',(9.231617966436,-17.6533601917,
    33.000066040132));
#4746 = CARTESIAN_POINT('',(9.231617966436,-17.6533601917,
    35.000071120142));
#4747 = PCURVE('',#2474,#4748);
#4748 = DEFINITIONAL_REPRESENTATION('',(#4749),#4752);
#4749 = B_SPLINE_CURVE_WITH_KNOTS('',1,(#4750,#4751),.UNSPECIFIED.,.F.,
  .F.,(2,2),(0.,78.7402),.PIECEWISE_BEZIER_KNOTS.);
#4750 = CARTESIAN_POINT('',(0.,0.));
#4751 = CARTESIAN_POINT('',(0.,-78.7402));
#4752 = ( GEOMETRIC_REPRESENTATION_CONTEXT(2) 
PARAMETRIC_REPRESENTATION_CONTEXT() REPRESENTATION_CONTEXT('2D SPACE',''
  ) );
#4753 = PCURVE('',#2449,#4754);
#4754 = DEFINITIONAL_REPRESENTATION('',(#4755),#4758);
#4755 = B_SPLINE_CURVE_WITH_KNOTS('',1,(#4756,#4757),.UNSPECIFIED.,.F.,
  .F.,(2,2),(0.,78.7402),.PIECEWISE_BEZIER_KNOTS.);
#4756 = CARTESIAN_POINT('',(2.688277844265,0.));
#4757 = CARTESIAN_POINT('',(2.688277844265,-78.7402));
#4758 = ( GEOMETRIC_REPRESENTATION_CONTEXT(2) 
PARAMETRIC_REPRESENTATION_CONTEXT() REPRESENTATION_CONTEXT('2D SPACE',''
  ) );
#4759 = ORIENTED_EDGE('',*,*,#4396,.T.);
#4760 = ORIENTED_EDGE('',*,*,#4694,.F.);
#4761 = ORIENTED_EDGE('',*,*,#2460,.F.);
#4762 = ADVANCED_FACE('',(#4763),#374,.T.);
#4763 = FACE_BOUND('',#4764,.T.);
#4764 = EDGE_LOOP('',(#4765,#4766,#4767,#4785));
#4765 = ORIENTED_EDGE('',*,*,#4720,.T.);
#4766 = ORIENTED_EDGE('',*,*,#2716,.T.);
#4767 = ORIENTED_EDGE('',*,*,#4768,.F.);
#4768 = EDGE_CURVE('',#361,#2717,#4769,.T.);
#4769 = SURFACE_CURVE('',#4770,(#4773,#4779),.PCURVE_S1.);
#4770 = B_SPLINE_CURVE_WITH_KNOTS('',1,(#4771,#4772),.UNSPECIFIED.,.F.,
  .F.,(2,2),(0.,78.7402),.PIECEWISE_BEZIER_KNOTS.);
#4771 = CARTESIAN_POINT('',(9.231617966436,-12.35654836811,
    33.000066040132));
#4772 = CARTESIAN_POINT('',(9.231617966436,-12.35654836811,
    35.000071120142));
#4773 = PCURVE('',#374,#4774);
#4774 = DEFINITIONAL_REPRESENTATION('',(#4775),#4778);
#4775 = B_SPLINE_CURVE_WITH_KNOTS('',1,(#4776,#4777),.UNSPECIFIED.,.F.,
  .F.,(2,2),(0.,78.7402),.PIECEWISE_BEZIER_KNOTS.);
#4776 = CARTESIAN_POINT('',(2.688277844265,0.));
#4777 = CARTESIAN_POINT('',(2.688277844265,-78.7402));
#4778 = ( GEOMETRIC_REPRESENTATION_CONTEXT(2) 
PARAMETRIC_REPRESENTATION_CONTEXT() REPRESENTATION_CONTEXT('2D SPACE',''
  ) );
#4779 = PCURVE('',#399,#4780);
#4780 = DEFINITIONAL_REPRESENTATION('',(#4781),#4784);
#4781 = B_SPLINE_CURVE_WITH_KNOTS('',1,(#4782,#4783),.UNSPECIFIED.,.F.,
  .F.,(2,2),(0.,78.7402),.PIECEWISE_BEZIER_KNOTS.);
#4782 = CARTESIAN_POINT('',(0.,0.));
#4783 = CARTESIAN_POINT('',(0.,-78.7402));
#4784 = ( GEOMETRIC_REPRESENTATION_CONTEXT(2) 
PARAMETRIC_REPRESENTATION_CONTEXT() REPRESENTATION_CONTEXT('2D SPACE',''
  ) );
#4785 = ORIENTED_EDGE('',*,*,#360,.F.);
#4786 = ADVANCED_FACE('',(#4787),#2449,.T.);
#4787 = FACE_BOUND('',#4788,.T.);
#4788 = EDGE_LOOP('',(#4789,#4807,#4808,#4809));
#4789 = ORIENTED_EDGE('',*,*,#4790,.T.);
#4790 = EDGE_CURVE('',#2411,#4357,#4791,.T.);
#4791 = SURFACE_CURVE('',#4792,(#4795,#4801),.PCURVE_S1.);
#4792 = B_SPLINE_CURVE_WITH_KNOTS('',1,(#4793,#4794),.UNSPECIFIED.,.F.,
  .F.,(2,2),(0.,78.7402),.PIECEWISE_BEZIER_KNOTS.);
#4793 = CARTESIAN_POINT('',(9.260944124028,-17.71502429621,
    33.000066040132));
#4794 = CARTESIAN_POINT('',(9.260944124028,-17.71502429621,
    35.000071120142));
#4795 = PCURVE('',#2449,#4796);
#4796 = DEFINITIONAL_REPRESENTATION('',(#4797),#4800);
#4797 = B_SPLINE_CURVE_WITH_KNOTS('',1,(#4798,#4799),.UNSPECIFIED.,.F.,
  .F.,(2,2),(0.,78.7402),.PIECEWISE_BEZIER_KNOTS.);
#4798 = CARTESIAN_POINT('',(0.,0.));
#4799 = CARTESIAN_POINT('',(0.,-78.7402));
#4800 = ( GEOMETRIC_REPRESENTATION_CONTEXT(2) 
PARAMETRIC_REPRESENTATION_CONTEXT() REPRESENTATION_CONTEXT('2D SPACE',''
  ) );
#4801 = PCURVE('',#2424,#4802);
#4802 = DEFINITIONAL_REPRESENTATION('',(#4803),#4806);
#4803 = B_SPLINE_CURVE_WITH_KNOTS('',1,(#4804,#4805),.UNSPECIFIED.,.F.,
  .F.,(2,2),(0.,78.7402),.PIECEWISE_BEZIER_KNOTS.);
#4804 = CARTESIAN_POINT('',(2.688277844265,0.));
#4805 = CARTESIAN_POINT('',(2.688277844265,-78.7402));
#4806 = ( GEOMETRIC_REPRESENTATION_CONTEXT(2) 
PARAMETRIC_REPRESENTATION_CONTEXT() REPRESENTATION_CONTEXT('2D SPACE',''
  ) );
#4807 = ORIENTED_EDGE('',*,*,#4376,.T.);
#4808 = ORIENTED_EDGE('',*,*,#4742,.F.);
#4809 = ORIENTED_EDGE('',*,*,#2435,.F.);
#4810 = ADVANCED_FACE('',(#4811),#399,.T.);
#4811 = FACE_BOUND('',#4812,.T.);
#4812 = EDGE_LOOP('',(#4813,#4814,#4815,#4833));
#4813 = ORIENTED_EDGE('',*,*,#4768,.T.);
#4814 = ORIENTED_EDGE('',*,*,#2736,.T.);
#4815 = ORIENTED_EDGE('',*,*,#4816,.F.);
#4816 = EDGE_CURVE('',#386,#2737,#4817,.T.);
#4817 = SURFACE_CURVE('',#4818,(#4821,#4827),.PCURVE_S1.);
#4818 = B_SPLINE_CURVE_WITH_KNOTS('',1,(#4819,#4820),.UNSPECIFIED.,.F.,
  .F.,(2,2),(0.,78.7402),.PIECEWISE_BEZIER_KNOTS.);
#4819 = CARTESIAN_POINT('',(9.260944124028,-12.2948842636,
    33.000066040132));
#4820 = CARTESIAN_POINT('',(9.260944124028,-12.2948842636,
    35.000071120142));
#4821 = PCURVE('',#399,#4822);
#4822 = DEFINITIONAL_REPRESENTATION('',(#4823),#4826);
#4823 = B_SPLINE_CURVE_WITH_KNOTS('',1,(#4824,#4825),.UNSPECIFIED.,.F.,
  .F.,(2,2),(0.,78.7402),.PIECEWISE_BEZIER_KNOTS.);
#4824 = CARTESIAN_POINT('',(2.688277844265,0.));
#4825 = CARTESIAN_POINT('',(2.688277844265,-78.7402));
#4826 = ( GEOMETRIC_REPRESENTATION_CONTEXT(2) 
PARAMETRIC_REPRESENTATION_CONTEXT() REPRESENTATION_CONTEXT('2D SPACE',''
  ) );
#4827 = PCURVE('',#424,#4828);
#4828 = DEFINITIONAL_REPRESENTATION('',(#4829),#4832);
#4829 = B_SPLINE_CURVE_WITH_KNOTS('',1,(#4830,#4831),.UNSPECIFIED.,.F.,
  .F.,(2,2),(0.,78.7402),.PIECEWISE_BEZIER_KNOTS.);
#4830 = CARTESIAN_POINT('',(0.,0.));
#4831 = CARTESIAN_POINT('',(0.,-78.7402));
#4832 = ( GEOMETRIC_REPRESENTATION_CONTEXT(2) 
PARAMETRIC_REPRESENTATION_CONTEXT() REPRESENTATION_CONTEXT('2D SPACE',''
  ) );
#4833 = ORIENTED_EDGE('',*,*,#385,.F.);
#4834 = ADVANCED_FACE('',(#4835),#2424,.T.);
#4835 = FACE_BOUND('',#4836,.T.);
#4836 = EDGE_LOOP('',(#4837,#4855,#4856,#4857));
#4837 = ORIENTED_EDGE('',*,*,#4838,.T.);
#4838 = EDGE_CURVE('',#2386,#4337,#4839,.T.);
#4839 = SURFACE_CURVE('',#4840,(#4843,#4849),.PCURVE_S1.);
#4840 = B_SPLINE_CURVE_WITH_KNOTS('',1,(#4841,#4842),.UNSPECIFIED.,.F.,
  .F.,(2,2),(0.,78.7402),.PIECEWISE_BEZIER_KNOTS.);
#4841 = CARTESIAN_POINT('',(9.294410022887,-17.77454335969,
    33.000066040132));
#4842 = CARTESIAN_POINT('',(9.294410022887,-17.77454335969,
    35.000071120142));
#4843 = PCURVE('',#2424,#4844);
#4844 = DEFINITIONAL_REPRESENTATION('',(#4845),#4848);
#4845 = B_SPLINE_CURVE_WITH_KNOTS('',1,(#4846,#4847),.UNSPECIFIED.,.F.,
  .F.,(2,2),(0.,78.7402),.PIECEWISE_BEZIER_KNOTS.);
#4846 = CARTESIAN_POINT('',(0.,0.));
#4847 = CARTESIAN_POINT('',(0.,-78.7402));
#4848 = ( GEOMETRIC_REPRESENTATION_CONTEXT(2) 
PARAMETRIC_REPRESENTATION_CONTEXT() REPRESENTATION_CONTEXT('2D SPACE',''
  ) );
#4849 = PCURVE('',#2399,#4850);
#4850 = DEFINITIONAL_REPRESENTATION('',(#4851),#4854);
#4851 = B_SPLINE_CURVE_WITH_KNOTS('',1,(#4852,#4853),.UNSPECIFIED.,.F.,
  .F.,(2,2),(0.,78.7402),.PIECEWISE_BEZIER_KNOTS.);
#4852 = CARTESIAN_POINT('',(2.688277844265,0.));
#4853 = CARTESIAN_POINT('',(2.688277844265,-78.7402));
#4854 = ( GEOMETRIC_REPRESENTATION_CONTEXT(2) 
PARAMETRIC_REPRESENTATION_CONTEXT() REPRESENTATION_CONTEXT('2D SPACE',''
  ) );
#4855 = ORIENTED_EDGE('',*,*,#4356,.T.);
#4856 = ORIENTED_EDGE('',*,*,#4790,.F.);
#4857 = ORIENTED_EDGE('',*,*,#2410,.F.);
#4858 = ADVANCED_FACE('',(#4859),#424,.T.);
#4859 = FACE_BOUND('',#4860,.T.);
#4860 = EDGE_LOOP('',(#4861,#4862,#4863,#4881));
#4861 = ORIENTED_EDGE('',*,*,#4816,.T.);
#4862 = ORIENTED_EDGE('',*,*,#2756,.T.);
#4863 = ORIENTED_EDGE('',*,*,#4864,.F.);
#4864 = EDGE_CURVE('',#411,#2757,#4865,.T.);
#4865 = SURFACE_CURVE('',#4866,(#4869,#4875),.PCURVE_S1.);
#4866 = B_SPLINE_CURVE_WITH_KNOTS('',1,(#4867,#4868),.UNSPECIFIED.,.F.,
  .F.,(2,2),(0.,78.7402),.PIECEWISE_BEZIER_KNOTS.);
#4867 = CARTESIAN_POINT('',(9.294410022887,-12.23536520012,
    33.000066040132));
#4868 = CARTESIAN_POINT('',(9.294410022887,-12.23536520012,
    35.000071120142));
#4869 = PCURVE('',#424,#4870);
#4870 = DEFINITIONAL_REPRESENTATION('',(#4871),#4874);
#4871 = B_SPLINE_CURVE_WITH_KNOTS('',1,(#4872,#4873),.UNSPECIFIED.,.F.,
  .F.,(2,2),(0.,78.7402),.PIECEWISE_BEZIER_KNOTS.);
#4872 = CARTESIAN_POINT('',(2.688277844265,0.));
#4873 = CARTESIAN_POINT('',(2.688277844265,-78.7402));
#4874 = ( GEOMETRIC_REPRESENTATION_CONTEXT(2) 
PARAMETRIC_REPRESENTATION_CONTEXT() REPRESENTATION_CONTEXT('2D SPACE',''
  ) );
#4875 = PCURVE('',#449,#4876);
#4876 = DEFINITIONAL_REPRESENTATION('',(#4877),#4880);
#4877 = B_SPLINE_CURVE_WITH_KNOTS('',1,(#4878,#4879),.UNSPECIFIED.,.F.,
  .F.,(2,2),(0.,78.7402),.PIECEWISE_BEZIER_KNOTS.);
#4878 = CARTESIAN_POINT('',(0.,0.));
#4879 = CARTESIAN_POINT('',(0.,-78.7402));
#4880 = ( GEOMETRIC_REPRESENTATION_CONTEXT(2) 
PARAMETRIC_REPRESENTATION_CONTEXT() REPRESENTATION_CONTEXT('2D SPACE',''
  ) );
#4881 = ORIENTED_EDGE('',*,*,#410,.F.);
#4882 = ADVANCED_FACE('',(#4883),#2399,.T.);
#4883 = FACE_BOUND('',#4884,.T.);
#4884 = EDGE_LOOP('',(#4885,#4903,#4904,#4905));
#4885 = ORIENTED_EDGE('',*,*,#4886,.T.);
#4886 = EDGE_CURVE('',#2361,#4317,#4887,.T.);
#4887 = SURFACE_CURVE('',#4888,(#4891,#4897),.PCURVE_S1.);
#4888 = B_SPLINE_CURVE_WITH_KNOTS('',1,(#4889,#4890),.UNSPECIFIED.,.F.,
  .F.,(2,2),(0.,78.7402),.PIECEWISE_BEZIER_KNOTS.);
#4889 = CARTESIAN_POINT('',(9.331859629545,-17.8316398768,
    33.000066040132));
#4890 = CARTESIAN_POINT('',(9.331859629545,-17.8316398768,
    35.000071120142));
#4891 = PCURVE('',#2399,#4892);
#4892 = DEFINITIONAL_REPRESENTATION('',(#4893),#4896);
#4893 = B_SPLINE_CURVE_WITH_KNOTS('',1,(#4894,#4895),.UNSPECIFIED.,.F.,
  .F.,(2,2),(0.,78.7402),.PIECEWISE_BEZIER_KNOTS.);
#4894 = CARTESIAN_POINT('',(0.,0.));
#4895 = CARTESIAN_POINT('',(0.,-78.7402));
#4896 = ( GEOMETRIC_REPRESENTATION_CONTEXT(2) 
PARAMETRIC_REPRESENTATION_CONTEXT() REPRESENTATION_CONTEXT('2D SPACE',''
  ) );
#4897 = PCURVE('',#2374,#4898);
#4898 = DEFINITIONAL_REPRESENTATION('',(#4899),#4902);
#4899 = B_SPLINE_CURVE_WITH_KNOTS('',1,(#4900,#4901),.UNSPECIFIED.,.F.,
  .F.,(2,2),(0.,78.7402),.PIECEWISE_BEZIER_KNOTS.);
#4900 = CARTESIAN_POINT('',(2.688277844265,0.));
#4901 = CARTESIAN_POINT('',(2.688277844265,-78.7402));
#4902 = ( GEOMETRIC_REPRESENTATION_CONTEXT(2) 
PARAMETRIC_REPRESENTATION_CONTEXT() REPRESENTATION_CONTEXT('2D SPACE',''
  ) );
#4903 = ORIENTED_EDGE('',*,*,#4336,.T.);
#4904 = ORIENTED_EDGE('',*,*,#4838,.F.);
#4905 = ORIENTED_EDGE('',*,*,#2385,.F.);
#4906 = ADVANCED_FACE('',(#4907),#449,.T.);
#4907 = FACE_BOUND('',#4908,.T.);
#4908 = EDGE_LOOP('',(#4909,#4910,#4911,#4929));
#4909 = ORIENTED_EDGE('',*,*,#4864,.T.);
#4910 = ORIENTED_EDGE('',*,*,#2776,.T.);
#4911 = ORIENTED_EDGE('',*,*,#4912,.F.);
#4912 = EDGE_CURVE('',#436,#2777,#4913,.T.);
#4913 = SURFACE_CURVE('',#4914,(#4917,#4923),.PCURVE_S1.);
#4914 = B_SPLINE_CURVE_WITH_KNOTS('',1,(#4915,#4916),.UNSPECIFIED.,.F.,
  .F.,(2,2),(0.,78.7402),.PIECEWISE_BEZIER_KNOTS.);
#4915 = CARTESIAN_POINT('',(9.331859629545,-12.17826868301,
    33.000066040132));
#4916 = CARTESIAN_POINT('',(9.331859629545,-12.17826868301,
    35.000071120142));
#4917 = PCURVE('',#449,#4918);
#4918 = DEFINITIONAL_REPRESENTATION('',(#4919),#4922);
#4919 = B_SPLINE_CURVE_WITH_KNOTS('',1,(#4920,#4921),.UNSPECIFIED.,.F.,
  .F.,(2,2),(0.,78.7402),.PIECEWISE_BEZIER_KNOTS.);
#4920 = CARTESIAN_POINT('',(2.688277844265,0.));
#4921 = CARTESIAN_POINT('',(2.688277844265,-78.7402));
#4922 = ( GEOMETRIC_REPRESENTATION_CONTEXT(2) 
PARAMETRIC_REPRESENTATION_CONTEXT() REPRESENTATION_CONTEXT('2D SPACE',''
  ) );
#4923 = PCURVE('',#474,#4924);
#4924 = DEFINITIONAL_REPRESENTATION('',(#4925),#4928);
#4925 = B_SPLINE_CURVE_WITH_KNOTS('',1,(#4926,#4927),.UNSPECIFIED.,.F.,
  .F.,(2,2),(0.,78.7402),.PIECEWISE_BEZIER_KNOTS.);
#4926 = CARTESIAN_POINT('',(0.,0.));
#4927 = CARTESIAN_POINT('',(0.,-78.7402));
#4928 = ( GEOMETRIC_REPRESENTATION_CONTEXT(2) 
PARAMETRIC_REPRESENTATION_CONTEXT() REPRESENTATION_CONTEXT('2D SPACE',''
  ) );
#4929 = ORIENTED_EDGE('',*,*,#435,.F.);
#4930 = ADVANCED_FACE('',(#4931),#2374,.T.);
#4931 = FACE_BOUND('',#4932,.T.);
#4932 = EDGE_LOOP('',(#4933,#4951,#4952,#4953));
#4933 = ORIENTED_EDGE('',*,*,#4934,.T.);
#4934 = EDGE_CURVE('',#2336,#4297,#4935,.T.);
#4935 = SURFACE_CURVE('',#4936,(#4939,#4945),.PCURVE_S1.);
#4936 = B_SPLINE_CURVE_WITH_KNOTS('',1,(#4937,#4938),.UNSPECIFIED.,.F.,
  .F.,(2,2),(0.,78.7402),.PIECEWISE_BEZIER_KNOTS.);
#4937 = CARTESIAN_POINT('',(9.373118336648,-17.8860476372,
    33.000066040132));
#4938 = CARTESIAN_POINT('',(9.373118336648,-17.8860476372,
    35.000071120142));
#4939 = PCURVE('',#2374,#4940);
#4940 = DEFINITIONAL_REPRESENTATION('',(#4941),#4944);
#4941 = B_SPLINE_CURVE_WITH_KNOTS('',1,(#4942,#4943),.UNSPECIFIED.,.F.,
  .F.,(2,2),(0.,78.7402),.PIECEWISE_BEZIER_KNOTS.);
#4942 = CARTESIAN_POINT('',(0.,0.));
#4943 = CARTESIAN_POINT('',(0.,-78.7402));
#4944 = ( GEOMETRIC_REPRESENTATION_CONTEXT(2) 
PARAMETRIC_REPRESENTATION_CONTEXT() REPRESENTATION_CONTEXT('2D SPACE',''
  ) );
#4945 = PCURVE('',#2349,#4946);
#4946 = DEFINITIONAL_REPRESENTATION('',(#4947),#4950);
#4947 = B_SPLINE_CURVE_WITH_KNOTS('',1,(#4948,#4949),.UNSPECIFIED.,.F.,
  .F.,(2,2),(0.,78.7402),.PIECEWISE_BEZIER_KNOTS.);
#4948 = CARTESIAN_POINT('',(2.688277844265,0.));
#4949 = CARTESIAN_POINT('',(2.688277844265,-78.7402));
#4950 = ( GEOMETRIC_REPRESENTATION_CONTEXT(2) 
PARAMETRIC_REPRESENTATION_CONTEXT() REPRESENTATION_CONTEXT('2D SPACE',''
  ) );
#4951 = ORIENTED_EDGE('',*,*,#4316,.T.);
#4952 = ORIENTED_EDGE('',*,*,#4886,.F.);
#4953 = ORIENTED_EDGE('',*,*,#2360,.F.);
#4954 = ADVANCED_FACE('',(#4955),#474,.T.);
#4955 = FACE_BOUND('',#4956,.T.);
#4956 = EDGE_LOOP('',(#4957,#4958,#4959,#4977));
#4957 = ORIENTED_EDGE('',*,*,#4912,.T.);
#4958 = ORIENTED_EDGE('',*,*,#2796,.T.);
#4959 = ORIENTED_EDGE('',*,*,#4960,.F.);
#4960 = EDGE_CURVE('',#461,#2797,#4961,.T.);
#4961 = SURFACE_CURVE('',#4962,(#4965,#4971),.PCURVE_S1.);
#4962 = B_SPLINE_CURVE_WITH_KNOTS('',1,(#4963,#4964),.UNSPECIFIED.,.F.,
  .F.,(2,2),(0.,78.7402),.PIECEWISE_BEZIER_KNOTS.);
#4963 = CARTESIAN_POINT('',(9.373118336648,-12.1238609226,
    33.000066040132));
#4964 = CARTESIAN_POINT('',(9.373118336648,-12.1238609226,
    35.000071120142));
#4965 = PCURVE('',#474,#4966);
#4966 = DEFINITIONAL_REPRESENTATION('',(#4967),#4970);
#4967 = B_SPLINE_CURVE_WITH_KNOTS('',1,(#4968,#4969),.UNSPECIFIED.,.F.,
  .F.,(2,2),(0.,78.7402),.PIECEWISE_BEZIER_KNOTS.);
#4968 = CARTESIAN_POINT('',(2.688277844265,0.));
#4969 = CARTESIAN_POINT('',(2.688277844265,-78.7402));
#4970 = ( GEOMETRIC_REPRESENTATION_CONTEXT(2) 
PARAMETRIC_REPRESENTATION_CONTEXT() REPRESENTATION_CONTEXT('2D SPACE',''
  ) );
#4971 = PCURVE('',#499,#4972);
#4972 = DEFINITIONAL_REPRESENTATION('',(#4973),#4976);
#4973 = B_SPLINE_CURVE_WITH_KNOTS('',1,(#4974,#4975),.UNSPECIFIED.,.F.,
  .F.,(2,2),(0.,78.7402),.PIECEWISE_BEZIER_KNOTS.);
#4974 = CARTESIAN_POINT('',(0.,0.));
#4975 = CARTESIAN_POINT('',(0.,-78.7402));
#4976 = ( GEOMETRIC_REPRESENTATION_CONTEXT(2) 
PARAMETRIC_REPRESENTATION_CONTEXT() REPRESENTATION_CONTEXT('2D SPACE',''
  ) );
#4977 = ORIENTED_EDGE('',*,*,#460,.F.);
#4978 = ADVANCED_FACE('',(#4979),#2349,.T.);
#4979 = FACE_BOUND('',#4980,.T.);
#4980 = EDGE_LOOP('',(#4981,#4999,#5000,#5001));
#4981 = ORIENTED_EDGE('',*,*,#4982,.T.);
#4982 = EDGE_CURVE('',#2311,#4277,#4983,.T.);
#4983 = SURFACE_CURVE('',#4984,(#4987,#4993),.PCURVE_S1.);
#4984 = B_SPLINE_CURVE_WITH_KNOTS('',1,(#4985,#4986),.UNSPECIFIED.,.F.,
  .F.,(2,2),(0.,78.7402),.PIECEWISE_BEZIER_KNOTS.);
#4985 = CARTESIAN_POINT('',(9.417993777058,-17.93751296682,
    33.000066040132));
#4986 = CARTESIAN_POINT('',(9.417993777058,-17.93751296682,
    35.000071120142));
#4987 = PCURVE('',#2349,#4988);
#4988 = DEFINITIONAL_REPRESENTATION('',(#4989),#4992);
#4989 = B_SPLINE_CURVE_WITH_KNOTS('',1,(#4990,#4991),.UNSPECIFIED.,.F.,
  .F.,(2,2),(0.,78.7402),.PIECEWISE_BEZIER_KNOTS.);
#4990 = CARTESIAN_POINT('',(0.,0.));
#4991 = CARTESIAN_POINT('',(0.,-78.7402));
#4992 = ( GEOMETRIC_REPRESENTATION_CONTEXT(2) 
PARAMETRIC_REPRESENTATION_CONTEXT() REPRESENTATION_CONTEXT('2D SPACE',''
  ) );
#4993 = PCURVE('',#2324,#4994);
#4994 = DEFINITIONAL_REPRESENTATION('',(#4995),#4998);
#4995 = B_SPLINE_CURVE_WITH_KNOTS('',1,(#4996,#4997),.UNSPECIFIED.,.F.,
  .F.,(2,2),(0.,78.7402),.PIECEWISE_BEZIER_KNOTS.);
#4996 = CARTESIAN_POINT('',(2.688277844265,0.));
#4997 = CARTESIAN_POINT('',(2.688277844265,-78.7402));
#4998 = ( GEOMETRIC_REPRESENTATION_CONTEXT(2) 
PARAMETRIC_REPRESENTATION_CONTEXT() REPRESENTATION_CONTEXT('2D SPACE',''
  ) );
#4999 = ORIENTED_EDGE('',*,*,#4296,.T.);
#5000 = ORIENTED_EDGE('',*,*,#4934,.F.);
#5001 = ORIENTED_EDGE('',*,*,#2335,.F.);
#5002 = ADVANCED_FACE('',(#5003),#499,.T.);
#5003 = FACE_BOUND('',#5004,.T.);
#5004 = EDGE_LOOP('',(#5005,#5006,#5007,#5025));
#5005 = ORIENTED_EDGE('',*,*,#4960,.T.);
#5006 = ORIENTED_EDGE('',*,*,#2816,.T.);
#5007 = ORIENTED_EDGE('',*,*,#5008,.F.);
#5008 = EDGE_CURVE('',#486,#2817,#5009,.T.);
#5009 = SURFACE_CURVE('',#5010,(#5013,#5019),.PCURVE_S1.);
#5010 = B_SPLINE_CURVE_WITH_KNOTS('',1,(#5011,#5012),.UNSPECIFIED.,.F.,
  .F.,(2,2),(0.,78.7402),.PIECEWISE_BEZIER_KNOTS.);
#5011 = CARTESIAN_POINT('',(9.417993777058,-12.07239559299,
    33.000066040132));
#5012 = CARTESIAN_POINT('',(9.417993777058,-12.07239559299,
    35.000071120142));
#5013 = PCURVE('',#499,#5014);
#5014 = DEFINITIONAL_REPRESENTATION('',(#5015),#5018);
#5015 = B_SPLINE_CURVE_WITH_KNOTS('',1,(#5016,#5017),.UNSPECIFIED.,.F.,
  .F.,(2,2),(0.,78.7402),.PIECEWISE_BEZIER_KNOTS.);
#5016 = CARTESIAN_POINT('',(2.688277844265,0.));
#5017 = CARTESIAN_POINT('',(2.688277844265,-78.7402));
#5018 = ( GEOMETRIC_REPRESENTATION_CONTEXT(2) 
PARAMETRIC_REPRESENTATION_CONTEXT() REPRESENTATION_CONTEXT('2D SPACE',''
  ) );
#5019 = PCURVE('',#524,#5020);
#5020 = DEFINITIONAL_REPRESENTATION('',(#5021),#5024);
#5021 = B_SPLINE_CURVE_WITH_KNOTS('',1,(#5022,#5023),.UNSPECIFIED.,.F.,
  .F.,(2,2),(0.,78.7402),.PIECEWISE_BEZIER_KNOTS.);
#5022 = CARTESIAN_POINT('',(0.,0.));
#5023 = CARTESIAN_POINT('',(0.,-78.7402));
#5024 = ( GEOMETRIC_REPRESENTATION_CONTEXT(2) 
PARAMETRIC_REPRESENTATION_CONTEXT() REPRESENTATION_CONTEXT('2D SPACE',''
  ) );
#5025 = ORIENTED_EDGE('',*,*,#485,.F.);
#5026 = ADVANCED_FACE('',(#5027),#2324,.T.);
#5027 = FACE_BOUND('',#5028,.T.);
#5028 = EDGE_LOOP('',(#5029,#5047,#5048,#5049));
#5029 = ORIENTED_EDGE('',*,*,#5030,.T.);
#5030 = EDGE_CURVE('',#2286,#4257,#5031,.T.);
#5031 = SURFACE_CURVE('',#5032,(#5035,#5041),.PCURVE_S1.);
#5032 = B_SPLINE_CURVE_WITH_KNOTS('',1,(#5033,#5034),.UNSPECIFIED.,.F.,
  .F.,(2,2),(0.,78.7402),.PIECEWISE_BEZIER_KNOTS.);
#5033 = CARTESIAN_POINT('',(9.466276720756,-17.98579591052,
    33.000066040132));
#5034 = CARTESIAN_POINT('',(9.466276720756,-17.98579591052,
    35.000071120142));
#5035 = PCURVE('',#2324,#5036);
#5036 = DEFINITIONAL_REPRESENTATION('',(#5037),#5040);
#5037 = B_SPLINE_CURVE_WITH_KNOTS('',1,(#5038,#5039),.UNSPECIFIED.,.F.,
  .F.,(2,2),(0.,78.7402),.PIECEWISE_BEZIER_KNOTS.);
#5038 = CARTESIAN_POINT('',(0.,0.));
#5039 = CARTESIAN_POINT('',(0.,-78.7402));
#5040 = ( GEOMETRIC_REPRESENTATION_CONTEXT(2) 
PARAMETRIC_REPRESENTATION_CONTEXT() REPRESENTATION_CONTEXT('2D SPACE',''
  ) );
#5041 = PCURVE('',#2299,#5042);
#5042 = DEFINITIONAL_REPRESENTATION('',(#5043),#5046);
#5043 = B_SPLINE_CURVE_WITH_KNOTS('',1,(#5044,#5045),.UNSPECIFIED.,.F.,
  .F.,(2,2),(0.,78.7402),.PIECEWISE_BEZIER_KNOTS.);
#5044 = CARTESIAN_POINT('',(2.688277844265,0.));
#5045 = CARTESIAN_POINT('',(2.688277844265,-78.7402));
#5046 = ( GEOMETRIC_REPRESENTATION_CONTEXT(2) 
PARAMETRIC_REPRESENTATION_CONTEXT() REPRESENTATION_CONTEXT('2D SPACE',''
  ) );
#5047 = ORIENTED_EDGE('',*,*,#4276,.T.);
#5048 = ORIENTED_EDGE('',*,*,#4982,.F.);
#5049 = ORIENTED_EDGE('',*,*,#2310,.F.);
#5050 = ADVANCED_FACE('',(#5051),#524,.T.);
#5051 = FACE_BOUND('',#5052,.T.);
#5052 = EDGE_LOOP('',(#5053,#5054,#5055,#5073));
#5053 = ORIENTED_EDGE('',*,*,#5008,.T.);
#5054 = ORIENTED_EDGE('',*,*,#2836,.T.);
#5055 = ORIENTED_EDGE('',*,*,#5056,.F.);
#5056 = EDGE_CURVE('',#511,#2837,#5057,.T.);
#5057 = SURFACE_CURVE('',#5058,(#5061,#5067),.PCURVE_S1.);
#5058 = B_SPLINE_CURVE_WITH_KNOTS('',1,(#5059,#5060),.UNSPECIFIED.,.F.,
  .F.,(2,2),(0.,78.7402),.PIECEWISE_BEZIER_KNOTS.);
#5059 = CARTESIAN_POINT('',(9.466276720756,-12.02411264929,
    33.000066040132));
#5060 = CARTESIAN_POINT('',(9.466276720756,-12.02411264929,
    35.000071120142));
#5061 = PCURVE('',#524,#5062);
#5062 = DEFINITIONAL_REPRESENTATION('',(#5063),#5066);
#5063 = B_SPLINE_CURVE_WITH_KNOTS('',1,(#5064,#5065),.UNSPECIFIED.,.F.,
  .F.,(2,2),(0.,78.7402),.PIECEWISE_BEZIER_KNOTS.);
#5064 = CARTESIAN_POINT('',(2.688277844265,0.));
#5065 = CARTESIAN_POINT('',(2.688277844265,-78.7402));
#5066 = ( GEOMETRIC_REPRESENTATION_CONTEXT(2) 
PARAMETRIC_REPRESENTATION_CONTEXT() REPRESENTATION_CONTEXT('2D SPACE',''
  ) );
#5067 = PCURVE('',#549,#5068);
#5068 = DEFINITIONAL_REPRESENTATION('',(#5069),#5072);
#5069 = B_SPLINE_CURVE_WITH_KNOTS('',1,(#5070,#5071),.UNSPECIFIED.,.F.,
  .F.,(2,2),(0.,78.7402),.PIECEWISE_BEZIER_KNOTS.);
#5070 = CARTESIAN_POINT('',(0.,0.));
#5071 = CARTESIAN_POINT('',(0.,-78.7402));
#5072 = ( GEOMETRIC_REPRESENTATION_CONTEXT(2) 
PARAMETRIC_REPRESENTATION_CONTEXT() REPRESENTATION_CONTEXT('2D SPACE',''
  ) );
#5073 = ORIENTED_EDGE('',*,*,#510,.F.);
#5074 = ADVANCED_FACE('',(#5075),#2299,.T.);
#5075 = FACE_BOUND('',#5076,.T.);
#5076 = EDGE_LOOP('',(#5077,#5095,#5096,#5097));
#5077 = ORIENTED_EDGE('',*,*,#5078,.T.);
#5078 = EDGE_CURVE('',#2261,#4237,#5079,.T.);
#5079 = SURFACE_CURVE('',#5080,(#5083,#5089),.PCURVE_S1.);
#5080 = B_SPLINE_CURVE_WITH_KNOTS('',1,(#5081,#5082),.UNSPECIFIED.,.F.,
  .F.,(2,2),(0.,78.7402),.PIECEWISE_BEZIER_KNOTS.);
#5081 = CARTESIAN_POINT('',(9.517742050371,-18.03067135093,
    33.000066040132));
#5082 = CARTESIAN_POINT('',(9.517742050371,-18.03067135093,
    35.000071120142));
#5083 = PCURVE('',#2299,#5084);
#5084 = DEFINITIONAL_REPRESENTATION('',(#5085),#5088);
#5085 = B_SPLINE_CURVE_WITH_KNOTS('',1,(#5086,#5087),.UNSPECIFIED.,.F.,
  .F.,(2,2),(0.,78.7402),.PIECEWISE_BEZIER_KNOTS.);
#5086 = CARTESIAN_POINT('',(0.,0.));
#5087 = CARTESIAN_POINT('',(0.,-78.7402));
#5088 = ( GEOMETRIC_REPRESENTATION_CONTEXT(2) 
PARAMETRIC_REPRESENTATION_CONTEXT() REPRESENTATION_CONTEXT('2D SPACE',''
  ) );
#5089 = PCURVE('',#2274,#5090);
#5090 = DEFINITIONAL_REPRESENTATION('',(#5091),#5094);
#5091 = B_SPLINE_CURVE_WITH_KNOTS('',1,(#5092,#5093),.UNSPECIFIED.,.F.,
  .F.,(2,2),(0.,78.7402),.PIECEWISE_BEZIER_KNOTS.);
#5092 = CARTESIAN_POINT('',(2.688277844265,0.));
#5093 = CARTESIAN_POINT('',(2.688277844265,-78.7402));
#5094 = ( GEOMETRIC_REPRESENTATION_CONTEXT(2) 
PARAMETRIC_REPRESENTATION_CONTEXT() REPRESENTATION_CONTEXT('2D SPACE',''
  ) );
#5095 = ORIENTED_EDGE('',*,*,#4256,.T.);
#5096 = ORIENTED_EDGE('',*,*,#5030,.F.);
#5097 = ORIENTED_EDGE('',*,*,#2285,.F.);
#5098 = ADVANCED_FACE('',(#5099),#549,.T.);
#5099 = FACE_BOUND('',#5100,.T.);
#5100 = EDGE_LOOP('',(#5101,#5102,#5103,#5121));
#5101 = ORIENTED_EDGE('',*,*,#5056,.T.);
#5102 = ORIENTED_EDGE('',*,*,#2856,.T.);
#5103 = ORIENTED_EDGE('',*,*,#5104,.F.);
#5104 = EDGE_CURVE('',#536,#2857,#5105,.T.);
#5105 = SURFACE_CURVE('',#5106,(#5109,#5115),.PCURVE_S1.);
#5106 = B_SPLINE_CURVE_WITH_KNOTS('',1,(#5107,#5108),.UNSPECIFIED.,.F.,
  .F.,(2,2),(0.,78.7402),.PIECEWISE_BEZIER_KNOTS.);
#5107 = CARTESIAN_POINT('',(9.517742050371,-11.97923720888,
    33.000066040132));
#5108 = CARTESIAN_POINT('',(9.517742050371,-11.97923720888,
    35.000071120142));
#5109 = PCURVE('',#549,#5110);
#5110 = DEFINITIONAL_REPRESENTATION('',(#5111),#5114);
#5111 = B_SPLINE_CURVE_WITH_KNOTS('',1,(#5112,#5113),.UNSPECIFIED.,.F.,
  .F.,(2,2),(0.,78.7402),.PIECEWISE_BEZIER_KNOTS.);
#5112 = CARTESIAN_POINT('',(2.688277844265,0.));
#5113 = CARTESIAN_POINT('',(2.688277844265,-78.7402));
#5114 = ( GEOMETRIC_REPRESENTATION_CONTEXT(2) 
PARAMETRIC_REPRESENTATION_CONTEXT() REPRESENTATION_CONTEXT('2D SPACE',''
  ) );
#5115 = PCURVE('',#574,#5116);
#5116 = DEFINITIONAL_REPRESENTATION('',(#5117),#5120);
#5117 = B_SPLINE_CURVE_WITH_KNOTS('',1,(#5118,#5119),.UNSPECIFIED.,.F.,
  .F.,(2,2),(0.,78.7402),.PIECEWISE_BEZIER_KNOTS.);
#5118 = CARTESIAN_POINT('',(0.,0.));
#5119 = CARTESIAN_POINT('',(0.,-78.7402));
#5120 = ( GEOMETRIC_REPRESENTATION_CONTEXT(2) 
PARAMETRIC_REPRESENTATION_CONTEXT() REPRESENTATION_CONTEXT('2D SPACE',''
  ) );
#5121 = ORIENTED_EDGE('',*,*,#535,.F.);
#5122 = ADVANCED_FACE('',(#5123),#2274,.T.);
#5123 = FACE_BOUND('',#5124,.T.);
#5124 = EDGE_LOOP('',(#5125,#5143,#5144,#5145));
#5125 = ORIENTED_EDGE('',*,*,#5126,.T.);
#5126 = EDGE_CURVE('',#2236,#4217,#5127,.T.);
#5127 = SURFACE_CURVE('',#5128,(#5131,#5137),.PCURVE_S1.);
#5128 = B_SPLINE_CURVE_WITH_KNOTS('',1,(#5129,#5130),.UNSPECIFIED.,.F.,
  .F.,(2,2),(0.,78.7402),.PIECEWISE_BEZIER_KNOTS.);
#5129 = CARTESIAN_POINT('',(9.572149810777,-18.07193005803,
    33.000066040132));
#5130 = CARTESIAN_POINT('',(9.572149810777,-18.07193005803,
    35.000071120142));
#5131 = PCURVE('',#2274,#5132);
#5132 = DEFINITIONAL_REPRESENTATION('',(#5133),#5136);
#5133 = B_SPLINE_CURVE_WITH_KNOTS('',1,(#5134,#5135),.UNSPECIFIED.,.F.,
  .F.,(2,2),(0.,78.7402),.PIECEWISE_BEZIER_KNOTS.);
#5134 = CARTESIAN_POINT('',(0.,0.));
#5135 = CARTESIAN_POINT('',(0.,-78.7402));
#5136 = ( GEOMETRIC_REPRESENTATION_CONTEXT(2) 
PARAMETRIC_REPRESENTATION_CONTEXT() REPRESENTATION_CONTEXT('2D SPACE',''
  ) );
#5137 = PCURVE('',#2249,#5138);
#5138 = DEFINITIONAL_REPRESENTATION('',(#5139),#5142);
#5139 = B_SPLINE_CURVE_WITH_KNOTS('',1,(#5140,#5141),.UNSPECIFIED.,.F.,
  .F.,(2,2),(0.,78.7402),.PIECEWISE_BEZIER_KNOTS.);
#5140 = CARTESIAN_POINT('',(2.688277844265,0.));
#5141 = CARTESIAN_POINT('',(2.688277844265,-78.7402));
#5142 = ( GEOMETRIC_REPRESENTATION_CONTEXT(2) 
PARAMETRIC_REPRESENTATION_CONTEXT() REPRESENTATION_CONTEXT('2D SPACE',''
  ) );
#5143 = ORIENTED_EDGE('',*,*,#4236,.T.);
#5144 = ORIENTED_EDGE('',*,*,#5078,.F.);
#5145 = ORIENTED_EDGE('',*,*,#2260,.F.);
#5146 = ADVANCED_FACE('',(#5147),#574,.T.);
#5147 = FACE_BOUND('',#5148,.T.);
#5148 = EDGE_LOOP('',(#5149,#5150,#5151,#5169));
#5149 = ORIENTED_EDGE('',*,*,#5104,.T.);
#5150 = ORIENTED_EDGE('',*,*,#2876,.T.);
#5151 = ORIENTED_EDGE('',*,*,#5152,.F.);
#5152 = EDGE_CURVE('',#561,#2877,#5153,.T.);
#5153 = SURFACE_CURVE('',#5154,(#5157,#5163),.PCURVE_S1.);
#5154 = B_SPLINE_CURVE_WITH_KNOTS('',1,(#5155,#5156),.UNSPECIFIED.,.F.,
  .F.,(2,2),(0.,78.7402),.PIECEWISE_BEZIER_KNOTS.);
#5155 = CARTESIAN_POINT('',(9.572149810777,-11.93797850178,
    33.000066040132));
#5156 = CARTESIAN_POINT('',(9.572149810777,-11.93797850178,
    35.000071120142));
#5157 = PCURVE('',#574,#5158);
#5158 = DEFINITIONAL_REPRESENTATION('',(#5159),#5162);
#5159 = B_SPLINE_CURVE_WITH_KNOTS('',1,(#5160,#5161),.UNSPECIFIED.,.F.,
  .F.,(2,2),(0.,78.7402),.PIECEWISE_BEZIER_KNOTS.);
#5160 = CARTESIAN_POINT('',(2.688277844265,0.));
#5161 = CARTESIAN_POINT('',(2.688277844265,-78.7402));
#5162 = ( GEOMETRIC_REPRESENTATION_CONTEXT(2) 
PARAMETRIC_REPRESENTATION_CONTEXT() REPRESENTATION_CONTEXT('2D SPACE',''
  ) );
#5163 = PCURVE('',#599,#5164);
#5164 = DEFINITIONAL_REPRESENTATION('',(#5165),#5168);
#5165 = B_SPLINE_CURVE_WITH_KNOTS('',1,(#5166,#5167),.UNSPECIFIED.,.F.,
  .F.,(2,2),(0.,78.7402),.PIECEWISE_BEZIER_KNOTS.);
#5166 = CARTESIAN_POINT('',(0.,0.));
#5167 = CARTESIAN_POINT('',(0.,-78.7402));
#5168 = ( GEOMETRIC_REPRESENTATION_CONTEXT(2) 
PARAMETRIC_REPRESENTATION_CONTEXT() REPRESENTATION_CONTEXT('2D SPACE',''
  ) );
#5169 = ORIENTED_EDGE('',*,*,#560,.F.);
#5170 = ADVANCED_FACE('',(#5171),#2249,.T.);
#5171 = FACE_BOUND('',#5172,.T.);
#5172 = EDGE_LOOP('',(#5173,#5191,#5192,#5193));
#5173 = ORIENTED_EDGE('',*,*,#5174,.T.);
#5174 = EDGE_CURVE('',#2211,#4197,#5175,.T.);
#5175 = SURFACE_CURVE('',#5176,(#5179,#5185),.PCURVE_S1.);
#5176 = B_SPLINE_CURVE_WITH_KNOTS('',1,(#5177,#5178),.UNSPECIFIED.,.F.,
  .F.,(2,2),(0.,78.7402),.PIECEWISE_BEZIER_KNOTS.);
#5177 = CARTESIAN_POINT('',(9.629246327882,-18.10937966469,
    33.000066040132));
#5178 = CARTESIAN_POINT('',(9.629246327882,-18.10937966469,
    35.000071120142));
#5179 = PCURVE('',#2249,#5180);
#5180 = DEFINITIONAL_REPRESENTATION('',(#5181),#5184);
#5181 = B_SPLINE_CURVE_WITH_KNOTS('',1,(#5182,#5183),.UNSPECIFIED.,.F.,
  .F.,(2,2),(0.,78.7402),.PIECEWISE_BEZIER_KNOTS.);
#5182 = CARTESIAN_POINT('',(0.,0.));
#5183 = CARTESIAN_POINT('',(0.,-78.7402));
#5184 = ( GEOMETRIC_REPRESENTATION_CONTEXT(2) 
PARAMETRIC_REPRESENTATION_CONTEXT() REPRESENTATION_CONTEXT('2D SPACE',''
  ) );
#5185 = PCURVE('',#2224,#5186);
#5186 = DEFINITIONAL_REPRESENTATION('',(#5187),#5190);
#5187 = B_SPLINE_CURVE_WITH_KNOTS('',1,(#5188,#5189),.UNSPECIFIED.,.F.,
  .F.,(2,2),(0.,78.7402),.PIECEWISE_BEZIER_KNOTS.);
#5188 = CARTESIAN_POINT('',(2.688277844265,0.));
#5189 = CARTESIAN_POINT('',(2.688277844265,-78.7402));
#5190 = ( GEOMETRIC_REPRESENTATION_CONTEXT(2) 
PARAMETRIC_REPRESENTATION_CONTEXT() REPRESENTATION_CONTEXT('2D SPACE',''
  ) );
#5191 = ORIENTED_EDGE('',*,*,#4216,.T.);
#5192 = ORIENTED_EDGE('',*,*,#5126,.F.);
#5193 = ORIENTED_EDGE('',*,*,#2235,.F.);
#5194 = ADVANCED_FACE('',(#5195),#599,.T.);
#5195 = FACE_BOUND('',#5196,.T.);
#5196 = EDGE_LOOP('',(#5197,#5198,#5199,#5217));
#5197 = ORIENTED_EDGE('',*,*,#5152,.T.);
#5198 = ORIENTED_EDGE('',*,*,#2896,.T.);
#5199 = ORIENTED_EDGE('',*,*,#5200,.F.);
#5200 = EDGE_CURVE('',#586,#2897,#5201,.T.);
#5201 = SURFACE_CURVE('',#5202,(#5205,#5211),.PCURVE_S1.);
#5202 = B_SPLINE_CURVE_WITH_KNOTS('',1,(#5203,#5204),.UNSPECIFIED.,.F.,
  .F.,(2,2),(0.,78.7402),.PIECEWISE_BEZIER_KNOTS.);
#5203 = CARTESIAN_POINT('',(9.629246327882,-11.90052889512,
    33.000066040132));
#5204 = CARTESIAN_POINT('',(9.629246327882,-11.90052889512,
    35.000071120142));
#5205 = PCURVE('',#599,#5206);
#5206 = DEFINITIONAL_REPRESENTATION('',(#5207),#5210);
#5207 = B_SPLINE_CURVE_WITH_KNOTS('',1,(#5208,#5209),.UNSPECIFIED.,.F.,
  .F.,(2,2),(0.,78.7402),.PIECEWISE_BEZIER_KNOTS.);
#5208 = CARTESIAN_POINT('',(2.688277844265,0.));
#5209 = CARTESIAN_POINT('',(2.688277844265,-78.7402));
#5210 = ( GEOMETRIC_REPRESENTATION_CONTEXT(2) 
PARAMETRIC_REPRESENTATION_CONTEXT() REPRESENTATION_CONTEXT('2D SPACE',''
  ) );
#5211 = PCURVE('',#624,#5212);
#5212 = DEFINITIONAL_REPRESENTATION('',(#5213),#5216);
#5213 = B_SPLINE_CURVE_WITH_KNOTS('',1,(#5214,#5215),.UNSPECIFIED.,.F.,
  .F.,(2,2),(0.,78.7402),.PIECEWISE_BEZIER_KNOTS.);
#5214 = CARTESIAN_POINT('',(0.,0.));
#5215 = CARTESIAN_POINT('',(0.,-78.7402));
#5216 = ( GEOMETRIC_REPRESENTATION_CONTEXT(2) 
PARAMETRIC_REPRESENTATION_CONTEXT() REPRESENTATION_CONTEXT('2D SPACE',''
  ) );
#5217 = ORIENTED_EDGE('',*,*,#585,.F.);
#5218 = ADVANCED_FACE('',(#5219),#2224,.T.);
#5219 = FACE_BOUND('',#5220,.T.);
#5220 = EDGE_LOOP('',(#5221,#5239,#5240,#5241));
#5221 = ORIENTED_EDGE('',*,*,#5222,.T.);
#5222 = EDGE_CURVE('',#2186,#4177,#5223,.T.);
#5223 = SURFACE_CURVE('',#5224,(#5227,#5233),.PCURVE_S1.);
#5224 = B_SPLINE_CURVE_WITH_KNOTS('',1,(#5225,#5226),.UNSPECIFIED.,.F.,
  .F.,(2,2),(0.,78.7402),.PIECEWISE_BEZIER_KNOTS.);
#5225 = CARTESIAN_POINT('',(9.688765391365,-18.14284556355,
    33.000066040132));
#5226 = CARTESIAN_POINT('',(9.688765391365,-18.14284556355,
    35.000071120142));
#5227 = PCURVE('',#2224,#5228);
#5228 = DEFINITIONAL_REPRESENTATION('',(#5229),#5232);
#5229 = B_SPLINE_CURVE_WITH_KNOTS('',1,(#5230,#5231),.UNSPECIFIED.,.F.,
  .F.,(2,2),(0.,78.7402),.PIECEWISE_BEZIER_KNOTS.);
#5230 = CARTESIAN_POINT('',(0.,0.));
#5231 = CARTESIAN_POINT('',(0.,-78.7402));
#5232 = ( GEOMETRIC_REPRESENTATION_CONTEXT(2) 
PARAMETRIC_REPRESENTATION_CONTEXT() REPRESENTATION_CONTEXT('2D SPACE',''
  ) );
#5233 = PCURVE('',#2199,#5234);
#5234 = DEFINITIONAL_REPRESENTATION('',(#5235),#5238);
#5235 = B_SPLINE_CURVE_WITH_KNOTS('',1,(#5236,#5237),.UNSPECIFIED.,.F.,
  .F.,(2,2),(0.,78.7402),.PIECEWISE_BEZIER_KNOTS.);
#5236 = CARTESIAN_POINT('',(2.688277844265,0.));
#5237 = CARTESIAN_POINT('',(2.688277844265,-78.7402));
#5238 = ( GEOMETRIC_REPRESENTATION_CONTEXT(2) 
PARAMETRIC_REPRESENTATION_CONTEXT() REPRESENTATION_CONTEXT('2D SPACE',''
  ) );
#5239 = ORIENTED_EDGE('',*,*,#4196,.T.);
#5240 = ORIENTED_EDGE('',*,*,#5174,.F.);
#5241 = ORIENTED_EDGE('',*,*,#2210,.F.);
#5242 = ADVANCED_FACE('',(#5243),#624,.T.);
#5243 = FACE_BOUND('',#5244,.T.);
#5244 = EDGE_LOOP('',(#5245,#5246,#5247,#5265));
#5245 = ORIENTED_EDGE('',*,*,#5200,.T.);
#5246 = ORIENTED_EDGE('',*,*,#2916,.T.);
#5247 = ORIENTED_EDGE('',*,*,#5248,.F.);
#5248 = EDGE_CURVE('',#611,#2917,#5249,.T.);
#5249 = SURFACE_CURVE('',#5250,(#5253,#5259),.PCURVE_S1.);
#5250 = B_SPLINE_CURVE_WITH_KNOTS('',1,(#5251,#5252),.UNSPECIFIED.,.F.,
  .F.,(2,2),(0.,78.7402),.PIECEWISE_BEZIER_KNOTS.);
#5251 = CARTESIAN_POINT('',(9.688765391365,-11.86706299626,
    33.000066040132));
#5252 = CARTESIAN_POINT('',(9.688765391365,-11.86706299626,
    35.000071120142));
#5253 = PCURVE('',#624,#5254);
#5254 = DEFINITIONAL_REPRESENTATION('',(#5255),#5258);
#5255 = B_SPLINE_CURVE_WITH_KNOTS('',1,(#5256,#5257),.UNSPECIFIED.,.F.,
  .F.,(2,2),(0.,78.7402),.PIECEWISE_BEZIER_KNOTS.);
#5256 = CARTESIAN_POINT('',(2.688277844265,0.));
#5257 = CARTESIAN_POINT('',(2.688277844265,-78.7402));
#5258 = ( GEOMETRIC_REPRESENTATION_CONTEXT(2) 
PARAMETRIC_REPRESENTATION_CONTEXT() REPRESENTATION_CONTEXT('2D SPACE',''
  ) );
#5259 = PCURVE('',#649,#5260);
#5260 = DEFINITIONAL_REPRESENTATION('',(#5261),#5264);
#5261 = B_SPLINE_CURVE_WITH_KNOTS('',1,(#5262,#5263),.UNSPECIFIED.,.F.,
  .F.,(2,2),(0.,78.7402),.PIECEWISE_BEZIER_KNOTS.);
#5262 = CARTESIAN_POINT('',(0.,0.));
#5263 = CARTESIAN_POINT('',(0.,-78.7402));
#5264 = ( GEOMETRIC_REPRESENTATION_CONTEXT(2) 
PARAMETRIC_REPRESENTATION_CONTEXT() REPRESENTATION_CONTEXT('2D SPACE',''
  ) );
#5265 = ORIENTED_EDGE('',*,*,#610,.F.);
#5266 = ADVANCED_FACE('',(#5267),#2199,.T.);
#5267 = FACE_BOUND('',#5268,.T.);
#5268 = EDGE_LOOP('',(#5269,#5287,#5288,#5289));
#5269 = ORIENTED_EDGE('',*,*,#5270,.T.);
#5270 = EDGE_CURVE('',#2161,#4157,#5271,.T.);
#5271 = SURFACE_CURVE('',#5272,(#5275,#5281),.PCURVE_S1.);
#5272 = B_SPLINE_CURVE_WITH_KNOTS('',1,(#5273,#5274),.UNSPECIFIED.,.F.,
  .F.,(2,2),(0.,78.7402),.PIECEWISE_BEZIER_KNOTS.);
#5273 = CARTESIAN_POINT('',(9.750429495876,-18.17217172114,
    33.000066040132));
#5274 = CARTESIAN_POINT('',(9.750429495876,-18.17217172114,
    35.000071120142));
#5275 = PCURVE('',#2199,#5276);
#5276 = DEFINITIONAL_REPRESENTATION('',(#5277),#5280);
#5277 = B_SPLINE_CURVE_WITH_KNOTS('',1,(#5278,#5279),.UNSPECIFIED.,.F.,
  .F.,(2,2),(0.,78.7402),.PIECEWISE_BEZIER_KNOTS.);
#5278 = CARTESIAN_POINT('',(0.,0.));
#5279 = CARTESIAN_POINT('',(0.,-78.7402));
#5280 = ( GEOMETRIC_REPRESENTATION_CONTEXT(2) 
PARAMETRIC_REPRESENTATION_CONTEXT() REPRESENTATION_CONTEXT('2D SPACE',''
  ) );
#5281 = PCURVE('',#2174,#5282);
#5282 = DEFINITIONAL_REPRESENTATION('',(#5283),#5286);
#5283 = B_SPLINE_CURVE_WITH_KNOTS('',1,(#5284,#5285),.UNSPECIFIED.,.F.,
  .F.,(2,2),(0.,78.7402),.PIECEWISE_BEZIER_KNOTS.);
#5284 = CARTESIAN_POINT('',(2.688277844265,0.));
#5285 = CARTESIAN_POINT('',(2.688277844265,-78.7402));
#5286 = ( GEOMETRIC_REPRESENTATION_CONTEXT(2) 
PARAMETRIC_REPRESENTATION_CONTEXT() REPRESENTATION_CONTEXT('2D SPACE',''
  ) );
#5287 = ORIENTED_EDGE('',*,*,#4176,.T.);
#5288 = ORIENTED_EDGE('',*,*,#5222,.F.);
#5289 = ORIENTED_EDGE('',*,*,#2185,.F.);
#5290 = ADVANCED_FACE('',(#5291),#649,.T.);
#5291 = FACE_BOUND('',#5292,.T.);
#5292 = EDGE_LOOP('',(#5293,#5294,#5295,#5313));
#5293 = ORIENTED_EDGE('',*,*,#5248,.T.);
#5294 = ORIENTED_EDGE('',*,*,#2936,.T.);
#5295 = ORIENTED_EDGE('',*,*,#5296,.F.);
#5296 = EDGE_CURVE('',#636,#2937,#5297,.T.);
#5297 = SURFACE_CURVE('',#5298,(#5301,#5307),.PCURVE_S1.);
#5298 = B_SPLINE_CURVE_WITH_KNOTS('',1,(#5299,#5300),.UNSPECIFIED.,.F.,
  .F.,(2,2),(0.,78.7402),.PIECEWISE_BEZIER_KNOTS.);
#5299 = CARTESIAN_POINT('',(9.750429495876,-11.83773683867,
    33.000066040132));
#5300 = CARTESIAN_POINT('',(9.750429495876,-11.83773683867,
    35.000071120142));
#5301 = PCURVE('',#649,#5302);
#5302 = DEFINITIONAL_REPRESENTATION('',(#5303),#5306);
#5303 = B_SPLINE_CURVE_WITH_KNOTS('',1,(#5304,#5305),.UNSPECIFIED.,.F.,
  .F.,(2,2),(0.,78.7402),.PIECEWISE_BEZIER_KNOTS.);
#5304 = CARTESIAN_POINT('',(2.688277844265,0.));
#5305 = CARTESIAN_POINT('',(2.688277844265,-78.7402));
#5306 = ( GEOMETRIC_REPRESENTATION_CONTEXT(2) 
PARAMETRIC_REPRESENTATION_CONTEXT() REPRESENTATION_CONTEXT('2D SPACE',''
  ) );
#5307 = PCURVE('',#674,#5308);
#5308 = DEFINITIONAL_REPRESENTATION('',(#5309),#5312);
#5309 = B_SPLINE_CURVE_WITH_KNOTS('',1,(#5310,#5311),.UNSPECIFIED.,.F.,
  .F.,(2,2),(0.,78.7402),.PIECEWISE_BEZIER_KNOTS.);
#5310 = CARTESIAN_POINT('',(0.,0.));
#5311 = CARTESIAN_POINT('',(0.,-78.7402));
#5312 = ( GEOMETRIC_REPRESENTATION_CONTEXT(2) 
PARAMETRIC_REPRESENTATION_CONTEXT() REPRESENTATION_CONTEXT('2D SPACE',''
  ) );
#5313 = ORIENTED_EDGE('',*,*,#635,.F.);
#5314 = ADVANCED_FACE('',(#5315),#2174,.T.);
#5315 = FACE_BOUND('',#5316,.T.);
#5316 = EDGE_LOOP('',(#5317,#5335,#5336,#5337));
#5317 = ORIENTED_EDGE('',*,*,#5318,.T.);
#5318 = EDGE_CURVE('',#2136,#4137,#5319,.T.);
#5319 = SURFACE_CURVE('',#5320,(#5323,#5329),.PCURVE_S1.);
#5320 = B_SPLINE_CURVE_WITH_KNOTS('',1,(#5321,#5322),.UNSPECIFIED.,.F.,
  .F.,(2,2),(0.,78.7402),.PIECEWISE_BEZIER_KNOTS.);
#5321 = CARTESIAN_POINT('',(9.813951134896,-18.19722140538,
    33.000066040132));
#5322 = CARTESIAN_POINT('',(9.813951134896,-18.19722140538,
    35.000071120142));
#5323 = PCURVE('',#2174,#5324);
#5324 = DEFINITIONAL_REPRESENTATION('',(#5325),#5328);
#5325 = B_SPLINE_CURVE_WITH_KNOTS('',1,(#5326,#5327),.UNSPECIFIED.,.F.,
  .F.,(2,2),(0.,78.7402),.PIECEWISE_BEZIER_KNOTS.);
#5326 = CARTESIAN_POINT('',(0.,0.));
#5327 = CARTESIAN_POINT('',(0.,-78.7402));
#5328 = ( GEOMETRIC_REPRESENTATION_CONTEXT(2) 
PARAMETRIC_REPRESENTATION_CONTEXT() REPRESENTATION_CONTEXT('2D SPACE',''
  ) );
#5329 = PCURVE('',#2149,#5330);
#5330 = DEFINITIONAL_REPRESENTATION('',(#5331),#5334);
#5331 = B_SPLINE_CURVE_WITH_KNOTS('',1,(#5332,#5333),.UNSPECIFIED.,.F.,
  .F.,(2,2),(0.,78.7402),.PIECEWISE_BEZIER_KNOTS.);
#5332 = CARTESIAN_POINT('',(2.688277844265,0.));
#5333 = CARTESIAN_POINT('',(2.688277844265,-78.7402));
#5334 = ( GEOMETRIC_REPRESENTATION_CONTEXT(2) 
PARAMETRIC_REPRESENTATION_CONTEXT() REPRESENTATION_CONTEXT('2D SPACE',''
  ) );
#5335 = ORIENTED_EDGE('',*,*,#4156,.T.);
#5336 = ORIENTED_EDGE('',*,*,#5270,.F.);
#5337 = ORIENTED_EDGE('',*,*,#2160,.F.);
#5338 = ADVANCED_FACE('',(#5339),#674,.T.);
#5339 = FACE_BOUND('',#5340,.T.);
#5340 = EDGE_LOOP('',(#5341,#5342,#5343,#5361));
#5341 = ORIENTED_EDGE('',*,*,#5296,.T.);
#5342 = ORIENTED_EDGE('',*,*,#2956,.T.);
#5343 = ORIENTED_EDGE('',*,*,#5344,.F.);
#5344 = EDGE_CURVE('',#661,#2957,#5345,.T.);
#5345 = SURFACE_CURVE('',#5346,(#5349,#5355),.PCURVE_S1.);
#5346 = B_SPLINE_CURVE_WITH_KNOTS('',1,(#5347,#5348),.UNSPECIFIED.,.F.,
  .F.,(2,2),(0.,78.7402),.PIECEWISE_BEZIER_KNOTS.);
#5347 = CARTESIAN_POINT('',(9.813951134896,-11.81268715443,
    33.000066040132));
#5348 = CARTESIAN_POINT('',(9.813951134896,-11.81268715443,
    35.000071120142));
#5349 = PCURVE('',#674,#5350);
#5350 = DEFINITIONAL_REPRESENTATION('',(#5351),#5354);
#5351 = B_SPLINE_CURVE_WITH_KNOTS('',1,(#5352,#5353),.UNSPECIFIED.,.F.,
  .F.,(2,2),(0.,78.7402),.PIECEWISE_BEZIER_KNOTS.);
#5352 = CARTESIAN_POINT('',(2.688277844265,0.));
#5353 = CARTESIAN_POINT('',(2.688277844265,-78.7402));
#5354 = ( GEOMETRIC_REPRESENTATION_CONTEXT(2) 
PARAMETRIC_REPRESENTATION_CONTEXT() REPRESENTATION_CONTEXT('2D SPACE',''
  ) );
#5355 = PCURVE('',#699,#5356);
#5356 = DEFINITIONAL_REPRESENTATION('',(#5357),#5360);
#5357 = B_SPLINE_CURVE_WITH_KNOTS('',1,(#5358,#5359),.UNSPECIFIED.,.F.,
  .F.,(2,2),(0.,78.7402),.PIECEWISE_BEZIER_KNOTS.);
#5358 = CARTESIAN_POINT('',(0.,0.));
#5359 = CARTESIAN_POINT('',(0.,-78.7402));
#5360 = ( GEOMETRIC_REPRESENTATION_CONTEXT(2) 
PARAMETRIC_REPRESENTATION_CONTEXT() REPRESENTATION_CONTEXT('2D SPACE',''
  ) );
#5361 = ORIENTED_EDGE('',*,*,#660,.F.);
#5362 = ADVANCED_FACE('',(#5363),#2149,.T.);
#5363 = FACE_BOUND('',#5364,.T.);
#5364 = EDGE_LOOP('',(#5365,#5383,#5384,#5385));
#5365 = ORIENTED_EDGE('',*,*,#5366,.T.);
#5366 = EDGE_CURVE('',#2111,#4117,#5367,.T.);
#5367 = SURFACE_CURVE('',#5368,(#5371,#5377),.PCURVE_S1.);
#5368 = B_SPLINE_CURVE_WITH_KNOTS('',1,(#5369,#5370),.UNSPECIFIED.,.F.,
  .F.,(2,2),(0.,78.7402),.PIECEWISE_BEZIER_KNOTS.);
#5369 = CARTESIAN_POINT('',(9.879034141221,-18.21787782307,
    33.000066040132));
#5370 = CARTESIAN_POINT('',(9.879034141221,-18.21787782307,
    35.000071120142));
#5371 = PCURVE('',#2149,#5372);
#5372 = DEFINITIONAL_REPRESENTATION('',(#5373),#5376);
#5373 = B_SPLINE_CURVE_WITH_KNOTS('',1,(#5374,#5375),.UNSPECIFIED.,.F.,
  .F.,(2,2),(0.,78.7402),.PIECEWISE_BEZIER_KNOTS.);
#5374 = CARTESIAN_POINT('',(0.,0.));
#5375 = CARTESIAN_POINT('',(0.,-78.7402));
#5376 = ( GEOMETRIC_REPRESENTATION_CONTEXT(2) 
PARAMETRIC_REPRESENTATION_CONTEXT() REPRESENTATION_CONTEXT('2D SPACE',''
  ) );
#5377 = PCURVE('',#2124,#5378);
#5378 = DEFINITIONAL_REPRESENTATION('',(#5379),#5382);
#5379 = B_SPLINE_CURVE_WITH_KNOTS('',1,(#5380,#5381),.UNSPECIFIED.,.F.,
  .F.,(2,2),(0.,78.7402),.PIECEWISE_BEZIER_KNOTS.);
#5380 = CARTESIAN_POINT('',(2.688277844265,0.));
#5381 = CARTESIAN_POINT('',(2.688277844265,-78.7402));
#5382 = ( GEOMETRIC_REPRESENTATION_CONTEXT(2) 
PARAMETRIC_REPRESENTATION_CONTEXT() REPRESENTATION_CONTEXT('2D SPACE',''
  ) );
#5383 = ORIENTED_EDGE('',*,*,#4136,.T.);
#5384 = ORIENTED_EDGE('',*,*,#5318,.F.);
#5385 = ORIENTED_EDGE('',*,*,#2135,.F.);
#5386 = ADVANCED_FACE('',(#5387),#699,.T.);
#5387 = FACE_BOUND('',#5388,.T.);
#5388 = EDGE_LOOP('',(#5389,#5390,#5391,#5409));
#5389 = ORIENTED_EDGE('',*,*,#5344,.T.);
#5390 = ORIENTED_EDGE('',*,*,#2976,.T.);
#5391 = ORIENTED_EDGE('',*,*,#5392,.F.);
#5392 = EDGE_CURVE('',#686,#2977,#5393,.T.);
#5393 = SURFACE_CURVE('',#5394,(#5397,#5403),.PCURVE_S1.);
#5394 = B_SPLINE_CURVE_WITH_KNOTS('',1,(#5395,#5396),.UNSPECIFIED.,.F.,
  .F.,(2,2),(0.,78.7402),.PIECEWISE_BEZIER_KNOTS.);
#5395 = CARTESIAN_POINT('',(9.879034141221,-11.79203073673,
    33.000066040132));
#5396 = CARTESIAN_POINT('',(9.879034141221,-11.79203073673,
    35.000071120142));
#5397 = PCURVE('',#699,#5398);
#5398 = DEFINITIONAL_REPRESENTATION('',(#5399),#5402);
#5399 = B_SPLINE_CURVE_WITH_KNOTS('',1,(#5400,#5401),.UNSPECIFIED.,.F.,
  .F.,(2,2),(0.,78.7402),.PIECEWISE_BEZIER_KNOTS.);
#5400 = CARTESIAN_POINT('',(2.688277844265,0.));
#5401 = CARTESIAN_POINT('',(2.688277844265,-78.7402));
#5402 = ( GEOMETRIC_REPRESENTATION_CONTEXT(2) 
PARAMETRIC_REPRESENTATION_CONTEXT() REPRESENTATION_CONTEXT('2D SPACE',''
  ) );
#5403 = PCURVE('',#724,#5404);
#5404 = DEFINITIONAL_REPRESENTATION('',(#5405),#5408);
#5405 = B_SPLINE_CURVE_WITH_KNOTS('',1,(#5406,#5407),.UNSPECIFIED.,.F.,
  .F.,(2,2),(0.,78.7402),.PIECEWISE_BEZIER_KNOTS.);
#5406 = CARTESIAN_POINT('',(0.,0.));
#5407 = CARTESIAN_POINT('',(0.,-78.7402));
#5408 = ( GEOMETRIC_REPRESENTATION_CONTEXT(2) 
PARAMETRIC_REPRESENTATION_CONTEXT() REPRESENTATION_CONTEXT('2D SPACE',''
  ) );
#5409 = ORIENTED_EDGE('',*,*,#685,.F.);
#5410 = ADVANCED_FACE('',(#5411),#2124,.T.);
#5411 = FACE_BOUND('',#5412,.T.);
#5412 = EDGE_LOOP('',(#5413,#5431,#5432,#5433));
#5413 = ORIENTED_EDGE('',*,*,#5414,.T.);
#5414 = EDGE_CURVE('',#2086,#4097,#5415,.T.);
#5415 = SURFACE_CURVE('',#5416,(#5419,#5425),.PCURVE_S1.);
#5416 = B_SPLINE_CURVE_WITH_KNOTS('',1,(#5417,#5418),.UNSPECIFIED.,.F.,
  .F.,(2,2),(0.,78.7402),.PIECEWISE_BEZIER_KNOTS.);
#5417 = CARTESIAN_POINT('',(9.945375067831,-18.23404466447,
    33.000066040132));
#5418 = CARTESIAN_POINT('',(9.945375067831,-18.23404466447,
    35.000071120142));
#5419 = PCURVE('',#2124,#5420);
#5420 = DEFINITIONAL_REPRESENTATION('',(#5421),#5424);
#5421 = B_SPLINE_CURVE_WITH_KNOTS('',1,(#5422,#5423),.UNSPECIFIED.,.F.,
  .F.,(2,2),(0.,78.7402),.PIECEWISE_BEZIER_KNOTS.);
#5422 = CARTESIAN_POINT('',(0.,0.));
#5423 = CARTESIAN_POINT('',(0.,-78.7402));
#5424 = ( GEOMETRIC_REPRESENTATION_CONTEXT(2) 
PARAMETRIC_REPRESENTATION_CONTEXT() REPRESENTATION_CONTEXT('2D SPACE',''
  ) );
#5425 = PCURVE('',#2099,#5426);
#5426 = DEFINITIONAL_REPRESENTATION('',(#5427),#5430);
#5427 = B_SPLINE_CURVE_WITH_KNOTS('',1,(#5428,#5429),.UNSPECIFIED.,.F.,
  .F.,(2,2),(0.,78.7402),.PIECEWISE_BEZIER_KNOTS.);
#5428 = CARTESIAN_POINT('',(2.688277844265,0.));
#5429 = CARTESIAN_POINT('',(2.688277844265,-78.7402));
#5430 = ( GEOMETRIC_REPRESENTATION_CONTEXT(2) 
PARAMETRIC_REPRESENTATION_CONTEXT() REPRESENTATION_CONTEXT('2D SPACE',''
  ) );
#5431 = ORIENTED_EDGE('',*,*,#4116,.T.);
#5432 = ORIENTED_EDGE('',*,*,#5366,.F.);
#5433 = ORIENTED_EDGE('',*,*,#2110,.F.);
#5434 = ADVANCED_FACE('',(#5435),#724,.T.);
#5435 = FACE_BOUND('',#5436,.T.);
#5436 = EDGE_LOOP('',(#5437,#5438,#5439,#5457));
#5437 = ORIENTED_EDGE('',*,*,#5392,.T.);
#5438 = ORIENTED_EDGE('',*,*,#2996,.T.);
#5439 = ORIENTED_EDGE('',*,*,#5440,.F.);
#5440 = EDGE_CURVE('',#711,#2997,#5441,.T.);
#5441 = SURFACE_CURVE('',#5442,(#5445,#5451),.PCURVE_S1.);
#5442 = B_SPLINE_CURVE_WITH_KNOTS('',1,(#5443,#5444),.UNSPECIFIED.,.F.,
  .F.,(2,2),(0.,78.7402),.PIECEWISE_BEZIER_KNOTS.);
#5443 = CARTESIAN_POINT('',(9.945375067831,-11.77586389534,
    33.000066040132));
#5444 = CARTESIAN_POINT('',(9.945375067831,-11.77586389534,
    35.000071120142));
#5445 = PCURVE('',#724,#5446);
#5446 = DEFINITIONAL_REPRESENTATION('',(#5447),#5450);
#5447 = B_SPLINE_CURVE_WITH_KNOTS('',1,(#5448,#5449),.UNSPECIFIED.,.F.,
  .F.,(2,2),(0.,78.7402),.PIECEWISE_BEZIER_KNOTS.);
#5448 = CARTESIAN_POINT('',(2.688277844265,0.));
#5449 = CARTESIAN_POINT('',(2.688277844265,-78.7402));
#5450 = ( GEOMETRIC_REPRESENTATION_CONTEXT(2) 
PARAMETRIC_REPRESENTATION_CONTEXT() REPRESENTATION_CONTEXT('2D SPACE',''
  ) );
#5451 = PCURVE('',#749,#5452);
#5452 = DEFINITIONAL_REPRESENTATION('',(#5453),#5456);
#5453 = B_SPLINE_CURVE_WITH_KNOTS('',1,(#5454,#5455),.UNSPECIFIED.,.F.,
  .F.,(2,2),(0.,78.7402),.PIECEWISE_BEZIER_KNOTS.);
#5454 = CARTESIAN_POINT('',(0.,0.));
#5455 = CARTESIAN_POINT('',(0.,-78.7402));
#5456 = ( GEOMETRIC_REPRESENTATION_CONTEXT(2) 
PARAMETRIC_REPRESENTATION_CONTEXT() REPRESENTATION_CONTEXT('2D SPACE',''
  ) );
#5457 = ORIENTED_EDGE('',*,*,#710,.F.);
#5458 = ADVANCED_FACE('',(#5459),#2099,.T.);
#5459 = FACE_BOUND('',#5460,.T.);
#5460 = EDGE_LOOP('',(#5461,#5479,#5480,#5481));
#5461 = ORIENTED_EDGE('',*,*,#5462,.T.);
#5462 = EDGE_CURVE('',#2061,#4077,#5463,.T.);
#5463 = SURFACE_CURVE('',#5464,(#5467,#5473),.PCURVE_S1.);
#5464 = B_SPLINE_CURVE_WITH_KNOTS('',1,(#5465,#5466),.UNSPECIFIED.,.F.,
  .F.,(2,2),(0.,78.7402),.PIECEWISE_BEZIER_KNOTS.);
#5465 = CARTESIAN_POINT('',(10.012664602703,-18.2456465523,
    33.000066040132));
#5466 = CARTESIAN_POINT('',(10.012664602703,-18.2456465523,
    35.000071120142));
#5467 = PCURVE('',#2099,#5468);
#5468 = DEFINITIONAL_REPRESENTATION('',(#5469),#5472);
#5469 = B_SPLINE_CURVE_WITH_KNOTS('',1,(#5470,#5471),.UNSPECIFIED.,.F.,
  .F.,(2,2),(0.,78.7402),.PIECEWISE_BEZIER_KNOTS.);
#5470 = CARTESIAN_POINT('',(0.,0.));
#5471 = CARTESIAN_POINT('',(0.,-78.7402));
#5472 = ( GEOMETRIC_REPRESENTATION_CONTEXT(2) 
PARAMETRIC_REPRESENTATION_CONTEXT() REPRESENTATION_CONTEXT('2D SPACE',''
  ) );
#5473 = PCURVE('',#2074,#5474);
#5474 = DEFINITIONAL_REPRESENTATION('',(#5475),#5478);
#5475 = B_SPLINE_CURVE_WITH_KNOTS('',1,(#5476,#5477),.UNSPECIFIED.,.F.,
  .F.,(2,2),(0.,78.7402),.PIECEWISE_BEZIER_KNOTS.);
#5476 = CARTESIAN_POINT('',(2.688277844265,0.));
#5477 = CARTESIAN_POINT('',(2.688277844265,-78.7402));
#5478 = ( GEOMETRIC_REPRESENTATION_CONTEXT(2) 
PARAMETRIC_REPRESENTATION_CONTEXT() REPRESENTATION_CONTEXT('2D SPACE',''
  ) );
#5479 = ORIENTED_EDGE('',*,*,#4096,.T.);
#5480 = ORIENTED_EDGE('',*,*,#5414,.F.);
#5481 = ORIENTED_EDGE('',*,*,#2085,.F.);
#5482 = ADVANCED_FACE('',(#5483),#749,.T.);
#5483 = FACE_BOUND('',#5484,.T.);
#5484 = EDGE_LOOP('',(#5485,#5486,#5487,#5505));
#5485 = ORIENTED_EDGE('',*,*,#5440,.T.);
#5486 = ORIENTED_EDGE('',*,*,#3016,.T.);
#5487 = ORIENTED_EDGE('',*,*,#5488,.F.);
#5488 = EDGE_CURVE('',#736,#3017,#5489,.T.);
#5489 = SURFACE_CURVE('',#5490,(#5493,#5499),.PCURVE_S1.);
#5490 = B_SPLINE_CURVE_WITH_KNOTS('',1,(#5491,#5492),.UNSPECIFIED.,.F.,
  .F.,(2,2),(0.,78.7402),.PIECEWISE_BEZIER_KNOTS.);
#5491 = CARTESIAN_POINT('',(10.012664602703,-11.76426200751,
    33.000066040132));
#5492 = CARTESIAN_POINT('',(10.012664602703,-11.76426200751,
    35.000071120142));
#5493 = PCURVE('',#749,#5494);
#5494 = DEFINITIONAL_REPRESENTATION('',(#5495),#5498);
#5495 = B_SPLINE_CURVE_WITH_KNOTS('',1,(#5496,#5497),.UNSPECIFIED.,.F.,
  .F.,(2,2),(0.,78.7402),.PIECEWISE_BEZIER_KNOTS.);
#5496 = CARTESIAN_POINT('',(2.688277844265,0.));
#5497 = CARTESIAN_POINT('',(2.688277844265,-78.7402));
#5498 = ( GEOMETRIC_REPRESENTATION_CONTEXT(2) 
PARAMETRIC_REPRESENTATION_CONTEXT() REPRESENTATION_CONTEXT('2D SPACE',''
  ) );
#5499 = PCURVE('',#774,#5500);
#5500 = DEFINITIONAL_REPRESENTATION('',(#5501),#5504);
#5501 = B_SPLINE_CURVE_WITH_KNOTS('',1,(#5502,#5503),.UNSPECIFIED.,.F.,
  .F.,(2,2),(0.,78.7402),.PIECEWISE_BEZIER_KNOTS.);
#5502 = CARTESIAN_POINT('',(0.,0.));
#5503 = CARTESIAN_POINT('',(0.,-78.7402));
#5504 = ( GEOMETRIC_REPRESENTATION_CONTEXT(2) 
PARAMETRIC_REPRESENTATION_CONTEXT() REPRESENTATION_CONTEXT('2D SPACE',''
  ) );
#5505 = ORIENTED_EDGE('',*,*,#735,.F.);
#5506 = ADVANCED_FACE('',(#5507),#2074,.T.);
#5507 = FACE_BOUND('',#5508,.T.);
#5508 = EDGE_LOOP('',(#5509,#5527,#5528,#5529));
#5509 = ORIENTED_EDGE('',*,*,#5510,.T.);
#5510 = EDGE_CURVE('',#2036,#4057,#5511,.T.);
#5511 = SURFACE_CURVE('',#5512,(#5515,#5521),.PCURVE_S1.);
#5512 = B_SPLINE_CURVE_WITH_KNOTS('',1,(#5513,#5514),.UNSPECIFIED.,.F.,
  .F.,(2,2),(0.,78.7402),.PIECEWISE_BEZIER_KNOTS.);
#5513 = CARTESIAN_POINT('',(10.080589010962,-18.25262939319,
    33.000066040132));
#5514 = CARTESIAN_POINT('',(10.080589010962,-18.25262939319,
    35.000071120142));
#5515 = PCURVE('',#2074,#5516);
#5516 = DEFINITIONAL_REPRESENTATION('',(#5517),#5520);
#5517 = B_SPLINE_CURVE_WITH_KNOTS('',1,(#5518,#5519),.UNSPECIFIED.,.F.,
  .F.,(2,2),(0.,78.7402),.PIECEWISE_BEZIER_KNOTS.);
#5518 = CARTESIAN_POINT('',(0.,0.));
#5519 = CARTESIAN_POINT('',(0.,-78.7402));
#5520 = ( GEOMETRIC_REPRESENTATION_CONTEXT(2) 
PARAMETRIC_REPRESENTATION_CONTEXT() REPRESENTATION_CONTEXT('2D SPACE',''
  ) );
#5521 = PCURVE('',#2049,#5522);
#5522 = DEFINITIONAL_REPRESENTATION('',(#5523),#5526);
#5523 = B_SPLINE_CURVE_WITH_KNOTS('',1,(#5524,#5525),.UNSPECIFIED.,.F.,
  .F.,(2,2),(0.,78.7402),.PIECEWISE_BEZIER_KNOTS.);
#5524 = CARTESIAN_POINT('',(2.688277844265,0.));
#5525 = CARTESIAN_POINT('',(2.688277844265,-78.7402));
#5526 = ( GEOMETRIC_REPRESENTATION_CONTEXT(2) 
PARAMETRIC_REPRESENTATION_CONTEXT() REPRESENTATION_CONTEXT('2D SPACE',''
  ) );
#5527 = ORIENTED_EDGE('',*,*,#4076,.T.);
#5528 = ORIENTED_EDGE('',*,*,#5462,.F.);
#5529 = ORIENTED_EDGE('',*,*,#2060,.F.);
#5530 = ADVANCED_FACE('',(#5531),#774,.T.);
#5531 = FACE_BOUND('',#5532,.T.);
#5532 = EDGE_LOOP('',(#5533,#5534,#5535,#5553));
#5533 = ORIENTED_EDGE('',*,*,#5488,.T.);
#5534 = ORIENTED_EDGE('',*,*,#3036,.T.);
#5535 = ORIENTED_EDGE('',*,*,#5536,.F.);
#5536 = EDGE_CURVE('',#761,#3037,#5537,.T.);
#5537 = SURFACE_CURVE('',#5538,(#5541,#5547),.PCURVE_S1.);
#5538 = B_SPLINE_CURVE_WITH_KNOTS('',1,(#5539,#5540),.UNSPECIFIED.,.F.,
  .F.,(2,2),(0.,78.7402),.PIECEWISE_BEZIER_KNOTS.);
#5539 = CARTESIAN_POINT('',(10.080589010962,-11.75727916662,
    33.000066040132));
#5540 = CARTESIAN_POINT('',(10.080589010962,-11.75727916662,
    35.000071120142));
#5541 = PCURVE('',#774,#5542);
#5542 = DEFINITIONAL_REPRESENTATION('',(#5543),#5546);
#5543 = B_SPLINE_CURVE_WITH_KNOTS('',1,(#5544,#5545),.UNSPECIFIED.,.F.,
  .F.,(2,2),(0.,78.7402),.PIECEWISE_BEZIER_KNOTS.);
#5544 = CARTESIAN_POINT('',(2.688277844265,0.));
#5545 = CARTESIAN_POINT('',(2.688277844265,-78.7402));
#5546 = ( GEOMETRIC_REPRESENTATION_CONTEXT(2) 
PARAMETRIC_REPRESENTATION_CONTEXT() REPRESENTATION_CONTEXT('2D SPACE',''
  ) );
#5547 = PCURVE('',#799,#5548);
#5548 = DEFINITIONAL_REPRESENTATION('',(#5549),#5552);
#5549 = B_SPLINE_CURVE_WITH_KNOTS('',1,(#5550,#5551),.UNSPECIFIED.,.F.,
  .F.,(2,2),(0.,78.7402),.PIECEWISE_BEZIER_KNOTS.);
#5550 = CARTESIAN_POINT('',(0.,0.));
#5551 = CARTESIAN_POINT('',(0.,-78.7402));
#5552 = ( GEOMETRIC_REPRESENTATION_CONTEXT(2) 
PARAMETRIC_REPRESENTATION_CONTEXT() REPRESENTATION_CONTEXT('2D SPACE',''
  ) );
#5553 = ORIENTED_EDGE('',*,*,#760,.F.);
#5554 = ADVANCED_FACE('',(#5555),#2049,.T.);
#5555 = FACE_BOUND('',#5556,.T.);
#5556 = EDGE_LOOP('',(#5557,#5575,#5576,#5577));
#5557 = ORIENTED_EDGE('',*,*,#5558,.T.);
#5558 = EDGE_CURVE('',#2011,#4037,#5559,.T.);
#5559 = SURFACE_CURVE('',#5560,(#5563,#5569),.PCURVE_S1.);
#5560 = B_SPLINE_CURVE_WITH_KNOTS('',1,(#5561,#5562),.UNSPECIFIED.,.F.,
  .F.,(2,2),(0.,78.7402),.PIECEWISE_BEZIER_KNOTS.);
#5561 = CARTESIAN_POINT('',(10.148831597663,-18.25496062992,
    33.000066040132));
#5562 = CARTESIAN_POINT('',(10.148831597663,-18.25496062992,
    35.000071120142));
#5563 = PCURVE('',#2049,#5564);
#5564 = DEFINITIONAL_REPRESENTATION('',(#5565),#5568);
#5565 = B_SPLINE_CURVE_WITH_KNOTS('',1,(#5566,#5567),.UNSPECIFIED.,.F.,
  .F.,(2,2),(0.,78.7402),.PIECEWISE_BEZIER_KNOTS.);
#5566 = CARTESIAN_POINT('',(0.,0.));
#5567 = CARTESIAN_POINT('',(0.,-78.7402));
#5568 = ( GEOMETRIC_REPRESENTATION_CONTEXT(2) 
PARAMETRIC_REPRESENTATION_CONTEXT() REPRESENTATION_CONTEXT('2D SPACE',''
  ) );
#5569 = PCURVE('',#2024,#5570);
#5570 = DEFINITIONAL_REPRESENTATION('',(#5571),#5574);
#5571 = B_SPLINE_CURVE_WITH_KNOTS('',1,(#5572,#5573),.UNSPECIFIED.,.F.,
  .F.,(2,2),(0.,78.7402),.PIECEWISE_BEZIER_KNOTS.);
#5572 = CARTESIAN_POINT('',(177.1653,0.));
#5573 = CARTESIAN_POINT('',(177.1653,-78.7402));
#5574 = ( GEOMETRIC_REPRESENTATION_CONTEXT(2) 
PARAMETRIC_REPRESENTATION_CONTEXT() REPRESENTATION_CONTEXT('2D SPACE',''
  ) );
#5575 = ORIENTED_EDGE('',*,*,#4056,.T.);
#5576 = ORIENTED_EDGE('',*,*,#5510,.F.);
#5577 = ORIENTED_EDGE('',*,*,#2035,.F.);
#5578 = ADVANCED_FACE('',(#5579),#799,.T.);
#5579 = FACE_BOUND('',#5580,.T.);
#5580 = EDGE_LOOP('',(#5581,#5582,#5583,#5601));
#5581 = ORIENTED_EDGE('',*,*,#5536,.T.);
#5582 = ORIENTED_EDGE('',*,*,#3056,.T.);
#5583 = ORIENTED_EDGE('',*,*,#5584,.F.);
#5584 = EDGE_CURVE('',#786,#3057,#5585,.T.);
#5585 = SURFACE_CURVE('',#5586,(#5589,#5595),.PCURVE_S1.);
#5586 = B_SPLINE_CURVE_WITH_KNOTS('',1,(#5587,#5588),.UNSPECIFIED.,.F.,
  .F.,(2,2),(0.,78.7402),.PIECEWISE_BEZIER_KNOTS.);
#5587 = CARTESIAN_POINT('',(10.148831597663,-11.75494792989,
    33.000066040132));
#5588 = CARTESIAN_POINT('',(10.148831597663,-11.75494792989,
    35.000071120142));
#5589 = PCURVE('',#799,#5590);
#5590 = DEFINITIONAL_REPRESENTATION('',(#5591),#5594);
#5591 = B_SPLINE_CURVE_WITH_KNOTS('',1,(#5592,#5593),.UNSPECIFIED.,.F.,
  .F.,(2,2),(0.,78.7402),.PIECEWISE_BEZIER_KNOTS.);
#5592 = CARTESIAN_POINT('',(2.688277844265,0.));
#5593 = CARTESIAN_POINT('',(2.688277844265,-78.7402));
#5594 = ( GEOMETRIC_REPRESENTATION_CONTEXT(2) 
PARAMETRIC_REPRESENTATION_CONTEXT() REPRESENTATION_CONTEXT('2D SPACE',''
  ) );
#5595 = PCURVE('',#824,#5596);
#5596 = DEFINITIONAL_REPRESENTATION('',(#5597),#5600);
#5597 = B_SPLINE_CURVE_WITH_KNOTS('',1,(#5598,#5599),.UNSPECIFIED.,.F.,
  .F.,(2,2),(0.,78.7402),.PIECEWISE_BEZIER_KNOTS.);
#5598 = CARTESIAN_POINT('',(0.,0.));
#5599 = CARTESIAN_POINT('',(0.,-78.7402));
#5600 = ( GEOMETRIC_REPRESENTATION_CONTEXT(2) 
PARAMETRIC_REPRESENTATION_CONTEXT() REPRESENTATION_CONTEXT('2D SPACE',''
  ) );
#5601 = ORIENTED_EDGE('',*,*,#785,.F.);
#5602 = ADVANCED_FACE('',(#5603),#2024,.T.);
#5603 = FACE_BOUND('',#5604,.T.);
#5604 = EDGE_LOOP('',(#5605,#5623,#5624,#5625));
#5605 = ORIENTED_EDGE('',*,*,#5606,.T.);
#5606 = EDGE_CURVE('',#1986,#4017,#5607,.T.);
#5607 = SURFACE_CURVE('',#5608,(#5611,#5617),.PCURVE_S1.);
#5608 = B_SPLINE_CURVE_WITH_KNOTS('',1,(#5609,#5610),.UNSPECIFIED.,.F.,
  .F.,(2,2),(0.,78.7402),.PIECEWISE_BEZIER_KNOTS.);
#5609 = CARTESIAN_POINT('',(14.648839217678,-18.25496062992,
    33.000066040132));
#5610 = CARTESIAN_POINT('',(14.648839217678,-18.25496062992,
    35.000071120142));
#5611 = PCURVE('',#2024,#5612);
#5612 = DEFINITIONAL_REPRESENTATION('',(#5613),#5616);
#5613 = B_SPLINE_CURVE_WITH_KNOTS('',1,(#5614,#5615),.UNSPECIFIED.,.F.,
  .F.,(2,2),(0.,78.7402),.PIECEWISE_BEZIER_KNOTS.);
#5614 = CARTESIAN_POINT('',(0.,0.));
#5615 = CARTESIAN_POINT('',(0.,-78.7402));
#5616 = ( GEOMETRIC_REPRESENTATION_CONTEXT(2) 
PARAMETRIC_REPRESENTATION_CONTEXT() REPRESENTATION_CONTEXT('2D SPACE',''
  ) );
#5617 = PCURVE('',#1999,#5618);
#5618 = DEFINITIONAL_REPRESENTATION('',(#5619),#5622);
#5619 = B_SPLINE_CURVE_WITH_KNOTS('',1,(#5620,#5621),.UNSPECIFIED.,.F.,
  .F.,(2,2),(0.,78.7402),.PIECEWISE_BEZIER_KNOTS.);
#5620 = CARTESIAN_POINT('',(2.688277844265,0.));
#5621 = CARTESIAN_POINT('',(2.688277844265,-78.7402));
#5622 = ( GEOMETRIC_REPRESENTATION_CONTEXT(2) 
PARAMETRIC_REPRESENTATION_CONTEXT() REPRESENTATION_CONTEXT('2D SPACE',''
  ) );
#5623 = ORIENTED_EDGE('',*,*,#4036,.T.);
#5624 = ORIENTED_EDGE('',*,*,#5558,.F.);
#5625 = ORIENTED_EDGE('',*,*,#2010,.F.);
#5626 = ADVANCED_FACE('',(#5627),#824,.T.);
#5627 = FACE_BOUND('',#5628,.T.);
#5628 = EDGE_LOOP('',(#5629,#5630,#5631,#5649));
#5629 = ORIENTED_EDGE('',*,*,#5584,.T.);
#5630 = ORIENTED_EDGE('',*,*,#3076,.T.);
#5631 = ORIENTED_EDGE('',*,*,#5632,.F.);
#5632 = EDGE_CURVE('',#811,#3077,#5633,.T.);
#5633 = SURFACE_CURVE('',#5634,(#5637,#5643),.PCURVE_S1.);
#5634 = B_SPLINE_CURVE_WITH_KNOTS('',1,(#5635,#5636),.UNSPECIFIED.,.F.,
  .F.,(2,2),(0.,78.7402),.PIECEWISE_BEZIER_KNOTS.);
#5635 = CARTESIAN_POINT('',(14.648839217678,-11.75494792989,
    33.000066040132));
#5636 = CARTESIAN_POINT('',(14.648839217678,-11.75494792989,
    35.000071120142));
#5637 = PCURVE('',#824,#5638);
#5638 = DEFINITIONAL_REPRESENTATION('',(#5639),#5642);
#5639 = B_SPLINE_CURVE_WITH_KNOTS('',1,(#5640,#5641),.UNSPECIFIED.,.F.,
  .F.,(2,2),(0.,78.7402),.PIECEWISE_BEZIER_KNOTS.);
#5640 = CARTESIAN_POINT('',(177.1653,0.));
#5641 = CARTESIAN_POINT('',(177.1653,-78.7402));
#5642 = ( GEOMETRIC_REPRESENTATION_CONTEXT(2) 
PARAMETRIC_REPRESENTATION_CONTEXT() REPRESENTATION_CONTEXT('2D SPACE',''
  ) );
#5643 = PCURVE('',#849,#5644);
#5644 = DEFINITIONAL_REPRESENTATION('',(#5645),#5648);
#5645 = B_SPLINE_CURVE_WITH_KNOTS('',1,(#5646,#5647),.UNSPECIFIED.,.F.,
  .F.,(2,2),(0.,78.7402),.PIECEWISE_BEZIER_KNOTS.);
#5646 = CARTESIAN_POINT('',(0.,0.));
#5647 = CARTESIAN_POINT('',(0.,-78.7402));
#5648 = ( GEOMETRIC_REPRESENTATION_CONTEXT(2) 
PARAMETRIC_REPRESENTATION_CONTEXT() REPRESENTATION_CONTEXT('2D SPACE',''
  ) );
#5649 = ORIENTED_EDGE('',*,*,#810,.F.);
#5650 = ADVANCED_FACE('',(#5651),#1999,.T.);
#5651 = FACE_BOUND('',#5652,.T.);
#5652 = EDGE_LOOP('',(#5653,#5671,#5672,#5673));
#5653 = ORIENTED_EDGE('',*,*,#5654,.T.);
#5654 = EDGE_CURVE('',#1961,#3997,#5655,.T.);
#5655 = SURFACE_CURVE('',#5656,(#5659,#5665),.PCURVE_S1.);
#5656 = B_SPLINE_CURVE_WITH_KNOTS('',1,(#5657,#5658),.UNSPECIFIED.,.F.,
  .F.,(2,2),(0.,78.7402),.PIECEWISE_BEZIER_KNOTS.);
#5657 = CARTESIAN_POINT('',(14.717081804379,-18.25262939319,
    33.000066040132));
#5658 = CARTESIAN_POINT('',(14.717081804379,-18.25262939319,
    35.000071120142));
#5659 = PCURVE('',#1999,#5660);
#5660 = DEFINITIONAL_REPRESENTATION('',(#5661),#5664);
#5661 = B_SPLINE_CURVE_WITH_KNOTS('',1,(#5662,#5663),.UNSPECIFIED.,.F.,
  .F.,(2,2),(0.,78.7402),.PIECEWISE_BEZIER_KNOTS.);
#5662 = CARTESIAN_POINT('',(0.,0.));
#5663 = CARTESIAN_POINT('',(0.,-78.7402));
#5664 = ( GEOMETRIC_REPRESENTATION_CONTEXT(2) 
PARAMETRIC_REPRESENTATION_CONTEXT() REPRESENTATION_CONTEXT('2D SPACE',''
  ) );
#5665 = PCURVE('',#1974,#5666);
#5666 = DEFINITIONAL_REPRESENTATION('',(#5667),#5670);
#5667 = B_SPLINE_CURVE_WITH_KNOTS('',1,(#5668,#5669),.UNSPECIFIED.,.F.,
  .F.,(2,2),(0.,78.7402),.PIECEWISE_BEZIER_KNOTS.);
#5668 = CARTESIAN_POINT('',(2.688277844265,0.));
#5669 = CARTESIAN_POINT('',(2.688277844265,-78.7402));
#5670 = ( GEOMETRIC_REPRESENTATION_CONTEXT(2) 
PARAMETRIC_REPRESENTATION_CONTEXT() REPRESENTATION_CONTEXT('2D SPACE',''
  ) );
#5671 = ORIENTED_EDGE('',*,*,#4016,.T.);
#5672 = ORIENTED_EDGE('',*,*,#5606,.F.);
#5673 = ORIENTED_EDGE('',*,*,#1985,.F.);
#5674 = ADVANCED_FACE('',(#5675),#849,.T.);
#5675 = FACE_BOUND('',#5676,.T.);
#5676 = EDGE_LOOP('',(#5677,#5678,#5679,#5697));
#5677 = ORIENTED_EDGE('',*,*,#5632,.T.);
#5678 = ORIENTED_EDGE('',*,*,#3096,.T.);
#5679 = ORIENTED_EDGE('',*,*,#5680,.F.);
#5680 = EDGE_CURVE('',#836,#3097,#5681,.T.);
#5681 = SURFACE_CURVE('',#5682,(#5685,#5691),.PCURVE_S1.);
#5682 = B_SPLINE_CURVE_WITH_KNOTS('',1,(#5683,#5684),.UNSPECIFIED.,.F.,
  .F.,(2,2),(0.,78.7402),.PIECEWISE_BEZIER_KNOTS.);
#5683 = CARTESIAN_POINT('',(14.717081804379,-11.75727916662,
    33.000066040132));
#5684 = CARTESIAN_POINT('',(14.717081804379,-11.75727916662,
    35.000071120142));
#5685 = PCURVE('',#849,#5686);
#5686 = DEFINITIONAL_REPRESENTATION('',(#5687),#5690);
#5687 = B_SPLINE_CURVE_WITH_KNOTS('',1,(#5688,#5689),.UNSPECIFIED.,.F.,
  .F.,(2,2),(0.,78.7402),.PIECEWISE_BEZIER_KNOTS.);
#5688 = CARTESIAN_POINT('',(2.688277844265,0.));
#5689 = CARTESIAN_POINT('',(2.688277844265,-78.7402));
#5690 = ( GEOMETRIC_REPRESENTATION_CONTEXT(2) 
PARAMETRIC_REPRESENTATION_CONTEXT() REPRESENTATION_CONTEXT('2D SPACE',''
  ) );
#5691 = PCURVE('',#874,#5692);
#5692 = DEFINITIONAL_REPRESENTATION('',(#5693),#5696);
#5693 = B_SPLINE_CURVE_WITH_KNOTS('',1,(#5694,#5695),.UNSPECIFIED.,.F.,
  .F.,(2,2),(0.,78.7402),.PIECEWISE_BEZIER_KNOTS.);
#5694 = CARTESIAN_POINT('',(0.,0.));
#5695 = CARTESIAN_POINT('',(0.,-78.7402));
#5696 = ( GEOMETRIC_REPRESENTATION_CONTEXT(2) 
PARAMETRIC_REPRESENTATION_CONTEXT() REPRESENTATION_CONTEXT('2D SPACE',''
  ) );
#5697 = ORIENTED_EDGE('',*,*,#835,.F.);
#5698 = ADVANCED_FACE('',(#5699),#1974,.T.);
#5699 = FACE_BOUND('',#5700,.T.);
#5700 = EDGE_LOOP('',(#5701,#5719,#5720,#5721));
#5701 = ORIENTED_EDGE('',*,*,#5702,.T.);
#5702 = EDGE_CURVE('',#1936,#3977,#5703,.T.);
#5703 = SURFACE_CURVE('',#5704,(#5707,#5713),.PCURVE_S1.);
#5704 = B_SPLINE_CURVE_WITH_KNOTS('',1,(#5705,#5706),.UNSPECIFIED.,.F.,
  .F.,(2,2),(0.,78.7402),.PIECEWISE_BEZIER_KNOTS.);
#5705 = CARTESIAN_POINT('',(14.785006212639,-18.2456465523,
    33.000066040132));
#5706 = CARTESIAN_POINT('',(14.785006212639,-18.2456465523,
    35.000071120142));
#5707 = PCURVE('',#1974,#5708);
#5708 = DEFINITIONAL_REPRESENTATION('',(#5709),#5712);
#5709 = B_SPLINE_CURVE_WITH_KNOTS('',1,(#5710,#5711),.UNSPECIFIED.,.F.,
  .F.,(2,2),(0.,78.7402),.PIECEWISE_BEZIER_KNOTS.);
#5710 = CARTESIAN_POINT('',(0.,0.));
#5711 = CARTESIAN_POINT('',(0.,-78.7402));
#5712 = ( GEOMETRIC_REPRESENTATION_CONTEXT(2) 
PARAMETRIC_REPRESENTATION_CONTEXT() REPRESENTATION_CONTEXT('2D SPACE',''
  ) );
#5713 = PCURVE('',#1949,#5714);
#5714 = DEFINITIONAL_REPRESENTATION('',(#5715),#5718);
#5715 = B_SPLINE_CURVE_WITH_KNOTS('',1,(#5716,#5717),.UNSPECIFIED.,.F.,
  .F.,(2,2),(0.,78.7402),.PIECEWISE_BEZIER_KNOTS.);
#5716 = CARTESIAN_POINT('',(2.688277844265,0.));
#5717 = CARTESIAN_POINT('',(2.688277844265,-78.7402));
#5718 = ( GEOMETRIC_REPRESENTATION_CONTEXT(2) 
PARAMETRIC_REPRESENTATION_CONTEXT() REPRESENTATION_CONTEXT('2D SPACE',''
  ) );
#5719 = ORIENTED_EDGE('',*,*,#3996,.T.);
#5720 = ORIENTED_EDGE('',*,*,#5654,.F.);
#5721 = ORIENTED_EDGE('',*,*,#1960,.F.);
#5722 = ADVANCED_FACE('',(#5723),#874,.T.);
#5723 = FACE_BOUND('',#5724,.T.);
#5724 = EDGE_LOOP('',(#5725,#5726,#5727,#5745));
#5725 = ORIENTED_EDGE('',*,*,#5680,.T.);
#5726 = ORIENTED_EDGE('',*,*,#3116,.T.);
#5727 = ORIENTED_EDGE('',*,*,#5728,.F.);
#5728 = EDGE_CURVE('',#861,#3117,#5729,.T.);
#5729 = SURFACE_CURVE('',#5730,(#5733,#5739),.PCURVE_S1.);
#5730 = B_SPLINE_CURVE_WITH_KNOTS('',1,(#5731,#5732),.UNSPECIFIED.,.F.,
  .F.,(2,2),(0.,78.7402),.PIECEWISE_BEZIER_KNOTS.);
#5731 = CARTESIAN_POINT('',(14.785006212639,-11.76426200751,
    33.000066040132));
#5732 = CARTESIAN_POINT('',(14.785006212639,-11.76426200751,
    35.000071120142));
#5733 = PCURVE('',#874,#5734);
#5734 = DEFINITIONAL_REPRESENTATION('',(#5735),#5738);
#5735 = B_SPLINE_CURVE_WITH_KNOTS('',1,(#5736,#5737),.UNSPECIFIED.,.F.,
  .F.,(2,2),(0.,78.7402),.PIECEWISE_BEZIER_KNOTS.);
#5736 = CARTESIAN_POINT('',(2.688277844265,0.));
#5737 = CARTESIAN_POINT('',(2.688277844265,-78.7402));
#5738 = ( GEOMETRIC_REPRESENTATION_CONTEXT(2) 
PARAMETRIC_REPRESENTATION_CONTEXT() REPRESENTATION_CONTEXT('2D SPACE',''
  ) );
#5739 = PCURVE('',#899,#5740);
#5740 = DEFINITIONAL_REPRESENTATION('',(#5741),#5744);
#5741 = B_SPLINE_CURVE_WITH_KNOTS('',1,(#5742,#5743),.UNSPECIFIED.,.F.,
  .F.,(2,2),(0.,78.7402),.PIECEWISE_BEZIER_KNOTS.);
#5742 = CARTESIAN_POINT('',(0.,0.));
#5743 = CARTESIAN_POINT('',(0.,-78.7402));
#5744 = ( GEOMETRIC_REPRESENTATION_CONTEXT(2) 
PARAMETRIC_REPRESENTATION_CONTEXT() REPRESENTATION_CONTEXT('2D SPACE',''
  ) );
#5745 = ORIENTED_EDGE('',*,*,#860,.F.);
#5746 = ADVANCED_FACE('',(#5747),#1949,.T.);
#5747 = FACE_BOUND('',#5748,.T.);
#5748 = EDGE_LOOP('',(#5749,#5767,#5768,#5769));
#5749 = ORIENTED_EDGE('',*,*,#5750,.T.);
#5750 = EDGE_CURVE('',#1911,#3957,#5751,.T.);
#5751 = SURFACE_CURVE('',#5752,(#5755,#5761),.PCURVE_S1.);
#5752 = B_SPLINE_CURVE_WITH_KNOTS('',1,(#5753,#5754),.UNSPECIFIED.,.F.,
  .F.,(2,2),(0.,78.7402),.PIECEWISE_BEZIER_KNOTS.);
#5753 = CARTESIAN_POINT('',(14.85229574751,-18.23404466447,
    33.000066040132));
#5754 = CARTESIAN_POINT('',(14.85229574751,-18.23404466447,
    35.000071120142));
#5755 = PCURVE('',#1949,#5756);
#5756 = DEFINITIONAL_REPRESENTATION('',(#5757),#5760);
#5757 = B_SPLINE_CURVE_WITH_KNOTS('',1,(#5758,#5759),.UNSPECIFIED.,.F.,
  .F.,(2,2),(0.,78.7402),.PIECEWISE_BEZIER_KNOTS.);
#5758 = CARTESIAN_POINT('',(0.,0.));
#5759 = CARTESIAN_POINT('',(0.,-78.7402));
#5760 = ( GEOMETRIC_REPRESENTATION_CONTEXT(2) 
PARAMETRIC_REPRESENTATION_CONTEXT() REPRESENTATION_CONTEXT('2D SPACE',''
  ) );
#5761 = PCURVE('',#1924,#5762);
#5762 = DEFINITIONAL_REPRESENTATION('',(#5763),#5766);
#5763 = B_SPLINE_CURVE_WITH_KNOTS('',1,(#5764,#5765),.UNSPECIFIED.,.F.,
  .F.,(2,2),(0.,78.7402),.PIECEWISE_BEZIER_KNOTS.);
#5764 = CARTESIAN_POINT('',(2.688277844265,0.));
#5765 = CARTESIAN_POINT('',(2.688277844265,-78.7402));
#5766 = ( GEOMETRIC_REPRESENTATION_CONTEXT(2) 
PARAMETRIC_REPRESENTATION_CONTEXT() REPRESENTATION_CONTEXT('2D SPACE',''
  ) );
#5767 = ORIENTED_EDGE('',*,*,#3976,.T.);
#5768 = ORIENTED_EDGE('',*,*,#5702,.F.);
#5769 = ORIENTED_EDGE('',*,*,#1935,.F.);
#5770 = ADVANCED_FACE('',(#5771),#899,.T.);
#5771 = FACE_BOUND('',#5772,.T.);
#5772 = EDGE_LOOP('',(#5773,#5774,#5775,#5793));
#5773 = ORIENTED_EDGE('',*,*,#5728,.T.);
#5774 = ORIENTED_EDGE('',*,*,#3136,.T.);
#5775 = ORIENTED_EDGE('',*,*,#5776,.F.);
#5776 = EDGE_CURVE('',#886,#3137,#5777,.T.);
#5777 = SURFACE_CURVE('',#5778,(#5781,#5787),.PCURVE_S1.);
#5778 = B_SPLINE_CURVE_WITH_KNOTS('',1,(#5779,#5780),.UNSPECIFIED.,.F.,
  .F.,(2,2),(0.,78.7402),.PIECEWISE_BEZIER_KNOTS.);
#5779 = CARTESIAN_POINT('',(14.85229574751,-11.77586389534,
    33.000066040132));
#5780 = CARTESIAN_POINT('',(14.85229574751,-11.77586389534,
    35.000071120142));
#5781 = PCURVE('',#899,#5782);
#5782 = DEFINITIONAL_REPRESENTATION('',(#5783),#5786);
#5783 = B_SPLINE_CURVE_WITH_KNOTS('',1,(#5784,#5785),.UNSPECIFIED.,.F.,
  .F.,(2,2),(0.,78.7402),.PIECEWISE_BEZIER_KNOTS.);
#5784 = CARTESIAN_POINT('',(2.688277844265,0.));
#5785 = CARTESIAN_POINT('',(2.688277844265,-78.7402));
#5786 = ( GEOMETRIC_REPRESENTATION_CONTEXT(2) 
PARAMETRIC_REPRESENTATION_CONTEXT() REPRESENTATION_CONTEXT('2D SPACE',''
  ) );
#5787 = PCURVE('',#924,#5788);
#5788 = DEFINITIONAL_REPRESENTATION('',(#5789),#5792);
#5789 = B_SPLINE_CURVE_WITH_KNOTS('',1,(#5790,#5791),.UNSPECIFIED.,.F.,
  .F.,(2,2),(0.,78.7402),.PIECEWISE_BEZIER_KNOTS.);
#5790 = CARTESIAN_POINT('',(0.,0.));
#5791 = CARTESIAN_POINT('',(0.,-78.7402));
#5792 = ( GEOMETRIC_REPRESENTATION_CONTEXT(2) 
PARAMETRIC_REPRESENTATION_CONTEXT() REPRESENTATION_CONTEXT('2D SPACE',''
  ) );
#5793 = ORIENTED_EDGE('',*,*,#885,.F.);
#5794 = ADVANCED_FACE('',(#5795),#1924,.T.);
#5795 = FACE_BOUND('',#5796,.T.);
#5796 = EDGE_LOOP('',(#5797,#5815,#5816,#5817));
#5797 = ORIENTED_EDGE('',*,*,#5798,.T.);
#5798 = EDGE_CURVE('',#1886,#3937,#5799,.T.);
#5799 = SURFACE_CURVE('',#5800,(#5803,#5809),.PCURVE_S1.);
#5800 = B_SPLINE_CURVE_WITH_KNOTS('',1,(#5801,#5802),.UNSPECIFIED.,.F.,
  .F.,(2,2),(0.,78.7402),.PIECEWISE_BEZIER_KNOTS.);
#5801 = CARTESIAN_POINT('',(14.918636674121,-18.21787782307,
    33.000066040132));
#5802 = CARTESIAN_POINT('',(14.918636674121,-18.21787782307,
    35.000071120142));
#5803 = PCURVE('',#1924,#5804);
#5804 = DEFINITIONAL_REPRESENTATION('',(#5805),#5808);
#5805 = B_SPLINE_CURVE_WITH_KNOTS('',1,(#5806,#5807),.UNSPECIFIED.,.F.,
  .F.,(2,2),(0.,78.7402),.PIECEWISE_BEZIER_KNOTS.);
#5806 = CARTESIAN_POINT('',(0.,0.));
#5807 = CARTESIAN_POINT('',(0.,-78.7402));
#5808 = ( GEOMETRIC_REPRESENTATION_CONTEXT(2) 
PARAMETRIC_REPRESENTATION_CONTEXT() REPRESENTATION_CONTEXT('2D SPACE',''
  ) );
#5809 = PCURVE('',#1899,#5810);
#5810 = DEFINITIONAL_REPRESENTATION('',(#5811),#5814);
#5811 = B_SPLINE_CURVE_WITH_KNOTS('',1,(#5812,#5813),.UNSPECIFIED.,.F.,
  .F.,(2,2),(0.,78.7402),.PIECEWISE_BEZIER_KNOTS.);
#5812 = CARTESIAN_POINT('',(2.688277844265,0.));
#5813 = CARTESIAN_POINT('',(2.688277844265,-78.7402));
#5814 = ( GEOMETRIC_REPRESENTATION_CONTEXT(2) 
PARAMETRIC_REPRESENTATION_CONTEXT() REPRESENTATION_CONTEXT('2D SPACE',''
  ) );
#5815 = ORIENTED_EDGE('',*,*,#3956,.T.);
#5816 = ORIENTED_EDGE('',*,*,#5750,.F.);
#5817 = ORIENTED_EDGE('',*,*,#1910,.F.);
#5818 = ADVANCED_FACE('',(#5819),#924,.T.);
#5819 = FACE_BOUND('',#5820,.T.);
#5820 = EDGE_LOOP('',(#5821,#5822,#5823,#5841));
#5821 = ORIENTED_EDGE('',*,*,#5776,.T.);
#5822 = ORIENTED_EDGE('',*,*,#3156,.T.);
#5823 = ORIENTED_EDGE('',*,*,#5824,.F.);
#5824 = EDGE_CURVE('',#911,#3157,#5825,.T.);
#5825 = SURFACE_CURVE('',#5826,(#5829,#5835),.PCURVE_S1.);
#5826 = B_SPLINE_CURVE_WITH_KNOTS('',1,(#5827,#5828),.UNSPECIFIED.,.F.,
  .F.,(2,2),(0.,78.7402),.PIECEWISE_BEZIER_KNOTS.);
#5827 = CARTESIAN_POINT('',(14.918636674121,-11.79203073673,
    33.000066040132));
#5828 = CARTESIAN_POINT('',(14.918636674121,-11.79203073673,
    35.000071120142));
#5829 = PCURVE('',#924,#5830);
#5830 = DEFINITIONAL_REPRESENTATION('',(#5831),#5834);
#5831 = B_SPLINE_CURVE_WITH_KNOTS('',1,(#5832,#5833),.UNSPECIFIED.,.F.,
  .F.,(2,2),(0.,78.7402),.PIECEWISE_BEZIER_KNOTS.);
#5832 = CARTESIAN_POINT('',(2.688277844265,0.));
#5833 = CARTESIAN_POINT('',(2.688277844265,-78.7402));
#5834 = ( GEOMETRIC_REPRESENTATION_CONTEXT(2) 
PARAMETRIC_REPRESENTATION_CONTEXT() REPRESENTATION_CONTEXT('2D SPACE',''
  ) );
#5835 = PCURVE('',#949,#5836);
#5836 = DEFINITIONAL_REPRESENTATION('',(#5837),#5840);
#5837 = B_SPLINE_CURVE_WITH_KNOTS('',1,(#5838,#5839),.UNSPECIFIED.,.F.,
  .F.,(2,2),(0.,78.7402),.PIECEWISE_BEZIER_KNOTS.);
#5838 = CARTESIAN_POINT('',(0.,0.));
#5839 = CARTESIAN_POINT('',(0.,-78.7402));
#5840 = ( GEOMETRIC_REPRESENTATION_CONTEXT(2) 
PARAMETRIC_REPRESENTATION_CONTEXT() REPRESENTATION_CONTEXT('2D SPACE',''
  ) );
#5841 = ORIENTED_EDGE('',*,*,#910,.F.);
#5842 = ADVANCED_FACE('',(#5843),#1899,.T.);
#5843 = FACE_BOUND('',#5844,.T.);
#5844 = EDGE_LOOP('',(#5845,#5863,#5864,#5865));
#5845 = ORIENTED_EDGE('',*,*,#5846,.T.);
#5846 = EDGE_CURVE('',#1861,#3917,#5847,.T.);
#5847 = SURFACE_CURVE('',#5848,(#5851,#5857),.PCURVE_S1.);
#5848 = B_SPLINE_CURVE_WITH_KNOTS('',1,(#5849,#5850),.UNSPECIFIED.,.F.,
  .F.,(2,2),(0.,78.7402),.PIECEWISE_BEZIER_KNOTS.);
#5849 = CARTESIAN_POINT('',(14.983719680445,-18.19722140538,
    33.000066040132));
#5850 = CARTESIAN_POINT('',(14.983719680445,-18.19722140538,
    35.000071120142));
#5851 = PCURVE('',#1899,#5852);
#5852 = DEFINITIONAL_REPRESENTATION('',(#5853),#5856);
#5853 = B_SPLINE_CURVE_WITH_KNOTS('',1,(#5854,#5855),.UNSPECIFIED.,.F.,
  .F.,(2,2),(0.,78.7402),.PIECEWISE_BEZIER_KNOTS.);
#5854 = CARTESIAN_POINT('',(0.,0.));
#5855 = CARTESIAN_POINT('',(0.,-78.7402));
#5856 = ( GEOMETRIC_REPRESENTATION_CONTEXT(2) 
PARAMETRIC_REPRESENTATION_CONTEXT() REPRESENTATION_CONTEXT('2D SPACE',''
  ) );
#5857 = PCURVE('',#1874,#5858);
#5858 = DEFINITIONAL_REPRESENTATION('',(#5859),#5862);
#5859 = B_SPLINE_CURVE_WITH_KNOTS('',1,(#5860,#5861),.UNSPECIFIED.,.F.,
  .F.,(2,2),(0.,78.7402),.PIECEWISE_BEZIER_KNOTS.);
#5860 = CARTESIAN_POINT('',(2.688277844265,0.));
#5861 = CARTESIAN_POINT('',(2.688277844265,-78.7402));
#5862 = ( GEOMETRIC_REPRESENTATION_CONTEXT(2) 
PARAMETRIC_REPRESENTATION_CONTEXT() REPRESENTATION_CONTEXT('2D SPACE',''
  ) );
#5863 = ORIENTED_EDGE('',*,*,#3936,.T.);
#5864 = ORIENTED_EDGE('',*,*,#5798,.F.);
#5865 = ORIENTED_EDGE('',*,*,#1885,.F.);
#5866 = ADVANCED_FACE('',(#5867),#949,.T.);
#5867 = FACE_BOUND('',#5868,.T.);
#5868 = EDGE_LOOP('',(#5869,#5870,#5871,#5889));
#5869 = ORIENTED_EDGE('',*,*,#5824,.T.);
#5870 = ORIENTED_EDGE('',*,*,#3176,.T.);
#5871 = ORIENTED_EDGE('',*,*,#5872,.F.);
#5872 = EDGE_CURVE('',#936,#3177,#5873,.T.);
#5873 = SURFACE_CURVE('',#5874,(#5877,#5883),.PCURVE_S1.);
#5874 = B_SPLINE_CURVE_WITH_KNOTS('',1,(#5875,#5876),.UNSPECIFIED.,.F.,
  .F.,(2,2),(0.,78.7402),.PIECEWISE_BEZIER_KNOTS.);
#5875 = CARTESIAN_POINT('',(14.983719680445,-11.81268715443,
    33.000066040132));
#5876 = CARTESIAN_POINT('',(14.983719680445,-11.81268715443,
    35.000071120142));
#5877 = PCURVE('',#949,#5878);
#5878 = DEFINITIONAL_REPRESENTATION('',(#5879),#5882);
#5879 = B_SPLINE_CURVE_WITH_KNOTS('',1,(#5880,#5881),.UNSPECIFIED.,.F.,
  .F.,(2,2),(0.,78.7402),.PIECEWISE_BEZIER_KNOTS.);
#5880 = CARTESIAN_POINT('',(2.688277844265,0.));
#5881 = CARTESIAN_POINT('',(2.688277844265,-78.7402));
#5882 = ( GEOMETRIC_REPRESENTATION_CONTEXT(2) 
PARAMETRIC_REPRESENTATION_CONTEXT() REPRESENTATION_CONTEXT('2D SPACE',''
  ) );
#5883 = PCURVE('',#974,#5884);
#5884 = DEFINITIONAL_REPRESENTATION('',(#5885),#5888);
#5885 = B_SPLINE_CURVE_WITH_KNOTS('',1,(#5886,#5887),.UNSPECIFIED.,.F.,
  .F.,(2,2),(0.,78.7402),.PIECEWISE_BEZIER_KNOTS.);
#5886 = CARTESIAN_POINT('',(0.,0.));
#5887 = CARTESIAN_POINT('',(0.,-78.7402));
#5888 = ( GEOMETRIC_REPRESENTATION_CONTEXT(2) 
PARAMETRIC_REPRESENTATION_CONTEXT() REPRESENTATION_CONTEXT('2D SPACE',''
  ) );
#5889 = ORIENTED_EDGE('',*,*,#935,.F.);
#5890 = ADVANCED_FACE('',(#5891),#1874,.T.);
#5891 = FACE_BOUND('',#5892,.T.);
#5892 = EDGE_LOOP('',(#5893,#5911,#5912,#5913));
#5893 = ORIENTED_EDGE('',*,*,#5894,.T.);
#5894 = EDGE_CURVE('',#1836,#3897,#5895,.T.);
#5895 = SURFACE_CURVE('',#5896,(#5899,#5905),.PCURVE_S1.);
#5896 = B_SPLINE_CURVE_WITH_KNOTS('',1,(#5897,#5898),.UNSPECIFIED.,.F.,
  .F.,(2,2),(0.,78.7402),.PIECEWISE_BEZIER_KNOTS.);
#5897 = CARTESIAN_POINT('',(15.047241319465,-18.17217172114,
    33.000066040132));
#5898 = CARTESIAN_POINT('',(15.047241319465,-18.17217172114,
    35.000071120142));
#5899 = PCURVE('',#1874,#5900);
#5900 = DEFINITIONAL_REPRESENTATION('',(#5901),#5904);
#5901 = B_SPLINE_CURVE_WITH_KNOTS('',1,(#5902,#5903),.UNSPECIFIED.,.F.,
  .F.,(2,2),(0.,78.7402),.PIECEWISE_BEZIER_KNOTS.);
#5902 = CARTESIAN_POINT('',(0.,0.));
#5903 = CARTESIAN_POINT('',(0.,-78.7402));
#5904 = ( GEOMETRIC_REPRESENTATION_CONTEXT(2) 
PARAMETRIC_REPRESENTATION_CONTEXT() REPRESENTATION_CONTEXT('2D SPACE',''
  ) );
#5905 = PCURVE('',#1849,#5906);
#5906 = DEFINITIONAL_REPRESENTATION('',(#5907),#5910);
#5907 = B_SPLINE_CURVE_WITH_KNOTS('',1,(#5908,#5909),.UNSPECIFIED.,.F.,
  .F.,(2,2),(0.,78.7402),.PIECEWISE_BEZIER_KNOTS.);
#5908 = CARTESIAN_POINT('',(2.688277844265,0.));
#5909 = CARTESIAN_POINT('',(2.688277844265,-78.7402));
#5910 = ( GEOMETRIC_REPRESENTATION_CONTEXT(2) 
PARAMETRIC_REPRESENTATION_CONTEXT() REPRESENTATION_CONTEXT('2D SPACE',''
  ) );
#5911 = ORIENTED_EDGE('',*,*,#3916,.T.);
#5912 = ORIENTED_EDGE('',*,*,#5846,.F.);
#5913 = ORIENTED_EDGE('',*,*,#1860,.F.);
#5914 = ADVANCED_FACE('',(#5915),#974,.T.);
#5915 = FACE_BOUND('',#5916,.T.);
#5916 = EDGE_LOOP('',(#5917,#5918,#5919,#5937));
#5917 = ORIENTED_EDGE('',*,*,#5872,.T.);
#5918 = ORIENTED_EDGE('',*,*,#3196,.T.);
#5919 = ORIENTED_EDGE('',*,*,#5920,.F.);
#5920 = EDGE_CURVE('',#961,#3197,#5921,.T.);
#5921 = SURFACE_CURVE('',#5922,(#5925,#5931),.PCURVE_S1.);
#5922 = B_SPLINE_CURVE_WITH_KNOTS('',1,(#5923,#5924),.UNSPECIFIED.,.F.,
  .F.,(2,2),(0.,78.7402),.PIECEWISE_BEZIER_KNOTS.);
#5923 = CARTESIAN_POINT('',(15.047241319465,-11.83773683867,
    33.000066040132));
#5924 = CARTESIAN_POINT('',(15.047241319465,-11.83773683867,
    35.000071120142));
#5925 = PCURVE('',#974,#5926);
#5926 = DEFINITIONAL_REPRESENTATION('',(#5927),#5930);
#5927 = B_SPLINE_CURVE_WITH_KNOTS('',1,(#5928,#5929),.UNSPECIFIED.,.F.,
  .F.,(2,2),(0.,78.7402),.PIECEWISE_BEZIER_KNOTS.);
#5928 = CARTESIAN_POINT('',(2.688277844265,0.));
#5929 = CARTESIAN_POINT('',(2.688277844265,-78.7402));
#5930 = ( GEOMETRIC_REPRESENTATION_CONTEXT(2) 
PARAMETRIC_REPRESENTATION_CONTEXT() REPRESENTATION_CONTEXT('2D SPACE',''
  ) );
#5931 = PCURVE('',#999,#5932);
#5932 = DEFINITIONAL_REPRESENTATION('',(#5933),#5936);
#5933 = B_SPLINE_CURVE_WITH_KNOTS('',1,(#5934,#5935),.UNSPECIFIED.,.F.,
  .F.,(2,2),(0.,78.7402),.PIECEWISE_BEZIER_KNOTS.);
#5934 = CARTESIAN_POINT('',(0.,0.));
#5935 = CARTESIAN_POINT('',(0.,-78.7402));
#5936 = ( GEOMETRIC_REPRESENTATION_CONTEXT(2) 
PARAMETRIC_REPRESENTATION_CONTEXT() REPRESENTATION_CONTEXT('2D SPACE',''
  ) );
#5937 = ORIENTED_EDGE('',*,*,#960,.F.);
#5938 = ADVANCED_FACE('',(#5939),#1849,.T.);
#5939 = FACE_BOUND('',#5940,.T.);
#5940 = EDGE_LOOP('',(#5941,#5959,#5960,#5961));
#5941 = ORIENTED_EDGE('',*,*,#5942,.T.);
#5942 = EDGE_CURVE('',#1811,#3877,#5943,.T.);
#5943 = SURFACE_CURVE('',#5944,(#5947,#5953),.PCURVE_S1.);
#5944 = B_SPLINE_CURVE_WITH_KNOTS('',1,(#5945,#5946),.UNSPECIFIED.,.F.,
  .F.,(2,2),(0.,78.7402),.PIECEWISE_BEZIER_KNOTS.);
#5945 = CARTESIAN_POINT('',(15.108905423977,-18.14284556355,
    33.000066040132));
#5946 = CARTESIAN_POINT('',(15.108905423977,-18.14284556355,
    35.000071120142));
#5947 = PCURVE('',#1849,#5948);
#5948 = DEFINITIONAL_REPRESENTATION('',(#5949),#5952);
#5949 = B_SPLINE_CURVE_WITH_KNOTS('',1,(#5950,#5951),.UNSPECIFIED.,.F.,
  .F.,(2,2),(0.,78.7402),.PIECEWISE_BEZIER_KNOTS.);
#5950 = CARTESIAN_POINT('',(0.,0.));
#5951 = CARTESIAN_POINT('',(0.,-78.7402));
#5952 = ( GEOMETRIC_REPRESENTATION_CONTEXT(2) 
PARAMETRIC_REPRESENTATION_CONTEXT() REPRESENTATION_CONTEXT('2D SPACE',''
  ) );
#5953 = PCURVE('',#1824,#5954);
#5954 = DEFINITIONAL_REPRESENTATION('',(#5955),#5958);
#5955 = B_SPLINE_CURVE_WITH_KNOTS('',1,(#5956,#5957),.UNSPECIFIED.,.F.,
  .F.,(2,2),(0.,78.7402),.PIECEWISE_BEZIER_KNOTS.);
#5956 = CARTESIAN_POINT('',(2.688277844265,0.));
#5957 = CARTESIAN_POINT('',(2.688277844265,-78.7402));
#5958 = ( GEOMETRIC_REPRESENTATION_CONTEXT(2) 
PARAMETRIC_REPRESENTATION_CONTEXT() REPRESENTATION_CONTEXT('2D SPACE',''
  ) );
#5959 = ORIENTED_EDGE('',*,*,#3896,.T.);
#5960 = ORIENTED_EDGE('',*,*,#5894,.F.);
#5961 = ORIENTED_EDGE('',*,*,#1835,.F.);
#5962 = ADVANCED_FACE('',(#5963),#999,.T.);
#5963 = FACE_BOUND('',#5964,.T.);
#5964 = EDGE_LOOP('',(#5965,#5966,#5967,#5985));
#5965 = ORIENTED_EDGE('',*,*,#5920,.T.);
#5966 = ORIENTED_EDGE('',*,*,#3216,.T.);
#5967 = ORIENTED_EDGE('',*,*,#5968,.F.);
#5968 = EDGE_CURVE('',#986,#3217,#5969,.T.);
#5969 = SURFACE_CURVE('',#5970,(#5973,#5979),.PCURVE_S1.);
#5970 = B_SPLINE_CURVE_WITH_KNOTS('',1,(#5971,#5972),.UNSPECIFIED.,.F.,
  .F.,(2,2),(0.,78.7402),.PIECEWISE_BEZIER_KNOTS.);
#5971 = CARTESIAN_POINT('',(15.108905423977,-11.86706299626,
    33.000066040132));
#5972 = CARTESIAN_POINT('',(15.108905423977,-11.86706299626,
    35.000071120142));
#5973 = PCURVE('',#999,#5974);
#5974 = DEFINITIONAL_REPRESENTATION('',(#5975),#5978);
#5975 = B_SPLINE_CURVE_WITH_KNOTS('',1,(#5976,#5977),.UNSPECIFIED.,.F.,
  .F.,(2,2),(0.,78.7402),.PIECEWISE_BEZIER_KNOTS.);
#5976 = CARTESIAN_POINT('',(2.688277844265,0.));
#5977 = CARTESIAN_POINT('',(2.688277844265,-78.7402));
#5978 = ( GEOMETRIC_REPRESENTATION_CONTEXT(2) 
PARAMETRIC_REPRESENTATION_CONTEXT() REPRESENTATION_CONTEXT('2D SPACE',''
  ) );
#5979 = PCURVE('',#1024,#5980);
#5980 = DEFINITIONAL_REPRESENTATION('',(#5981),#5984);
#5981 = B_SPLINE_CURVE_WITH_KNOTS('',1,(#5982,#5983),.UNSPECIFIED.,.F.,
  .F.,(2,2),(0.,78.7402),.PIECEWISE_BEZIER_KNOTS.);
#5982 = CARTESIAN_POINT('',(0.,0.));
#5983 = CARTESIAN_POINT('',(0.,-78.7402));
#5984 = ( GEOMETRIC_REPRESENTATION_CONTEXT(2) 
PARAMETRIC_REPRESENTATION_CONTEXT() REPRESENTATION_CONTEXT('2D SPACE',''
  ) );
#5985 = ORIENTED_EDGE('',*,*,#985,.F.);
#5986 = ADVANCED_FACE('',(#5987),#1824,.T.);
#5987 = FACE_BOUND('',#5988,.T.);
#5988 = EDGE_LOOP('',(#5989,#6007,#6008,#6009));
#5989 = ORIENTED_EDGE('',*,*,#5990,.T.);
#5990 = EDGE_CURVE('',#1786,#3857,#5991,.T.);
#5991 = SURFACE_CURVE('',#5992,(#5995,#6001),.PCURVE_S1.);
#5992 = B_SPLINE_CURVE_WITH_KNOTS('',1,(#5993,#5994),.UNSPECIFIED.,.F.,
  .F.,(2,2),(0.,78.7402),.PIECEWISE_BEZIER_KNOTS.);
#5993 = CARTESIAN_POINT('',(15.16842448746,-18.10937966469,
    33.000066040132));
#5994 = CARTESIAN_POINT('',(15.16842448746,-18.10937966469,
    35.000071120142));
#5995 = PCURVE('',#1824,#5996);
#5996 = DEFINITIONAL_REPRESENTATION('',(#5997),#6000);
#5997 = B_SPLINE_CURVE_WITH_KNOTS('',1,(#5998,#5999),.UNSPECIFIED.,.F.,
  .F.,(2,2),(0.,78.7402),.PIECEWISE_BEZIER_KNOTS.);
#5998 = CARTESIAN_POINT('',(0.,0.));
#5999 = CARTESIAN_POINT('',(0.,-78.7402));
#6000 = ( GEOMETRIC_REPRESENTATION_CONTEXT(2) 
PARAMETRIC_REPRESENTATION_CONTEXT() REPRESENTATION_CONTEXT('2D SPACE',''
  ) );
#6001 = PCURVE('',#1799,#6002);
#6002 = DEFINITIONAL_REPRESENTATION('',(#6003),#6006);
#6003 = B_SPLINE_CURVE_WITH_KNOTS('',1,(#6004,#6005),.UNSPECIFIED.,.F.,
  .F.,(2,2),(0.,78.7402),.PIECEWISE_BEZIER_KNOTS.);
#6004 = CARTESIAN_POINT('',(2.688277844265,0.));
#6005 = CARTESIAN_POINT('',(2.688277844265,-78.7402));
#6006 = ( GEOMETRIC_REPRESENTATION_CONTEXT(2) 
PARAMETRIC_REPRESENTATION_CONTEXT() REPRESENTATION_CONTEXT('2D SPACE',''
  ) );
#6007 = ORIENTED_EDGE('',*,*,#3876,.T.);
#6008 = ORIENTED_EDGE('',*,*,#5942,.F.);
#6009 = ORIENTED_EDGE('',*,*,#1810,.F.);
#6010 = ADVANCED_FACE('',(#6011),#1024,.T.);
#6011 = FACE_BOUND('',#6012,.T.);
#6012 = EDGE_LOOP('',(#6013,#6014,#6015,#6033));
#6013 = ORIENTED_EDGE('',*,*,#5968,.T.);
#6014 = ORIENTED_EDGE('',*,*,#3236,.T.);
#6015 = ORIENTED_EDGE('',*,*,#6016,.F.);
#6016 = EDGE_CURVE('',#1011,#3237,#6017,.T.);
#6017 = SURFACE_CURVE('',#6018,(#6021,#6027),.PCURVE_S1.);
#6018 = B_SPLINE_CURVE_WITH_KNOTS('',1,(#6019,#6020),.UNSPECIFIED.,.F.,
  .F.,(2,2),(0.,78.7402),.PIECEWISE_BEZIER_KNOTS.);
#6019 = CARTESIAN_POINT('',(15.16842448746,-11.90052889512,
    33.000066040132));
#6020 = CARTESIAN_POINT('',(15.16842448746,-11.90052889512,
    35.000071120142));
#6021 = PCURVE('',#1024,#6022);
#6022 = DEFINITIONAL_REPRESENTATION('',(#6023),#6026);
#6023 = B_SPLINE_CURVE_WITH_KNOTS('',1,(#6024,#6025),.UNSPECIFIED.,.F.,
  .F.,(2,2),(0.,78.7402),.PIECEWISE_BEZIER_KNOTS.);
#6024 = CARTESIAN_POINT('',(2.688277844265,0.));
#6025 = CARTESIAN_POINT('',(2.688277844265,-78.7402));
#6026 = ( GEOMETRIC_REPRESENTATION_CONTEXT(2) 
PARAMETRIC_REPRESENTATION_CONTEXT() REPRESENTATION_CONTEXT('2D SPACE',''
  ) );
#6027 = PCURVE('',#1049,#6028);
#6028 = DEFINITIONAL_REPRESENTATION('',(#6029),#6032);
#6029 = B_SPLINE_CURVE_WITH_KNOTS('',1,(#6030,#6031),.UNSPECIFIED.,.F.,
  .F.,(2,2),(0.,78.7402),.PIECEWISE_BEZIER_KNOTS.);
#6030 = CARTESIAN_POINT('',(0.,0.));
#6031 = CARTESIAN_POINT('',(0.,-78.7402));
#6032 = ( GEOMETRIC_REPRESENTATION_CONTEXT(2) 
PARAMETRIC_REPRESENTATION_CONTEXT() REPRESENTATION_CONTEXT('2D SPACE',''
  ) );
#6033 = ORIENTED_EDGE('',*,*,#1010,.F.);
#6034 = ADVANCED_FACE('',(#6035),#1799,.T.);
#6035 = FACE_BOUND('',#6036,.T.);
#6036 = EDGE_LOOP('',(#6037,#6055,#6056,#6057));
#6037 = ORIENTED_EDGE('',*,*,#6038,.T.);
#6038 = EDGE_CURVE('',#1761,#3837,#6039,.T.);
#6039 = SURFACE_CURVE('',#6040,(#6043,#6049),.PCURVE_S1.);
#6040 = B_SPLINE_CURVE_WITH_KNOTS('',1,(#6041,#6042),.UNSPECIFIED.,.F.,
  .F.,(2,2),(0.,78.7402),.PIECEWISE_BEZIER_KNOTS.);
#6041 = CARTESIAN_POINT('',(15.225521004564,-18.07193005803,
    33.000066040132));
#6042 = CARTESIAN_POINT('',(15.225521004564,-18.07193005803,
    35.000071120142));
#6043 = PCURVE('',#1799,#6044);
#6044 = DEFINITIONAL_REPRESENTATION('',(#6045),#6048);
#6045 = B_SPLINE_CURVE_WITH_KNOTS('',1,(#6046,#6047),.UNSPECIFIED.,.F.,
  .F.,(2,2),(0.,78.7402),.PIECEWISE_BEZIER_KNOTS.);
#6046 = CARTESIAN_POINT('',(0.,0.));
#6047 = CARTESIAN_POINT('',(0.,-78.7402));
#6048 = ( GEOMETRIC_REPRESENTATION_CONTEXT(2) 
PARAMETRIC_REPRESENTATION_CONTEXT() REPRESENTATION_CONTEXT('2D SPACE',''
  ) );
#6049 = PCURVE('',#1774,#6050);
#6050 = DEFINITIONAL_REPRESENTATION('',(#6051),#6054);
#6051 = B_SPLINE_CURVE_WITH_KNOTS('',1,(#6052,#6053),.UNSPECIFIED.,.F.,
  .F.,(2,2),(0.,78.7402),.PIECEWISE_BEZIER_KNOTS.);
#6052 = CARTESIAN_POINT('',(2.688277844265,0.));
#6053 = CARTESIAN_POINT('',(2.688277844265,-78.7402));
#6054 = ( GEOMETRIC_REPRESENTATION_CONTEXT(2) 
PARAMETRIC_REPRESENTATION_CONTEXT() REPRESENTATION_CONTEXT('2D SPACE',''
  ) );
#6055 = ORIENTED_EDGE('',*,*,#3856,.T.);
#6056 = ORIENTED_EDGE('',*,*,#5990,.F.);
#6057 = ORIENTED_EDGE('',*,*,#1785,.F.);
#6058 = ADVANCED_FACE('',(#6059),#1049,.T.);
#6059 = FACE_BOUND('',#6060,.T.);
#6060 = EDGE_LOOP('',(#6061,#6062,#6063,#6081));
#6061 = ORIENTED_EDGE('',*,*,#6016,.T.);
#6062 = ORIENTED_EDGE('',*,*,#3256,.T.);
#6063 = ORIENTED_EDGE('',*,*,#6064,.F.);
#6064 = EDGE_CURVE('',#1036,#3257,#6065,.T.);
#6065 = SURFACE_CURVE('',#6066,(#6069,#6075),.PCURVE_S1.);
#6066 = B_SPLINE_CURVE_WITH_KNOTS('',1,(#6067,#6068),.UNSPECIFIED.,.F.,
  .F.,(2,2),(0.,78.7402),.PIECEWISE_BEZIER_KNOTS.);
#6067 = CARTESIAN_POINT('',(15.225521004564,-11.93797850178,
    33.000066040132));
#6068 = CARTESIAN_POINT('',(15.225521004564,-11.93797850178,
    35.000071120142));
#6069 = PCURVE('',#1049,#6070);
#6070 = DEFINITIONAL_REPRESENTATION('',(#6071),#6074);
#6071 = B_SPLINE_CURVE_WITH_KNOTS('',1,(#6072,#6073),.UNSPECIFIED.,.F.,
  .F.,(2,2),(0.,78.7402),.PIECEWISE_BEZIER_KNOTS.);
#6072 = CARTESIAN_POINT('',(2.688277844265,0.));
#6073 = CARTESIAN_POINT('',(2.688277844265,-78.7402));
#6074 = ( GEOMETRIC_REPRESENTATION_CONTEXT(2) 
PARAMETRIC_REPRESENTATION_CONTEXT() REPRESENTATION_CONTEXT('2D SPACE',''
  ) );
#6075 = PCURVE('',#1074,#6076);
#6076 = DEFINITIONAL_REPRESENTATION('',(#6077),#6080);
#6077 = B_SPLINE_CURVE_WITH_KNOTS('',1,(#6078,#6079),.UNSPECIFIED.,.F.,
  .F.,(2,2),(0.,78.7402),.PIECEWISE_BEZIER_KNOTS.);
#6078 = CARTESIAN_POINT('',(0.,0.));
#6079 = CARTESIAN_POINT('',(0.,-78.7402));
#6080 = ( GEOMETRIC_REPRESENTATION_CONTEXT(2) 
PARAMETRIC_REPRESENTATION_CONTEXT() REPRESENTATION_CONTEXT('2D SPACE',''
  ) );
#6081 = ORIENTED_EDGE('',*,*,#1035,.F.);
#6082 = ADVANCED_FACE('',(#6083),#1774,.T.);
#6083 = FACE_BOUND('',#6084,.T.);
#6084 = EDGE_LOOP('',(#6085,#6103,#6104,#6105));
#6085 = ORIENTED_EDGE('',*,*,#6086,.T.);
#6086 = EDGE_CURVE('',#1736,#3817,#6087,.T.);
#6087 = SURFACE_CURVE('',#6088,(#6091,#6097),.PCURVE_S1.);
#6088 = B_SPLINE_CURVE_WITH_KNOTS('',1,(#6089,#6090),.UNSPECIFIED.,.F.,
  .F.,(2,2),(0.,78.7402),.PIECEWISE_BEZIER_KNOTS.);
#6089 = CARTESIAN_POINT('',(15.279928764971,-18.03067135093,
    33.000066040132));
#6090 = CARTESIAN_POINT('',(15.279928764971,-18.03067135093,
    35.000071120142));
#6091 = PCURVE('',#1774,#6092);
#6092 = DEFINITIONAL_REPRESENTATION('',(#6093),#6096);
#6093 = B_SPLINE_CURVE_WITH_KNOTS('',1,(#6094,#6095),.UNSPECIFIED.,.F.,
  .F.,(2,2),(0.,78.7402),.PIECEWISE_BEZIER_KNOTS.);
#6094 = CARTESIAN_POINT('',(0.,0.));
#6095 = CARTESIAN_POINT('',(0.,-78.7402));
#6096 = ( GEOMETRIC_REPRESENTATION_CONTEXT(2) 
PARAMETRIC_REPRESENTATION_CONTEXT() REPRESENTATION_CONTEXT('2D SPACE',''
  ) );
#6097 = PCURVE('',#1749,#6098);
#6098 = DEFINITIONAL_REPRESENTATION('',(#6099),#6102);
#6099 = B_SPLINE_CURVE_WITH_KNOTS('',1,(#6100,#6101),.UNSPECIFIED.,.F.,
  .F.,(2,2),(0.,78.7402),.PIECEWISE_BEZIER_KNOTS.);
#6100 = CARTESIAN_POINT('',(2.688277844265,0.));
#6101 = CARTESIAN_POINT('',(2.688277844265,-78.7402));
#6102 = ( GEOMETRIC_REPRESENTATION_CONTEXT(2) 
PARAMETRIC_REPRESENTATION_CONTEXT() REPRESENTATION_CONTEXT('2D SPACE',''
  ) );
#6103 = ORIENTED_EDGE('',*,*,#3836,.T.);
#6104 = ORIENTED_EDGE('',*,*,#6038,.F.);
#6105 = ORIENTED_EDGE('',*,*,#1760,.F.);
#6106 = ADVANCED_FACE('',(#6107),#1074,.T.);
#6107 = FACE_BOUND('',#6108,.T.);
#6108 = EDGE_LOOP('',(#6109,#6110,#6111,#6129));
#6109 = ORIENTED_EDGE('',*,*,#6064,.T.);
#6110 = ORIENTED_EDGE('',*,*,#3276,.T.);
#6111 = ORIENTED_EDGE('',*,*,#6112,.F.);
#6112 = EDGE_CURVE('',#1061,#3277,#6113,.T.);
#6113 = SURFACE_CURVE('',#6114,(#6117,#6123),.PCURVE_S1.);
#6114 = B_SPLINE_CURVE_WITH_KNOTS('',1,(#6115,#6116),.UNSPECIFIED.,.F.,
  .F.,(2,2),(0.,78.7402),.PIECEWISE_BEZIER_KNOTS.);
#6115 = CARTESIAN_POINT('',(15.279928764971,-11.97923720888,
    33.000066040132));
#6116 = CARTESIAN_POINT('',(15.279928764971,-11.97923720888,
    35.000071120142));
#6117 = PCURVE('',#1074,#6118);
#6118 = DEFINITIONAL_REPRESENTATION('',(#6119),#6122);
#6119 = B_SPLINE_CURVE_WITH_KNOTS('',1,(#6120,#6121),.UNSPECIFIED.,.F.,
  .F.,(2,2),(0.,78.7402),.PIECEWISE_BEZIER_KNOTS.);
#6120 = CARTESIAN_POINT('',(2.688277844265,0.));
#6121 = CARTESIAN_POINT('',(2.688277844265,-78.7402));
#6122 = ( GEOMETRIC_REPRESENTATION_CONTEXT(2) 
PARAMETRIC_REPRESENTATION_CONTEXT() REPRESENTATION_CONTEXT('2D SPACE',''
  ) );
#6123 = PCURVE('',#1099,#6124);
#6124 = DEFINITIONAL_REPRESENTATION('',(#6125),#6128);
#6125 = B_SPLINE_CURVE_WITH_KNOTS('',1,(#6126,#6127),.UNSPECIFIED.,.F.,
  .F.,(2,2),(0.,78.7402),.PIECEWISE_BEZIER_KNOTS.);
#6126 = CARTESIAN_POINT('',(0.,0.));
#6127 = CARTESIAN_POINT('',(0.,-78.7402));
#6128 = ( GEOMETRIC_REPRESENTATION_CONTEXT(2) 
PARAMETRIC_REPRESENTATION_CONTEXT() REPRESENTATION_CONTEXT('2D SPACE',''
  ) );
#6129 = ORIENTED_EDGE('',*,*,#1060,.F.);
#6130 = ADVANCED_FACE('',(#6131),#1749,.T.);
#6131 = FACE_BOUND('',#6132,.T.);
#6132 = EDGE_LOOP('',(#6133,#6151,#6152,#6153));
#6133 = ORIENTED_EDGE('',*,*,#6134,.T.);
#6134 = EDGE_CURVE('',#1711,#3797,#6135,.T.);
#6135 = SURFACE_CURVE('',#6136,(#6139,#6145),.PCURVE_S1.);
#6136 = B_SPLINE_CURVE_WITH_KNOTS('',1,(#6137,#6138),.UNSPECIFIED.,.F.,
  .F.,(2,2),(0.,78.7402),.PIECEWISE_BEZIER_KNOTS.);
#6137 = CARTESIAN_POINT('',(15.331394094586,-17.98579591052,
    33.000066040132));
#6138 = CARTESIAN_POINT('',(15.331394094586,-17.98579591052,
    35.000071120142));
#6139 = PCURVE('',#1749,#6140);
#6140 = DEFINITIONAL_REPRESENTATION('',(#6141),#6144);
#6141 = B_SPLINE_CURVE_WITH_KNOTS('',1,(#6142,#6143),.UNSPECIFIED.,.F.,
  .F.,(2,2),(0.,78.7402),.PIECEWISE_BEZIER_KNOTS.);
#6142 = CARTESIAN_POINT('',(0.,0.));
#6143 = CARTESIAN_POINT('',(0.,-78.7402));
#6144 = ( GEOMETRIC_REPRESENTATION_CONTEXT(2) 
PARAMETRIC_REPRESENTATION_CONTEXT() REPRESENTATION_CONTEXT('2D SPACE',''
  ) );
#6145 = PCURVE('',#1724,#6146);
#6146 = DEFINITIONAL_REPRESENTATION('',(#6147),#6150);
#6147 = B_SPLINE_CURVE_WITH_KNOTS('',1,(#6148,#6149),.UNSPECIFIED.,.F.,
  .F.,(2,2),(0.,78.7402),.PIECEWISE_BEZIER_KNOTS.);
#6148 = CARTESIAN_POINT('',(2.688277844265,0.));
#6149 = CARTESIAN_POINT('',(2.688277844265,-78.7402));
#6150 = ( GEOMETRIC_REPRESENTATION_CONTEXT(2) 
PARAMETRIC_REPRESENTATION_CONTEXT() REPRESENTATION_CONTEXT('2D SPACE',''
  ) );
#6151 = ORIENTED_EDGE('',*,*,#3816,.T.);
#6152 = ORIENTED_EDGE('',*,*,#6086,.F.);
#6153 = ORIENTED_EDGE('',*,*,#1735,.F.);
#6154 = ADVANCED_FACE('',(#6155),#1099,.T.);
#6155 = FACE_BOUND('',#6156,.T.);
#6156 = EDGE_LOOP('',(#6157,#6158,#6159,#6177));
#6157 = ORIENTED_EDGE('',*,*,#6112,.T.);
#6158 = ORIENTED_EDGE('',*,*,#3296,.T.);
#6159 = ORIENTED_EDGE('',*,*,#6160,.F.);
#6160 = EDGE_CURVE('',#1086,#3297,#6161,.T.);
#6161 = SURFACE_CURVE('',#6162,(#6165,#6171),.PCURVE_S1.);
#6162 = B_SPLINE_CURVE_WITH_KNOTS('',1,(#6163,#6164),.UNSPECIFIED.,.F.,
  .F.,(2,2),(0.,78.7402),.PIECEWISE_BEZIER_KNOTS.);
#6163 = CARTESIAN_POINT('',(15.331394094586,-12.02411264929,
    33.000066040132));
#6164 = CARTESIAN_POINT('',(15.331394094586,-12.02411264929,
    35.000071120142));
#6165 = PCURVE('',#1099,#6166);
#6166 = DEFINITIONAL_REPRESENTATION('',(#6167),#6170);
#6167 = B_SPLINE_CURVE_WITH_KNOTS('',1,(#6168,#6169),.UNSPECIFIED.,.F.,
  .F.,(2,2),(0.,78.7402),.PIECEWISE_BEZIER_KNOTS.);
#6168 = CARTESIAN_POINT('',(2.688277844265,0.));
#6169 = CARTESIAN_POINT('',(2.688277844265,-78.7402));
#6170 = ( GEOMETRIC_REPRESENTATION_CONTEXT(2) 
PARAMETRIC_REPRESENTATION_CONTEXT() REPRESENTATION_CONTEXT('2D SPACE',''
  ) );
#6171 = PCURVE('',#1124,#6172);
#6172 = DEFINITIONAL_REPRESENTATION('',(#6173),#6176);
#6173 = B_SPLINE_CURVE_WITH_KNOTS('',1,(#6174,#6175),.UNSPECIFIED.,.F.,
  .F.,(2,2),(0.,78.7402),.PIECEWISE_BEZIER_KNOTS.);
#6174 = CARTESIAN_POINT('',(0.,0.));
#6175 = CARTESIAN_POINT('',(0.,-78.7402));
#6176 = ( GEOMETRIC_REPRESENTATION_CONTEXT(2) 
PARAMETRIC_REPRESENTATION_CONTEXT() REPRESENTATION_CONTEXT('2D SPACE',''
  ) );
#6177 = ORIENTED_EDGE('',*,*,#1085,.F.);
#6178 = ADVANCED_FACE('',(#6179),#1724,.T.);
#6179 = FACE_BOUND('',#6180,.T.);
#6180 = EDGE_LOOP('',(#6181,#6199,#6200,#6201));
#6181 = ORIENTED_EDGE('',*,*,#6182,.T.);
#6182 = EDGE_CURVE('',#1686,#3777,#6183,.T.);
#6183 = SURFACE_CURVE('',#6184,(#6187,#6193),.PCURVE_S1.);
#6184 = B_SPLINE_CURVE_WITH_KNOTS('',1,(#6185,#6186),.UNSPECIFIED.,.F.,
  .F.,(2,2),(0.,78.7402),.PIECEWISE_BEZIER_KNOTS.);
#6185 = CARTESIAN_POINT('',(15.379677038284,-17.93751296682,
    33.000066040132));
#6186 = CARTESIAN_POINT('',(15.379677038284,-17.93751296682,
    35.000071120142));
#6187 = PCURVE('',#1724,#6188);
#6188 = DEFINITIONAL_REPRESENTATION('',(#6189),#6192);
#6189 = B_SPLINE_CURVE_WITH_KNOTS('',1,(#6190,#6191),.UNSPECIFIED.,.F.,
  .F.,(2,2),(0.,78.7402),.PIECEWISE_BEZIER_KNOTS.);
#6190 = CARTESIAN_POINT('',(0.,0.));
#6191 = CARTESIAN_POINT('',(0.,-78.7402));
#6192 = ( GEOMETRIC_REPRESENTATION_CONTEXT(2) 
PARAMETRIC_REPRESENTATION_CONTEXT() REPRESENTATION_CONTEXT('2D SPACE',''
  ) );
#6193 = PCURVE('',#1699,#6194);
#6194 = DEFINITIONAL_REPRESENTATION('',(#6195),#6198);
#6195 = B_SPLINE_CURVE_WITH_KNOTS('',1,(#6196,#6197),.UNSPECIFIED.,.F.,
  .F.,(2,2),(0.,78.7402),.PIECEWISE_BEZIER_KNOTS.);
#6196 = CARTESIAN_POINT('',(2.688277844265,0.));
#6197 = CARTESIAN_POINT('',(2.688277844265,-78.7402));
#6198 = ( GEOMETRIC_REPRESENTATION_CONTEXT(2) 
PARAMETRIC_REPRESENTATION_CONTEXT() REPRESENTATION_CONTEXT('2D SPACE',''
  ) );
#6199 = ORIENTED_EDGE('',*,*,#3796,.T.);
#6200 = ORIENTED_EDGE('',*,*,#6134,.F.);
#6201 = ORIENTED_EDGE('',*,*,#1710,.F.);
#6202 = ADVANCED_FACE('',(#6203),#1124,.T.);
#6203 = FACE_BOUND('',#6204,.T.);
#6204 = EDGE_LOOP('',(#6205,#6206,#6207,#6225));
#6205 = ORIENTED_EDGE('',*,*,#6160,.T.);
#6206 = ORIENTED_EDGE('',*,*,#3316,.T.);
#6207 = ORIENTED_EDGE('',*,*,#6208,.F.);
#6208 = EDGE_CURVE('',#1111,#3317,#6209,.T.);
#6209 = SURFACE_CURVE('',#6210,(#6213,#6219),.PCURVE_S1.);
#6210 = B_SPLINE_CURVE_WITH_KNOTS('',1,(#6211,#6212),.UNSPECIFIED.,.F.,
  .F.,(2,2),(0.,78.7402),.PIECEWISE_BEZIER_KNOTS.);
#6211 = CARTESIAN_POINT('',(15.379677038284,-12.07239559299,
    33.000066040132));
#6212 = CARTESIAN_POINT('',(15.379677038284,-12.07239559299,
    35.000071120142));
#6213 = PCURVE('',#1124,#6214);
#6214 = DEFINITIONAL_REPRESENTATION('',(#6215),#6218);
#6215 = B_SPLINE_CURVE_WITH_KNOTS('',1,(#6216,#6217),.UNSPECIFIED.,.F.,
  .F.,(2,2),(0.,78.7402),.PIECEWISE_BEZIER_KNOTS.);
#6216 = CARTESIAN_POINT('',(2.688277844265,0.));
#6217 = CARTESIAN_POINT('',(2.688277844265,-78.7402));
#6218 = ( GEOMETRIC_REPRESENTATION_CONTEXT(2) 
PARAMETRIC_REPRESENTATION_CONTEXT() REPRESENTATION_CONTEXT('2D SPACE',''
  ) );
#6219 = PCURVE('',#1149,#6220);
#6220 = DEFINITIONAL_REPRESENTATION('',(#6221),#6224);
#6221 = B_SPLINE_CURVE_WITH_KNOTS('',1,(#6222,#6223),.UNSPECIFIED.,.F.,
  .F.,(2,2),(0.,78.7402),.PIECEWISE_BEZIER_KNOTS.);
#6222 = CARTESIAN_POINT('',(0.,0.));
#6223 = CARTESIAN_POINT('',(0.,-78.7402));
#6224 = ( GEOMETRIC_REPRESENTATION_CONTEXT(2) 
PARAMETRIC_REPRESENTATION_CONTEXT() REPRESENTATION_CONTEXT('2D SPACE',''
  ) );
#6225 = ORIENTED_EDGE('',*,*,#1110,.F.);
#6226 = ADVANCED_FACE('',(#6227),#1699,.T.);
#6227 = FACE_BOUND('',#6228,.T.);
#6228 = EDGE_LOOP('',(#6229,#6247,#6248,#6249));
#6229 = ORIENTED_EDGE('',*,*,#6230,.T.);
#6230 = EDGE_CURVE('',#1661,#3757,#6231,.T.);
#6231 = SURFACE_CURVE('',#6232,(#6235,#6241),.PCURVE_S1.);
#6232 = B_SPLINE_CURVE_WITH_KNOTS('',1,(#6233,#6234),.UNSPECIFIED.,.F.,
  .F.,(2,2),(0.,78.7402),.PIECEWISE_BEZIER_KNOTS.);
#6233 = CARTESIAN_POINT('',(15.424552478693,-17.8860476372,
    33.000066040132));
#6234 = CARTESIAN_POINT('',(15.424552478693,-17.8860476372,
    35.000071120142));
#6235 = PCURVE('',#1699,#6236);
#6236 = DEFINITIONAL_REPRESENTATION('',(#6237),#6240);
#6237 = B_SPLINE_CURVE_WITH_KNOTS('',1,(#6238,#6239),.UNSPECIFIED.,.F.,
  .F.,(2,2),(0.,78.7402),.PIECEWISE_BEZIER_KNOTS.);
#6238 = CARTESIAN_POINT('',(0.,0.));
#6239 = CARTESIAN_POINT('',(0.,-78.7402));
#6240 = ( GEOMETRIC_REPRESENTATION_CONTEXT(2) 
PARAMETRIC_REPRESENTATION_CONTEXT() REPRESENTATION_CONTEXT('2D SPACE',''
  ) );
#6241 = PCURVE('',#1674,#6242);
#6242 = DEFINITIONAL_REPRESENTATION('',(#6243),#6246);
#6243 = B_SPLINE_CURVE_WITH_KNOTS('',1,(#6244,#6245),.UNSPECIFIED.,.F.,
  .F.,(2,2),(0.,78.7402),.PIECEWISE_BEZIER_KNOTS.);
#6244 = CARTESIAN_POINT('',(2.688277844265,0.));
#6245 = CARTESIAN_POINT('',(2.688277844265,-78.7402));
#6246 = ( GEOMETRIC_REPRESENTATION_CONTEXT(2) 
PARAMETRIC_REPRESENTATION_CONTEXT() REPRESENTATION_CONTEXT('2D SPACE',''
  ) );
#6247 = ORIENTED_EDGE('',*,*,#3776,.T.);
#6248 = ORIENTED_EDGE('',*,*,#6182,.F.);
#6249 = ORIENTED_EDGE('',*,*,#1685,.F.);
#6250 = ADVANCED_FACE('',(#6251),#1149,.T.);
#6251 = FACE_BOUND('',#6252,.T.);
#6252 = EDGE_LOOP('',(#6253,#6254,#6255,#6273));
#6253 = ORIENTED_EDGE('',*,*,#6208,.T.);
#6254 = ORIENTED_EDGE('',*,*,#3336,.T.);
#6255 = ORIENTED_EDGE('',*,*,#6256,.F.);
#6256 = EDGE_CURVE('',#1136,#3337,#6257,.T.);
#6257 = SURFACE_CURVE('',#6258,(#6261,#6267),.PCURVE_S1.);
#6258 = B_SPLINE_CURVE_WITH_KNOTS('',1,(#6259,#6260),.UNSPECIFIED.,.F.,
  .F.,(2,2),(0.,78.7402),.PIECEWISE_BEZIER_KNOTS.);
#6259 = CARTESIAN_POINT('',(15.424552478693,-12.1238609226,
    33.000066040132));
#6260 = CARTESIAN_POINT('',(15.424552478693,-12.1238609226,
    35.000071120142));
#6261 = PCURVE('',#1149,#6262);
#6262 = DEFINITIONAL_REPRESENTATION('',(#6263),#6266);
#6263 = B_SPLINE_CURVE_WITH_KNOTS('',1,(#6264,#6265),.UNSPECIFIED.,.F.,
  .F.,(2,2),(0.,78.7402),.PIECEWISE_BEZIER_KNOTS.);
#6264 = CARTESIAN_POINT('',(2.688277844265,0.));
#6265 = CARTESIAN_POINT('',(2.688277844265,-78.7402));
#6266 = ( GEOMETRIC_REPRESENTATION_CONTEXT(2) 
PARAMETRIC_REPRESENTATION_CONTEXT() REPRESENTATION_CONTEXT('2D SPACE',''
  ) );
#6267 = PCURVE('',#1174,#6268);
#6268 = DEFINITIONAL_REPRESENTATION('',(#6269),#6272);
#6269 = B_SPLINE_CURVE_WITH_KNOTS('',1,(#6270,#6271),.UNSPECIFIED.,.F.,
  .F.,(2,2),(0.,78.7402),.PIECEWISE_BEZIER_KNOTS.);
#6270 = CARTESIAN_POINT('',(0.,0.));
#6271 = CARTESIAN_POINT('',(0.,-78.7402));
#6272 = ( GEOMETRIC_REPRESENTATION_CONTEXT(2) 
PARAMETRIC_REPRESENTATION_CONTEXT() REPRESENTATION_CONTEXT('2D SPACE',''
  ) );
#6273 = ORIENTED_EDGE('',*,*,#1135,.F.);
#6274 = ADVANCED_FACE('',(#6275),#1674,.T.);
#6275 = FACE_BOUND('',#6276,.T.);
#6276 = EDGE_LOOP('',(#6277,#6295,#6296,#6297));
#6277 = ORIENTED_EDGE('',*,*,#6278,.T.);
#6278 = EDGE_CURVE('',#1636,#3737,#6279,.T.);
#6279 = SURFACE_CURVE('',#6280,(#6283,#6289),.PCURVE_S1.);
#6280 = B_SPLINE_CURVE_WITH_KNOTS('',1,(#6281,#6282),.UNSPECIFIED.,.F.,
  .F.,(2,2),(0.,78.7402),.PIECEWISE_BEZIER_KNOTS.);
#6281 = CARTESIAN_POINT('',(15.465811185797,-17.8316398768,
    33.000066040132));
#6282 = CARTESIAN_POINT('',(15.465811185797,-17.8316398768,
    35.000071120142));
#6283 = PCURVE('',#1674,#6284);
#6284 = DEFINITIONAL_REPRESENTATION('',(#6285),#6288);
#6285 = B_SPLINE_CURVE_WITH_KNOTS('',1,(#6286,#6287),.UNSPECIFIED.,.F.,
  .F.,(2,2),(0.,78.7402),.PIECEWISE_BEZIER_KNOTS.);
#6286 = CARTESIAN_POINT('',(0.,0.));
#6287 = CARTESIAN_POINT('',(0.,-78.7402));
#6288 = ( GEOMETRIC_REPRESENTATION_CONTEXT(2) 
PARAMETRIC_REPRESENTATION_CONTEXT() REPRESENTATION_CONTEXT('2D SPACE',''
  ) );
#6289 = PCURVE('',#1649,#6290);
#6290 = DEFINITIONAL_REPRESENTATION('',(#6291),#6294);
#6291 = B_SPLINE_CURVE_WITH_KNOTS('',1,(#6292,#6293),.UNSPECIFIED.,.F.,
  .F.,(2,2),(0.,78.7402),.PIECEWISE_BEZIER_KNOTS.);
#6292 = CARTESIAN_POINT('',(2.688277844265,0.));
#6293 = CARTESIAN_POINT('',(2.688277844265,-78.7402));
#6294 = ( GEOMETRIC_REPRESENTATION_CONTEXT(2) 
PARAMETRIC_REPRESENTATION_CONTEXT() REPRESENTATION_CONTEXT('2D SPACE',''
  ) );
#6295 = ORIENTED_EDGE('',*,*,#3756,.T.);
#6296 = ORIENTED_EDGE('',*,*,#6230,.F.);
#6297 = ORIENTED_EDGE('',*,*,#1660,.F.);
#6298 = ADVANCED_FACE('',(#6299),#1174,.T.);
#6299 = FACE_BOUND('',#6300,.T.);
#6300 = EDGE_LOOP('',(#6301,#6302,#6303,#6321));
#6301 = ORIENTED_EDGE('',*,*,#6256,.T.);
#6302 = ORIENTED_EDGE('',*,*,#3356,.T.);
#6303 = ORIENTED_EDGE('',*,*,#6304,.F.);
#6304 = EDGE_CURVE('',#1161,#3357,#6305,.T.);
#6305 = SURFACE_CURVE('',#6306,(#6309,#6315),.PCURVE_S1.);
#6306 = B_SPLINE_CURVE_WITH_KNOTS('',1,(#6307,#6308),.UNSPECIFIED.,.F.,
  .F.,(2,2),(0.,78.7402),.PIECEWISE_BEZIER_KNOTS.);
#6307 = CARTESIAN_POINT('',(15.465811185797,-12.17826868301,
    33.000066040132));
#6308 = CARTESIAN_POINT('',(15.465811185797,-12.17826868301,
    35.000071120142));
#6309 = PCURVE('',#1174,#6310);
#6310 = DEFINITIONAL_REPRESENTATION('',(#6311),#6314);
#6311 = B_SPLINE_CURVE_WITH_KNOTS('',1,(#6312,#6313),.UNSPECIFIED.,.F.,
  .F.,(2,2),(0.,78.7402),.PIECEWISE_BEZIER_KNOTS.);
#6312 = CARTESIAN_POINT('',(2.688277844265,0.));
#6313 = CARTESIAN_POINT('',(2.688277844265,-78.7402));
#6314 = ( GEOMETRIC_REPRESENTATION_CONTEXT(2) 
PARAMETRIC_REPRESENTATION_CONTEXT() REPRESENTATION_CONTEXT('2D SPACE',''
  ) );
#6315 = PCURVE('',#1199,#6316);
#6316 = DEFINITIONAL_REPRESENTATION('',(#6317),#6320);
#6317 = B_SPLINE_CURVE_WITH_KNOTS('',1,(#6318,#6319),.UNSPECIFIED.,.F.,
  .F.,(2,2),(0.,78.7402),.PIECEWISE_BEZIER_KNOTS.);
#6318 = CARTESIAN_POINT('',(0.,0.));
#6319 = CARTESIAN_POINT('',(0.,-78.7402));
#6320 = ( GEOMETRIC_REPRESENTATION_CONTEXT(2) 
PARAMETRIC_REPRESENTATION_CONTEXT() REPRESENTATION_CONTEXT('2D SPACE',''
  ) );
#6321 = ORIENTED_EDGE('',*,*,#1160,.F.);
#6322 = ADVANCED_FACE('',(#6323),#1649,.T.);
#6323 = FACE_BOUND('',#6324,.T.);
#6324 = EDGE_LOOP('',(#6325,#6343,#6344,#6345));
#6325 = ORIENTED_EDGE('',*,*,#6326,.T.);
#6326 = EDGE_CURVE('',#1611,#3717,#6327,.T.);
#6327 = SURFACE_CURVE('',#6328,(#6331,#6337),.PCURVE_S1.);
#6328 = B_SPLINE_CURVE_WITH_KNOTS('',1,(#6329,#6330),.UNSPECIFIED.,.F.,
  .F.,(2,2),(0.,78.7402),.PIECEWISE_BEZIER_KNOTS.);
#6329 = CARTESIAN_POINT('',(15.503260792455,-17.77454335969,
    33.000066040132));
#6330 = CARTESIAN_POINT('',(15.503260792455,-17.77454335969,
    35.000071120142));
#6331 = PCURVE('',#1649,#6332);
#6332 = DEFINITIONAL_REPRESENTATION('',(#6333),#6336);
#6333 = B_SPLINE_CURVE_WITH_KNOTS('',1,(#6334,#6335),.UNSPECIFIED.,.F.,
  .F.,(2,2),(0.,78.7402),.PIECEWISE_BEZIER_KNOTS.);
#6334 = CARTESIAN_POINT('',(0.,0.));
#6335 = CARTESIAN_POINT('',(0.,-78.7402));
#6336 = ( GEOMETRIC_REPRESENTATION_CONTEXT(2) 
PARAMETRIC_REPRESENTATION_CONTEXT() REPRESENTATION_CONTEXT('2D SPACE',''
  ) );
#6337 = PCURVE('',#1624,#6338);
#6338 = DEFINITIONAL_REPRESENTATION('',(#6339),#6342);
#6339 = B_SPLINE_CURVE_WITH_KNOTS('',1,(#6340,#6341),.UNSPECIFIED.,.F.,
  .F.,(2,2),(0.,78.7402),.PIECEWISE_BEZIER_KNOTS.);
#6340 = CARTESIAN_POINT('',(2.688277844265,0.));
#6341 = CARTESIAN_POINT('',(2.688277844265,-78.7402));
#6342 = ( GEOMETRIC_REPRESENTATION_CONTEXT(2) 
PARAMETRIC_REPRESENTATION_CONTEXT() REPRESENTATION_CONTEXT('2D SPACE',''
  ) );
#6343 = ORIENTED_EDGE('',*,*,#3736,.T.);
#6344 = ORIENTED_EDGE('',*,*,#6278,.F.);
#6345 = ORIENTED_EDGE('',*,*,#1635,.F.);
#6346 = ADVANCED_FACE('',(#6347),#1199,.T.);
#6347 = FACE_BOUND('',#6348,.T.);
#6348 = EDGE_LOOP('',(#6349,#6350,#6351,#6369));
#6349 = ORIENTED_EDGE('',*,*,#6304,.T.);
#6350 = ORIENTED_EDGE('',*,*,#3376,.T.);
#6351 = ORIENTED_EDGE('',*,*,#6352,.F.);
#6352 = EDGE_CURVE('',#1186,#3377,#6353,.T.);
#6353 = SURFACE_CURVE('',#6354,(#6357,#6363),.PCURVE_S1.);
#6354 = B_SPLINE_CURVE_WITH_KNOTS('',1,(#6355,#6356),.UNSPECIFIED.,.F.,
  .F.,(2,2),(0.,78.7402),.PIECEWISE_BEZIER_KNOTS.);
#6355 = CARTESIAN_POINT('',(15.503260792455,-12.23536520012,
    33.000066040132));
#6356 = CARTESIAN_POINT('',(15.503260792455,-12.23536520012,
    35.000071120142));
#6357 = PCURVE('',#1199,#6358);
#6358 = DEFINITIONAL_REPRESENTATION('',(#6359),#6362);
#6359 = B_SPLINE_CURVE_WITH_KNOTS('',1,(#6360,#6361),.UNSPECIFIED.,.F.,
  .F.,(2,2),(0.,78.7402),.PIECEWISE_BEZIER_KNOTS.);
#6360 = CARTESIAN_POINT('',(2.688277844265,0.));
#6361 = CARTESIAN_POINT('',(2.688277844265,-78.7402));
#6362 = ( GEOMETRIC_REPRESENTATION_CONTEXT(2) 
PARAMETRIC_REPRESENTATION_CONTEXT() REPRESENTATION_CONTEXT('2D SPACE',''
  ) );
#6363 = PCURVE('',#1224,#6364);
#6364 = DEFINITIONAL_REPRESENTATION('',(#6365),#6368);
#6365 = B_SPLINE_CURVE_WITH_KNOTS('',1,(#6366,#6367),.UNSPECIFIED.,.F.,
  .F.,(2,2),(0.,78.7402),.PIECEWISE_BEZIER_KNOTS.);
#6366 = CARTESIAN_POINT('',(0.,0.));
#6367 = CARTESIAN_POINT('',(0.,-78.7402));
#6368 = ( GEOMETRIC_REPRESENTATION_CONTEXT(2) 
PARAMETRIC_REPRESENTATION_CONTEXT() REPRESENTATION_CONTEXT('2D SPACE',''
  ) );
#6369 = ORIENTED_EDGE('',*,*,#1185,.F.);
#6370 = ADVANCED_FACE('',(#6371),#1624,.T.);
#6371 = FACE_BOUND('',#6372,.T.);
#6372 = EDGE_LOOP('',(#6373,#6391,#6392,#6393));
#6373 = ORIENTED_EDGE('',*,*,#6374,.T.);
#6374 = EDGE_CURVE('',#1586,#3697,#6375,.T.);
#6375 = SURFACE_CURVE('',#6376,(#6379,#6385),.PCURVE_S1.);
#6376 = B_SPLINE_CURVE_WITH_KNOTS('',1,(#6377,#6378),.UNSPECIFIED.,.F.,
  .F.,(2,2),(0.,78.7402),.PIECEWISE_BEZIER_KNOTS.);
#6377 = CARTESIAN_POINT('',(15.536726691314,-17.71502429621,
    33.000066040132));
#6378 = CARTESIAN_POINT('',(15.536726691314,-17.71502429621,
    35.000071120142));
#6379 = PCURVE('',#1624,#6380);
#6380 = DEFINITIONAL_REPRESENTATION('',(#6381),#6384);
#6381 = B_SPLINE_CURVE_WITH_KNOTS('',1,(#6382,#6383),.UNSPECIFIED.,.F.,
  .F.,(2,2),(0.,78.7402),.PIECEWISE_BEZIER_KNOTS.);
#6382 = CARTESIAN_POINT('',(0.,0.));
#6383 = CARTESIAN_POINT('',(0.,-78.7402));
#6384 = ( GEOMETRIC_REPRESENTATION_CONTEXT(2) 
PARAMETRIC_REPRESENTATION_CONTEXT() REPRESENTATION_CONTEXT('2D SPACE',''
  ) );
#6385 = PCURVE('',#1599,#6386);
#6386 = DEFINITIONAL_REPRESENTATION('',(#6387),#6390);
#6387 = B_SPLINE_CURVE_WITH_KNOTS('',1,(#6388,#6389),.UNSPECIFIED.,.F.,
  .F.,(2,2),(0.,78.7402),.PIECEWISE_BEZIER_KNOTS.);
#6388 = CARTESIAN_POINT('',(2.688277844265,0.));
#6389 = CARTESIAN_POINT('',(2.688277844265,-78.7402));
#6390 = ( GEOMETRIC_REPRESENTATION_CONTEXT(2) 
PARAMETRIC_REPRESENTATION_CONTEXT() REPRESENTATION_CONTEXT('2D SPACE',''
  ) );
#6391 = ORIENTED_EDGE('',*,*,#3716,.T.);
#6392 = ORIENTED_EDGE('',*,*,#6326,.F.);
#6393 = ORIENTED_EDGE('',*,*,#1610,.F.);
#6394 = ADVANCED_FACE('',(#6395),#1224,.T.);
#6395 = FACE_BOUND('',#6396,.T.);
#6396 = EDGE_LOOP('',(#6397,#6398,#6399,#6417));
#6397 = ORIENTED_EDGE('',*,*,#6352,.T.);
#6398 = ORIENTED_EDGE('',*,*,#3396,.T.);
#6399 = ORIENTED_EDGE('',*,*,#6400,.F.);
#6400 = EDGE_CURVE('',#1211,#3397,#6401,.T.);
#6401 = SURFACE_CURVE('',#6402,(#6405,#6411),.PCURVE_S1.);
#6402 = B_SPLINE_CURVE_WITH_KNOTS('',1,(#6403,#6404),.UNSPECIFIED.,.F.,
  .F.,(2,2),(0.,78.7402),.PIECEWISE_BEZIER_KNOTS.);
#6403 = CARTESIAN_POINT('',(15.536726691314,-12.2948842636,
    33.000066040132));
#6404 = CARTESIAN_POINT('',(15.536726691314,-12.2948842636,
    35.000071120142));
#6405 = PCURVE('',#1224,#6406);
#6406 = DEFINITIONAL_REPRESENTATION('',(#6407),#6410);
#6407 = B_SPLINE_CURVE_WITH_KNOTS('',1,(#6408,#6409),.UNSPECIFIED.,.F.,
  .F.,(2,2),(0.,78.7402),.PIECEWISE_BEZIER_KNOTS.);
#6408 = CARTESIAN_POINT('',(2.688277844265,0.));
#6409 = CARTESIAN_POINT('',(2.688277844265,-78.7402));
#6410 = ( GEOMETRIC_REPRESENTATION_CONTEXT(2) 
PARAMETRIC_REPRESENTATION_CONTEXT() REPRESENTATION_CONTEXT('2D SPACE',''
  ) );
#6411 = PCURVE('',#1249,#6412);
#6412 = DEFINITIONAL_REPRESENTATION('',(#6413),#6416);
#6413 = B_SPLINE_CURVE_WITH_KNOTS('',1,(#6414,#6415),.UNSPECIFIED.,.F.,
  .F.,(2,2),(0.,78.7402),.PIECEWISE_BEZIER_KNOTS.);
#6414 = CARTESIAN_POINT('',(0.,0.));
#6415 = CARTESIAN_POINT('',(0.,-78.7402));
#6416 = ( GEOMETRIC_REPRESENTATION_CONTEXT(2) 
PARAMETRIC_REPRESENTATION_CONTEXT() REPRESENTATION_CONTEXT('2D SPACE',''
  ) );
#6417 = ORIENTED_EDGE('',*,*,#1210,.F.);
#6418 = ADVANCED_FACE('',(#6419),#1599,.T.);
#6419 = FACE_BOUND('',#6420,.T.);
#6420 = EDGE_LOOP('',(#6421,#6439,#6440,#6441));
#6421 = ORIENTED_EDGE('',*,*,#6422,.T.);
#6422 = EDGE_CURVE('',#1561,#3677,#6423,.T.);
#6423 = SURFACE_CURVE('',#6424,(#6427,#6433),.PCURVE_S1.);
#6424 = B_SPLINE_CURVE_WITH_KNOTS('',1,(#6425,#6426),.UNSPECIFIED.,.F.,
  .F.,(2,2),(0.,78.7402),.PIECEWISE_BEZIER_KNOTS.);
#6425 = CARTESIAN_POINT('',(15.566052848905,-17.6533601917,
    33.000066040132));
#6426 = CARTESIAN_POINT('',(15.566052848905,-17.6533601917,
    35.000071120142));
#6427 = PCURVE('',#1599,#6428);
#6428 = DEFINITIONAL_REPRESENTATION('',(#6429),#6432);
#6429 = B_SPLINE_CURVE_WITH_KNOTS('',1,(#6430,#6431),.UNSPECIFIED.,.F.,
  .F.,(2,2),(0.,78.7402),.PIECEWISE_BEZIER_KNOTS.);
#6430 = CARTESIAN_POINT('',(0.,0.));
#6431 = CARTESIAN_POINT('',(0.,-78.7402));
#6432 = ( GEOMETRIC_REPRESENTATION_CONTEXT(2) 
PARAMETRIC_REPRESENTATION_CONTEXT() REPRESENTATION_CONTEXT('2D SPACE',''
  ) );
#6433 = PCURVE('',#1574,#6434);
#6434 = DEFINITIONAL_REPRESENTATION('',(#6435),#6438);
#6435 = B_SPLINE_CURVE_WITH_KNOTS('',1,(#6436,#6437),.UNSPECIFIED.,.F.,
  .F.,(2,2),(0.,78.7402),.PIECEWISE_BEZIER_KNOTS.);
#6436 = CARTESIAN_POINT('',(2.688277844265,0.));
#6437 = CARTESIAN_POINT('',(2.688277844265,-78.7402));
#6438 = ( GEOMETRIC_REPRESENTATION_CONTEXT(2) 
PARAMETRIC_REPRESENTATION_CONTEXT() REPRESENTATION_CONTEXT('2D SPACE',''
  ) );
#6439 = ORIENTED_EDGE('',*,*,#3696,.T.);
#6440 = ORIENTED_EDGE('',*,*,#6374,.F.);
#6441 = ORIENTED_EDGE('',*,*,#1585,.F.);
#6442 = ADVANCED_FACE('',(#6443),#1249,.T.);
#6443 = FACE_BOUND('',#6444,.T.);
#6444 = EDGE_LOOP('',(#6445,#6446,#6447,#6465));
#6445 = ORIENTED_EDGE('',*,*,#6400,.T.);
#6446 = ORIENTED_EDGE('',*,*,#3416,.T.);
#6447 = ORIENTED_EDGE('',*,*,#6448,.F.);
#6448 = EDGE_CURVE('',#1236,#3417,#6449,.T.);
#6449 = SURFACE_CURVE('',#6450,(#6453,#6459),.PCURVE_S1.);
#6450 = B_SPLINE_CURVE_WITH_KNOTS('',1,(#6451,#6452),.UNSPECIFIED.,.F.,
  .F.,(2,2),(0.,78.7402),.PIECEWISE_BEZIER_KNOTS.);
#6451 = CARTESIAN_POINT('',(15.566052848905,-12.35654836811,
    33.000066040132));
#6452 = CARTESIAN_POINT('',(15.566052848905,-12.35654836811,
    35.000071120142));
#6453 = PCURVE('',#1249,#6454);
#6454 = DEFINITIONAL_REPRESENTATION('',(#6455),#6458);
#6455 = B_SPLINE_CURVE_WITH_KNOTS('',1,(#6456,#6457),.UNSPECIFIED.,.F.,
  .F.,(2,2),(0.,78.7402),.PIECEWISE_BEZIER_KNOTS.);
#6456 = CARTESIAN_POINT('',(2.688277844265,0.));
#6457 = CARTESIAN_POINT('',(2.688277844265,-78.7402));
#6458 = ( GEOMETRIC_REPRESENTATION_CONTEXT(2) 
PARAMETRIC_REPRESENTATION_CONTEXT() REPRESENTATION_CONTEXT('2D SPACE',''
  ) );
#6459 = PCURVE('',#1274,#6460);
#6460 = DEFINITIONAL_REPRESENTATION('',(#6461),#6464);
#6461 = B_SPLINE_CURVE_WITH_KNOTS('',1,(#6462,#6463),.UNSPECIFIED.,.F.,
  .F.,(2,2),(0.,78.7402),.PIECEWISE_BEZIER_KNOTS.);
#6462 = CARTESIAN_POINT('',(0.,0.));
#6463 = CARTESIAN_POINT('',(0.,-78.7402));
#6464 = ( GEOMETRIC_REPRESENTATION_CONTEXT(2) 
PARAMETRIC_REPRESENTATION_CONTEXT() REPRESENTATION_CONTEXT('2D SPACE',''
  ) );
#6465 = ORIENTED_EDGE('',*,*,#1235,.F.);
#6466 = ADVANCED_FACE('',(#6467),#1574,.T.);
#6467 = FACE_BOUND('',#6468,.T.);
#6468 = EDGE_LOOP('',(#6469,#6487,#6488,#6489));
#6469 = ORIENTED_EDGE('',*,*,#6470,.T.);
#6470 = EDGE_CURVE('',#1536,#3657,#6471,.T.);
#6471 = SURFACE_CURVE('',#6472,(#6475,#6481),.PCURVE_S1.);
#6472 = B_SPLINE_CURVE_WITH_KNOTS('',1,(#6473,#6474),.UNSPECIFIED.,.F.,
  .F.,(2,2),(0.,78.7402),.PIECEWISE_BEZIER_KNOTS.);
#6473 = CARTESIAN_POINT('',(15.591102533145,-17.58983855268,
    33.000066040132));
#6474 = CARTESIAN_POINT('',(15.591102533145,-17.58983855268,
    35.000071120142));
#6475 = PCURVE('',#1574,#6476);
#6476 = DEFINITIONAL_REPRESENTATION('',(#6477),#6480);
#6477 = B_SPLINE_CURVE_WITH_KNOTS('',1,(#6478,#6479),.UNSPECIFIED.,.F.,
  .F.,(2,2),(0.,78.7402),.PIECEWISE_BEZIER_KNOTS.);
#6478 = CARTESIAN_POINT('',(0.,0.));
#6479 = CARTESIAN_POINT('',(0.,-78.7402));
#6480 = ( GEOMETRIC_REPRESENTATION_CONTEXT(2) 
PARAMETRIC_REPRESENTATION_CONTEXT() REPRESENTATION_CONTEXT('2D SPACE',''
  ) );
#6481 = PCURVE('',#1549,#6482);
#6482 = DEFINITIONAL_REPRESENTATION('',(#6483),#6486);
#6483 = B_SPLINE_CURVE_WITH_KNOTS('',1,(#6484,#6485),.UNSPECIFIED.,.F.,
  .F.,(2,2),(0.,78.7402),.PIECEWISE_BEZIER_KNOTS.);
#6484 = CARTESIAN_POINT('',(2.688277844265,0.));
#6485 = CARTESIAN_POINT('',(2.688277844265,-78.7402));
#6486 = ( GEOMETRIC_REPRESENTATION_CONTEXT(2) 
PARAMETRIC_REPRESENTATION_CONTEXT() REPRESENTATION_CONTEXT('2D SPACE',''
  ) );
#6487 = ORIENTED_EDGE('',*,*,#3676,.T.);
#6488 = ORIENTED_EDGE('',*,*,#6422,.F.);
#6489 = ORIENTED_EDGE('',*,*,#1560,.F.);
#6490 = ADVANCED_FACE('',(#6491),#1274,.T.);
#6491 = FACE_BOUND('',#6492,.T.);
#6492 = EDGE_LOOP('',(#6493,#6494,#6495,#6513));
#6493 = ORIENTED_EDGE('',*,*,#6448,.T.);
#6494 = ORIENTED_EDGE('',*,*,#3436,.T.);
#6495 = ORIENTED_EDGE('',*,*,#6496,.F.);
#6496 = EDGE_CURVE('',#1261,#3437,#6497,.T.);
#6497 = SURFACE_CURVE('',#6498,(#6501,#6507),.PCURVE_S1.);
#6498 = B_SPLINE_CURVE_WITH_KNOTS('',1,(#6499,#6500),.UNSPECIFIED.,.F.,
  .F.,(2,2),(0.,78.7402),.PIECEWISE_BEZIER_KNOTS.);
#6499 = CARTESIAN_POINT('',(15.591102533145,-12.42007000713,
    33.000066040132));
#6500 = CARTESIAN_POINT('',(15.591102533145,-12.42007000713,
    35.000071120142));
#6501 = PCURVE('',#1274,#6502);
#6502 = DEFINITIONAL_REPRESENTATION('',(#6503),#6506);
#6503 = B_SPLINE_CURVE_WITH_KNOTS('',1,(#6504,#6505),.UNSPECIFIED.,.F.,
  .F.,(2,2),(0.,78.7402),.PIECEWISE_BEZIER_KNOTS.);
#6504 = CARTESIAN_POINT('',(2.688277844265,0.));
#6505 = CARTESIAN_POINT('',(2.688277844265,-78.7402));
#6506 = ( GEOMETRIC_REPRESENTATION_CONTEXT(2) 
PARAMETRIC_REPRESENTATION_CONTEXT() REPRESENTATION_CONTEXT('2D SPACE',''
  ) );
#6507 = PCURVE('',#1299,#6508);
#6508 = DEFINITIONAL_REPRESENTATION('',(#6509),#6512);
#6509 = B_SPLINE_CURVE_WITH_KNOTS('',1,(#6510,#6511),.UNSPECIFIED.,.F.,
  .F.,(2,2),(0.,78.7402),.PIECEWISE_BEZIER_KNOTS.);
#6510 = CARTESIAN_POINT('',(0.,0.));
#6511 = CARTESIAN_POINT('',(0.,-78.7402));
#6512 = ( GEOMETRIC_REPRESENTATION_CONTEXT(2) 
PARAMETRIC_REPRESENTATION_CONTEXT() REPRESENTATION_CONTEXT('2D SPACE',''
  ) );
#6513 = ORIENTED_EDGE('',*,*,#1260,.F.);
#6514 = ADVANCED_FACE('',(#6515),#1549,.T.);
#6515 = FACE_BOUND('',#6516,.T.);
#6516 = EDGE_LOOP('',(#6517,#6535,#6536,#6537));
#6517 = ORIENTED_EDGE('',*,*,#6518,.T.);
#6518 = EDGE_CURVE('',#1511,#3637,#6519,.T.);
#6519 = SURFACE_CURVE('',#6520,(#6523,#6529),.PCURVE_S1.);
#6520 = B_SPLINE_CURVE_WITH_KNOTS('',1,(#6521,#6522),.UNSPECIFIED.,.F.,
  .F.,(2,2),(0.,78.7402),.PIECEWISE_BEZIER_KNOTS.);
#6521 = CARTESIAN_POINT('',(15.611758950841,-17.52475554635,
    33.000066040132));
#6522 = CARTESIAN_POINT('',(15.611758950841,-17.52475554635,
    35.000071120142));
#6523 = PCURVE('',#1549,#6524);
#6524 = DEFINITIONAL_REPRESENTATION('',(#6525),#6528);
#6525 = B_SPLINE_CURVE_WITH_KNOTS('',1,(#6526,#6527),.UNSPECIFIED.,.F.,
  .F.,(2,2),(0.,78.7402),.PIECEWISE_BEZIER_KNOTS.);
#6526 = CARTESIAN_POINT('',(0.,0.));
#6527 = CARTESIAN_POINT('',(0.,-78.7402));
#6528 = ( GEOMETRIC_REPRESENTATION_CONTEXT(2) 
PARAMETRIC_REPRESENTATION_CONTEXT() REPRESENTATION_CONTEXT('2D SPACE',''
  ) );
#6529 = PCURVE('',#1524,#6530);
#6530 = DEFINITIONAL_REPRESENTATION('',(#6531),#6534);
#6531 = B_SPLINE_CURVE_WITH_KNOTS('',1,(#6532,#6533),.UNSPECIFIED.,.F.,
  .F.,(2,2),(0.,78.7402),.PIECEWISE_BEZIER_KNOTS.);
#6532 = CARTESIAN_POINT('',(2.688277844265,0.));
#6533 = CARTESIAN_POINT('',(2.688277844265,-78.7402));
#6534 = ( GEOMETRIC_REPRESENTATION_CONTEXT(2) 
PARAMETRIC_REPRESENTATION_CONTEXT() REPRESENTATION_CONTEXT('2D SPACE',''
  ) );
#6535 = ORIENTED_EDGE('',*,*,#3656,.T.);
#6536 = ORIENTED_EDGE('',*,*,#6470,.F.);
#6537 = ORIENTED_EDGE('',*,*,#1535,.F.);
#6538 = ADVANCED_FACE('',(#6539),#1299,.T.);
#6539 = FACE_BOUND('',#6540,.T.);
#6540 = EDGE_LOOP('',(#6541,#6542,#6543,#6561));
#6541 = ORIENTED_EDGE('',*,*,#6496,.T.);
#6542 = ORIENTED_EDGE('',*,*,#3456,.T.);
#6543 = ORIENTED_EDGE('',*,*,#6544,.F.);
#6544 = EDGE_CURVE('',#1286,#3457,#6545,.T.);
#6545 = SURFACE_CURVE('',#6546,(#6549,#6555),.PCURVE_S1.);
#6546 = B_SPLINE_CURVE_WITH_KNOTS('',1,(#6547,#6548),.UNSPECIFIED.,.F.,
  .F.,(2,2),(0.,78.7402),.PIECEWISE_BEZIER_KNOTS.);
#6547 = CARTESIAN_POINT('',(15.611758950841,-12.48515301345,
    33.000066040132));
#6548 = CARTESIAN_POINT('',(15.611758950841,-12.48515301345,
    35.000071120142));
#6549 = PCURVE('',#1299,#6550);
#6550 = DEFINITIONAL_REPRESENTATION('',(#6551),#6554);
#6551 = B_SPLINE_CURVE_WITH_KNOTS('',1,(#6552,#6553),.UNSPECIFIED.,.F.,
  .F.,(2,2),(0.,78.7402),.PIECEWISE_BEZIER_KNOTS.);
#6552 = CARTESIAN_POINT('',(2.688277844265,0.));
#6553 = CARTESIAN_POINT('',(2.688277844265,-78.7402));
#6554 = ( GEOMETRIC_REPRESENTATION_CONTEXT(2) 
PARAMETRIC_REPRESENTATION_CONTEXT() REPRESENTATION_CONTEXT('2D SPACE',''
  ) );
#6555 = PCURVE('',#1324,#6556);
#6556 = DEFINITIONAL_REPRESENTATION('',(#6557),#6560);
#6557 = B_SPLINE_CURVE_WITH_KNOTS('',1,(#6558,#6559),.UNSPECIFIED.,.F.,
  .F.,(2,2),(0.,78.7402),.PIECEWISE_BEZIER_KNOTS.);
#6558 = CARTESIAN_POINT('',(0.,0.));
#6559 = CARTESIAN_POINT('',(0.,-78.7402));
#6560 = ( GEOMETRIC_REPRESENTATION_CONTEXT(2) 
PARAMETRIC_REPRESENTATION_CONTEXT() REPRESENTATION_CONTEXT('2D SPACE',''
  ) );
#6561 = ORIENTED_EDGE('',*,*,#1285,.F.);
#6562 = ADVANCED_FACE('',(#6563),#1524,.T.);
#6563 = FACE_BOUND('',#6564,.T.);
#6564 = EDGE_LOOP('',(#6565,#6583,#6584,#6585));
#6565 = ORIENTED_EDGE('',*,*,#6566,.T.);
#6566 = EDGE_CURVE('',#1486,#3617,#6567,.T.);
#6567 = SURFACE_CURVE('',#6568,(#6571,#6577),.PCURVE_S1.);
#6568 = B_SPLINE_CURVE_WITH_KNOTS('',1,(#6569,#6570),.UNSPECIFIED.,.F.,
  .F.,(2,2),(0.,78.7402),.PIECEWISE_BEZIER_KNOTS.);
#6569 = CARTESIAN_POINT('',(15.627925792239,-17.45841461974,
    33.000066040132));
#6570 = CARTESIAN_POINT('',(15.627925792239,-17.45841461974,
    35.000071120142));
#6571 = PCURVE('',#1524,#6572);
#6572 = DEFINITIONAL_REPRESENTATION('',(#6573),#6576);
#6573 = B_SPLINE_CURVE_WITH_KNOTS('',1,(#6574,#6575),.UNSPECIFIED.,.F.,
  .F.,(2,2),(0.,78.7402),.PIECEWISE_BEZIER_KNOTS.);
#6574 = CARTESIAN_POINT('',(0.,0.));
#6575 = CARTESIAN_POINT('',(0.,-78.7402));
#6576 = ( GEOMETRIC_REPRESENTATION_CONTEXT(2) 
PARAMETRIC_REPRESENTATION_CONTEXT() REPRESENTATION_CONTEXT('2D SPACE',''
  ) );
#6577 = PCURVE('',#1499,#6578);
#6578 = DEFINITIONAL_REPRESENTATION('',(#6579),#6582);
#6579 = B_SPLINE_CURVE_WITH_KNOTS('',1,(#6580,#6581),.UNSPECIFIED.,.F.,
  .F.,(2,2),(0.,78.7402),.PIECEWISE_BEZIER_KNOTS.);
#6580 = CARTESIAN_POINT('',(2.688277844265,0.));
#6581 = CARTESIAN_POINT('',(2.688277844265,-78.7402));
#6582 = ( GEOMETRIC_REPRESENTATION_CONTEXT(2) 
PARAMETRIC_REPRESENTATION_CONTEXT() REPRESENTATION_CONTEXT('2D SPACE',''
  ) );
#6583 = ORIENTED_EDGE('',*,*,#3636,.T.);
#6584 = ORIENTED_EDGE('',*,*,#6518,.F.);
#6585 = ORIENTED_EDGE('',*,*,#1510,.F.);
#6586 = ADVANCED_FACE('',(#6587),#1324,.T.);
#6587 = FACE_BOUND('',#6588,.T.);
#6588 = EDGE_LOOP('',(#6589,#6590,#6591,#6609));
#6589 = ORIENTED_EDGE('',*,*,#6544,.T.);
#6590 = ORIENTED_EDGE('',*,*,#3476,.T.);
#6591 = ORIENTED_EDGE('',*,*,#6592,.F.);
#6592 = EDGE_CURVE('',#1311,#3477,#6593,.T.);
#6593 = SURFACE_CURVE('',#6594,(#6597,#6603),.PCURVE_S1.);
#6594 = B_SPLINE_CURVE_WITH_KNOTS('',1,(#6595,#6596),.UNSPECIFIED.,.F.,
  .F.,(2,2),(0.,78.7402),.PIECEWISE_BEZIER_KNOTS.);
#6595 = CARTESIAN_POINT('',(15.627925792239,-12.55149394006,
    33.000066040132));
#6596 = CARTESIAN_POINT('',(15.627925792239,-12.55149394006,
    35.000071120142));
#6597 = PCURVE('',#1324,#6598);
#6598 = DEFINITIONAL_REPRESENTATION('',(#6599),#6602);
#6599 = B_SPLINE_CURVE_WITH_KNOTS('',1,(#6600,#6601),.UNSPECIFIED.,.F.,
  .F.,(2,2),(0.,78.7402),.PIECEWISE_BEZIER_KNOTS.);
#6600 = CARTESIAN_POINT('',(2.688277844265,0.));
#6601 = CARTESIAN_POINT('',(2.688277844265,-78.7402));
#6602 = ( GEOMETRIC_REPRESENTATION_CONTEXT(2) 
PARAMETRIC_REPRESENTATION_CONTEXT() REPRESENTATION_CONTEXT('2D SPACE',''
  ) );
#6603 = PCURVE('',#1349,#6604);
#6604 = DEFINITIONAL_REPRESENTATION('',(#6605),#6608);
#6605 = B_SPLINE_CURVE_WITH_KNOTS('',1,(#6606,#6607),.UNSPECIFIED.,.F.,
  .F.,(2,2),(0.,78.7402),.PIECEWISE_BEZIER_KNOTS.);
#6606 = CARTESIAN_POINT('',(0.,0.));
#6607 = CARTESIAN_POINT('',(0.,-78.7402));
#6608 = ( GEOMETRIC_REPRESENTATION_CONTEXT(2) 
PARAMETRIC_REPRESENTATION_CONTEXT() REPRESENTATION_CONTEXT('2D SPACE',''
  ) );
#6609 = ORIENTED_EDGE('',*,*,#1310,.F.);
#6610 = ADVANCED_FACE('',(#6611),#1499,.T.);
#6611 = FACE_BOUND('',#6612,.T.);
#6612 = EDGE_LOOP('',(#6613,#6631,#6632,#6633));
#6613 = ORIENTED_EDGE('',*,*,#6614,.T.);
#6614 = EDGE_CURVE('',#1461,#3597,#6615,.T.);
#6615 = SURFACE_CURVE('',#6616,(#6619,#6625),.PCURVE_S1.);
#6616 = B_SPLINE_CURVE_WITH_KNOTS('',1,(#6617,#6618),.UNSPECIFIED.,.F.,
  .F.,(2,2),(0.,78.7402),.PIECEWISE_BEZIER_KNOTS.);
#6617 = CARTESIAN_POINT('',(15.639527680062,-17.39112508487,
    33.000066040132));
#6618 = CARTESIAN_POINT('',(15.639527680062,-17.39112508487,
    35.000071120142));
#6619 = PCURVE('',#1499,#6620);
#6620 = DEFINITIONAL_REPRESENTATION('',(#6621),#6624);
#6621 = B_SPLINE_CURVE_WITH_KNOTS('',1,(#6622,#6623),.UNSPECIFIED.,.F.,
  .F.,(2,2),(0.,78.7402),.PIECEWISE_BEZIER_KNOTS.);
#6622 = CARTESIAN_POINT('',(0.,0.));
#6623 = CARTESIAN_POINT('',(0.,-78.7402));
#6624 = ( GEOMETRIC_REPRESENTATION_CONTEXT(2) 
PARAMETRIC_REPRESENTATION_CONTEXT() REPRESENTATION_CONTEXT('2D SPACE',''
  ) );
#6625 = PCURVE('',#1474,#6626);
#6626 = DEFINITIONAL_REPRESENTATION('',(#6627),#6630);
#6627 = B_SPLINE_CURVE_WITH_KNOTS('',1,(#6628,#6629),.UNSPECIFIED.,.F.,
  .F.,(2,2),(0.,78.7402),.PIECEWISE_BEZIER_KNOTS.);
#6628 = CARTESIAN_POINT('',(2.688277844265,0.));
#6629 = CARTESIAN_POINT('',(2.688277844265,-78.7402));
#6630 = ( GEOMETRIC_REPRESENTATION_CONTEXT(2) 
PARAMETRIC_REPRESENTATION_CONTEXT() REPRESENTATION_CONTEXT('2D SPACE',''
  ) );
#6631 = ORIENTED_EDGE('',*,*,#3616,.T.);
#6632 = ORIENTED_EDGE('',*,*,#6566,.F.);
#6633 = ORIENTED_EDGE('',*,*,#1485,.F.);
#6634 = ADVANCED_FACE('',(#6635),#1349,.T.);
#6635 = FACE_BOUND('',#6636,.T.);
#6636 = EDGE_LOOP('',(#6637,#6638,#6639,#6657));
#6637 = ORIENTED_EDGE('',*,*,#6592,.T.);
#6638 = ORIENTED_EDGE('',*,*,#3496,.T.);
#6639 = ORIENTED_EDGE('',*,*,#6640,.F.);
#6640 = EDGE_CURVE('',#1336,#3497,#6641,.T.);
#6641 = SURFACE_CURVE('',#6642,(#6645,#6651),.PCURVE_S1.);
#6642 = B_SPLINE_CURVE_WITH_KNOTS('',1,(#6643,#6644),.UNSPECIFIED.,.F.,
  .F.,(2,2),(0.,78.7402),.PIECEWISE_BEZIER_KNOTS.);
#6643 = CARTESIAN_POINT('',(15.639527680062,-12.61878347494,
    33.000066040132));
#6644 = CARTESIAN_POINT('',(15.639527680062,-12.61878347494,
    35.000071120142));
#6645 = PCURVE('',#1349,#6646);
#6646 = DEFINITIONAL_REPRESENTATION('',(#6647),#6650);
#6647 = B_SPLINE_CURVE_WITH_KNOTS('',1,(#6648,#6649),.UNSPECIFIED.,.F.,
  .F.,(2,2),(0.,78.7402),.PIECEWISE_BEZIER_KNOTS.);
#6648 = CARTESIAN_POINT('',(2.688277844265,0.));
#6649 = CARTESIAN_POINT('',(2.688277844265,-78.7402));
#6650 = ( GEOMETRIC_REPRESENTATION_CONTEXT(2) 
PARAMETRIC_REPRESENTATION_CONTEXT() REPRESENTATION_CONTEXT('2D SPACE',''
  ) );
#6651 = PCURVE('',#1374,#6652);
#6652 = DEFINITIONAL_REPRESENTATION('',(#6653),#6656);
#6653 = B_SPLINE_CURVE_WITH_KNOTS('',1,(#6654,#6655),.UNSPECIFIED.,.F.,
  .F.,(2,2),(0.,78.7402),.PIECEWISE_BEZIER_KNOTS.);
#6654 = CARTESIAN_POINT('',(0.,0.));
#6655 = CARTESIAN_POINT('',(0.,-78.7402));
#6656 = ( GEOMETRIC_REPRESENTATION_CONTEXT(2) 
PARAMETRIC_REPRESENTATION_CONTEXT() REPRESENTATION_CONTEXT('2D SPACE',''
  ) );
#6657 = ORIENTED_EDGE('',*,*,#1335,.F.);
#6658 = ADVANCED_FACE('',(#6659),#1474,.T.);
#6659 = FACE_BOUND('',#6660,.T.);
#6660 = EDGE_LOOP('',(#6661,#6679,#6680,#6681));
#6661 = ORIENTED_EDGE('',*,*,#6662,.T.);
#6662 = EDGE_CURVE('',#1436,#3577,#6663,.T.);
#6663 = SURFACE_CURVE('',#6664,(#6667,#6673),.PCURVE_S1.);
#6664 = B_SPLINE_CURVE_WITH_KNOTS('',1,(#6665,#6666),.UNSPECIFIED.,.F.,
  .F.,(2,2),(0.,78.7402),.PIECEWISE_BEZIER_KNOTS.);
#6665 = CARTESIAN_POINT('',(15.646510520953,-17.32320067661,
    33.000066040132));
#6666 = CARTESIAN_POINT('',(15.646510520953,-17.32320067661,
    35.000071120142));
#6667 = PCURVE('',#1474,#6668);
#6668 = DEFINITIONAL_REPRESENTATION('',(#6669),#6672);
#6669 = B_SPLINE_CURVE_WITH_KNOTS('',1,(#6670,#6671),.UNSPECIFIED.,.F.,
  .F.,(2,2),(0.,78.7402),.PIECEWISE_BEZIER_KNOTS.);
#6670 = CARTESIAN_POINT('',(0.,0.));
#6671 = CARTESIAN_POINT('',(0.,-78.7402));
#6672 = ( GEOMETRIC_REPRESENTATION_CONTEXT(2) 
PARAMETRIC_REPRESENTATION_CONTEXT() REPRESENTATION_CONTEXT('2D SPACE',''
  ) );
#6673 = PCURVE('',#1449,#6674);
#6674 = DEFINITIONAL_REPRESENTATION('',(#6675),#6678);
#6675 = B_SPLINE_CURVE_WITH_KNOTS('',1,(#6676,#6677),.UNSPECIFIED.,.F.,
  .F.,(2,2),(0.,78.7402),.PIECEWISE_BEZIER_KNOTS.);
#6676 = CARTESIAN_POINT('',(2.688277844265,0.));
#6677 = CARTESIAN_POINT('',(2.688277844265,-78.7402));
#6678 = ( GEOMETRIC_REPRESENTATION_CONTEXT(2) 
PARAMETRIC_REPRESENTATION_CONTEXT() REPRESENTATION_CONTEXT('2D SPACE',''
  ) );
#6679 = ORIENTED_EDGE('',*,*,#3596,.T.);
#6680 = ORIENTED_EDGE('',*,*,#6614,.F.);
#6681 = ORIENTED_EDGE('',*,*,#1460,.F.);
#6682 = ADVANCED_FACE('',(#6683),#1374,.T.);
#6683 = FACE_BOUND('',#6684,.T.);
#6684 = EDGE_LOOP('',(#6685,#6686,#6687,#6705));
#6685 = ORIENTED_EDGE('',*,*,#6640,.T.);
#6686 = ORIENTED_EDGE('',*,*,#3516,.T.);
#6687 = ORIENTED_EDGE('',*,*,#6688,.F.);
#6688 = EDGE_CURVE('',#1361,#3517,#6689,.T.);
#6689 = SURFACE_CURVE('',#6690,(#6693,#6699),.PCURVE_S1.);
#6690 = B_SPLINE_CURVE_WITH_KNOTS('',1,(#6691,#6692),.UNSPECIFIED.,.F.,
  .F.,(2,2),(0.,78.7402),.PIECEWISE_BEZIER_KNOTS.);
#6691 = CARTESIAN_POINT('',(15.646510520953,-12.6867078832,
    33.000066040132));
#6692 = CARTESIAN_POINT('',(15.646510520953,-12.6867078832,
    35.000071120142));
#6693 = PCURVE('',#1374,#6694);
#6694 = DEFINITIONAL_REPRESENTATION('',(#6695),#6698);
#6695 = B_SPLINE_CURVE_WITH_KNOTS('',1,(#6696,#6697),.UNSPECIFIED.,.F.,
  .F.,(2,2),(0.,78.7402),.PIECEWISE_BEZIER_KNOTS.);
#6696 = CARTESIAN_POINT('',(2.688277844265,0.));
#6697 = CARTESIAN_POINT('',(2.688277844265,-78.7402));
#6698 = ( GEOMETRIC_REPRESENTATION_CONTEXT(2) 
PARAMETRIC_REPRESENTATION_CONTEXT() REPRESENTATION_CONTEXT('2D SPACE',''
  ) );
#6699 = PCURVE('',#1399,#6700);
#6700 = DEFINITIONAL_REPRESENTATION('',(#6701),#6704);
#6701 = B_SPLINE_CURVE_WITH_KNOTS('',1,(#6702,#6703),.UNSPECIFIED.,.F.,
  .F.,(2,2),(0.,78.7402),.PIECEWISE_BEZIER_KNOTS.);
#6702 = CARTESIAN_POINT('',(0.,0.));
#6703 = CARTESIAN_POINT('',(0.,-78.7402));
#6704 = ( GEOMETRIC_REPRESENTATION_CONTEXT(2) 
PARAMETRIC_REPRESENTATION_CONTEXT() REPRESENTATION_CONTEXT('2D SPACE',''
  ) );
#6705 = ORIENTED_EDGE('',*,*,#1360,.F.);
#6706 = ADVANCED_FACE('',(#6707),#1449,.T.);
#6707 = FACE_BOUND('',#6708,.T.);
#6708 = EDGE_LOOP('',(#6709,#6727,#6728,#6729));
#6709 = ORIENTED_EDGE('',*,*,#6710,.T.);
#6710 = EDGE_CURVE('',#1411,#3557,#6711,.T.);
#6711 = SURFACE_CURVE('',#6712,(#6715,#6721),.PCURVE_S1.);
#6712 = B_SPLINE_CURVE_WITH_KNOTS('',1,(#6713,#6714),.UNSPECIFIED.,.F.,
  .F.,(2,2),(0.,78.7402),.PIECEWISE_BEZIER_KNOTS.);
#6713 = CARTESIAN_POINT('',(15.648841757684,-17.25495808991,
    33.000066040132));
#6714 = CARTESIAN_POINT('',(15.648841757684,-17.25495808991,
    35.000071120142));
#6715 = PCURVE('',#1449,#6716);
#6716 = DEFINITIONAL_REPRESENTATION('',(#6717),#6720);
#6717 = B_SPLINE_CURVE_WITH_KNOTS('',1,(#6718,#6719),.UNSPECIFIED.,.F.,
  .F.,(2,2),(0.,78.7402),.PIECEWISE_BEZIER_KNOTS.);
#6718 = CARTESIAN_POINT('',(0.,0.));
#6719 = CARTESIAN_POINT('',(0.,-78.7402));
#6720 = ( GEOMETRIC_REPRESENTATION_CONTEXT(2) 
PARAMETRIC_REPRESENTATION_CONTEXT() REPRESENTATION_CONTEXT('2D SPACE',''
  ) );
#6721 = PCURVE('',#1424,#6722);
#6722 = DEFINITIONAL_REPRESENTATION('',(#6723),#6726);
#6723 = B_SPLINE_CURVE_WITH_KNOTS('',1,(#6724,#6725),.UNSPECIFIED.,.F.,
  .F.,(2,2),(0.,78.7402),.PIECEWISE_BEZIER_KNOTS.);
#6724 = CARTESIAN_POINT('',(177.1653,0.));
#6725 = CARTESIAN_POINT('',(177.1653,-78.7402));
#6726 = ( GEOMETRIC_REPRESENTATION_CONTEXT(2) 
PARAMETRIC_REPRESENTATION_CONTEXT() REPRESENTATION_CONTEXT('2D SPACE',''
  ) );
#6727 = ORIENTED_EDGE('',*,*,#3576,.T.);
#6728 = ORIENTED_EDGE('',*,*,#6662,.F.);
#6729 = ORIENTED_EDGE('',*,*,#1435,.F.);
#6730 = ADVANCED_FACE('',(#6731),#1399,.T.);
#6731 = FACE_BOUND('',#6732,.T.);
#6732 = EDGE_LOOP('',(#6733,#6734,#6735,#6753));
#6733 = ORIENTED_EDGE('',*,*,#6688,.T.);
#6734 = ORIENTED_EDGE('',*,*,#3536,.T.);
#6735 = ORIENTED_EDGE('',*,*,#6736,.F.);
#6736 = EDGE_CURVE('',#1386,#3537,#6737,.T.);
#6737 = SURFACE_CURVE('',#6738,(#6741,#6747),.PCURVE_S1.);
#6738 = B_SPLINE_CURVE_WITH_KNOTS('',1,(#6739,#6740),.UNSPECIFIED.,.F.,
  .F.,(2,2),(0.,78.7402),.PIECEWISE_BEZIER_KNOTS.);
#6739 = CARTESIAN_POINT('',(15.648841757684,-12.7549504699,
    33.000066040132));
#6740 = CARTESIAN_POINT('',(15.648841757684,-12.7549504699,
    35.000071120142));
#6741 = PCURVE('',#1399,#6742);
#6742 = DEFINITIONAL_REPRESENTATION('',(#6743),#6746);
#6743 = B_SPLINE_CURVE_WITH_KNOTS('',1,(#6744,#6745),.UNSPECIFIED.,.F.,
  .F.,(2,2),(0.,78.7402),.PIECEWISE_BEZIER_KNOTS.);
#6744 = CARTESIAN_POINT('',(2.688277844265,0.));
#6745 = CARTESIAN_POINT('',(2.688277844265,-78.7402));
#6746 = ( GEOMETRIC_REPRESENTATION_CONTEXT(2) 
PARAMETRIC_REPRESENTATION_CONTEXT() REPRESENTATION_CONTEXT('2D SPACE',''
  ) );
#6747 = PCURVE('',#1424,#6748);
#6748 = DEFINITIONAL_REPRESENTATION('',(#6749),#6752);
#6749 = B_SPLINE_CURVE_WITH_KNOTS('',1,(#6750,#6751),.UNSPECIFIED.,.F.,
  .F.,(2,2),(0.,78.7402),.PIECEWISE_BEZIER_KNOTS.);
#6750 = CARTESIAN_POINT('',(0.,0.));
#6751 = CARTESIAN_POINT('',(0.,-78.7402));
#6752 = ( GEOMETRIC_REPRESENTATION_CONTEXT(2) 
PARAMETRIC_REPRESENTATION_CONTEXT() REPRESENTATION_CONTEXT('2D SPACE',''
  ) );
#6753 = ORIENTED_EDGE('',*,*,#1385,.F.);
#6754 = ADVANCED_FACE('',(#6755),#1424,.T.);
#6755 = FACE_BOUND('',#6756,.T.);
#6756 = EDGE_LOOP('',(#6757,#6758,#6759,#6760));
#6757 = ORIENTED_EDGE('',*,*,#6736,.T.);
#6758 = ORIENTED_EDGE('',*,*,#3556,.T.);
#6759 = ORIENTED_EDGE('',*,*,#6710,.F.);
#6760 = ORIENTED_EDGE('',*,*,#1410,.F.);
#6761 = ADVANCED_FACE('',(#6762),#2605,.T.);
#6762 = FACE_BOUND('',#6763,.T.);
#6763 = EDGE_LOOP('',(#6764,#6765,#6787,#6825));
#6764 = ORIENTED_EDGE('',*,*,#2581,.F.);
#6765 = ORIENTED_EDGE('',*,*,#6766,.F.);
#6766 = EDGE_CURVE('',#6767,#2582,#6769,.T.);
#6767 = VERTEX_POINT('',#6768);
#6768 = CARTESIAN_POINT('',(14.998841757684,-15.00495554991,
    27.000055880112));
#6769 = SEAM_CURVE('',#6770,(#6773,#6780),.PCURVE_S1.);
#6770 = B_SPLINE_CURVE_WITH_KNOTS('',1,(#6771,#6772),.UNSPECIFIED.,.F.,
  .F.,(2,2),(0.,236.2204),.PIECEWISE_BEZIER_KNOTS.);
#6771 = CARTESIAN_POINT('',(14.998841757684,-15.00495554991,
    27.000055880112));
#6772 = CARTESIAN_POINT('',(14.998841757684,-15.00495554991,
    33.000066040132));
#6773 = PCURVE('',#2605,#6774);
#6774 = DEFINITIONAL_REPRESENTATION('',(#6775),#6779);
#6775 = B_SPLINE_CURVE_WITH_KNOTS('',2,(#6776,#6777,#6778),
  .UNSPECIFIED.,.F.,.F.,(3,3),(0.,236.2204),.PIECEWISE_BEZIER_KNOTS.);
#6776 = CARTESIAN_POINT('',(6.28318530718,0.));
#6777 = CARTESIAN_POINT('',(6.28318530718,118.1102));
#6778 = CARTESIAN_POINT('',(6.28318530718,236.2204));
#6779 = ( GEOMETRIC_REPRESENTATION_CONTEXT(2) 
PARAMETRIC_REPRESENTATION_CONTEXT() REPRESENTATION_CONTEXT('2D SPACE',''
  ) );
#6780 = PCURVE('',#2605,#6781);
#6781 = DEFINITIONAL_REPRESENTATION('',(#6782),#6786);
#6782 = B_SPLINE_CURVE_WITH_KNOTS('',2,(#6783,#6784,#6785),
  .UNSPECIFIED.,.F.,.F.,(3,3),(0.,236.2204),.PIECEWISE_BEZIER_KNOTS.);
#6783 = CARTESIAN_POINT('',(0.,0.));
#6784 = CARTESIAN_POINT('',(8.881784197001E-16,118.1102));
#6785 = CARTESIAN_POINT('',(0.,236.2204));
#6786 = ( GEOMETRIC_REPRESENTATION_CONTEXT(2) 
PARAMETRIC_REPRESENTATION_CONTEXT() REPRESENTATION_CONTEXT('2D SPACE',''
  ) );
#6787 = ORIENTED_EDGE('',*,*,#6788,.T.);
#6788 = EDGE_CURVE('',#6767,#6767,#6789,.T.);
#6789 = SURFACE_CURVE('',#6790,(#6798,#6809),.PCURVE_S1.);
#6790 = ( BOUNDED_CURVE() B_SPLINE_CURVE(2,(#6791,#6792,#6793,#6794,
#6795,#6796,#6797),.UNSPECIFIED.,.T.,.F.) B_SPLINE_CURVE_WITH_KNOTS((1,2
    ,2,2,2,1),(-2.094395102393,0.,2.094395102393,4.188790204786,
6.28318530718,8.377580409573),.UNSPECIFIED.) CURVE() 
GEOMETRIC_REPRESENTATION_ITEM() RATIONAL_B_SPLINE_CURVE((1.,0.5,1.,0.5,
1.,0.5,1.)) REPRESENTATION_ITEM('') );
#6791 = CARTESIAN_POINT('',(14.998841757684,-15.00495554991,
    27.000055880112));
#6792 = CARTESIAN_POINT('',(14.998841757684,-10.50161465139,
    27.000055880112));
#6793 = CARTESIAN_POINT('',(11.098834137668,-12.75328510065,
    27.000055880112));
#6794 = CARTESIAN_POINT('',(7.198826517653,-15.00495554991,
    27.000055880112));
#6795 = CARTESIAN_POINT('',(11.098834137668,-17.25662599916,
    27.000055880112));
#6796 = CARTESIAN_POINT('',(14.998841757684,-19.50829644842,
    27.000055880112));
#6797 = CARTESIAN_POINT('',(14.998841757684,-15.00495554991,
    27.000055880112));
#6798 = PCURVE('',#2605,#6799);
#6799 = DEFINITIONAL_REPRESENTATION('',(#6800),#6808);
#6800 = B_SPLINE_CURVE_WITH_KNOTS('',2,(#6801,#6802,#6803,#6804,#6805,
    #6806,#6807),.UNSPECIFIED.,.F.,.F.,(3,2,2,3),(0.,2.094395102393,
    4.188790204786,6.28318530718),.PIECEWISE_BEZIER_KNOTS.);
#6801 = CARTESIAN_POINT('',(0.,0.));
#6802 = CARTESIAN_POINT('',(1.047197551197,3.260393847682E-13));
#6803 = CARTESIAN_POINT('',(2.094395102393,0.));
#6804 = CARTESIAN_POINT('',(3.14159265359,1.610820123878E-13));
#6805 = CARTESIAN_POINT('',(4.188790204786,0.));
#6806 = CARTESIAN_POINT('',(5.235987755983,1.263072149671E-13));
#6807 = CARTESIAN_POINT('',(6.28318530718,0.));
#6808 = ( GEOMETRIC_REPRESENTATION_CONTEXT(2) 
PARAMETRIC_REPRESENTATION_CONTEXT() REPRESENTATION_CONTEXT('2D SPACE',''
  ) );
#6809 = PCURVE('',#6810,#6815);
#6810 = B_SPLINE_SURFACE_WITH_KNOTS('',1,1,(
    (#6811,#6812)
    ,(#6813,#6814
    )),.UNSPECIFIED.,.F.,.F.,.F.,(2,2),(2,2),(-102.3622,102.3622),(
    -102.3622,102.3622),.PIECEWISE_BEZIER_KNOTS.);
#6811 = CARTESIAN_POINT('',(9.798831597663,-17.60496062992,
    27.000055880112));
#6812 = CARTESIAN_POINT('',(9.798831597663,-12.4049504699,
    27.000055880112));
#6813 = CARTESIAN_POINT('',(14.998841757684,-17.60496062992,
    27.000055880112));
#6814 = CARTESIAN_POINT('',(14.998841757684,-12.4049504699,
    27.000055880112));
#6815 = DEFINITIONAL_REPRESENTATION('',(#6816),#6824);
#6816 = ( BOUNDED_CURVE() B_SPLINE_CURVE(2,(#6817,#6818,#6819,#6820,
#6821,#6822,#6823),.UNSPECIFIED.,.T.,.F.) B_SPLINE_CURVE_WITH_KNOTS((3,2
    ,2,3),(0.,2.094395102393,4.188790204786,6.28318530718),
.PIECEWISE_BEZIER_KNOTS.) CURVE() GEOMETRIC_REPRESENTATION_ITEM() 
RATIONAL_B_SPLINE_CURVE((1.,0.5,1.,0.5,1.,0.5,1.)) REPRESENTATION_ITEM(
  '') );
#6817 = CARTESIAN_POINT('',(102.3622,0.));
#6818 = CARTESIAN_POINT('',(102.3622,177.29653117452));
#6819 = CARTESIAN_POINT('',(-51.1811,88.648265587263));
#6820 = CARTESIAN_POINT('',(-204.7244,0.));
#6821 = CARTESIAN_POINT('',(-51.1811,-88.64826558726));
#6822 = CARTESIAN_POINT('',(102.3622,-177.2965311745));
#6823 = CARTESIAN_POINT('',(102.3622,0.));
#6824 = ( GEOMETRIC_REPRESENTATION_CONTEXT(2) 
PARAMETRIC_REPRESENTATION_CONTEXT() REPRESENTATION_CONTEXT('2D SPACE',''
  ) );
#6825 = ORIENTED_EDGE('',*,*,#6766,.T.);
#6826 = ADVANCED_FACE('',(#6827),#4521,.F.);
#6827 = FACE_BOUND('',#6828,.F.);
#6828 = EDGE_LOOP('',(#6829,#6830,#6852,#6890));
#6829 = ORIENTED_EDGE('',*,*,#4497,.F.);
#6830 = ORIENTED_EDGE('',*,*,#6831,.F.);
#6831 = EDGE_CURVE('',#6832,#4498,#6834,.T.);
#6832 = VERTEX_POINT('',#6833);
#6833 = CARTESIAN_POINT('',(14.198839217678,-15.00495554991,
    30.000060960122));
#6834 = SEAM_CURVE('',#6835,(#6838,#6845),.PCURVE_S1.);
#6835 = B_SPLINE_CURVE_WITH_KNOTS('',1,(#6836,#6837),.UNSPECIFIED.,.F.,
  .F.,(2,2),(0.,196.8504),.PIECEWISE_BEZIER_KNOTS.);
#6836 = CARTESIAN_POINT('',(14.198839217678,-15.00495554991,
    30.000060960122));
#6837 = CARTESIAN_POINT('',(14.198839217678,-15.00495554991,
    35.000071120142));
#6838 = PCURVE('',#4521,#6839);
#6839 = DEFINITIONAL_REPRESENTATION('',(#6840),#6844);
#6840 = B_SPLINE_CURVE_WITH_KNOTS('',2,(#6841,#6842,#6843),
  .UNSPECIFIED.,.F.,.F.,(3,3),(0.,196.8504),.PIECEWISE_BEZIER_KNOTS.);
#6841 = CARTESIAN_POINT('',(6.28318530718,0.));
#6842 = CARTESIAN_POINT('',(6.28318530718,98.4252));
#6843 = CARTESIAN_POINT('',(6.28318530718,196.8504));
#6844 = ( GEOMETRIC_REPRESENTATION_CONTEXT(2) 
PARAMETRIC_REPRESENTATION_CONTEXT() REPRESENTATION_CONTEXT('2D SPACE',''
  ) );
#6845 = PCURVE('',#4521,#6846);
#6846 = DEFINITIONAL_REPRESENTATION('',(#6847),#6851);
#6847 = B_SPLINE_CURVE_WITH_KNOTS('',2,(#6848,#6849,#6850),
  .UNSPECIFIED.,.F.,.F.,(3,3),(0.,196.8504),.PIECEWISE_BEZIER_KNOTS.);
#6848 = CARTESIAN_POINT('',(0.,0.));
#6849 = CARTESIAN_POINT('',(8.881784197001E-16,98.4252));
#6850 = CARTESIAN_POINT('',(0.,196.8504));
#6851 = ( GEOMETRIC_REPRESENTATION_CONTEXT(2) 
PARAMETRIC_REPRESENTATION_CONTEXT() REPRESENTATION_CONTEXT('2D SPACE',''
  ) );
#6852 = ORIENTED_EDGE('',*,*,#6853,.T.);
#6853 = EDGE_CURVE('',#6832,#6832,#6854,.T.);
#6854 = SURFACE_CURVE('',#6855,(#6863,#6874),.PCURVE_S1.);
#6855 = ( BOUNDED_CURVE() B_SPLINE_CURVE(2,(#6856,#6857,#6858,#6859,
#6860,#6861,#6862),.UNSPECIFIED.,.T.,.F.) B_SPLINE_CURVE_WITH_KNOTS((1,2
    ,2,2,2,1),(-2.094395102393,0.,2.094395102393,4.188790204786,
6.28318530718,8.377580409573),.UNSPECIFIED.) CURVE() 
GEOMETRIC_REPRESENTATION_ITEM() RATIONAL_B_SPLINE_CURVE((1.,0.5,1.,0.5,
1.,0.5,1.)) REPRESENTATION_ITEM('') );
#6856 = CARTESIAN_POINT('',(14.198839217678,-15.00495554991,
    30.000060960122));
#6857 = CARTESIAN_POINT('',(14.198839217678,-11.88725969686,
    30.000060960122));
#6858 = CARTESIAN_POINT('',(11.498835407671,-13.44610762339,
    30.000060960122));
#6859 = CARTESIAN_POINT('',(8.798831597663,-15.00495554991,
    30.000060960122));
#6860 = CARTESIAN_POINT('',(11.498835407671,-16.56380347643,
    30.000060960122));
#6861 = CARTESIAN_POINT('',(14.198839217678,-18.12265140295,
    30.000060960122));
#6862 = CARTESIAN_POINT('',(14.198839217678,-15.00495554991,
    30.000060960122));
#6863 = PCURVE('',#4521,#6864);
#6864 = DEFINITIONAL_REPRESENTATION('',(#6865),#6873);
#6865 = B_SPLINE_CURVE_WITH_KNOTS('',2,(#6866,#6867,#6868,#6869,#6870,
    #6871,#6872),.UNSPECIFIED.,.F.,.F.,(3,2,2,3),(0.,2.094395102393,
    4.188790204786,6.28318530718),.PIECEWISE_BEZIER_KNOTS.);
#6866 = CARTESIAN_POINT('',(0.,0.));
#6867 = CARTESIAN_POINT('',(1.047197551197,1.472612595668E-13));
#6868 = CARTESIAN_POINT('',(2.094395102393,-2.273736754432E-13));
#6869 = CARTESIAN_POINT('',(3.14159265359,-1.382075282106E-14));
#6870 = CARTESIAN_POINT('',(4.188790204786,0.));
#6871 = CARTESIAN_POINT('',(5.235987755983,-2.345069672218E-13));
#6872 = CARTESIAN_POINT('',(6.28318530718,0.));
#6873 = ( GEOMETRIC_REPRESENTATION_CONTEXT(2) 
PARAMETRIC_REPRESENTATION_CONTEXT() REPRESENTATION_CONTEXT('2D SPACE',''
  ) );
#6874 = PCURVE('',#6875,#6880);
#6875 = B_SPLINE_SURFACE_WITH_KNOTS('',1,1,(
    (#6876,#6877)
    ,(#6878,#6879
    )),.UNSPECIFIED.,.F.,.F.,.F.,(2,2),(2,2),(-70.8661,70.8661),(
    -70.8661,70.8661),.PIECEWISE_BEZIER_KNOTS.);
#6876 = CARTESIAN_POINT('',(10.598834137668,-16.80495808991,
    30.000060960122));
#6877 = CARTESIAN_POINT('',(10.598834137668,-13.2049530099,
    30.000060960122));
#6878 = CARTESIAN_POINT('',(14.198839217678,-16.80495808991,
    30.000060960122));
#6879 = CARTESIAN_POINT('',(14.198839217678,-13.2049530099,
    30.000060960122));
#6880 = DEFINITIONAL_REPRESENTATION('',(#6881),#6889);
#6881 = ( BOUNDED_CURVE() B_SPLINE_CURVE(2,(#6882,#6883,#6884,#6885,
#6886,#6887,#6888),.UNSPECIFIED.,.T.,.F.) B_SPLINE_CURVE_WITH_KNOTS((3,2
    ,2,3),(0.,2.094395102393,4.188790204786,6.28318530718),
.PIECEWISE_BEZIER_KNOTS.) CURVE() GEOMETRIC_REPRESENTATION_ITEM() 
RATIONAL_B_SPLINE_CURVE((1.,0.5,1.,0.5,1.,0.5,1.)) REPRESENTATION_ITEM(
  '') );
#6882 = CARTESIAN_POINT('',(70.8661,0.));
#6883 = CARTESIAN_POINT('',(70.8661,122.74368573425));
#6884 = CARTESIAN_POINT('',(-35.43305,61.371842867128));
#6885 = CARTESIAN_POINT('',(-141.7322,0.));
#6886 = CARTESIAN_POINT('',(-35.43305,-61.37184286712));
#6887 = CARTESIAN_POINT('',(70.8661,-122.7436857342));
#6888 = CARTESIAN_POINT('',(70.8661,0.));
#6889 = ( GEOMETRIC_REPRESENTATION_CONTEXT(2) 
PARAMETRIC_REPRESENTATION_CONTEXT() REPRESENTATION_CONTEXT('2D SPACE',''
  ) );
#6890 = ORIENTED_EDGE('',*,*,#6831,.T.);
#6891 = ADVANCED_FACE('',(#6892,#6895),#6810,.F.);
#6892 = FACE_BOUND('',#6893,.F.);
#6893 = EDGE_LOOP('',(#6894));
#6894 = ORIENTED_EDGE('',*,*,#6788,.T.);
#6895 = FACE_BOUND('',#6896,.F.);
#6896 = EDGE_LOOP('',(#6897));
#6897 = ORIENTED_EDGE('',*,*,#6898,.F.);
#6898 = EDGE_CURVE('',#6899,#6899,#6901,.T.);
#6899 = VERTEX_POINT('',#6900);
#6900 = CARTESIAN_POINT('',(14.148839217678,-15.00495554991,
    27.000055880112));
#6901 = SURFACE_CURVE('',#6902,(#6910,#6921),.PCURVE_S1.);
#6902 = ( BOUNDED_CURVE() B_SPLINE_CURVE(2,(#6903,#6904,#6905,#6906,
#6907,#6908,#6909),.UNSPECIFIED.,.T.,.F.) B_SPLINE_CURVE_WITH_KNOTS((1,2
    ,2,2,2,1),(-2.094395102393,0.,2.094395102393,4.188790204786,
6.28318530718,8.377580409573),.UNSPECIFIED.) CURVE() 
GEOMETRIC_REPRESENTATION_ITEM() RATIONAL_B_SPLINE_CURVE((1.,0.5,1.,0.5,
1.,0.5,1.)) REPRESENTATION_ITEM('') );
#6903 = CARTESIAN_POINT('',(14.148839217678,-15.00495554991,
    27.000055880112));
#6904 = CARTESIAN_POINT('',(14.148839217678,-11.97386223724,
    27.000055880112));
#6905 = CARTESIAN_POINT('',(11.523835407671,-13.48940889357,
    27.000055880112));
#6906 = CARTESIAN_POINT('',(8.898831597663,-15.00495554991,
    27.000055880112));
#6907 = CARTESIAN_POINT('',(11.523835407671,-16.52050220624,
    27.000055880112));
#6908 = CARTESIAN_POINT('',(14.148839217678,-18.03604886257,
    27.000055880112));
#6909 = CARTESIAN_POINT('',(14.148839217678,-15.00495554991,
    27.000055880112));
#6910 = PCURVE('',#6810,#6911);
#6911 = DEFINITIONAL_REPRESENTATION('',(#6912),#6920);
#6912 = ( BOUNDED_CURVE() B_SPLINE_CURVE(2,(#6913,#6914,#6915,#6916,
#6917,#6918,#6919),.UNSPECIFIED.,.T.,.F.) B_SPLINE_CURVE_WITH_KNOTS((3,2
    ,2,3),(0.,2.094395102393,4.188790204786,6.28318530718),
.PIECEWISE_BEZIER_KNOTS.) CURVE() GEOMETRIC_REPRESENTATION_ITEM() 
RATIONAL_B_SPLINE_CURVE((1.,0.5,1.,0.5,1.,0.5,1.)) REPRESENTATION_ITEM(
  '') );
#6913 = CARTESIAN_POINT('',(68.8976,0.));
#6914 = CARTESIAN_POINT('',(68.8976,119.33414371955));
#6915 = CARTESIAN_POINT('',(-34.4488,59.667071859779));
#6916 = CARTESIAN_POINT('',(-137.7952,0.));
#6917 = CARTESIAN_POINT('',(-34.4488,-59.66707185977));
#6918 = CARTESIAN_POINT('',(68.8976,-119.3341437195));
#6919 = CARTESIAN_POINT('',(68.8976,0.));
#6920 = ( GEOMETRIC_REPRESENTATION_CONTEXT(2) 
PARAMETRIC_REPRESENTATION_CONTEXT() REPRESENTATION_CONTEXT('2D SPACE',''
  ) );
#6921 = PCURVE('',#6922,#6937);
#6922 = ( BOUNDED_SURFACE() B_SPLINE_SURFACE(2,1,(
    (#6923,#6924)
    ,(#6925,#6926)
    ,(#6927,#6928)
    ,(#6929,#6930)
    ,(#6931,#6932)
    ,(#6933,#6934)
    ,(#6935,#6936
)),.UNSPECIFIED.,.T.,.F.,.F.) B_SPLINE_SURFACE_WITH_KNOTS((1,2,2,2,2,1),
  (2,2),(-2.094395102393,0.,2.094395102393,4.188790204786,6.28318530718,
    8.377580409573),(0.,157.4803),.UNSPECIFIED.) 
GEOMETRIC_REPRESENTATION_ITEM() RATIONAL_B_SPLINE_SURFACE((
    (1.,1.)
    ,(0.5,0.5)
    ,(1.,1.)
    ,(0.5,0.5)
    ,(1.,1.)
    ,(0.5,0.5)
,(1.,1.))) REPRESENTATION_ITEM('') SURFACE() );
#6923 = CARTESIAN_POINT('',(14.148839217678,-15.00495554991,
    23.000048260097));
#6924 = CARTESIAN_POINT('',(14.148839217678,-15.00495554991,
    27.000055880112));
#6925 = CARTESIAN_POINT('',(14.148839217678,-11.97386223724,
    23.000048260097));
#6926 = CARTESIAN_POINT('',(14.148839217678,-11.97386223724,
    27.000055880112));
#6927 = CARTESIAN_POINT('',(11.523835407671,-13.48940889357,
    23.000048260097));
#6928 = CARTESIAN_POINT('',(11.523835407671,-13.48940889357,
    27.000055880112));
#6929 = CARTESIAN_POINT('',(8.898831597663,-15.00495554991,
    23.000048260097));
#6930 = CARTESIAN_POINT('',(8.898831597663,-15.00495554991,
    27.000055880112));
#6931 = CARTESIAN_POINT('',(11.523835407671,-16.52050220624,
    23.000048260097));
#6932 = CARTESIAN_POINT('',(11.523835407671,-16.52050220624,
    27.000055880112));
#6933 = CARTESIAN_POINT('',(14.148839217678,-18.03604886257,
    23.000048260097));
#6934 = CARTESIAN_POINT('',(14.148839217678,-18.03604886257,
    27.000055880112));
#6935 = CARTESIAN_POINT('',(14.148839217678,-15.00495554991,
    23.000048260097));
#6936 = CARTESIAN_POINT('',(14.148839217678,-15.00495554991,
    27.000055880112));
#6937 = DEFINITIONAL_REPRESENTATION('',(#6938),#6946);
#6938 = B_SPLINE_CURVE_WITH_KNOTS('',2,(#6939,#6940,#6941,#6942,#6943,
    #6944,#6945),.UNSPECIFIED.,.F.,.F.,(3,2,2,3),(0.,2.094395102393,
    4.188790204786,6.28318530718),.PIECEWISE_BEZIER_KNOTS.);
#6939 = CARTESIAN_POINT('',(0.,157.4803));
#6940 = CARTESIAN_POINT('',(1.047197551197,157.4803));
#6941 = CARTESIAN_POINT('',(2.094395102393,157.4803));
#6942 = CARTESIAN_POINT('',(3.14159265359,157.4803));
#6943 = CARTESIAN_POINT('',(4.188790204786,157.4803));
#6944 = CARTESIAN_POINT('',(5.235987755983,157.4803));
#6945 = CARTESIAN_POINT('',(6.28318530718,157.4803));
#6946 = ( GEOMETRIC_REPRESENTATION_CONTEXT(2) 
PARAMETRIC_REPRESENTATION_CONTEXT() REPRESENTATION_CONTEXT('2D SPACE',''
  ) );
#6947 = ADVANCED_FACE('',(#6948),#6875,.T.);
#6948 = FACE_BOUND('',#6949,.F.);
#6949 = EDGE_LOOP('',(#6950));
#6950 = ORIENTED_EDGE('',*,*,#6853,.F.);
#6951 = ADVANCED_FACE('',(#6952),#6922,.T.);
#6952 = FACE_BOUND('',#6953,.T.);
#6953 = EDGE_LOOP('',(#6954,#6955,#6977,#7015));
#6954 = ORIENTED_EDGE('',*,*,#6898,.F.);
#6955 = ORIENTED_EDGE('',*,*,#6956,.F.);
#6956 = EDGE_CURVE('',#6957,#6899,#6959,.T.);
#6957 = VERTEX_POINT('',#6958);
#6958 = CARTESIAN_POINT('',(14.148839217678,-15.00495554991,
    23.000048260097));
#6959 = SEAM_CURVE('',#6960,(#6963,#6970),.PCURVE_S1.);
#6960 = B_SPLINE_CURVE_WITH_KNOTS('',1,(#6961,#6962),.UNSPECIFIED.,.F.,
  .F.,(2,2),(0.,157.4803),.PIECEWISE_BEZIER_KNOTS.);
#6961 = CARTESIAN_POINT('',(14.148839217678,-15.00495554991,
    23.000048260097));
#6962 = CARTESIAN_POINT('',(14.148839217678,-15.00495554991,
    27.000055880112));
#6963 = PCURVE('',#6922,#6964);
#6964 = DEFINITIONAL_REPRESENTATION('',(#6965),#6969);
#6965 = B_SPLINE_CURVE_WITH_KNOTS('',2,(#6966,#6967,#6968),
  .UNSPECIFIED.,.F.,.F.,(3,3),(0.,157.4803),.PIECEWISE_BEZIER_KNOTS.);
#6966 = CARTESIAN_POINT('',(6.28318530718,1.136868377216E-13));
#6967 = CARTESIAN_POINT('',(6.28318530718,78.74015));
#6968 = CARTESIAN_POINT('',(6.28318530718,157.4803));
#6969 = ( GEOMETRIC_REPRESENTATION_CONTEXT(2) 
PARAMETRIC_REPRESENTATION_CONTEXT() REPRESENTATION_CONTEXT('2D SPACE',''
  ) );
#6970 = PCURVE('',#6922,#6971);
#6971 = DEFINITIONAL_REPRESENTATION('',(#6972),#6976);
#6972 = B_SPLINE_CURVE_WITH_KNOTS('',2,(#6973,#6974,#6975),
  .UNSPECIFIED.,.F.,.F.,(3,3),(0.,157.4803),.PIECEWISE_BEZIER_KNOTS.);
#6973 = CARTESIAN_POINT('',(0.,1.136868377216E-13));
#6974 = CARTESIAN_POINT('',(8.881784197001E-16,78.74015));
#6975 = CARTESIAN_POINT('',(0.,157.4803));
#6976 = ( GEOMETRIC_REPRESENTATION_CONTEXT(2) 
PARAMETRIC_REPRESENTATION_CONTEXT() REPRESENTATION_CONTEXT('2D SPACE',''
  ) );
#6977 = ORIENTED_EDGE('',*,*,#6978,.T.);
#6978 = EDGE_CURVE('',#6957,#6957,#6979,.T.);
#6979 = SURFACE_CURVE('',#6980,(#6988,#6999),.PCURVE_S1.);
#6980 = ( BOUNDED_CURVE() B_SPLINE_CURVE(2,(#6981,#6982,#6983,#6984,
#6985,#6986,#6987),.UNSPECIFIED.,.T.,.F.) B_SPLINE_CURVE_WITH_KNOTS((1,2
    ,2,2,2,1),(-2.094395102393,0.,2.094395102393,4.188790204786,
6.28318530718,8.377580409573),.UNSPECIFIED.) CURVE() 
GEOMETRIC_REPRESENTATION_ITEM() RATIONAL_B_SPLINE_CURVE((1.,0.5,1.,0.5,
1.,0.5,1.)) REPRESENTATION_ITEM('') );
#6981 = CARTESIAN_POINT('',(14.148839217678,-15.00495554991,
    23.000048260097));
#6982 = CARTESIAN_POINT('',(14.148839217678,-11.97386223724,
    23.000048260097));
#6983 = CARTESIAN_POINT('',(11.523835407671,-13.48940889357,
    23.000048260097));
#6984 = CARTESIAN_POINT('',(8.898831597663,-15.00495554991,
    23.000048260097));
#6985 = CARTESIAN_POINT('',(11.523835407671,-16.52050220624,
    23.000048260097));
#6986 = CARTESIAN_POINT('',(14.148839217678,-18.03604886257,
    23.000048260097));
#6987 = CARTESIAN_POINT('',(14.148839217678,-15.00495554991,
    23.000048260097));
#6988 = PCURVE('',#6922,#6989);
#6989 = DEFINITIONAL_REPRESENTATION('',(#6990),#6998);
#6990 = B_SPLINE_CURVE_WITH_KNOTS('',2,(#6991,#6992,#6993,#6994,#6995,
    #6996,#6997),.UNSPECIFIED.,.F.,.F.,(3,2,2,3),(0.,2.094395102393,
    4.188790204786,6.28318530718),.PIECEWISE_BEZIER_KNOTS.);
#6991 = CARTESIAN_POINT('',(0.,0.));
#6992 = CARTESIAN_POINT('',(1.047197551197,2.102091921009E-13));
#6993 = CARTESIAN_POINT('',(2.094395102393,-1.136868377216E-13));
#6994 = CARTESIAN_POINT('',(3.14159265359,8.583965713015E-14));
#6995 = CARTESIAN_POINT('',(4.188790204786,0.));
#6996 = CARTESIAN_POINT('',(5.235987755983,2.623545511718E-14));
#6997 = CARTESIAN_POINT('',(6.28318530718,1.136868377216E-13));
#6998 = ( GEOMETRIC_REPRESENTATION_CONTEXT(2) 
PARAMETRIC_REPRESENTATION_CONTEXT() REPRESENTATION_CONTEXT('2D SPACE',''
  ) );
#6999 = PCURVE('',#7000,#7005);
#7000 = B_SPLINE_SURFACE_WITH_KNOTS('',1,1,(
    (#7001,#7002)
    ,(#7003,#7004
    )),.UNSPECIFIED.,.F.,.F.,.F.,(2,2),(2,2),(-68.8976,68.8976),(
    -68.8976,68.8976),.PIECEWISE_BEZIER_KNOTS.);
#7001 = CARTESIAN_POINT('',(10.648834137668,-16.75495808991,
    23.000048260097));
#7002 = CARTESIAN_POINT('',(10.648834137668,-13.2549530099,
    23.000048260097));
#7003 = CARTESIAN_POINT('',(14.148839217678,-16.75495808991,
    23.000048260097));
#7004 = CARTESIAN_POINT('',(14.148839217678,-13.2549530099,
    23.000048260097));
#7005 = DEFINITIONAL_REPRESENTATION('',(#7006),#7014);
#7006 = ( BOUNDED_CURVE() B_SPLINE_CURVE(2,(#7007,#7008,#7009,#7010,
#7011,#7012,#7013),.UNSPECIFIED.,.T.,.F.) B_SPLINE_CURVE_WITH_KNOTS((3,2
    ,2,3),(0.,2.094395102393,4.188790204786,6.28318530718),
.PIECEWISE_BEZIER_KNOTS.) CURVE() GEOMETRIC_REPRESENTATION_ITEM() 
RATIONAL_B_SPLINE_CURVE((1.,0.5,1.,0.5,1.,0.5,1.)) REPRESENTATION_ITEM(
  '') );
#7007 = CARTESIAN_POINT('',(68.8976,0.));
#7008 = CARTESIAN_POINT('',(68.8976,119.33414371955));
#7009 = CARTESIAN_POINT('',(-34.4488,59.667071859779));
#7010 = CARTESIAN_POINT('',(-137.7952,0.));
#7011 = CARTESIAN_POINT('',(-34.4488,-59.66707185977));
#7012 = CARTESIAN_POINT('',(68.8976,-119.3341437195));
#7013 = CARTESIAN_POINT('',(68.8976,0.));
#7014 = ( GEOMETRIC_REPRESENTATION_CONTEXT(2) 
PARAMETRIC_REPRESENTATION_CONTEXT() REPRESENTATION_CONTEXT('2D SPACE',''
  ) );
#7015 = ORIENTED_EDGE('',*,*,#6956,.T.);
#7016 = ADVANCED_FACE('',(#7017),#7000,.F.);
#7017 = FACE_BOUND('',#7018,.T.);
#7018 = EDGE_LOOP('',(#7019));
#7019 = ORIENTED_EDGE('',*,*,#6978,.F.);
#7020 = ( GEOMETRIC_REPRESENTATION_CONTEXT(3) 
GLOBAL_UNCERTAINTY_ASSIGNED_CONTEXT((#7024)) 
GLOBAL_UNIT_ASSIGNED_CONTEXT((#7021,#7022,#7023)) REPRESENTATION_CONTEXT
('Context #1','3D Context with UNIT and UNCERTAINTY') );
#7021 = ( LENGTH_UNIT() NAMED_UNIT(*) SI_UNIT(.MILLI.,.METRE.) );
#7022 = ( NAMED_UNIT(*) PLANE_ANGLE_UNIT() SI_UNIT($,.RADIAN.) );
#7023 = ( NAMED_UNIT(*) SI_UNIT($,.STERADIAN.) SOLID_ANGLE_UNIT() );
#7024 = UNCERTAINTY_MEASURE_WITH_UNIT(LENGTH_MEASURE(1.E-07),#7021,
  'distance_accuracy_value','confusion accuracy');
#7025 = PRODUCT_RELATED_PRODUCT_CATEGORY('part',$,(#7));
ENDSEC;
END-ISO-10303-21;
