ISO-10303-21;
HEADER;
FILE_DESCRIPTION (( 'STEP AP203' ),
    '1' );
FILE_NAME ('一体按钮20240522.STEP',
    '2024-05-22T06:13:19',
    ( '' ),
    ( '' ),
    'SwSTEP 2.0',
    'SolidWorks 2020',
    '' );
FILE_SCHEMA (( 'CONFIG_CONTROL_DESIGN' ));
ENDSEC;

DATA;
#1 = DIRECTION ( 'NONE',  ( -1.000000000000000000, -6.217248937900875838E-15, 0.000000000000000000 ) ) ;
#2 = CIRCLE ( 'NONE', #1528, 1.450000000000053690 ) ;
#3 = AXIS2_PLACEMENT_3D ( 'NONE', #1296, #157, #1709 ) ;
#4 = DIRECTION ( 'NONE',  ( 0.000000000000000000, 0.000000000000000000, -1.000000000000000000 ) ) ;
#5 = CARTESIAN_POINT ( 'NONE',  ( 0.3479058634163247343, -3.030092657032214642, -3.000000000000000000 ) ) ;
#6 = FACE_OUTER_BOUND ( 'NONE', #1569, .T. ) ;
#7 = CARTESIAN_POINT ( 'NONE',  ( -1.785000000000000142, -1.750364247806723617, 0.000000000000000000 ) ) ;
#8 = ORIENTED_EDGE ( 'NONE', *, *, #940, .F. ) ;
#9 = EDGE_CURVE ( 'NONE', #563, #175, #1387, .T. ) ;
#10 = PLANE ( 'NONE',  #1162 ) ;
#11 = ORIENTED_EDGE ( 'NONE', *, *, #2243, .F. ) ;
#12 = CARTESIAN_POINT ( 'NONE',  ( 0.1047633848763898090, -3.885000000000007780, -0.4239988207530834829 ) ) ;
#13 = LINE ( 'NONE', #218, #1672 ) ;
#14 = CIRCLE ( 'NONE', #2105, 0.5000000000000000000 ) ;
#15 = ORIENTED_EDGE ( 'NONE', *, *, #60, .T. ) ;
#16 = ORIENTED_EDGE ( 'NONE', *, *, #1608, .T. ) ;
#17 = AXIS2_PLACEMENT_3D ( 'NONE', #1383, #914, #883 ) ;
#18 = ORIENTED_EDGE ( 'NONE', *, *, #1310, .F. ) ;
#19 = CARTESIAN_POINT ( 'NONE',  ( -4.309695167279507189, 1.025304832720531190, 1.000099999999999989 ) ) ;
#20 = EDGE_CURVE ( 'NONE', #1726, #2226, #1096, .T. ) ;
#21 = FACE_OUTER_BOUND ( 'NONE', #1887, .T. ) ;
#22 = ORIENTED_EDGE ( 'NONE', *, *, #2396, .T. ) ;
#23 = EDGE_LOOP ( 'NONE', ( #382, #1715, #1219, #1842 ) ) ;
#24 = DIRECTION ( 'NONE',  ( 1.000000000000000000, 0.000000000000000000, 0.000000000000000000 ) ) ;
#26 = EDGE_CURVE ( 'NONE', #1678, #1052, #124, .T. ) ;
#25 = DIRECTION ( 'NONE',  ( -1.000000000000000000, 0.000000000000000000, 0.000000000000000000 ) ) ;
#27 = ORIENTED_EDGE ( 'NONE', *, *, #1018, .F. ) ;
#28 = CARTESIAN_POINT ( 'NONE',  ( 0.000000000000000000, 0.000000000000000000, -3.500000000000000000 ) ) ;
#29 = DIRECTION ( 'NONE',  ( 0.000000000000000000, 0.000000000000000000, -1.000000000000000000 ) ) ;
#30 = CARTESIAN_POINT ( 'NONE',  ( -6.653423686182291519, -1.358808648036788913, -0.3592542657344150459 ) ) ;
#31 = ORIENTED_EDGE ( 'NONE', *, *, #1321, .F. ) ;
#32 = DIRECTION ( 'NONE',  ( 1.000000000000000000, 0.000000000000000000, 0.000000000000000000 ) ) ;
#33 = CYLINDRICAL_SURFACE ( 'NONE', #2039, 2.000000000000000000 ) ;
#34 = APPROVAL_ROLE ( '' ) ;
#35 = ORIENTED_EDGE ( 'NONE', *, *, #2271, .F. ) ;
#36 = VECTOR ( 'NONE', #2483, 1000.000000000000000 ) ;
#37 = DIRECTION ( 'NONE',  ( 0.000000000000000000, 0.000000000000000000, 1.000000000000000000 ) ) ;
#38 = CARTESIAN_POINT ( 'NONE',  ( -6.609392802706097747, 3.063845913151773015, -0.5000000000000000000 ) ) ;
#39 = ORIENTED_EDGE ( 'NONE', *, *, #2417, .F. ) ;
#40 = DIRECTION ( 'NONE',  ( -0.000000000000000000, -0.000000000000000000, -1.000000000000000000 ) ) ;
#41 = CARTESIAN_POINT ( 'NONE',  ( -6.155762548573902038, 2.853561361802989804, -0.5000000000000000000 ) ) ;
#42 = EDGE_CURVE ( 'NONE', #2395, #1429, #1798, .T. ) ;
#43 = B_SPLINE_CURVE_WITH_KNOTS ( 'NONE', 3,
 ( #628, #2178, #1246, #424, #2352, #41 ),
 .UNSPECIFIED., .F., .F.,
 ( 4, 2, 4 ),
 ( 3.132487350841477858E-16, 0.0006506784771940095878, 0.001301356954387706058 ),
 .UNSPECIFIED. ) ;
#44 = AXIS2_PLACEMENT_3D ( 'NONE', #1342, #2101, #336 ) ;
#45 = AXIS2_PLACEMENT_3D ( 'NONE', #89, #114, #309 ) ;
#46 = DIRECTION ( 'NONE',  ( -0.000000000000000000, -0.000000000000000000, 1.000000000000000000 ) ) ;
#47 = PLANE ( 'NONE',  #780 ) ;
#48 = DIRECTION ( 'NONE',  ( 0.000000000000000000, 0.000000000000000000, 1.000000000000000000 ) ) ;
#49 = CARTESIAN_POINT ( 'NONE',  ( -4.175517906922668665, -0.8912293234190611368, 1.000099999999999989 ) ) ;
#50 = CARTESIAN_POINT ( 'NONE',  ( 1.949999999999906475, -5.334999999999999076, 0.000000000000000000 ) ) ;
#51 = VERTEX_POINT ( 'NONE', #2190 ) ;
#52 = AXIS2_PLACEMENT_3D ( 'NONE', #2034, #273, #154 ) ;
#53 = FACE_OUTER_BOUND ( 'NONE', #1625, .T. ) ;
#54 = CARTESIAN_POINT ( 'NONE',  ( 0.1511094486892929911, -3.650000002256085896, -1.410057419879009608E-09 ) ) ;
#55 = DIRECTION ( 'NONE',  ( -0.000000000000000000, -0.000000000000000000, -1.000000000000000000 ) ) ;
#56 = CARTESIAN_POINT ( 'NONE',  ( -6.784999999999999254, 0.000000000000000000, -3.319742797690839199E-218 ) ) ;
#57 = EDGE_CURVE ( 'NONE', #330, #1910, #1603, .T. ) ;
#58 = DIRECTION ( 'NONE',  ( 0.000000000000000000, 0.000000000000000000, -1.000000000000000000 ) ) ;
#59 = VERTEX_POINT ( 'NONE', #2202 ) ;
#60 = EDGE_CURVE ( 'NONE', #2415, #1834, #1297, .T. ) ;
#61 = CARTESIAN_POINT ( 'NONE',  ( -6.720787595949650139, -1.086653717854014545, -0.3086605350176842566 ) ) ;
#62 = FACE_OUTER_BOUND ( 'NONE', #1754, .T. ) ;
#63 = CARTESIAN_POINT ( 'NONE',  ( 5.334999999999999964, 1.111089685890235705E-13, -3.500000000000000000 ) ) ;
#64 = EDGE_LOOP ( 'NONE', ( #1202, #827 ) ) ;
#65 = AXIS2_PLACEMENT_3D ( 'NONE', #1400, #582, #399 ) ;
#66 = ADVANCED_FACE ( 'NONE', ( #542 ), #2054, .F. ) ;
#67 = CARTESIAN_POINT ( 'NONE',  ( -5.714618876261179814, 1.412147526457518287, 1.000099999999999989 ) ) ;
#68 = VECTOR ( 'NONE', #1809, 999.9999999999998863 ) ;
#69 = DIRECTION ( 'NONE',  ( 1.000000000000000000, 0.000000000000000000, 0.000000000000000000 ) ) ;
#70 = PLANE ( 'NONE',  #2133 ) ;
#71 = CARTESIAN_POINT ( 'NONE',  ( 0.7500000000000002220, -1.240967364599085521, 0.000000000000000000 ) ) ;
#72 = LOCAL_TIME ( 14, 13, 19.00000000000000000, #505 ) ;
#73 = CARTESIAN_POINT ( 'NONE',  ( -6.653520079714012603, 1.358419211393539827, -0.3591818780522424981 ) ) ;
#74 = DIRECTION ( 'NONE',  ( 0.000000000000000000, 0.000000000000000000, 1.000000000000000000 ) ) ;
#75 = CARTESIAN_POINT ( 'NONE',  ( 5.445441381766063849, -0.7727665609676076519, 0.000000000000000000 ) ) ;
#76 = CARTESIAN_POINT ( 'NONE',  ( -6.713400328667280981, -2.622146703128137801, -2.229145936141059866E-10 ) ) ;
#77 = EDGE_CURVE ( 'NONE', #416, #900, #1291, .T. ) ;
#78 = CARTESIAN_POINT ( 'NONE',  ( -6.784999999997626929, 0.2840712233891506955, -0.03853268837164632032 ) ) ;
#79 = AXIS2_PLACEMENT_3D ( 'NONE', #1253, #521, #1285 ) ;
#80 = DIRECTION ( 'NONE',  ( 0.000000000000000000, 0.000000000000000000, 1.000000000000000000 ) ) ;
#81 = EDGE_CURVE ( 'NONE', #679, #1824, #1848, .T. ) ;
#82 = CIRCLE ( 'NONE', #727, 1.450000000000000178 ) ;
#83 = VERTEX_POINT ( 'NONE', #133 ) ;
#84 = DIRECTION ( 'NONE',  ( -0.000000000000000000, -0.000000000000000000, -1.000000000000000000 ) ) ;
#85 = DIRECTION ( 'NONE',  ( -0.000000000000000000, -0.000000000000000000, -1.000000000000000000 ) ) ;
#86 = B_SPLINE_CURVE_WITH_KNOTS ( 'NONE', 3,
 ( #964, #388, #2236, #2099, #1714, #2479 ),
 .UNSPECIFIED., .F., .F.,
 ( 4, 2, 4 ),
 ( 0.000000000000000000, 0.001121897668440011197, 0.002243795336880022393 ),
 .UNSPECIFIED. ) ;
#87 = FACE_OUTER_BOUND ( 'NONE', #1971, .T. ) ;
#88 = AXIS2_PLACEMENT_3D ( 'NONE', #1128, #2065, #170 ) ;
#89 = CARTESIAN_POINT ( 'NONE',  ( -1.862705294272811677E-14, -5.335000000000000853, 1.000099999999999989 ) ) ;
#90 = ORIENTED_EDGE ( 'NONE', *, *, #2122, .T. ) ;
#91 = CARTESIAN_POINT ( 'NONE',  ( -6.669454812659315834, -2.843239301995158730, -5.570009772977125955E-16 ) ) ;
#92 = CARTESIAN_POINT ( 'NONE',  ( -6.785000000000000142, 0.000000000000000000, 1.000000000000000000 ) ) ;
#93 = CARTESIAN_POINT ( 'NONE',  ( -6.785000000000000142, 0.2739898024415775013, -0.07706917556716211259 ) ) ;
#94 = ORIENTED_EDGE ( 'NONE', *, *, #831, .T. ) ;
#95 = VERTEX_POINT ( 'NONE', #216 ) ;
#96 = CARTESIAN_POINT ( 'NONE',  ( -2.672414677629882274, 3.772414677629907676, 1.000000000000000000 ) ) ;
#97 = CIRCLE ( 'NONE', #1489, 2.000000000000000000 ) ;
#98 = DIRECTION ( 'NONE',  ( 0.000000000000000000, 0.000000000000000000, 1.000000000000000000 ) ) ;
#99 = DIRECTION ( 'NONE',  ( -0.000000000000000000, -0.000000000000000000, -1.000000000000000000 ) ) ;
#100 = VERTEX_POINT ( 'NONE', #581 ) ;
#101 = ADVANCED_FACE ( 'NONE', ( #1165 ), #2118, .F. ) ;
#102 = CARTESIAN_POINT ( 'NONE',  ( 7.425601884226450622, -1.053772583137646768, 1.000000000000000000 ) ) ;
#103 = DIRECTION ( 'NONE',  ( 0.000000000000000000, 0.000000000000000000, 1.000000000000000000 ) ) ;
#104 = PLANE ( 'NONE',  #1367 ) ;
#105 = DIRECTION ( 'NONE',  ( -1.000000000000000000, 0.000000000000000000, 0.000000000000000000 ) ) ;
#106 = AXIS2_PLACEMENT_3D ( 'NONE', #1644, #334, #1270 ) ;
#107 = DIRECTION ( 'NONE',  ( 0.000000000000000000, 0.000000000000000000, 1.000000000000000000 ) ) ;
#108 = VERTEX_POINT ( 'NONE', #207 ) ;
#109 = EDGE_CURVE ( 'NONE', #137, #306, #1919, .T. ) ;
#110 = AXIS2_PLACEMENT_3D ( 'NONE', #1440, #2192, #1500 ) ;
#111 = DIRECTION ( 'NONE',  ( 0.000000000000000000, 0.000000000000000000, 1.000000000000000000 ) ) ;
#112 = CARTESIAN_POINT ( 'NONE',  ( -6.784999999999999254, 0.2715883878982361943, -0.07639364392276586091 ) ) ;
#113 = EDGE_CURVE ( 'NONE', #640, #2314, #2302, .T. ) ;
#114 = DIRECTION ( 'NONE',  ( -0.000000000000000000, -0.000000000000000000, -1.000000000000000000 ) ) ;
#115 = LINE ( 'NONE', #715, #1997 ) ;
#116 = AXIS2_PLACEMENT_3D ( 'NONE', #496, #1729, #2460 ) ;
#117 = CARTESIAN_POINT ( 'NONE',  ( -0.7621212245893104198, -2.126422168580474281, 0.000000000000000000 ) ) ;
#118 = EDGE_LOOP ( 'NONE', ( #1900, #809 ) ) ;
#119 = EDGE_LOOP ( 'NONE', ( #22, #332 ) ) ;
#120 = CARTESIAN_POINT ( 'NONE',  ( -6.360304832720492740, 1.025304832720531856, 1.000099999999999989 ) ) ;
#121 = CARTESIAN_POINT ( 'NONE',  ( 1.450000000000055689, 5.334999999999999076, 1.000000000000000000 ) ) ;
#122 = ORIENTED_EDGE ( 'NONE', *, *, #224, .T. ) ;
#123 = AXIS2_PLACEMENT_3D ( 'NONE', #2221, #2025, #2042 ) ;
#124 = CIRCLE ( 'NONE', #1829, 0.5000000000000000000 ) ;
#125 = ORIENTED_EDGE ( 'NONE', *, *, #2365, .F. ) ;
#126 = ORIENTED_EDGE ( 'NONE', *, *, #149, .T. ) ;
#127 = CYLINDRICAL_SURFACE ( 'NONE', #52, 2.050000000000000266 ) ;
#128 = VERTEX_POINT ( 'NONE', #1364 ) ;
#129 = AXIS2_PLACEMENT_3D ( 'NONE', #2429, #2273, #2070 ) ;
#130 = CYLINDRICAL_SURFACE ( 'NONE', #2322, 3.050000000000000266 ) ;
#131 = DIRECTION ( 'NONE',  ( 1.000000000000000000, 0.000000000000000000, 0.000000000000000000 ) ) ;
#132 = FACE_OUTER_BOUND ( 'NONE', #1395, .T. ) ;
#133 = CARTESIAN_POINT ( 'NONE',  ( -0.3889235602416172832, -3.865483600313031065, -0.4239988207530775433 ) ) ;
#134 = ADVANCED_FACE ( 'NONE', ( #2119 ), #1935, .T. ) ;
#135 = DIRECTION ( 'NONE',  ( -1.000000000000000000, 0.000000000000000000, 0.000000000000000000 ) ) ;
#136 = DIRECTION ( 'NONE',  ( 0.000000000000000000, 0.000000000000000000, 1.000000000000000000 ) ) ;
#137 = VERTEX_POINT ( 'NONE', #838 ) ;
#138 = ORIENTED_EDGE ( 'NONE', *, *, #1190, .F. ) ;
#139 = CARTESIAN_POINT ( 'NONE',  ( -2.672414677629882274, 3.772414677629907676, 3.200000000000000178 ) ) ;
#140 = FACE_OUTER_BOUND ( 'NONE', #298, .T. ) ;
#141 = EDGE_LOOP ( 'NONE', ( #460, #2001, #2228, #2277 ) ) ;
#142 = ORIENTED_EDGE ( 'NONE', *, *, #1225, .T. ) ;
#143 = CIRCLE ( 'NONE', #455, 0.5000000000000000000 ) ;
#144 = AXIS2_PLACEMENT_3D ( 'NONE', #1597, #1366, #2024 ) ;
#145 = FACE_OUTER_BOUND ( 'NONE', #141, .T. ) ;
#146 = MECHANICAL_CONTEXT ( 'NONE', #219, 'mechanical' ) ;
#147 = EDGE_CURVE ( 'NONE', #550, #1113, #2234, .T. ) ;
#148 = DIRECTION ( 'NONE',  ( 1.000000000000000000, 0.000000000000000000, 0.000000000000000000 ) ) ;
#149 = EDGE_CURVE ( 'NONE', #2224, #1216, #43, .T. ) ;
#150 = DIRECTION ( 'NONE',  ( 0.000000000000000000, 0.000000000000000000, 1.000000000000000000 ) ) ;
#151 = DIRECTION ( 'NONE',  ( -1.000000000000000000, 0.000000000000000000, 0.000000000000000000 ) ) ;
#152 = EDGE_LOOP ( 'NONE', ( #1676, #126, #1860, #1073, #2464, #1573 ) ) ;
#153 = EDGE_CURVE ( 'NONE', #360, #941, #734, .T. ) ;
#154 = DIRECTION ( 'NONE',  ( 1.000000000000000000, 0.000000000000000000, 0.000000000000000000 ) ) ;
#155 = CYLINDRICAL_SURFACE ( 'NONE', #665, 3.649999999999999911 ) ;
#156 = ORIENTED_EDGE ( 'NONE', *, *, #364, .T. ) ;
#157 = DIRECTION ( 'NONE',  ( 0.000000000000000000, 0.000000000000000000, -1.000000000000000000 ) ) ;
#158 = CIRCLE ( 'NONE', #1546, 3.649999999999999911 ) ;
#159 = EDGE_CURVE ( 'NONE', #108, #534, #1718, .T. ) ;
#160 = DIRECTION ( 'NONE',  ( 1.000000000000000000, 0.000000000000000000, 0.000000000000000000 ) ) ;
#161 = DIRECTION ( 'NONE',  ( -1.000000000000000000, 0.000000000000000000, 0.000000000000000000 ) ) ;
#162 = VERTEX_POINT ( 'NONE', #1967 ) ;
#163 = ADVANCED_FACE ( 'NONE', ( #275 ), #104, .F. ) ;
#164 = CYLINDRICAL_SURFACE ( 'NONE', #1565, 1.449999999999999734 ) ;
#165 = VERTEX_POINT ( 'NONE', #1149 ) ;
#166 = CARTESIAN_POINT ( 'NONE',  ( -0.7576375895771646496, -3.828385635911433660, -0.4239988204840225428 ) ) ;
#167 = CARTESIAN_POINT ( 'NONE',  ( 7.106910265215195831E-14, 6.784999999999999254, -0.5000000000000000000 ) ) ;
#168 = DIRECTION ( 'NONE',  ( 0.000000000000000000, 0.000000000000000000, 1.000000000000000000 ) ) ;
#169 = AXIS2_PLACEMENT_3D ( 'NONE', #1215, #74, #295 ) ;
#170 = DIRECTION ( 'NONE',  ( 1.000000000000000000, 0.000000000000000000, 0.000000000000000000 ) ) ;
#171 = CARTESIAN_POINT ( 'NONE',  ( -6.586241492300571210, -1.630229433269543282, -0.4097115361072117268 ) ) ;
#172 = CARTESIAN_POINT ( 'NONE',  ( 3.642323382151648747, -0.2722642023457307325, -0.05872725431840908339 ) ) ;
#173 = ORIENTED_EDGE ( 'NONE', *, *, #371, .T. ) ;
#174 = CARTESIAN_POINT ( 'NONE',  ( -1.785000000000000142, 1.750364247806723617, 1.000000000000000000 ) ) ;
#175 = VERTEX_POINT ( 'NONE', #2275 ) ;
#176 = VECTOR ( 'NONE', #552, 1000.000000000000000 ) ;
#177 = AXIS2_PLACEMENT_3D ( 'NONE', #1531, #1703, #2457 ) ;
#179 = CARTESIAN_POINT ( 'NONE',  ( 1.449999999999981526, -5.334999999999999076, -3.500000000000000000 ) ) ;
#178 = CC_DESIGN_DATE_AND_TIME_ASSIGNMENT ( #490, #1821, ( #1584 ) ) ;
#180 = ORIENTED_EDGE ( 'NONE', *, *, #1239, .T. ) ;
#181 = CARTESIAN_POINT ( 'NONE',  ( -0.3889235602393411040, -3.865483600313260215, -0.4239988207530774877 ) ) ;
#182 = CARTESIAN_POINT ( 'NONE',  ( -3.772414677630230972, 3.772414677629907676, 1.000000000000000000 ) ) ;
#183 = CARTESIAN_POINT ( 'NONE',  ( 3.384999999999946496, 1.111089685890235705E-13, -0.5000000000000000000 ) ) ;
#184 = CARTESIAN_POINT ( 'NONE',  ( -6.328848863788609336, 2.455445122927053969, -0.4956143888106848139 ) ) ;
#185 = DIRECTION ( 'NONE',  ( 0.000000000000000000, 0.000000000000000000, 1.000000000000000000 ) ) ;
#186 = AXIS2_PLACEMENT_3D ( 'NONE', #1981, #2142, #24 ) ;
#187 = CARTESIAN_POINT ( 'NONE',  ( 5.334999999999999964, -5.271411101403493227, -0.0009999999999999158867 ) ) ;
#188 = LINE ( 'NONE', #384, #1765 ) ;
#189 = DIRECTION ( 'NONE',  ( 0.000000000000000000, 0.000000000000000000, -1.000000000000000000 ) ) ;
#190 = ORIENTED_EDGE ( 'NONE', *, *, #2000, .T. ) ;
#191 = DIRECTION ( 'NONE',  ( 0.000000000000000000, 0.000000000000000000, 1.000000000000000000 ) ) ;
#192 = ADVANCED_FACE ( 'NONE', ( #2264 ), #278, .F. ) ;
#193 = ORIENTED_EDGE ( 'NONE', *, *, #42, .F. ) ;
#194 = AXIS2_PLACEMENT_3D ( 'NONE', #1136, #1329, #1692 ) ;
#195 = CIRCLE ( 'NONE', #1577, 1.100000000000247447 ) ;
#196 = EDGE_CURVE ( 'NONE', #1019, #1019, #1748, .T. ) ;
#197 = CARTESIAN_POINT ( 'NONE',  ( 3.081487911019577365E-29, -3.884999999999999787, -0.5000000000000000000 ) ) ;
#198 = VERTEX_POINT ( 'NONE', #96 ) ;
#199 = EDGE_LOOP ( 'NONE', ( #1326, #291, #2389, #2211 ) ) ;
#200 = APPROVAL_PERSON_ORGANIZATION ( #1430, #1677, #34 ) ;
#201 = CIRCLE ( 'NONE', #1946, 3.649999999999999911 ) ;
#202 = CARTESIAN_POINT ( 'NONE',  ( 1.450000000000055689, 5.334999999999999076, 1.000099999999999989 ) ) ;
#203 = FACE_OUTER_BOUND ( 'NONE', #1837, .T. ) ;
#204 = CARTESIAN_POINT ( 'NONE',  ( -9.313526471364059645E-14, -5.334999999999999076, 0.000000000000000000 ) ) ;
#205 = AXIS2_PLACEMENT_3D ( 'NONE', #1403, #1835, #1311 ) ;
#206 = AXIS2_PLACEMENT_3D ( 'NONE', #722, #930, #1673 ) ;
#207 = CARTESIAN_POINT ( 'NONE',  ( 5.396356323203368888, -2.772164134494668364, 1.000000000000000000 ) ) ;
#208 = CARTESIAN_POINT ( 'NONE',  ( 3.649999999999999911, 1.043880914671666912E-13, -0.07600117924692238736 ) ) ;
#209 = ORIENTED_EDGE ( 'NONE', *, *, #2176, .F. ) ;
#210 = AXIS2_PLACEMENT_3D ( 'NONE', #1286, #1852, #151 ) ;
#211 = ADVANCED_FACE ( 'NONE', ( #1992 ), #981, .F. ) ;
#212 = AXIS2_PLACEMENT_3D ( 'NONE', #801, #1555, #1317 ) ;
#213 = CARTESIAN_POINT ( 'NONE',  ( 0.000000000000000000, 0.000000000000000000, -3.000000000000000000 ) ) ;
#214 = ORIENTED_EDGE ( 'NONE', *, *, #1785, .F. ) ;
#215 = CARTESIAN_POINT ( 'NONE',  ( -2.430574676589146055, -3.030764217408470351, -0.5000000000000000000 ) ) ;
#216 = CARTESIAN_POINT ( 'NONE',  ( 1.450000000000056133, 5.335000000000000853, -0.5000000000000000000 ) ) ;
#217 = CIRCLE ( 'NONE', #1186, 6.784999999999999254 ) ;
#218 = CARTESIAN_POINT ( 'NONE',  ( -6.785000000000000142, 3.743167967133260076E-14, -3.000000000000000000 ) ) ;
#219 = APPLICATION_CONTEXT ( 'configuration controlled 3d designs of mechanical parts and assemblies' ) ;
#220 = DIRECTION ( 'NONE',  ( 0.000000000000000000, 0.000000000000000000, 1.000000000000000000 ) ) ;
#221 = EDGE_CURVE ( 'NONE', #137, #1991, #632, .T. ) ;
#222 = ORIENTED_EDGE ( 'NONE', *, *, #2150, .F. ) ;
#223 = CARTESIAN_POINT ( 'NONE',  ( 0.000000000000000000, 0.000000000000000000, 0.000000000000000000 ) ) ;
#224 = EDGE_CURVE ( 'NONE', #393, #355, #2037, .T. ) ;
#225 = CARTESIAN_POINT ( 'NONE',  ( -2.430574676589145611, -3.030764217408470795, -0.5000000000000000000 ) ) ;
#226 = EDGE_LOOP ( 'NONE', ( #1308, #1807, #1661, #1288 ) ) ;
#227 = FACE_OUTER_BOUND ( 'NONE', #1804, .T. ) ;
#228 = DIRECTION ( 'NONE',  ( -1.000000000000000000, 0.000000000000000000, 0.000000000000000000 ) ) ;
#229 = CIRCLE ( 'NONE', #1624, 0.4999999999999997780 ) ;
#230 = AXIS2_PLACEMENT_3D ( 'NONE', #1594, #1234, #608 ) ;
#231 = FACE_OUTER_BOUND ( 'NONE', #1252, .T. ) ;
#232 = EDGE_LOOP ( 'NONE', ( #2016, #142 ) ) ;
#233 = VERTEX_POINT ( 'NONE', #741 ) ;
#234 = DIRECTION ( 'NONE',  ( 1.000000000000000000, 0.000000000000000000, -0.000000000000000000 ) ) ;
#235 = CARTESIAN_POINT ( 'NONE',  ( -1.449999999999999956, 0.000000000000000000, 1.000099999999999989 ) ) ;
#236 = ORIENTED_EDGE ( 'NONE', *, *, #1236, .F. ) ;
#237 = EDGE_CURVE ( 'NONE', #472, #165, #2069, .T. ) ;
#238 = DIRECTION ( 'NONE',  ( -1.000000000000000000, 0.000000000000000000, 0.000000000000000000 ) ) ;
#239 = CARTESIAN_POINT ( 'NONE',  ( 0.2077304447430708689, -3.896354774848931779, -0.4409308852461223949 ) ) ;
#240 = DIRECTION ( 'NONE',  ( 0.000000000000000000, 0.000000000000000000, 1.000000000000000000 ) ) ;
#241 = AXIS2_PLACEMENT_3D ( 'NONE', #187, #761, #32 ) ;
#242 = DIRECTION ( 'NONE',  ( -0.000000000000000000, -0.000000000000000000, 1.000000000000000000 ) ) ;
#243 = DATE_AND_TIME ( #1563, #2222 ) ;
#244 = DIRECTION ( 'NONE',  ( -0.000000000000000000, -0.000000000000000000, -1.000000000000000000 ) ) ;
#245 = EDGE_CURVE ( 'NONE', #2062, #198, #2058, .T. ) ;
#246 = CARTESIAN_POINT ( 'NONE',  ( -6.784999999999981490, -1.168434891296484368, -3.570247104570512285E-14 ) ) ;
#247 = CARTESIAN_POINT ( 'NONE',  ( 0.3479058634163246788, -3.030092657032214198, 0.000000000000000000 ) ) ;
#248 = ORIENTED_EDGE ( 'NONE', *, *, #2391, .T. ) ;
#249 = VECTOR ( 'NONE', #1191, 1000.000000000000000 ) ;
#250 = CIRCLE ( 'NONE', #1647, 2.000000000000000000 ) ;
#251 = CARTESIAN_POINT ( 'NONE',  ( -6.586241492300571210, -1.630229433269541062, -0.4097115361072288242 ) ) ;
#252 = DIRECTION ( 'NONE',  ( 1.000000000000000000, 0.000000000000000000, 0.000000000000000000 ) ) ;
#253 = ORIENTED_EDGE ( 'NONE', *, *, #1711, .T. ) ;
#254 = CARTESIAN_POINT ( 'NONE',  ( -6.747280470618034265, 0.3796739435360181880, 1.000099999999999989 ) ) ;
#255 = CARTESIAN_POINT ( 'NONE',  ( -3.885000000000000231, 3.725410588545623353E-14, -3.000000000000000000 ) ) ;
#256 = CARTESIAN_POINT ( 'NONE',  ( -1.936682658698951842, 0.6721311475409835756, 0.000000000000000000 ) ) ;
#257 = CARTESIAN_POINT ( 'NONE',  ( 0.000000000000000000, 0.000000000000000000, 1.000000000000000000 ) ) ;
#258 = CARTESIAN_POINT ( 'NONE',  ( 0.2499933373858270191, -3.902268723043608389, -0.1427209426846257068 ) ) ;
#259 = CARTESIAN_POINT ( 'NONE',  ( 0.000000000000000000, 0.000000000000000000, 0.000000000000000000 ) ) ;
#260 = DIRECTION ( 'NONE',  ( -0.000000000000000000, -0.000000000000000000, -1.000000000000000000 ) ) ;
#261 = EDGE_CURVE ( 'NONE', #271, #198, #891, .T. ) ;
#262 = CARTESIAN_POINT ( 'NONE',  ( -3.772414677629907231, -3.772414677630553381, 3.200000000000000178 ) ) ;
#263 = DIRECTION ( 'NONE',  ( 1.000000000000000000, 0.000000000000000000, 0.000000000000000000 ) ) ;
#264 = ORIENTED_EDGE ( 'NONE', *, *, #2344, .T. ) ;
#265 = AXIS2_PLACEMENT_3D ( 'NONE', #1017, #2300, #1768 ) ;
#266 = CARTESIAN_POINT ( 'NONE',  ( -2.117759402896848719, -2.640704472568255134, 0.000000000000000000 ) ) ;
#267 = ORIENTED_EDGE ( 'NONE', *, *, #620, .T. ) ;
#268 = DIRECTION ( 'NONE',  ( 1.000000000000000000, 0.000000000000000000, 0.000000000000000000 ) ) ;
#269 = CARTESIAN_POINT ( 'NONE',  ( -0.3653979394805412784, -3.631664128994223972, 0.000000000000000000 ) ) ;
#270 = DIRECTION ( 'NONE',  ( 0.000000000000000000, 0.000000000000000000, 1.000000000000000000 ) ) ;
#271 = VERTEX_POINT ( 'NONE', #2258 ) ;
#272 = CIRCLE ( 'NONE', #592, 1.450000000000000178 ) ;
#273 = DIRECTION ( 'NONE',  ( -0.000000000000000000, -0.000000000000000000, 1.000000000000000000 ) ) ;
#274 = EDGE_LOOP ( 'NONE', ( #1212, #367, #365, #2292 ) ) ;
#275 = FACE_OUTER_BOUND ( 'NONE', #1954, .T. ) ;
#276 = LINE ( 'NONE', #2153, #374 ) ;
#277 = CARTESIAN_POINT ( 'NONE',  ( 1.449999999999999956, 1.775737858763661916E-16, 1.000099999999999989 ) ) ;
#278 = TOROIDAL_SURFACE ( 'NONE', #642, 3.385000000000000675, 0.5000000000000000000 ) ;
#279 = VERTEX_POINT ( 'NONE', #1663 ) ;
#280 = VECTOR ( 'NONE', #887, 999.9999999999998863 ) ;
#281 = DIRECTION ( 'NONE',  ( 0.000000000000000000, 0.000000000000000000, 1.000000000000000000 ) ) ;
#282 = AXIS2_PLACEMENT_3D ( 'NONE', #651, #1415, #2168 ) ;
#283 = PERSON_AND_ORGANIZATION ( #345, #2416 ) ;
#284 = ADVANCED_FACE ( 'NONE', ( #2083 ), #2408, .F. ) ;
#285 = DIRECTION ( 'NONE',  ( 1.000000000000000000, 0.000000000000000000, 0.000000000000000000 ) ) ;
#286 = ORIENTED_EDGE ( 'NONE', *, *, #1693, .F. ) ;
#287 = EDGE_CURVE ( 'NONE', #2375, #2132, #819, .T. ) ;
#288 = DIRECTION ( 'NONE',  ( 1.000000000000000000, 0.000000000000000000, -0.000000000000000000 ) ) ;
#289 = CIRCLE ( 'NONE', #2203, 1.450000000000000178 ) ;
#290 = ORIENTED_EDGE ( 'NONE', *, *, #1511, .T. ) ;
#291 = ORIENTED_EDGE ( 'NONE', *, *, #113, .F. ) ;
#292 = CARTESIAN_POINT ( 'NONE',  ( -9.313526471364059645E-14, -5.334999999999999076, -3.000000000000000000 ) ) ;
#293 = CYLINDRICAL_SURFACE ( 'NONE', #1766, 1.100000000000348477 ) ;
#294 = ORIENTED_EDGE ( 'NONE', *, *, #703, .F. ) ;
#295 = DIRECTION ( 'NONE',  ( 1.000000000000000000, 0.000000000000000000, 0.000000000000000000 ) ) ;
#296 = FACE_OUTER_BOUND ( 'NONE', #902, .T. ) ;
#297 = DIRECTION ( 'NONE',  ( 1.000000000000000000, 0.000000000000000000, 0.000000000000000000 ) ) ;
#298 = EDGE_LOOP ( 'NONE', ( #1863, #1139, #361, #1725 ) ) ;
#299 = SECURITY_CLASSIFICATION_LEVEL ( 'unclassified' ) ;
#300 = VECTOR ( 'NONE', #544, 1000.000000000000000 ) ;
#301 = CARTESIAN_POINT ( 'NONE',  ( 5.334999999999999964, -5.271411101403493227, 1.000000000000000000 ) ) ;
#302 = CIRCLE ( 'NONE', #2333, 1.450000000000000178 ) ;
#303 = ORIENTED_EDGE ( 'NONE', *, *, #338, .F. ) ;
#305 = EDGE_CURVE ( 'NONE', #484, #2285, #1527, .T. ) ;
#304 = DIRECTION ( 'NONE',  ( 0.9707061889905042040, 0.2402696290743621399, -4.336808689942019314E-15 ) ) ;
#306 = VERTEX_POINT ( 'NONE', #1560 ) ;
#307 = CARTESIAN_POINT ( 'NONE',  ( 0.5999092530540124368, -4.014920878090988410, -0.5000000000000000000 ) ) ;
#308 = AXIS2_PLACEMENT_3D ( 'NONE', #1053, #1420, #866 ) ;
#309 = DIRECTION ( 'NONE',  ( -1.000000000000000000, 0.000000000000000000, 0.000000000000000000 ) ) ;
#310 = DIRECTION ( 'NONE',  ( -1.000000000000000000, 0.000000000000000000, 0.000000000000000000 ) ) ;
#311 = AXIS2_PLACEMENT_3D ( 'NONE', #980, #548, #2247 ) ;
#312 = CYLINDRICAL_SURFACE ( 'NONE', #2220, 7.500000000000000000 ) ;
#313 = ORIENTED_EDGE ( 'NONE', *, *, #2067, .T. ) ;
#314 = VECTOR ( 'NONE', #1189, 1000.000000000000000 ) ;
#315 = ORIENTED_EDGE ( 'NONE', *, *, #371, .F. ) ;
#316 = ORIENTED_EDGE ( 'NONE', *, *, #1590, .T. ) ;
#317 = AXIS2_PLACEMENT_3D ( 'NONE', #2043, #150, #920 ) ;
#318 = VECTOR ( 'NONE', #380, 1000.000000000000000 ) ;
#319 = ORIENTED_EDGE ( 'NONE', *, *, #1152, .F. ) ;
#320 = ADVANCED_FACE ( 'NONE', ( #1353 ), #403, .F. ) ;
#321 = CARTESIAN_POINT ( 'NONE',  ( 5.334999999999999964, 0.000000000000000000, 1.000099999999999989 ) ) ;
#322 = CARTESIAN_POINT ( 'NONE',  ( 0.000000000000000000, 0.000000000000000000, 1.000000000000000000 ) ) ;
#323 = EDGE_CURVE ( 'NONE', #985, #2415, #1345, .T. ) ;
#324 = DIRECTION ( 'NONE',  ( -0.000000000000000000, -0.000000000000000000, 1.000000000000000000 ) ) ;
#325 = AXIS2_PLACEMENT_3D ( 'NONE', #1486, #1460, #917 ) ;
#326 = DIRECTION ( 'NONE',  ( 1.000000000000000000, 0.000000000000000000, 0.000000000000000000 ) ) ;
#327 = ADVANCED_FACE ( 'NONE', ( #296 ), #1589, .F. ) ;
#328 = DIRECTION ( 'NONE',  ( -0.000000000000000000, -0.000000000000000000, -1.000000000000000000 ) ) ;
#329 = ORIENTED_EDGE ( 'NONE', *, *, #2240, .F. ) ;
#330 = VERTEX_POINT ( 'NONE', #2251 ) ;
#331 = DIRECTION ( 'NONE',  ( 1.000000000000000000, 0.000000000000000000, 0.000000000000000000 ) ) ;
#332 = ORIENTED_EDGE ( 'NONE', *, *, #993, .T. ) ;
#333 = CARTESIAN_POINT ( 'NONE',  ( -6.226229323418605688, -1.159482093077748521, 1.000099999999999989 ) ) ;
#334 = DIRECTION ( 'NONE',  ( -0.000000000000000000, -0.000000000000000000, 1.000000000000000000 ) ) ;
#335 =( LENGTH_UNIT ( ) NAMED_UNIT ( * ) SI_UNIT ( .MILLI., .METRE. ) );
#336 = DIRECTION ( 'NONE',  ( 1.000000000000000000, 0.000000000000000000, 0.000000000000000000 ) ) ;
#337 = FACE_OUTER_BOUND ( 'NONE', #199, .T. ) ;
#338 = EDGE_CURVE ( 'NONE', #1826, #137, #1282, .T. ) ;
#339 = DIRECTION ( 'NONE',  ( 0.000000000000000000, 0.000000000000000000, -1.000000000000000000 ) ) ;
#340 = CARTESIAN_POINT ( 'NONE',  ( -6.522821314840866691, 1.880438514661309402, -0.1422497861155615217 ) ) ;
#341 = PERSON_AND_ORGANIZATION_ROLE ( 'design_supplier' ) ;
#342 = EDGE_CURVE ( 'NONE', #1755, #555, #1636, .T. ) ;
#343 = DIRECTION ( 'NONE',  ( -0.9103993944200063915, 0.4137305193476618070, 3.140181135181043451E-15 ) ) ;
#344 = ORIENTED_EDGE ( 'NONE', *, *, #886, .F. ) ;
#345 = PERSON ( '未指定', '未指定', '未指定', ('未指定'), ('未指定'), ('未指定') ) ;
#346 = CIRCLE ( 'NONE', #1700, 0.4999999999999999445 ) ;
#347 = CARTESIAN_POINT ( 'NONE',  ( -9.313526471364059645E-14, -5.334999999999999076, -0.5000000000000000000 ) ) ;
#348 = CARTESIAN_POINT ( 'NONE',  ( 0.000000000000000000, 0.000000000000000000, -3.000000000000000000 ) ) ;
#349 = CIRCLE ( 'NONE', #110, 3.649999999999999911 ) ;
#350 = DIRECTION ( 'NONE',  ( 0.000000000000000000, 0.000000000000000000, 1.000000000000000000 ) ) ;
#351 = ORIENTED_EDGE ( 'NONE', *, *, #2122, .F. ) ;
#352 = CARTESIAN_POINT ( 'NONE',  ( 0.7500000000000002220, -1.240967364599085521, 1.000099999999999989 ) ) ;
#353 = EDGE_CURVE ( 'NONE', #1991, #1893, #1828, .T. ) ;
#354 = CARTESIAN_POINT ( 'NONE',  ( 3.772414677630250512, 3.772414677630212765, 3.200000000000000178 ) ) ;
#355 = VERTEX_POINT ( 'NONE', #918 ) ;
#356 = CARTESIAN_POINT ( 'NONE',  ( -6.360304832720493629, -1.025304832720456361, 1.000099999999999989 ) ) ;
#357 = DIRECTION ( 'NONE',  ( 0.000000000000000000, 0.000000000000000000, 1.000000000000000000 ) ) ;
#358 = CIRCLE ( 'NONE', #1912, 0.5000000000000000000 ) ;
#359 = DIRECTION ( 'NONE',  ( 1.000000000000000000, 0.000000000000000000, 0.000000000000000000 ) ) ;
#360 = VERTEX_POINT ( 'NONE', #2414 ) ;
#361 = ORIENTED_EDGE ( 'NONE', *, *, #2331, .F. ) ;
#362 = ORIENTED_EDGE ( 'NONE', *, *, #1227, .F. ) ;
#363 = CARTESIAN_POINT ( 'NONE',  ( -9.313526471364059645E-14, -5.334999999999999076, 0.000000000000000000 ) ) ;
#364 = EDGE_CURVE ( 'NONE', #534, #100, #2148, .T. ) ;
#365 = ORIENTED_EDGE ( 'NONE', *, *, #2019, .F. ) ;
#366 = DIRECTION ( 'NONE',  ( 1.000000000000000000, 0.000000000000000000, 0.000000000000000000 ) ) ;
#367 = ORIENTED_EDGE ( 'NONE', *, *, #1572, .F. ) ;
#368 = AXIS2_PLACEMENT_3D ( 'NONE', #609, #40, #411 ) ;
#369 = AXIS2_PLACEMENT_3D ( 'NONE', #2095, #1710, #359 ) ;
#370 = DIRECTION ( 'NONE',  ( 1.000000000000000000, 0.000000000000000000, -0.000000000000000000 ) ) ;
#371 = EDGE_CURVE ( 'NONE', #59, #1491, #2103, .T. ) ;
#372 = CARTESIAN_POINT ( 'NONE',  ( -0.3889235602392880908, -3.865483600313265544, -0.1468754084961638173 ) ) ;
#373 = CARTESIAN_POINT ( 'NONE',  ( -2.091040041515558112, 0.3873648729281128911, 0.000000000000000000 ) ) ;
#374 = VECTOR ( 'NONE', #1067, 1000.000000000000000 ) ;
#375 = LINE ( 'NONE', #1168, #249 ) ;
#376 = DIRECTION ( 'NONE',  ( 0.000000000000000000, 0.000000000000000000, -1.000000000000000000 ) ) ;
#377 = DIRECTION ( 'NONE',  ( -1.000000000000000000, 0.000000000000000000, 0.000000000000000000 ) ) ;
#378 = CARTESIAN_POINT ( 'NONE',  ( -1.845676796276013443, -3.440468004744646535, -0.1105107802603434303 ) ) ;
#379 = EDGE_CURVE ( 'NONE', #83, #2223, #498, .T. ) ;
#380 = DIRECTION ( 'NONE',  ( -0.000000000000000000, -0.000000000000000000, -1.000000000000000000 ) ) ;
#381 = AXIS2_PLACEMENT_3D ( 'NONE', #1488, #2242, #2437 ) ;
#382 = ORIENTED_EDGE ( 'NONE', *, *, #153, .F. ) ;
#383 = ORIENTED_EDGE ( 'NONE', *, *, #81, .F. ) ;
#384 = CARTESIAN_POINT ( 'NONE',  ( -6.785000000000000142, -1.750364247806723617, -3.000000000000000000 ) ) ;
#385 = DIRECTION ( 'NONE',  ( 0.000000000000000000, 0.000000000000000000, -1.000000000000000000 ) ) ;
#386 = EDGE_LOOP ( 'NONE', ( #494, #1278, #2008, #2134, #303, #593, #2390, #545 ) ) ;
#387 = EDGE_LOOP ( 'NONE', ( #1089, #1263, #740, #1583 ) ) ;
#388 = CARTESIAN_POINT ( 'NONE',  ( -2.138142372717999784, -3.265285447507192629, -0.5000000000000000000 ) ) ;
#389 = DIRECTION ( 'NONE',  ( -0.000000000000000000, -0.000000000000000000, 1.000000000000000000 ) ) ;
#390 = DIRECTION ( 'NONE',  ( 0.000000000000000000, 0.000000000000000000, -1.000000000000000000 ) ) ;
#391 = ORIENTED_EDGE ( 'NONE', *, *, #886, .T. ) ;
#392 = DIRECTION ( 'NONE',  ( -1.000000000000000000, 1.794541526872559254E-15, 0.000000000000000000 ) ) ;
#393 = VERTEX_POINT ( 'NONE', #1892 ) ;
#394 = CARTESIAN_POINT ( 'NONE',  ( -1.450000000000018829, -5.335000000000000853, 1.000099999999999989 ) ) ;
#395 = ADVANCED_FACE ( 'NONE', ( #755 ), #1509, .T. ) ;
#396 = VECTOR ( 'NONE', #1994, 1000.000000000000000 ) ;
#397 = EDGE_CURVE ( 'NONE', #511, #355, #276, .T. ) ;
#398 = FACE_OUTER_BOUND ( 'NONE', #842, .T. ) ;
#399 = DIRECTION ( 'NONE',  ( 1.000000000000000000, 0.000000000000000000, 0.000000000000000000 ) ) ;
#400 = CIRCLE ( 'NONE', #129, 3.000000000000000000 ) ;
#401 = ORIENTED_EDGE ( 'NONE', *, *, #1608, .F. ) ;
#402 = ADVANCED_FACE ( 'NONE', ( #1259 ), #768, .F. ) ;
#403 = CYLINDRICAL_SURFACE ( 'NONE', #764, 3.885000000000000675 ) ;
#404 = DIRECTION ( 'NONE',  ( 1.000000000000000000, 0.000000000000000000, 0.000000000000000000 ) ) ;
#405 = CARTESIAN_POINT ( 'NONE',  ( 5.334999999999999964, 0.000000000000000000, 1.000000000000000000 ) ) ;
#406 = ORIENTED_EDGE ( 'NONE', *, *, #818, .F. ) ;
#407 = ORIENTED_EDGE ( 'NONE', *, *, #1770, .F. ) ;
#408 = AXIS2_PLACEMENT_3D ( 'NONE', #1248, #1414, #2381 ) ;
#409 = CARTESIAN_POINT ( 'NONE',  ( 0.000000000000000000, 0.000000000000000000, -0.5000000000000000000 ) ) ;
#410 = CIRCLE ( 'NONE', #1561, 7.285000000000000142 ) ;
#411 = DIRECTION ( 'NONE',  ( -1.000000000000000000, 0.000000000000000000, 0.000000000000000000 ) ) ;
#412 = CIRCLE ( 'NONE', #44, 2.050000000000000266 ) ;
#413 = CARTESIAN_POINT ( 'NONE',  ( -0.1151253781924987951, -1.144222944751604798, -3.000000000000000000 ) ) ;
#414 = EDGE_CURVE ( 'NONE', #976, #673, #684, .T. ) ;
#415 = ORIENTED_EDGE ( 'NONE', *, *, #1544, .T. ) ;
#416 = VERTEX_POINT ( 'NONE', #729 ) ;
#417 = EDGE_LOOP ( 'NONE', ( #2183, #1450, #2354, #1501, #1662, #1632, #2377, #1111, #1469, #1732, #2036, #1540, #1174 ) ) ;
#418 = ADVANCED_FACE ( 'NONE', ( #2412 ), #130, .T. ) ;
#419 = CARTESIAN_POINT ( 'NONE',  ( -4.309695167279507189, -1.025304832720456805, 1.000099999999999989 ) ) ;
#420 = DIRECTION ( 'NONE',  ( 1.000000000000000000, 0.000000000000000000, -0.000000000000000000 ) ) ;
#421 = CARTESIAN_POINT ( 'NONE',  ( -2.672414677629882274, 3.772414677629907676, 3.200000000000000178 ) ) ;
#422 = ORIENTED_EDGE ( 'NONE', *, *, #2256, .F. ) ;
#423 = DIRECTION ( 'NONE',  ( 0.000000000000000000, 0.000000000000000000, -1.000000000000000000 ) ) ;
#424 = CARTESIAN_POINT ( 'NONE',  ( -6.329228271175352027, 2.454408738202885409, -0.4955600742623584298 ) ) ;
#425 = AXIS2_PLACEMENT_3D ( 'NONE', #931, #107, #2061 ) ;
#426 = CARTESIAN_POINT ( 'NONE',  ( -6.784999999999998366, -0.2739898024411143718, -0.07706917556682099657 ) ) ;
#427 = CARTESIAN_POINT ( 'NONE',  ( -3.772414677630230972, 3.772414677629907676, 3.200000000000000178 ) ) ;
#428 = ORIENTED_EDGE ( 'NONE', *, *, #57, .F. ) ;
#429 = CIRCLE ( 'NONE', #17, 1.000000000000000000 ) ;
#430 = CARTESIAN_POINT ( 'NONE',  ( 0.000000000000000000, 0.000000000000000000, 1.000099999999999989 ) ) ;
#431 = APPROVAL ( #1451, '未指定' ) ;
#432 = ORIENTED_EDGE ( 'NONE', *, *, #1986, .T. ) ;
#433 = AXIS2_PLACEMENT_3D ( 'NONE', #1534, #2286, #2276 ) ;
#434 = CARTESIAN_POINT ( 'NONE',  ( 1.142731449106884067, -7.412433125177054549, 0.000000000000000000 ) ) ;
#435 = CARTESIAN_POINT ( 'NONE',  ( -6.669321711890534132, 2.843728180978701392, 1.039600856519253033E-16 ) ) ;
#436 = CARTESIAN_POINT ( 'NONE',  ( 5.445441381766063849, -0.7727665609676076519, 1.000000000000000000 ) ) ;
#437 = DIRECTION ( 'NONE',  ( 0.000000000000000000, 0.000000000000000000, -1.000000000000000000 ) ) ;
#438 = AXIS2_PLACEMENT_3D ( 'NONE', #929, #1861, #331 ) ;
#439 = AXIS2_PLACEMENT_3D ( 'NONE', #1775, #1613, #1033 ) ;
#440 = ORIENTED_EDGE ( 'NONE', *, *, #779, .T. ) ;
#441 = CARTESIAN_POINT ( 'NONE',  ( 1.449999999999981526, -5.335000000000000853, 1.000000000000000000 ) ) ;
#442 = CIRCLE ( 'NONE', #1519, 1.000000000000000000 ) ;
#443 = COORDINATED_UNIVERSAL_TIME_OFFSET ( 8, 0, .AHEAD. ) ;
#444 = ORIENTED_EDGE ( 'NONE', *, *, #237, .F. ) ;
#445 = DIRECTION ( 'NONE',  ( 1.000000000000000000, 0.000000000000000000, 0.000000000000000000 ) ) ;
#446 = ADVANCED_FACE ( 'NONE', ( #1853 ), #2219, .T. ) ;
#447 = DIRECTION ( 'NONE',  ( -0.9949764736971069556, 0.1001090245146277480, 1.903046041923229114E-13 ) ) ;
#448 = ORIENTED_EDGE ( 'NONE', *, *, #77, .T. ) ;
#449 = CARTESIAN_POINT ( 'NONE',  ( -6.155762548573902926, 2.853561361802989360, -9.757819552369539906E-16 ) ) ;
#450 = EDGE_CURVE ( 'NONE', #1989, #2226, #1375, .T. ) ;
#451 = ORIENTED_EDGE ( 'NONE', *, *, #1572, .T. ) ;
#452 = DIRECTION ( 'NONE',  ( 1.000000000000000000, 0.000000000000000000, 0.000000000000000000 ) ) ;
#453 = CARTESIAN_POINT ( 'NONE',  ( 0.5725330812851973095, -3.607431993271196013, -2.405005761968108230E-09 ) ) ;
#454 = ORIENTED_EDGE ( 'NONE', *, *, #1988, .T. ) ;
#455 = AXIS2_PLACEMENT_3D ( 'NONE', #38, #823, #1535 ) ;
#456 = VECTOR ( 'NONE', #2053, 1000.000000000000000 ) ;
#457 = DIRECTION ( 'NONE',  ( 1.000000000000000000, 0.000000000000000000, 0.000000000000000000 ) ) ;
#458 = FACE_OUTER_BOUND ( 'NONE', #478, .T. ) ;
#459 = DESIGN_CONTEXT ( 'detailed design', #470, 'design' ) ;
#460 = ORIENTED_EDGE ( 'NONE', *, *, #2344, .F. ) ;
#461 = EDGE_LOOP ( 'NONE', ( #2244, #689, #493, #706 ) ) ;
#462 = CARTESIAN_POINT ( 'NONE',  ( -6.674625322141365835, 0.5548909769294180228, 1.000099999999999989 ) ) ;
#463 = DIRECTION ( 'NONE',  ( -0.000000000000000000, -0.000000000000000000, -1.000000000000000000 ) ) ;
#464 = CARTESIAN_POINT ( 'NONE',  ( -1.785000000000000142, 1.750364247806723617, 0.000000000000000000 ) ) ;
#465 = DIRECTION ( 'NONE',  ( 1.000000000000000000, 0.000000000000000000, 0.000000000000000000 ) ) ;
#466 = ADVANCED_FACE ( 'NONE', ( #2434 ), #848, .F. ) ;
#467 = CARTESIAN_POINT ( 'NONE',  ( -6.460316512445278825, -2.083720639722968837, -0.1230902233239674071 ) ) ;
#468 = DIRECTION ( 'NONE',  ( 0.000000000000000000, 0.000000000000000000, -1.000000000000000000 ) ) ;
#469 = ORIENTED_EDGE ( 'NONE', *, *, #1321, .T. ) ;
#470 = APPLICATION_CONTEXT ( 'configuration controlled 3d designs of mechanical parts and assemblies' ) ;
#471 = CARTESIAN_POINT ( 'NONE',  ( 0.000000000000000000, 0.000000000000000000, -0.5000000000000000000 ) ) ;
#472 = VERTEX_POINT ( 'NONE', #71 ) ;
#473 = DIRECTION ( 'NONE',  ( -0.000000000000000000, -0.000000000000000000, -1.000000000000000000 ) ) ;
#474 = CC_DESIGN_APPROVAL ( #2379, ( #1166 ) ) ;
#475 = DIRECTION ( 'NONE',  ( 0.000000000000000000, 0.000000000000000000, 1.000000000000000000 ) ) ;
#476 = CARTESIAN_POINT ( 'NONE',  ( 5.588115882818434399E-14, 5.335000000000000853, -3.000000000000000000 ) ) ;
#477 = EDGE_CURVE ( 'NONE', #1579, #679, #2012, .T. ) ;
#478 = EDGE_LOOP ( 'NONE', ( #618, #15, #1483 ) ) ;
#479 = DIRECTION ( 'NONE',  ( -1.000000000000000000, -5.981805089575196197E-16, 0.000000000000000000 ) ) ;
#480 = CARTESIAN_POINT ( 'NONE',  ( -6.784999999999999254, 4.154614266107391794E-16, 0.000000000000000000 ) ) ;
#481 = EDGE_CURVE ( 'NONE', #306, #137, #699, .T. ) ;
#482 = ORIENTED_EDGE ( 'NONE', *, *, #1724, .T. ) ;
#483 = DIRECTION ( 'NONE',  ( 1.000000000000000000, 0.000000000000000000, 0.000000000000000000 ) ) ;
#484 = VERTEX_POINT ( 'NONE', #643 ) ;
#485 = PLANE ( 'NONE',  #1740 ) ;
#486 = CARTESIAN_POINT ( 'NONE',  ( -6.785000000000000142, 0.000000000000000000, 0.000000000000000000 ) ) ;
#487 = CIRCLE ( 'NONE', #813, 5.000000000000000000 ) ;
#488 = CARTESIAN_POINT ( 'NONE',  ( 4.069321500421671705E-14, 3.885000000000000675, -0.5000000000000000000 ) ) ;
#489 = CIRCLE ( 'NONE', #144, 3.000000000000000000 ) ;
#490 = DATE_AND_TIME ( #738, #1866 ) ;
#491 = CARTESIAN_POINT ( 'NONE',  ( 1.449999999999999956, 1.775737858763661916E-16, -3.500000000000000000 ) ) ;
#492 = ADVANCED_FACE ( 'NONE', ( #825 ), #2160, .T. ) ;
#493 = ORIENTED_EDGE ( 'NONE', *, *, #81, .T. ) ;
#494 = ORIENTED_EDGE ( 'NONE', *, *, #2476, .F. ) ;
#495 = CARTESIAN_POINT ( 'NONE',  ( -9.313526471364060907E-14, -7.285000000000000142, 0.000000000000000000 ) ) ;
#496 = CARTESIAN_POINT ( 'NONE',  ( 5.334999999999999964, -5.271411101403493227, 0.000000000000000000 ) ) ;
#497 = CARTESIAN_POINT ( 'NONE',  ( -4.872414677630154678, -3.772414677630553381, 3.200000000000000178 ) ) ;
#498 = CIRCLE ( 'NONE', #2440, 3.885000000000000675 ) ;
#499 = DIRECTION ( 'NONE',  ( -0.2369463830230267021, 0.9572800413662855279, 0.1657447856617758619 ) ) ;
#500 = ORIENTED_EDGE ( 'NONE', *, *, #1877, .F. ) ;
#501 = CARTESIAN_POINT ( 'NONE',  ( 0.6985528328784630370, -3.584248538421644259, -4.642978776857820272E-16 ) ) ;
#502 = DIRECTION ( 'NONE',  ( -0.000000000000000000, -0.000000000000000000, -1.000000000000000000 ) ) ;
#503 = EDGE_LOOP ( 'NONE', ( #11, #1455 ) ) ;
#504 = CARTESIAN_POINT ( 'NONE',  ( 3.885000000000000231, 0.000000000000000000, 1.000000000000000000 ) ) ;
#505 = COORDINATED_UNIVERSAL_TIME_OFFSET ( 8, 0, .AHEAD. ) ;
#506 = EDGE_LOOP ( 'NONE', ( #2255, #1658 ) ) ;
#507 = AXIS2_PLACEMENT_3D ( 'NONE', #262, #1045, #404 ) ;
#508 = EDGE_CURVE ( 'NONE', #1757, #59, #289, .T. ) ;
#509 = EDGE_CURVE ( 'NONE', #941, #128, #1198, .T. ) ;
#510 = CYLINDRICAL_SURFACE ( 'NONE', #789, 3.649999999999999911 ) ;
#511 = VERTEX_POINT ( 'NONE', #434 ) ;
#512 = CARTESIAN_POINT ( 'NONE',  ( -6.768585477496438685, 0.5450764991079345423, -0.1533816447806973238 ) ) ;
#513 = CARTESIAN_POINT ( 'NONE',  ( 5.334999999999999964, 1.111089685890235705E-13, -0.5000000000000000000 ) ) ;
#514 = ADVANCED_FACE ( 'NONE', ( #145 ), #695, .F. ) ;
#515 = AXIS2_PLACEMENT_3D ( 'NONE', #347, #778, #1339 ) ;
#516 = CARTESIAN_POINT ( 'NONE',  ( -6.785000000000001030, 0.5859890325903527319, 3.511801537404756592E-15 ) ) ;
#517 = DIRECTION ( 'NONE',  ( 0.000000000000000000, 0.000000000000000000, 1.000000000000000000 ) ) ;
#518 = PERSON_AND_ORGANIZATION_ROLE ( 'creator' ) ;
#519 = ORIENTED_EDGE ( 'NONE', *, *, #397, .T. ) ;
#520 = ORIENTED_EDGE ( 'NONE', *, *, #831, .F. ) ;
#521 = DIRECTION ( 'NONE',  ( 0.000000000000000000, 0.000000000000000000, -1.000000000000000000 ) ) ;
#522 = CYLINDRICAL_SURFACE ( 'NONE', #210, 2.999999999999999556 ) ;
#523 = AXIS2_PLACEMENT_3D ( 'NONE', #1515, #1323, #1686 ) ;
#524 = VERTEX_POINT ( 'NONE', #495 ) ;
#525 = DIRECTION ( 'NONE',  ( -0.000000000000000000, -0.000000000000000000, 1.000000000000000000 ) ) ;
#526 = ADVANCED_FACE ( 'NONE', ( #1269 ), #127, .F. ) ;
#527 = ORIENTED_EDGE ( 'NONE', *, *, #2288, .T. ) ;
#528 = VECTOR ( 'NONE', #390, 1000.000000000000000 ) ;
#529 = FACE_OUTER_BOUND ( 'NONE', #1604, .T. ) ;
#530 = EDGE_CURVE ( 'NONE', #1917, #271, #2174, .T. ) ;
#531 = AXIS2_PLACEMENT_3D ( 'NONE', #2091, #1545, #973 ) ;
#532 = CARTESIAN_POINT ( 'NONE',  ( 5.588115882818435661E-14, 5.334999999999999076, 1.000099999999999989 ) ) ;
#533 = DIRECTION ( 'NONE',  ( 0.000000000000000000, 0.000000000000000000, 1.000000000000000000 ) ) ;
#534 = VERTEX_POINT ( 'NONE', #102 ) ;
#535 = PLANE ( 'NONE',  #425 ) ;
#536 = VERTEX_POINT ( 'NONE', #1064 ) ;
#537 = CIRCLE ( 'NONE', #1722, 1.949999999999999734 ) ;
#538 = CARTESIAN_POINT ( 'NONE',  ( -1.450000000000018829, -5.334999999999999076, -3.500000000000000000 ) ) ;
#539 = CARTESIAN_POINT ( 'NONE',  ( 5.334999999999999964, 0.000000000000000000, 1.000000000000000000 ) ) ;
#540 = DIRECTION ( 'NONE',  ( 1.000000000000000000, 8.881784197001252323E-16, 0.000000000000000000 ) ) ;
#541 = DIRECTION ( 'NONE',  ( 1.000000000000000000, 0.000000000000000000, 0.000000000000000000 ) ) ;
#542 = FACE_OUTER_BOUND ( 'NONE', #2020, .T. ) ;
#543 = EDGE_CURVE ( 'NONE', #95, #2384, #302, .T. ) ;
#544 = DIRECTION ( 'NONE',  ( -0.000000000000000000, -0.000000000000000000, -1.000000000000000000 ) ) ;
#545 = ORIENTED_EDGE ( 'NONE', *, *, #1268, .F. ) ;
#546 = FACE_OUTER_BOUND ( 'NONE', #226, .T. ) ;
#547 = CIRCLE ( 'NONE', #2172, 5.000000000000000000 ) ;
#548 = DIRECTION ( 'NONE',  ( 0.000000000000000000, 0.000000000000000000, 1.000000000000000000 ) ) ;
#549 = FACE_OUTER_BOUND ( 'NONE', #1267, .T. ) ;
#550 = VERTEX_POINT ( 'NONE', #1431 ) ;
#551 = AXIS2_PLACEMENT_3D ( 'NONE', #7, #1218, #252 ) ;
#552 = DIRECTION ( 'NONE',  ( -0.000000000000000000, -0.000000000000000000, -1.000000000000000000 ) ) ;
#553 = CARTESIAN_POINT ( 'NONE',  ( 0.000000000000000000, 0.000000000000000000, -0.5000000000000000000 ) ) ;
#554 = EDGE_CURVE ( 'NONE', #1991, #83, #86, .T. ) ;
#555 = VERTEX_POINT ( 'NONE', #1533 ) ;
#556 = CIRCLE ( 'NONE', #623, 1.450000000000000178 ) ;
#557 = DIRECTION ( 'NONE',  ( -0.000000000000000000, -0.000000000000000000, -1.000000000000000000 ) ) ;
#558 = FACE_OUTER_BOUND ( 'NONE', #772, .T. ) ;
#559 = ADVANCED_FACE ( 'NONE', ( #2266 ), #954, .T. ) ;
#560 = CARTESIAN_POINT ( 'NONE',  ( -5.524683352497684830, -1.449928051138667406, 1.000099999999999989 ) ) ;
#561 = AXIS2_PLACEMENT_3D ( 'NONE', #183, #1142, #958 ) ;
#562 = DIRECTION ( 'NONE',  ( 0.000000000000000000, 0.000000000000000000, -1.000000000000000000 ) ) ;
#563 = VERTEX_POINT ( 'NONE', #538 ) ;
#564 = CARTESIAN_POINT ( 'NONE',  ( -2.117759402896849608, -2.640704472568254690, 0.000000000000000000 ) ) ;
#565 = FACE_OUTER_BOUND ( 'NONE', #1735, .T. ) ;
#566 = CARTESIAN_POINT ( 'NONE',  ( 1.449999999999906475, -5.334999999999999076, -0.5000000000000000000 ) ) ;
#567 = DIRECTION ( 'NONE',  ( 0.000000000000000000, 0.000000000000000000, 1.000000000000000000 ) ) ;
#568 = ORIENTED_EDGE ( 'NONE', *, *, #1532, .T. ) ;
#569 = VERTEX_POINT ( 'NONE', #935 ) ;
#570 = ADVANCED_FACE ( 'NONE', ( #2087 ), #966, .F. ) ;
#571 = AXIS2_PLACEMENT_3D ( 'NONE', #1915, #1767, #599 ) ;
#572 = CIRCLE ( 'NONE', #2051, 1.450000000000053690 ) ;
#573 = FACE_OUTER_BOUND ( 'NONE', #2248, .T. ) ;
#574 = FACE_OUTER_BOUND ( 'NONE', #1409, .T. ) ;
#575 = CARTESIAN_POINT ( 'NONE',  ( 1.450000000000056133, 5.335000000000000853, -3.500000000000000000 ) ) ;
#576 = VERTEX_POINT ( 'NONE', #786 ) ;
#577 = EDGE_CURVE ( 'NONE', #162, #1995, #797, .T. ) ;
#578 = ADVANCED_FACE ( 'NONE', ( #2124 ), #821, .T. ) ;
#579 = B_SPLINE_CURVE_WITH_KNOTS ( 'NONE', 3,
 ( #1000, #12, #239, #2111, #1399, #602 ),
 .UNSPECIFIED., .F., .F.,
 ( 4, 2, 4 ),
 ( 3.763357810966379412E-20, 0.0003139334230997421087, 0.0006278668461994842175 ),
 .UNSPECIFIED. ) ;
#580 = EDGE_CURVE ( 'NONE', #2132, #673, #606, .T. ) ;
#581 = CARTESIAN_POINT ( 'NONE',  ( -5.355000000000001315, 5.251092743420171516, 1.000000000000000000 ) ) ;
#582 = DIRECTION ( 'NONE',  ( 0.000000000000000000, 0.000000000000000000, 1.000000000000000000 ) ) ;
#583 = CARTESIAN_POINT ( 'NONE',  ( 3.612344165019869990, -0.5400157863381969126, -0.02020506969379665119 ) ) ;
#584 = CARTESIAN_POINT ( 'NONE',  ( -6.785000000000000142, 1.458963202652974855, 3.794707603699265519E-16 ) ) ;
#585 = CARTESIAN_POINT ( 'NONE',  ( -5.334999999999999964, 3.725410588545623353E-14, 1.000099999999999989 ) ) ;
#586 = DIRECTION ( 'NONE',  ( -1.000000000000000000, 0.000000000000000000, 0.000000000000000000 ) ) ;
#587 = ADVANCED_FACE ( 'NONE', ( #1012 ), #10, .T. ) ;
#588 = CARTESIAN_POINT ( 'NONE',  ( -9.313526471364059645E-14, -6.784999999999999254, -0.5000000000000000000 ) ) ;
#589 = CARTESIAN_POINT ( 'NONE',  ( -6.575611205118319980, 1.673176540643417143, -0.1464681607911532124 ) ) ;
#590 = CARTESIAN_POINT ( 'NONE',  ( -0.7621212245893108639, -2.126422168580474281, 1.000099999999999989 ) ) ;
#591 = EDGE_CURVE ( 'NONE', #1021, #1823, #195, .T. ) ;
#592 = AXIS2_PLACEMENT_3D ( 'NONE', #1659, #1280, #479 ) ;
#593 = ORIENTED_EDGE ( 'NONE', *, *, #2000, .F. ) ;
#594 = CARTESIAN_POINT ( 'NONE',  ( -4.604836922403025667, -1.267103117825531866, 1.000099999999999989 ) ) ;
#595 = DIRECTION ( 'NONE',  ( 1.000000000000000000, 0.000000000000000000, 0.000000000000000000 ) ) ;
#596 = DIRECTION ( 'NONE',  ( 1.000000000000000000, 0.000000000000000000, 0.000000000000000000 ) ) ;
#597 = ORIENTED_EDGE ( 'NONE', *, *, #2176, .T. ) ;
#598 = CIRCLE ( 'NONE', #735, 3.050000000000000266 ) ;
#599 = DIRECTION ( 'NONE',  ( 1.000000000000000000, 0.000000000000000000, 0.000000000000000000 ) ) ;
#600 = ORIENTED_EDGE ( 'NONE', *, *, #1551, .F. ) ;
#601 = CIRCLE ( 'NONE', #781, 1.450000000000000178 ) ;
#602 = CARTESIAN_POINT ( 'NONE',  ( 0.5999092530540179879, -4.014920878090991074, -0.5000000000000000000 ) ) ;
#603 = ORIENTED_EDGE ( 'NONE', *, *, #1227, .T. ) ;
#604 = ADVANCED_FACE ( 'NONE', ( #1670 ), #312, .T. ) ;
#605 = CARTESIAN_POINT ( 'NONE',  ( 0.000000000000000000, 0.000000000000000000, 1.000000000000000000 ) ) ;
#606 = LINE ( 'NONE', #1728, #68 ) ;
#607 = DIRECTION ( 'NONE',  ( -1.000000000000000000, 0.000000000000000000, 0.000000000000000000 ) ) ;
#608 = DIRECTION ( 'NONE',  ( 1.000000000000000000, 0.000000000000000000, 0.000000000000000000 ) ) ;
#609 = CARTESIAN_POINT ( 'NONE',  ( -3.772414677629907231, -3.772414677630553381, 3.200000000000000178 ) ) ;
#610 = DIRECTION ( 'NONE',  ( 1.000000000000000000, -0.000000000000000000, 0.000000000000000000 ) ) ;
#611 = VECTOR ( 'NONE', #2393, 1000.000000000000000 ) ;
#612 = AXIS2_PLACEMENT_3D ( 'NONE', #1683, #339, #1854 ) ;
#613 = ADVANCED_FACE ( 'NONE', ( #944 ), #2056, .T. ) ;
#614 = DIRECTION ( 'NONE',  ( 1.000000000000000000, 0.000000000000000000, 0.000000000000000000 ) ) ;
#615 = DIRECTION ( 'NONE',  ( 0.000000000000000000, 0.000000000000000000, 1.000000000000000000 ) ) ;
#616 = ORIENTED_EDGE ( 'NONE', *, *, #450, .T. ) ;
#617 = APPROVAL_DATE_TIME ( #243, #1677 ) ;
#618 = ORIENTED_EDGE ( 'NONE', *, *, #2451, .F. ) ;
#619 = DIRECTION ( 'NONE',  ( 0.000000000000000000, 0.000000000000000000, 1.000000000000000000 ) ) ;
#620 = EDGE_CURVE ( 'NONE', #1216, #2384, #1464, .T. ) ;
#621 = FACE_OUTER_BOUND ( 'NONE', #1896, .T. ) ;
#622 = ORIENTED_EDGE ( 'NONE', *, *, #1004, .T. ) ;
#623 = AXIS2_PLACEMENT_3D ( 'NONE', #2088, #389, #377 ) ;
#624 = CARTESIAN_POINT ( 'NONE',  ( -6.155762548573902038, 2.853561361802989360, -0.5000000000000000000 ) ) ;
#625 = CARTESIAN_POINT ( 'NONE',  ( 0.000000000000000000, 0.000000000000000000, 1.000099999999999989 ) ) ;
#626 = DIRECTION ( 'NONE',  ( 1.000000000000000000, 0.000000000000000000, 0.000000000000000000 ) ) ;
#627 = ORIENTED_EDGE ( 'NONE', *, *, #785, .F. ) ;
#628 = CARTESIAN_POINT ( 'NONE',  ( -6.586241492300571210, 1.630229433269541284, -0.4097115361072288242 ) ) ;
#629 = CARTESIAN_POINT ( 'NONE',  ( -1.598274593850003105E-14, -3.884999999999998899, -0.1468754084961640116 ) ) ;
#630 = DIRECTION ( 'NONE',  ( 0.000000000000000000, 0.000000000000000000, 1.000000000000000000 ) ) ;
#631 = CARTESIAN_POINT ( 'NONE',  ( -1.450000000000018829, -5.335000000000000853, 1.000000000000000000 ) ) ;
#632 = CIRCLE ( 'NONE', #205, 3.885000000000000675 ) ;
#633 = CARTESIAN_POINT ( 'NONE',  ( -0.7621212245893104198, -2.126422168580474281, 1.000000000000000000 ) ) ;
#634 = CIRCLE ( 'NONE', #317, 1.449999999999999956 ) ;
#635 = ORIENTED_EDGE ( 'NONE', *, *, #1803, .F. ) ;
#636 = DIRECTION ( 'NONE',  ( -0.000000000000000000, -0.000000000000000000, 1.000000000000000000 ) ) ;
#637 = AXIS2_PLACEMENT_3D ( 'NONE', #1014, #1266, #2031 ) ;
#638 = ORIENTED_EDGE ( 'NONE', *, *, #2003, .T. ) ;
#639 = ORIENTED_EDGE ( 'NONE', *, *, #1363, .F. ) ;
#640 = VERTEX_POINT ( 'NONE', #117 ) ;
#641 = DIRECTION ( 'NONE',  ( 0.000000000000000000, 0.000000000000000000, -1.000000000000000000 ) ) ;
#642 = AXIS2_PLACEMENT_3D ( 'NONE', #1626, #1689, #748 ) ;
#643 = CARTESIAN_POINT ( 'NONE',  ( 0.3479058634163246788, -3.030092657032214198, 1.000000000000000000 ) ) ;
#644 = CARTESIAN_POINT ( 'NONE',  ( 5.334999999999999964, 1.111089685890235705E-13, -3.500000000000000000 ) ) ;
#645 = DIRECTION ( 'NONE',  ( 1.000000000000000000, 0.000000000000000000, 0.000000000000000000 ) ) ;
#646 = AXIS2_PLACEMENT_3D ( 'NONE', #1384, #1733, #25 ) ;
#647 = CIRCLE ( 'NONE', #282, 1.450000000000000178 ) ;
#648 = DIRECTION ( 'NONE',  ( 0.000000000000000000, 0.000000000000000000, 1.000000000000000000 ) ) ;
#649 = CARTESIAN_POINT ( 'NONE',  ( -6.155762548573904702, -2.853561361802984031, -1.517883041479706208E-15 ) ) ;
#650 = LINE ( 'NONE', #2182, #749 ) ;
#651 = CARTESIAN_POINT ( 'NONE',  ( -1.862705294272811677E-14, -5.335000000000000853, 1.000099999999999989 ) ) ;
#652 = ORIENTED_EDGE ( 'NONE', *, *, #379, .T. ) ;
#653 = ORIENTED_EDGE ( 'NONE', *, *, #1310, .T. ) ;
#654 = ADVANCED_FACE ( 'NONE', ( #890 ), #2392, .T. ) ;
#655 = ADVANCED_FACE ( 'NONE', ( #2120 ), #1352, .F. ) ;
#656 = CARTESIAN_POINT ( 'NONE',  ( -6.702852210456754278, 1.087487931349330639, -0.2943371014978493072 ) ) ;
#657 = DIRECTION ( 'NONE',  ( 0.000000000000000000, 0.000000000000000000, 1.000000000000000000 ) ) ;
#658 = DIRECTION ( 'NONE',  ( 0.000000000000000000, 0.000000000000000000, 1.000000000000000000 ) ) ;
#659 = ADVANCED_FACE ( 'NONE', ( #398 ), #2080, .T. ) ;
#660 = ORIENTED_EDGE ( 'NONE', *, *, #353, .F. ) ;
#661 = VERTEX_POINT ( 'NONE', #373 ) ;
#662 = AXIS2_PLACEMENT_3D ( 'NONE', #532, #2453, #1143 ) ;
#663 = CARTESIAN_POINT ( 'NONE',  ( -6.641619827990447256, 1.413752155936172983, -0.1527855980458149299 ) ) ;
#664 = DIRECTION ( 'NONE',  ( 1.000000000000000000, 0.000000000000000000, 0.000000000000000000 ) ) ;
#665 = AXIS2_PLACEMENT_3D ( 'NONE', #348, #1126, #925 ) ;
#666 = DIRECTION ( 'NONE',  ( 1.000000000000000000, 8.673617379884035472E-16, 0.000000000000000000 ) ) ;
#667 = DIRECTION ( 'NONE',  ( -1.000000000000000000, 5.981805089575196197E-16, 0.000000000000000000 ) ) ;
#668 = ORIENTED_EDGE ( 'NONE', *, *, #20, .F. ) ;
#669 = APPROVAL_PERSON_ORGANIZATION ( #832, #2379, #719 ) ;
#670 = EDGE_CURVE ( 'NONE', #1052, #808, #2106, .T. ) ;
#671 = DIRECTION ( 'NONE',  ( -1.000000000000000000, 0.000000000000000000, 0.000000000000000000 ) ) ;
#672 = FACE_OUTER_BOUND ( 'NONE', #2097, .T. ) ;
#673 = VERTEX_POINT ( 'NONE', #1001 ) ;
#674 = DIRECTION ( 'NONE',  ( -1.000000000000000000, 0.000000000000000000, -0.000000000000000000 ) ) ;
#675 = ADVANCED_FACE ( 'NONE', ( #573 ), #988, .T. ) ;
#676 = DIRECTION ( 'NONE',  ( -1.000000000000000000, 0.000000000000000000, 0.000000000000000000 ) ) ;
#677 = PERSON_AND_ORGANIZATION ( #345, #2416 ) ;
#678 = CARTESIAN_POINT ( 'NONE',  ( -6.785000000000000142, 3.725410588545623353E-14, 1.000049750000000071 ) ) ;
#679 = VERTEX_POINT ( 'NONE', #1999 ) ;
#680 = ORIENTED_EDGE ( 'NONE', *, *, #1906, .F. ) ;
#681 = DIRECTION ( 'NONE',  ( 1.000000000000000000, -7.638334409421078260E-14, 0.000000000000000000 ) ) ;
#682 = ORIENTED_EDGE ( 'NONE', *, *, #785, .T. ) ;
#683 = EDGE_LOOP ( 'NONE', ( #1304, #1417, #869, #1720 ) ) ;
#684 = LINE ( 'NONE', #903, #1889 ) ;
#685 = DIRECTION ( 'NONE',  ( -0.000000000000000000, -0.000000000000000000, -1.000000000000000000 ) ) ;
#686 = DIRECTION ( 'NONE',  ( 0.000000000000000000, 1.000000000000000000, -0.000000000000000000 ) ) ;
#687 = ADVANCED_FACE ( 'NONE', ( #87 ), #1773, .T. ) ;
#688 = CIRCLE ( 'NONE', #2092, 0.4999999999999997224 ) ;
#689 = ORIENTED_EDGE ( 'NONE', *, *, #956, .F. ) ;
#690 = CIRCLE ( 'NONE', #2198, 3.649999999999999911 ) ;
#691 = EDGE_CURVE ( 'NONE', #1376, #393, #2235, .T. ) ;
#692 = ORIENTED_EDGE ( 'NONE', *, *, #849, .F. ) ;
#693 = CARTESIAN_POINT ( 'NONE',  ( -6.065163077597581776, 1.267103117825286951, 1.000099999999999989 ) ) ;
#694 = ORIENTED_EDGE ( 'NONE', *, *, #1044, .T. ) ;
#695 = CYLINDRICAL_SURFACE ( 'NONE', #1154, 0.5000000000000000000 ) ;
#696 = DIRECTION ( 'NONE',  ( -0.000000000000000000, -0.000000000000000000, 1.000000000000000000 ) ) ;
#697 = DIRECTION ( 'NONE',  ( 0.000000000000000000, 0.000000000000000000, 1.000000000000000000 ) ) ;
#698 = CARTESIAN_POINT ( 'NONE',  ( -6.785000000000000142, 3.725410588545623353E-14, 0.000000000000000000 ) ) ;
#699 = CIRCLE ( 'NONE', #1690, 1.449999999999999956 ) ;
#700 = ORIENTED_EDGE ( 'NONE', *, *, #509, .T. ) ;
#701 = DIRECTION ( 'NONE',  ( -1.000000000000000000, 0.000000000000000000, 0.000000000000000000 ) ) ;
#702 = VERTEX_POINT ( 'NONE', #277 ) ;
#703 = EDGE_CURVE ( 'NONE', #1742, #1726, #2430, .T. ) ;
#704 = CIRCLE ( 'NONE', #1309, 6.784999999999999254 ) ;
#705 = DIRECTION ( 'NONE',  ( -0.000000000000000000, -0.000000000000000000, -1.000000000000000000 ) ) ;
#706 = ORIENTED_EDGE ( 'NONE', *, *, #1952, .T. ) ;
#707 = AXIS2_PLACEMENT_3D ( 'NONE', #413, #802, #1009 ) ;
#708 = EDGE_CURVE ( 'NONE', #279, #108, #2129, .T. ) ;
#709 = CARTESIAN_POINT ( 'NONE',  ( -6.586241492300571210, -1.630229433269541062, -0.4097115361072288242 ) ) ;
#710 = DIRECTION ( 'NONE',  ( 1.000000000000000000, 0.000000000000000000, 0.000000000000000000 ) ) ;
#711 = DIRECTION ( 'NONE',  ( -1.000000000000000000, 0.000000000000000000, 0.000000000000000000 ) ) ;
#712 = DIRECTION ( 'NONE',  ( 1.000000000000000000, 0.000000000000000000, 0.000000000000000000 ) ) ;
#713 = DIRECTION ( 'NONE',  ( -0.000000000000000000, -0.000000000000000000, 1.000000000000000000 ) ) ;
#714 = AXIS2_PLACEMENT_3D ( 'NONE', #752, #191, #2462 ) ;
#715 = CARTESIAN_POINT ( 'NONE',  ( 2.838003062678381649, -5.435784291796506018, 1.000000000000000000 ) ) ;
#716 = CARTESIAN_POINT ( 'NONE',  ( -5.334999999999999964, 3.725410588545623353E-14, -3.500000000000000000 ) ) ;
#717 = CARTESIAN_POINT ( 'NONE',  ( -6.575611205119098912, -1.673176540640350263, -0.1464681607912149963 ) ) ;
#718 = CARTESIAN_POINT ( 'NONE',  ( -6.473127552450204547, 2.045032611499054465, -0.4694227861089761977 ) ) ;
#719 = APPROVAL_ROLE ( '' ) ;
#720 = EDGE_LOOP ( 'NONE', ( #600, #422, #1408, #1872, #2477 ) ) ;
#721 = ORIENTED_EDGE ( 'NONE', *, *, #1906, .T. ) ;
#722 = CARTESIAN_POINT ( 'NONE',  ( 0.000000000000000000, 0.000000000000000000, 1.000099999999999989 ) ) ;
#723 = AXIS2_PLACEMENT_3D ( 'NONE', #952, #2427, #1702 ) ;
#724 = CARTESIAN_POINT ( 'NONE',  ( -5.714673943535745870, -1.412280470618030304, 1.000099999999999989 ) ) ;
#725 = DIRECTION ( 'NONE',  ( 0.000000000000000000, 0.000000000000000000, 1.000000000000000000 ) ) ;
#726 = ORIENTED_EDGE ( 'NONE', *, *, #2019, .T. ) ;
#727 = AXIS2_PLACEMENT_3D ( 'NONE', #1654, #1088, #483 ) ;
#728 = EDGE_CURVE ( 'NONE', #330, #524, #410, .T. ) ;
#729 = CARTESIAN_POINT ( 'NONE',  ( -6.785000000000000142, 3.743167967133260076E-14, -3.500000000000000000 ) ) ;
#730 = CARTESIAN_POINT ( 'NONE',  ( 0.2338383672142509695, -2.036619654726569806, 1.000100000000000211 ) ) ;
#731 = CARTESIAN_POINT ( 'NONE',  ( -6.785000000000000142, 3.725410588545623353E-14, 0.000000000000000000 ) ) ;
#732 = LINE ( 'NONE', #957, #318 ) ;
#733 = CARTESIAN_POINT ( 'NONE',  ( -6.785000002283562814, -1.963267187760665777, 1.597360087104683127E-09 ) ) ;
#734 = CIRCLE ( 'NONE', #1063, 1.450000000000053690 ) ;
#735 = AXIS2_PLACEMENT_3D ( 'NONE', #322, #2011, #131 ) ;
#736 = CARTESIAN_POINT ( 'NONE',  ( 3.650000000000004352, -0.1373567707615527822, -0.07600117924695852512 ) ) ;
#737 = ORIENTED_EDGE ( 'NONE', *, *, #477, .F. ) ;
#738 = CALENDAR_DATE ( 2024, 22, 5 ) ;
#739 = ORIENTED_EDGE ( 'NONE', *, *, #849, .T. ) ;
#740 = ORIENTED_EDGE ( 'NONE', *, *, #109, .F. ) ;
#741 = CARTESIAN_POINT ( 'NONE',  ( 3.050000000000000266, 0.000000000000000000, 0.000000000000000000 ) ) ;
#742 = CIRCLE ( 'NONE', #1261, 1.949999999999999734 ) ;
#743 = CARTESIAN_POINT ( 'NONE',  ( -2.156675682618967027, 2.156675682618973244, 1.000000000000000000 ) ) ;
#744 = ORIENTED_EDGE ( 'NONE', *, *, #364, .F. ) ;
#745 = CARTESIAN_POINT ( 'NONE',  ( -6.534709334921751989, -1.838422971056051791, -0.4484148203361809082 ) ) ;
#746 = ORIENTED_EDGE ( 'NONE', *, *, #1377, .T. ) ;
#747 = EDGE_CURVE ( 'NONE', #1319, #279, #1679, .T. ) ;
#748 = DIRECTION ( 'NONE',  ( 1.000000000000000000, 0.000000000000000000, 0.000000000000000000 ) ) ;
#749 = VECTOR ( 'NONE', #1249, 1000.000000000000000 ) ;
#750 = DIRECTION ( 'NONE',  ( 0.000000000000000000, 0.000000000000000000, 1.000000000000000000 ) ) ;
#751 = CARTESIAN_POINT ( 'NONE',  ( -6.785000000000000142, 0.000000000000000000, 1.000000000000000000 ) ) ;
#752 = CARTESIAN_POINT ( 'NONE',  ( 0.000000000000000000, 0.000000000000000000, 0.000000000000000000 ) ) ;
#753 = PLANE ( 'NONE',  #1646 ) ;
#754 = CIRCLE ( 'NONE', #2454, 2.050000000000000266 ) ;
#755 = FACE_OUTER_BOUND ( 'NONE', #876, .T. ) ;
#756 = DIRECTION ( 'NONE',  ( -1.000000000000000000, 0.000000000000000000, -0.000000000000000000 ) ) ;
#757 = CARTESIAN_POINT ( 'NONE',  ( -6.155762548573902926, -2.853561361802986696, -0.5000000000000000000 ) ) ;
#758 = ORIENTED_EDGE ( 'NONE', *, *, #221, .T. ) ;
#759 = EDGE_CURVE ( 'NONE', #484, #1494, #598, .T. ) ;
#760 = AXIS2_PLACEMENT_3D ( 'NONE', #1231, #822, #445 ) ;
#761 = DIRECTION ( 'NONE',  ( -0.000000000000000000, -0.000000000000000000, 1.000000000000000000 ) ) ;
#762 = EDGE_LOOP ( 'NONE', ( #401, #236, #294, #2205, #1622 ) ) ;
#763 = ORIENTED_EDGE ( 'NONE', *, *, #1130, .F. ) ;
#764 = AXIS2_PLACEMENT_3D ( 'NONE', #1761, #46, #1923 ) ;
#765 = AXIS2_PLACEMENT_3D ( 'NONE', #2060, #343, #2283 ) ;
#766 = DIRECTION ( 'NONE',  ( 0.000000000000000000, 0.000000000000000000, 1.000000000000000000 ) ) ;
#767 = VECTOR ( 'NONE', #2423, 1000.000000000000000 ) ;
#768 =( BOUNDED_SURFACE ( )  B_SPLINE_SURFACE ( 3, 2, ( 
 ( #1959, #629, #2009 ),
 ( #1771, #1237, #54 ),
 ( #856, #258, #1580 ),
 ( #1983, #839, #453 ),
 ( #2366, #1115, #501 ),
 ( #307, #1093, #1637 ) ),
 .UNSPECIFIED., .F., .F., .F. ) 
 B_SPLINE_SURFACE_WITH_KNOTS ( ( 4, 2, 4 ),
 ( 3, 3 ),
 ( 0.001759004730524786706, 0.002177343401254135807, 0.002595682071983485342 ),
 ( 0.000000000000000000, 1.000000000000000000 ),
 .UNSPECIFIED. ) 
 GEOMETRIC_REPRESENTATION_ITEM ( )  RATIONAL_B_SPLINE_SURFACE ( (
 ( 1.000000000000000000, 0.8746427842267954222, 1.000000000000000000),
 ( 1.000000000000000000, 0.8747969187644689670, 1.000000000000000000),
 ( 1.000000000000000000, 0.8576712560776774685, 1.000000000000000000),
 ( 1.000000000000000000, 0.7979718877331724025, 1.000000000000000000),
 ( 1.000000000000000000, 0.7548534952922303365, 1.000000000000000000),
 ( 1.000000000000000000, 0.7071067811865514585, 1.000000000000000000) ) ) 
 REPRESENTATION_ITEM ( '' )  SURFACE ( )  );
#769 = LINE ( 'NONE', #1669, #1411 ) ;
#770 = DIRECTION ( 'NONE',  ( 1.000000000000000000, 0.000000000000000000, 0.000000000000000000 ) ) ;
#771 = CARTESIAN_POINT ( 'NONE',  ( -4.872414677630579227, 3.772414677629907676, 3.200000000000000178 ) ) ;
#772 = EDGE_LOOP ( 'NONE', ( #451, #1241, #2367, #758, #1312, #1359, #440 ) ) ;
#773 = CARTESIAN_POINT ( 'NONE',  ( -2.156675682618967471, 2.156675682618973688, -2.981822851358132631 ) ) ;
#774 = ADVANCED_FACE ( 'NONE', ( #529 ), #1648, .T. ) ;
#775 = DIRECTION ( 'NONE',  ( -0.9707061889903881857, 0.2402696290748309871, 3.469446951953616161E-15 ) ) ;
#776 = CARTESIAN_POINT ( 'NONE',  ( -6.785000000000000142, 1.750364247806723617, -3.000000000000000000 ) ) ;
#777 = ORIENTED_EDGE ( 'NONE', *, *, #1412, .T. ) ;
#778 = DIRECTION ( 'NONE',  ( -0.000000000000000000, -0.000000000000000000, -1.000000000000000000 ) ) ;
#779 = EDGE_CURVE ( 'NONE', #175, #808, #946, .T. ) ;
#780 = AXIS2_PLACEMENT_3D ( 'NONE', #430, #1548, #1204 ) ;
#781 = AXIS2_PLACEMENT_3D ( 'NONE', #2394, #517, #1108 ) ;
#782 = CARTESIAN_POINT ( 'NONE',  ( -6.641619827991112501, -1.413752155933408305, -0.1527855980456024887 ) ) ;
#783 = SHAPE_DEFINITION_REPRESENTATION ( #1993, #2364 ) ;
#784 = EDGE_LOOP ( 'NONE', ( #1506, #597 ) ) ;
#785 = EDGE_CURVE ( 'NONE', #1554, #2375, #1294, .T. ) ;
#786 = CARTESIAN_POINT ( 'NONE',  ( 1.569352038675446925, -1.318951924334324843, 1.000000000000000000 ) ) ;
#787 = FACE_OUTER_BOUND ( 'NONE', #1825, .T. ) ;
#788 = DIRECTION ( 'NONE',  ( 8.167435211446319317E-14, 0.000000000000000000, 1.000000000000000000 ) ) ;
#789 = AXIS2_PLACEMENT_3D ( 'NONE', #213, #1730, #366 ) ;
#790 = ADVANCED_FACE ( 'NONE', ( #337 ), #2422, .T. ) ;
#791 = CARTESIAN_POINT ( 'NONE',  ( -6.771630891445095557, 2.178263832830979130, 4.007062668546743462E-10 ) ) ;
#792 = CYLINDRICAL_SURFACE ( 'NONE', #265, 2.000000000000000000 ) ;
#793 = PLANE ( 'NONE',  #951 ) ;
#794 = CARTESIAN_POINT ( 'NONE',  ( 0.8380030626783815384, -5.435784291796506018, 0.000000000000000000 ) ) ;
#795 = CIRCLE ( 'NONE', #308, 0.5000000000000000000 ) ;
#796 = CARTESIAN_POINT ( 'NONE',  ( -3.995374677858634982, 0.5548909769294179117, 1.000099999999999989 ) ) ;
#797 = LINE ( 'NONE', #1024, #1276 ) ;
#798 = DIRECTION ( 'NONE',  ( 0.000000000000000000, 0.000000000000000000, 1.000000000000000000 ) ) ;
#799 = CC_DESIGN_DATE_AND_TIME_ASSIGNMENT ( #1035, #1777, ( #2272 ) ) ;
#800 = ORIENTED_EDGE ( 'NONE', *, *, #2021, .T. ) ;
#801 = CARTESIAN_POINT ( 'NONE',  ( 0.000000000000000000, 0.000000000000000000, -2.981822851358132631 ) ) ;
#802 = DIRECTION ( 'NONE',  ( -0.000000000000000000, -0.000000000000000000, 1.000000000000000000 ) ) ;
#803 = CARTESIAN_POINT ( 'NONE',  ( -6.785000000000023235, -1.458963202650135349, 1.653588291526613512E-14 ) ) ;
#804 = ORIENTED_EDGE ( 'NONE', *, *, #747, .T. ) ;
#805 = AXIS2_PLACEMENT_3D ( 'NONE', #1247, #2380, #674 ) ;
#806 = ORIENTED_EDGE ( 'NONE', *, *, #1057, .T. ) ;
#807 = DIRECTION ( 'NONE',  ( 0.000000000000000000, 0.000000000000000000, 1.000000000000000000 ) ) ;
#808 = VERTEX_POINT ( 'NONE', #588 ) ;
#809 = ORIENTED_EDGE ( 'NONE', *, *, #1047, .T. ) ;
#810 = CARTESIAN_POINT ( 'NONE',  ( -3.884928051138667904, 0.1896833524975612417, 1.000099999999999989 ) ) ;
#811 = CARTESIAN_POINT ( 'NONE',  ( -2.580939751330894261, 2.580939751330901810, -0.07600117924690076576 ) ) ;
#812 = ORIENTED_EDGE ( 'NONE', *, *, #508, .F. ) ;
#813 = AXIS2_PLACEMENT_3D ( 'NONE', #1496, #1360, #2079 ) ;
#814 = CIRCLE ( 'NONE', #2239, 1.449999999999999734 ) ;
#815 = DIRECTION ( 'NONE',  ( -1.000000000000000000, 0.000000000000000000, -0.000000000000000000 ) ) ;
#816 = DIRECTION ( 'NONE',  ( 1.000000000000000000, 0.000000000000000000, 0.000000000000000000 ) ) ;
#817 = FACE_OUTER_BOUND ( 'NONE', #2057, .T. ) ;
#818 = EDGE_CURVE ( 'NONE', #1137, #330, #487, .T. ) ;
#819 = LINE ( 'NONE', #773, #2270 ) ;
#820 = VECTOR ( 'NONE', #473, 1000.000000000000000 ) ;
#821 = PLANE ( 'NONE',  #2450 ) ;
#822 = DIRECTION ( 'NONE',  ( -0.000000000000000000, -0.000000000000000000, 1.000000000000000000 ) ) ;
#823 = DIRECTION ( 'NONE',  ( -0.4205691026975666436, -0.9072605082643924179, 3.361095700917466248E-16 ) ) ;
#824 = ORIENTED_EDGE ( 'NONE', *, *, #1107, .F. ) ;
#825 = FACE_OUTER_BOUND ( 'NONE', #23, .T. ) ;
#826 = CARTESIAN_POINT ( 'NONE',  ( 5.334999999999999964, 1.111089685890235705E-13, 0.000000000000000000 ) ) ;
#827 = ORIENTED_EDGE ( 'NONE', *, *, #1803, .T. ) ;
#828 = VECTOR ( 'NONE', #136, 1000.000000000000000 ) ;
#829 = CARTESIAN_POINT ( 'NONE',  ( 5.396356323203368888, -2.772164134494668364, -0.0009999999999999158867 ) ) ;
#830 = CARTESIAN_POINT ( 'NONE',  ( -6.246596780376775015, -2.657611847716738751, -0.5000000045525996306 ) ) ;
#831 = EDGE_CURVE ( 'NONE', #198, #271, #2195, .T. ) ;
#832 = PERSON_AND_ORGANIZATION ( #345, #2416 ) ;
#833 = EDGE_LOOP ( 'NONE', ( #1504, #2140, #700, #1320 ) ) ;
#834 = CARTESIAN_POINT ( 'NONE',  ( -6.785000000000000142, 0.1907862320685507207, 1.000099999999999989 ) ) ;
#835 = ORIENTED_EDGE ( 'NONE', *, *, #1424, .T. ) ;
#836 = CARTESIAN_POINT ( 'NONE',  ( -5.355000000000001315, -5.251092743420171516, 0.000000000000000000 ) ) ;
#837 = CYLINDRICAL_SURFACE ( 'NONE', #368, 1.100000000000247447 ) ;
#838 = CARTESIAN_POINT ( 'NONE',  ( -3.885000000000000231, 2.712881000281114680E-14, -0.5000000000000000000 ) ) ;
#839 = CARTESIAN_POINT ( 'NONE',  ( 0.4629501310772887179, -3.955148412079470877, -0.1046314293720342625 ) ) ;
#840 = DIRECTION ( 'NONE',  ( 0.000000000000000000, 0.000000000000000000, 1.000000000000000000 ) ) ;
#841 = CARTESIAN_POINT ( 'NONE',  ( -6.785000000000000142, -1.750364247806723617, 0.000000000000000000 ) ) ;
#842 = EDGE_LOOP ( 'NONE', ( #315, #812, #1349, #2446, #2369 ) ) ;
#843 = CIRCLE ( 'NONE', #79, 1.450000000000000178 ) ;
#844 = DIRECTION ( 'NONE',  ( 0.000000000000000000, -1.000000000000000000, 0.000000000000000000 ) ) ;
#845 = CARTESIAN_POINT ( 'NONE',  ( -6.471799726704301037, -2.049121641713897546, -0.4697696371143512684 ) ) ;
#846 = AXIS2_PLACEMENT_3D ( 'NONE', #471, #1407, #2159 ) ;
#847 = PERSON_AND_ORGANIZATION_ROLE ( 'creator' ) ;
#848 =( BOUNDED_SURFACE ( )  B_SPLINE_SURFACE ( 3, 2, ( 
 ( #215, #1141, #564 ),
 ( #1333, #999, #1495 ),
 ( #1716, #378, #2296 ),
 ( #2064, #2447, #1164 ),
 ( #166, #2482, #1350 ),
 ( #181, #372, #1780 ) ),
 .UNSPECIFIED., .F., .F., .F. ) 
 B_SPLINE_SURFACE_WITH_KNOTS ( ( 4, 2, 4 ),
 ( 3, 3 ),
 ( 0.001836232594143803309, 0.002824642460612928046, 0.003813052327082052783 ),
 ( 0.000000000000000000, 1.000000000000000000 ),
 .UNSPECIFIED. ) 
 GEOMETRIC_REPRESENTATION_ITEM ( )  RATIONAL_B_SPLINE_SURFACE ( (
 ( 1.000000000000000000, 0.7071067811865472397, 1.000000000000000000),
 ( 1.000000000000000000, 0.7625446617503138791, 1.000000000000000000),
 ( 1.000000000000000000, 0.8042440214389837694, 1.000000000000000000),
 ( 1.000000000000000000, 0.8601310333244022166, 1.000000000000000000),
 ( 1.000000000000000000, 0.8747643257245910631, 1.000000000000000000),
 ( 1.000000000000000000, 0.8746427842267944230, 1.000000000000000000) ) ) 
 REPRESENTATION_ITEM ( '' )  SURFACE ( )  );
#849 = EDGE_CURVE ( 'NONE', #555, #569, #969, .T. ) ;
#850 = EDGE_CURVE ( 'NONE', #1641, #1052, #1305, .T. ) ;
#851 = ORIENTED_EDGE ( 'NONE', *, *, #414, .F. ) ;
#852 = AXIS2_PLACEMENT_3D ( 'NONE', #1523, #2469, #1 ) ;
#853 = EDGE_CURVE ( 'NONE', #233, #2375, #884, .T. ) ;
#854 = AXIS2_PLACEMENT_3D ( 'NONE', #182, #766, #1890 ) ;
#855 = CARTESIAN_POINT ( 'NONE',  ( 0.000000000000000000, 0.000000000000000000, -0.5000000000000000000 ) ) ;
#856 = CARTESIAN_POINT ( 'NONE',  ( 0.2069865958740179368, -3.896211630820713090, -0.4407909157230257557 ) ) ;
#857 = CYLINDRICAL_SURFACE ( 'NONE', #1336, 1.449999999999999956 ) ;
#858 = AXIS2_PLACEMENT_3D ( 'NONE', #2463, #1898, #1521 ) ;
#859 = CARTESIAN_POINT ( 'NONE',  ( -6.320058862949760048, -2.477960365229108231, -0.07118302907727197537 ) ) ;
#860 = CARTESIAN_POINT ( 'NONE',  ( -6.784999999999999254, 0.000000000000000000, 0.000000000000000000 ) ) ;
#861 = VERTEX_POINT ( 'NONE', #1076 ) ;
#862 = ORIENTED_EDGE ( 'NONE', *, *, #993, .F. ) ;
#863 = EDGE_CURVE ( 'NONE', #2262, #279, #1508, .T. ) ;
#864 = DIRECTION ( 'NONE',  ( 1.000000000000000000, 0.000000000000000000, 0.000000000000000000 ) ) ;
#865 = DIRECTION ( 'NONE',  ( 0.000000000000000000, 0.000000000000000000, 1.000000000000000000 ) ) ;
#866 = DIRECTION ( 'NONE',  ( -0.7071067811865467956, 0.7071067811865484609, 0.000000000000000000 ) ) ;
#868 = EDGE_CURVE ( 'NONE', #1917, #2062, #2459, .T. ) ;
#867 = CARTESIAN_POINT ( 'NONE',  ( -1.449999999999943778, 5.334999999999999076, 1.000000000000000000 ) ) ;
#869 = ORIENTED_EDGE ( 'NONE', *, *, #1018, .T. ) ;
#870 = DIRECTION ( 'NONE',  ( -1.000000000000000000, 0.000000000000000000, -0.000000000000000000 ) ) ;
#871 = DIRECTION ( 'NONE',  ( 1.000000000000000000, 0.000000000000000000, 0.000000000000000000 ) ) ;
#872 = AXIS2_PLACEMENT_3D ( 'NONE', #1979, #2320, #1801 ) ;
#873 = CARTESIAN_POINT ( 'NONE',  ( -6.155762548573904702, -2.853561361802984919, -0.5000000000000000000 ) ) ;
#874 = CARTESIAN_POINT ( 'NONE',  ( 0.000000000000000000, 0.000000000000000000, -0.5000000000000000000 ) ) ;
#875 = CARTESIAN_POINT ( 'NONE',  ( -6.586241492300571210, 1.630229433269541284, -0.4097115361072288242 ) ) ;
#876 = EDGE_LOOP ( 'NONE', ( #362, #1868, #1473, #694 ) ) ;
#877 = COORDINATED_UNIVERSAL_TIME_OFFSET ( 8, 0, .AHEAD. ) ;
#878 = ORIENTED_EDGE ( 'NONE', *, *, #591, .T. ) ;
#879 = CIRCLE ( 'NONE', #1818, 5.000000000000000000 ) ;
#880 = LINE ( 'NONE', #2210, #396 ) ;
#881 = LOCAL_TIME ( 14, 13, 19.00000000000000000, #443 ) ;
#882 = FACE_OUTER_BOUND ( 'NONE', #1977, .T. ) ;
#883 = DIRECTION ( 'NONE',  ( 1.000000000000000000, 0.000000000000000000, 0.000000000000000000 ) ) ;
#884 = CIRCLE ( 'NONE', #1390, 3.050000000000000266 ) ;
#885 = EDGE_LOOP ( 'NONE', ( #1085, #1656, #2402, #1734 ) ) ;
#886 = EDGE_CURVE ( 'NONE', #2274, #1052, #1901, .T. ) ;
#887 = DIRECTION ( 'NONE',  ( 0.7071067811865464625, -0.7071067811865486830, 0.000000000000000000 ) ) ;
#888 = CC_DESIGN_PERSON_AND_ORGANIZATION_ASSIGNMENT ( #677, #341, ( #1166 ) ) ;
#889 = CYLINDRICAL_SURFACE ( 'NONE', #1831, 1.449999999999999956 ) ;
#890 = FACE_OUTER_BOUND ( 'NONE', #1598, .T. ) ;
#891 = CIRCLE ( 'NONE', #2467, 1.100000000000348477 ) ;
#892 = CLOSED_SHELL ( 'NONE', ( #1150, #559, #687, #1061, #66, #1799, #1196, #933, #2360, #1517, #1541, #1627, #2347, #1264, #774, #492, #163, #1209, #2212, #1655, #1437, #604, #2072, #2350, #446, #972, #1368, #578, #395, #1891, #1743, #1652, #1640, #587, #2315, #2284, #284, #2420, #1075, #1969, #134, #418, #526, #1776, #2432, #514, #1324, #790, #1938, #655, #1365, #1229, #1338, #320, #1292, #1351, #1441, #675, #659, #1452, #1118, #1135, #1163, #1299, #570, #1921, #466, #327, #192, #211, #402, #101, #1392, #2100, #654, #613, #2040 ) ) ;
#893 = CARTESIAN_POINT ( 'NONE',  ( -5.355000000000001315, -5.251092743420171516, 1.000000000000000000 ) ) ;
#894 = DIRECTION ( 'NONE',  ( -0.000000000000000000, -0.000000000000000000, 1.000000000000000000 ) ) ;
#895 = PERSON_AND_ORGANIZATION ( #345, #2416 ) ;
#896 = CARTESIAN_POINT ( 'NONE',  ( -1.936682658698952286, 0.6721311475409837977, -3.000000000000000000 ) ) ;
#897 = EDGE_LOOP ( 'NONE', ( #1418, #1813, #1783, #1391 ) ) ;
#898 = ORIENTED_EDGE ( 'NONE', *, *, #1474, .F. ) ;
#899 = CARTESIAN_POINT ( 'NONE',  ( 0.000000000000000000, 0.000000000000000000, 0.000000000000000000 ) ) ;
#900 = VERTEX_POINT ( 'NONE', #2074 ) ;
#901 = DIRECTION ( 'NONE',  ( 1.000000000000000000, 0.000000000000000000, 0.000000000000000000 ) ) ;
#902 = EDGE_LOOP ( 'NONE', ( #316, #1537, #428, #2090 ) ) ;
#903 = CARTESIAN_POINT ( 'NONE',  ( -2.580939751330894261, 2.580939751330901810, -2.981822851358132631 ) ) ;
#904 = EDGE_CURVE ( 'NONE', #1228, #1467, #201, .T. ) ;
#905 = CARTESIAN_POINT ( 'NONE',  ( -6.696448440549924719, 1.130310942696383991, -0.1343716083414074614 ) ) ;
#906 = CIRCLE ( 'NONE', #1924, 2.500000000000000000 ) ;
#907 = EDGE_LOOP ( 'NONE', ( #1290, #1341, #344, #1235 ) ) ;
#908 = CIRCLE ( 'NONE', #1802, 2.050000000000000266 ) ;
#909 = CALENDAR_DATE ( 2024, 22, 5 ) ;
#910 = EDGE_CURVE ( 'NONE', #1491, #1826, #556, .T. ) ;
#911 = FACE_BOUND ( 'NONE', #417, .T. ) ;
#912 = ORIENTED_EDGE ( 'NONE', *, *, #42, .T. ) ;
#913 = EDGE_LOOP ( 'NONE', ( #1749, #193 ) ) ;
#914 = DIRECTION ( 'NONE',  ( -0.000000000000000000, -0.000000000000000000, -1.000000000000000000 ) ) ;
#915 = ORIENTED_EDGE ( 'NONE', *, *, #1862, .T. ) ;
#916 = CARTESIAN_POINT ( 'NONE',  ( 1.186583248754606412, -0.9972563330332702147, 0.000000000000000000 ) ) ;
#917 = DIRECTION ( 'NONE',  ( 0.9072605082643924179, 0.4205691026975665880, 1.734723475976807094E-15 ) ) ;
#918 = CARTESIAN_POINT ( 'NONE',  ( 1.142731449106884067, -7.412433125177054549, 1.000000000000000000 ) ) ;
#919 = FACE_OUTER_BOUND ( 'NONE', #833, .T. ) ;
#920 = DIRECTION ( 'NONE',  ( 1.000000000000000000, 0.000000000000000000, 0.000000000000000000 ) ) ;
#921 = EDGE_CURVE ( 'NONE', #165, #1995, #2265, .T. ) ;
#922 = FACE_BOUND ( 'NONE', #1433, .T. ) ;
#923 = ORIENTED_EDGE ( 'NONE', *, *, #543, .T. ) ;
#924 = CARTESIAN_POINT ( 'NONE',  ( -6.065108010323016607, -1.266970173664625277, 1.000099999999999989 ) ) ;
#925 = DIRECTION ( 'NONE',  ( 1.000000000000000000, 0.000000000000000000, 0.000000000000000000 ) ) ;
#926 = LINE ( 'NONE', #971, #36 ) ;
#927 = DIRECTION ( 'NONE',  ( 1.000000000000000000, 0.000000000000000000, 0.000000000000000000 ) ) ;
#928 = EDGE_LOOP ( 'NONE', ( #937, #1930, #1303, #469 ) ) ;
#929 = CARTESIAN_POINT ( 'NONE',  ( 0.000000000000000000, 0.000000000000000000, 1.000000000000000000 ) ) ;
#930 = DIRECTION ( 'NONE',  ( 0.000000000000000000, 0.000000000000000000, 1.000000000000000000 ) ) ;
#931 = CARTESIAN_POINT ( 'NONE',  ( 0.000000000000000000, 0.000000000000000000, 1.000000000000000000 ) ) ;
#932 = ORIENTED_EDGE ( 'NONE', *, *, #1031, .T. ) ;
#933 = ADVANCED_FACE ( 'NONE', ( #787 ), #1125, .T. ) ;
#934 = ORIENTED_EDGE ( 'NONE', *, *, #2138, .F. ) ;
#935 = CARTESIAN_POINT ( 'NONE',  ( 3.649999999999999911, 0.000000000000000000, 1.000000000000000000 ) ) ;
#936 = FACE_OUTER_BOUND ( 'NONE', #2218, .T. ) ;
#937 = ORIENTED_EDGE ( 'NONE', *, *, #1556, .F. ) ;
#938 = AXIS2_PLACEMENT_3D ( 'NONE', #28, #2336, #2154 ) ;
#939 = FACE_OUTER_BOUND ( 'NONE', #1394, .T. ) ;
#940 = EDGE_CURVE ( 'NONE', #1467, #1036, #2144, .T. ) ;
#941 = VERTEX_POINT ( 'NONE', #2125 ) ;
#942 = DIRECTION ( 'NONE',  ( -0.000000000000000000, -0.000000000000000000, -1.000000000000000000 ) ) ;
#943 = CARTESIAN_POINT ( 'NONE',  ( 3.885000000000000231, 0.000000000000000000, 1.000099999999999989 ) ) ;
#944 = FACE_OUTER_BOUND ( 'NONE', #119, .T. ) ;
#945 = PLANE ( 'NONE',  #662 ) ;
#946 = CIRCLE ( 'NONE', #1256, 1.449999999999999734 ) ;
#947 = ORIENTED_EDGE ( 'NONE', *, *, #2021, .F. ) ;
#948 = ORIENTED_EDGE ( 'NONE', *, *, #1470, .F. ) ;
#949 = DIRECTION ( 'NONE',  ( 0.000000000000000000, 0.000000000000000000, 1.000000000000000000 ) ) ;
#950 = CYLINDRICAL_SURFACE ( 'NONE', #1843, 1.099999999999999867 ) ;
#951 = AXIS2_PLACEMENT_3D ( 'NONE', #427, #1570, #1558 ) ;
#952 = CARTESIAN_POINT ( 'NONE',  ( 5.588115882818434399E-14, 5.335000000000000853, -0.5000000000000000000 ) ) ;
#953 = EDGE_LOOP ( 'NONE', ( #2185, #520 ) ) ;
#954 = CYLINDRICAL_SURFACE ( 'NONE', #1382, 1.449999999999999956 ) ;
#955 = ORIENTED_EDGE ( 'NONE', *, *, #850, .F. ) ;
#956 = EDGE_CURVE ( 'NONE', #679, #1579, #2030, .T. ) ;
#957 = CARTESIAN_POINT ( 'NONE',  ( -1.449999999999943778, 5.334999999999999076, 1.000099999999999989 ) ) ;
#958 = DIRECTION ( 'NONE',  ( 0.000000000000000000, 0.000000000000000000, -1.000000000000000000 ) ) ;
#959 = CARTESIAN_POINT ( 'NONE',  ( -5.355000000000001315, 5.251092743420171516, 1.000000000000000000 ) ) ;
#960 = ORIENTED_EDGE ( 'NONE', *, *, #1623, .T. ) ;
#961 = DIRECTION ( 'NONE',  ( -0.000000000000000000, -0.000000000000000000, 1.000000000000000000 ) ) ;
#962 = EDGE_LOOP ( 'NONE', ( #2405, #2194, #1302, #519 ) ) ;
#963 = CIRCLE ( 'NONE', #2411, 5.000000000000000000 ) ;
#964 = CARTESIAN_POINT ( 'NONE',  ( -2.430574676589145611, -3.030764217408470795, -0.5000000000000000000 ) ) ;
#965 = ORIENTED_EDGE ( 'NONE', *, *, #477, .T. ) ;
#966 = TOROIDAL_SURFACE ( 'NONE', #1701, 3.385000000000000675, 0.5000000000000000000 ) ;
#967 = ORIENTED_EDGE ( 'NONE', *, *, #1650, .T. ) ;
#968 = DIRECTION ( 'NONE',  ( 1.000000000000000000, 0.000000000000000000, 0.000000000000000000 ) ) ;
#969 = LINE ( 'NONE', #2127, #1181 ) ;
#970 = CARTESIAN_POINT ( 'NONE',  ( 4.872414677630250601, 3.772414677630212765, 1.000000000000000000 ) ) ;
#971 = CARTESIAN_POINT ( 'NONE',  ( 2.050000000000000266, 0.000000000000000000, -3.000000000000000000 ) ) ;
#972 = ADVANCED_FACE ( 'NONE', ( #1404 ), #1195, .T. ) ;
#973 = DIRECTION ( 'NONE',  ( 1.000000000000000000, 0.000000000000000000, 0.000000000000000000 ) ) ;
#974 = EDGE_CURVE ( 'NONE', #2062, #1917, #2337, .T. ) ;
#975 = DIRECTION ( 'NONE',  ( -0.000000000000000000, -0.000000000000000000, -1.000000000000000000 ) ) ;
#976 = VERTEX_POINT ( 'NONE', #811 ) ;
#977 = AXIS2_PLACEMENT_3D ( 'NONE', #1184, #1222, #69 ) ;
#978 = EDGE_LOOP ( 'NONE', ( #800, #2028, #2268, #1883 ) ) ;
#979 = CARTESIAN_POINT ( 'NONE',  ( -4.604891989676846542, 1.266970173664679900, 1.000099999999999989 ) ) ;
#980 = CARTESIAN_POINT ( 'NONE',  ( -3.772414677630230972, 3.772414677629907676, 3.200000000000000178 ) ) ;
#981 = TOROIDAL_SURFACE ( 'NONE', #1514, 7.285000000000000142, 0.5000000000000000000 ) ;
#982 = DIRECTION ( 'NONE',  ( -1.000000000000000000, 0.000000000000000000, 0.000000000000000000 ) ) ;
#983 = AXIS2_PLACEMENT_3D ( 'NONE', #405, #48, #1388 ) ;
#984 = FACE_OUTER_BOUND ( 'NONE', #1965, .T. ) ;
#985 = VERTEX_POINT ( 'NONE', #2319 ) ;
#986 = AXIS2_PLACEMENT_3D ( 'NONE', #1478, #1337, #161 ) ;
#987 = DIRECTION ( 'NONE',  ( 1.000000000000000000, 0.000000000000000000, 0.000000000000000000 ) ) ;
#988 = PLANE ( 'NONE',  #1084 ) ;
#989 = EDGE_CURVE ( 'NONE', #1287, #661, #2229, .T. ) ;
#990 = VECTOR ( 'NONE', #1832, 1000.000000000000000 ) ;
#991 = DIRECTION ( 'NONE',  ( 0.000000000000000000, 0.000000000000000000, 1.000000000000000000 ) ) ;
#992 = LINE ( 'NONE', #2290, #1936 ) ;
#993 = EDGE_CURVE ( 'NONE', #563, #1641, #843, .T. ) ;
#994 = ORIENTED_EDGE ( 'NONE', *, *, #1040, .F. ) ;
#995 = CARTESIAN_POINT ( 'NONE',  ( -4.780109023070619578, 1.339625322141402508, 1.000099999999999989 ) ) ;
#996 = CIRCLE ( 'NONE', #2050, 1.950000000000054134 ) ;
#997 = AXIS2_PLACEMENT_3D ( 'NONE', #1651, #281, #1810 ) ;
#998 = VERTEX_POINT ( 'NONE', #491 ) ;
#999 = CARTESIAN_POINT ( 'NONE',  ( -2.175973322777173369, -3.234946266983942387, -0.07292474841610269154 ) ) ;
#1000 = CARTESIAN_POINT ( 'NONE',  ( 0.000000000000000000, -3.885000000000000675, -0.4239988207530769881 ) ) ;
#1001 = CARTESIAN_POINT ( 'NONE',  ( -2.580939751330894261, 2.580939751330901810, 1.000000000000000000 ) ) ;
#1002 = EDGE_LOOP ( 'NONE', ( #1617, #1347 ) ) ;
#1003 = ORIENTED_EDGE ( 'NONE', *, *, #1846, .T. ) ;
#1004 = EDGE_CURVE ( 'NONE', #1928, #1823, #880, .T. ) ;
#1005 = CIRCLE ( 'NONE', #2370, 1.449999999999999956 ) ;
#1006 = AXIS2_PLACEMENT_3D ( 'NONE', #1315, #1330, #586 ) ;
#1007 = CARTESIAN_POINT ( 'NONE',  ( 0.000000000000000000, 0.000000000000000000, -0.4239988207530775988 ) ) ;
#1008 =( BOUNDED_SURFACE ( )  B_SPLINE_SURFACE ( 3, 2, ( 
 ( #171, #717, #1747 ),
 ( #30, #782, #803 ),
 ( #1536, #2338, #246 ),
 ( #2130, #2113, #1557 ),
 ( #426, #2312, #1201 ),
 ( #1759, #1774, #56 ) ),
 .UNSPECIFIED., .F., .F., .F. ) 
 B_SPLINE_SURFACE_WITH_KNOTS ( ( 4, 2, 4 ),
 ( 3, 3 ),
 ( 0.002324973585474288118, 0.003244496624385002827, 0.004164019663295717537 ),
 ( 0.000000000000000000, 1.000000000000000000 ),
 .UNSPECIFIED. ) 
 GEOMETRIC_REPRESENTATION_ITEM ( )  RATIONAL_B_SPLINE_SURFACE ( (
 ( 1.000000000000000000, 0.8821559607767108790, 1.000000000000000000),
 ( 1.000000000000000000, 0.9233422487247834320, 1.000000000000000000),
 ( 1.000000000000000000, 0.9522990006589530099, 1.000000000000000000),
 ( 1.000000000000000000, 0.9906273492843661321, 1.000000000000000000),
 ( 1.000000000000000000, 0.9999439057603942693, 1.000000000000000000),
 ( 1.000000000000000000, 1.000000000000000000, 1.000000000000000000) ) ) 
 REPRESENTATION_ITEM ( '' )  SURFACE ( )  );
#1009 = DIRECTION ( 'NONE',  ( 1.000000000000000000, 0.000000000000000000, 0.000000000000000000 ) ) ;
#1010 = CARTESIAN_POINT ( 'NONE',  ( 7.285000000000000142, 8.921551931743598782E-16, -0.5000000000000000000 ) ) ;
#1011 = ORIENTED_EDGE ( 'NONE', *, *, #159, .T. ) ;
#1012 = FACE_OUTER_BOUND ( 'NONE', #64, .T. ) ;
#1013 = EDGE_CURVE ( 'NONE', #51, #702, #634, .T. ) ;
#1014 = CARTESIAN_POINT ( 'NONE',  ( 0.8380030626783815384, -5.435784291796506018, 1.000000000000000000 ) ) ;
#1015 = CARTESIAN_POINT ( 'NONE',  ( 6.785000000000054321, 1.111089685890235705E-13, -3.000000000000000000 ) ) ;
#1016 = FACE_OUTER_BOUND ( 'NONE', #2073, .T. ) ;
#1017 = CARTESIAN_POINT ( 'NONE',  ( 5.445441381766063849, -0.7727665609676076519, 1.000000000000000000 ) ) ;
#1018 = EDGE_CURVE ( 'NONE', #108, #1413, #1172, .T. ) ;
#1019 = VERTEX_POINT ( 'NONE', #678 ) ;
#1020 = VERTEX_POINT ( 'NONE', #121 ) ;
#1021 = VERTEX_POINT ( 'NONE', #2173 ) ;
#1022 = ORIENTED_EDGE ( 'NONE', *, *, #26, .F. ) ;
#1023 = CARTESIAN_POINT ( 'NONE',  ( -4.067896882174495410, 0.7301630775971081899, 1.000099999999999989 ) ) ;
#1024 = CARTESIAN_POINT ( 'NONE',  ( -1.221910112359550382, -0.7806636134171174302, 1.000099999999999989 ) ) ;
#1025 = CARTESIAN_POINT ( 'NONE',  ( -2.881405906844781928, 1.000000000000000000, 0.000000000000000000 ) ) ;
#1026 = EDGE_LOOP ( 'NONE', ( #2278, #1786, #1738, #2295 ) ) ;
#1027 = DIRECTION ( 'NONE',  ( 0.000000000000000000, 0.000000000000000000, 1.000000000000000000 ) ) ;
#1028 = VECTOR ( 'NONE', #2293, 1000.000000000000000 ) ;
#1029 = DIRECTION ( 'NONE',  ( 1.000000000000000000, 0.000000000000000000, 0.000000000000000000 ) ) ;
#1030 = VERTEX_POINT ( 'NONE', #269 ) ;
#1031 = EDGE_CURVE ( 'NONE', #2226, #1287, #1620, .T. ) ;
#1032 = ORIENTED_EDGE ( 'NONE', *, *, #338, .T. ) ;
#1033 = DIRECTION ( 'NONE',  ( 1.000000000000000000, 0.000000000000000000, 0.000000000000000000 ) ) ;
#1034 = CARTESIAN_POINT ( 'NONE',  ( 1.450000000000055689, 5.334999999999999076, 1.000099999999999989 ) ) ;
#1035 = DATE_AND_TIME ( #1960, #881 ) ;
#1036 = VERTEX_POINT ( 'NONE', #1908 ) ;
#1037 = DIRECTION ( 'NONE',  ( 1.000000000000000000, 0.000000000000000000, 0.000000000000000000 ) ) ;
#1038 = DIRECTION ( 'NONE',  ( 0.000000000000000000, 0.000000000000000000, 1.000000000000000000 ) ) ;
#1039 = CIRCLE ( 'NONE', #872, 0.5000000000000004441 ) ;
#1040 = EDGE_CURVE ( 'NONE', #2274, #1467, #1475, .T. ) ;
#1041 = DIRECTION ( 'NONE',  ( -1.000000000000000000, 0.000000000000000000, 0.000000000000000000 ) ) ;
#1042 = EDGE_LOOP ( 'NONE', ( #156, #2329, #2032, #1857, #2177, #1949, #122, #2038, #1518, #27, #1011 ) ) ;
#1043 = AXIS2_PLACEMENT_3D ( 'NONE', #2311, #220, #1335 ) ;
#1044 = EDGE_CURVE ( 'NONE', #1571, #1020, #1713, .T. ) ;
#1045 = DIRECTION ( 'NONE',  ( 0.000000000000000000, 0.000000000000000000, 1.000000000000000000 ) ) ;
#1046 = CARTESIAN_POINT ( 'NONE',  ( -6.575611205118291558, 1.673176540643532606, -0.1464681607911372530 ) ) ;
#1047 = EDGE_CURVE ( 'NONE', #702, #51, #1398, .T. ) ;
#1048 = ORIENTED_EDGE ( 'NONE', *, *, #989, .F. ) ;
#1049 = CARTESIAN_POINT ( 'NONE',  ( -5.145316647502071739, 1.449928051138741791, 1.000099999999999989 ) ) ;
#1050 = ORIENTED_EDGE ( 'NONE', *, *, #620, .F. ) ;
#1051 = CARTESIAN_POINT ( 'NONE',  ( 0.000000000000000000, 0.000000000000000000, 0.000000000000000000 ) ) ;
#1052 = VERTEX_POINT ( 'NONE', #566 ) ;
#1053 = CARTESIAN_POINT ( 'NONE',  ( -2.393556454316460691, 2.393556454316467352, -0.5000000000000000000 ) ) ;
#1054 = CARTESIAN_POINT ( 'NONE',  ( 0.000000000000000000, 0.000000000000000000, 0.000000000000000000 ) ) ;
#1055 = DIRECTION ( 'NONE',  ( -1.000000000000000000, 0.000000000000000000, 0.000000000000000000 ) ) ;
#1056 = DIRECTION ( 'NONE',  ( 1.000000000000000000, 0.000000000000000000, 0.000000000000000000 ) ) ;
#1057 = EDGE_CURVE ( 'NONE', #1826, #95, #1097, .T. ) ;
#1058 = CARTESIAN_POINT ( 'NONE',  ( -6.766563271358448262, 0.5713439596727972747, -0.07744253915595744608 ) ) ;
#1059 = CIRCLE ( 'NONE', #1284, 7.285000000000000142 ) ;
#1060 = LINE ( 'NONE', #1660, #2433 ) ;
#1061 = ADVANCED_FACE ( 'NONE', ( #546 ), #1158, .T. ) ;
#1062 = CARTESIAN_POINT ( 'NONE',  ( 0.2338383672142509695, -2.036619654726569806, 1.000000000000000000 ) ) ;
#1063 = AXIS2_PLACEMENT_3D ( 'NONE', #644, #1200, #1982 ) ;
#1064 = CARTESIAN_POINT ( 'NONE',  ( -5.355000000000001315, 5.251092743420171516, 0.000000000000000000 ) ) ;
#1065 = AXIS2_PLACEMENT_3D ( 'NONE', #476, #630, #2328 ) ;
#1066 = ORIENTED_EDGE ( 'NONE', *, *, #1190, .T. ) ;
#1067 = DIRECTION ( 'NONE',  ( 0.000000000000000000, 0.000000000000000000, 1.000000000000000000 ) ) ;
#1068 = DIRECTION ( 'NONE',  ( -0.000000000000000000, -0.000000000000000000, 1.000000000000000000 ) ) ;
#1069 = AXIS2_PLACEMENT_3D ( 'NONE', #2306, #615, #1389 ) ;
#1070 = CARTESIAN_POINT ( 'NONE',  ( -0.1151253781924987951, -1.144222944751604798, 1.000000000000000000 ) ) ;
#1071 = ORIENTED_EDGE ( 'NONE', *, *, #1090, .F. ) ;
#1072 = CARTESIAN_POINT ( 'NONE',  ( -6.784999999999999254, 8.309228532214783589E-16, 0.000000000000000000 ) ) ;
#1073 = ORIENTED_EDGE ( 'NONE', *, *, #1119, .F. ) ;
#1074 = AXIS2_PLACEMENT_3D ( 'NONE', #1744, #1027, #465 ) ;
#1075 = ADVANCED_FACE ( 'NONE', ( #231 ), #33, .T. ) ;
#1076 = CARTESIAN_POINT ( 'NONE',  ( 1.569352038675446925, -1.318951924334324843, 0.000000000000000000 ) ) ;
#1077 = CARTESIAN_POINT ( 'NONE',  ( -2.393556454316460691, 2.393556454316467352, 0.000000000000000000 ) ) ;
#1078 = DIRECTION ( 'NONE',  ( 0.000000000000000000, 0.000000000000000000, 1.000000000000000000 ) ) ;
#1079 = CARTESIAN_POINT ( 'NONE',  ( -3.772414677630230972, 3.772414677629907676, 3.200000000000000178 ) ) ;
#1080 = ORIENTED_EDGE ( 'NONE', *, *, #543, .F. ) ;
#1081 = VECTOR ( 'NONE', #270, 1000.000000000000000 ) ;
#1082 = LINE ( 'NONE', #92, #1380 ) ;
#1083 = CARTESIAN_POINT ( 'NONE',  ( -1.936682658698951842, 0.6721311475409835756, 1.000000000000000000 ) ) ;
#1084 = AXIS2_PLACEMENT_3D ( 'NONE', #1719, #4, #870 ) ;
#1085 = ORIENTED_EDGE ( 'NONE', *, *, #245, .F. ) ;
#1086 = CARTESIAN_POINT ( 'NONE',  ( -6.226127572363298945, 1.159380342022210630, 1.000099999999999989 ) ) ;
#1087 = CIRCLE ( 'NONE', #2141, 3.050000000000000266 ) ;
#1088 = DIRECTION ( 'NONE',  ( 0.000000000000000000, 0.000000000000000000, 1.000000000000000000 ) ) ;
#1089 = ORIENTED_EDGE ( 'NONE', *, *, #77, .F. ) ;
#1090 = EDGE_CURVE ( 'NONE', #1516, #1824, #2468, .T. ) ;
#1091 = DIRECTION ( 'NONE',  ( 1.000000000000000000, 0.000000000000000000, 0.000000000000000000 ) ) ;
#1092 = VECTOR ( 'NONE', #2213, 1000.000000000000000 ) ;
#1093 = CARTESIAN_POINT ( 'NONE',  ( 0.5999092530540138801, -4.014920878090989298, -5.529431079676071825E-15 ) ) ;
#1094 = EDGE_CURVE ( 'NONE', #2170, #511, #2346, .T. ) ;
#1095 = VERTEX_POINT ( 'NONE', #441 ) ;
#1096 = CIRCLE ( 'NONE', #439, 1.000000000000000000 ) ;
#1097 = CIRCLE ( 'NONE', #723, 1.450000000000000178 ) ;
#1098 = CALENDAR_DATE ( 2024, 22, 5 ) ;
#1099 = CIRCLE ( 'NONE', #1214, 3.649999999999999911 ) ;
#1100 = FACE_BOUND ( 'NONE', #953, .T. ) ;
#1101 = DIRECTION ( 'NONE',  ( -1.000000000000000000, 0.000000000000000000, 0.000000000000000000 ) ) ;
#1102 = ORIENTED_EDGE ( 'NONE', *, *, #577, .T. ) ;
#1103 = DIRECTION ( 'NONE',  ( 0.000000000000000000, 0.000000000000000000, 1.000000000000000000 ) ) ;
#1104 = CARTESIAN_POINT ( 'NONE',  ( -1.785000000000000142, 1.750364247806723617, 1.000000000000000000 ) ) ;
#1105 = CARTESIAN_POINT ( 'NONE',  ( 1.449999999999981526, -5.335000000000000853, 1.000099999999999989 ) ) ;
#1106 = EDGE_LOOP ( 'NONE', ( #1820, #2033 ) ) ;
#1107 = EDGE_CURVE ( 'NONE', #330, #2317, #1313, .T. ) ;
#1108 = DIRECTION ( 'NONE',  ( 1.000000000000000000, 0.000000000000000000, 0.000000000000000000 ) ) ;
#1109 = CIRCLE ( 'NONE', #1410, 0.5000000000000000000 ) ;
#1110 = CIRCLE ( 'NONE', #1880, 0.5000000000000000000 ) ;
#1111 = ORIENTED_EDGE ( 'NONE', *, *, #2331, .T. ) ;
#1112 = FACE_OUTER_BOUND ( 'NONE', #784, .T. ) ;
#1113 = VERTEX_POINT ( 'NONE', #1034 ) ;
#1114 = EDGE_LOOP ( 'NONE', ( #1616, #965 ) ) ;
#1115 = CARTESIAN_POINT ( 'NONE',  ( 0.5541121389760010896, -3.994108272396448278, -0.06411239212161937151 ) ) ;
#1116 = CARTESIAN_POINT ( 'NONE',  ( 7.425601884226450622, -1.053772583137646990, 1.000000000000000000 ) ) ;
#1117 = FACE_OUTER_BOUND ( 'NONE', #962, .T. ) ;
#1118 = ADVANCED_FACE ( 'NONE', ( #458 ), #2107, .F. ) ;
#1119 = EDGE_CURVE ( 'NONE', #1910, #306, #2374, .T. ) ;
#1120 = AXIS2_PLACEMENT_3D ( 'NONE', #2441, #385, #1346 ) ;
#1121 = CARTESIAN_POINT ( 'NONE',  ( -2.117759402896849164, -2.640704472568255579, -0.5000000000000000000 ) ) ;
#1122 = EDGE_CURVE ( 'NONE', #1030, #1228, #349, .T. ) ;
#1123 = ORIENTED_EDGE ( 'NONE', *, *, #554, .F. ) ;
#1124 = TOROIDAL_SURFACE ( 'NONE', #1629, 7.285000000000000142, 0.5000000000000000000 ) ;
#1125 = CYLINDRICAL_SURFACE ( 'NONE', #760, 2.000000000000000000 ) ;
#1126 = DIRECTION ( 'NONE',  ( -0.000000000000000000, -0.000000000000000000, 1.000000000000000000 ) ) ;
#1127 = ORIENTED_EDGE ( 'NONE', *, *, #921, .F. ) ;
#1128 = CARTESIAN_POINT ( 'NONE',  ( 0.000000000000000000, 0.000000000000000000, -3.000000000000000000 ) ) ;
#1129 = EDGE_LOOP ( 'NONE', ( #180, #1675, #994, #2027 ) ) ;
#1130 = EDGE_CURVE ( 'NONE', #1757, #95, #2298, .T. ) ;
#1131 = DIRECTION ( 'NONE',  ( 0.000000000000000000, 0.000000000000000000, 1.000000000000000000 ) ) ;
#1132 = DIRECTION ( 'NONE',  ( -0.2369463830235052360, -0.9572800413662351238, 0.1657447856613821768 ) ) ;
#1133 = DIRECTION ( 'NONE',  ( 0.000000000000000000, 0.000000000000000000, 1.000000000000000000 ) ) ;
#1134 = ORIENTED_EDGE ( 'NONE', *, *, #2449, .F. ) ;
#1135 = ADVANCED_FACE ( 'NONE', ( #227 ), #1609, .F. ) ;
#1136 = CARTESIAN_POINT ( 'NONE',  ( 0.000000000000000000, 0.000000000000000000, -0.5000000000000000000 ) ) ;
#1137 = VERTEX_POINT ( 'NONE', #836 ) ;
#1138 = AXIS2_PLACEMENT_3D ( 'NONE', #1426, #685, #105 ) ;
#1139 = ORIENTED_EDGE ( 'NONE', *, *, #113, .T. ) ;
#1140 = ORIENTED_EDGE ( 'NONE', *, *, #1405, .T. ) ;
#1141 = CARTESIAN_POINT ( 'NONE',  ( -2.430574676589146943, -3.030764217408469907, 4.336808689942017736E-16 ) ) ;
#1142 = DIRECTION ( 'NONE',  ( 0.000000000000000000, -1.000000000000000000, 0.000000000000000000 ) ) ;
#1143 = DIRECTION ( 'NONE',  ( 1.000000000000000000, 0.000000000000000000, -0.000000000000000000 ) ) ;
#1144 = CARTESIAN_POINT ( 'NONE',  ( -6.461594318910705681, 2.079846578414946912, -0.1235163863137244689 ) ) ;
#1145 = CARTESIAN_POINT ( 'NONE',  ( 2.836668368154656505, -5.362729540510723147, 0.000000000000000000 ) ) ;
#1146 = EDGE_LOOP ( 'NONE', ( #1538, #568, #947, #1123 ) ) ;
#1147 = AXIS2_PLACEMENT_3D ( 'NONE', #1446, #499, #304 ) ;
#1148 = CIRCLE ( 'NONE', #3, 1.450000000000000178 ) ;
#1149 = CARTESIAN_POINT ( 'NONE',  ( 0.7500000000000002220, -1.240967364599085521, 1.000000000000000000 ) ) ;
#1150 = ADVANCED_FACE ( 'NONE', ( #1943 ), #1505, .F. ) ;
#1152 = EDGE_CURVE ( 'NONE', #2421, #1287, #754, .T. ) ;
#1151 = DIRECTION ( 'NONE',  ( -1.000000000000000000, 0.000000000000000000, 0.000000000000000000 ) ) ;
#1153 = ORIENTED_EDGE ( 'NONE', *, *, #2435, .T. ) ;
#1154 = AXIS2_PLACEMENT_3D ( 'NONE', #2387, #525, #1444 ) ;
#1155 = CARTESIAN_POINT ( 'NONE',  ( 1.449999999999999956, 1.775737858763661916E-16, 1.000099999999999989 ) ) ;
#1156 = DIRECTION ( 'NONE',  ( 1.000000000000000000, 0.000000000000000000, 0.000000000000000000 ) ) ;
#1157 = DATE_AND_TIME ( #1098, #72 ) ;
#1158 = CYLINDRICAL_SURFACE ( 'NONE', #523, 1.449999999999999956 ) ;
#1159 = CARTESIAN_POINT ( 'NONE',  ( -6.674625322141365835, -0.5548909769293426386, 1.000099999999999989 ) ) ;
#1160 = CIRCLE ( 'NONE', #2216, 1.100000000000000311 ) ;
#1161 = CYLINDRICAL_SURFACE ( 'NONE', #2041, 5.000000000000000000 ) ;
#1162 = AXIS2_PLACEMENT_3D ( 'NONE', #1356, #2116, #420 ) ;
#1163 = ADVANCED_FACE ( 'NONE', ( #1016 ), #1124, .F. ) ;
#1164 = CARTESIAN_POINT ( 'NONE',  ( -1.079657878535309035, -3.476638696338439249, 2.182945265300116941E-09 ) ) ;
#1165 = FACE_OUTER_BOUND ( 'NONE', #1233, .T. ) ;
#1166 = PRODUCT_DEFINITION_FORMATION_WITH_SPECIFIED_SOURCE ( '任何', '', #1244, .NOT_KNOWN. ) ;
#1167 = EDGE_CURVE ( 'NONE', #2285, #640, #429, .T. ) ;
#1168 = CARTESIAN_POINT ( 'NONE',  ( 2.672414677630250868, 3.772414677630212765, 3.200000000000000178 ) ) ;
#1169 = ORIENTED_EDGE ( 'NONE', *, *, #1986, .F. ) ;
#1170 = ORIENTED_EDGE ( 'NONE', *, *, #1903, .T. ) ;
#1171 = CARTESIAN_POINT ( 'NONE',  ( -5.334999999999999964, 3.725410588545623353E-14, -3.000000000000000000 ) ) ;
#1172 = CIRCLE ( 'NONE', #1283, 2.499999999999999556 ) ;
#1173 = LINE ( 'NONE', #1490, #1448 ) ;
#1174 = ORIENTED_EDGE ( 'NONE', *, *, #2163, .F. ) ;
#1175 = AXIS2_PLACEMENT_3D ( 'NONE', #1885, #189, #1704 ) ;
#1176 = FACE_OUTER_BOUND ( 'NONE', #1688, .T. ) ;
#1177 = CYLINDRICAL_SURFACE ( 'NONE', #646, 1.099999999999999867 ) ;
#1178 = CARTESIAN_POINT ( 'NONE',  ( 0.000000000000000000, 0.000000000000000000, -3.500000000000000000 ) ) ;
#1179 = EDGE_CURVE ( 'NONE', #100, #1355, #879, .T. ) ;
#1180 = VECTOR ( 'NONE', #686, 1000.000000000000000 ) ;
#1181 = VECTOR ( 'NONE', #696, 1000.000000000000000 ) ;
#1182 = LINE ( 'NONE', #1630, #828 ) ;
#1183 = ORIENTED_EDGE ( 'NONE', *, *, #1377, .F. ) ;
#1184 = CARTESIAN_POINT ( 'NONE',  ( 5.334999999999999964, 0.000000000000000000, 1.000099999999999989 ) ) ;
#1185 = DIRECTION ( 'NONE',  ( -1.000000000000000000, 0.000000000000000000, 0.000000000000000000 ) ) ;
#1186 = AXIS2_PLACEMENT_3D ( 'NONE', #855, #1435, #711 ) ;
#1187 = CARTESIAN_POINT ( 'NONE',  ( -9.313526471364059645E-14, -5.334999999999999076, -0.5000000000000000000 ) ) ;
#1188 = CARTESIAN_POINT ( 'NONE',  ( -0.1151253781924987951, -1.144222944751604798, 0.000000000000000000 ) ) ;
#1189 = DIRECTION ( 'NONE',  ( 0.000000000000000000, 0.000000000000000000, 1.000000000000000000 ) ) ;
#1190 = EDGE_CURVE ( 'NONE', #2285, #233, #1087, .T. ) ;
#1191 = DIRECTION ( 'NONE',  ( -0.000000000000000000, -0.000000000000000000, -1.000000000000000000 ) ) ;
#1192 = APPLICATION_PROTOCOL_DEFINITION ( 'international standard', 'config_control_design', 1994, #470 ) ;
#1193 = DIRECTION ( 'NONE',  ( 0.000000000000000000, 0.000000000000000000, 1.000000000000000000 ) ) ;
#1194 = B_SPLINE_CURVE_WITH_KNOTS ( 'NONE', 3,
 ( #698, #112, #512, #656, #73, #1595 ),
 .UNSPECIFIED., .F., .F.,
 ( 4, 2, 4 ),
 ( -1.647491865462821016E-05, 0.0008299087205533386448, 0.001676292359761305615 ),
 .UNSPECIFIED. ) ;
#1195 = CYLINDRICAL_SURFACE ( 'NONE', #1586, 1.450000000000000178 ) ;
#1196 = ADVANCED_FACE ( 'NONE', ( #1457 ), #155, .F. ) ;
#1197 = AXIS2_PLACEMENT_3D ( 'NONE', #1542, #1897, #1357 ) ;
#1198 = LINE ( 'NONE', #1015, #1265 ) ;
#1199 = AXIS2_PLACEMENT_3D ( 'NONE', #874, #2382, #676 ) ;
#1200 = DIRECTION ( 'NONE',  ( 0.000000000000000000, 0.000000000000000000, -1.000000000000000000 ) ) ;
#1201 = CARTESIAN_POINT ( 'NONE',  ( -6.784999999999999254, -0.2941885800389326677, -1.602734898684308226E-13 ) ) ;
#1202 = ORIENTED_EDGE ( 'NONE', *, *, #2472, .T. ) ;
#1203 = ORIENTED_EDGE ( 'NONE', *, *, #1306, .F. ) ;
#1204 = DIRECTION ( 'NONE',  ( 1.000000000000000000, 0.000000000000000000, -0.000000000000000000 ) ) ;
#1205 = DIRECTION ( 'NONE',  ( 1.000000000000000000, 0.000000000000000000, 0.000000000000000000 ) ) ;
#1206 = COORDINATED_UNIVERSAL_TIME_OFFSET ( 8, 0, .AHEAD. ) ;
#1207 = AXIS2_PLACEMENT_3D ( 'NONE', #1978, #80, #1606 ) ;
#1208 = ORIENTED_EDGE ( 'NONE', *, *, #2472, .F. ) ;
#1209 = ADVANCED_FACE ( 'NONE', ( #936 ), #485, .F. ) ;
#1210 = CARTESIAN_POINT ( 'NONE',  ( -5.334999999999999964, 3.725410588545623353E-14, -0.5000000000000000000 ) ) ;
#1211 = DIRECTION ( 'NONE',  ( -0.000000000000000000, -0.000000000000000000, 1.000000000000000000 ) ) ;
#1212 = ORIENTED_EDGE ( 'NONE', *, *, #57, .T. ) ;
#1213 = CARTESIAN_POINT ( 'NONE',  ( 0.000000000000000000, 0.000000000000000000, 0.000000000000000000 ) ) ;
#1214 = AXIS2_PLACEMENT_3D ( 'NONE', #1753, #244, #1964 ) ;
#1215 = CARTESIAN_POINT ( 'NONE',  ( 5.588115882818435661E-14, 5.334999999999999076, 1.000000000000000000 ) ) ;
#1216 = VERTEX_POINT ( 'NONE', #1731 ) ;
#1217 = DIRECTION ( 'NONE',  ( 0.000000000000000000, -7.617628932529428147E-14, 1.000000000000000000 ) ) ;
#1218 = DIRECTION ( 'NONE',  ( -0.000000000000000000, -0.000000000000000000, -1.000000000000000000 ) ) ;
#1219 = ORIENTED_EDGE ( 'NONE', *, *, #1544, .F. ) ;
#1220 = CARTESIAN_POINT ( 'NONE',  ( -4.780109023070619578, -1.339625322141328123, 1.000099999999999989 ) ) ;
#1221 = DIRECTION ( 'NONE',  ( 0.000000000000000000, 0.000000000000000000, 1.000000000000000000 ) ) ;
#1222 = DIRECTION ( 'NONE',  ( 0.000000000000000000, 0.000000000000000000, 1.000000000000000000 ) ) ;
#1223 = FACE_OUTER_BOUND ( 'NONE', #2071, .T. ) ;
#1224 = ORIENTED_EDGE ( 'NONE', *, *, #2418, .T. ) ;
#1225 = EDGE_CURVE ( 'NONE', #59, #1757, #2068, .T. ) ;
#1226 = CIRCLE ( 'NONE', #1260, 3.385000000000000675 ) ;
#1227 = EDGE_CURVE ( 'NONE', #1113, #1020, #1706, .T. ) ;
#1228 = VERTEX_POINT ( 'NONE', #1340 ) ;
#1229 = ADVANCED_FACE ( 'NONE', ( #21 ), #1161, .T. ) ;
#1230 = FACE_OUTER_BOUND ( 'NONE', #885, .T. ) ;
#1231 = CARTESIAN_POINT ( 'NONE',  ( 0.8380030626783815384, -5.435784291796506018, 1.000000000000000000 ) ) ;
#1232 = VERTEX_POINT ( 'NONE', #1348 ) ;
#1233 = EDGE_LOOP ( 'NONE', ( #1022, #934, #726, #2419 ) ) ;
#1234 = DIRECTION ( 'NONE',  ( 0.000000000000000000, 0.000000000000000000, 1.000000000000000000 ) ) ;
#1235 = ORIENTED_EDGE ( 'NONE', *, *, #1040, .T. ) ;
#1236 = EDGE_CURVE ( 'NONE', #1726, #661, #2109, .T. ) ;
#1237 = CARTESIAN_POINT ( 'NONE',  ( 0.1235246331571015072, -3.884999994844834159, -0.1468754105067552884 ) ) ;
#1238 = ORIENTED_EDGE ( 'NONE', *, *, #1480, .T. ) ;
#1239 = EDGE_CURVE ( 'NONE', #2223, #1228, #358, .T. ) ;
#1240 = CARTESIAN_POINT ( 'NONE',  ( 5.588115882818435661E-14, 5.334999999999999076, 1.000099999999999989 ) ) ;
#1241 = ORIENTED_EDGE ( 'NONE', *, *, #1119, .T. ) ;
#1242 = CARTESIAN_POINT ( 'NONE',  ( -5.334999999999999964, 1.450000000000037037, 1.000099999999999989 ) ) ;
#1243 = ORIENTED_EDGE ( 'NONE', *, *, #2138, .T. ) ;
#1244 = PRODUCT ( '一体按钮20240522', '一体按钮20240522', '', ( #146 ) ) ;
#1245 = CARTESIAN_POINT ( 'NONE',  ( -3.772414677629907231, -3.772414677630553381, 3.200000000000000178 ) ) ;
#1246 = CARTESIAN_POINT ( 'NONE',  ( -6.473043486960857962, 2.045228783956865470, -0.4694234559040215138 ) ) ;
#1247 = CARTESIAN_POINT ( 'NONE',  ( 0.000000000000000000, 0.000000000000000000, -0.5000000000000000000 ) ) ;
#1248 = CARTESIAN_POINT ( 'NONE',  ( 3.772414677630250512, 3.772414677630212765, 1.000000000000000000 ) ) ;
#1249 = DIRECTION ( 'NONE',  ( -0.000000000000000000, -0.000000000000000000, 1.000000000000000000 ) ) ;
#1250 = CIRCLE ( 'NONE', #169, 1.449999999999999734 ) ;
#1251 = CC_DESIGN_PERSON_AND_ORGANIZATION_ASSIGNMENT ( #1975, #847, ( #2272 ) ) ;
#1252 = EDGE_LOOP ( 'NONE', ( #1618, #286, #1882, #39 ) ) ;
#1253 = CARTESIAN_POINT ( 'NONE',  ( -1.862705294272811677E-14, -5.335000000000000853, -3.500000000000000000 ) ) ;
#1254 = ORIENTED_EDGE ( 'NONE', *, *, #1090, .T. ) ;
#1255 = DIRECTION ( 'NONE',  ( 1.000000000000000000, 0.000000000000000000, 0.000000000000000000 ) ) ;
#1256 = AXIS2_PLACEMENT_3D ( 'NONE', #1845, #713, #671 ) ;
#1257 = EDGE_LOOP ( 'NONE', ( #627, #2478, #1425, #1876, #1838 ) ) ;
#1258 = CARTESIAN_POINT ( 'NONE',  ( -6.602103117825071088, -0.7301630775977577814, 1.000099999999999989 ) ) ;
#1259 = FACE_OUTER_BOUND ( 'NONE', #1129, .T. ) ;
#1260 = AXIS2_PLACEMENT_3D ( 'NONE', #1054, #84, #540 ) ;
#1261 = AXIS2_PLACEMENT_3D ( 'NONE', #363, #567, #1884 ) ;
#1262 = DIRECTION ( 'NONE',  ( -0.000000000000000000, -0.000000000000000000, -1.000000000000000000 ) ) ;
#1263 = ORIENTED_EDGE ( 'NONE', *, *, #1363, .T. ) ;
#1264 = ADVANCED_FACE ( 'NONE', ( #1223 ), #2321, .T. ) ;
#1265 = VECTOR ( 'NONE', #2323, 1000.000000000000000 ) ;
#1266 = DIRECTION ( 'NONE',  ( 0.000000000000000000, 0.000000000000000000, 1.000000000000000000 ) ) ;
#1267 = EDGE_LOOP ( 'NONE', ( #692, #1763, #8, #2048, #1465, #1587, #1153 ) ) ;
#1268 = EDGE_CURVE ( 'NONE', #976, #555, #1099, .T. ) ;
#1269 = FACE_OUTER_BOUND ( 'NONE', #897, .T. ) ;
#1270 = DIRECTION ( 'NONE',  ( 1.000000000000000000, 0.000000000000000000, 0.000000000000000000 ) ) ;
#1271 = DIRECTION ( 'NONE',  ( 0.000000000000000000, 1.000000000000000000, -0.000000000000000000 ) ) ;
#1272 = FACE_OUTER_BOUND ( 'NONE', #461, .T. ) ;
#1273 = VECTOR ( 'NONE', #2438, 1000.000000000000000 ) ;
#1274 = CARTESIAN_POINT ( 'NONE',  ( -6.785000000000000142, 1.750364247806723617, 0.000000000000000000 ) ) ;
#1275 = CARTESIAN_POINT ( 'NONE',  ( -6.653423686181764829, 1.358808648039482758, -0.3592542657348755109 ) ) ;
#1276 = VECTOR ( 'NONE', #1193, 1000.000000000000000 ) ;
#1277 = EDGE_LOOP ( 'NONE', ( #1875, #652, #1671, #660 ) ) ;
#1278 = ORIENTED_EDGE ( 'NONE', *, *, #1623, .F. ) ;
#1279 = ORIENTED_EDGE ( 'NONE', *, *, #708, .F. ) ;
#1280 = DIRECTION ( 'NONE',  ( -0.000000000000000000, -0.000000000000000000, 1.000000000000000000 ) ) ;
#1281 = DIRECTION ( 'NONE',  ( 0.000000000000000000, 0.000000000000000000, -1.000000000000000000 ) ) ;
#1282 = CIRCLE ( 'NONE', #1592, 3.885000000000000675 ) ;
#1283 = AXIS2_PLACEMENT_3D ( 'NONE', #301, #98, #1664 ) ;
#1284 = AXIS2_PLACEMENT_3D ( 'NONE', #259, #1984, #1056 ) ;
#1285 = DIRECTION ( 'NONE',  ( -1.000000000000000000, 0.000000000000000000, 0.000000000000000000 ) ) ;
#1286 = CARTESIAN_POINT ( 'NONE',  ( -3.749999999999999556, -2.395829710142188151, 1.000099999999999989 ) ) ;
#1287 = VERTEX_POINT ( 'NONE', #256 ) ;
#1288 = ORIENTED_EDGE ( 'NONE', *, *, #1696, .F. ) ;
#1289 = DIRECTION ( 'NONE',  ( -0.000000000000000000, -0.000000000000000000, -1.000000000000000000 ) ) ;
#1290 = ORIENTED_EDGE ( 'NONE', *, *, #1511, .F. ) ;
#1291 = CIRCLE ( 'NONE', #2045, 1.449999999999999956 ) ;
#1292 = ADVANCED_FACE ( 'NONE', ( #2348 ), #1778, .T. ) ;
#1293 = ORIENTED_EDGE ( 'NONE', *, *, #1904, .T. ) ;
#1294 = LINE ( 'NONE', #1816, #280 ) ;
#1295 = EDGE_CURVE ( 'NONE', #2314, #484, #442, .T. ) ;
#1296 = CARTESIAN_POINT ( 'NONE',  ( -1.862705294272811677E-14, -5.335000000000000853, -3.500000000000000000 ) ) ;
#1297 = LINE ( 'NONE', #1639, #1180 ) ;
#1298 = DIRECTION ( 'NONE',  ( -1.000000000000000000, 0.000000000000000000, 0.000000000000000000 ) ) ;
#1299 = ADVANCED_FACE ( 'NONE', ( #1378 ), #2114, .F. ) ;
#1300 = CIRCLE ( 'NONE', #1147, 0.4999999999999997780 ) ;
#1301 = DATE_AND_TIME ( #909, #2294 ) ;
#1302 = ORIENTED_EDGE ( 'NONE', *, *, #2271, .T. ) ;
#1303 = ORIENTED_EDGE ( 'NONE', *, *, #1470, .T. ) ;
#1304 = ORIENTED_EDGE ( 'NONE', *, *, #863, .T. ) ;
#1305 = LINE ( 'NONE', #2184, #1092 ) ;
#1306 = EDGE_CURVE ( 'NONE', #355, #1760, #2474, .T. ) ;
#1307 = LINE ( 'NONE', #1116, #2400 ) ;
#1308 = ORIENTED_EDGE ( 'NONE', *, *, #1047, .F. ) ;
#1309 = AXIS2_PLACEMENT_3D ( 'NONE', #409, #562, #1185 ) ;
#1310 = EDGE_CURVE ( 'NONE', #2384, #128, #2349, .T. ) ;
#1311 = DIRECTION ( 'NONE',  ( -1.000000000000000000, 0.000000000000000000, 0.000000000000000000 ) ) ;
#1312 = ORIENTED_EDGE ( 'NONE', *, *, #353, .T. ) ;
#1313 = CIRCLE ( 'NONE', #551, 5.000000000000000000 ) ;
#1314 = CARTESIAN_POINT ( 'NONE',  ( -6.494380342022381569, -0.8911275723631640888, 1.000099999999999989 ) ) ;
#1315 = CARTESIAN_POINT ( 'NONE',  ( 5.588115882818434399E-14, 5.335000000000000853, -3.500000000000000000 ) ) ;
#1316 = CARTESIAN_POINT ( 'NONE',  ( -1.449999999999944222, 5.335000000000000853, -0.5000000000000000000 ) ) ;
#1317 = DIRECTION ( 'NONE',  ( -0.7071067811865464625, 0.7071067811865486830, 0.000000000000000000 ) ) ;
#1318 = CARTESIAN_POINT ( 'NONE',  ( 0.000000000000000000, 0.000000000000000000, 0.000000000000000000 ) ) ;
#1319 = VERTEX_POINT ( 'NONE', #1836 ) ;
#1320 = ORIENTED_EDGE ( 'NONE', *, *, #1585, .T. ) ;
#1321 = EDGE_CURVE ( 'NONE', #1922, #1095, #82, .T. ) ;
#1322 = DIRECTION ( 'NONE',  ( -1.000000000000000000, 0.000000000000000000, 0.000000000000000000 ) ) ;
#1323 = DIRECTION ( 'NONE',  ( -0.000000000000000000, -0.000000000000000000, -1.000000000000000000 ) ) ;
#1324 = ADVANCED_FACE ( 'NONE', ( #140 ), #522, .F. ) ;
#1325 = PLANE ( 'NONE',  #1175 ) ;
#1326 = ORIENTED_EDGE ( 'NONE', *, *, #1295, .F. ) ;
#1327 = DIRECTION ( 'NONE',  ( 0.000000000000000000, 0.000000000000000000, 1.000000000000000000 ) ) ;
#1328 = DIRECTION ( 'NONE',  ( 1.000000000000000000, 0.000000000000000000, 0.000000000000000000 ) ) ;
#1329 = DIRECTION ( 'NONE',  ( -0.000000000000000000, -0.000000000000000000, 1.000000000000000000 ) ) ;
#1330 = DIRECTION ( 'NONE',  ( 0.000000000000000000, 0.000000000000000000, -1.000000000000000000 ) ) ;
#1331 = ORIENTED_EDGE ( 'NONE', *, *, #2193, .F. ) ;
#1332 = DIRECTION ( 'NONE',  ( 0.000000000000000000, 0.000000000000000000, 1.000000000000000000 ) ) ;
#1333 = CARTESIAN_POINT ( 'NONE',  ( -2.140369857926041952, -3.263499076562188073, -0.4999999858591117619 ) ) ;
#1334 = DIRECTION ( 'NONE',  ( 0.000000000000000000, 0.000000000000000000, 1.000000000000000000 ) ) ;
#1335 = DIRECTION ( 'NONE',  ( 1.000000000000000000, 0.000000000000000000, 0.000000000000000000 ) ) ;
#1336 = AXIS2_PLACEMENT_3D ( 'NONE', #1611, #1262, #1459 ) ;
#1337 = DIRECTION ( 'NONE',  ( -0.000000000000000000, -0.000000000000000000, -1.000000000000000000 ) ) ;
#1338 = ADVANCED_FACE ( 'NONE', ( #1621 ), #1665, .T. ) ;
#1339 = DIRECTION ( 'NONE',  ( 1.000000000000000000, -3.589083053745118507E-15, 0.000000000000000000 ) ) ;
#1340 = CARTESIAN_POINT ( 'NONE',  ( 3.462982898230412612E-14, -3.649999999999999911, 0.000000000000000000 ) ) ;
#1341 = ORIENTED_EDGE ( 'NONE', *, *, #26, .T. ) ;
#1342 = CARTESIAN_POINT ( 'NONE',  ( 0.000000000000000000, 0.000000000000000000, 0.000000000000000000 ) ) ;
#1343 = EDGE_CURVE ( 'NONE', #640, #162, #400, .T. ) ;
#1344 = CARTESIAN_POINT ( 'NONE',  ( -6.785000000000000142, 3.725410588545623353E-14, -3.000000000000000000 ) ) ;
#1345 = B_SPLINE_CURVE_WITH_KNOTS ( 'NONE', 3,
 ( #251, #61, #2191, #1427 ),
 .UNSPECIFIED., .F., .F.,
 ( 4, 4 ),
 ( 0.000000000000000000, 0.001707059437106228520 ),
 .UNSPECIFIED. ) ;
#1346 = DIRECTION ( 'NONE',  ( -1.000000000000000000, 0.000000000000000000, -0.000000000000000000 ) ) ;
#1347 = ORIENTED_EDGE ( 'NONE', *, *, #153, .T. ) ;
#1348 = CARTESIAN_POINT ( 'NONE',  ( -1.450000000000018829, -5.335000000000000853, 1.000099999999999989 ) ) ;
#1349 = ORIENTED_EDGE ( 'NONE', *, *, #1130, .T. ) ;
#1350 = CARTESIAN_POINT ( 'NONE',  ( -0.7254798231742514147, -3.595434684387956104, -6.771953165749387692E-10 ) ) ;
#1351 = ADVANCED_FACE ( 'NONE', ( #558 ), #1325, .T. ) ;
#1352 = CYLINDRICAL_SURFACE ( 'NONE', #707, 2.500000000000000000 ) ;
#1353 = FACE_OUTER_BOUND ( 'NONE', #1277, .T. ) ;
#1354 = CYLINDRICAL_SURFACE ( 'NONE', #2448, 3.050000000000000266 ) ;
#1355 = VERTEX_POINT ( 'NONE', #1948 ) ;
#1356 = CARTESIAN_POINT ( 'NONE',  ( -3.772414677629907231, -3.772414677630553381, 3.200000000000000178 ) ) ;
#1357 = DIRECTION ( 'NONE',  ( -1.000000000000000000, 0.000000000000000000, 0.000000000000000000 ) ) ;
#1358 = DIRECTION ( 'NONE',  ( -0.000000000000000000, -0.000000000000000000, -1.000000000000000000 ) ) ;
#1359 = ORIENTED_EDGE ( 'NONE', *, *, #1668, .T. ) ;
#1360 = DIRECTION ( 'NONE',  ( -0.000000000000000000, -0.000000000000000000, -1.000000000000000000 ) ) ;
#1361 = CIRCLE ( 'NONE', #938, 1.449999999999999956 ) ;
#1362 = CARTESIAN_POINT ( 'NONE',  ( -6.320852052489355444, 2.476030552835259080, -0.07152617925036611202 ) ) ;
#1363 = EDGE_CURVE ( 'NONE', #416, #306, #13, .T. ) ;
#1364 = CARTESIAN_POINT ( 'NONE',  ( 6.785000000000054321, 0.000000000000000000, -0.5000000000000000000 ) ) ;
#1365 = ADVANCED_FACE ( 'NONE', ( #565 ), #2471, .F. ) ;
#1366 = DIRECTION ( 'NONE',  ( -0.000000000000000000, -0.000000000000000000, -1.000000000000000000 ) ) ;
#1367 = AXIS2_PLACEMENT_3D ( 'NONE', #1213, #1958, #1492 ) ;
#1368 = ADVANCED_FACE ( 'NONE', ( #2310 ), #2128, .T. ) ;
#1369 = AXIS2_PLACEMENT_3D ( 'NONE', #292, #2052, #1680 ) ;
#1370 = ORIENTED_EDGE ( 'NONE', *, *, #868, .T. ) ;
#1371 = CIRCLE ( 'NONE', #2005, 7.500000000000000000 ) ;
#1372 = CARTESIAN_POINT ( 'NONE',  ( 5.588115882818434399E-14, 5.335000000000000853, -3.500000000000000000 ) ) ;
#1373 = CARTESIAN_POINT ( 'NONE',  ( -6.586241492299783395, 1.630229433272726958, -0.4097115361078029760 ) ) ;
#1374 = FACE_OUTER_BOUND ( 'NONE', #2401, .T. ) ;
#1375 = CIRCLE ( 'NONE', #1808, 2.050000000000000266 ) ;
#1376 = VERTEX_POINT ( 'NONE', #1581 ) ;
#1377 = EDGE_CURVE ( 'NONE', #2167, #2445, #1059, .T. ) ;
#1378 = FACE_OUTER_BOUND ( 'NONE', #720, .T. ) ;
#1379 = DIRECTION ( 'NONE',  ( -0.000000000000000000, -0.000000000000000000, 1.000000000000000000 ) ) ;
#1380 = VECTOR ( 'NONE', #2026, 1000.000000000000000 ) ;
#1381 = MANIFOLD_SOLID_BREP ( '凸台-拉伸8', #892 ) ;
#1382 = AXIS2_PLACEMENT_3D ( 'NONE', #1171, #1327, #2443 ) ;
#1383 = CARTESIAN_POINT ( 'NONE',  ( 0.2338383672142509695, -2.036619654726569806, 0.000000000000000000 ) ) ;
#1384 = CARTESIAN_POINT ( 'NONE',  ( 3.772414677630250512, 3.772414677630212765, 3.200000000000000178 ) ) ;
#1385 = ORIENTED_EDGE ( 'NONE', *, *, #818, .T. ) ;
#1386 = AXIS2_PLACEMENT_3D ( 'NONE', #1245, #475, #2164 ) ;
#1387 = LINE ( 'NONE', #1794, #2149 ) ;
#1388 = DIRECTION ( 'NONE',  ( 1.000000000000000000, 0.000000000000000000, 0.000000000000000000 ) ) ;
#1389 = DIRECTION ( 'NONE',  ( 1.000000000000000000, 0.000000000000000000, 0.000000000000000000 ) ) ;
#1390 = AXIS2_PLACEMENT_3D ( 'NONE', #2199, #1840, #1255 ) ;
#1391 = ORIENTED_EDGE ( 'NONE', *, *, #2207, .T. ) ;
#1392 = ADVANCED_FACE ( 'NONE', ( #1423 ), #1781, .T. ) ;
#1393 = CARTESIAN_POINT ( 'NONE',  ( -4.443872427636344824, -1.159380342021852250, 1.000099999999999989 ) ) ;
#1394 = EDGE_LOOP ( 'NONE', ( #1864, #1208, #622, #1942 ) ) ;
#1395 = EDGE_LOOP ( 'NONE', ( #2078, #1559, #94, #2169 ) ) ;
#1396 = EDGE_CURVE ( 'NONE', #1916, #998, #1361, .T. ) ;
#1397 = VECTOR ( 'NONE', #1547, 1000.000000000000000 ) ;
#1398 = CIRCLE ( 'NONE', #206, 1.449999999999999956 ) ;
#1399 = CARTESIAN_POINT ( 'NONE',  ( 0.5047440299178349576, -3.971673093181102843, -0.4999999999999994449 ) ) ;
#1400 = CARTESIAN_POINT ( 'NONE',  ( 0.000000000000000000, 0.000000000000000000, 1.000000000000000000 ) ) ;
#1401 = CARTESIAN_POINT ( 'NONE',  ( -6.328008289877895542, -2.457519539769058792, -0.4956595681547002474 ) ) ;
#1402 = DIRECTION ( 'NONE',  ( -0.000000000000000000, -0.000000000000000000, -1.000000000000000000 ) ) ;
#1403 = CARTESIAN_POINT ( 'NONE',  ( 0.000000000000000000, 0.000000000000000000, -0.5000000000000000000 ) ) ;
#1404 = FACE_OUTER_BOUND ( 'NONE', #928, .T. ) ;
#1405 = EDGE_CURVE ( 'NONE', #1020, #1571, #1250, .T. ) ;
#1406 = DIRECTION ( 'NONE',  ( 0.000000000000000000, 1.000000000000000000, -0.000000000000000000 ) ) ;
#1407 = DIRECTION ( 'NONE',  ( -0.000000000000000000, -0.000000000000000000, 1.000000000000000000 ) ) ;
#1408 = ORIENTED_EDGE ( 'NONE', *, *, #342, .F. ) ;
#1409 = EDGE_LOOP ( 'NONE', ( #2249, #1859, #2208 ) ) ;
#1410 = AXIS2_PLACEMENT_3D ( 'NONE', #1010, #1762, #1217 ) ;
#1411 = VECTOR ( 'NONE', #1522, 1000.000000000000000 ) ;
#1412 = EDGE_CURVE ( 'NONE', #2384, #1491, #272, .T. ) ;
#1413 = VERTEX_POINT ( 'NONE', #2413 ) ;
#1414 = DIRECTION ( 'NONE',  ( 0.000000000000000000, 0.000000000000000000, 1.000000000000000000 ) ) ;
#1415 = DIRECTION ( 'NONE',  ( 0.000000000000000000, 0.000000000000000000, 1.000000000000000000 ) ) ;
#1416 = ORIENTED_EDGE ( 'NONE', *, *, #853, .F. ) ;
#1417 = ORIENTED_EDGE ( 'NONE', *, *, #708, .T. ) ;
#1418 = ORIENTED_EDGE ( 'NONE', *, *, #1471, .F. ) ;
#1419 = CARTESIAN_POINT ( 'NONE',  ( -6.246385541394993801, 2.658067536888255589, -0.5000000047251356161 ) ) ;
#1420 = DIRECTION ( 'NONE',  ( -0.7071067811865485719, -0.7071067811865464625, 0.000000000000000000 ) ) ;
#1421 = AXIS2_PLACEMENT_3D ( 'NONE', #1318, #1855, #927 ) ;
#1422 = ORIENTED_EDGE ( 'NONE', *, *, #1396, .T. ) ;
#1423 = FACE_OUTER_BOUND ( 'NONE', #232, .T. ) ;
#1424 = EDGE_CURVE ( 'NONE', #2170, #1760, #115, .T. ) ;
#1425 = ORIENTED_EDGE ( 'NONE', *, *, #414, .T. ) ;
#1426 = CARTESIAN_POINT ( 'NONE',  ( 0.000000000000000000, 0.000000000000000000, 1.000000000000000000 ) ) ;
#1427 = CARTESIAN_POINT ( 'NONE',  ( -6.785000000000000142, 3.725410588545623353E-14, 0.000000000000000000 ) ) ;
#1428 = DIRECTION ( 'NONE',  ( 0.000000000000000000, 0.000000000000000000, 1.000000000000000000 ) ) ;
#1429 = VERTEX_POINT ( 'NONE', #1847 ) ;
#1430 = PERSON_AND_ORGANIZATION ( #345, #2416 ) ;
#1431 = CARTESIAN_POINT ( 'NONE',  ( -1.449999999999943778, 5.334999999999999076, 1.000099999999999989 ) ) ;
#1432 = CARTESIAN_POINT ( 'NONE',  ( -6.713850644909768128, 2.619856624452407523, -4.007060500142398491E-10 ) ) ;
#1433 = EDGE_LOOP ( 'NONE', ( #2326, #1071 ) ) ;
#1434 = CARTESIAN_POINT ( 'NONE',  ( -6.609392802706097747, 3.063845913151773015, 0.000000000000000000 ) ) ;
#1435 = DIRECTION ( 'NONE',  ( 0.000000000000000000, 0.000000000000000000, -1.000000000000000000 ) ) ;
#1436 = CARTESIAN_POINT ( 'NONE',  ( -6.785000000000000142, -0.1900457822652666384, 1.000099999999999989 ) ) ;
#1437 = ADVANCED_FACE ( 'NONE', ( #1117 ), #2368, .T. ) ;
#1438 = ORIENTED_EDGE ( 'NONE', *, *, #1094, .F. ) ;
#1439 = CARTESIAN_POINT ( 'NONE',  ( -4.872414677630154678, -3.772414677630553381, 1.000000000000000000 ) ) ;
#1440 = CARTESIAN_POINT ( 'NONE',  ( 0.000000000000000000, 0.000000000000000000, 0.000000000000000000 ) ) ;
#1441 = ADVANCED_FACE ( 'NONE', ( #1628 ), #1649, .T. ) ;
#1442 = ORIENTED_EDGE ( 'NONE', *, *, #2055, .F. ) ;
#1443 = FACE_BOUND ( 'NONE', #503, .T. ) ;
#1444 = DIRECTION ( 'NONE',  ( 1.000000000000000000, 0.000000000000000000, 0.000000000000000000 ) ) ;
#1445 = CARTESIAN_POINT ( 'NONE',  ( 0.000000000000000000, 0.000000000000000000, -0.5000000000000000000 ) ) ;
#1446 = CARTESIAN_POINT ( 'NONE',  ( -7.071594586795824533, -1.750364247806721840, -0.4097115361072288242 ) ) ;
#1447 = ORIENTED_EDGE ( 'NONE', *, *, #305, .T. ) ;
#1448 = VECTOR ( 'NONE', #1539, 1000.000000000000000 ) ;
#1449 = DIRECTION ( 'NONE',  ( -0.000000000000000000, -0.000000000000000000, 1.000000000000000000 ) ) ;
#1450 = ORIENTED_EDGE ( 'NONE', *, *, #703, .T. ) ;
#1451 = APPROVAL_STATUS ( 'not_yet_approved' ) ;
#1452 = ADVANCED_FACE ( 'NONE', ( #1817 ), #889, .T. ) ;
#1453 = FACE_BOUND ( 'NONE', #913, .T. ) ;
#1454 = ORIENTED_EDGE ( 'NONE', *, *, #149, .F. ) ;
#1455 = ORIENTED_EDGE ( 'NONE', *, *, #591, .F. ) ;
#1456 = CARTESIAN_POINT ( 'NONE',  ( -6.155762548573902926, -2.853561361802986696, -0.5000000000000000000 ) ) ;
#1457 = FACE_OUTER_BOUND ( 'NONE', #1932, .T. ) ;
#1458 = DIRECTION ( 'NONE',  ( 0.000000000000000000, 0.000000000000000000, 1.000000000000000000 ) ) ;
#1459 = DIRECTION ( 'NONE',  ( -1.000000000000000000, 0.000000000000000000, 0.000000000000000000 ) ) ;
#1460 = DIRECTION ( 'NONE',  ( -0.4205691026975661440, 0.9072605082643926400, 1.623195894922250439E-15 ) ) ;
#1461 = CIRCLE ( 'NONE', #1421, 1.449999999999999956 ) ;
#1462 = DIRECTION ( 'NONE',  ( -0.000000000000000000, -0.000000000000000000, -1.000000000000000000 ) ) ;
#1463 = CARTESIAN_POINT ( 'NONE',  ( 3.772414677630250512, 3.772414677630212765, 1.000000000000000000 ) ) ;
#1464 = CIRCLE ( 'NONE', #381, 6.784999999999999254 ) ;
#1465 = ORIENTED_EDGE ( 'NONE', *, *, #1122, .F. ) ;
#1466 = PERSON_AND_ORGANIZATION ( #345, #2416 ) ;
#1467 = VERTEX_POINT ( 'NONE', #2280 ) ;
#1468 = CARTESIAN_POINT ( 'NONE',  ( -1.785000000000000142, 1.750364247806723617, 0.000000000000000000 ) ) ;
#1469 = ORIENTED_EDGE ( 'NONE', *, *, #1295, .T. ) ;
#1470 = EDGE_CURVE ( 'NONE', #1232, #1922, #1497, .T. ) ;
#1471 = EDGE_CURVE ( 'NONE', #2421, #1989, #926, .T. ) ;
#1472 = CARTESIAN_POINT ( 'NONE',  ( 6.785000000000000142, 1.775737858763661916E-16, 1.000099999999999989 ) ) ;
#1473 = ORIENTED_EDGE ( 'NONE', *, *, #1474, .T. ) ;
#1474 = EDGE_CURVE ( 'NONE', #550, #1571, #732, .T. ) ;
#1475 = CIRCLE ( 'NONE', #765, 0.5000000000000000000 ) ;
#1476 = DIRECTION ( 'NONE',  ( -0.000000000000000000, -0.000000000000000000, -1.000000000000000000 ) ) ;
#1477 = AXIS2_PLACEMENT_3D ( 'NONE', #1344, #610, #2327 ) ;
#1478 = CARTESIAN_POINT ( 'NONE',  ( -1.785000000000000142, -1.750364247806723617, 1.000000000000000000 ) ) ;
#1479 = CARTESIAN_POINT ( 'NONE',  ( -5.145316647502315988, -1.450071948861257454, 1.000099999999999989 ) ) ;
#1480 = EDGE_CURVE ( 'NONE', #1579, #1516, #1681, .T. ) ;
#1481 = CYLINDRICAL_SURFACE ( 'NONE', #106, 1.000000000000000000 ) ;
#1482 = CARTESIAN_POINT ( 'NONE',  ( 0.000000000000000000, 0.000000000000000000, 0.000000000000000000 ) ) ;
#1483 = ORIENTED_EDGE ( 'NONE', *, *, #1737, .F. ) ;
#1484 = AXIS2_PLACEMENT_3D ( 'NONE', #2335, #657, #452 ) ;
#1485 = AXIS2_PLACEMENT_3D ( 'NONE', #75, #502, #541 ) ;
#1486 = CARTESIAN_POINT ( 'NONE',  ( -6.609392802706103076, -3.063845913151770350, -0.5000000000000000000 ) ) ;
#1487 = CARTESIAN_POINT ( 'NONE',  ( -6.784999999999999254, -1.750364247806722950, -5.421010862427522170E-17 ) ) ;
#1488 = CARTESIAN_POINT ( 'NONE',  ( 0.000000000000000000, 0.000000000000000000, -0.5000000000000000000 ) ) ;
#1489 = AXIS2_PLACEMENT_3D ( 'NONE', #1941, #1931, #1741 ) ;
#1490 = CARTESIAN_POINT ( 'NONE',  ( 1.569352038675447369, -1.318951924334325065, -3.000000000000000000 ) ) ;
#1491 = VERTEX_POINT ( 'NONE', #1316 ) ;
#1492 = DIRECTION ( 'NONE',  ( 1.000000000000000000, 0.000000000000000000, -0.000000000000000000 ) ) ;
#1493 = CARTESIAN_POINT ( 'NONE',  ( 5.588115882818435661E-14, 5.334999999999999076, 1.000099999999999989 ) ) ;
#1494 = VERTEX_POINT ( 'NONE', #1902 ) ;
#1495 = CARTESIAN_POINT ( 'NONE',  ( -1.930361207691398739, -2.891486079032777656, 5.975787643664748443E-16 ) ) ;
#1496 = CARTESIAN_POINT ( 'NONE',  ( -1.785000000000000142, -1.750364247806723617, 0.000000000000000000 ) ) ;
#1497 = LINE ( 'NONE', #394, #767 ) ;
#1498 = CC_DESIGN_PERSON_AND_ORGANIZATION_ASSIGNMENT ( #1466, #518, ( #1166 ) ) ;
#1499 = CARTESIAN_POINT ( 'NONE',  ( -6.586241492300572098, -1.630229433269540174, -0.4097115361072111162 ) ) ;
#1500 = DIRECTION ( 'NONE',  ( 1.000000000000000000, 0.000000000000000000, 0.000000000000000000 ) ) ;
#1501 = ORIENTED_EDGE ( 'NONE', *, *, #450, .F. ) ;
#1502 = VECTOR ( 'NONE', #1406, 1000.000000000000000 ) ;
#1503 = CARTESIAN_POINT ( 'NONE',  ( -0.3653979394805412784, -3.631664128994223972, 1.000000000000000000 ) ) ;
#1504 = ORIENTED_EDGE ( 'NONE', *, *, #1815, .F. ) ;
#1505 = TOROIDAL_SURFACE ( 'NONE', #230, 1.949999999999999734, 0.5000000000000000000 ) ;
#1506 = ORIENTED_EDGE ( 'NONE', *, *, #2112, .T. ) ;
#1507 = AXIS2_PLACEMENT_3D ( 'NONE', #625, #1933, #228 ) ;
#1508 = CIRCLE ( 'NONE', #116, 2.499999999999999556 ) ;
#1509 = CYLINDRICAL_SURFACE ( 'NONE', #1772, 1.449999999999999734 ) ;
#1510 = DIRECTION ( 'NONE',  ( 0.000000000000000000, 0.000000000000000000, 1.000000000000000000 ) ) ;
#1511 = EDGE_CURVE ( 'NONE', #1678, #1467, #537, .T. ) ;
#1512 = CARTESIAN_POINT ( 'NONE',  ( 0.5999092530540179879, -4.014920878090991074, -0.5000000000000000000 ) ) ;
#1513 = EDGE_LOOP ( 'NONE', ( #31, #329 ) ) ;
#1514 = AXIS2_PLACEMENT_3D ( 'NONE', #2156, #1787, #268 ) ;
#1515 = CARTESIAN_POINT ( 'NONE',  ( 0.000000000000000000, 0.000000000000000000, 1.000099999999999989 ) ) ;
#1516 = VERTEX_POINT ( 'NONE', #2301 ) ;
#1517 = ADVANCED_FACE ( 'NONE', ( #1374 ), #837, .T. ) ;
#1518 = ORIENTED_EDGE ( 'NONE', *, *, #2417, .T. ) ;
#1519 = AXIS2_PLACEMENT_3D ( 'NONE', #1062, #798, #596 ) ;
#1520 = DIRECTION ( 'NONE',  ( -0.000000000000000000, -0.000000000000000000, -1.000000000000000000 ) ) ;
#1521 = DIRECTION ( 'NONE',  ( -1.000000000000000000, 0.000000000000000000, 0.000000000000000000 ) ) ;
#1522 = DIRECTION ( 'NONE',  ( 0.000000000000000000, 0.000000000000000000, -1.000000000000000000 ) ) ;
#1523 = CARTESIAN_POINT ( 'NONE',  ( -5.334999999999999964, 3.725410588545623353E-14, -0.5000000000000000000 ) ) ;
#1524 = CARTESIAN_POINT ( 'NONE',  ( 5.588115882818435661E-14, 5.334999999999999076, 1.000099999999999989 ) ) ;
#1525 = DIRECTION ( 'NONE',  ( 1.000000000000000000, 0.000000000000000000, 0.000000000000000000 ) ) ;
#1526 = ORIENTED_EDGE ( 'NONE', *, *, #60, .F. ) ;
#1527 = LINE ( 'NONE', #5, #1397 ) ;
#1528 = AXIS2_PLACEMENT_3D ( 'NONE', #1553, #1211, #1769 ) ;
#1529 = CARTESIAN_POINT ( 'NONE',  ( 3.884999999999946496, 1.111089685890235705E-13, -0.5000000000000000000 ) ) ;
#1530 = VECTOR ( 'NONE', #1402, 1000.000000000000000 ) ;
#1531 = CARTESIAN_POINT ( 'NONE',  ( 0.000000000000000000, 0.000000000000000000, 0.000000000000000000 ) ) ;
#1532 = EDGE_CURVE ( 'NONE', #1601, #1030, #906, .T. ) ;
#1533 = CARTESIAN_POINT ( 'NONE',  ( 3.649999999999999911, 1.043880914671666912E-13, -0.07600117924692238736 ) ) ;
#1534 = CARTESIAN_POINT ( 'NONE',  ( 0.000000000000000000, 0.000000000000000000, 1.000000000000000000 ) ) ;
#1535 = DIRECTION ( 'NONE',  ( 0.9072605082643924179, -0.4205691026975665880, 0.000000000000000000 ) ) ;
#1536 = CARTESIAN_POINT ( 'NONE',  ( -6.702731448190223595, -1.088240320881634693, -0.2945219587642848302 ) ) ;
#1537 = ORIENTED_EDGE ( 'NONE', *, *, #1957, .F. ) ;
#1538 = ORIENTED_EDGE ( 'NONE', *, *, #2086, .T. ) ;
#1539 = DIRECTION ( 'NONE',  ( -0.000000000000000000, -0.000000000000000000, 1.000000000000000000 ) ) ;
#1540 = ORIENTED_EDGE ( 'NONE', *, *, #580, .T. ) ;
#1541 = ADVANCED_FACE ( 'NONE', ( #1934 ), #1177, .T. ) ;
#1542 = CARTESIAN_POINT ( 'NONE',  ( -5.334999999999999964, 3.725410588545623353E-14, -3.500000000000000000 ) ) ;
#1543 = ORIENTED_EDGE ( 'NONE', *, *, #2035, .T. ) ;
#1544 = EDGE_CURVE ( 'NONE', #128, #1755, #2, .T. ) ;
#1545 = DIRECTION ( 'NONE',  ( 0.000000000000000000, 0.000000000000000000, 1.000000000000000000 ) ) ;
#1546 = AXIS2_PLACEMENT_3D ( 'NONE', #257, #1038, #901 ) ;
#1547 = DIRECTION ( 'NONE',  ( 0.000000000000000000, 0.000000000000000000, -1.000000000000000000 ) ) ;
#1548 = DIRECTION ( 'NONE',  ( 0.000000000000000000, 0.000000000000000000, 1.000000000000000000 ) ) ;
#1549 = DIRECTION ( 'NONE',  ( -1.000000000000000000, 0.000000000000000000, 0.000000000000000000 ) ) ;
#1550 = ORIENTED_EDGE ( 'NONE', *, *, #1471, .T. ) ;
#1551 = EDGE_CURVE ( 'NONE', #1036, #2167, #996, .T. ) ;
#1552 = DIRECTION ( 'NONE',  ( -0.000000000000000000, -0.000000000000000000, 1.000000000000000000 ) ) ;
#1553 = CARTESIAN_POINT ( 'NONE',  ( 5.334999999999999964, 1.111089685890235705E-13, -0.5000000000000000000 ) ) ;
#1554 = VERTEX_POINT ( 'NONE', #1077 ) ;
#1555 = DIRECTION ( 'NONE',  ( 0.7071067811865486830, 0.7071067811865464625, -0.000000000000000000 ) ) ;
#1556 = EDGE_CURVE ( 'NONE', #1955, #1095, #1814, .T. ) ;
#1557 = CARTESIAN_POINT ( 'NONE',  ( -6.785000000000017906, -0.5859890325892240792, 3.619036202332359984E-14 ) ) ;
#1558 = DIRECTION ( 'NONE',  ( 1.000000000000000000, 0.000000000000000000, -0.000000000000000000 ) ) ;
#1559 = ORIENTED_EDGE ( 'NONE', *, *, #245, .T. ) ;
#1560 = CARTESIAN_POINT ( 'NONE',  ( -6.784999999999999254, 4.737940176810131395E-14, -0.5000000000000000000 ) ) ;
#1561 = AXIS2_PLACEMENT_3D ( 'NONE', #1782, #240, #816 ) ;
#1562 = ORIENTED_EDGE ( 'NONE', *, *, #397, .F. ) ;
#1563 = CALENDAR_DATE ( 2024, 22, 5 ) ;
#1564 = CARTESIAN_POINT ( 'NONE',  ( -3.922852473542774554, 0.3796188762617275780, 1.000099999999999989 ) ) ;
#1565 = AXIS2_PLACEMENT_3D ( 'NONE', #1493, #1289, #1151 ) ;
#1566 = CIRCLE ( 'NONE', #2093, 1.449999999999999734 ) ;
#1567 = EDGE_LOOP ( 'NONE', ( #1170, #1102, #1127, #444 ) ) ;
#1568 = LINE ( 'NONE', #235, #1028 ) ;
#1569 = EDGE_LOOP ( 'NONE', ( #680, #2155, #2238, #915 ) ) ;
#1570 = DIRECTION ( 'NONE',  ( 0.000000000000000000, 0.000000000000000000, 1.000000000000000000 ) ) ;
#1571 = VERTEX_POINT ( 'NONE', #867 ) ;
#1572 = EDGE_CURVE ( 'NONE', #808, #1910, #217, .T. ) ;
#1573 = ORIENTED_EDGE ( 'NONE', *, *, #323, .T. ) ;
#1574 = CARTESIAN_POINT ( 'NONE',  ( 2.838003062678381649, -5.435784291796506018, 0.000000000000000000 ) ) ;
#1575 = ORIENTED_EDGE ( 'NONE', *, *, #1711, .F. ) ;
#1576 = VECTOR ( 'NONE', #2261, 1000.000000000000000 ) ;
#1577 = AXIS2_PLACEMENT_3D ( 'NONE', #2231, #1833, #326 ) ;
#1578 = DIRECTION ( 'NONE',  ( 0.000000000000000000, 0.000000000000000000, 1.000000000000000000 ) ) ;
#1579 = VERTEX_POINT ( 'NONE', #1472 ) ;
#1580 = CARTESIAN_POINT ( 'NONE',  ( 0.2998402948372826393, -3.640254857899504426, 2.405005545127671251E-09 ) ) ;
#1581 = CARTESIAN_POINT ( 'NONE',  ( -6.785000000000000142, -1.750364247806723617, 1.000000000000000000 ) ) ;
#1582 = DIRECTION ( 'NONE',  ( -1.000000000000000000, 0.000000000000000000, 0.000000000000000000 ) ) ;
#1583 = ORIENTED_EDGE ( 'NONE', *, *, #2035, .F. ) ;
#1584 = SECURITY_CLASSIFICATION ( '', '', #299 ) ;
#1585 = EDGE_CURVE ( 'NONE', #128, #1755, #2281, .T. ) ;
#1586 = AXIS2_PLACEMENT_3D ( 'NONE', #2158, #463, #1951 ) ;
#1587 = ORIENTED_EDGE ( 'NONE', *, *, #2227, .T. ) ;
#1588 = ORIENTED_EDGE ( 'NONE', *, *, #159, .F. ) ;
#1589 =( BOUNDED_SURFACE ( )  B_SPLINE_SURFACE ( 3, 2, ( 
 ( #873, #649, #1990 ),
 ( #830, #1973, #91 ),
 ( #1401, #859, #76 ),
 ( #845, #467, #1614 ),
 ( #2436, #1849, #733 ),
 ( #1499, #2403, #1487 ) ),
 .UNSPECIFIED., .F., .F., .F. ) 
 B_SPLINE_SURFACE_WITH_KNOTS ( ( 4, 2, 4 ),
 ( 3, 3 ),
 ( 0.007479720426857612223, 0.008191030947085332220, 0.008902341467313050483 ),
 ( 0.000000000000000000, 1.000000000000000000 ),
 .UNSPECIFIED. ) 
 GEOMETRIC_REPRESENTATION_ITEM ( )  RATIONAL_B_SPLINE_SURFACE ( (
 ( 1.000000000000000000, 0.7071067811865485719, 1.000000000000000000),
 ( 1.000000000000000000, 0.7341905958784905595, 1.000000000000000000),
 ( 1.000000000000000000, 0.7627680044052157493, 1.000000000000000000),
 ( 1.000000000000000000, 0.8215678331561422354, 1.000000000000000000),
 ( 1.000000000000000000, 0.8519216118408989846, 1.000000000000000000),
 ( 1.000000000000000000, 0.8821559607767115452, 1.000000000000000000) ) ) 
 REPRESENTATION_ITEM ( '' )  SURFACE ( )  );
#1590 = EDGE_CURVE ( 'NONE', #2317, #985, #1300, .T. ) ;
#1591 = CARTESIAN_POINT ( 'NONE',  ( 0.000000000000000000, 0.000000000000000000, -3.500000000000000000 ) ) ;
#1592 = AXIS2_PLACEMENT_3D ( 'NONE', #553, #1449, #135 ) ;
#1593 = AXIS2_PLACEMENT_3D ( 'NONE', #1025, #705, #666 ) ;
#1594 = CARTESIAN_POINT ( 'NONE',  ( -9.313526471364059645E-14, -5.334999999999999076, -0.5000000000000000000 ) ) ;
#1595 = CARTESIAN_POINT ( 'NONE',  ( -6.586241492300571210, 1.630229433269541284, -0.4097115361072288242 ) ) ;
#1596 = VECTOR ( 'NONE', #1520, 1000.000000000000000 ) ;
#1597 = CARTESIAN_POINT ( 'NONE',  ( -3.749999999999999556, -2.395829710142188151, 1.000000000000000000 ) ) ;
#1598 = EDGE_LOOP ( 'NONE', ( #432, #448 ) ) ;
#1599 = DIRECTION ( 'NONE',  ( 0.000000000000000000, 0.000000000000000000, -1.000000000000000000 ) ) ;
#1600 = DIRECTION ( 'NONE',  ( 0.000000000000000000, 0.000000000000000000, 1.000000000000000000 ) ) ;
#1601 = VERTEX_POINT ( 'NONE', #266 ) ;
#1602 = APPROVAL_STATUS ( 'not_yet_approved' ) ;
#1603 = CIRCLE ( 'NONE', #325, 0.5000000000000000000 ) ;
#1604 = EDGE_LOOP ( 'NONE', ( #862, #1633, #2442, #2269, #1224, #391, #955 ) ) ;
#1605 = CARTESIAN_POINT ( 'NONE',  ( -5.524683352497929079, 1.450071948861332283, 1.000099999999999989 ) ) ;
#1606 = DIRECTION ( 'NONE',  ( 1.000000000000000000, 0.000000000000000000, 0.000000000000000000 ) ) ;
#1607 = ORIENTED_EDGE ( 'NONE', *, *, #1696, .T. ) ;
#1608 = EDGE_CURVE ( 'NONE', #661, #1601, #2197, .T. ) ;
#1609 =( BOUNDED_SURFACE ( )  B_SPLINE_SURFACE ( 3, 2, ( 
 ( #1373, #589, #2253 ),
 ( #1850, #340, #2081 ),
 ( #718, #1144, #791 ),
 ( #184, #1362, #1432 ),
 ( #1419, #2175, #435 ),
 ( #624, #449, #1966 ) ),
 .UNSPECIFIED., .F., .F., .F. ) 
 B_SPLINE_SURFACE_WITH_KNOTS ( ( 4, 2, 4 ),
 ( 3, 3 ),
 ( 0.0009789931379065495119, 0.001689580546283510386, 0.002400167954660471260 ),
 ( 0.000000000000000000, 1.000000000000000000 ),
 .UNSPECIFIED. ) 
 GEOMETRIC_REPRESENTATION_ITEM ( )  RATIONAL_B_SPLINE_SURFACE ( (
 ( 1.000000000000000000, 0.8821559607762525790, 1.000000000000000000),
 ( 1.000000000000000000, 0.8522034935623472585, 1.000000000000000000),
 ( 1.000000000000000000, 0.8221590733647212712, 1.000000000000000000),
 ( 1.000000000000000000, 0.7630641952407863915, 1.000000000000000000),
 ( 1.000000000000000000, 0.7341192052074283492, 1.000000000000000000),
 ( 1.000000000000000000, 0.7071067811865482389, 1.000000000000000000) ) ) 
 REPRESENTATION_ITEM ( '' )  SURFACE ( )  );
#1610 = DIRECTION ( 'NONE',  ( 1.000000000000000000, 0.000000000000000000, -0.000000000000000000 ) ) ;
#1611 = CARTESIAN_POINT ( 'NONE',  ( 5.334999999999999964, 0.000000000000000000, 1.000099999999999989 ) ) ;
#1612 = EDGE_LOOP ( 'NONE', ( #406, #500, #1645, #2305, #824 ) ) ;
#1613 = DIRECTION ( 'NONE',  ( 0.000000000000000000, 0.000000000000000000, 1.000000000000000000 ) ) ;
#1614 = CARTESIAN_POINT ( 'NONE',  ( -6.771211111725370380, -2.182606326777182026, 2.229141599332364237E-10 ) ) ;
#1615 = DIRECTION ( 'NONE',  ( 1.000000000000000000, 0.000000000000000000, 0.000000000000000000 ) ) ;
#1616 = ORIENTED_EDGE ( 'NONE', *, *, #956, .T. ) ;
#1617 = ORIENTED_EDGE ( 'NONE', *, *, #2161, .T. ) ;
#1618 = ORIENTED_EDGE ( 'NONE', *, *, #1424, .F. ) ;
#1619 = CARTESIAN_POINT ( 'NONE',  ( -6.494482093077687423, 0.8912293234188531921, 1.000099999999999989 ) ) ;
#1620 = LINE ( 'NONE', #896, #1907 ) ;
#1621 = FACE_OUTER_BOUND ( 'NONE', #1612, .T. ) ;
#1622 = ORIENTED_EDGE ( 'NONE', *, *, #1532, .F. ) ;
#1623 = EDGE_CURVE ( 'NONE', #1601, #1554, #1226, .T. ) ;
#1624 = AXIS2_PLACEMENT_3D ( 'NONE', #2361, #447, #2139 ) ;
#1625 = EDGE_LOOP ( 'NONE', ( #125, #2407, #1607, #2263 ) ) ;
#1626 = CARTESIAN_POINT ( 'NONE',  ( 0.000000000000000000, 0.000000000000000000, -0.4239988207530775988 ) ) ;
#1627 = ADVANCED_FACE ( 'NONE', ( #984 ), #164, .T. ) ;
#1628 = FACE_OUTER_BOUND ( 'NONE', #1925, .T. ) ;
#1629 = AXIS2_PLACEMENT_3D ( 'NONE', #1445, #725, #1091 ) ;
#1630 = CARTESIAN_POINT ( 'NONE',  ( 3.884999999999946496, 1.112865423748999378E-13, -3.000000000000000000 ) ) ;
#1631 = B_SPLINE_CURVE_WITH_KNOTS ( 'NONE', 3,
 ( #1456, #1867, #2063, #2214, #745, #709 ),
 .UNSPECIFIED., .F., .F.,
 ( 4, 2, 4 ),
 ( 0.000000000000000000, 0.0006503835553575402660, 0.001300767110715080532 ),
 .UNSPECIFIED. ) ;
#1632 = ORIENTED_EDGE ( 'NONE', *, *, #1851, .T. ) ;
#1633 = ORIENTED_EDGE ( 'NONE', *, *, #9, .T. ) ;
#1634 = ORIENTED_EDGE ( 'NONE', *, *, #196, .T. ) ;
#1635 = DIRECTION ( 'NONE',  ( -0.000000000000000000, -0.000000000000000000, -1.000000000000000000 ) ) ;
#1636 = CIRCLE ( 'NONE', #561, 0.5000000000000000000 ) ;
#1637 = CARTESIAN_POINT ( 'NONE',  ( 0.8067745127278412864, -3.559721180880990765, 0.000000000000000000 ) ) ;
#1638 = DIRECTION ( 'NONE',  ( -0.000000000000000000, -0.000000000000000000, -1.000000000000000000 ) ) ;
#1639 = CARTESIAN_POINT ( 'NONE',  ( -6.785000000000000142, 0.000000000000000000, 0.000000000000000000 ) ) ;
#1640 = ADVANCED_FACE ( 'NONE', ( #939 ), #2077, .T. ) ;
#1641 = VERTEX_POINT ( 'NONE', #179 ) ;
#1642 = DIRECTION ( 'NONE',  ( 1.000000000000000000, 0.000000000000000000, 0.000000000000000000 ) ) ;
#1643 = ORIENTED_EDGE ( 'NONE', *, *, #1693, .T. ) ;
#1644 = CARTESIAN_POINT ( 'NONE',  ( -2.881405906844781928, 1.000000000000000000, -3.000000000000000000 ) ) ;
#1645 = ORIENTED_EDGE ( 'NONE', *, *, #691, .F. ) ;
#1646 = AXIS2_PLACEMENT_3D ( 'NONE', #2267, #1332, #370 ) ;
#1647 = AXIS2_PLACEMENT_3D ( 'NONE', #2241, #350, #1029 ) ;
#1648 = CYLINDRICAL_SURFACE ( 'NONE', #1369, 1.449999999999999734 ) ;
#1649 = PLANE ( 'NONE',  #805 ) ;
#1650 = EDGE_CURVE ( 'NONE', #861, #2421, #412, .T. ) ;
#1651 = CARTESIAN_POINT ( 'NONE',  ( 5.334999999999999964, 1.111089685890235705E-13, -3.000000000000000000 ) ) ;
#1652 = ADVANCED_FACE ( 'NONE', ( #1112 ), #753, .T. ) ;
#1653 = CARTESIAN_POINT ( 'NONE',  ( -3.772414677630230972, 3.772414677629907676, 1.000000000000000000 ) ) ;
#1654 = CARTESIAN_POINT ( 'NONE',  ( -1.862705294272811677E-14, -5.335000000000000853, 1.000000000000000000 ) ) ;
#1655 = ADVANCED_FACE ( 'NONE', ( #203 ), #2307, .T. ) ;
#1656 = ORIENTED_EDGE ( 'NONE', *, *, #868, .F. ) ;
#1657 =( NAMED_UNIT ( * ) PLANE_ANGLE_UNIT ( ) SI_UNIT ( $, .RADIAN. ) );
#1658 = ORIENTED_EDGE ( 'NONE', *, *, #1405, .F. ) ;
#1659 = CARTESIAN_POINT ( 'NONE',  ( 5.588115882818434399E-14, 5.335000000000000853, -0.5000000000000000000 ) ) ;
#1660 = CARTESIAN_POINT ( 'NONE',  ( -0.3653979394805396685, -3.631664128994224416, -3.000000000000000000 ) ) ;
#1661 = ORIENTED_EDGE ( 'NONE', *, *, #1396, .F. ) ;
#1662 = ORIENTED_EDGE ( 'NONE', *, *, #2207, .F. ) ;
#1663 = CARTESIAN_POINT ( 'NONE',  ( 5.396356323203368888, -2.772164134494668364, 0.000000000000000000 ) ) ;
#1664 = DIRECTION ( 'NONE',  ( 1.000000000000000000, 0.000000000000000000, 0.000000000000000000 ) ) ;
#1665 = CYLINDRICAL_SURFACE ( 'NONE', #986, 5.000000000000000000 ) ;
#1666 = ORIENTED_EDGE ( 'NONE', *, *, #1904, .F. ) ;
#1667 =( GEOMETRIC_REPRESENTATION_CONTEXT ( 3 ) GLOBAL_UNCERTAINTY_ASSIGNED_CONTEXT ( ( #2341 ) ) GLOBAL_UNIT_ASSIGNED_CONTEXT ( ( #335, #1657, #2089 ) ) REPRESENTATION_CONTEXT ( 'NONE', 'WORKASPACE' ) );
#1668 = EDGE_CURVE ( 'NONE', #1893, #175, #814, .T. ) ;
#1669 = CARTESIAN_POINT ( 'NONE',  ( 2.836668368154656505, -5.362729540510723147, -0.0009999999999999158867 ) ) ;
#1670 = FACE_OUTER_BOUND ( 'NONE', #2047, .T. ) ;
#1671 = ORIENTED_EDGE ( 'NONE', *, *, #2102, .F. ) ;
#1672 = VECTOR ( 'NONE', #1510, 1000.000000000000000 ) ;
#1673 = DIRECTION ( 'NONE',  ( 1.000000000000000000, 0.000000000000000000, 0.000000000000000000 ) ) ;
#1674 = DIRECTION ( 'NONE',  ( -0.7801194896804301004, 0.6256305473845927834, 1.339977974897075447E-16 ) ) ;
#1675 = ORIENTED_EDGE ( 'NONE', *, *, #904, .T. ) ;
#1676 = ORIENTED_EDGE ( 'NONE', *, *, #2451, .T. ) ;
#1677 = APPROVAL ( #2332, '未指定' ) ;
#1678 = VERTEX_POINT ( 'NONE', #50 ) ;
#1679 = CIRCLE ( 'NONE', #1485, 2.000000000000000000 ) ;
#1680 = DIRECTION ( 'NONE',  ( 1.000000000000000000, 0.000000000000000000, 0.000000000000000000 ) ) ;
#1681 = LINE ( 'NONE', #2466, #176 ) ;
#1682 = AXIS2_PLACEMENT_3D ( 'NONE', #2232, #1698, #1525 ) ;
#1683 = CARTESIAN_POINT ( 'NONE',  ( -1.862705294272811677E-14, -5.335000000000000853, -3.500000000000000000 ) ) ;
#1684 = ORIENTED_EDGE ( 'NONE', *, *, #481, .F. ) ;
#1685 = CARTESIAN_POINT ( 'NONE',  ( 3.772414677630250512, 3.772414677630212765, 3.200000000000000178 ) ) ;
#1686 = DIRECTION ( 'NONE',  ( -1.000000000000000000, 0.000000000000000000, 0.000000000000000000 ) ) ;
#1687 = DIRECTION ( 'NONE',  ( 1.000000000000000000, 0.000000000000000000, 0.000000000000000000 ) ) ;
#1688 = EDGE_LOOP ( 'NONE', ( #1793, #2084, #1588, #1279 ) ) ;
#1689 = DIRECTION ( 'NONE',  ( 0.000000000000000000, 0.000000000000000000, 1.000000000000000000 ) ) ;
#1690 = AXIS2_PLACEMENT_3D ( 'NONE', #1210, #1552, #2151 ) ;
#1691 = CARTESIAN_POINT ( 'NONE',  ( 0.000000000000000000, 0.000000000000000000, 0.000000000000000000 ) ) ;
#1692 = DIRECTION ( 'NONE',  ( -1.000000000000000000, 0.000000000000000000, 0.000000000000000000 ) ) ;
#1693 = EDGE_CURVE ( 'NONE', #2262, #2170, #97, .T. ) ;
#1694 = LINE ( 'NONE', #1155, #456 ) ;
#1695 = DIRECTION ( 'NONE',  ( 1.000000000000000000, 0.000000000000000000, 0.000000000000000000 ) ) ;
#1696 = EDGE_CURVE ( 'NONE', #51, #1916, #1568, .T. ) ;
#1697 = CARTESIAN_POINT ( 'NONE',  ( 4.872414677630250601, 3.772414677630212765, 3.200000000000000178 ) ) ;
#1698 = DIRECTION ( 'NONE',  ( 0.000000000000000000, 0.000000000000000000, 1.000000000000000000 ) ) ;
#1699 = ORIENTED_EDGE ( 'NONE', *, *, #1551, .T. ) ;
#1700 = AXIS2_PLACEMENT_3D ( 'NONE', #1121, #1674, #2398 ) ;
#1701 = AXIS2_PLACEMENT_3D ( 'NONE', #2013, #619, #595 ) ;
#1702 = DIRECTION ( 'NONE',  ( -1.000000000000000000, 0.000000000000000000, 0.000000000000000000 ) ) ;
#1703 = DIRECTION ( 'NONE',  ( 0.000000000000000000, 0.000000000000000000, 1.000000000000000000 ) ) ;
#1704 = DIRECTION ( 'NONE',  ( -1.000000000000000000, 0.000000000000000000, -0.000000000000000000 ) ) ;
#1705 = EDGE_LOOP ( 'NONE', ( #1634 ) ) ;
#1706 = LINE ( 'NONE', #202, #1596 ) ;
#1707 = ORIENTED_EDGE ( 'NONE', *, *, #728, .T. ) ;
#1708 = AXIS2_PLACEMENT_3D ( 'NONE', #223, #37, #2359 ) ;
#1709 = DIRECTION ( 'NONE',  ( -1.000000000000000000, 0.000000000000000000, 0.000000000000000000 ) ) ;
#1710 = DIRECTION ( 'NONE',  ( 0.000000000000000000, 0.000000000000000000, 1.000000000000000000 ) ) ;
#1711 = EDGE_CURVE ( 'NONE', #1216, #2445, #143, .T. ) ;
#1712 = AXIS2_PLACEMENT_3D ( 'NONE', #2452, #1920, #987 ) ;
#1713 = CIRCLE ( 'NONE', #1789, 1.449999999999999734 ) ;
#1714 = CARTESIAN_POINT ( 'NONE',  ( -0.7618905999814814534, -3.827957721549334558, -0.4239988207531050768 ) ) ;
#1715 = ORIENTED_EDGE ( 'NONE', *, *, #1815, .T. ) ;
#1716 = CARTESIAN_POINT ( 'NONE',  ( -1.813518646804978207, -3.455735912827908152, -0.4799500819045266486 ) ) ;
#1717 = CARTESIAN_POINT ( 'NONE',  ( -2.156675682618967471, 2.156675682618973688, 0.000000000000000000 ) ) ;
#1718 = CIRCLE ( 'NONE', #2428, 2.000000000000000000 ) ;
#1719 = CARTESIAN_POINT ( 'NONE',  ( 0.000000000000000000, 0.000000000000000000, -0.5000000000000000000 ) ) ;
#1720 = ORIENTED_EDGE ( 'NONE', *, *, #2409, .T. ) ;
#1721 = EDGE_CURVE ( 'NONE', #861, #576, #1173, .T. ) ;
#1722 = AXIS2_PLACEMENT_3D ( 'NONE', #204, #357, #1695 ) ;
#1723 = AXIS2_PLACEMENT_3D ( 'NONE', #1178, #58, #1582 ) ;
#1724 = EDGE_CURVE ( 'NONE', #2317, #1376, #188, .T. ) ;
#1725 = ORIENTED_EDGE ( 'NONE', *, *, #577, .F. ) ;
#1726 = VERTEX_POINT ( 'NONE', #2059 ) ;
#1727 = CARTESIAN_POINT ( 'NONE',  ( -4.955326056464392614, 1.412280470618124895, 1.000099999999999989 ) ) ;
#1728 = CARTESIAN_POINT ( 'NONE',  ( 0.000000000000000000, 0.000000000000000000, 1.000000000000000000 ) ) ;
#1729 = DIRECTION ( 'NONE',  ( -0.000000000000000000, -0.000000000000000000, -1.000000000000000000 ) ) ;
#1730 = DIRECTION ( 'NONE',  ( -0.000000000000000000, -0.000000000000000000, 1.000000000000000000 ) ) ;
#1731 = CARTESIAN_POINT ( 'NONE',  ( -6.155762548573902038, 2.853561361802989804, -0.5000000000000000000 ) ) ;
#1732 = ORIENTED_EDGE ( 'NONE', *, *, #759, .T. ) ;
#1733 = DIRECTION ( 'NONE',  ( -0.000000000000000000, -0.000000000000000000, -1.000000000000000000 ) ) ;
#1734 = ORIENTED_EDGE ( 'NONE', *, *, #261, .T. ) ;
#1735 = EDGE_LOOP ( 'NONE', ( #1003, #90, #1526, #1134, #482, #638 ) ) ;
#1736 = CIRCLE ( 'NONE', #65, 3.050000000000000266 ) ;
#1737 = EDGE_CURVE ( 'NONE', #2224, #1834, #688, .T. ) ;
#1738 = ORIENTED_EDGE ( 'NONE', *, *, #287, .T. ) ;
#1739 = CARTESIAN_POINT ( 'NONE',  ( -1.221910112359550382, -0.7806636134171174302, 1.000000000000000000 ) ) ;
#1740 = AXIS2_PLACEMENT_3D ( 'NONE', #1482, #2215, #288 ) ;
#1741 = DIRECTION ( 'NONE',  ( 1.000000000000000000, 4.813857645835639687E-14, 0.000000000000000000 ) ) ;
#1742 = VERTEX_POINT ( 'NONE', #1503 ) ;
#1743 = ADVANCED_FACE ( 'NONE', ( #6 ), #950, .T. ) ;
#1744 = CARTESIAN_POINT ( 'NONE',  ( 5.334999999999999964, 0.000000000000000000, 1.000099999999999989 ) ) ;
#1745 = B_SPLINE_CURVE_WITH_KNOTS ( 'NONE', 3,
 ( #208, #736, #172, #583, #1856, #2082 ),
 .UNSPECIFIED., .F., .F.,
 ( 4, 2, 4 ),
 ( 3.037552265789926283E-18, 0.0004076718586567606778, 0.0008153437173135185366 ),
 .UNSPECIFIED. ) ;
#1746 = DIRECTION ( 'NONE',  ( 1.000000000000000000, 0.000000000000000000, 0.000000000000000000 ) ) ;
#1747 = CARTESIAN_POINT ( 'NONE',  ( -6.785000000000000142, -1.750364247806724505, 2.710505431213761085E-16 ) ) ;
#1748 = B_SPLINE_CURVE_WITH_KNOTS ( 'NONE', 3,
 ( #1865, #1436, #2431, #1159, #1258, #1314, #356, #333, #924, #1888, #724, #560, #2085, #1479, #2115, #1220, #594, #1393, #419, #49, #1961, #1937, #2108, #1929, #1913, #810, #1564, #796, #1023, #2318, #19, #2136, #979, #995, #1727, #1049, #1242, #1605, #67, #2385, #693, #1086, #120, #1619, #2209, #462, #254, #834, #2171 ),
 .UNSPECIFIED., .T., .F.,
 ( 4, 3, 3, 3, 3, 3, 3, 3, 3, 3, 3, 3, 3, 3, 3, 3, 4 ),
 ( 0.000000000000000000, 0.06250000000000000000, 0.1250000000000000000, 0.1875000000000000000, 0.2500000000000000000, 0.3125000000000000000, 0.3750000000000000000, 0.4375000000000000000, 0.5000000000000000000, 0.5625000000000000000, 0.6250000000000000000, 0.6875000000000000000, 0.7500000000000000000, 0.8125000000000000000, 0.8750000000000000000, 0.9375000000000000000, 1.000000000000000000 ),
 .UNSPECIFIED. ) ;
#1749 = ORIENTED_EDGE ( 'NONE', *, *, #1862, .F. ) ;
#1750 = ORIENTED_EDGE ( 'NONE', *, *, #2163, .T. ) ;
#1751 = PERSON_AND_ORGANIZATION ( #345, #2416 ) ;
#1752 = ORIENTED_EDGE ( 'NONE', *, *, #2150, .T. ) ;
#1753 = CARTESIAN_POINT ( 'NONE',  ( 0.000000000000000000, 0.000000000000000000, -0.07600117924692238736 ) ) ;
#1754 = EDGE_LOOP ( 'NONE', ( #1066, #2004, #2316, #1447 ) ) ;
#1755 = VERTEX_POINT ( 'NONE', #1529 ) ;
#1756 = CC_DESIGN_PERSON_AND_ORGANIZATION_ASSIGNMENT ( #283, #2426, ( #1584 ) ) ;
#1757 = VERTEX_POINT ( 'NONE', #575 ) ;
#1758 = CARTESIAN_POINT ( 'NONE',  ( -1.862705294272811677E-14, -5.335000000000000853, 1.000099999999999989 ) ) ;
#1759 = CARTESIAN_POINT ( 'NONE',  ( -6.784999999999999254, 8.309228532214783589E-16, 3.319742797690839199E-218 ) ) ;
#1760 = VERTEX_POINT ( 'NONE', #2096 ) ;
#1761 = CARTESIAN_POINT ( 'NONE',  ( 0.000000000000000000, 0.000000000000000000, -0.5000000000000000000 ) ) ;
#1762 = DIRECTION ( 'NONE',  ( -1.224646799141193929E-16, 1.000000000000000000, 7.617628932529428147E-14 ) ) ;
#1763 = ORIENTED_EDGE ( 'NONE', *, *, #2256, .T. ) ;
#1764 = PERSON_AND_ORGANIZATION_ROLE ( 'design_owner' ) ;
#1765 = VECTOR ( 'NONE', #961, 1000.000000000000000 ) ;
#1766 = AXIS2_PLACEMENT_3D ( 'NONE', #1079, #1638, #701 ) ;
#1767 = DIRECTION ( 'NONE',  ( 0.000000000000000000, 0.000000000000000000, 1.000000000000000000 ) ) ;
#1768 = DIRECTION ( 'NONE',  ( -1.000000000000000000, 0.000000000000000000, 0.000000000000000000 ) ) ;
#1769 = DIRECTION ( 'NONE',  ( -1.000000000000000000, 8.881784197001305572E-16, 0.000000000000000000 ) ) ;
#1770 = EDGE_CURVE ( 'NONE', #2480, #1429, #375, .T. ) ;
#1771 = CARTESIAN_POINT ( 'NONE',  ( 0.1041175041268623258, -3.885000000000004228, -0.4239988159598249706 ) ) ;
#1772 = AXIS2_PLACEMENT_3D ( 'NONE', #1524, #85, #1055 ) ;
#1773 = CYLINDRICAL_SURFACE ( 'NONE', #1065, 1.450000000000000178 ) ;
#1774 = CARTESIAN_POINT ( 'NONE',  ( -6.784999999999999254, 4.154614266107391794E-16, 0.000000000000000000 ) ) ;
#1775 = CARTESIAN_POINT ( 'NONE',  ( -2.881405906844781928, 1.000000000000000000, 1.000000000000000000 ) ) ;
#1776 = ADVANCED_FACE ( 'NONE', ( #2131 ), #47, .T. ) ;
#1777 = DATE_TIME_ROLE ( 'creation_date' ) ;
#1778 = CYLINDRICAL_SURFACE ( 'NONE', #846, 6.784999999999999254 ) ;
#1779 = CIRCLE ( 'NONE', #1197, 1.449999999999999956 ) ;
#1780 = CARTESIAN_POINT ( 'NONE',  ( -0.3653979394783203882, -3.631664128994447349, 2.168404344971008868E-16 ) ) ;
#1781 = PLANE ( 'NONE',  #2424 ) ;
#1782 = CARTESIAN_POINT ( 'NONE',  ( 0.000000000000000000, 0.000000000000000000, 0.000000000000000000 ) ) ;
#1783 = ORIENTED_EDGE ( 'NONE', *, *, #1721, .T. ) ;
#1784 = CARTESIAN_POINT ( 'NONE',  ( -6.784999999999999254, 0.2941885800395184769, -1.606276854266542969E-13 ) ) ;
#1785 = EDGE_CURVE ( 'NONE', #128, #2167, #1109, .T. ) ;
#1786 = ORIENTED_EDGE ( 'NONE', *, *, #853, .T. ) ;
#1787 = DIRECTION ( 'NONE',  ( 0.000000000000000000, 0.000000000000000000, 1.000000000000000000 ) ) ;
#1788 = CARTESIAN_POINT ( 'NONE',  ( 5.334999999999999964, 0.000000000000000000, 1.000099999999999989 ) ) ;
#1789 = AXIS2_PLACEMENT_3D ( 'NONE', #2259, #991, #160 ) ;
#1790 = LINE ( 'NONE', #486, #1899 ) ;
#1791 = ORIENTED_EDGE ( 'NONE', *, *, #109, .T. ) ;
#1792 = AXIS2_PLACEMENT_3D ( 'NONE', #1758, #658, #1610 ) ;
#1793 = ORIENTED_EDGE ( 'NONE', *, *, #747, .F. ) ;
#1794 = CARTESIAN_POINT ( 'NONE',  ( -1.450000000000092992, -5.334999999999999076, -3.000000000000000000 ) ) ;
#1795 = DIRECTION ( 'NONE',  ( 0.000000000000000000, 0.000000000000000000, 1.000000000000000000 ) ) ;
#1796 = CARTESIAN_POINT ( 'NONE',  ( -6.768530918851396905, 0.5457701559299250604, -0.1535725405297428681 ) ) ;
#1797 = CARTESIAN_POINT ( 'NONE',  ( 0.000000000000000000, 0.000000000000000000, 1.000000000000000000 ) ) ;
#1798 = CIRCLE ( 'NONE', #408, 1.100000000000000311 ) ;
#1799 = ADVANCED_FACE ( 'NONE', ( #62 ), #1354, .T. ) ;
#1800 = AXIS2_PLACEMENT_3D ( 'NONE', #1985, #840, #2378 ) ;
#1801 = DIRECTION ( 'NONE',  ( -2.465190328815659650E-29, -1.000000000000000000, 0.000000000000000000 ) ) ;
#1802 = AXIS2_PLACEMENT_3D ( 'NONE', #1797, #1428, #148 ) ;
#1803 = EDGE_CURVE ( 'NONE', #2343, #1928, #1894, .T. ) ;
#1804 = EDGE_LOOP ( 'NONE', ( #2324, #313, #1575, #1454 ) ) ;
#1805 = DIRECTION ( 'NONE',  ( 0.000000000000000000, 0.000000000000000000, 1.000000000000000000 ) ) ;
#1806 = CARTESIAN_POINT ( 'NONE',  ( -2.672414677629659341, -3.772414677630553381, 3.200000000000000178 ) ) ;
#1807 = ORIENTED_EDGE ( 'NONE', *, *, #2365, .T. ) ;
#1808 = AXIS2_PLACEMENT_3D ( 'NONE', #2010, #1078, #968 ) ;
#1809 = DIRECTION ( 'NONE',  ( -0.7071067811865464625, 0.7071067811865486830, 0.000000000000000000 ) ) ;
#1810 = DIRECTION ( 'NONE',  ( 1.000000000000000000, 0.000000000000000000, 0.000000000000000000 ) ) ;
#1811 = ORIENTED_EDGE ( 'NONE', *, *, #2396, .F. ) ;
#1812 = FACE_BOUND ( 'NONE', #1513, .T. ) ;
#1813 = ORIENTED_EDGE ( 'NONE', *, *, #1650, .F. ) ;
#1815 = EDGE_CURVE ( 'NONE', #360, #1755, #1182, .T. ) ;
#1814 = LINE ( 'NONE', #1105, #2358 ) ;
#1816 = CARTESIAN_POINT ( 'NONE',  ( 0.000000000000000000, 0.000000000000000000, 0.000000000000000000 ) ) ;
#1817 = FACE_OUTER_BOUND ( 'NONE', #2439, .T. ) ;
#1818 = AXIS2_PLACEMENT_3D ( 'NONE', #1104, #111, #710 ) ;
#1819 = CARTESIAN_POINT ( 'NONE',  ( -6.702731448189901187, 1.088240320883760992, -0.2945219587646877302 ) ) ;
#1820 = ORIENTED_EDGE ( 'NONE', *, *, #2237, .T. ) ;
#1821 = DATE_TIME_ROLE ( 'classification_date' ) ;
#1822 = PLANE ( 'NONE',  #1120 ) ;
#1823 = VERTEX_POINT ( 'NONE', #1439 ) ;
#1824 = VERTEX_POINT ( 'NONE', #504 ) ;
#1825 = EDGE_LOOP ( 'NONE', ( #1438, #835, #1203, #1562 ) ) ;
#1826 = VERTEX_POINT ( 'NONE', #488 ) ;
#1827 = CARTESIAN_POINT ( 'NONE',  ( -0.1151253781924987951, -1.144222944751604798, 0.000000000000000000 ) ) ;
#1828 = CIRCLE ( 'NONE', #123, 3.885000000000000675 ) ;
#1829 = AXIS2_PLACEMENT_3D ( 'NONE', #1972, #844, #1599 ) ;
#1830 = PRODUCT_RELATED_PRODUCT_CATEGORY ( 'detail', '', ( #1244 ) ) ;
#1831 = AXIS2_PLACEMENT_3D ( 'NONE', #1869, #168, #1156 ) ;
#1832 = DIRECTION ( 'NONE',  ( -0.000000000000000000, -0.000000000000000000, -1.000000000000000000 ) ) ;
#1833 = DIRECTION ( 'NONE',  ( 0.000000000000000000, 0.000000000000000000, 1.000000000000000000 ) ) ;
#1834 = VERTEX_POINT ( 'NONE', #1274 ) ;
#1835 = DIRECTION ( 'NONE',  ( -0.000000000000000000, -0.000000000000000000, 1.000000000000000000 ) ) ;
#1836 = CARTESIAN_POINT ( 'NONE',  ( 7.425601884226450622, -1.053772583137646768, 0.000000000000000000 ) ) ;
#1837 = EDGE_LOOP ( 'NONE', ( #2246, #1811, #1839, #2339, #2135 ) ) ;
#1838 = ORIENTED_EDGE ( 'NONE', *, *, #287, .F. ) ;
#1839 = ORIENTED_EDGE ( 'NONE', *, *, #850, .T. ) ;
#1840 = DIRECTION ( 'NONE',  ( 0.000000000000000000, 0.000000000000000000, 1.000000000000000000 ) ) ;
#1841 = APPLICATION_PROTOCOL_DEFINITION ( 'international standard', 'config_control_design', 1994, #219 ) ;
#1842 = ORIENTED_EDGE ( 'NONE', *, *, #509, .F. ) ;
#1843 = AXIS2_PLACEMENT_3D ( 'NONE', #1685, #557, #1322 ) ;
#1844 = CIRCLE ( 'NONE', #1069, 1.100000000000000311 ) ;
#1845 = CARTESIAN_POINT ( 'NONE',  ( -9.313526471364059645E-14, -5.334999999999999076, -0.5000000000000000000 ) ) ;
#1846 = EDGE_CURVE ( 'NONE', #1019, #1355, #1082, .T. ) ;
#1847 = CARTESIAN_POINT ( 'NONE',  ( 2.672414677630250868, 3.772414677630212765, 1.000000000000000000 ) ) ;
#1848 = LINE ( 'NONE', #943, #990 ) ;
#1849 = CARTESIAN_POINT ( 'NONE',  ( -6.522311487470206615, -1.882440183091674379, -0.1422090466426988997 ) ) ;
#1850 = CARTESIAN_POINT ( 'NONE',  ( -6.534834874150174500, 1.837915783749214826, -0.4483205078085386042 ) ) ;
#1851 = EDGE_CURVE ( 'NONE', #576, #165, #14, .T. ) ;
#1852 = DIRECTION ( 'NONE',  ( -0.000000000000000000, -0.000000000000000000, -1.000000000000000000 ) ) ;
#1853 = FACE_OUTER_BOUND ( 'NONE', #1114, .T. ) ;
#1854 = DIRECTION ( 'NONE',  ( -1.000000000000000000, 0.000000000000000000, -0.000000000000000000 ) ) ;
#1855 = DIRECTION ( 'NONE',  ( -0.000000000000000000, -0.000000000000000000, -1.000000000000000000 ) ) ;
#1856 = CARTESIAN_POINT ( 'NONE',  ( 3.590050058698977420, -0.6729547811203201446, 8.455082879492424407E-15 ) ) ;
#1857 = ORIENTED_EDGE ( 'NONE', *, *, #196, .F. ) ;
#1858 = COORDINATED_UNIVERSAL_TIME_OFFSET ( 8, 0, .AHEAD. ) ;
#1859 = ORIENTED_EDGE ( 'NONE', *, *, #323, .F. ) ;
#1860 = ORIENTED_EDGE ( 'NONE', *, *, #1988, .F. ) ;
#1861 = DIRECTION ( 'NONE',  ( 0.000000000000000000, 0.000000000000000000, 1.000000000000000000 ) ) ;
#1862 = EDGE_CURVE ( 'NONE', #1429, #2395, #1160, .T. ) ;
#1863 = ORIENTED_EDGE ( 'NONE', *, *, #1343, .F. ) ;
#1864 = ORIENTED_EDGE ( 'NONE', *, *, #2166, .F. ) ;
#1865 = CARTESIAN_POINT ( 'NONE',  ( -6.785000000000000142, 3.743167967133260076E-14, 1.000099999999999989 ) ) ;
#1866 = LOCAL_TIME ( 14, 13, 19.00000000000000000, #1858 ) ;
#1867 = CARTESIAN_POINT ( 'NONE',  ( -6.247307725400857770, -2.656078182167461943, -0.5000000000000000000 ) ) ;
#1868 = ORIENTED_EDGE ( 'NONE', *, *, #147, .F. ) ;
#1869 = CARTESIAN_POINT ( 'NONE',  ( -5.334999999999999964, 3.725410588545623353E-14, -3.000000000000000000 ) ) ;
#1870 = CARTESIAN_POINT ( 'NONE',  ( 1.450000000000056133, 5.335000000000000853, -3.000000000000000000 ) ) ;
#1871 = AXIS2_PLACEMENT_3D ( 'NONE', #1953, #865, #1642 ) ;
#1872 = ORIENTED_EDGE ( 'NONE', *, *, #1585, .F. ) ;
#1873 = EDGE_CURVE ( 'NONE', #233, #1494, #650, .T. ) ;
#1874 = CARTESIAN_POINT ( 'NONE',  ( -2.091040041515558112, 0.3873648729281130021, -3.000000000000000000 ) ) ;
#1875 = ORIENTED_EDGE ( 'NONE', *, *, #554, .T. ) ;
#1876 = ORIENTED_EDGE ( 'NONE', *, *, #580, .F. ) ;
#1877 = EDGE_CURVE ( 'NONE', #393, #1137, #2355, .T. ) ;
#1878 = AXIS2_PLACEMENT_3D ( 'NONE', #730, #1918, #2297 ) ;
#1879 = AXIS2_PLACEMENT_3D ( 'NONE', #1827, #1458, #2217 ) ;
#1880 = AXIS2_PLACEMENT_3D ( 'NONE', #916, #1987, #871 ) ;
#1881 = CARTESIAN_POINT ( 'NONE',  ( 0.000000000000000000, 0.000000000000000000, 0.000000000000000000 ) ) ;
#1882 = ORIENTED_EDGE ( 'NONE', *, *, #2409, .F. ) ;
#1883 = ORIENTED_EDGE ( 'NONE', *, *, #379, .F. ) ;
#1884 = DIRECTION ( 'NONE',  ( 1.000000000000000000, 0.000000000000000000, 0.000000000000000000 ) ) ;
#1885 = CARTESIAN_POINT ( 'NONE',  ( 0.000000000000000000, 0.000000000000000000, -0.5000000000000000000 ) ) ;
#1886 = ORIENTED_EDGE ( 'NONE', *, *, #1903, .F. ) ;
#1887 = EDGE_LOOP ( 'NONE', ( #2201, #351, #1911, #1666, #1442 ) ) ;
#1888 = CARTESIAN_POINT ( 'NONE',  ( -5.889890976929381239, -1.339625322141327901, 1.000099999999999989 ) ) ;
#1889 = VECTOR ( 'NONE', #2049, 1000.000000000000000 ) ;
#1890 = DIRECTION ( 'NONE',  ( 1.000000000000000000, 0.000000000000000000, 0.000000000000000000 ) ) ;
#1891 = ADVANCED_FACE ( 'NONE', ( #2252 ), #945, .T. ) ;
#1892 = CARTESIAN_POINT ( 'NONE',  ( -5.355000000000001315, -5.251092743420171516, 1.000000000000000000 ) ) ;
#1893 = VERTEX_POINT ( 'NONE', #197 ) ;
#1894 = CIRCLE ( 'NONE', #507, 1.100000000000247447 ) ;
#1895 = CARTESIAN_POINT ( 'NONE',  ( -7.071594586794978987, 1.750364247810139107, -0.4097115361078204065 ) ) ;
#1896 = EDGE_LOOP ( 'NONE', ( #1422, #527 ) ) ;
#1897 = DIRECTION ( 'NONE',  ( 0.000000000000000000, 0.000000000000000000, -1.000000000000000000 ) ) ;
#1898 = DIRECTION ( 'NONE',  ( -0.000000000000000000, -0.000000000000000000, -1.000000000000000000 ) ) ;
#1899 = VECTOR ( 'NONE', #1271, 1000.000000000000000 ) ;
#1900 = ORIENTED_EDGE ( 'NONE', *, *, #1013, .T. ) ;
#1901 = CIRCLE ( 'NONE', #515, 1.449999999999999734 ) ;
#1902 = CARTESIAN_POINT ( 'NONE',  ( 3.050000000000000266, 0.000000000000000000, 1.000000000000000000 ) ) ;
#1903 = EDGE_CURVE ( 'NONE', #472, #162, #1461, .T. ) ;
#1904 = EDGE_CURVE ( 'NONE', #536, #100, #2425, .T. ) ;
#1905 = CARTESIAN_POINT ( 'NONE',  ( -9.313526471364059645E-14, -5.334999999999999076, -0.5000000000000000000 ) ) ;
#1906 = EDGE_CURVE ( 'NONE', #2399, #2395, #2473, .T. ) ;
#1907 = VECTOR ( 'NONE', #376, 1000.000000000000000 ) ;
#1908 = CARTESIAN_POINT ( 'NONE',  ( 3.559721180880972113, -0.8067745127279234429, 0.000000000000000000 ) ) ;
#1909 = LINE ( 'NONE', #776, #1576 ) ;
#1910 = VERTEX_POINT ( 'NONE', #757 ) ;
#1911 = ORIENTED_EDGE ( 'NONE', *, *, #1179, .F. ) ;
#1912 = AXIS2_PLACEMENT_3D ( 'NONE', #2076, #1914, #788 ) ;
#1913 = CARTESIAN_POINT ( 'NONE',  ( -3.885000000000000231, 3.725410588545623353E-14, 1.000099999999999989 ) ) ;
#1914 = DIRECTION ( 'NONE',  ( -1.000000000000000000, -2.873279640000274772E-29, 8.167435211446319317E-14 ) ) ;
#1915 = CARTESIAN_POINT ( 'NONE',  ( -9.313526471364059645E-14, -5.334999999999999076, -3.000000000000000000 ) ) ;
#1916 = VERTEX_POINT ( 'NONE', #2094 ) ;
#1917 = VERTEX_POINT ( 'NONE', #771 ) ;
#1918 = DIRECTION ( 'NONE',  ( -0.000000000000000000, -0.000000000000000000, 1.000000000000000000 ) ) ;
#1919 = CIRCLE ( 'NONE', #852, 1.449999999999999956 ) ;
#1920 = DIRECTION ( 'NONE',  ( 0.000000000000000000, 0.000000000000000000, 1.000000000000000000 ) ) ;
#1921 = ADVANCED_FACE ( 'NONE', ( #574 ), #1008, .F. ) ;
#1922 = VERTEX_POINT ( 'NONE', #631 ) ;
#1923 = DIRECTION ( 'NONE',  ( 1.000000000000000000, 0.000000000000000000, 0.000000000000000000 ) ) ;
#1924 = AXIS2_PLACEMENT_3D ( 'NONE', #1188, #2308, #2351 ) ;
#1925 = EDGE_LOOP ( 'NONE', ( #190, #806, #923, #653, #415 ) ) ;
#1926 = EDGE_CURVE ( 'NONE', #1494, #2132, #1736, .T. ) ;
#1927 = ORIENTED_EDGE ( 'NONE', *, *, #1268, .T. ) ;
#1928 = VERTEX_POINT ( 'NONE', #497 ) ;
#1929 = CARTESIAN_POINT ( 'NONE',  ( -3.885071948861332558, -0.1896833524974866902, 1.000099999999999989 ) ) ;
#1930 = ORIENTED_EDGE ( 'NONE', *, *, #2237, .F. ) ;
#1931 = DIRECTION ( 'NONE',  ( -0.000000000000000000, -0.000000000000000000, -1.000000000000000000 ) ) ;
#1932 = EDGE_LOOP ( 'NONE', ( #1927, #739, #1750, #851 ) ) ;
#1933 = DIRECTION ( 'NONE',  ( -0.000000000000000000, -0.000000000000000000, -1.000000000000000000 ) ) ;
#1934 = FACE_OUTER_BOUND ( 'NONE', #1980, .T. ) ;
#1935 = PLANE ( 'NONE',  #212 ) ;
#1936 = VECTOR ( 'NONE', #2475, 1000.000000000000000 ) ;
#1937 = CARTESIAN_POINT ( 'NONE',  ( -3.995374677858634982, -0.5548909769293436378, 1.000099999999999989 ) ) ;
#1938 = ADVANCED_FACE ( 'NONE', ( #882 ), #1481, .T. ) ;
#1939 = DIRECTION ( 'NONE',  ( -1.000000000000000000, 0.000000000000000000, -0.000000000000000000 ) ) ;
#1940 = VECTOR ( 'NONE', #533, 1000.000000000000000 ) ;
#1941 = CARTESIAN_POINT ( 'NONE',  ( 0.8380030626783815384, -5.435784291796506018, 0.000000000000000000 ) ) ;
#1942 = ORIENTED_EDGE ( 'NONE', *, *, #2243, .T. ) ;
#1943 = FACE_OUTER_BOUND ( 'NONE', #907, .T. ) ;
#1944 = CC_DESIGN_APPROVAL ( #1677, ( #2272 ) ) ;
#1945 = ORIENTED_EDGE ( 'NONE', *, *, #1004, .F. ) ;
#1946 = AXIS2_PLACEMENT_3D ( 'NONE', #1691, #750, #1328 ) ;
#1947 = CARTESIAN_POINT ( 'NONE',  ( 7.285000000000000142, -3.719598946947278815E-14, 0.000000000000000000 ) ) ;
#1948 = CARTESIAN_POINT ( 'NONE',  ( -6.785000000000000142, 1.750364247806723617, 1.000000000000000000 ) ) ;
#1949 = ORIENTED_EDGE ( 'NONE', *, *, #691, .T. ) ;
#1950 = VECTOR ( 'NONE', #1131, 1000.000000000000000 ) ;
#1951 = DIRECTION ( 'NONE',  ( -1.000000000000000000, 0.000000000000000000, 0.000000000000000000 ) ) ;
#1952 = EDGE_CURVE ( 'NONE', #1824, #1516, #1005, .T. ) ;
#1953 = CARTESIAN_POINT ( 'NONE',  ( 5.334999999999999964, 1.111089685890235705E-13, -0.5000000000000000000 ) ) ;
#1954 = EDGE_LOOP ( 'NONE', ( #16, #960, #682, #1416, #138, #2152, #2458, #1886, #264, #967, #2372, #2098 ) ) ;
#1955 = VERTEX_POINT ( 'NONE', #2388 ) ;
#1956 = ORIENTED_EDGE ( 'NONE', *, *, #1556, .T. ) ;
#1957 = EDGE_CURVE ( 'NONE', #1910, #985, #1631, .T. ) ;
#1958 = DIRECTION ( 'NONE',  ( 0.000000000000000000, 0.000000000000000000, 1.000000000000000000 ) ) ;
#1959 = CARTESIAN_POINT ( 'NONE',  ( -2.382407223532392148E-14, -3.884999999999999787, -0.4239988207530767106 ) ) ;
#1960 = CALENDAR_DATE ( 2024, 22, 5 ) ;
#1961 = CARTESIAN_POINT ( 'NONE',  ( -4.068029826335627597, -0.7301080103237685970, 1.000099999999999989 ) ) ;
#1962 = AXIS2_PLACEMENT_3D ( 'NONE', #513, #1635, #681 ) ;
#1963 = CIRCLE ( 'NONE', #369, 1.100000000000247447 ) ;
#1964 = DIRECTION ( 'NONE',  ( -1.000000000000000000, 0.000000000000000000, 0.000000000000000000 ) ) ;
#1965 = EDGE_LOOP ( 'NONE', ( #1331, #603, #1140, #898 ) ) ;
#1966 = CARTESIAN_POINT ( 'NONE',  ( -6.609392802706096859, 3.063845913151773015, 0.000000000000000000 ) ) ;
#1967 = CARTESIAN_POINT ( 'NONE',  ( -1.221910112359550382, -0.7806636134171174302, 0.000000000000000000 ) ) ;
#1968 = DIRECTION ( 'NONE',  ( -0.000000000000000000, -0.000000000000000000, 1.000000000000000000 ) ) ;
#1969 = ADVANCED_FACE ( 'NONE', ( #549 ), #510, .F. ) ;
#1970 = CYLINDRICAL_SURFACE ( 'NONE', #2157, 1.100000000000348477 ) ;
#1971 = EDGE_LOOP ( 'NONE', ( #1976, #173, #2397, #1080, #763 ) ) ;
#1972 = CARTESIAN_POINT ( 'NONE',  ( 1.949999999999906475, -5.334999999999999076, -0.5000000000000000000 ) ) ;
#1973 = CARTESIAN_POINT ( 'NONE',  ( -6.240606298060313861, -2.670534641093479600, -0.03687101848108836899 ) ) ;
#1974 = CARTESIAN_POINT ( 'NONE',  ( -6.785000000000000142, 1.750364247810141771, 3.794707603699265519E-16 ) ) ;
#1975 = PERSON_AND_ORGANIZATION ( #345, #2416 ) ;
#1976 = ORIENTED_EDGE ( 'NONE', *, *, #1225, .F. ) ;
#1977 = EDGE_LOOP ( 'NONE', ( #668, #2189, #1048, #2245 ) ) ;
#1978 = CARTESIAN_POINT ( 'NONE',  ( -3.772414677630230972, 3.772414677629907676, 3.200000000000000178 ) ) ;
#1979 = CARTESIAN_POINT ( 'NONE',  ( -9.313526471364060907E-14, -7.285000000000000142, -0.5000000000000000000 ) ) ;
#1980 = EDGE_LOOP ( 'NONE', ( #209, #721, #912, #407 ) ) ;
#1981 = CARTESIAN_POINT ( 'NONE',  ( 5.334999999999999964, 1.111089685890235705E-13, -3.000000000000000000 ) ) ;
#1982 = DIRECTION ( 'NONE',  ( -1.000000000000000000, 0.000000000000000000, 0.000000000000000000 ) ) ;
#1983 = CARTESIAN_POINT ( 'NONE',  ( 0.4068563093618106086, -3.939498883665958573, -0.4791199209104593515 ) ) ;
#1984 = DIRECTION ( 'NONE',  ( 0.000000000000000000, 0.000000000000000000, 1.000000000000000000 ) ) ;
#1985 = CARTESIAN_POINT ( 'NONE',  ( -1.785000000000000142, -1.750364247806723617, 1.000000000000000000 ) ) ;
#1986 = EDGE_CURVE ( 'NONE', #900, #416, #1779, .T. ) ;
#1987 = DIRECTION ( 'NONE',  ( 0.000000000000000000, 0.000000000000000000, 1.000000000000000000 ) ) ;
#1988 = EDGE_CURVE ( 'NONE', #306, #1216, #704, .T. ) ;
#1989 = VERTEX_POINT ( 'NONE', #2075 ) ;
#1990 = CARTESIAN_POINT ( 'NONE',  ( -6.609392802706097747, -3.063845913151767242, 0.000000000000000000 ) ) ;
#1991 = VERTEX_POINT ( 'NONE', #225 ) ;
#1992 = FACE_OUTER_BOUND ( 'NONE', #274, .T. ) ;
#1993 = PRODUCT_DEFINITION_SHAPE ( 'NONE', 'NONE',  #2272 ) ;
#1994 = DIRECTION ( 'NONE',  ( -0.000000000000000000, -0.000000000000000000, -1.000000000000000000 ) ) ;
#1995 = VERTEX_POINT ( 'NONE', #1739 ) ;
#1996 = DIRECTION ( 'NONE',  ( 1.000000000000000000, 0.000000000000000000, 0.000000000000000000 ) ) ;
#1997 = VECTOR ( 'NONE', #324, 1000.000000000000000 ) ;
#1998 = CARTESIAN_POINT ( 'NONE',  ( 0.000000000000000000, 0.000000000000000000, -3.000000000000000000 ) ) ;
#1999 = CARTESIAN_POINT ( 'NONE',  ( 3.885000000000000231, 0.000000000000000000, 1.000099999999999989 ) ) ;
#2000 = EDGE_CURVE ( 'NONE', #1755, #1826, #2022, .T. ) ;
#2001 = ORIENTED_EDGE ( 'NONE', *, *, #237, .T. ) ;
#2002 = AXIS2_PLACEMENT_3D ( 'NONE', #1070, #55, #645 ) ;
#2003 = EDGE_CURVE ( 'NONE', #1376, #1019, #2444, .T. ) ;
#2004 = ORIENTED_EDGE ( 'NONE', *, *, #1873, .T. ) ;
#2005 = AXIS2_PLACEMENT_3D ( 'NONE', #1881, #185, #2455 ) ;
#2006 = CARTESIAN_POINT ( 'NONE',  ( 5.588115882818434399E-14, 5.335000000000000853, -0.5000000000000000000 ) ) ;
#2007 = CARTESIAN_POINT ( 'NONE',  ( 2.672414677630250868, 3.772414677630212765, 3.200000000000000178 ) ) ;
#2008 = ORIENTED_EDGE ( 'NONE', *, *, #2086, .F. ) ;
#2009 = CARTESIAN_POINT ( 'NONE',  ( -6.704941225331756658E-16, -3.649999999999999911, -1.084202172485504434E-16 ) ) ;
#2010 = CARTESIAN_POINT ( 'NONE',  ( 0.000000000000000000, 0.000000000000000000, 1.000000000000000000 ) ) ;
#2011 = DIRECTION ( 'NONE',  ( 0.000000000000000000, 0.000000000000000000, 1.000000000000000000 ) ) ;
#2012 = CIRCLE ( 'NONE', #1074, 1.449999999999999956 ) ;
#2013 = CARTESIAN_POINT ( 'NONE',  ( 0.000000000000000000, 0.000000000000000000, -0.5000000000000000000 ) ) ;
#2014 = CARTESIAN_POINT ( 'NONE',  ( 1.186583248754606412, -0.9972563330332702147, 1.000000000000000000 ) ) ;
#2015 = CYLINDRICAL_SURFACE ( 'NONE', #997, 1.450000000000053690 ) ;
#2016 = ORIENTED_EDGE ( 'NONE', *, *, #508, .T. ) ;
#2017 = FACE_OUTER_BOUND ( 'NONE', #1002, .T. ) ;
#2018 = CARTESIAN_POINT ( 'NONE',  ( 0.000000000000000000, 0.000000000000000000, -0.5000000000000000000 ) ) ;
#2019 = EDGE_CURVE ( 'NONE', #524, #808, #1039, .T. ) ;
#2020 = EDGE_LOOP ( 'NONE', ( #319, #1550, #616, #932 ) ) ;
#2021 = EDGE_CURVE ( 'NONE', #83, #1030, #229, .T. ) ;
#2022 = CIRCLE ( 'NONE', #194, 3.885000000000000675 ) ;
#2023 = AXIS2_PLACEMENT_3D ( 'NONE', #2204, #29, #756 ) ;
#2024 = DIRECTION ( 'NONE',  ( 1.000000000000000000, 8.673617379884035472E-16, 0.000000000000000000 ) ) ;
#2025 = DIRECTION ( 'NONE',  ( -0.000000000000000000, -0.000000000000000000, 1.000000000000000000 ) ) ;
#2026 = DIRECTION ( 'NONE',  ( 0.000000000000000000, 1.000000000000000000, -0.000000000000000000 ) ) ;
#2027 = ORIENTED_EDGE ( 'NONE', *, *, #2418, .F. ) ;
#2028 = ORIENTED_EDGE ( 'NONE', *, *, #1122, .T. ) ;
#2029 = DIRECTION ( 'NONE',  ( 1.000000000000000000, 0.000000000000000000, 0.000000000000000000 ) ) ;
#2030 = CIRCLE ( 'NONE', #977, 1.449999999999999956 ) ;
#2031 = DIRECTION ( 'NONE',  ( 1.000000000000000000, 0.000000000000000000, 0.000000000000000000 ) ) ;
#2032 = ORIENTED_EDGE ( 'NONE', *, *, #1846, .F. ) ;
#2033 = ORIENTED_EDGE ( 'NONE', *, *, #2181, .T. ) ;
#2034 = CARTESIAN_POINT ( 'NONE',  ( 0.000000000000000000, 0.000000000000000000, -3.000000000000000000 ) ) ;
#2035 = EDGE_CURVE ( 'NONE', #900, #137, #2371, .T. ) ;
#2036 = ORIENTED_EDGE ( 'NONE', *, *, #1926, .T. ) ;
#2037 = CIRCLE ( 'NONE', #438, 7.500000000000000000 ) ;
#2038 = ORIENTED_EDGE ( 'NONE', *, *, #1306, .T. ) ;
#2039 = AXIS2_PLACEMENT_3D ( 'NONE', #2123, #242, #263 ) ;
#2040 = ADVANCED_FACE ( 'NONE', ( #621 ), #70, .T. ) ;
#2041 = AXIS2_PLACEMENT_3D ( 'NONE', #174, #1358, #982 ) ;
#2042 = DIRECTION ( 'NONE',  ( -1.000000000000000000, 0.000000000000000000, 0.000000000000000000 ) ) ;
#2043 = CARTESIAN_POINT ( 'NONE',  ( 0.000000000000000000, 0.000000000000000000, 1.000099999999999989 ) ) ;
#2044 = FACE_BOUND ( 'NONE', #506, .T. ) ;
#2045 = AXIS2_PLACEMENT_3D ( 'NONE', #716, #1281, #310 ) ;
#2046 = DIRECTION ( 'NONE',  ( 0.000000000000000000, 0.000000000000000000, -1.000000000000000000 ) ) ;
#2047 = EDGE_LOOP ( 'NONE', ( #1752, #1293, #744, #248 ) ) ;
#2048 = ORIENTED_EDGE ( 'NONE', *, *, #904, .F. ) ;
#2049 = DIRECTION ( 'NONE',  ( 0.000000000000000000, 0.000000000000000000, 1.000000000000000000 ) ) ;
#2050 = AXIS2_PLACEMENT_3D ( 'NONE', #826, #1578, #626 ) ;
#2051 = AXIS2_PLACEMENT_3D ( 'NONE', #63, #468, #1549 ) ;
#2052 = DIRECTION ( 'NONE',  ( 0.000000000000000000, 0.000000000000000000, 1.000000000000000000 ) ) ;
#2053 = DIRECTION ( 'NONE',  ( -0.000000000000000000, -0.000000000000000000, -1.000000000000000000 ) ) ;
#2054 = CYLINDRICAL_SURFACE ( 'NONE', #88, 2.050000000000000266 ) ;
#2055 = EDGE_CURVE ( 'NONE', #2445, #536, #963, .T. ) ;
#2056 = PLANE ( 'NONE',  #612 ) ;
#2057 = EDGE_LOOP ( 'NONE', ( #1370, #2287 ) ) ;
#2058 = LINE ( 'NONE', #139, #2345 ) ;
#2059 = CARTESIAN_POINT ( 'NONE',  ( -2.091040041515558112, 0.3873648729281128911, 1.000000000000000000 ) ) ;
#2060 = CARTESIAN_POINT ( 'NONE',  ( 0.8067745127278476147, -3.559721180880986324, -0.5000000000000018874 ) ) ;
#2061 = DIRECTION ( 'NONE',  ( 1.000000000000000000, 0.000000000000000000, -0.000000000000000000 ) ) ;
#2062 = VERTEX_POINT ( 'NONE', #421 ) ;
#2063 = CARTESIAN_POINT ( 'NONE',  ( -6.328942776967664940, -2.455109913856936554, -0.4955742234360130949 ) ) ;
#2064 = CARTESIAN_POINT ( 'NONE',  ( -1.126448363070360559, -3.736585964065859411, -0.4412920314611685213 ) ) ;
#2065 = DIRECTION ( 'NONE',  ( -0.000000000000000000, -0.000000000000000000, 1.000000000000000000 ) ) ;
#2066 = CARTESIAN_POINT ( 'NONE',  ( 0.000000000000000000, 0.000000000000000000, 1.000000000000000000 ) ) ;
#2067 = EDGE_CURVE ( 'NONE', #1834, #2445, #547, .T. ) ;
#2068 = CIRCLE ( 'NONE', #1006, 1.450000000000000178 ) ;
#2069 = LINE ( 'NONE', #352, #1950 ) ;
#2070 = DIRECTION ( 'NONE',  ( 1.000000000000000000, 0.000000000000000000, 0.000000000000000000 ) ) ;
#2071 = EDGE_LOOP ( 'NONE', ( #737, #1238, #1254, #383 ) ) ;
#2072 = ADVANCED_FACE ( 'NONE', ( #2233, #911, #1100, #1443, #1453, #2044, #1812, #922 ), #535, .T. ) ;
#2073 = EDGE_LOOP ( 'NONE', ( #253, #1183, #214, #18, #1050 ) ) ;
#2074 = CARTESIAN_POINT ( 'NONE',  ( -3.885000000000000231, 3.725410588545623353E-14, -3.500000000000000000 ) ) ;
#2075 = CARTESIAN_POINT ( 'NONE',  ( 2.050000000000000266, 0.000000000000000000, 1.000000000000000000 ) ) ;
#2076 = CARTESIAN_POINT ( 'NONE',  ( 9.726051581400930500E-29, -3.385000000000000675, -0.4239988207530775988 ) ) ;
#2077 = CYLINDRICAL_SURFACE ( 'NONE', #858, 1.100000000000247447 ) ;
#2078 = ORIENTED_EDGE ( 'NONE', *, *, #974, .F. ) ;
#2079 = DIRECTION ( 'NONE',  ( 1.000000000000000000, 0.000000000000000000, 0.000000000000000000 ) ) ;
#2080 = CYLINDRICAL_SURFACE ( 'NONE', #1043, 1.450000000000000178 ) ;
#2081 = CARTESIAN_POINT ( 'NONE',  ( -6.785000002137384634, 1.961310001676015657, 1.495203741977182603E-09 ) ) ;
#2082 = CARTESIAN_POINT ( 'NONE',  ( 3.559721180880972113, -0.8067745127279234429, 0.000000000000000000 ) ) ;
#2083 = FACE_OUTER_BOUND ( 'NONE', #683, .T. ) ;
#2084 = ORIENTED_EDGE ( 'NONE', *, *, #2391, .F. ) ;
#2085 = CARTESIAN_POINT ( 'NONE',  ( -5.334999999999999964, -1.449999999999962430, 1.000099999999999989 ) ) ;
#2086 = EDGE_CURVE ( 'NONE', #1991, #1601, #346, .T. ) ;
#2087 = FACE_OUTER_BOUND ( 'NONE', #386, .T. ) ;
#2088 = CARTESIAN_POINT ( 'NONE',  ( 5.588115882818434399E-14, 5.335000000000000853, -0.5000000000000000000 ) ) ;
#2089 =( NAMED_UNIT ( * ) SI_UNIT ( $, .STERADIAN. ) SOLID_ANGLE_UNIT ( ) );
#2090 = ORIENTED_EDGE ( 'NONE', *, *, #1107, .T. ) ;
#2091 = CARTESIAN_POINT ( 'NONE',  ( -9.313526471364059645E-14, -5.334999999999999076, -0.5000000000000000000 ) ) ;
#2092 = AXIS2_PLACEMENT_3D ( 'NONE', #1895, #1132, #775 ) ;
#2093 = AXIS2_PLACEMENT_3D ( 'NONE', #1240, #2146, #664 ) ;
#2094 = CARTESIAN_POINT ( 'NONE',  ( -1.449999999999999956, 0.000000000000000000, -3.500000000000000000 ) ) ;
#2095 = CARTESIAN_POINT ( 'NONE',  ( -3.772414677629907231, -3.772414677630553381, 1.000000000000000000 ) ) ;
#2096 = CARTESIAN_POINT ( 'NONE',  ( 2.838003062678381649, -5.435784291796506018, 1.000000000000000000 ) ) ;
#2097 = EDGE_LOOP ( 'NONE', ( #2279, #1956, #2147, #948 ) ) ;
#2098 = ORIENTED_EDGE ( 'NONE', *, *, #989, .T. ) ;
#2099 = CARTESIAN_POINT ( 'NONE',  ( -1.127909568554318120, -3.736032615744806051, -0.4413728090508148294 ) ) ;
#2100 = ADVANCED_FACE ( 'NONE', ( #2017 ), #1822, .T. ) ;
#2102 = EDGE_CURVE ( 'NONE', #1893, #2223, #992, .T. ) ;
#2101 = DIRECTION ( 'NONE',  ( 0.000000000000000000, 0.000000000000000000, 1.000000000000000000 ) ) ;
#2103 = LINE ( 'NONE', #2303, #314 ) ;
#2104 = APPROVAL_DATE_TIME ( #1157, #431 ) ;
#2105 = AXIS2_PLACEMENT_3D ( 'NONE', #2014, #328, #297 ) ;
#2106 = CIRCLE ( 'NONE', #2137, 1.449999999999999734 ) ;
#2107 =( BOUNDED_SURFACE ( )  B_SPLINE_SURFACE ( 3, 2, ( 
 ( #1974, #1046, #2289 ),
 ( #584, #663, #1275 ),
 ( #2356, #905, #1819 ),
 ( #516, #1058, #1796 ),
 ( #1784, #78, #93 ),
 ( #860, #480, #1072 ) ),
 .UNSPECIFIED., .F., .F., .F. ) 
 B_SPLINE_SURFACE_WITH_KNOTS ( ( 4, 2, 4 ),
 ( 3, 3 ),
 ( 0.002324973585470649536, 0.003244496624383145806, 0.004164019663295642076 ),
 ( 0.000000000000000000, 1.000000000000000000 ),
 .UNSPECIFIED. ) 
 GEOMETRIC_REPRESENTATION_ITEM ( )  RATIONAL_B_SPLINE_SURFACE ( (
 ( 1.000000000000000000, 0.8821559607762268218, 1.000000000000000000),
 ( 1.000000000000000000, 0.9233422487244723476, 1.000000000000000000),
 ( 1.000000000000000000, 0.9522990006587701561, 1.000000000000000000),
 ( 1.000000000000000000, 0.9906273492843244988, 1.000000000000000000),
 ( 1.000000000000000000, 0.9999439057603981551, 1.000000000000000000),
 ( 1.000000000000000000, 1.000000000000000000, 1.000000000000000000) ) ) 
 REPRESENTATION_ITEM ( '' )  SURFACE ( )  );
#2108 = CARTESIAN_POINT ( 'NONE',  ( -3.922719529381642367, -0.3796739435349187897, 1.000099999999999989 ) ) ;
#2109 = LINE ( 'NONE', #1874, #528 ) ;
#2110 = CC_DESIGN_SECURITY_CLASSIFICATION ( #1584, ( #1166 ) ) ;
#2111 = CARTESIAN_POINT ( 'NONE',  ( 0.4066019384665583436, -3.939461793730344663, -0.4790738252599369140 ) ) ;
#2112 = EDGE_CURVE ( 'NONE', #2480, #2399, #2250, .T. ) ;
#2113 = CARTESIAN_POINT ( 'NONE',  ( -6.766563271358333687, -0.5713439596716196611, -0.07744253915599622062 ) ) ;
#2114 = TOROIDAL_SURFACE ( 'NONE', #1871, 1.950000000000053912, 0.5000000000000000000 ) ;
#2115 = CARTESIAN_POINT ( 'NONE',  ( -4.955381123738213489, -1.412147526457124380, 1.000099999999999989 ) ) ;
#2116 = DIRECTION ( 'NONE',  ( 0.000000000000000000, 0.000000000000000000, 1.000000000000000000 ) ) ;
#2117 = FACE_BOUND ( 'NONE', #1567, .T. ) ;
#2118 = TOROIDAL_SURFACE ( 'NONE', #531, 1.949999999999999734, 0.5000000000000000000 ) ;
#2119 = FACE_OUTER_BOUND ( 'NONE', #1257, .T. ) ;
#2120 = FACE_OUTER_BOUND ( 'NONE', #762, .T. ) ;
#2121 = CIRCLE ( 'NONE', #177, 7.500000000000000000 ) ;
#2122 = EDGE_CURVE ( 'NONE', #1355, #1834, #1909, .T. ) ;
#2123 = CARTESIAN_POINT ( 'NONE',  ( 0.8380030626783815384, -5.435784291796506018, 1.000000000000000000 ) ) ;
#2124 = FACE_OUTER_BOUND ( 'NONE', #1705, .T. ) ;
#2125 = CARTESIAN_POINT ( 'NONE',  ( 6.785000000000054321, 1.111089685890235705E-13, -3.500000000000000000 ) ) ;
#2126 = AXIS2_PLACEMENT_3D ( 'NONE', #321, #1805, #2187 ) ;
#2127 = CARTESIAN_POINT ( 'NONE',  ( 3.649999999999999911, 0.000000000000000000, -3.000000000000000000 ) ) ;
#2128 = PLANE ( 'NONE',  #1792 ) ;
#2129 = LINE ( 'NONE', #829, #2309 ) ;
#2130 = CARTESIAN_POINT ( 'NONE',  ( -6.768530918851460854, -0.5457701559288654636, -0.1535725405293186241 ) ) ;
#2131 = FACE_OUTER_BOUND ( 'NONE', #118, .T. ) ;
#2132 = VERTEX_POINT ( 'NONE', #743 ) ;
#2133 = AXIS2_PLACEMENT_3D ( 'NONE', #1591, #641, #1939 ) ;
#2134 = ORIENTED_EDGE ( 'NONE', *, *, #221, .F. ) ;
#2135 = ORIENTED_EDGE ( 'NONE', *, *, #779, .F. ) ;
#2136 = CARTESIAN_POINT ( 'NONE',  ( -4.443770676581054069, 1.159482093077557785, 1.000099999999999989 ) ) ;
#2137 = AXIS2_PLACEMENT_3D ( 'NONE', #1905, #975, #770 ) ;
#2138 = EDGE_CURVE ( 'NONE', #524, #1678, #742, .T. ) ;
#2139 = DIRECTION ( 'NONE',  ( -0.1001090245146278035, -0.9949764736971069556, 0.000000000000000000 ) ) ;
#2140 = ORIENTED_EDGE ( 'NONE', *, *, #2161, .F. ) ;
#2141 = AXIS2_PLACEMENT_3D ( 'NONE', #899, #697, #2225 ) ;
#2142 = DIRECTION ( 'NONE',  ( 0.000000000000000000, 0.000000000000000000, 1.000000000000000000 ) ) ;
#2143 = CYLINDRICAL_SURFACE ( 'NONE', #1507, 1.449999999999999956 ) ;
#2144 = CIRCLE ( 'NONE', #1708, 3.649999999999999911 ) ;
#2145 = DIRECTION ( 'NONE',  ( -0.000000000000000000, -0.000000000000000000, -1.000000000000000000 ) ) ;
#2146 = DIRECTION ( 'NONE',  ( 0.000000000000000000, 0.000000000000000000, 1.000000000000000000 ) ) ;
#2147 = ORIENTED_EDGE ( 'NONE', *, *, #2240, .T. ) ;
#2148 = CIRCLE ( 'NONE', #1712, 7.500000000000000000 ) ;
#2149 = VECTOR ( 'NONE', #648, 1000.000000000000000 ) ;
#2150 = EDGE_CURVE ( 'NONE', #1319, #536, #2121, .T. ) ;
#2151 = DIRECTION ( 'NONE',  ( -1.000000000000000000, 0.000000000000000000, 0.000000000000000000 ) ) ;
#2152 = ORIENTED_EDGE ( 'NONE', *, *, #1167, .T. ) ;
#2153 = CARTESIAN_POINT ( 'NONE',  ( 1.142731449106884067, -7.412433125177054549, 1.000000000000000000 ) ) ;
#2154 = DIRECTION ( 'NONE',  ( -1.000000000000000000, 0.000000000000000000, 0.000000000000000000 ) ) ;
#2155 = ORIENTED_EDGE ( 'NONE', *, *, #2112, .F. ) ;
#2156 = CARTESIAN_POINT ( 'NONE',  ( 0.000000000000000000, 0.000000000000000000, -0.5000000000000000000 ) ) ;
#2157 = AXIS2_PLACEMENT_3D ( 'NONE', #2304, #260, #1041 ) ;
#2158 = CARTESIAN_POINT ( 'NONE',  ( -1.862705294272811677E-14, -5.335000000000000853, 1.000099999999999989 ) ) ;
#2159 = DIRECTION ( 'NONE',  ( 1.000000000000000000, 0.000000000000000000, 0.000000000000000000 ) ) ;
#2160 = CYLINDRICAL_SURFACE ( 'NONE', #186, 1.450000000000053690 ) ;
#2161 = EDGE_CURVE ( 'NONE', #941, #360, #572, .T. ) ;
#2162 = ORIENTED_EDGE ( 'NONE', *, *, #2193, .T. ) ;
#2163 = EDGE_CURVE ( 'NONE', #569, #673, #690, .T. ) ;
#2164 = DIRECTION ( 'NONE',  ( 1.000000000000000000, 0.000000000000000000, 0.000000000000000000 ) ) ;
#2165 = DIRECTION ( 'NONE',  ( 0.000000000000000000, 0.000000000000000000, 1.000000000000000000 ) ) ;
#2166 = EDGE_CURVE ( 'NONE', #2343, #1021, #2342, .T. ) ;
#2167 = VERTEX_POINT ( 'NONE', #1947 ) ;
#2168 = DIRECTION ( 'NONE',  ( 1.000000000000000000, 0.000000000000000000, 0.000000000000000000 ) ) ;
#2169 = ORIENTED_EDGE ( 'NONE', *, *, #530, .F. ) ;
#2170 = VERTEX_POINT ( 'NONE', #1574 ) ;
#2171 = CARTESIAN_POINT ( 'NONE',  ( -6.785000000000000142, 3.743167967133260076E-14, 1.000099999999999989 ) ) ;
#2172 = AXIS2_PLACEMENT_3D ( 'NONE', #1468, #2386, #285 ) ;
#2173 = CARTESIAN_POINT ( 'NONE',  ( -2.672414677629659341, -3.772414677630553381, 1.000000000000000000 ) ) ;
#2174 = LINE ( 'NONE', #2363, #820 ) ;
#2175 = CARTESIAN_POINT ( 'NONE',  ( -6.240421154369225398, 2.670934037855656307, -0.03679055957661693521 ) ) ;
#2176 = EDGE_CURVE ( 'NONE', #2399, #2480, #1844, .T. ) ;
#2177 = ORIENTED_EDGE ( 'NONE', *, *, #2003, .F. ) ;
#2178 = CARTESIAN_POINT ( 'NONE',  ( -6.534728789649262737, 1.838344372589517439, -0.4484002088414013598 ) ) ;
#2179 = CARTESIAN_POINT ( 'NONE',  ( 5.588115882818434399E-14, 5.335000000000000853, -3.500000000000000000 ) ) ;
#2180 = APPROVAL_PERSON_ORGANIZATION ( #895, #431, #2206 ) ;
#2181 = EDGE_CURVE ( 'NONE', #1955, #1232, #647, .T. ) ;
#2182 = CARTESIAN_POINT ( 'NONE',  ( 3.050000000000000266, 0.000000000000000000, -3.000000000000000000 ) ) ;
#2183 = ORIENTED_EDGE ( 'NONE', *, *, #2435, .F. ) ;
#2184 = CARTESIAN_POINT ( 'NONE',  ( 1.449999999999906475, -5.334999999999999076, -3.000000000000000000 ) ) ;
#2185 = ORIENTED_EDGE ( 'NONE', *, *, #261, .F. ) ;
#2186 = AXIS2_PLACEMENT_3D ( 'NONE', #1788, #2362, #607 ) ;
#2187 = DIRECTION ( 'NONE',  ( 1.000000000000000000, 0.000000000000000000, -0.000000000000000000 ) ) ;
#2188 = CYLINDRICAL_SURFACE ( 'NONE', #45, 1.450000000000000178 ) ;
#2189 = ORIENTED_EDGE ( 'NONE', *, *, #1236, .T. ) ;
#2190 = CARTESIAN_POINT ( 'NONE',  ( -1.449999999999999956, 0.000000000000000000, 1.000099999999999989 ) ) ;
#2191 = CARTESIAN_POINT ( 'NONE',  ( -6.784999999999999254, -0.5477628572829268405, -0.1540772821596419762 ) ) ;
#2192 = DIRECTION ( 'NONE',  ( 0.000000000000000000, 0.000000000000000000, 1.000000000000000000 ) ) ;
#2193 = EDGE_CURVE ( 'NONE', #1113, #550, #1566, .T. ) ;
#2194 = ORIENTED_EDGE ( 'NONE', *, *, #1877, .T. ) ;
#2195 = CIRCLE ( 'NONE', #854, 1.100000000000348477 ) ;
#2196 = ORIENTED_EDGE ( 'NONE', *, *, #940, .T. ) ;
#2197 = CIRCLE ( 'NONE', #1879, 2.500000000000000000 ) ;
#2198 = AXIS2_PLACEMENT_3D ( 'NONE', #605, #1600, #1205 ) ;
#2199 = CARTESIAN_POINT ( 'NONE',  ( 0.000000000000000000, 0.000000000000000000, 0.000000000000000000 ) ) ;
#2200 = DIRECTION ( 'NONE',  ( 1.000000000000000000, 0.000000000000000000, 0.000000000000000000 ) ) ;
#2201 = ORIENTED_EDGE ( 'NONE', *, *, #2067, .F. ) ;
#2202 = CARTESIAN_POINT ( 'NONE',  ( -1.449999999999944222, 5.335000000000000853, -3.500000000000000000 ) ) ;
#2203 = AXIS2_PLACEMENT_3D ( 'NONE', #1372, #423, #238 ) ;
#2204 = CARTESIAN_POINT ( 'NONE',  ( -5.334999999999999964, 3.725410588545623353E-14, -3.500000000000000000 ) ) ;
#2205 = ORIENTED_EDGE ( 'NONE', *, *, #2227, .F. ) ;
#2206 = APPROVAL_ROLE ( '' ) ;
#2207 = EDGE_CURVE ( 'NONE', #576, #1989, #908, .T. ) ;
#2208 = ORIENTED_EDGE ( 'NONE', *, *, #1590, .F. ) ;
#2209 = CARTESIAN_POINT ( 'NONE',  ( -6.601970173664696517, 0.7301080103228179130, 1.000099999999999989 ) ) ;
#2210 = CARTESIAN_POINT ( 'NONE',  ( -4.872414677630154678, -3.772414677630553381, 3.200000000000000178 ) ) ;
#2211 = ORIENTED_EDGE ( 'NONE', *, *, #305, .F. ) ;
#2212 = ADVANCED_FACE ( 'NONE', ( #919 ), #2015, .T. ) ;
#2213 = DIRECTION ( 'NONE',  ( 0.000000000000000000, 0.000000000000000000, 1.000000000000000000 ) ) ;
#2214 = CARTESIAN_POINT ( 'NONE',  ( -6.472565003431093089, -2.046700671717495812, -0.4695479498589424927 ) ) ;
#2215 = DIRECTION ( 'NONE',  ( 0.000000000000000000, 0.000000000000000000, 1.000000000000000000 ) ) ;
#2216 = AXIS2_PLACEMENT_3D ( 'NONE', #1463, #1795, #1615 ) ;
#2217 = DIRECTION ( 'NONE',  ( 1.000000000000000000, 0.000000000000000000, 0.000000000000000000 ) ) ;
#2218 = EDGE_LOOP ( 'NONE', ( #2196, #1699, #746, #2257, #222, #804, #2410, #1643, #2481, #35, #1385, #1707, #1243, #290 ) ) ;
#2219 = PLANE ( 'NONE',  #2126 ) ;
#2220 = AXIS2_PLACEMENT_3D ( 'NONE', #2066, #1462, #1298 ) ;
#2221 = CARTESIAN_POINT ( 'NONE',  ( 0.000000000000000000, 0.000000000000000000, -0.5000000000000000000 ) ) ;
#2222 = LOCAL_TIME ( 14, 13, 19.00000000000000000, #1206 ) ;
#2223 = VERTEX_POINT ( 'NONE', #2404 ) ;
#2224 = VERTEX_POINT ( 'NONE', #875 ) ;
#2225 = DIRECTION ( 'NONE',  ( 1.000000000000000000, 0.000000000000000000, 0.000000000000000000 ) ) ;
#2226 = VERTEX_POINT ( 'NONE', #1083 ) ;
#2227 = EDGE_CURVE ( 'NONE', #1030, #1742, #1060, .T. ) ;
#2228 = ORIENTED_EDGE ( 'NONE', *, *, #1851, .F. ) ;
#2229 = CIRCLE ( 'NONE', #1593, 1.000000000000000000 ) ;
#2230 = AXIS2_PLACEMENT_3D ( 'NONE', #2018, #2046, #1101 ) ;
#2231 = CARTESIAN_POINT ( 'NONE',  ( -3.772414677629907231, -3.772414677630553381, 1.000000000000000000 ) ) ;
#2232 = CARTESIAN_POINT ( 'NONE',  ( -1.862705294272811677E-14, -5.335000000000000853, 1.000000000000000000 ) ) ;
#2233 = FACE_OUTER_BOUND ( 'NONE', #1042, .T. ) ;
#2234 = CIRCLE ( 'NONE', #1484, 1.449999999999999734 ) ;
#2235 = CIRCLE ( 'NONE', #1800, 5.000000000000000000 ) ;
#2236 = CARTESIAN_POINT ( 'NONE',  ( -1.812848544956220609, -3.455965835160336397, -0.4799138174784547406 ) ) ;
#2237 = EDGE_CURVE ( 'NONE', #1232, #1955, #601, .T. ) ;
#2238 = ORIENTED_EDGE ( 'NONE', *, *, #1770, .T. ) ;
#2239 = AXIS2_PLACEMENT_3D ( 'NONE', #1187, #1379, #392 ) ;
#2240 = EDGE_CURVE ( 'NONE', #1095, #1922, #2282, .T. ) ;
#2241 = CARTESIAN_POINT ( 'NONE',  ( 0.8380030626783815384, -5.435784291796506018, 1.000000000000000000 ) ) ;
#2242 = DIRECTION ( 'NONE',  ( 0.000000000000000000, 0.000000000000000000, -1.000000000000000000 ) ) ;
#2243 = EDGE_CURVE ( 'NONE', #1823, #1021, #1963, .T. ) ;
#2244 = ORIENTED_EDGE ( 'NONE', *, *, #1480, .F. ) ;
#2245 = ORIENTED_EDGE ( 'NONE', *, *, #1031, .F. ) ;
#2246 = ORIENTED_EDGE ( 'NONE', *, *, #9, .F. ) ;
#2247 = DIRECTION ( 'NONE',  ( 1.000000000000000000, 0.000000000000000000, 0.000000000000000000 ) ) ;
#2248 = EDGE_LOOP ( 'NONE', ( #1032, #1791, #454, #267, #777, #2456 ) ) ;
#2249 = ORIENTED_EDGE ( 'NONE', *, *, #2449, .T. ) ;
#2250 = CIRCLE ( 'NONE', #2330, 1.100000000000000311 ) ;
#2251 = CARTESIAN_POINT ( 'NONE',  ( -6.609392802706097747, -3.063845913151769462, 0.000000000000000000 ) ) ;
#2252 = FACE_OUTER_BOUND ( 'NONE', #2406, .T. ) ;
#2253 = CARTESIAN_POINT ( 'NONE',  ( -6.784999999999999254, 1.750364247809955032, 1.084202172485504434E-16 ) ) ;
#2254 = AXIS2_PLACEMENT_3D ( 'NONE', #794, #2145, #614 ) ;
#2255 = ORIENTED_EDGE ( 'NONE', *, *, #1044, .F. ) ;
#2256 = EDGE_CURVE ( 'NONE', #555, #1036, #1745, .T. ) ;
#2257 = ORIENTED_EDGE ( 'NONE', *, *, #2055, .T. ) ;
#2258 = CARTESIAN_POINT ( 'NONE',  ( -4.872414677630579227, 3.772414677629907676, 1.000000000000000000 ) ) ;
#2259 = CARTESIAN_POINT ( 'NONE',  ( 5.588115882818435661E-14, 5.334999999999999076, 1.000000000000000000 ) ) ;
#2260 = CC_DESIGN_APPROVAL ( #431, ( #1584 ) ) ;
#2261 = DIRECTION ( 'NONE',  ( 0.000000000000000000, 0.000000000000000000, -1.000000000000000000 ) ) ;
#2262 = VERTEX_POINT ( 'NONE', #1145 ) ;
#2263 = ORIENTED_EDGE ( 'NONE', *, *, #2288, .F. ) ;
#2264 = FACE_OUTER_BOUND ( 'NONE', #978, .T. ) ;
#2265 = CIRCLE ( 'NONE', #433, 1.449999999999999956 ) ;
#2266 = FACE_OUTER_BOUND ( 'NONE', #387, .T. ) ;
#2267 = CARTESIAN_POINT ( 'NONE',  ( 3.772414677630250512, 3.772414677630212765, 3.200000000000000178 ) ) ;
#2268 = ORIENTED_EDGE ( 'NONE', *, *, #1239, .F. ) ;
#2269 = ORIENTED_EDGE ( 'NONE', *, *, #2102, .T. ) ;
#2270 = VECTOR ( 'NONE', #807, 1000.000000000000000 ) ;
#2271 = EDGE_CURVE ( 'NONE', #1137, #511, #1371, .T. ) ;
#2272 = PRODUCT_DEFINITION ( '未知', '', #1166, #459 ) ;
#2273 = DIRECTION ( 'NONE',  ( 0.000000000000000000, 0.000000000000000000, 1.000000000000000000 ) ) ;
#2274 = VERTEX_POINT ( 'NONE', #1512 ) ;
#2275 = CARTESIAN_POINT ( 'NONE',  ( -1.450000000000092992, -5.334999999999999076, -0.5000000000000000000 ) ) ;
#2276 = DIRECTION ( 'NONE',  ( 1.000000000000000000, 0.000000000000000000, 0.000000000000000000 ) ) ;
#2277 = ORIENTED_EDGE ( 'NONE', *, *, #1721, .F. ) ;
#2278 = ORIENTED_EDGE ( 'NONE', *, *, #1873, .F. ) ;
#2279 = ORIENTED_EDGE ( 'NONE', *, *, #2181, .F. ) ;
#2280 = CARTESIAN_POINT ( 'NONE',  ( 0.8067745127278493911, -3.559721180880988545, 0.000000000000000000 ) ) ;
#2281 = CIRCLE ( 'NONE', #1962, 1.450000000000053690 ) ;
#2282 = CIRCLE ( 'NONE', #1682, 1.450000000000000178 ) ;
#2283 = DIRECTION ( 'NONE',  ( -0.4137305193476618626, -0.9103993944200062804, 0.000000000000000000 ) ) ;
#2284 = ADVANCED_FACE ( 'NONE', ( #817 ), #793, .T. ) ;
#2285 = VERTEX_POINT ( 'NONE', #247 ) ;
#2286 = DIRECTION ( 'NONE',  ( -0.000000000000000000, -0.000000000000000000, -1.000000000000000000 ) ) ;
#2287 = ORIENTED_EDGE ( 'NONE', *, *, #974, .T. ) ;
#2288 = EDGE_CURVE ( 'NONE', #998, #1916, #2313, .T. ) ;
#2289 = CARTESIAN_POINT ( 'NONE',  ( -6.586241492299784284, 1.630229433272727180, -0.4097115361078031426 ) ) ;
#2290 = CARTESIAN_POINT ( 'NONE',  ( 0.000000000000000000, -3.885000000000000675, -0.5000000000000000000 ) ) ;
#2291 = ORIENTED_EDGE ( 'NONE', *, *, #2166, .T. ) ;
#2292 = ORIENTED_EDGE ( 'NONE', *, *, #728, .F. ) ;
#2293 = DIRECTION ( 'NONE',  ( -0.000000000000000000, -0.000000000000000000, -1.000000000000000000 ) ) ;
#2294 = LOCAL_TIME ( 14, 13, 19.00000000000000000, #877 ) ;
#2295 = ORIENTED_EDGE ( 'NONE', *, *, #1926, .F. ) ;
#2296 = CARTESIAN_POINT ( 'NONE',  ( -1.678609470171352536, -3.125637522343973629, -2.182944940039465195E-09 ) ) ;
#2297 = DIRECTION ( 'NONE',  ( 1.000000000000000000, 0.000000000000000000, 0.000000000000000000 ) ) ;
#2298 = LINE ( 'NONE', #1870, #1940 ) ;
#2299 = CC_DESIGN_PERSON_AND_ORGANIZATION_ASSIGNMENT ( #1751, #1764, ( #1244 ) ) ;
#2300 = DIRECTION ( 'NONE',  ( 0.000000000000000000, 0.000000000000000000, -1.000000000000000000 ) ) ;
#2301 = CARTESIAN_POINT ( 'NONE',  ( 6.785000000000000142, 1.775737858763661916E-16, 1.000000000000000000 ) ) ;
#2302 = LINE ( 'NONE', #590, #2353 ) ;
#2303 = CARTESIAN_POINT ( 'NONE',  ( -1.449999999999944222, 5.335000000000000853, -3.000000000000000000 ) ) ;
#2304 = CARTESIAN_POINT ( 'NONE',  ( -3.772414677630230972, 3.772414677629907676, 3.200000000000000178 ) ) ;
#2305 = ORIENTED_EDGE ( 'NONE', *, *, #1724, .F. ) ;
#2306 = CARTESIAN_POINT ( 'NONE',  ( 3.772414677630250512, 3.772414677630212765, 3.200000000000000178 ) ) ;
#2307 = CYLINDRICAL_SURFACE ( 'NONE', #571, 1.449999999999999734 ) ;
#2308 = DIRECTION ( 'NONE',  ( 0.000000000000000000, 0.000000000000000000, 1.000000000000000000 ) ) ;
#2309 = VECTOR ( 'NONE', #1968, 1000.000000000000000 ) ;
#2310 = FACE_OUTER_BOUND ( 'NONE', #1106, .T. ) ;
#2311 = CARTESIAN_POINT ( 'NONE',  ( 5.588115882818434399E-14, 5.335000000000000853, -3.000000000000000000 ) ) ;
#2312 = CARTESIAN_POINT ( 'NONE',  ( -6.784999999997098463, -0.2840712233886197313, -0.03853268837147916931 ) ) ;
#2313 = CIRCLE ( 'NONE', #1723, 1.449999999999999956 ) ;
#2314 = VERTEX_POINT ( 'NONE', #633 ) ;
#2315 = ADVANCED_FACE ( 'NONE', ( #1230 ), #1970, .T. ) ;
#2316 = ORIENTED_EDGE ( 'NONE', *, *, #759, .F. ) ;
#2317 = VERTEX_POINT ( 'NONE', #841 ) ;
#2318 = CARTESIAN_POINT ( 'NONE',  ( -4.175619657977959420, 0.8911275723635045942, 1.000099999999999989 ) ) ;
#2319 = CARTESIAN_POINT ( 'NONE',  ( -6.586241492300571210, -1.630229433269541062, -0.4097115361072288242 ) ) ;
#2320 = DIRECTION ( 'NONE',  ( -1.000000000000000000, 2.465190328815659370E-29, 0.000000000000000000 ) ) ;
#2321 = CYLINDRICAL_SURFACE ( 'NONE', #2186, 1.449999999999999956 ) ;
#2322 = AXIS2_PLACEMENT_3D ( 'NONE', #1998, #1068, #712 ) ;
#2323 = DIRECTION ( 'NONE',  ( 0.000000000000000000, 0.000000000000000000, 1.000000000000000000 ) ) ;
#2324 = ORIENTED_EDGE ( 'NONE', *, *, #1737, .T. ) ;
#2325 = CARTESIAN_POINT ( 'NONE',  ( 2.050000000000000266, 0.000000000000000000, 0.000000000000000000 ) ) ;
#2326 = ORIENTED_EDGE ( 'NONE', *, *, #1952, .F. ) ;
#2327 = DIRECTION ( 'NONE',  ( 0.000000000000000000, 0.000000000000000000, -1.000000000000000000 ) ) ;
#2328 = DIRECTION ( 'NONE',  ( 1.000000000000000000, 0.000000000000000000, 0.000000000000000000 ) ) ;
#2329 = ORIENTED_EDGE ( 'NONE', *, *, #1179, .T. ) ;
#2330 = AXIS2_PLACEMENT_3D ( 'NONE', #354, #1133, #1687 ) ;
#2331 = EDGE_CURVE ( 'NONE', #1995, #2314, #489, .T. ) ;
#2332 = APPROVAL_STATUS ( 'not_yet_approved' ) ;
#2333 = AXIS2_PLACEMENT_3D ( 'NONE', #2006, #2373, #667 ) ;
#2334 = CIRCLE ( 'NONE', #1386, 1.100000000000247447 ) ;
#2335 = CARTESIAN_POINT ( 'NONE',  ( 5.588115882818435661E-14, 5.334999999999999076, 1.000099999999999989 ) ) ;
#2336 = DIRECTION ( 'NONE',  ( 0.000000000000000000, 0.000000000000000000, -1.000000000000000000 ) ) ;
#2337 = CIRCLE ( 'NONE', #1207, 1.100000000000348477 ) ;
#2338 = CARTESIAN_POINT ( 'NONE',  ( -6.696448440550467396, -1.130310942694219056, -0.1343716083410207984 ) ) ;
#2339 = ORIENTED_EDGE ( 'NONE', *, *, #670, .T. ) ;
#2340 = CARTESIAN_POINT ( 'NONE',  ( 0.000000000000000000, 0.000000000000000000, -3.000000000000000000 ) ) ;
#2341 = UNCERTAINTY_MEASURE_WITH_UNIT (LENGTH_MEASURE( 1.000000000000000082E-05 ), #335, 'distance_accuracy_value', 'NONE');
#2342 = LINE ( 'NONE', #2357, #1530 ) ;
#2343 = VERTEX_POINT ( 'NONE', #1806 ) ;
#2344 = EDGE_CURVE ( 'NONE', #472, #861, #1110, .T. ) ;
#2345 = VECTOR ( 'NONE', #1476, 1000.000000000000000 ) ;
#2346 = CIRCLE ( 'NONE', #2254, 2.000000000000000000 ) ;
#2347 = ADVANCED_FACE ( 'NONE', ( #672 ), #2188, .T. ) ;
#2348 = FACE_OUTER_BOUND ( 'NONE', #152, .T. ) ;
#2349 = CIRCLE ( 'NONE', #2230, 6.784999999999999254 ) ;
#2350 = ADVANCED_FACE ( 'NONE', ( #1272 ), #857, .T. ) ;
#2351 = DIRECTION ( 'NONE',  ( 1.000000000000000000, 0.000000000000000000, 0.000000000000000000 ) ) ;
#2352 = CARTESIAN_POINT ( 'NONE',  ( -6.247266160504389987, 2.656167846835772117, -0.5000000000000001110 ) ) ;
#2353 = VECTOR ( 'NONE', #1334, 1000.000000000000000 ) ;
#2354 = ORIENTED_EDGE ( 'NONE', *, *, #20, .T. ) ;
#2355 = LINE ( 'NONE', #893, #611 ) ;
#2356 = CARTESIAN_POINT ( 'NONE',  ( -6.784999999999997478, 1.168434891298774314, -3.023910559786279597E-15 ) ) ;
#2357 = CARTESIAN_POINT ( 'NONE',  ( -2.672414677629659341, -3.772414677630553381, 3.200000000000000178 ) ) ;
#2358 = VECTOR ( 'NONE', #2376, 1000.000000000000000 ) ;
#2359 = DIRECTION ( 'NONE',  ( 1.000000000000000000, 0.000000000000000000, 0.000000000000000000 ) ) ;
#2360 = ADVANCED_FACE ( 'NONE', ( #132 ), #293, .T. ) ;
#2361 = CARTESIAN_POINT ( 'NONE',  ( -0.3388690479820635759, -3.367995363465190906, -0.4239988207538528120 ) ) ;
#2362 = DIRECTION ( 'NONE',  ( -0.000000000000000000, -0.000000000000000000, -1.000000000000000000 ) ) ;
#2363 = CARTESIAN_POINT ( 'NONE',  ( -4.872414677630579227, 3.772414677629907676, 3.200000000000000178 ) ) ;
#2364 = ADVANCED_BREP_SHAPE_REPRESENTATION ( '一体按钮20240522', ( #1381, #714 ), #1667 ) ;
#2365 = EDGE_CURVE ( 'NONE', #702, #998, #1694, .T. ) ;
#2366 = CARTESIAN_POINT ( 'NONE',  ( 0.5054236072637636745, -3.971981926743593405, -0.4999998988697252900 ) ) ;
#2367 = ORIENTED_EDGE ( 'NONE', *, *, #481, .T. ) ;
#2368 = CYLINDRICAL_SURFACE ( 'NONE', #1138, 7.500000000000000000 ) ;
#2369 = ORIENTED_EDGE ( 'NONE', *, *, #910, .F. ) ;
#2370 = AXIS2_PLACEMENT_3D ( 'NONE', #539, #1103, #2200 ) ;
#2371 = LINE ( 'NONE', #255, #1081 ) ;
#2372 = ORIENTED_EDGE ( 'NONE', *, *, #1152, .T. ) ;
#2373 = DIRECTION ( 'NONE',  ( -0.000000000000000000, -0.000000000000000000, 1.000000000000000000 ) ) ;
#2374 = CIRCLE ( 'NONE', #1199, 6.784999999999999254 ) ;
#2375 = VERTEX_POINT ( 'NONE', #1717 ) ;
#2376 = DIRECTION ( 'NONE',  ( -0.000000000000000000, -0.000000000000000000, -1.000000000000000000 ) ) ;
#2377 = ORIENTED_EDGE ( 'NONE', *, *, #921, .T. ) ;
#2378 = DIRECTION ( 'NONE',  ( 1.000000000000000000, 0.000000000000000000, 0.000000000000000000 ) ) ;
#2379 = APPROVAL ( #1602, '未指定' ) ;
#2380 = DIRECTION ( 'NONE',  ( 0.000000000000000000, 0.000000000000000000, -1.000000000000000000 ) ) ;
#2381 = DIRECTION ( 'NONE',  ( 1.000000000000000000, 0.000000000000000000, 0.000000000000000000 ) ) ;
#2382 = DIRECTION ( 'NONE',  ( 0.000000000000000000, 0.000000000000000000, -1.000000000000000000 ) ) ;
#2383 = APPROVAL_DATE_TIME ( #1301, #2379 ) ;
#2384 = VERTEX_POINT ( 'NONE', #167 ) ;
#2385 = CARTESIAN_POINT ( 'NONE',  ( -5.889890976929381239, 1.339625322141402730, 1.000099999999999989 ) ) ;
#2386 = DIRECTION ( 'NONE',  ( -0.000000000000000000, -0.000000000000000000, -1.000000000000000000 ) ) ;
#2387 = CARTESIAN_POINT ( 'NONE',  ( 1.186583248754606412, -0.9972563330332702147, 1.000099999999999989 ) ) ;
#2388 = CARTESIAN_POINT ( 'NONE',  ( 1.449999999999981526, -5.335000000000000853, 1.000099999999999989 ) ) ;
#2389 = ORIENTED_EDGE ( 'NONE', *, *, #1167, .F. ) ;
#2390 = ORIENTED_EDGE ( 'NONE', *, *, #342, .T. ) ;
#2391 = EDGE_CURVE ( 'NONE', #534, #1319, #1307, .T. ) ;
#2392 = PLANE ( 'NONE',  #2023 ) ;
#2393 = DIRECTION ( 'NONE',  ( -0.000000000000000000, -0.000000000000000000, -1.000000000000000000 ) ) ;
#2394 = CARTESIAN_POINT ( 'NONE',  ( -1.862705294272811677E-14, -5.335000000000000853, 1.000099999999999989 ) ) ;
#2395 = VERTEX_POINT ( 'NONE', #970 ) ;
#2396 = EDGE_CURVE ( 'NONE', #1641, #563, #1148, .T. ) ;
#2397 = ORIENTED_EDGE ( 'NONE', *, *, #1412, .F. ) ;
#2398 = DIRECTION ( 'NONE',  ( -0.6256305473845928944, -0.7801194896804301004, 0.000000000000000000 ) ) ;
#2399 = VERTEX_POINT ( 'NONE', #2465 ) ;
#2400 = VECTOR ( 'NONE', #942, 1000.000000000000000 ) ;
#2401 = EDGE_LOOP ( 'NONE', ( #635, #2291, #878, #1945 ) ) ;
#2402 = ORIENTED_EDGE ( 'NONE', *, *, #530, .T. ) ;
#2403 = CARTESIAN_POINT ( 'NONE',  ( -6.575611205119098912, -1.673176540640347598, -0.1464681607912156069 ) ) ;
#2404 = CARTESIAN_POINT ( 'NONE',  ( 0.000000000000000000, -3.885000000000000675, -0.4239988207530769881 ) ) ;
#2405 = ORIENTED_EDGE ( 'NONE', *, *, #224, .F. ) ;
#2406 = EDGE_LOOP ( 'NONE', ( #2461, #2162 ) ) ;
#2407 = ORIENTED_EDGE ( 'NONE', *, *, #1013, .F. ) ;
#2408 = CYLINDRICAL_SURFACE ( 'NONE', #241, 2.499999999999999556 ) ;
#2409 = EDGE_CURVE ( 'NONE', #1413, #2262, #769, .T. ) ;
#2410 = ORIENTED_EDGE ( 'NONE', *, *, #863, .F. ) ;
#2411 = AXIS2_PLACEMENT_3D ( 'NONE', #464, #99, #864 ) ;
#2412 = FACE_OUTER_BOUND ( 'NONE', #1026, .T. ) ;
#2413 = CARTESIAN_POINT ( 'NONE',  ( 2.836668368154656505, -5.362729540510723147, 1.000000000000000000 ) ) ;
#2414 = CARTESIAN_POINT ( 'NONE',  ( 3.884999999999946496, 1.112865423748999378E-13, -3.500000000000000000 ) ) ;
#2415 = VERTEX_POINT ( 'NONE', #731 ) ;
#2416 = ORGANIZATION ( '未指定', '未指定', '' ) ;
#2417 = EDGE_CURVE ( 'NONE', #1760, #1413, #250, .T. ) ;
#2418 = EDGE_CURVE ( 'NONE', #2223, #2274, #579, .T. ) ;
#2419 = ORIENTED_EDGE ( 'NONE', *, *, #670, .F. ) ;
#2420 = ADVANCED_FACE ( 'NONE', ( #1176 ), #792, .T. ) ;
#2421 = VERTEX_POINT ( 'NONE', #2325 ) ;
#2422 = CYLINDRICAL_SURFACE ( 'NONE', #1878, 1.000000000000000000 ) ;
#2423 = DIRECTION ( 'NONE',  ( -0.000000000000000000, -0.000000000000000000, -1.000000000000000000 ) ) ;
#2424 = AXIS2_PLACEMENT_3D ( 'NONE', #2179, #437, #815 ) ;
#2425 = LINE ( 'NONE', #959, #1273 ) ;
#2426 = PERSON_AND_ORGANIZATION_ROLE ( 'classification_officer' ) ;
#2427 = DIRECTION ( 'NONE',  ( -0.000000000000000000, -0.000000000000000000, 1.000000000000000000 ) ) ;
#2428 = AXIS2_PLACEMENT_3D ( 'NONE', #436, #2165, #1996 ) ;
#2429 = CARTESIAN_POINT ( 'NONE',  ( -3.749999999999999556, -2.395829710142188151, 0.000000000000000000 ) ) ;
#2430 = CIRCLE ( 'NONE', #2002, 2.500000000000000000 ) ;
#2431 = CARTESIAN_POINT ( 'NONE',  ( -6.747147526457660582, -0.3796188762609273848, 1.000099999999999989 ) ) ;
#2432 = ADVANCED_FACE ( 'NONE', ( #53, #2117 ), #2143, .T. ) ;
#2433 = VECTOR ( 'NONE', #894, 1000.000000000000000 ) ;
#2434 = FACE_OUTER_BOUND ( 'NONE', #1146, .T. ) ;
#2435 = EDGE_CURVE ( 'NONE', #1742, #569, #158, .T. ) ;
#2436 = CARTESIAN_POINT ( 'NONE',  ( -6.534354324747737586, -1.839857237111262256, -0.4486814249963447798 ) ) ;
#2437 = DIRECTION ( 'NONE',  ( -1.000000000000000000, 0.000000000000000000, 0.000000000000000000 ) ) ;
#2438 = DIRECTION ( 'NONE',  ( 0.000000000000000000, 0.000000000000000000, 1.000000000000000000 ) ) ;
#2439 = EDGE_LOOP ( 'NONE', ( #639, #1169, #1543, #1684 ) ) ;
#2440 = AXIS2_PLACEMENT_3D ( 'NONE', #1007, #2470, #1746 ) ;
#2441 = CARTESIAN_POINT ( 'NONE',  ( 5.334999999999999964, 1.111089685890235705E-13, -3.500000000000000000 ) ) ;
#2442 = ORIENTED_EDGE ( 'NONE', *, *, #1668, .F. ) ;
#2443 = DIRECTION ( 'NONE',  ( 1.000000000000000000, 0.000000000000000000, 0.000000000000000000 ) ) ;
#2444 = LINE ( 'NONE', #751, #1502 ) ;
#2445 = VERTEX_POINT ( 'NONE', #1434 ) ;
#2446 = ORIENTED_EDGE ( 'NONE', *, *, #1057, .F. ) ;
#2447 = CARTESIAN_POINT ( 'NONE',  ( -1.154307070278403735, -3.727183173634823987, -0.1444689660931952335 ) ) ;
#2448 = AXIS2_PLACEMENT_3D ( 'NONE', #2340, #636, #457 ) ;
#2449 = EDGE_CURVE ( 'NONE', #2317, #2415, #1790, .T. ) ;
#2450 = AXIS2_PLACEMENT_3D ( 'NONE', #585, #1221, #234 ) ;
#2451 = EDGE_CURVE ( 'NONE', #2415, #2224, #1194, .T. ) ;
#2452 = CARTESIAN_POINT ( 'NONE',  ( 0.000000000000000000, 0.000000000000000000, 1.000000000000000000 ) ) ;
#2453 = DIRECTION ( 'NONE',  ( 0.000000000000000000, 0.000000000000000000, 1.000000000000000000 ) ) ;
#2454 = AXIS2_PLACEMENT_3D ( 'NONE', #1051, #103, #1037 ) ;
#2455 = DIRECTION ( 'NONE',  ( 1.000000000000000000, 0.000000000000000000, 0.000000000000000000 ) ) ;
#2456 = ORIENTED_EDGE ( 'NONE', *, *, #910, .T. ) ;
#2457 = DIRECTION ( 'NONE',  ( 1.000000000000000000, 0.000000000000000000, 0.000000000000000000 ) ) ;
#2458 = ORIENTED_EDGE ( 'NONE', *, *, #1343, .T. ) ;
#2459 = CIRCLE ( 'NONE', #311, 1.100000000000348477 ) ;
#2460 = DIRECTION ( 'NONE',  ( 1.000000000000000000, 0.000000000000000000, 0.000000000000000000 ) ) ;
#2461 = ORIENTED_EDGE ( 'NONE', *, *, #147, .T. ) ;
#2462 = DIRECTION ( 'NONE',  ( 1.000000000000000000, 0.000000000000000000, 0.000000000000000000 ) ) ;
#2463 = CARTESIAN_POINT ( 'NONE',  ( -3.772414677629907231, -3.772414677630553381, 3.200000000000000178 ) ) ;
#2464 = ORIENTED_EDGE ( 'NONE', *, *, #1957, .T. ) ;
#2465 = CARTESIAN_POINT ( 'NONE',  ( 4.872414677630250601, 3.772414677630212765, 3.200000000000000178 ) ) ;
#2466 = CARTESIAN_POINT ( 'NONE',  ( 6.785000000000000142, 1.775737858763661916E-16, 1.000099999999999989 ) ) ;
#2467 = AXIS2_PLACEMENT_3D ( 'NONE', #1653, #949, #2029 ) ;
#2468 = CIRCLE ( 'NONE', #983, 1.449999999999999956 ) ;
#2469 = DIRECTION ( 'NONE',  ( -0.000000000000000000, -0.000000000000000000, 1.000000000000000000 ) ) ;
#2470 = DIRECTION ( 'NONE',  ( 0.000000000000000000, 0.000000000000000000, 1.000000000000000000 ) ) ;
#2471 = PLANE ( 'NONE',  #1477 ) ;
#2472 = EDGE_CURVE ( 'NONE', #1928, #2343, #2334, .T. ) ;
#2473 = LINE ( 'NONE', #1697, #300 ) ;
#2474 = CIRCLE ( 'NONE', #637, 2.000000000000000000 ) ;
#2475 = DIRECTION ( 'NONE',  ( -0.000000000000000000, -0.000000000000000000, 1.000000000000000000 ) ) ;
#2476 = EDGE_CURVE ( 'NONE', #1554, #976, #795, .T. ) ;
#2477 = ORIENTED_EDGE ( 'NONE', *, *, #1785, .T. ) ;
#2478 = ORIENTED_EDGE ( 'NONE', *, *, #2476, .T. ) ;
#2479 = CARTESIAN_POINT ( 'NONE',  ( -0.3889235602416172832, -3.865483600313031065, -0.4239988207530775433 ) ) ;
#2480 = VERTEX_POINT ( 'NONE', #2007 ) ;
#2481 = ORIENTED_EDGE ( 'NONE', *, *, #1094, .T. ) ;
#2482 = CARTESIAN_POINT ( 'NONE',  ( -0.7660910390096651312, -3.827535097709106271, -0.1468754085875396687 ) ) ;
#2483 = DIRECTION ( 'NONE',  ( -0.000000000000000000, -0.000000000000000000, 1.000000000000000000 ) ) ;
ENDSEC;
END-ISO-10303-21;
