ISO-10303-21;
HEADER;
FILE_DESCRIPTION (( 'STEP AP203' ),
    '1' );
FILE_NAME ('上壳20240522.STEP',
    '2024-05-22T06:12:36',
    ( '' ),
    ( '' ),
    'SwSTEP 2.0',
    'SolidWorks 2020',
    '' );
FILE_SCHEMA (( 'CONFIG_CONTROL_DESIGN' ));
ENDSEC;

DATA;
#1 = ORIENTED_EDGE ( 'NONE', *, *, #5622, .F. ) ;
#2 = CARTESIAN_POINT ( 'NONE',  ( -5.669593599177066068, 27.03837947678106701, 3.500000000000000000 ) ) ;
#3 = CARTESIAN_POINT ( 'NONE',  ( -4.803906362985458145, 24.63512477755596208, 1.499999999999999778 ) ) ;
#4 = DIRECTION ( 'NONE',  ( 0.000000000000000000, 0.000000000000000000, -1.000000000000000000 ) ) ;
#5 = CARTESIAN_POINT ( 'NONE',  ( -1.387358394700001885, -35.27084328170000305, 7.386156972313998814 ) ) ;
#6 = VECTOR ( 'NONE', #5970, 1000.000000000000000 ) ;
#7 = DIRECTION ( 'NONE',  ( 0.000000000000000000, 0.000000000000000000, 1.000000000000000000 ) ) ;
#8 = EDGE_LOOP ( 'NONE', ( #4217, #4239 ) ) ;
#9 = CARTESIAN_POINT ( 'NONE',  ( -18.71863864664125998, 23.67963109659307364, 3.500000000000000000 ) ) ;
#10 = EDGE_CURVE ( 'NONE', #4123, #4120, #3593, .T. ) ;
#11 = DIRECTION ( 'NONE',  ( -0.000000000000000000, -0.000000000000000000, -1.000000000000000000 ) ) ;
#12 = ORIENTED_EDGE ( 'NONE', *, *, #821, .T. ) ;
#13 = DIRECTION ( 'NONE',  ( -0.000000000000000000, -0.000000000000000000, 1.000000000000000000 ) ) ;
#14 = CARTESIAN_POINT ( 'NONE',  ( -1.169593599177062071, 27.03837947678106346, 3.500000000000000000 ) ) ;
#15 = CARTESIAN_POINT ( 'NONE',  ( -3.059619448886543136, 29.78837947678107057, 1.500000000000000000 ) ) ;
#16 = CARTESIAN_POINT ( 'NONE',  ( 3.851297942645397487, -22.23771907541695469, 2.500000000000000000 ) ) ;
#17 = EDGE_CURVE ( 'NONE', #2080, #3274, #1790, .T. ) ;
#18 = CARTESIAN_POINT ( 'NONE',  ( 15.74749555500000042, -30.40006096009999936, 12.22253967444162015 ) ) ;
#19 = CARTESIAN_POINT ( 'NONE',  ( 1.015104530592225718, 26.44944673697268911, 3.500000000000000444 ) ) ;
#20 = AXIS2_PLACEMENT_3D ( 'NONE', #2065, #401, #5689 ) ;
#21 = CARTESIAN_POINT ( 'NONE',  ( -2.749305308601172726, 36.80100000000001614, 1.740000000223998144 ) ) ;
#22 = DIRECTION ( 'NONE',  ( -0.000000000000000000, -0.000000000000000000, 1.000000000000000000 ) ) ;
#23 = CARTESIAN_POINT ( 'NONE',  ( 0.1172872745645141268, -22.23771907541695469, 1.500000000000000000 ) ) ;
#24 = VERTEX_POINT ( 'NONE', #5736 ) ;
#25 = EDGE_CURVE ( 'NONE', #6566, #3469, #5796, .T. ) ;
#26 = EDGE_CURVE ( 'NONE', #4942, #4470, #2007, .T. ) ;
#27 = AXIS2_PLACEMENT_3D ( 'NONE', #1315, #1772, #2277 ) ;
#28 = FACE_OUTER_BOUND ( 'NONE', #1354, .T. ) ;
#29 = CARTESIAN_POINT ( 'NONE',  ( -4.465728473447176050, 36.29999999999999005, 6.100000073095998232 ) ) ;
#30 = CARTESIAN_POINT ( 'NONE',  ( 11.63193009617637586, 28.42110960131407893, 1.500000000000156097 ) ) ;
#31 = DIRECTION ( 'NONE',  ( -0.000000000000000000, -1.000000000000000000, -0.000000000000000000 ) ) ;
#32 = ORIENTED_EDGE ( 'NONE', *, *, #4891, .F. ) ;
#33 = FACE_OUTER_BOUND ( 'NONE', #4477, .T. ) ;
#34 = EDGE_LOOP ( 'NONE', ( #6238, #1044 ) ) ;
#35 = AXIS2_PLACEMENT_3D ( 'NONE', #2343, #3969, #3368 ) ;
#36 = CARTESIAN_POINT ( 'NONE',  ( -22.27465836929999909, 27.40006096009999936, 1.500000000000000000 ) ) ;
#37 = CARTESIAN_POINT ( 'NONE',  ( -22.61214465342765934, 24.17963109659307364, 1.500000000000000000 ) ) ;
#38 = LINE ( 'NONE', #4288, #4544 ) ;
#39 = CARTESIAN_POINT ( 'NONE',  ( 7.866660329088928982, 28.17152217661834257, 1.500000000000000000 ) ) ;
#40 = VECTOR ( 'NONE', #5883, 1000.000000000000000 ) ;
#41 = CARTESIAN_POINT ( 'NONE',  ( -1.729590113636370052, 29.23746328776666203, 1.500000000000000000 ) ) ;
#42 = DIRECTION ( 'NONE',  ( -0.000000000000000000, -0.000000000000000000, 1.000000000000000000 ) ) ;
#43 = LINE ( 'NONE', #5831, #5299 ) ;
#44 = AXIS2_PLACEMENT_3D ( 'NONE', #280, #3612, #4093 ) ;
#45 = DIRECTION ( 'NONE',  ( -1.000000000000000000, 0.000000000000000000, 0.000000000000000000 ) ) ;
#46 = DIRECTION ( 'NONE',  ( -0.000000000000000000, -0.000000000000000000, 1.000000000000000000 ) ) ;
#47 = CARTESIAN_POINT ( 'NONE',  ( -11.79496794682081529, 25.65564935683750392, 3.500000000000000000 ) ) ;
#48 = DIRECTION ( 'NONE',  ( 2.040851148208008491E-16, -1.000000000000000000, -0.000000000000000000 ) ) ;
#49 = EDGE_CURVE ( 'NONE', #4814, #3238, #2679, .T. ) ;
#50 = DIRECTION ( 'NONE',  ( -1.000000000000000000, 0.000000000000000000, -0.000000000000000000 ) ) ;
#51 = ORIENTED_EDGE ( 'NONE', *, *, #108, .F. ) ;
#52 = CARTESIAN_POINT ( 'NONE',  ( -0.6695935991770621820, 27.03837947678105991, 1.500000000000000000 ) ) ;
#53 = CARTESIAN_POINT ( 'NONE',  ( -3.125069294393800323, 24.78837947678106346, 1.499999999999998890 ) ) ;
#54 = VERTEX_POINT ( 'NONE', #2710 ) ;
#55 = DIRECTION ( 'NONE',  ( 0.000000000000000000, 0.000000000000000000, -1.000000000000000000 ) ) ;
#56 = CARTESIAN_POINT ( 'NONE',  ( -13.86572847344717552, -36.80100000000000904, 6.100000073095998232 ) ) ;
#57 = EDGE_LOOP ( 'NONE', ( #1219, #3108, #5549, #4133 ) ) ;
#58 = CARTESIAN_POINT ( 'NONE',  ( -7.745717551424907477, 27.33290378156430123, 1.500000000000000000 ) ) ;
#59 = CYLINDRICAL_SURFACE ( 'NONE', #1365, 1.250000000000000222 ) ;
#60 = CARTESIAN_POINT ( 'NONE',  ( -22.27465836929999909, -27.40006096009999936, 6.000000000000000000 ) ) ;
#61 = ADVANCED_FACE ( 'NONE', ( #4787 ), #1583, .F. ) ;
#62 = CARTESIAN_POINT ( 'NONE',  ( 20.00000000000000000, 36.79999999999999005, 13.32999999999999297 ) ) ;
#63 = AXIS2_PLACEMENT_3D ( 'NONE', #4614, #1446, #808 ) ;
#64 = ORIENTED_EDGE ( 'NONE', *, *, #1748, .T. ) ;
#65 = LINE ( 'NONE', #2157, #209 ) ;
#66 = ORIENTED_EDGE ( 'NONE', *, *, #814, .T. ) ;
#67 = CARTESIAN_POINT ( 'NONE',  ( -7.537381551142569691, 23.67963109659307364, 3.500000000000000000 ) ) ;
#68 = CARTESIAN_POINT ( 'NONE',  ( 9.112233591174998537, 24.36029674718972871, 1.500000000000000000 ) ) ;
#69 = ORIENTED_EDGE ( 'NONE', *, *, #4719, .T. ) ;
#70 = EDGE_LOOP ( 'NONE', ( #3978, #3330, #118, #2747 ) ) ;
#71 = ORIENTED_EDGE ( 'NONE', *, *, #4500, .T. ) ;
#72 = CARTESIAN_POINT ( 'NONE',  ( -5.110157867285106903, 29.23700346299978037, 1.500000000000000222 ) ) ;
#73 = PERSON_AND_ORGANIZATION_ROLE ( 'creator' ) ;
#74 = CARTESIAN_POINT ( 'NONE',  ( 5.500694691398827274, 36.29999999999999005, 1.740000000223998144 ) ) ;
#75 = DIRECTION ( 'NONE',  ( 1.000000000000000000, -1.856308247812544131E-16, 0.000000000000000000 ) ) ;
#76 = FACE_OUTER_BOUND ( 'NONE', #3375, .T. ) ;
#77 = ORIENTED_EDGE ( 'NONE', *, *, #981, .F. ) ;
#78 = PERSON ( '未指定', '未指定', '未指定', ('未指定'), ('未指定'), ('未指定') ) ;
#79 = VECTOR ( 'NONE', #5204, 1000.000000000000000 ) ;
#80 = FACE_BOUND ( 'NONE', #903, .T. ) ;
#81 = ADVANCED_FACE ( 'NONE', ( #5332 ), #4353, .F. ) ;
#82 = CARTESIAN_POINT ( 'NONE',  ( 3.501067364369981227, 24.78837947678106701, 3.500000000000000000 ) ) ;
#83 = CARTESIAN_POINT ( 'NONE',  ( -9.701193240150864483, 24.78837947678106701, 3.499999999999999556 ) ) ;
#84 = DIRECTION ( 'NONE',  ( -1.000000000000000000, 0.000000000000000000, 0.000000000000000000 ) ) ;
#85 = CARTESIAN_POINT ( 'NONE',  ( 5.405626864081210847, 25.34837599124064056, 1.500000000000000000 ) ) ;
#86 = ORIENTED_EDGE ( 'NONE', *, *, #2900, .F. ) ;
#87 = PLANE ( 'NONE',  #4673 ) ;
#88 = CARTESIAN_POINT ( 'NONE',  ( 1.717287274545469922, -22.23771907541695469, 0.5000000000000000000 ) ) ;
#89 = EDGE_CURVE ( 'NONE', #4412, #5788, #4882, .T. ) ;
#90 = CARTESIAN_POINT ( 'NONE',  ( -9.406784805620075574, 24.84694095676059433, 1.499999999999843903 ) ) ;
#91 = CARTESIAN_POINT ( 'NONE',  ( 0.000000000000000000, 0.000000000000000000, 1.500000000000000000 ) ) ;
#92 = CARTESIAN_POINT ( 'NONE',  ( -15.74749555500000042, -30.40006096009999936, 12.22253967444162015 ) ) ;
#93 = CARTESIAN_POINT ( 'NONE',  ( -5.669593599177066068, 27.03837947678106701, 3.500000000000000000 ) ) ;
#94 = CARTESIAN_POINT ( 'NONE',  ( 5.005793443901756845, 28.42110960131471131, 1.499999999999921840 ) ) ;
#95 = ORIENTED_EDGE ( 'NONE', *, *, #3802, .F. ) ;
#96 = EDGE_CURVE ( 'NONE', #5414, #1700, #103, .T. ) ;
#97 = VERTEX_POINT ( 'NONE', #5424 ) ;
#98 = VECTOR ( 'NONE', #5645, 1000.000000000000000 ) ;
#99 = CARTESIAN_POINT ( 'NONE',  ( -2.036863474643893390, 28.83762986758736346, 3.500000000000000000 ) ) ;
#100 = CARTESIAN_POINT ( 'NONE',  ( 1.717287274565366451, -16.90370840737503499, 1.500000000000000000 ) ) ;
#101 = CARTESIAN_POINT ( 'NONE',  ( -22.27465836929999909, -27.40006096009999936, 1.500000000000000000 ) ) ;
#102 = ORIENTED_EDGE ( 'NONE', *, *, #2528, .F. ) ;
#103 = LINE ( 'NONE', #1648, #3228 ) ;
#104 = VECTOR ( 'NONE', #1988, 1000.000000000000000 ) ;
#105 = APPROVAL_ROLE ( '' ) ;
#106 = ADVANCED_FACE ( 'NONE', ( #6471 ), #6513, .F. ) ;
#107 = AXIS2_PLACEMENT_3D ( 'NONE', #202, #5978, #4468 ) ;
#108 = EDGE_CURVE ( 'NONE', #5854, #179, #2113, .T. ) ;
#109 = CARTESIAN_POINT ( 'NONE',  ( -22.77465836930000265, 31.18628651260119256, 6.000000000000000000 ) ) ;
#110 = AXIS2_PLACEMENT_3D ( 'NONE', #3756, #5802, #6234 ) ;
#111 = ORIENTED_EDGE ( 'NONE', *, *, #1288, .F. ) ;
#112 = CARTESIAN_POINT ( 'NONE',  ( -4.465728473447176050, -36.80100000000000904, 6.100000073095998232 ) ) ;
#113 = VECTOR ( 'NONE', #6695, 1000.000000000000000 ) ;
#114 = CARTESIAN_POINT ( 'NONE',  ( 7.582679705369938183, 27.03837947678105991, 3.500000000000000000 ) ) ;
#115 = CARTESIAN_POINT ( 'NONE',  ( -8.029698177627825117, 25.90523677094654786, 3.500000000000000444 ) ) ;
#116 = ORIENTED_EDGE ( 'NONE', *, *, #955, .T. ) ;
#117 = APPROVAL ( #515, '未指定' ) ;
#118 = ORIENTED_EDGE ( 'NONE', *, *, #6321, .F. ) ;
#119 = DIRECTION ( 'NONE',  ( 0.000000000000000000, 1.000000000000000000, 0.000000000000000000 ) ) ;
#120 = ORIENTED_EDGE ( 'NONE', *, *, #3105, .F. ) ;
#121 = AXIS2_PLACEMENT_3D ( 'NONE', #2332, #159, #5502 ) ;
#122 = CARTESIAN_POINT ( 'NONE',  ( -12.18715607144451241, 27.62731222258660679, 3.500000000000000000 ) ) ;
#123 = DIRECTION ( 'NONE',  ( -1.000000000000000000, 0.000000000000000000, 0.000000000000000000 ) ) ;
#124 = CARTESIAN_POINT ( 'NONE',  ( 10.96582240520832485, 25.07236010050012709, 1.500000000000156097 ) ) ;
#125 = CARTESIAN_POINT ( 'NONE',  ( 1.823812928562875024, 28.83762986758751268, 1.499999999999921840 ) ) ;
#126 = EDGE_LOOP ( 'NONE', ( #1444, #3989, #5522, #5719 ) ) ;
#127 = EDGE_CURVE ( 'NONE', #6404, #1259, #3255, .T. ) ;
#128 = CIRCLE ( 'NONE', #4886, 1.599999999980936893 ) ;
#129 = VERTEX_POINT ( 'NONE', #3433 ) ;
#130 = VECTOR ( 'NONE', #480, 1000.000000000000000 ) ;
#131 = CARTESIAN_POINT ( 'NONE',  ( 22.77463296930000070, 31.18628397259999829, 6.000000000000000000 ) ) ;
#132 = CARTESIAN_POINT ( 'NONE',  ( -1.482712725396507558, -16.90370840737503499, 1.500000000000000000 ) ) ;
#133 = LINE ( 'NONE', #5455, #4888 ) ;
#134 = CARTESIAN_POINT ( 'NONE',  ( -8.862574851587311286, 29.00439885306207444, 1.499999999999843903 ) ) ;
#135 = CARTESIAN_POINT ( 'NONE',  ( 9.472705555079432571, 24.28837947678106346, 1.500000000000000000 ) ) ;
#136 = DIRECTION ( 'NONE',  ( -0.000000000000000000, -0.000000000000000000, 1.000000000000000000 ) ) ;
#137 = DIRECTION ( 'NONE',  ( -1.000000000000000000, 0.000000000000000000, 0.000000000000000000 ) ) ;
#138 = ORIENTED_EDGE ( 'NONE', *, *, #743, .T. ) ;
#139 = ORIENTED_EDGE ( 'NONE', *, *, #5407, .T. ) ;
#140 = EDGE_CURVE ( 'NONE', #6636, #4968, #3701, .T. ) ;
#141 = VERTEX_POINT ( 'NONE', #1311 ) ;
#142 = ORIENTED_EDGE ( 'NONE', *, *, #429, .F. ) ;
#143 = CARTESIAN_POINT ( 'NONE',  ( -20.07913420607342303, 23.87261476784692960, 1.921414525748509128 ) ) ;
#144 = LINE ( 'NONE', #676, #4784 ) ;
#145 = AXIS2_PLACEMENT_3D ( 'NONE', #5261, #4743, #4 ) ;
#146 = ORIENTED_EDGE ( 'NONE', *, *, #3506, .F. ) ;
#147 = ADVANCED_FACE ( 'NONE', ( #1535 ), #2335, .T. ) ;
#148 = EDGE_CURVE ( 'NONE', #6668, #4983, #918, .T. ) ;
#149 = ORIENTED_EDGE ( 'NONE', *, *, #431, .T. ) ;
#150 = EDGE_LOOP ( 'NONE', ( #3399, #801, #5433, #5888 ) ) ;
#151 = CARTESIAN_POINT ( 'NONE',  ( -20.30000000000000071, -36.80000000000000426, 0.000000000000000000 ) ) ;
#152 = LINE ( 'NONE', #3702, #5941 ) ;
#153 = DIRECTION ( 'NONE',  ( 1.000000000000000000, 0.000000000000000000, -0.000000000000000000 ) ) ;
#154 = CARTESIAN_POINT ( 'NONE',  ( -1.169593599177062071, 27.03837947678106701, 4.500000000000000888 ) ) ;
#155 = ORIENTED_EDGE ( 'NONE', *, *, #509, .T. ) ;
#156 = ORIENTED_EDGE ( 'NONE', *, *, #3817, .F. ) ;
#157 = CARTESIAN_POINT ( 'NONE',  ( 20.29999999999999716, 32.79999999999999716, 13.33000000000000007 ) ) ;
#158 = AXIS2_PLACEMENT_3D ( 'NONE', #3572, #2451, #5641 ) ;
#159 = DIRECTION ( 'NONE',  ( -1.000000000000000000, 1.856308247812544377E-16, 0.000000000000000000 ) ) ;
#160 = CARTESIAN_POINT ( 'NONE',  ( -8.196467160618771786, 25.65564935224804444, 1.500000000000000000 ) ) ;
#161 = CARTESIAN_POINT ( 'NONE',  ( 20.29999999999999716, 36.79999999999999005, 13.33000000000000007 ) ) ;
#162 = DIRECTION ( 'NONE',  ( -0.000000000000000000, -0.000000000000000000, 1.000000000000000000 ) ) ;
#163 = CARTESIAN_POINT ( 'NONE',  ( -9.995717551424906588, 27.03837947678106701, 4.500000000000000888 ) ) ;
#164 = DIRECTION ( 'NONE',  ( 1.000000000000000000, 3.001764123752814593E-15, 0.000000000000000000 ) ) ;
#165 = VECTOR ( 'NONE', #3769, 1000.000000000000000 ) ;
#166 = CARTESIAN_POINT ( 'NONE',  ( 19.54749555500000113, -30.40006096009999936, 6.000000000000000000 ) ) ;
#167 = VERTEX_POINT ( 'NONE', #1679 ) ;
#168 = CARTESIAN_POINT ( 'NONE',  ( 5.500694691398827274, 36.80100000000001614, 1.740000000223998144 ) ) ;
#169 = ORIENTED_EDGE ( 'NONE', *, *, #2994, .T. ) ;
#170 = CARTESIAN_POINT ( 'NONE',  ( -6.097808236486423894, 26.31787872460665412, 1.500000000000000222 ) ) ;
#171 = VERTEX_POINT ( 'NONE', #3294 ) ;
#172 = ADVANCED_FACE ( 'NONE', ( #2782 ), #2238, .F. ) ;
#173 = LINE ( 'NONE', #2882, #2713 ) ;
#174 = CARTESIAN_POINT ( 'NONE',  ( -12.24571755142490836, 27.03837947678106701, 4.500000000000000888 ) ) ;
#175 = CARTESIAN_POINT ( 'NONE',  ( -20.00000000000000000, 36.79999999999999005, 13.33000000000000007 ) ) ;
#176 = ORIENTED_EDGE ( 'NONE', *, *, #4970, .F. ) ;
#177 = CARTESIAN_POINT ( 'NONE',  ( 22.48463296930000155, 31.18628397260005158, 0.5000000000000000000 ) ) ;
#178 = ORIENTED_EDGE ( 'NONE', *, *, #2155, .T. ) ;
#179 = VERTEX_POINT ( 'NONE', #177 ) ;
#180 = CARTESIAN_POINT ( 'NONE',  ( 11.79869908165062675, 28.17152217661896785, 1.499999999999844569 ) ) ;
#181 = AXIS2_PLACEMENT_3D ( 'NONE', #5145, #387, #3968 ) ;
#182 = ADVANCED_FACE ( 'NONE', ( #5759 ), #3178, .F. ) ;
#183 = CARTESIAN_POINT ( 'NONE',  ( 19.54749555500000113, 30.40006096009999936, 6.000000000000000000 ) ) ;
#184 = CARTESIAN_POINT ( 'NONE',  ( -15.90999999999999304, -13.49999999999999822, 2.500000000000000444 ) ) ;
#185 = CYLINDRICAL_SURFACE ( 'NONE', #6613, 4.000000000000000000 ) ;
#186 = DIRECTION ( 'NONE',  ( 1.040834085586084257E-15, 0.000000000000000000, -1.000000000000000000 ) ) ;
#187 = FACE_OUTER_BOUND ( 'NONE', #6754, .T. ) ;
#188 = DIRECTION ( 'NONE',  ( 1.000000000000000000, -1.090335308596359271E-16, 0.000000000000000000 ) ) ;
#189 = DIRECTION ( 'NONE',  ( 0.000000000000000000, 1.000000000000000000, 0.000000000000000000 ) ) ;
#190 = EDGE_CURVE ( 'NONE', #2135, #4241, #1722, .T. ) ;
#191 = CARTESIAN_POINT ( 'NONE',  ( -18.69005080008999897, -31.18623571248999227, 0.5000000000000000000 ) ) ;
#192 = EDGE_CURVE ( 'NONE', #2529, #3481, #5390, .T. ) ;
#193 = CYLINDRICAL_SURFACE ( 'NONE', #1809, 0.9499999999999995115 ) ;
#194 = FACE_BOUND ( 'NONE', #3937, .T. ) ;
#195 = CARTESIAN_POINT ( 'NONE',  ( 14.80999999999999694, 21.00000000000000000, 0.5000000000000000000 ) ) ;
#196 = CARTESIAN_POINT ( 'NONE',  ( -4.669593599177064291, 27.03837947678106701, 0.5000000000000000000 ) ) ;
#197 = CARTESIAN_POINT ( 'NONE',  ( -1.228155079157023266, 27.62731222258556585, 3.500000000000000000 ) ) ;
#198 = LINE ( 'NONE', #6531, #1361 ) ;
#199 = EDGE_CURVE ( 'NONE', #4884, #6706, #1544, .T. ) ;
#200 = CIRCLE ( 'NONE', #3772, 1.599999999980956877 ) ;
#201 = FACE_OUTER_BOUND ( 'NONE', #4300, .T. ) ;
#202 = CARTESIAN_POINT ( 'NONE',  ( -17.94749555500000326, 30.40006096009999936, 13.33102500000000035 ) ) ;
#203 = CARTESIAN_POINT ( 'NONE',  ( 7.582679705369938183, 27.03837947678105991, 3.500000000000000000 ) ) ;
#204 = CARTESIAN_POINT ( 'NONE',  ( 5.005793443902071260, 25.65564935224804444, 1.500000000000000000 ) ) ;
#205 = CARTESIAN_POINT ( 'NONE',  ( -15.90999999999999304, -10.49999999999999645, 5.500000000000000000 ) ) ;
#206 = EDGE_LOOP ( 'NONE', ( #804, #4062, #4735, #648 ) ) ;
#207 = ORIENTED_EDGE ( 'NONE', *, *, #140, .F. ) ;
#208 = ORIENTED_EDGE ( 'NONE', *, *, #2599, .T. ) ;
#209 = VECTOR ( 'NONE', #2739, 1000.000000000000000 ) ;
#210 = FACE_OUTER_BOUND ( 'NONE', #3979, .T. ) ;
#211 = LINE ( 'NONE', #1310, #4019 ) ;
#212 = LINE ( 'NONE', #665, #4409 ) ;
#213 = DIRECTION ( 'NONE',  ( -1.000000000000000000, 0.000000000000000000, 0.000000000000000000 ) ) ;
#214 = DIRECTION ( 'NONE',  ( 0.000000000000000000, 0.000000000000000000, -1.000000000000000000 ) ) ;
#215 = ORIENTED_EDGE ( 'NONE', *, *, #190, .F. ) ;
#216 = CARTESIAN_POINT ( 'NONE',  ( 5.500694691398827274, 36.80100000000001614, 1.740000000223998144 ) ) ;
#217 = CYLINDRICAL_SURFACE ( 'NONE', #3585, 1.600000000000000755 ) ;
#218 = CARTESIAN_POINT ( 'NONE',  ( 9.832679705369935519, 27.03837947678105991, -0.0009999999999999158867 ) ) ;
#219 = ORIENTED_EDGE ( 'NONE', *, *, #6079, .F. ) ;
#220 = CARTESIAN_POINT ( 'NONE',  ( 13.21966983318281663, -36.30000000000000426, 7.686157047397997211 ) ) ;
#221 = AXIS2_PLACEMENT_3D ( 'NONE', #1461, #3603, #5740 ) ;
#222 = CARTESIAN_POINT ( 'NONE',  ( 13.21966983318281841, -35.27084328170000305, 10.84615707131399809 ) ) ;
#223 = EDGE_CURVE ( 'NONE', #2392, #5314, #2443, .T. ) ;
#224 = CARTESIAN_POINT ( 'NONE',  ( -22.77465836929999554, -31.18623571250000026, 13.33000000000000007 ) ) ;
#225 = DIRECTION ( 'NONE',  ( 0.000000000000000000, -1.000000000000000000, 0.000000000000000000 ) ) ;
#226 = CARTESIAN_POINT ( 'NONE',  ( 3.795475798901077003, 29.22981799680083626, 3.500000000000000000 ) ) ;
#227 = DIRECTION ( 'NONE',  ( 1.000000000000000000, 0.000000000000000000, 0.000000000000000000 ) ) ;
#228 = CARTESIAN_POINT ( 'NONE',  ( -14.94749555500000149, 34.77089408180000163, 6.000000000000000000 ) ) ;
#229 = DIRECTION ( 'NONE',  ( 0.000000000000000000, -1.000000000000000000, 0.000000000000000000 ) ) ;
#230 = CARTESIAN_POINT ( 'NONE',  ( 6.179669765516815794, -35.27084328170000305, 9.896157071313998799 ) ) ;
#231 = CARTESIAN_POINT ( 'NONE',  ( 19.54749555500000113, 30.40006096009999936, 3.499999999999999556 ) ) ;
#232 = PLANE ( 'NONE',  #6277 ) ;
#233 = LINE ( 'NONE', #2364, #6 ) ;
#234 = ORIENTED_EDGE ( 'NONE', *, *, #5749, .T. ) ;
#235 = ORIENTED_EDGE ( 'NONE', *, *, #3882, .T. ) ;
#236 = VECTOR ( 'NONE', #559, 1000.000000000000000 ) ;
#237 = ORIENTED_EDGE ( 'NONE', *, *, #2765, .F. ) ;
#238 = AXIS2_PLACEMENT_3D ( 'NONE', #4867, #6425, #2225 ) ;
#239 = ADVANCED_FACE ( 'NONE', ( #4982 ), #2348, .F. ) ;
#240 = ORIENTED_EDGE ( 'NONE', *, *, #5720, .F. ) ;
#241 = CARTESIAN_POINT ( 'NONE',  ( 9.832679705369935519, 27.03837947678105991, 4.500000000000000888 ) ) ;
#242 = CARTESIAN_POINT ( 'NONE',  ( 4.589273177629576317, 28.83762986758689451, 1.500000000000077938 ) ) ;
#243 = DIRECTION ( 'NONE',  ( -1.000000000000000000, 0.000000000000000000, 0.000000000000000000 ) ) ;
#244 = CARTESIAN_POINT ( 'NONE',  ( -3.947495555000003264, 34.27089408180000163, 14.73017111508246302 ) ) ;
#245 = VECTOR ( 'NONE', #2321, 1000.000000000000000 ) ;
#246 = EDGE_LOOP ( 'NONE', ( #4276, #5248, #2059, #5543 ) ) ;
#247 = DIRECTION ( 'NONE',  ( -0.000000000000000000, -0.000000000000000000, 1.000000000000000000 ) ) ;
#248 = DIRECTION ( 'NONE',  ( 0.000000000000000000, 0.000000000000000000, -1.000000000000000000 ) ) ;
#249 = LINE ( 'NONE', #2841, #771 ) ;
#250 = CARTESIAN_POINT ( 'NONE',  ( 3.501067364369979451, 29.28837947678107057, 3.500000000000000000 ) ) ;
#251 = EDGE_CURVE ( 'NONE', #4890, #6596, #440, .T. ) ;
#252 = CARTESIAN_POINT ( 'NONE',  ( -5.611032119196982748, 26.44944673097628041, 3.500000000000000000 ) ) ;
#253 = CARTESIAN_POINT ( 'NONE',  ( -9.406784805619604839, 29.22981799680085402, 1.500000000000156097 ) ) ;
#254 = LINE ( 'NONE', #2381, #5215 ) ;
#255 = DIRECTION ( 'NONE',  ( 0.000000000000000000, 0.000000000000000000, -1.000000000000000000 ) ) ;
#256 = CARTESIAN_POINT ( 'NONE',  ( 17.94749555500000326, 30.40006096009999936, 1.500000000000000000 ) ) ;
#257 = CARTESIAN_POINT ( 'NONE',  ( 3.566517203386457169, 29.78837947678107057, 1.500000000000000000 ) ) ;
#258 = AXIS2_PLACEMENT_3D ( 'NONE', #3992, #751, #243 ) ;
#259 = ORIENTED_EDGE ( 'NONE', *, *, #955, .F. ) ;
#260 = ORIENTED_EDGE ( 'NONE', *, *, #2182, .F. ) ;
#261 = LINE ( 'NONE', #2540, #1680 ) ;
#262 = VECTOR ( 'NONE', #6058, 1000.000000000000000 ) ;
#263 = AXIS2_PLACEMENT_3D ( 'NONE', #2174, #5278, #5800 ) ;
#264 = DIRECTION ( 'NONE',  ( 0.000000000000000000, 0.000000000000000000, -1.000000000000000000 ) ) ;
#265 = LINE ( 'NONE', #4359, #862 ) ;
#266 = CARTESIAN_POINT ( 'NONE',  ( 0.000000000000000000, 27.40006096009999936, 1.500000000000000000 ) ) ;
#267 = CARTESIAN_POINT ( 'NONE',  ( 7.641241185350333254, 27.62731222258659969, 3.500000000000000000 ) ) ;
#268 = AXIS2_PLACEMENT_3D ( 'NONE', #6368, #1133, #2068 ) ;
#269 = EDGE_CURVE ( 'NONE', #2971, #620, #6472, .T. ) ;
#270 = CARTESIAN_POINT ( 'NONE',  ( 0.8034202615921709478, 25.65412135095070667, 1.500000000000000222 ) ) ;
#271 = CARTESIAN_POINT ( 'NONE',  ( 5.456543053095937346, 27.33290378156430123, 3.500000000000000000 ) ) ;
#272 = VERTEX_POINT ( 'NONE', #2353 ) ;
#273 = EDGE_LOOP ( 'NONE', ( #817, #4894, #2110, #2198 ) ) ;
#274 = ORIENTED_EDGE ( 'NONE', *, *, #1610, .F. ) ;
#275 = CARTESIAN_POINT ( 'NONE',  ( -4.008526344982042744, 24.84694095676122672, 3.500000000000000000 ) ) ;
#276 = DIRECTION ( 'NONE',  ( 0.000000000000000000, 0.000000000000000000, -1.000000000000000000 ) ) ;
#277 = EDGE_LOOP ( 'NONE', ( #4321, #2338, #442, #1338, #139, #2985, #6657, #4857 ) ) ;
#278 = EDGE_CURVE ( 'NONE', #3240, #2064, #3941, .T. ) ;
#279 = CARTESIAN_POINT ( 'NONE',  ( 15.91000000000000014, -13.50000000000000178, 5.500000000000000000 ) ) ;
#280 = CARTESIAN_POINT ( 'NONE',  ( 0.000000000000000000, 27.40006096009999936, 6.000000000000000000 ) ) ;
#281 = DIRECTION ( 'NONE',  ( 0.000000000000000000, -0.000000000000000000, -1.000000000000000000 ) ) ;
#282 = CARTESIAN_POINT ( 'NONE',  ( -14.94749555500000149, 34.77089408180000163, 6.000000000000000000 ) ) ;
#283 = ORIENTED_EDGE ( 'NONE', *, *, #1647, .F. ) ;
#284 = ORIENTED_EDGE ( 'NONE', *, *, #2765, .T. ) ;
#285 = CARTESIAN_POINT ( 'NONE',  ( 18.69002285999365753, 35.27089408179999452, 13.33000000000000007 ) ) ;
#286 = ADVANCED_FACE ( 'NONE', ( #2309 ), #6546, .F. ) ;
#287 = PLANE ( 'NONE',  #1573 ) ;
#288 = CIRCLE ( 'NONE', #4170, 2.200000000000000622 ) ;
#289 = ADVANCED_FACE ( 'NONE', ( #6583 ), #4006, .T. ) ;
#290 = DIRECTION ( 'NONE',  ( -0.000000000000000000, -0.000000000000000000, -1.000000000000000000 ) ) ;
#291 = DIRECTION ( 'NONE',  ( -1.000000000000000000, 0.000000000000000000, 0.000000000000000000 ) ) ;
#292 = CARTESIAN_POINT ( 'NONE',  ( 1.516539567555194701, 29.23746328776665138, 1.500000000000000000 ) ) ;
#293 = CARTESIAN_POINT ( 'NONE',  ( -3.779567749467801274, 24.28837947678106346, 1.500000000000000000 ) ) ;
#294 = ORIENTED_EDGE ( 'NONE', *, *, #4270, .F. ) ;
#295 = ORIENTED_EDGE ( 'NONE', *, *, #2047, .F. ) ;
#296 = CARTESIAN_POINT ( 'NONE',  ( 17.90331701412584664, -9.624826158112048446, 4.896782654048547734 ) ) ;
#297 = LINE ( 'NONE', #5517, #415 ) ;
#298 = CARTESIAN_POINT ( 'NONE',  ( -3.947495555000003264, 30.40006096009999936, 14.73017111508246302 ) ) ;
#299 = DIRECTION ( 'NONE',  ( 1.000000000000000000, 0.000000000000000000, 0.000000000000000000 ) ) ;
#300 = CARTESIAN_POINT ( 'NONE',  ( -22.77465836929999909, -31.18623571250000026, 13.33000000000000007 ) ) ;
#301 = VECTOR ( 'NONE', #3722, 1000.000000000000000 ) ;
#302 = CARTESIAN_POINT ( 'NONE',  ( -3.947495555000003264, 34.27089408180000163, 2.500000000000000444 ) ) ;
#303 = DIRECTION ( 'NONE',  ( -1.000000000000000000, 0.000000000000000000, 0.000000000000000000 ) ) ;
#304 = DIRECTION ( 'NONE',  ( -1.000000000000000000, 0.000000000000000000, -0.000000000000000000 ) ) ;
#305 = DIRECTION ( 'NONE',  ( -0.000000000000000000, 1.000000000000000000, -0.000000000000000000 ) ) ;
#306 = CARTESIAN_POINT ( 'NONE',  ( -16.34749555500000184, -30.40006096009999936, 6.000000000000000000 ) ) ;
#307 = CARTESIAN_POINT ( 'NONE',  ( -9.995717551424906588, 27.03837947678106701, 4.500000000000000888 ) ) ;
#308 = DIRECTION ( 'NONE',  ( 0.000000000000000000, -1.000000000000000000, 0.000000000000000000 ) ) ;
#309 = ORIENTED_EDGE ( 'NONE', *, *, #1492, .T. ) ;
#310 = CARTESIAN_POINT ( 'NONE',  ( -15.91000000000000725, 19.90000000000000213, 5.611269837220810075 ) ) ;
#311 = ORIENTED_EDGE ( 'NONE', *, *, #1536, .F. ) ;
#312 = LINE ( 'NONE', #279, #2231 ) ;
#313 = DIRECTION ( 'NONE',  ( -1.000000000000000000, 0.000000000000000000, 0.000000000000000000 ) ) ;
#314 = CARTESIAN_POINT ( 'NONE',  ( 2.617610307291108551, 24.84694095676058723, 1.499999999999843903 ) ) ;
#315 = LINE ( 'NONE', #6574, #6745 ) ;
#316 = EDGE_CURVE ( 'NONE', #4890, #2452, #1606, .T. ) ;
#317 = CIRCLE ( 'NONE', #3521, 0.9499999999999995115 ) ;
#318 = ORIENTED_EDGE ( 'NONE', *, *, #645, .T. ) ;
#319 = PLANE ( 'NONE',  #1287 ) ;
#320 = CARTESIAN_POINT ( 'NONE',  ( -8.862574851586824565, 25.07236010050075237, 1.500000000000156097 ) ) ;
#321 = APPLICATION_CONTEXT ( 'configuration controlled 3d designs of mechanical parts and assemblies' ) ;
#322 = LINE ( 'NONE', #1955, #5772 ) ;
#323 = DIRECTION ( 'NONE',  ( 0.000000000000000000, 0.000000000000000000, -1.000000000000000000 ) ) ;
#324 = CARTESIAN_POINT ( 'NONE',  ( 1.821590864405343790, 29.44129204779097719, 1.500000000000000000 ) ) ;
#325 = ORIENTED_EDGE ( 'NONE', *, *, #3105, .T. ) ;
#326 = EDGE_LOOP ( 'NONE', ( #4570, #1395 ) ) ;
#327 = ADVANCED_FACE ( 'NONE', ( #5321 ), #4839, .F. ) ;
#328 = CARTESIAN_POINT ( 'NONE',  ( -3.947495555000002376, 34.85668051942690226, 1.914213562373095145 ) ) ;
#329 = CARTESIAN_POINT ( 'NONE',  ( -3.125069294393800323, 24.78837947678106346, 1.499999999999998890 ) ) ;
#330 = DIRECTION ( 'NONE',  ( -3.061276722312012984E-16, 1.000000000000000000, 0.000000000000000000 ) ) ;
#331 = CARTESIAN_POINT ( 'NONE',  ( 9.832679705369935519, 27.03837947678105991, 4.500000000000000888 ) ) ;
#332 = ORIENTED_EDGE ( 'NONE', *, *, #6718, .T. ) ;
#333 = ORIENTED_EDGE ( 'NONE', *, *, #5503, .F. ) ;
#334 = EDGE_CURVE ( 'NONE', #2392, #4333, #2156, .T. ) ;
#335 = CARTESIAN_POINT ( 'NONE',  ( 17.94749555500000326, 30.40006096009999936, 6.000000000000000000 ) ) ;
#336 = EDGE_CURVE ( 'NONE', #4419, #1138, #5845, .T. ) ;
#337 = EDGE_LOOP ( 'NONE', ( #2672, #591, #6797, #668 ) ) ;
#338 = CARTESIAN_POINT ( 'NONE',  ( 7.582679705369938183, 27.33290378156430123, 3.500000000000000000 ) ) ;
#339 = CARTESIAN_POINT ( 'NONE',  ( -3.947495555000003264, 30.40006096009999936, 2.500000000000000444 ) ) ;
#340 = CARTESIAN_POINT ( 'NONE',  ( 11.08267970536993374, 27.03837947678105991, 0.5000000000000000000 ) ) ;
#341 = CARTESIAN_POINT ( 'NONE',  ( 8.033429309974026822, 25.65564935683750036, 3.500000000000000000 ) ) ;
#342 = ORIENTED_EDGE ( 'NONE', *, *, #5996, .T. ) ;
#343 = AXIS2_PLACEMENT_3D ( 'NONE', #5267, #6373, #3813 ) ;
#344 = LINE ( 'NONE', #5589, #3866 ) ;
#345 = CARTESIAN_POINT ( 'NONE',  ( 17.94749555500000326, -30.40006096009999936, 3.499999999999999556 ) ) ;
#346 = ORIENTED_EDGE ( 'NONE', *, *, #1675, .F. ) ;
#347 = DIRECTION ( 'NONE',  ( 0.000000000000000000, 0.000000000000000000, -1.000000000000000000 ) ) ;
#348 = CYLINDRICAL_SURFACE ( 'NONE', #6714, 2.249999999999996891 ) ;
#349 = DIRECTION ( 'NONE',  ( -1.000000000000000000, 3.561451260254548541E-16, 0.000000000000000000 ) ) ;
#350 = DIRECTION ( 'NONE',  ( -1.000000000000000000, 0.000000000000000000, 0.000000000000000000 ) ) ;
#351 = LINE ( 'NONE', #5280, #4117 ) ;
#352 = CARTESIAN_POINT ( 'NONE',  ( -7.245717551424906588, 27.03837947678105991, 1.500000000000000000 ) ) ;
#353 = CIRCLE ( 'NONE', #4756, 10.00000000000000000 ) ;
#354 = CIRCLE ( 'NONE', #2775, 1.600000000000000755 ) ;
#355 = CARTESIAN_POINT ( 'NONE',  ( 3.501067357879104502, 29.28837947678107057, 3.500000000000000000 ) ) ;
#356 = VERTEX_POINT ( 'NONE', #3858 ) ;
#357 = ORIENTED_EDGE ( 'NONE', *, *, #6670, .T. ) ;
#358 = DIRECTION ( 'NONE',  ( -0.000000000000000000, -0.000000000000000000, 1.000000000000000000 ) ) ;
#359 = AXIS2_PLACEMENT_3D ( 'NONE', #5714, #3693, #2627 ) ;
#360 = CARTESIAN_POINT ( 'NONE',  ( -8.610765362734165151, 29.44129204779160602, 1.500000000000000000 ) ) ;
#361 = DIRECTION ( 'NONE',  ( -0.000000000000000000, -0.000000000000000000, -1.000000000000000000 ) ) ;
#362 = ORIENTED_EDGE ( 'NONE', *, *, #4350, .F. ) ;
#363 = CARTESIAN_POINT ( 'NONE',  ( -12.24571755142490481, 26.74385517199782214, 1.500000000000000000 ) ) ;
#364 = CARTESIAN_POINT ( 'NONE',  ( -8.611404787621271595, 29.44163417600573851, 1.499999999999999778 ) ) ;
#365 = EDGE_CURVE ( 'NONE', #6165, #5168, #2524, .T. ) ;
#366 = VERTEX_POINT ( 'NONE', #4901 ) ;
#367 = CARTESIAN_POINT ( 'NONE',  ( -0.6695935991770621820, 26.67840532649077900, 1.500000000000000000 ) ) ;
#368 = DIRECTION ( 'NONE',  ( 1.000000000000000000, 0.000000000000000000, 0.000000000000000000 ) ) ;
#369 = DIRECTION ( 'NONE',  ( -0.000000000000000000, -0.000000000000000000, 1.000000000000000000 ) ) ;
#370 = CARTESIAN_POINT ( 'NONE',  ( -14.38735839469999789, -35.27084328170000305, 7.386156972313998814 ) ) ;
#371 = DIRECTION ( 'NONE',  ( -0.000000000000000000, -0.000000000000000000, -1.000000000000000000 ) ) ;
#372 = VECTOR ( 'NONE', #1341, 1000.000000000000000 ) ;
#373 = EDGE_CURVE ( 'NONE', #5155, #4949, #6019, .T. ) ;
#374 = EDGE_LOOP ( 'NONE', ( #702, #3411, #548, #2711, #2990 ) ) ;
#375 = ORIENTED_EDGE ( 'NONE', *, *, #3773, .T. ) ;
#376 = CARTESIAN_POINT ( 'NONE',  ( 22.27463296930000070, 26.90006096009999936, 6.000000000000000000 ) ) ;
#377 = AXIS2_PLACEMENT_3D ( 'NONE', #5664, #6146, #4188 ) ;
#378 = AXIS2_PLACEMENT_3D ( 'NONE', #3132, #3610, #956 ) ;
#379 = CARTESIAN_POINT ( 'NONE',  ( 8.699536999535411042, 25.07236010298398554, 3.500000000000000444 ) ) ;
#380 = EDGE_CURVE ( 'NONE', #2452, #5718, #2875, .T. ) ;
#381 = CARTESIAN_POINT ( 'NONE',  ( -3.947495555000003264, 30.40006096009999936, 14.73017111508246302 ) ) ;
#382 = ADVANCED_FACE ( 'NONE', ( #2939 ), #1814, .F. ) ;
#383 = CARTESIAN_POINT ( 'NONE',  ( 0.000000000000000000, 36.79999999999999005, 0.000000000000000000 ) ) ;
#384 = LINE ( 'NONE', #2484, #3895 ) ;
#385 = CARTESIAN_POINT ( 'NONE',  ( 1.717287274565366451, -16.90370840737503499, 2.500000000000000000 ) ) ;
#386 = AXIS2_PLACEMENT_3D ( 'NONE', #3977, #646, #2428 ) ;
#387 = DIRECTION ( 'NONE',  ( 0.000000000000000000, 0.000000000000000000, -1.000000000000000000 ) ) ;
#388 = ORIENTED_EDGE ( 'NONE', *, *, #6282, .T. ) ;
#389 = DIRECTION ( 'NONE',  ( 0.000000000000000000, -0.000000000000000000, 1.000000000000000000 ) ) ;
#390 = CARTESIAN_POINT ( 'NONE',  ( -18.69005080008499675, 31.18628651258499573, 0.5000000000000000000 ) ) ;
#391 = DIRECTION ( 'NONE',  ( -0.000000000000000000, -0.000000000000000000, 1.000000000000000000 ) ) ;
#392 = CARTESIAN_POINT ( 'NONE',  ( 11.79869908165084880, 28.17152217661906732, 3.500000000000000000 ) ) ;
#393 = DIRECTION ( 'NONE',  ( -0.000000000000000000, -0.000000000000000000, 1.000000000000000000 ) ) ;
#394 = CIRCLE ( 'NONE', #386, 2.249999999999996891 ) ;
#395 = LINE ( 'NONE', #792, #1545 ) ;
#396 = VERTEX_POINT ( 'NONE', #5671 ) ;
#397 = LINE ( 'NONE', #5572, #5233 ) ;
#398 = VECTOR ( 'NONE', #5535, 1000.000000000000000 ) ;
#399 = FACE_OUTER_BOUND ( 'NONE', #4916, .T. ) ;
#400 = ORIENTED_EDGE ( 'NONE', *, *, #3334, .T. ) ;
#401 = DIRECTION ( 'NONE',  ( 0.000000000000000000, 0.000000000000000000, 1.000000000000000000 ) ) ;
#402 = PLANE ( 'NONE',  #5013 ) ;
#403 = EDGE_CURVE ( 'NONE', #6027, #5155, #791, .T. ) ;
#404 = VECTOR ( 'NONE', #4568, 1000.000000000000000 ) ;
#405 = CARTESIAN_POINT ( 'NONE',  ( 12.03176351635520369, 28.72838296232148636, 1.500000000000000000 ) ) ;
#406 = VERTEX_POINT ( 'NONE', #2009 ) ;
#407 = AXIS2_PLACEMENT_3D ( 'NONE', #1821, #5515, #5611 ) ;
#408 = CARTESIAN_POINT ( 'NONE',  ( 0.1172872745645141268, -22.23771907541695469, 0.5000000000000000000 ) ) ;
#409 = PERSON_AND_ORGANIZATION ( #78, #5396 ) ;
#410 = CARTESIAN_POINT ( 'NONE',  ( 15.91000000000000369, -12.40000000000000213, 5.611269837220810075 ) ) ;
#411 = EDGE_CURVE ( 'NONE', #97, #1305, #1494, .T. ) ;
#412 = CARTESIAN_POINT ( 'NONE',  ( -8.196467160618929881, 28.42110960131455855, 3.500000000000000000 ) ) ;
#413 = DIRECTION ( 'NONE',  ( -5.562460791263454045E-17, -1.000000000000000000, 0.000000000000000000 ) ) ;
#414 = CARTESIAN_POINT ( 'NONE',  ( 11.21699246917358650, 29.44163417600525889, 1.499999999999999778 ) ) ;
#415 = VECTOR ( 'NONE', #3479, 1000.000000000000000 ) ;
#416 = LINE ( 'NONE', #5672, #113 ) ;
#417 = CARTESIAN_POINT ( 'NONE',  ( 22.77463296930000070, 26.90006096009999936, 13.33000000000000007 ) ) ;
#418 = CARTESIAN_POINT ( 'NONE',  ( 5.172562429377125071, 25.90523677694371329, 3.500000000000000000 ) ) ;
#419 = EDGE_CURVE ( 'NONE', #3633, #4942, #3098, .T. ) ;
#420 = CARTESIAN_POINT ( 'NONE',  ( -18.71863864664121380, -4.499999999999993783, 3.499999999999999556 ) ) ;
#421 = EDGE_LOOP ( 'NONE', ( #6422, #2320, #3738, #4145 ) ) ;
#422 = DIRECTION ( 'NONE',  ( -1.000000000000000000, 1.090335308596359148E-16, 0.000000000000000000 ) ) ;
#423 = DIRECTION ( 'NONE',  ( -3.061276722312012984E-16, 1.000000000000000000, 0.000000000000000000 ) ) ;
#424 = CARTESIAN_POINT ( 'NONE',  ( -15.90999999999999304, -13.49999999999999822, 5.500000000000000000 ) ) ;
#425 = CARTESIAN_POINT ( 'NONE',  ( -7.745717551424907477, 27.03837947678105991, 1.500000000000000000 ) ) ;
#426 = CARTESIAN_POINT ( 'NONE',  ( 11.63193009617621954, 28.42110960131423525, 3.500000000000000000 ) ) ;
#427 = CARTESIAN_POINT ( 'NONE',  ( -5.669593599177066068, 27.33290378805512333, 3.500000000000000000 ) ) ;
#428 = EDGE_LOOP ( 'NONE', ( #846, #5276, #2074, #2032 ) ) ;
#429 = EDGE_CURVE ( 'NONE', #5082, #2662, #555, .T. ) ;
#430 = ORIENTED_EDGE ( 'NONE', *, *, #4109, .F. ) ;
#431 = EDGE_CURVE ( 'NONE', #2715, #6361, #6284, .T. ) ;
#432 = LINE ( 'NONE', #3704, #4992 ) ;
#433 = DIRECTION ( 'NONE',  ( 0.000000000000000000, 0.000000000000000000, -1.000000000000000000 ) ) ;
#434 = ORIENTED_EDGE ( 'NONE', *, *, #2574, .T. ) ;
#435 = CARTESIAN_POINT ( 'NONE',  ( 15.90999999999999659, 21.00000000000000000, 0.5000000000000000000 ) ) ;
#436 = DIRECTION ( 'NONE',  ( -1.000000000000000000, 0.000000000000000000, 0.000000000000000000 ) ) ;
#437 = CARTESIAN_POINT ( 'NONE',  ( -14.94749555500000326, 30.40006096009999936, 14.73017111508246302 ) ) ;
#438 = CARTESIAN_POINT ( 'NONE',  ( 5.405626864081210847, 25.34837599124064056, 1.500000000000000000 ) ) ;
#439 = ORIENTED_EDGE ( 'NONE', *, *, #5227, .F. ) ;
#440 = CIRCLE ( 'NONE', #5799, 4.000000000000000000 ) ;
#441 = ORIENTED_EDGE ( 'NONE', *, *, #1143, .F. ) ;
#442 = ORIENTED_EDGE ( 'NONE', *, *, #6581, .T. ) ;
#443 = CARTESIAN_POINT ( 'NONE',  ( -8.029698177627823341, 28.17152218261559682, 3.499999999999999556 ) ) ;
#444 = CARTESIAN_POINT ( 'NONE',  ( -1.620343208370968124, 25.65564935224804444, 1.500000000000000000 ) ) ;
#445 = CARTESIAN_POINT ( 'NONE',  ( 17.94749555500000326, -30.40006096009999936, 3.499999999999999556 ) ) ;
#446 = LINE ( 'NONE', #370, #4578 ) ;
#447 = CARTESIAN_POINT ( 'NONE',  ( 15.91000000000000369, -12.40000000000000213, 2.500000000000000000 ) ) ;
#448 = EDGE_LOOP ( 'NONE', ( #6556, #294 ) ) ;
#449 = CARTESIAN_POINT ( 'NONE',  ( -3.567950527467760757, 30.31382131868304697, 1.710253373476987138 ) ) ;
#450 = ORIENTED_EDGE ( 'NONE', *, *, #4144, .T. ) ;
#451 = CARTESIAN_POINT ( 'NONE',  ( 5.229669765516815616, -36.30000000000000426, 10.84615707131399809 ) ) ;
#452 = CARTESIAN_POINT ( 'NONE',  ( -19.46949277005355228, 23.73969295319617601, 2.547173513811966217 ) ) ;
#453 = CARTESIAN_POINT ( 'NONE',  ( -10.29024185620801823, 24.78837947678106701, 3.500000000000000000 ) ) ;
#454 = CARTESIAN_POINT ( 'NONE',  ( 19.99999999999999645, -36.80000000000000426, -3.673940397442097709E-17 ) ) ;
#455 = CARTESIAN_POINT ( 'NONE',  ( 22.77463296930000070, 26.90006096009999936, 1.500000000000000000 ) ) ;
#456 = ADVANCED_FACE ( 'NONE', ( #5303 ), #4723, .F. ) ;
#457 = ORIENTED_EDGE ( 'NONE', *, *, #923, .F. ) ;
#458 = EDGE_LOOP ( 'NONE', ( #2991, #5688, #6184, #237 ) ) ;
#459 = FACE_OUTER_BOUND ( 'NONE', #458, .T. ) ;
#460 = CARTESIAN_POINT ( 'NONE',  ( 1.823812933152377802, 25.23912908138517253, 3.500000000000001332 ) ) ;
#461 = ADVANCED_FACE ( 'NONE', ( #5864 ), #3787, .T. ) ;
#462 = FACE_BOUND ( 'NONE', #8, .T. ) ;
#463 = ORIENTED_EDGE ( 'NONE', *, *, #3112, .T. ) ;
#464 = CARTESIAN_POINT ( 'NONE',  ( -3.714117910451107729, 29.28837947678107057, 3.500000000000000000 ) ) ;
#465 = AXIS2_PLACEMENT_3D ( 'NONE', #4396, #3311, #5969 ) ;
#466 = CARTESIAN_POINT ( 'NONE',  ( -5.218843989983017018, 25.65564935224755416, 1.500000000000000222 ) ) ;
#467 = ORIENTED_EDGE ( 'NONE', *, *, #2252, .F. ) ;
#468 = AXIS2_PLACEMENT_3D ( 'NONE', #2543, #4653, #573 ) ;
#469 = VECTOR ( 'NONE', #2767, 1000.000000000000000 ) ;
#470 = CARTESIAN_POINT ( 'NONE',  ( -13.86572847344717552, -36.80100000000000904, 2.700000073095998765 ) ) ;
#471 = DIRECTION ( 'NONE',  ( -0.000000000000000000, -0.000000000000000000, 1.000000000000000000 ) ) ;
#472 = CARTESIAN_POINT ( 'NONE',  ( 12.51110456317209518, 27.75818616609862133, 1.500000000000000000 ) ) ;
#473 = LINE ( 'NONE', #2606, #520 ) ;
#474 = EDGE_CURVE ( 'NONE', #3560, #6378, #6383, .T. ) ;
#475 = EDGE_LOOP ( 'NONE', ( #2592, #450, #1257, #6680, #960, #3491, #2305, #2979 ) ) ;
#476 = EDGE_CURVE ( 'NONE', #3592, #6416, #639, .T. ) ;
#477 = VECTOR ( 'NONE', #1292, 1000.000000000000000 ) ;
#478 = ORIENTED_EDGE ( 'NONE', *, *, #5271, .F. ) ;
#479 = VECTOR ( 'NONE', #3688, 1000.000000000000000 ) ;
#480 = DIRECTION ( 'NONE',  ( -1.856308247812544377E-16, -1.000000000000000000, -0.000000000000000000 ) ) ;
#481 = CARTESIAN_POINT ( 'NONE',  ( 18.69002286430000126, -35.27084328170000305, 13.33000000000000007 ) ) ;
#482 = CARTESIAN_POINT ( 'NONE',  ( 14.94749555500000149, -34.77084328169999594, 6.000000000000000000 ) ) ;
#483 = CARTESIAN_POINT ( 'NONE',  ( 17.94749555500000326, -30.40006096009999936, 6.000000000000000000 ) ) ;
#484 = VERTEX_POINT ( 'NONE', #2861 ) ;
#485 = ORIENTED_EDGE ( 'NONE', *, *, #4420, .F. ) ;
#486 = DIRECTION ( 'NONE',  ( -1.000000000000000000, 0.000000000000000000, 0.000000000000000000 ) ) ;
#487 = CARTESIAN_POINT ( 'NONE',  ( 14.94749555500001215, -5.323477688200406227E-15, 6.000000000000000000 ) ) ;
#488 = ORIENTED_EDGE ( 'NONE', *, *, #4009, .F. ) ;
#489 = CARTESIAN_POINT ( 'NONE',  ( -14.94749555500000326, 30.40006096009999936, 2.700000073095999209 ) ) ;
#490 = VECTOR ( 'NONE', #3040, 1000.000000000000000 ) ;
#491 = DIRECTION ( 'NONE',  ( -0.000000000000000000, -0.000000000000000000, -1.000000000000000000 ) ) ;
#492 = LINE ( 'NONE', #5674, #4134 ) ;
#493 = CARTESIAN_POINT ( 'NONE',  ( 12.08267970536993197, 27.03837947678105991, 1.500000000000000444 ) ) ;
#494 = EDGE_CURVE ( 'NONE', #2064, #1155, #317, .T. ) ;
#495 = LINE ( 'NONE', #523, #1149 ) ;
#496 = DIRECTION ( 'NONE',  ( -1.000000000000000000, 0.000000000000000000, 0.000000000000000000 ) ) ;
#497 = B_SPLINE_CURVE_WITH_KNOTS ( 'NONE', 3,
 ( #2708, #1285, #4878, #4914, #5459, #6409 ),
 .UNSPECIFIED., .F., .F.,
 ( 4, 2, 4 ),
 ( 0.000000000000000000, 0.0003916626925482291372, 0.0007833253850964582744 ),
 .UNSPECIFIED. ) ;
#498 = LINE ( 'NONE', #6769, #984 ) ;
#499 = ORIENTED_EDGE ( 'NONE', *, *, #1402, .T. ) ;
#500 = EDGE_CURVE ( 'NONE', #3900, #1305, #265, .T. ) ;
#501 = ORIENTED_EDGE ( 'NONE', *, *, #2808, .F. ) ;
#502 = CARTESIAN_POINT ( 'NONE',  ( -11.38066974011554322, 24.63546690577123854, 1.500000000000000000 ) ) ;
#503 = CARTESIAN_POINT ( 'NONE',  ( 17.94749555500000326, -30.40006096009999936, 6.000000000000000000 ) ) ;
#504 = DIRECTION ( 'NONE',  ( -1.000000000000000000, 0.000000000000000000, 0.000000000000000000 ) ) ;
#505 = VECTOR ( 'NONE', #1953, 1000.000000000000000 ) ;
#506 = DIRECTION ( 'NONE',  ( -1.000000000000000000, 0.000000000000000000, 0.000000000000000000 ) ) ;
#507 =( BOUNDED_CURVE ( )  B_SPLINE_CURVE ( 3, ( #5051, #6029, #328, #1373 ),
 .UNSPECIFIED., .F., .T. ) 
 B_SPLINE_CURVE_WITH_KNOTS ( ( 4, 4 ),
 ( 3.141592653589792672, 4.712388980384689674 ),
 .UNSPECIFIED. ) 
 CURVE ( )  GEOMETRIC_REPRESENTATION_ITEM ( )  RATIONAL_B_SPLINE_CURVE ( ( 1.000000000000000000, 0.8047378541243649375, 0.8047378541243649375, 1.000000000000000000 ) ) 
 REPRESENTATION_ITEM ( '' )  );
#508 = EDGE_CURVE ( 'NONE', #909, #4814, #2281, .T. ) ;
#509 = EDGE_CURVE ( 'NONE', #3193, #5168, #5521, .T. ) ;
#510 = B_SPLINE_CURVE_WITH_KNOTS ( 'NONE', 3,
 ( #4511, #5842, #4833, #560 ),
 .UNSPECIFIED., .F., .F.,
 ( 4, 4 ),
 ( 0.000000000000000000, 1.000000000000000000 ),
 .UNSPECIFIED. ) ;
#511 = DIRECTION ( 'NONE',  ( 0.000000000000000000, 0.000000000000000000, -1.000000000000000000 ) ) ;
#512 = LINE ( 'NONE', #4746, #4407 ) ;
#513 = VERTEX_POINT ( 'NONE', #4889 ) ;
#514 = CARTESIAN_POINT ( 'NONE',  ( 14.16966983318281592, -36.80100000000001614, 7.686157047397998099 ) ) ;
#515 = APPROVAL_STATUS ( 'not_yet_approved' ) ;
#516 = AXIS2_PLACEMENT_3D ( 'NONE', #4738, #4138, #999 ) ;
#517 = ADVANCED_FACE ( 'NONE', ( #1734 ), #2750, .F. ) ;
#518 = DIRECTION ( 'NONE',  ( -0.000000000000000000, -0.000000000000000000, -1.000000000000000000 ) ) ;
#519 = CARTESIAN_POINT ( 'NONE',  ( -6.169593599177066956, 27.39835362707197319, 1.500000000000000000 ) ) ;
#520 = VECTOR ( 'NONE', #5847, 1000.000000000000000 ) ;
#521 = VERTEX_POINT ( 'NONE', #4585 ) ;
#522 = VERTEX_POINT ( 'NONE', #3482 ) ;
#523 = CARTESIAN_POINT ( 'NONE',  ( 13.32431064739982496, 36.80100000000001614, 5.999999999999998224 ) ) ;
#524 = DIRECTION ( 'NONE',  ( -0.000000000000000000, -0.000000000000000000, -1.000000000000000000 ) ) ;
#525 = CARTESIAN_POINT ( 'NONE',  ( 20.53896688499997580, 24.10959745054102399, 1.514407497296991201 ) ) ;
#526 = CARTESIAN_POINT ( 'NONE',  ( -5.385612972974146651, 28.17152218261559327, 3.499999999999999556 ) ) ;
#527 = VERTEX_POINT ( 'NONE', #2709 ) ;
#528 = CIRCLE ( 'NONE', #3268, 1.599999999980944887 ) ;
#529 = CARTESIAN_POINT ( 'NONE',  ( -18.69005080008499675, 31.18628651258499573, 6.000000000000000000 ) ) ;
#530 = CIRCLE ( 'NONE', #1712, 0.5000000000000004441 ) ;
#531 = ORIENTED_EDGE ( 'NONE', *, *, #4600, .F. ) ;
#532 = ORIENTED_EDGE ( 'NONE', *, *, #3071, .F. ) ;
#533 = ORIENTED_EDGE ( 'NONE', *, *, #6039, .T. ) ;
#534 = CARTESIAN_POINT ( 'NONE',  ( -8.862574851586888514, 25.07236010050015551, 3.500000000000000000 ) ) ;
#535 = CARTESIAN_POINT ( 'NONE',  ( 8.699537005531709610, 29.00439885306206023, 1.500000000000156097 ) ) ;
#536 = CARTESIAN_POINT ( 'NONE',  ( -4.552736305011589657, 25.07236010298398554, 3.500000000000000000 ) ) ;
#537 = CARTESIAN_POINT ( 'NONE',  ( 0.4565430530959354027, 26.67840532649016083, 1.500000000000000000 ) ) ;
#538 = EDGE_CURVE ( 'NONE', #3162, #986, #512, .T. ) ;
#539 = CARTESIAN_POINT ( 'NONE',  ( -4.139400288494266000, 24.35995461897944026, 1.500000000000000000 ) ) ;
#540 = ORIENTED_EDGE ( 'NONE', *, *, #1355, .T. ) ;
#541 = CARTESIAN_POINT ( 'NONE',  ( -4.802323723710582470, 25.23912908597511517, 1.500000000000000222 ) ) ;
#542 = CARTESIAN_POINT ( 'NONE',  ( -1.729029331061296304, 24.83975549056979659, 1.499999999999999778 ) ) ;
#543 = CARTESIAN_POINT ( 'NONE',  ( -12.67414240922676250, 27.75818616609862133, 1.500000000000000000 ) ) ;
#544 = CARTESIAN_POINT ( 'NONE',  ( 7.154254847567844244, 26.31857278746370454, 1.500000000000000000 ) ) ;
#545 = ORIENTED_EDGE ( 'NONE', *, *, #4065, .F. ) ;
#546 = EDGE_CURVE ( 'NONE', #2485, #4319, #5908, .T. ) ;
#547 = EDGE_LOOP ( 'NONE', ( #6229, #6790, #4384, #564 ) ) ;
#548 = ORIENTED_EDGE ( 'NONE', *, *, #4262, .F. ) ;
#549 = CARTESIAN_POINT ( 'NONE',  ( 5.500694691398827274, 35.27089408179999452, 1.740000000223998144 ) ) ;
#550 = AXIS2_PLACEMENT_3D ( 'NONE', #218, #2823, #4448 ) ;
#551 = CIRCLE ( 'NONE', #4514, 10.00000000000000000 ) ;
#552 = CARTESIAN_POINT ( 'NONE',  ( 10.42161245117493884, 29.22981799680088244, 3.500000000000000000 ) ) ;
#553 = CARTESIAN_POINT ( 'NONE',  ( 10.12720401664397585, 24.78837947678106701, 3.499999999999999556 ) ) ;
#554 = CYLINDRICAL_SURFACE ( 'NONE', #1182, 2.250000000000001776 ) ;
#555 = LINE ( 'NONE', #2107, #3976 ) ;
#556 = ADVANCED_FACE ( 'NONE', ( #4644 ), #2384, .F. ) ;
#557 = EDGE_LOOP ( 'NONE', ( #1085, #881, #4402, #4152, #2421, #357, #6770, #3740, #4587, #5179, #6736, #5738, #4271, #64, #4820, #1540 ) ) ;
#558 = CARTESIAN_POINT ( 'NONE',  ( 0.4565430530959354027, 27.39835362707197319, 1.500000000000000000 ) ) ;
#559 = DIRECTION ( 'NONE',  ( -0.000000000000000000, -0.000000000000000000, -1.000000000000000000 ) ) ;
#560 = CARTESIAN_POINT ( 'NONE',  ( -18.71863864664125998, 23.67963109659307364, 3.500000000000000000 ) ) ;
#561 = AXIS2_PLACEMENT_3D ( 'NONE', #3039, #855, #2522 ) ;
#562 = VERTEX_POINT ( 'NONE', #2263 ) ;
#563 = DIRECTION ( 'NONE',  ( 0.000000000000000000, 0.000000000000000000, -1.000000000000000000 ) ) ;
#564 = ORIENTED_EDGE ( 'NONE', *, *, #538, .F. ) ;
#565 = ORIENTED_EDGE ( 'NONE', *, *, #2520, .T. ) ;
#566 = DIRECTION ( 'NONE',  ( -1.000000000000000000, 0.000000000000000000, 0.000000000000000000 ) ) ;
#567 = CARTESIAN_POINT ( 'NONE',  ( -11.96173692770585184, 25.90523677694311999, 3.500000000000000000 ) ) ;
#568 = DIRECTION ( 'NONE',  ( -0.000000000000000000, -0.000000000000000000, 1.000000000000000000 ) ) ;
#569 = VECTOR ( 'NONE', #3463, 1000.000000000000000 ) ;
#570 = VERTEX_POINT ( 'NONE', #4841 ) ;
#571 = CARTESIAN_POINT ( 'NONE',  ( -5.669593599177066068, 27.03837947678106346, 1.500000000000000000 ) ) ;
#572 = ADVANCED_FACE ( 'NONE', ( #3829, #6016, #3465, #6767 ), #3046, .T. ) ;
#573 = DIRECTION ( 'NONE',  ( -1.000000000000000000, 0.000000000000000000, 0.000000000000000000 ) ) ;
#574 = CARTESIAN_POINT ( 'NONE',  ( 7.082679705369937295, 26.67840532649015373, 1.500000000000000000 ) ) ;
#575 = CARTESIAN_POINT ( 'NONE',  ( 9.473427233431324979, 24.28830808883550318, 1.499999999999999778 ) ) ;
#576 = AXIS2_PLACEMENT_3D ( 'NONE', #1012, #3126, #1077 ) ;
#577 = CARTESIAN_POINT ( 'NONE',  ( 13.21966983318281841, -36.80000000000000426, 10.84615707131399809 ) ) ;
#578 = CARTESIAN_POINT ( 'NONE',  ( 15.90999999999999304, 31.18628651258500284, 2.500000000000000000 ) ) ;
#579 = ORIENTED_EDGE ( 'NONE', *, *, #3744, .F. ) ;
#580 = DATE_AND_TIME ( #5662, #6604 ) ;
#581 = ADVANCED_FACE ( 'NONE', ( #1052 ), #4733, .T. ) ;
#582 = FACE_OUTER_BOUND ( 'NONE', #5691, .T. ) ;
#583 = DIRECTION ( 'NONE',  ( -0.000000000000000000, -0.000000000000000000, -1.000000000000000000 ) ) ;
#584 = LINE ( 'NONE', #18, #2894 ) ;
#585 = FACE_BOUND ( 'NONE', #1450, .T. ) ;
#586 = ADVANCED_FACE ( 'NONE', ( #6076 ), #4527, .F. ) ;
#587 = EDGE_CURVE ( 'NONE', #5314, #3883, #5534, .T. ) ;
#588 = ORIENTED_EDGE ( 'NONE', *, *, #476, .F. ) ;
#589 = VECTOR ( 'NONE', #2601, 1000.000000000000000 ) ;
#590 = CARTESIAN_POINT ( 'NONE',  ( -3.813520958784441639, 30.40006096009999936, 2.000000000000000000 ) ) ;
#591 = ORIENTED_EDGE ( 'NONE', *, *, #1072, .T. ) ;
#592 = CARTESIAN_POINT ( 'NONE',  ( -2.830660853372233721, 24.84694095676059433, 1.499999999999843903 ) ) ;
#593 = CARTESIAN_POINT ( 'NONE',  ( 0.4565430530959354027, 26.67840532649016083, 1.500000000000000000 ) ) ;
#594 = VECTOR ( 'NONE', #2480, 1000.000000000000000 ) ;
#595 = FACE_OUTER_BOUND ( 'NONE', #4741, .T. ) ;
#596 = ORIENTED_EDGE ( 'NONE', *, *, #5812, .T. ) ;
#597 = CARTESIAN_POINT ( 'NONE',  ( 7.641241185350153842, 27.62731222258667074, 1.500000000000000000 ) ) ;
#598 = CARTESIAN_POINT ( 'NONE',  ( 13.21966983318281841, -36.30000000000000426, 10.84615707131399809 ) ) ;
#599 = CARTESIAN_POINT ( 'NONE',  ( 5.397981575599646753, 27.62731221658945202, 3.500000000000000444 ) ) ;
#600 = ORIENTED_EDGE ( 'NONE', *, *, #2578, .T. ) ;
#601 = AXIS2_PLACEMENT_3D ( 'NONE', #4013, #6064, #1695 ) ;
#602 = CARTESIAN_POINT ( 'NONE',  ( -9.635743401134305941, 29.78837947678107057, 1.500000000000000000 ) ) ;
#603 = AXIS2_PLACEMENT_3D ( 'NONE', #2408, #933, #1912 ) ;
#604 = ORIENTED_EDGE ( 'NONE', *, *, #4310, .F. ) ;
#605 = ADVANCED_FACE ( 'NONE', ( #854 ), #348, .T. ) ;
#606 = ORIENTED_EDGE ( 'NONE', *, *, #4174, .F. ) ;
#607 = CARTESIAN_POINT ( 'NONE',  ( -14.94749555500000326, 29.90006096009999936, 1.500000000000000000 ) ) ;
#608 = DIRECTION ( 'NONE',  ( 1.000000000000000000, 0.000000000000000000, -0.000000000000000000 ) ) ;
#609 = DIRECTION ( 'NONE',  ( -1.000000000000000000, 0.000000000000000000, 0.000000000000000000 ) ) ;
#610 = EDGE_CURVE ( 'NONE', #2325, #2080, #983, .T. ) ;
#611 = ORIENTED_EDGE ( 'NONE', *, *, #5146, .T. ) ;
#612 = CARTESIAN_POINT ( 'NONE',  ( 20.30000000000000071, -32.80000000000001137, 1.500000000000000000 ) ) ;
#613 = VECTOR ( 'NONE', #5103, 1000.000000000000000 ) ;
#614 = ORIENTED_EDGE ( 'NONE', *, *, #2133, .T. ) ;
#615 = CARTESIAN_POINT ( 'NONE',  ( -22.77465836930000265, -26.90006096009999936, 6.000000000000000000 ) ) ;
#616 = EDGE_LOOP ( 'NONE', ( #3887, #4958, #6110, #4047 ) ) ;
#617 = EDGE_CURVE ( 'NONE', #3809, #4132, #2083, .T. ) ;
#618 = CARTESIAN_POINT ( 'NONE',  ( 5.884967910897947796, 26.31857278746351270, 1.500000000000000000 ) ) ;
#619 = ORIENTED_EDGE ( 'NONE', *, *, #865, .F. ) ;
#620 = VERTEX_POINT ( 'NONE', #2112 ) ;
#621 = DIRECTION ( 'NONE',  ( -0.000000000000000000, 0.000000000000000000, 1.000000000000000000 ) ) ;
#622 = CARTESIAN_POINT ( 'NONE',  ( -11.79496794223104672, 28.42110960131439512, 3.500000000000000000 ) ) ;
#623 = CARTESIAN_POINT ( 'NONE',  ( -18.69005080010002828, -34.98084328169999679, 0.5000000000000000000 ) ) ;
#624 = PLANE ( 'NONE',  #4376 ) ;
#625 = DIRECTION ( 'NONE',  ( -1.000000000000000000, 0.000000000000000000, 0.000000000000000000 ) ) ;
#626 = CARTESIAN_POINT ( 'NONE',  ( 4.589273177629576317, 28.83762986758689451, 1.500000000000077938 ) ) ;
#627 = EDGE_CURVE ( 'NONE', #4679, #3865, #4263, .T. ) ;
#628 = AXIS2_PLACEMENT_3D ( 'NONE', #445, #1409, #6104 ) ;
#629 = ORIENTED_EDGE ( 'NONE', *, *, #1958, .F. ) ;
#630 = CYLINDRICAL_SURFACE ( 'NONE', #3959, 2.200000000000000622 ) ;
#631 = DIRECTION ( 'NONE',  ( -0.000000000000000000, -0.000000000000000000, 1.000000000000000000 ) ) ;
#632 = CARTESIAN_POINT ( 'NONE',  ( -7.592804980414683769, 28.42333166547213352, 1.500000000000000000 ) ) ;
#633 = CARTESIAN_POINT ( 'NONE',  ( 22.77463296929998293, -26.90006096009999936, 1.500000000000000000 ) ) ;
#634 = DIRECTION ( 'NONE',  ( -1.000000000000000000, 0.000000000000000000, 0.000000000000000000 ) ) ;
#635 = ORIENTED_EDGE ( 'NONE', *, *, #3017, .T. ) ;
#636 = VERTEX_POINT ( 'NONE', #4726 ) ;
#637 = CARTESIAN_POINT ( 'NONE',  ( -19.90497383357172367, 23.82487075033364476, 2.089104043989931991 ) ) ;
#638 = CYLINDRICAL_SURFACE ( 'NONE', #4024, 1.100000000000000311 ) ;
#639 = LINE ( 'NONE', #6521, #3291 ) ;
#640 = CARTESIAN_POINT ( 'NONE',  ( 20.00000000000000000, 36.29999999999999005, 13.33000000000000007 ) ) ;
#641 = ORIENTED_EDGE ( 'NONE', *, *, #777, .F. ) ;
#642 = CARTESIAN_POINT ( 'NONE',  ( -2.749305308601172726, 36.80100000000001614, 1.740000000223998144 ) ) ;
#643 = ORIENTED_EDGE ( 'NONE', *, *, #4322, .F. ) ;
#644 = VECTOR ( 'NONE', #1865, 1000.000000000000000 ) ;
#645 = EDGE_CURVE ( 'NONE', #3481, #3502, #6316, .T. ) ;
#646 = DIRECTION ( 'NONE',  ( 0.000000000000000000, 0.000000000000000000, 1.000000000000000000 ) ) ;
#647 = DIRECTION ( 'NONE',  ( -0.000000000000000000, -0.000000000000000000, -1.000000000000000000 ) ) ;
#648 = ORIENTED_EDGE ( 'NONE', *, *, #1908, .F. ) ;
#649 = CARTESIAN_POINT ( 'NONE',  ( 20.10816741467809976, 23.88156519397928790, 1.894197419893947965 ) ) ;
#650 = ORIENTED_EDGE ( 'NONE', *, *, #2422, .T. ) ;
#651 = DIRECTION ( 'NONE',  ( 0.000000000000000000, 1.000000000000000000, -0.000000000000000000 ) ) ;
#652 = VERTEX_POINT ( 'NONE', #1525 ) ;
#653 = EDGE_CURVE ( 'NONE', #6651, #6366, #2051, .T. ) ;
#654 = DIRECTION ( 'NONE',  ( -0.000000000000000000, -0.000000000000000000, -1.000000000000000000 ) ) ;
#655 = CYLINDRICAL_SURFACE ( 'NONE', #6048, 4.000000000000000000 ) ;
#656 = CYLINDRICAL_SURFACE ( 'NONE', #107, 1.600000000000000755 ) ;
#657 = CARTESIAN_POINT ( 'NONE',  ( 7.866660329089468995, 25.90523677694173088, 1.499999999999843903 ) ) ;
#658 = CARTESIAN_POINT ( 'NONE',  ( -4.802323723710243186, 28.83762986758751268, 1.499999999999843903 ) ) ;
#659 = DIRECTION ( 'NONE',  ( -1.000000000000000000, 0.000000000000000000, 0.000000000000000000 ) ) ;
#660 = ORIENTED_EDGE ( 'NONE', *, *, #5574, .F. ) ;
#661 = AXIS2_PLACEMENT_3D ( 'NONE', #5717, #4272, #1600 ) ;
#662 = DIRECTION ( 'NONE',  ( -0.000000000000000000, 1.000000000000000000, -0.000000000000000000 ) ) ;
#663 = EDGE_CURVE ( 'NONE', #3198, #4221, #1651, .T. ) ;
#664 = EDGE_CURVE ( 'NONE', #2954, #636, #2172, .T. ) ;
#665 = CARTESIAN_POINT ( 'NONE',  ( 7.582679705369938183, 27.03837947678105991, 4.500000000000000888 ) ) ;
#666 = CARTESIAN_POINT ( 'NONE',  ( -15.91000000000001080, 31.18628651258499573, 2.500000000000000000 ) ) ;
#667 = CYLINDRICAL_SURFACE ( 'NONE', #3030, 4.000000000000000000 ) ;
#668 = ORIENTED_EDGE ( 'NONE', *, *, #5382, .F. ) ;
#669 = EDGE_LOOP ( 'NONE', ( #604, #1045, #6042, #5067, #6372, #2847 ) ) ;
#670 = ORIENTED_EDGE ( 'NONE', *, *, #5413, .F. ) ;
#671 = PRODUCT_DEFINITION_FORMATION_WITH_SPECIFIED_SOURCE ( '任何', '', #2390, .NOT_KNOWN. ) ;
#672 = PERSON_AND_ORGANIZATION ( #78, #5396 ) ;
#673 = CARTESIAN_POINT ( 'NONE',  ( -20.06523930409632328, 23.86842066156957642, 1.934499548037351468 ) ) ;
#674 = CIRCLE ( 'NONE', #468, 1.599999999980956877 ) ;
#675 = CARTESIAN_POINT ( 'NONE',  ( -6.169593599177066956, 27.03837947678106701, 1.500000000000000000 ) ) ;
#676 = CARTESIAN_POINT ( 'NONE',  ( 17.94749555500000326, 27.40006096009999936, 6.000000000000000000 ) ) ;
#677 = VECTOR ( 'NONE', #371, 1000.000000000000000 ) ;
#678 = DIRECTION ( 'NONE',  ( 0.000000000000000000, -1.000000000000000000, -0.000000000000000000 ) ) ;
#679 = VECTOR ( 'NONE', #3936, 1000.000000000000000 ) ;
#680 = CARTESIAN_POINT ( 'NONE',  ( -16.34749555500000184, -30.40006096009999936, 13.33102500000000035 ) ) ;
#681 = VECTOR ( 'NONE', #1832, 1000.000000000000000 ) ;
#682 = CARTESIAN_POINT ( 'NONE',  ( 3.206543053095936457, 27.03837947678106701, 0.5000000000000000000 ) ) ;
#683 = FACE_BOUND ( 'NONE', #3984, .T. ) ;
#684 = EDGE_LOOP ( 'NONE', ( #1191, #5184, #5130, #3068, #5313, #2632, #611, #6772 ) ) ;
#685 = DIRECTION ( 'NONE',  ( 1.856308247812544131E-16, 1.000000000000000000, 0.000000000000000000 ) ) ;
#686 = EDGE_LOOP ( 'NONE', ( #2022, #4185, #6423, #3571, #3184, #3634, #2646, #600 ) ) ;
#687 = CARTESIAN_POINT ( 'NONE',  ( 19.75849446915037788, 23.79150452835809659, 2.236590902205163989 ) ) ;
#688 = ADVANCED_FACE ( 'NONE', ( #187 ), #2788, .F. ) ;
#689 = EDGE_LOOP ( 'NONE', ( #4572, #3807, #1179, #6522 ) ) ;
#690 = DIRECTION ( 'NONE',  ( 0.000000000000000000, 0.000000000000000000, -1.000000000000000000 ) ) ;
#691 = VECTOR ( 'NONE', #1803, 1000.000000000000000 ) ;
#692 = ORIENTED_EDGE ( 'NONE', *, *, #4964, .F. ) ;
#693 = CARTESIAN_POINT ( 'NONE',  ( -8.862574851587311286, 29.00439885306207444, 1.499999999999843903 ) ) ;
#694 = CARTESIAN_POINT ( 'NONE',  ( 5.397981573115407272, 27.62731222258606323, 1.499999999999921840 ) ) ;
#695 = CARTESIAN_POINT ( 'NONE',  ( 7.582679705369938183, 27.03837947678105991, 3.500000000000000000 ) ) ;
#696 = CIRCLE ( 'NONE', #1015, 2.250000000000001332 ) ;
#697 = ORIENTED_EDGE ( 'NONE', *, *, #4458, .F. ) ;
#698 = EDGE_CURVE ( 'NONE', #5337, #5345, #2282, .T. ) ;
#699 = FACE_OUTER_BOUND ( 'NONE', #4057, .T. ) ;
#700 = AXIS2_PLACEMENT_3D ( 'NONE', #3598, #5701, #886 ) ;
#701 = LINE ( 'NONE', #2813, #1161 ) ;
#702 = ORIENTED_EDGE ( 'NONE', *, *, #3892, .F. ) ;
#703 = DIRECTION ( 'NONE',  ( 1.000000000000000000, 0.000000000000000000, 0.000000000000000000 ) ) ;
#704 = CARTESIAN_POINT ( 'NONE',  ( -10.58465029723083894, 29.22981799680147574, 1.500000000000077938 ) ) ;
#705 = DIRECTION ( 'NONE',  ( 1.000000000000000000, 0.000000000000000000, 0.000000000000000000 ) ) ;
#706 = CARTESIAN_POINT ( 'NONE',  ( 22.77463296930000070, 31.18628397259999829, 13.33000000000000007 ) ) ;
#707 = ORIENTED_EDGE ( 'NONE', *, *, #2422, .F. ) ;
#708 = ORIENTED_EDGE ( 'NONE', *, *, #6796, .T. ) ;
#709 = ORIENTED_EDGE ( 'NONE', *, *, #2286, .F. ) ;
#710 = EDGE_CURVE ( 'NONE', #4968, #1391, #4662, .T. ) ;
#711 = ORIENTED_EDGE ( 'NONE', *, *, #2201, .F. ) ;
#712 = CARTESIAN_POINT ( 'NONE',  ( -1.220969612949979854, 28.72894374487851010, 1.500000000000000222 ) ) ;
#713 = AXIS2_PLACEMENT_3D ( 'NONE', #6348, #2168, #5960 ) ;
#714 = ORIENTED_EDGE ( 'NONE', *, *, #4310, .T. ) ;
#715 = FACE_OUTER_BOUND ( 'NONE', #421, .T. ) ;
#716 = ORIENTED_EDGE ( 'NONE', *, *, #4845, .T. ) ;
#717 = CARTESIAN_POINT ( 'NONE',  ( 7.574310647399825847, 36.80100000000001614, 1.649999999999998579 ) ) ;
#718 =( BOUNDED_CURVE ( )  B_SPLINE_CURVE ( 2, ( #4186, #5767, #946 ),
 .UNSPECIFIED., .F., .T. ) 
 B_SPLINE_CURVE_WITH_KNOTS ( ( 3, 3 ),
 ( 0.000000000000000000, 1.000000000000000000 ),
 .UNSPECIFIED. ) 
 CURVE ( )  GEOMETRIC_REPRESENTATION_ITEM ( )  RATIONAL_B_SPLINE_CURVE ( ( 1.000000000000000000, 0.7071067811865473507, 1.000000000000000000 ) ) 
 REPRESENTATION_ITEM ( '' )  );
#719 = VECTOR ( 'NONE', #6043, 1000.000000000000000 ) ;
#720 = CARTESIAN_POINT ( 'NONE',  ( -2.947495555000002376, 34.27089408180000163, 13.33000000000000007 ) ) ;
#721 = FACE_OUTER_BOUND ( 'NONE', #6803, .T. ) ;
#722 = CARTESIAN_POINT ( 'NONE',  ( 2.073400353258413542, 29.00439885306144561, 1.499999999999843903 ) ) ;
#723 = ORIENTED_EDGE ( 'NONE', *, *, #1559, .T. ) ;
#724 = CIRCLE ( 'NONE', #516, 2.999999999999999112 ) ;
#725 = CARTESIAN_POINT ( 'NONE',  ( -20.14749555500000255, -30.40006096009999936, 3.499999999999999556 ) ) ;
#726 = CARTESIAN_POINT ( 'NONE',  ( -7.745717551424906588, 27.03837947678106346, 3.500000000000000000 ) ) ;
#727 = CIRCLE ( 'NONE', #3841, 2.200000000000000622 ) ;
#728 = EDGE_LOOP ( 'NONE', ( #4482, #6710, #1728, #2221 ) ) ;
#729 = CARTESIAN_POINT ( 'NONE',  ( -18.69005080010079567, -35.27084328169999594, 6.000000000000000000 ) ) ;
#730 = CYLINDRICAL_SURFACE ( 'NONE', #3239, 1.599999999980955767 ) ;
#731 = CARTESIAN_POINT ( 'NONE',  ( -9.701193246641661716, 29.28837947678106701, 1.500000000000000888 ) ) ;
#732 = LINE ( 'NONE', #1764, #4622 ) ;
#733 = ADVANCED_FACE ( 'NONE', ( #2752, #1295 ), #1861, .F. ) ;
#734 = CARTESIAN_POINT ( 'NONE',  ( 20.00000000000000000, 36.29999999999999005, 13.32999999999999297 ) ) ;
#735 = CARTESIAN_POINT ( 'NONE',  ( 5.451297942626342596, -22.23771907541695469, 1.500000000000000000 ) ) ;
#736 = CARTESIAN_POINT ( 'NONE',  ( 15.90999999999999304, 31.18628651258500284, 0.5000000000000000000 ) ) ;
#737 = CARTESIAN_POINT ( 'NONE',  ( 18.69002286095545529, -34.98084328169999679, 0.5000000000000000000 ) ) ;
#738 = EDGE_CURVE ( 'NONE', #5214, #3449, #5513, .T. ) ;
#739 = DIRECTION ( 'NONE',  ( 3.561451260254548541E-16, -1.000000000000000000, 0.000000000000000000 ) ) ;
#740 = CARTESIAN_POINT ( 'NONE',  ( 19.54749555500000113, -30.40006096009999936, 13.33102500000000035 ) ) ;
#741 = FACE_OUTER_BOUND ( 'NONE', #5551, .T. ) ;
#742 = EDGE_CURVE ( 'NONE', #5955, #4938, #2475, .T. ) ;
#743 = EDGE_CURVE ( 'NONE', #4472, #2325, #2319, .T. ) ;
#744 = DIRECTION ( 'NONE',  ( -0.000000000000000000, -0.000000000000000000, -1.000000000000000000 ) ) ;
#745 = EDGE_LOOP ( 'NONE', ( #2848, #2974, #6587, #3607, #4967 ) ) ;
#746 = VERTEX_POINT ( 'NONE', #1934 ) ;
#747 = VERTEX_POINT ( 'NONE', #3383 ) ;
#748 = VECTOR ( 'NONE', #2889, 1000.000000000000000 ) ;
#749 = ORIENTED_EDGE ( 'NONE', *, *, #742, .T. ) ;
#750 = EDGE_LOOP ( 'NONE', ( #5324, #478, #3803, #3648, #1616, #6720, #5823, #3147 ) ) ;
#751 = DIRECTION ( 'NONE',  ( -0.000000000000000000, -0.000000000000000000, -1.000000000000000000 ) ) ;
#752 = AXIS2_PLACEMENT_3D ( 'NONE', #720, #2176, #5968 ) ;
#753 = VERTEX_POINT ( 'NONE', #5470 ) ;
#754 = DIRECTION ( 'NONE',  ( -1.000000000000000000, 0.000000000000000000, -0.000000000000000000 ) ) ;
#755 = CARTESIAN_POINT ( 'NONE',  ( 0.1172872745844294184, -16.90370840737503499, 2.500000000000000000 ) ) ;
#756 = LINE ( 'NONE', #2842, #4259 ) ;
#757 = CARTESIAN_POINT ( 'NONE',  ( 5.172562426893017928, 28.17152218261558971, 3.499999999999999556 ) ) ;
#758 = DIRECTION ( 'NONE',  ( -1.000000000000000000, 0.000000000000000000, 0.000000000000000000 ) ) ;
#759 = CARTESIAN_POINT ( 'NONE',  ( -7.745717551424905700, 27.03837947678106701, 4.500000000000000888 ) ) ;
#760 = CARTESIAN_POINT ( 'NONE',  ( -5.385612975457939378, 25.90523677694295301, 3.500000000000000000 ) ) ;
#761 = CARTESIAN_POINT ( 'NONE',  ( -4.465728473447176050, -36.80100000000000904, 2.700000073095998765 ) ) ;
#762 = AXIS2_PLACEMENT_3D ( 'NONE', #2514, #4051, #1936 ) ;
#763 = PLANE ( 'NONE',  #3507 ) ;
#764 = CARTESIAN_POINT ( 'NONE',  ( -9.635743401134407193, 24.28837947678106346, 1.500000000000000000 ) ) ;
#765 = CYLINDRICAL_SURFACE ( 'NONE', #4060, 1.249999999999999334 ) ;
#766 = ORIENTED_EDGE ( 'NONE', *, *, #1641, .T. ) ;
#767 = CARTESIAN_POINT ( 'NONE',  ( 18.69002286007999558, 31.18628397257998941, 0.5000000000000000000 ) ) ;
#768 = DIRECTION ( 'NONE',  ( 0.000000000000000000, -1.000000000000000000, 0.000000000000000000 ) ) ;
#769 = EDGE_CURVE ( 'NONE', #513, #2611, #4452, .T. ) ;
#770 = CARTESIAN_POINT ( 'NONE',  ( 10.42161245117492463, 29.22981799680084691, 1.499999999999844791 ) ) ;
#771 = VECTOR ( 'NONE', #2297, 1000.000000000000000 ) ;
#772 = ORIENTED_EDGE ( 'NONE', *, *, #627, .F. ) ;
#773 = EDGE_LOOP ( 'NONE', ( #6388, #240, #4663, #2257 ) ) ;
#774 = DIRECTION ( 'NONE',  ( -1.000000000000000000, 0.000000000000000000, 0.000000000000000000 ) ) ;
#775 = VERTEX_POINT ( 'NONE', #2547 ) ;
#776 =( NAMED_UNIT ( * ) SI_UNIT ( $, .STERADIAN. ) SOLID_ANGLE_UNIT ( ) );
#777 = EDGE_CURVE ( 'NONE', #4938, #822, #3442, .T. ) ;
#778 = ORIENTED_EDGE ( 'NONE', *, *, #3700, .T. ) ;
#779 = DIRECTION ( 'NONE',  ( -1.000000000000000000, 0.000000000000000000, 0.000000000000000000 ) ) ;
#780 = CARTESIAN_POINT ( 'NONE',  ( 0.5283284157876225740, 26.31787872460343891, 1.500000000000000222 ) ) ;
#781 = FACE_OUTER_BOUND ( 'NONE', #1688, .T. ) ;
#782 = EDGE_LOOP ( 'NONE', ( #5451, #5801, #4158, #6164 ) ) ;
#783 = ORIENTED_EDGE ( 'NONE', *, *, #3506, .T. ) ;
#784 = AXIS2_PLACEMENT_3D ( 'NONE', #3881, #5933, #84 ) ;
#785 = CARTESIAN_POINT ( 'NONE',  ( 5.172562429377256521, 28.17152217661898206, 1.500000000000077938 ) ) ;
#786 = ORIENTED_EDGE ( 'NONE', *, *, #2694, .F. ) ;
#787 = EDGE_CURVE ( 'NONE', #2716, #6293, #6145, .T. ) ;
#788 = EDGE_CURVE ( 'NONE', #2781, #4864, #5624, .T. ) ;
#789 = VECTOR ( 'NONE', #3160, 1000.000000000000000 ) ;
#790 = ORIENTED_EDGE ( 'NONE', *, *, #4197, .T. ) ;
#791 = LINE ( 'NONE', #2373, #3073 ) ;
#792 = CARTESIAN_POINT ( 'NONE',  ( -14.94749555500000326, 35.27089408179999452, 2.700000073095999209 ) ) ;
#793 = CARTESIAN_POINT ( 'NONE',  ( -1.620343208370968124, 25.65564935224804444, 1.500000000000000000 ) ) ;
#794 = LINE ( 'NONE', #5012, #4561 ) ;
#795 = DIRECTION ( 'NONE',  ( -0.000000000000000000, -0.000000000000000000, -1.000000000000000000 ) ) ;
#796 = ORIENTED_EDGE ( 'NONE', *, *, #25, .T. ) ;
#797 = CARTESIAN_POINT ( 'NONE',  ( -12.74571755142490836, 27.03837947678106701, 1.500000000000000000 ) ) ;
#798 = DIRECTION ( 'NONE',  ( 1.000000000000000000, 0.000000000000000000, 0.000000000000000000 ) ) ;
#799 = CARTESIAN_POINT ( 'NONE',  ( -1.482712725396507558, -16.90370840737503499, 0.5000000000000000000 ) ) ;
#800 = AXIS2_PLACEMENT_3D ( 'NONE', #529, #55, #566 ) ;
#801 = ORIENTED_EDGE ( 'NONE', *, *, #1387, .T. ) ;
#802 = ORIENTED_EDGE ( 'NONE', *, *, #5741, .F. ) ;
#803 = CARTESIAN_POINT ( 'NONE',  ( 2.846568902805425516, 29.78837947678107057, 1.500000000000000000 ) ) ;
#804 = ORIENTED_EDGE ( 'NONE', *, *, #5383, .F. ) ;
#805 = DATE_AND_TIME ( #1312, #1209 ) ;
#806 = CARTESIAN_POINT ( 'NONE',  ( -19.54749555500000113, 30.40006096009999936, 3.499999999999999556 ) ) ;
#807 = DIRECTION ( 'NONE',  ( -1.000000000000000000, 0.000000000000000000, 0.000000000000000000 ) ) ;
#808 = DIRECTION ( 'NONE',  ( 1.000000000000000000, 0.000000000000000000, -0.000000000000000000 ) ) ;
#809 = DIRECTION ( 'NONE',  ( -0.000000000000000000, -0.000000000000000000, -1.000000000000000000 ) ) ;
#810 = DIRECTION ( 'NONE',  ( 1.000000000000000000, -0.000000000000000000, 1.300878638359185634E-16 ) ) ;
#811 = CARTESIAN_POINT ( 'NONE',  ( 7.082679705369937295, 27.03837947678105991, 1.500000000000000000 ) ) ;
#812 = VERTEX_POINT ( 'NONE', #5131 ) ;
#813 = ORIENTED_EDGE ( 'NONE', *, *, #1402, .F. ) ;
#814 = EDGE_CURVE ( 'NONE', #1557, #1362, #1430, .T. ) ;
#815 = ORIENTED_EDGE ( 'NONE', *, *, #5426, .T. ) ;
#816 = VERTEX_POINT ( 'NONE', #5661 ) ;
#817 = ORIENTED_EDGE ( 'NONE', *, *, #334, .F. ) ;
#818 = CARTESIAN_POINT ( 'NONE',  ( 2.073400353257953022, 29.00439885306199272, 3.500000000000000000 ) ) ;
#819 = CIRCLE ( 'NONE', #4690, 1.100000000000000311 ) ;
#820 = DIRECTION ( 'NONE',  ( -1.000000000000000000, 0.000000000000000000, 0.000000000000000000 ) ) ;
#821 = EDGE_CURVE ( 'NONE', #775, #4786, #3833, .T. ) ;
#822 = VERTEX_POINT ( 'NONE', #1584 ) ;
#823 = VECTOR ( 'NONE', #369, 1000.000000000000000 ) ;
#824 = CARTESIAN_POINT ( 'NONE',  ( 7.574310647399825847, 35.27089408179999452, 1.649999999999998579 ) ) ;
#825 = CARTESIAN_POINT ( 'NONE',  ( 10.42161245117493884, 29.22981799680088244, 3.500000000000000000 ) ) ;
#826 = DIRECTION ( 'NONE',  ( 1.000000000000000000, 0.000000000000000000, 0.000000000000000000 ) ) ;
#827 = EDGE_CURVE ( 'NONE', #5830, #2545, #6345, .T. ) ;
#828 = AXIS2_PLACEMENT_3D ( 'NONE', #5712, #6267, #1530 ) ;
#829 = ORIENTED_EDGE ( 'NONE', *, *, #4301, .F. ) ;
#830 = VERTEX_POINT ( 'NONE', #5821 ) ;
#831 = DIRECTION ( 'NONE',  ( -1.000000000000000000, 0.000000000000000000, 0.000000000000000000 ) ) ;
#832 = CIRCLE ( 'NONE', #4282, 4.000000000000000000 ) ;
#833 = DIRECTION ( 'NONE',  ( 0.000000000000000000, 0.000000000000000000, -1.000000000000000000 ) ) ;
#834 = CARTESIAN_POINT ( 'NONE',  ( -14.94749555500000326, 30.40006096009999936, 6.000000000000000000 ) ) ;
#835 = CARTESIAN_POINT ( 'NONE',  ( -12.19424057984199550, 28.72884278708953687, 1.499999999999999556 ) ) ;
#836 = ADVANCED_FACE ( 'NONE', ( #5379 ), #656, .F. ) ;
#837 = CARTESIAN_POINT ( 'NONE',  ( 3.926349742413337562, 29.71680433458261206, 1.500000000000000000 ) ) ;
#838 = EDGE_CURVE ( 'NONE', #4165, #4617, #6534, .T. ) ;
#839 = ORIENTED_EDGE ( 'NONE', *, *, #2067, .F. ) ;
#840 = PERSON_AND_ORGANIZATION ( #78, #5396 ) ;
#841 = CARTESIAN_POINT ( 'NONE',  ( -18.69005080008999897, -31.18623571248999227, 6.000000000000000000 ) ) ;
#842 = CARTESIAN_POINT ( 'NONE',  ( -1.453574222896014900, 25.90523677694315907, 1.500000000000000000 ) ) ;
#843 = CARTESIAN_POINT ( 'NONE',  ( 4.339685758930460935, 25.07236010298399265, 3.500000000000000888 ) ) ;
#844 = DIRECTION ( 'NONE',  ( 0.000000000000000000, 0.000000000000000000, 1.000000000000000000 ) ) ;
#845 = CARTESIAN_POINT ( 'NONE',  ( 4.589273177629265454, 25.23912908597461424, 1.500000000000000000 ) ) ;
#846 = ORIENTED_EDGE ( 'NONE', *, *, #5782, .T. ) ;
#847 = VECTOR ( 'NONE', #1919, 1000.000000000000000 ) ;
#848 = AXIS2_PLACEMENT_3D ( 'NONE', #3910, #5527, #304 ) ;
#849 = CARTESIAN_POINT ( 'NONE',  ( 7.641241185349618270, 26.44944673097748833, 1.500000000000156097 ) ) ;
#850 = CC_DESIGN_PERSON_AND_ORGANIZATION_ASSIGNMENT ( #6436, #73, ( #671 ) ) ;
#851 = CARTESIAN_POINT ( 'NONE',  ( 13.32431064739982496, 36.29999999999999005, 1.649999999999998579 ) ) ;
#852 = CARTESIAN_POINT ( 'NONE',  ( 5.956543053095937346, 27.03837947678105991, 1.500000000000000000 ) ) ;
#853 = ORIENTED_EDGE ( 'NONE', *, *, #947, .F. ) ;
#854 = FACE_OUTER_BOUND ( 'NONE', #3360, .T. ) ;
#855 = DIRECTION ( 'NONE',  ( 0.000000000000000000, -0.000000000000000000, 1.000000000000000000 ) ) ;
#856 = LINE ( 'NONE', #5596, #5525 ) ;
#857 = ADVANCED_FACE ( 'NONE', ( #2371, #2227 ), #6571, .T. ) ;
#858 = ORIENTED_EDGE ( 'NONE', *, *, #190, .T. ) ;
#859 = CARTESIAN_POINT ( 'NONE',  ( 11.63193009617621954, 28.42110960131423525, 3.500000000000000000 ) ) ;
#860 = CYLINDRICAL_SURFACE ( 'NONE', #603, 1.250000000000000222 ) ;
#861 = VERTEX_POINT ( 'NONE', #5598 ) ;
#862 = VECTOR ( 'NONE', #1224, 1000.000000000000000 ) ;
#863 = VECTOR ( 'NONE', #1437, 1000.000000000000000 ) ;
#864 = DIRECTION ( 'NONE',  ( 0.000000000000000000, 0.000000000000000000, -1.000000000000000000 ) ) ;
#865 = EDGE_CURVE ( 'NONE', #5027, #6733, #3003, .T. ) ;
#866 = CARTESIAN_POINT ( 'NONE',  ( -12.74571755142490836, 27.39835362707197319, 1.500000000000000000 ) ) ;
#867 = CARTESIAN_POINT ( 'NONE',  ( -9.406784805620075574, 24.84694095676059433, 1.499999999999843903 ) ) ;
#868 = CARTESIAN_POINT ( 'NONE',  ( -18.69005080009999986, 35.27089408180000163, 13.33000000000000007 ) ) ;
#869 = CARTESIAN_POINT ( 'NONE',  ( 14.44749555499999971, -35.27084328170000305, 6.000000000000000000 ) ) ;
#870 = CARTESIAN_POINT ( 'NONE',  ( -1.482712725396507558, -16.90370840737503499, 2.500000000000000000 ) ) ;
#871 = EDGE_LOOP ( 'NONE', ( #5530, #2082, #3703, #1405 ) ) ;
#872 = CARTESIAN_POINT ( 'NONE',  ( 18.56937561442843787, -6.655307120501201545, 3.720189924838847695 ) ) ;
#873 = EDGE_CURVE ( 'NONE', #6027, #406, #5728, .T. ) ;
#874 = EDGE_CURVE ( 'NONE', #2537, #4517, #4602, .T. ) ;
#875 = CARTESIAN_POINT ( 'NONE',  ( 3.565795525023068624, 29.78845086472546200, 1.499999999999999778 ) ) ;
#876 = CARTESIAN_POINT ( 'NONE',  ( 11.52268319091066573, 24.83929566579547199, 1.500000000000000000 ) ) ;
#877 = DIRECTION ( 'NONE',  ( 0.000000000000000000, 0.000000000000000000, -1.000000000000000000 ) ) ;
#878 = ORIENTED_EDGE ( 'NONE', *, *, #5177, .F. ) ;
#879 = CARTESIAN_POINT ( 'NONE',  ( -3.813520958784441639, 30.40006096009999936, 2.000000000000000000 ) ) ;
#880 = ORIENTED_EDGE ( 'NONE', *, *, #5698, .F. ) ;
#881 = ORIENTED_EDGE ( 'NONE', *, *, #5974, .F. ) ;
#882 = DIRECTION ( 'NONE',  ( 0.000000000000000000, 0.000000000000000000, -1.000000000000000000 ) ) ;
#883 = CARTESIAN_POINT ( 'NONE',  ( 0.9565430530959354583, 26.74385517199782214, 1.500000000000000000 ) ) ;
#884 = CARTESIAN_POINT ( 'NONE',  ( -1.482712725416441613, -22.23771907541695469, 0.5000000000000000000 ) ) ;
#885 = CARTESIAN_POINT ( 'NONE',  ( -15.90999999999999304, -13.49999999999999822, 0.5000000000000000000 ) ) ;
#886 = DIRECTION ( 'NONE',  ( -1.000000000000000000, 0.000000000000000000, 0.000000000000000000 ) ) ;
#887 = DIRECTION ( 'NONE',  ( -1.000000000000000000, 0.000000000000000000, 0.000000000000000000 ) ) ;
#888 = VERTEX_POINT ( 'NONE', #6189 ) ;
#889 = AXIS2_PLACEMENT_3D ( 'NONE', #4905, #563, #2792 ) ;
#890 = LOCAL_TIME ( 14, 12, 36.00000000000000000, #2506 ) ;
#891 = PLANE ( 'NONE',  #3293 ) ;
#892 = DIRECTION ( 'NONE',  ( -0.000000000000000000, -0.000000000000000000, 1.000000000000000000 ) ) ;
#893 = DIRECTION ( 'NONE',  ( 1.300878638359185634E-16, -2.414831745789307746E-32, -1.000000000000000000 ) ) ;
#894 = LINE ( 'NONE', #6187, #4356 ) ;
#895 = LINE ( 'NONE', #4090, #6631 ) ;
#896 = DIRECTION ( 'NONE',  ( -0.000000000000000000, -0.000000000000000000, 1.000000000000000000 ) ) ;
#897 = CIRCLE ( 'NONE', #1867, 2.200000000000000622 ) ;
#898 = VECTOR ( 'NONE', #4112, 1000.000000000000000 ) ;
#899 = ORIENTED_EDGE ( 'NONE', *, *, #6804, .T. ) ;
#900 = ORIENTED_EDGE ( 'NONE', *, *, #2236, .T. ) ;
#901 = EDGE_CURVE ( 'NONE', #4016, #746, #3683, .T. ) ;
#902 = ORIENTED_EDGE ( 'NONE', *, *, #1835, .F. ) ;
#903 = EDGE_LOOP ( 'NONE', ( #6315, #6766 ) ) ;
#904 = ORIENTED_EDGE ( 'NONE', *, *, #6070, .F. ) ;
#905 = CARTESIAN_POINT ( 'NONE',  ( -11.68572103696533837, 29.23746328776665138, 1.500000000000000000 ) ) ;
#906 = CARTESIAN_POINT ( 'NONE',  ( 22.77463296930000070, 31.18628397259999829, 13.33000000000000007 ) ) ;
#907 = CARTESIAN_POINT ( 'NONE',  ( 13.32431064739982496, 36.80100000000001614, 1.649999999999998579 ) ) ;
#908 = EDGE_CURVE ( 'NONE', #5838, #513, #4731, .T. ) ;
#909 = VERTEX_POINT ( 'NONE', #5805 ) ;
#910 = CARTESIAN_POINT ( 'NONE',  ( -12.24571755142490836, 27.33290378805510912, 3.499999999999999112 ) ) ;
#911 = CARTESIAN_POINT ( 'NONE',  ( -20.00000000000000000, 36.79999999999999005, 13.33000000000000007 ) ) ;
#912 = CARTESIAN_POINT ( 'NONE',  ( 9.472705555079345530, 29.78837947678105635, 1.500000000000000000 ) ) ;
#913 = LINE ( 'NONE', #5057, #1693 ) ;
#914 = DIRECTION ( 'NONE',  ( -0.000000000000000000, -0.000000000000000000, -1.000000000000000000 ) ) ;
#915 = EDGE_CURVE ( 'NONE', #4255, #1582, #1819, .T. ) ;
#916 = ORIENTED_EDGE ( 'NONE', *, *, #5771, .F. ) ;
#917 = CIRCLE ( 'NONE', #5636, 4.000000000000000000 ) ;
#918 = CIRCLE ( 'NONE', #4783, 1.599999999980944887 ) ;
#919 = AXIS2_PLACEMENT_3D ( 'NONE', #3879, #2930, #153 ) ;
#920 = FACE_OUTER_BOUND ( 'NONE', #782, .T. ) ;
#921 = CARTESIAN_POINT ( 'NONE',  ( -8.196467160618615466, 25.65564935224788812, 3.500000000000000000 ) ) ;
#922 = CARTESIAN_POINT ( 'NONE',  ( 12.58267970536993197, 27.03837947678105280, 1.500000000000000000 ) ) ;
#923 = EDGE_CURVE ( 'NONE', #5283, #3658, #5190, .T. ) ;
#924 = ORIENTED_EDGE ( 'NONE', *, *, #627, .T. ) ;
#925 = ORIENTED_EDGE ( 'NONE', *, *, #2077, .F. ) ;
#926 = ORIENTED_EDGE ( 'NONE', *, *, #5540, .F. ) ;
#927 = AXIS2_PLACEMENT_3D ( 'NONE', #435, #3080, #4001 ) ;
#928 = EDGE_LOOP ( 'NONE', ( #2728, #1180 ) ) ;
#929 = CARTESIAN_POINT ( 'NONE',  ( 8.449949580836756624, 28.83762986758734570, 3.500000000000000000 ) ) ;
#930 = LINE ( 'NONE', #424, #2025 ) ;
#931 = CARTESIAN_POINT ( 'NONE',  ( -15.90999999999998593, -4.499999999999996447, 3.499999999999999556 ) ) ;
#932 = VECTOR ( 'NONE', #5112, 1000.000000000000000 ) ;
#933 = DIRECTION ( 'NONE',  ( -0.000000000000000000, -0.000000000000000000, 1.000000000000000000 ) ) ;
#934 = DIRECTION ( 'NONE',  ( -1.000000000000000000, 0.000000000000000000, 0.000000000000000000 ) ) ;
#935 =( BOUNDED_SURFACE ( )  B_SPLINE_SURFACE ( 2, 3, ( 
 ( #5045, #4380, #6468, #1283, #1720, #1763, #3403, #5488, #5921, #6542, #966, #6161, #3541, #1000, #937, #472, #2418, #4640, #2569, #5152, #1371, #2533, #5609, #2982, #4575, #6201, #6649, #4071, #1477, #6242, #4342, #2732, #4711, #6817 ),
 ( #4838, #3141, #597, #2701, #1158, #4207, #535, #3799, #2635, #1062, #5844, #2669, #3246, #30, #2130, #3768, #1813, #1786, #3396, #5005, #5380, #3925, #124, #1705, #2372, #4499, #6462, #1754, #1843, #3857, #657, #3888, #5945, #4868 ),
 ( #203, #1276, #2014, #5536, #4669, #929, #4531, #6085, #2525, #6123, #825, #4629, #5110, #859, #392, #3611, #5036, #6611, #2450, #6642, #4603, #1563, #4268, #5776, #6266, #5806, #6236, #3199, #1088, #2152, #6807, #3234, #2720, #2091 ) ),
 .UNSPECIFIED., .F., .T., .F. ) 
 B_SPLINE_SURFACE_WITH_KNOTS ( ( 3, 3 ),
 ( 4, 2, 2, 2, 2, 2, 2, 2, 2, 2, 2, 2, 2, 2, 2, 2, 4 ),
 ( 0.000000000000000000, 1.000000000000000000 ),
 ( -6.283185307179586232, -5.890486225480861648, -5.497787143782137953, -5.105088062083414258, -4.712388980384689674, -4.319689898685965090, -3.926990816987241395, -3.534291735288517255, -3.141592653589793116, -2.748893571891068976, -2.356194490192344837, -1.963495408493620697, -1.570796326794896558, -1.178097245096172418, -0.7853981633974482790, -0.3926990816987241395, 0.000000000000000000 ),
 .UNSPECIFIED. ) 
 GEOMETRIC_REPRESENTATION_ITEM ( )  RATIONAL_B_SPLINE_SURFACE ( (
 ( 1.000000000000000000, 1.000000000000000000, 1.000000000000000000, 1.000000000000000000, 1.000000000000000000, 1.000000000000000000, 1.000000000000000000, 1.000000000000000000, 1.000000000000000000, 1.000000000000000000, 1.000000000000000000, 1.000000000000000000, 1.000000000000000000, 1.000000000000000000, 1.000000000000000000, 1.000000000000000000, 1.000000000000000000, 1.000000000000000000, 1.000000000000000000, 1.000000000000000000, 1.000000000000000000, 1.000000000000000000, 1.000000000000000000, 1.000000000000000000, 1.000000000000000000, 1.000000000000000000, 1.000000000000000000, 1.000000000000000000, 1.000000000000000000, 1.000000000000000000, 1.000000000000000000, 1.000000000000000000, 1.000000000000000000, 1.000000000000000000),
 ( 0.7071067811865475727, 0.7071067811865475727, 0.7071067811865473507, 0.7071067811865473507, 0.7071067811865479058, 0.7071067811865479058, 0.7071067811865475727, 0.7071067811865475727, 0.7071067811865469066, 0.7071067811865469066, 0.7071067811865481278, 0.7071067811865481278, 0.7071067811865475727, 0.7071067811865475727, 0.7071067811865477948, 0.7071067811865477948, 0.7071067811865477948, 0.7071067811865477948, 0.7071067811865475727, 0.7071067811865475727, 0.7071067811865475727, 0.7071067811865475727, 0.7071067811865475727, 0.7071067811865475727, 0.7071067811865469066, 0.7071067811865469066, 0.7071067811865481278, 0.7071067811865481278, 0.7071067811865475727, 0.7071067811865475727, 0.7071067811865475727, 0.7071067811865475727, 0.7071067811865475727, 0.7071067811865475727),
 ( 1.000000000000000000, 1.000000000000000000, 1.000000000000000000, 1.000000000000000000, 1.000000000000000000, 1.000000000000000000, 1.000000000000000000, 1.000000000000000000, 1.000000000000000000, 1.000000000000000000, 1.000000000000000000, 1.000000000000000000, 1.000000000000000000, 1.000000000000000000, 1.000000000000000000, 1.000000000000000000, 1.000000000000000000, 1.000000000000000000, 1.000000000000000000, 1.000000000000000000, 1.000000000000000000, 1.000000000000000000, 1.000000000000000000, 1.000000000000000000, 1.000000000000000000, 1.000000000000000000, 1.000000000000000000, 1.000000000000000000, 1.000000000000000000, 1.000000000000000000, 1.000000000000000000, 1.000000000000000000, 1.000000000000000000, 1.000000000000000000) ) ) 
 REPRESENTATION_ITEM ( '' )  SURFACE ( )  );
#936 = CC_DESIGN_PERSON_AND_ORGANIZATION_ASSIGNMENT ( #672, #2241, ( #6819 ) ) ;
#937 = CARTESIAN_POINT ( 'NONE',  ( 12.23559227637984215, 28.42333166547149759, 1.500000000000000000 ) ) ;
#938 = CYLINDRICAL_SURFACE ( 'NONE', #3179, 2.249999999999996891 ) ;
#939 = ORIENTED_EDGE ( 'NONE', *, *, #4174, .T. ) ;
#940 = ORIENTED_EDGE ( 'NONE', *, *, #6700, .T. ) ;
#941 = CARTESIAN_POINT ( 'NONE',  ( 0.000000000000000000, 36.79999999999999005, 0.000000000000000000 ) ) ;
#942 = AXIS2_PLACEMENT_3D ( 'NONE', #5213, #6764, #4269 ) ;
#943 = EDGE_CURVE ( 'NONE', #4059, #2662, #674, .T. ) ;
#944 = CARTESIAN_POINT ( 'NONE',  ( -24.30000000000000071, 36.80000000000000426, 13.33000000000000007 ) ) ;
#945 = DIRECTION ( 'NONE',  ( 0.000000000000000000, 1.000000000000000000, 0.000000000000000000 ) ) ;
#946 = CARTESIAN_POINT ( 'NONE',  ( 5.456543053095936457, 27.03837947678106346, 3.500000000000000000 ) ) ;
#947 = EDGE_CURVE ( 'NONE', #1307, #888, #38, .T. ) ;
#948 = DIRECTION ( 'NONE',  ( -0.000000000000000000, -0.000000000000000000, 1.000000000000000000 ) ) ;
#949 = CARTESIAN_POINT ( 'NONE',  ( -19.99999999999999645, -36.80000000000000426, 0.000000000000000000 ) ) ;
#950 = DIRECTION ( 'NONE',  ( 0.000000000000000000, 0.000000000000000000, 1.000000000000000000 ) ) ;
#951 = CARTESIAN_POINT ( 'NONE',  ( 0.4565430530959355138, 27.39799120621446704, 1.499999999999999778 ) ) ;
#952 = AXIS2_PLACEMENT_3D ( 'NONE', #487, #4620, #4118 ) ;
#953 = VERTEX_POINT ( 'NONE', #2793 ) ;
#954 = PLANE ( 'NONE',  #2050 ) ;
#955 = EDGE_CURVE ( 'NONE', #6596, #1541, #3464, .T. ) ;
#956 = DIRECTION ( 'NONE',  ( -1.000000000000000000, 0.000000000000000000, 0.000000000000000000 ) ) ;
#957 = ADVANCED_FACE ( 'NONE', ( #2666 ), #6776, .F. ) ;
#958 = DIRECTION ( 'NONE',  ( 0.000000000000000000, -0.000000000000000000, 1.000000000000000000 ) ) ;
#959 = EDGE_LOOP ( 'NONE', ( #1483, #1745, #1969 ) ) ;
#960 = ORIENTED_EDGE ( 'NONE', *, *, #4023, .T. ) ;
#961 = ORIENTED_EDGE ( 'NONE', *, *, #17, .F. ) ;
#962 = LINE ( 'NONE', #6739, #3577 ) ;
#963 = CARTESIAN_POINT ( 'NONE',  ( -11.79496794223198464, 28.42110960131470776, 1.500000000000000000 ) ) ;
#964 = CARTESIAN_POINT ( 'NONE',  ( -8.029698175144115879, 28.17152217661939062, 3.500000000000000000 ) ) ;
#965 = CARTESIAN_POINT ( 'NONE',  ( 22.27463296929998293, -27.40006096009999936, 6.000000000000000000 ) ) ;
#966 = CARTESIAN_POINT ( 'NONE',  ( 10.55248639468717897, 29.71680433458260140, 1.500000000000000000 ) ) ;
#967 = DIRECTION ( 'NONE',  ( 0.000000000000000000, 0.000000000000000000, 1.000000000000000000 ) ) ;
#968 = VECTOR ( 'NONE', #31, 1000.000000000000000 ) ;
#969 = AXIS2_PLACEMENT_3D ( 'NONE', #666, #2780, #4879 ) ;
#970 = ORIENTED_EDGE ( 'NONE', *, *, #4990, .T. ) ;
#971 = CARTESIAN_POINT ( 'NONE',  ( 9.112873016052372321, 29.71680433458259785, 1.500000000000000000 ) ) ;
#972 = DIRECTION ( 'NONE',  ( -1.000000000000000000, 0.000000000000000000, 0.000000000000000000 ) ) ;
#973 = CARTESIAN_POINT ( 'NONE',  ( 5.172562429376944770, 25.90523677694378435, 1.499999999999999556 ) ) ;
#974 = ORIENTED_EDGE ( 'NONE', *, *, #5042, .T. ) ;
#975 = EDGE_CURVE ( 'NONE', #3469, #366, #1509, .T. ) ;
#976 = DIRECTION ( 'NONE',  ( 0.000000000000000000, -0.000000000000000000, -1.000000000000000000 ) ) ;
#977 = CARTESIAN_POINT ( 'NONE',  ( 9.243746959564923316, 29.22981799680087889, 3.500000000000000000 ) ) ;
#978 = DIRECTION ( 'NONE',  ( -1.000000000000000000, 0.000000000000000000, 0.000000000000000000 ) ) ;
#979 = CARTESIAN_POINT ( 'NONE',  ( -7.745717551424905700, 27.33290378156430123, 3.500000000000000000 ) ) ;
#980 = ORIENTED_EDGE ( 'NONE', *, *, #5413, .T. ) ;
#981 = EDGE_CURVE ( 'NONE', #620, #3865, #2436, .T. ) ;
#982 = ORIENTED_EDGE ( 'NONE', *, *, #4719, .F. ) ;
#983 = LINE ( 'NONE', #417, #789 ) ;
#984 = VECTOR ( 'NONE', #1665, 1000.000000000000000 ) ;
#985 = CYLINDRICAL_SURFACE ( 'NONE', #6121, 4.000000000000000000 ) ;
#986 = VERTEX_POINT ( 'NONE', #6273 ) ;
#987 = CARTESIAN_POINT ( 'NONE',  ( 3.795475798901077003, 29.22981799680083626, 3.500000000000000000 ) ) ;
#988 = CARTESIAN_POINT ( 'NONE',  ( 11.63193009617622131, 25.65564935224788456, 3.500000000000000000 ) ) ;
#989 = ORIENTED_EDGE ( 'NONE', *, *, #1097, .F. ) ;
#990 = VERTEX_POINT ( 'NONE', #2633 ) ;
#991 = DIRECTION ( 'NONE',  ( -1.000000000000000000, 0.000000000000000000, 0.000000000000000000 ) ) ;
#992 = CIRCLE ( 'NONE', #1761, 2.250000000000001332 ) ;
#993 = EDGE_CURVE ( 'NONE', #747, #5011, #3173, .T. ) ;
#994 = ORIENTED_EDGE ( 'NONE', *, *, #4810, .T. ) ;
#995 = ORIENTED_EDGE ( 'NONE', *, *, #1364, .T. ) ;
#996 = VECTOR ( 'NONE', #945, 1000.000000000000000 ) ;
#997 = VERTEX_POINT ( 'NONE', #29 ) ;
#998 = AXIS2_PLACEMENT_3D ( 'NONE', #3874, #2313, #1829 ) ;
#999 = DIRECTION ( 'NONE',  ( -1.000000000000000000, 0.000000000000000000, 0.000000000000000000 ) ) ;
#1000 = CARTESIAN_POINT ( 'NONE',  ( 12.03176351635520369, 28.72838296232148636, 1.500000000000000000 ) ) ;
#1001 = DIRECTION ( 'NONE',  ( 0.000000000000000000, 0.000000000000000000, -1.000000000000000000 ) ) ;
#1002 = EDGE_CURVE ( 'NONE', #822, #2279, #5142, .T. ) ;
#1003 = CARTESIAN_POINT ( 'NONE',  ( 7.633595894384655800, 28.72838296232147570, 1.500000000000000000 ) ) ;
#1004 = LINE ( 'NONE', #5, #5550 ) ;
#1005 = CARTESIAN_POINT ( 'NONE',  ( -22.27465836929999909, -27.40006096009999936, 6.000000000000000000 ) ) ;
#1006 = EDGE_LOOP ( 'NONE', ( #1524, #1766, #1899, #1432 ) ) ;
#1007 = DIRECTION ( 'NONE',  ( 0.000000000000000000, 0.000000000000000000, 1.000000000000000000 ) ) ;
#1008 = CARTESIAN_POINT ( 'NONE',  ( -5.822848298404295520, 28.42269224058146548, 1.500000000000000222 ) ) ;
#1009 = DIRECTION ( 'NONE',  ( 0.000000000000000000, 0.000000000000000000, 1.000000000000000000 ) ) ;
#1010 = AXIS2_PLACEMENT_3D ( 'NONE', #5851, #1128, #2187 ) ;
#1011 = DIRECTION ( 'NONE',  ( -0.000000000000000000, 0.000000000000000000, 1.000000000000000000 ) ) ;
#1012 = CARTESIAN_POINT ( 'NONE',  ( 9.832679705369935519, 27.03837947678105991, 0.5000000000000000000 ) ) ;
#1013 = ORIENTED_EDGE ( 'NONE', *, *, #3773, .F. ) ;
#1014 = CARTESIAN_POINT ( 'NONE',  ( 11.52314301566691412, 29.23690250521367773, 1.500000000000000222 ) ) ;
#1015 = AXIS2_PLACEMENT_3D ( 'NONE', #6073, #4926, #3386 ) ;
#1016 = AXIS2_PLACEMENT_3D ( 'NONE', #3218, #2705, #4215 ) ;
#1017 = FACE_OUTER_BOUND ( 'NONE', #3451, .T. ) ;
#1018 = ADVANCED_FACE ( 'NONE', ( #459 ), #6078, .F. ) ;
#1019 = DIRECTION ( 'NONE',  ( -1.856308247812544377E-16, -1.000000000000000000, -0.000000000000000000 ) ) ;
#1020 = DIRECTION ( 'NONE',  ( -1.000000000000000000, 0.000000000000000000, 0.000000000000000000 ) ) ;
#1021 = CARTESIAN_POINT ( 'NONE',  ( 5.172562429376704074, 28.17152217661944746, 3.500000000000000000 ) ) ;
#1022 = ORIENTED_EDGE ( 'NONE', *, *, #1002, .F. ) ;
#1023 = CARTESIAN_POINT ( 'NONE',  ( 5.956543053095937346, 26.67840532649077900, 1.500000000000000000 ) ) ;
#1024 = EDGE_LOOP ( 'NONE', ( #4316, #1065, #6601, #3826 ) ) ;
#1025 = ORIENTED_EDGE ( 'NONE', *, *, #4301, .T. ) ;
#1026 = EDGE_CURVE ( 'NONE', #4517, #6684, #1423, .T. ) ;
#1027 = VECTOR ( 'NONE', #3024, 1000.000000000000000 ) ;
#1028 = CARTESIAN_POINT ( 'NONE',  ( 17.94749555500000326, 30.40006096009999936, 3.499999999999999556 ) ) ;
#1029 = DIRECTION ( 'NONE',  ( 0.000000000000000000, 0.000000000000000000, -1.000000000000000000 ) ) ;
#1030 = ORIENTED_EDGE ( 'NONE', *, *, #2432, .T. ) ;
#1031 = AXIS2_PLACEMENT_3D ( 'NONE', #5568, #864, #4943 ) ;
#1032 = ADVANCED_FACE ( 'NONE', ( #6186 ), #5562, .F. ) ;
#1033 = PLANE ( 'NONE',  #145 ) ;
#1034 = EDGE_CURVE ( 'NONE', #6297, #1735, #5068, .T. ) ;
#1035 = CARTESIAN_POINT ( 'NONE',  ( 9.538155400586697752, 29.28837947678105635, 1.499999999999998890 ) ) ;
#1036 = DIRECTION ( 'NONE',  ( -1.000000000000000000, 0.000000000000000000, 0.000000000000000000 ) ) ;
#1037 = LINE ( 'NONE', #3778, #3092 ) ;
#1038 = CARTESIAN_POINT ( 'NONE',  ( -18.69005080008999897, -31.18623571248999227, 13.33000000000000007 ) ) ;
#1039 = DATE_AND_TIME ( #4722, #2988 ) ;
#1040 = AXIS2_PLACEMENT_3D ( 'NONE', #1805, #3955, #6007 ) ;
#1041 = CARTESIAN_POINT ( 'NONE',  ( -6.169593599177066956, 27.03837947678106701, 1.500000000000000000 ) ) ;
#1042 = DIRECTION ( 'NONE',  ( 0.000000000000000000, 0.000000000000000000, -1.000000000000000000 ) ) ;
#1043 = AXIS2_PLACEMENT_3D ( 'NONE', #5074, #2909, #3573 ) ;
#1044 = ORIENTED_EDGE ( 'NONE', *, *, #2910, .T. ) ;
#1045 = ORIENTED_EDGE ( 'NONE', *, *, #3257, .F. ) ;
#1046 = DIRECTION ( 'NONE',  ( 0.000000000000000000, -0.000000000000000000, 1.000000000000000000 ) ) ;
#1047 = FACE_OUTER_BOUND ( 'NONE', #1962, .T. ) ;
#1048 = FACE_BOUND ( 'NONE', #2066, .T. ) ;
#1049 = CARTESIAN_POINT ( 'NONE',  ( -12.67393218873438698, 26.31787872460763822, 1.500000000000000222 ) ) ;
#1050 = DIRECTION ( 'NONE',  ( -0.000000000000000000, -1.000000000000000000, -0.000000000000000000 ) ) ;
#1051 = DIRECTION ( 'NONE',  ( -0.000000000000000000, -0.000000000000000000, -1.000000000000000000 ) ) ;
#1052 = FACE_OUTER_BOUND ( 'NONE', #2445, .T. ) ;
#1053 = CARTESIAN_POINT ( 'NONE',  ( 20.40533800569254907, 24.00342932808487362, 1.627603547494227643 ) ) ;
#1054 = CARTESIAN_POINT ( 'NONE',  ( -5.669593599177066068, 27.03837947678106346, 1.500000000000000000 ) ) ;
#1055 = EDGE_CURVE ( 'NONE', #997, #4478, #1081, .T. ) ;
#1056 = ORIENTED_EDGE ( 'NONE', *, *, #3505, .T. ) ;
#1057 = VECTOR ( 'NONE', #4619, 1000.000000000000000 ) ;
#1058 = ORIENTED_EDGE ( 'NONE', *, *, #1102, .T. ) ;
#1059 = CARTESIAN_POINT ( 'NONE',  ( -11.37844767595730744, 28.83762986758689095, 1.500000000000000000 ) ) ;
#1060 = CARTESIAN_POINT ( 'NONE',  ( -2.749305308601173170, 35.27089408179999452, 5.999999999999998224 ) ) ;
#1061 = CARTESIAN_POINT ( 'NONE',  ( -11.37844767595826667, 25.23912908597495885, 3.500000000000000000 ) ) ;
#1062 = CARTESIAN_POINT ( 'NONE',  ( 10.12720401015318039, 29.28837947678105635, 1.499999999999998890 ) ) ;
#1063 = LINE ( 'NONE', #60, #3975 ) ;
#1064 = ADVANCED_FACE ( 'NONE', ( #1047 ), #5743, .T. ) ;
#1065 = ORIENTED_EDGE ( 'NONE', *, *, #663, .T. ) ;
#1066 = VERTEX_POINT ( 'NONE', #4757 ) ;
#1067 = CARTESIAN_POINT ( 'NONE',  ( 7.082679705369937295, 27.03837947678105991, 1.500000000000000000 ) ) ;
#1068 = CARTESIAN_POINT ( 'NONE',  ( 7.429556913865000389, 25.65412135095423452, 1.500000000000000000 ) ) ;
#1069 = VERTEX_POINT ( 'NONE', #5209 ) ;
#1070 = LINE ( 'NONE', #3838, #2084 ) ;
#1071 = EDGE_CURVE ( 'NONE', #6668, #484, #2052, .T. ) ;
#1072 = EDGE_CURVE ( 'NONE', #3502, #1231, #2590, .T. ) ;
#1073 = CARTESIAN_POINT ( 'NONE',  ( -20.31936052924461222, 23.96027361447807280, 1.702566988720791041 ) ) ;
#1074 = AXIS2_PLACEMENT_3D ( 'NONE', #3033, #6758, #3065 ) ;
#1075 = CARTESIAN_POINT ( 'NONE',  ( -3.779567749467575233, 29.78837947678107057, 1.500000000000000000 ) ) ;
#1076 = DIRECTION ( 'NONE',  ( -0.000000000000000000, -0.000000000000000000, -1.000000000000000000 ) ) ;
#1077 = DIRECTION ( 'NONE',  ( -1.000000000000000000, 0.000000000000000000, 0.000000000000000000 ) ) ;
#1078 = ORIENTED_EDGE ( 'NONE', *, *, #3455, .F. ) ;
#1079 = DIRECTION ( 'NONE',  ( -0.000000000000000000, -0.000000000000000000, -1.000000000000000000 ) ) ;
#1080 = CARTESIAN_POINT ( 'NONE',  ( -1.016681028166917855, 28.42333166547213352, 1.500000000000000000 ) ) ;
#1081 = LINE ( 'NONE', #4823, #3531 ) ;
#1082 = CARTESIAN_POINT ( 'NONE',  ( -17.01000000000000867, 21.00000000000000000, 2.500000000000000000 ) ) ;
#1083 = FACE_BOUND ( 'NONE', #3443, .T. ) ;
#1084 = VECTOR ( 'NONE', #1907, 1000.000000000000000 ) ;
#1085 = ORIENTED_EDGE ( 'NONE', *, *, #1565, .F. ) ;
#1086 = CARTESIAN_POINT ( 'NONE',  ( 9.832679705369935519, 27.03837947678105991, 0.5000000000000000000 ) ) ;
#1087 = LINE ( 'NONE', #2625, #5926 ) ;
#1088 = CARTESIAN_POINT ( 'NONE',  ( 8.449949580836735308, 25.23912908597479898, 3.500000000000000000 ) ) ;
#1089 = EDGE_LOOP ( 'NONE', ( #6637, #2442, #5420, #4414, #1274, #6443, #2262, #1870, #3061, #829 ) ) ;
#1090 = ORIENTED_EDGE ( 'NONE', *, *, #3899, .T. ) ;
#1091 = ORIENTED_EDGE ( 'NONE', *, *, #5950, .F. ) ;
#1092 = CARTESIAN_POINT ( 'NONE',  ( 3.566517203386670332, 24.28837947678106346, 1.500000000000000000 ) ) ;
#1093 = EDGE_LOOP ( 'NONE', ( #813, #3493, #2518, #5478 ) ) ;
#1094 = VERTEX_POINT ( 'NONE', #4194 ) ;
#1095 = CARTESIAN_POINT ( 'NONE',  ( -12.74571755142490836, 27.03837947678106701, 1.500000000000000000 ) ) ;
#1096 = FACE_OUTER_BOUND ( 'NONE', #2740, .T. ) ;
#1097 = EDGE_CURVE ( 'NONE', #3238, #5041, #2292, .T. ) ;
#1098 = AXIS2_PLACEMENT_3D ( 'NONE', #2193, #1677, #1036 ) ;
#1099 = VERTEX_POINT ( 'NONE', #5964 ) ;
#1100 = DIRECTION ( 'NONE',  ( 0.000000000000000000, -1.000000000000000000, 0.000000000000000000 ) ) ;
#1101 = CARTESIAN_POINT ( 'NONE',  ( -7.245717551424906588, 27.39835362707134436, 1.500000000000000000 ) ) ;
#1102 = EDGE_CURVE ( 'NONE', #5345, #1259, #1183, .T. ) ;
#1103 = CARTESIAN_POINT ( 'NONE',  ( 12.23593440459730530, 25.65406671298055485, 1.500000000000000222 ) ) ;
#1104 = VECTOR ( 'NONE', #4463, 1000.000000000000000 ) ;
#1105 = LINE ( 'NONE', #5892, #5394 ) ;
#1106 = DIRECTION ( 'NONE',  ( 1.000000000000000000, 0.000000000000000000, -5.489631211543685424E-16 ) ) ;
#1107 = LINE ( 'NONE', #2101, #5600 ) ;
#1108 = VECTOR ( 'NONE', #2624, 1000.000000000000000 ) ;
#1109 = CARTESIAN_POINT ( 'NONE',  ( -0.7411687413751296694, 26.31857278746413442, 1.500000000000000000 ) ) ;
#1110 = DIRECTION ( 'NONE',  ( -1.000000000000000000, 0.000000000000000000, 0.000000000000000000 ) ) ;
#1111 = ADVANCED_FACE ( 'NONE', ( #3385 ), #4363, .F. ) ;
#1112 = DIRECTION ( 'NONE',  ( -1.856308247812544377E-16, -1.000000000000000000, -0.000000000000000000 ) ) ;
#1113 = FACE_OUTER_BOUND ( 'NONE', #3296, .T. ) ;
#1114 = ADVANCED_FACE ( 'NONE', ( #2753 ), #3847, .F. ) ;
#1115 = CARTESIAN_POINT ( 'NONE',  ( 5.456543053095939122, 26.74385516550703201, 3.500000000000000444 ) ) ;
#1116 = AXIS2_PLACEMENT_3D ( 'NONE', #6688, #1009, #5663 ) ;
#1117 = CARTESIAN_POINT ( 'NONE',  ( 14.94749555500000326, -30.40006096009999936, 6.000000000000000000 ) ) ;
#1118 = EDGE_CURVE ( 'NONE', #5041, #2485, #1742, .T. ) ;
#1119 = ORIENTED_EDGE ( 'NONE', *, *, #2317, .F. ) ;
#1120 = EDGE_LOOP ( 'NONE', ( #488, #6108, #2401, #6575 ) ) ;
#1121 = CARTESIAN_POINT ( 'NONE',  ( -3.714117903960408640, 24.78837947678106701, 3.500000000000000000 ) ) ;
#1122 = ORIENTED_EDGE ( 'NONE', *, *, #3063, .F. ) ;
#1123 = DIRECTION ( 'NONE',  ( -0.000000000000000000, -0.000000000000000000, -1.000000000000000000 ) ) ;
#1124 = CARTESIAN_POINT ( 'NONE',  ( -10.58465029722973405, 24.84694095676058723, 1.499999999999843903 ) ) ;
#1125 = AXIS2_PLACEMENT_3D ( 'NONE', #514, #1106, #2618 ) ;
#1126 = DIRECTION ( 'NONE',  ( -0.000000000000000000, -0.000000000000000000, -1.000000000000000000 ) ) ;
#1127 = CARTESIAN_POINT ( 'NONE',  ( -14.38735839470000144, -36.80100000000001614, 13.33000000000000185 ) ) ;
#1128 = DIRECTION ( 'NONE',  ( 0.000000000000000000, 0.000000000000000000, 1.000000000000000000 ) ) ;
#1129 = DIRECTION ( 'NONE',  ( -1.000000000000000000, 0.000000000000000000, 0.000000000000000000 ) ) ;
#1130 = ORIENTED_EDGE ( 'NONE', *, *, #1455, .F. ) ;
#1131 = CARTESIAN_POINT ( 'NONE',  ( -4.802323723710580694, 25.23912908597511517, 3.500000000000000000 ) ) ;
#1132 = DIRECTION ( 'NONE',  ( -0.000000000000000000, -0.000000000000000000, -1.000000000000000000 ) ) ;
#1133 = DIRECTION ( 'NONE',  ( 0.000000000000000000, 0.000000000000000000, 1.000000000000000000 ) ) ;
#1134 = CARTESIAN_POINT ( 'NONE',  ( -7.317292693623054234, 27.75818616609800671, 1.500000000000000000 ) ) ;
#1135 = CARTESIAN_POINT ( 'NONE',  ( 7.429767134359954284, 25.65342728809042683, 1.500000000000000000 ) ) ;
#1136 = ORIENTED_EDGE ( 'NONE', *, *, #2201, .T. ) ;
#1137 = AXIS2_PLACEMENT_3D ( 'NONE', #1998, #4580, #1484 ) ;
#1138 = VERTEX_POINT ( 'NONE', #2322 ) ;
#1139 = ORIENTED_EDGE ( 'NONE', *, *, #4323, .T. ) ;
#1140 = DIRECTION ( 'NONE',  ( -1.000000000000000000, 0.000000000000000000, 0.000000000000000000 ) ) ;
#1141 = CARTESIAN_POINT ( 'NONE',  ( -2.699147484977401312, 29.71646220637064317, 1.500000000000000000 ) ) ;
#1142 = CARTESIAN_POINT ( 'NONE',  ( -19.58478696013111175, 23.75870798973507192, 2.420541324895863156 ) ) ;
#1143 = EDGE_CURVE ( 'NONE', #1236, #5374, #4453, .T. ) ;
#1144 = CARTESIAN_POINT ( 'NONE',  ( -1.220509788191752376, 28.72838296232149702, 1.500000000000000000 ) ) ;
#1145 = LINE ( 'NONE', #2786, #5752 ) ;
#1146 = CARTESIAN_POINT ( 'NONE',  ( 16.34749555500000184, 30.40006096009999936, 13.33102500000000035 ) ) ;
#1147 = ORIENTED_EDGE ( 'NONE', *, *, #4760, .F. ) ;
#1148 = EDGE_CURVE ( 'NONE', #3883, #4333, #1408, .T. ) ;
#1149 = VECTOR ( 'NONE', #1019, 1000.000000000000000 ) ;
#1150 = CARTESIAN_POINT ( 'NONE',  ( -8.612987431481347045, 25.23912908138516187, 3.499999999999999556 ) ) ;
#1151 = LINE ( 'NONE', #1266, #6290 ) ;
#1152 = ORIENTED_EDGE ( 'NONE', *, *, #1994, .F. ) ;
#1153 = ADVANCED_FACE ( 'NONE', ( #1382 ), #4658, .F. ) ;
#1154 = EDGE_CURVE ( 'NONE', #406, #4949, #1862, .T. ) ;
#1155 = VERTEX_POINT ( 'NONE', #3596 ) ;
#1156 = CYLINDRICAL_SURFACE ( 'NONE', #2920, 2.250000000000001332 ) ;
#1157 = CARTESIAN_POINT ( 'NONE',  ( -24.30000000000000071, 32.79999999999999005, 1.500000000000000000 ) ) ;
#1158 = CARTESIAN_POINT ( 'NONE',  ( 8.033429314563795387, 28.42110960131407182, 1.500000000000000222 ) ) ;
#1159 = DIRECTION ( 'NONE',  ( 0.000000000000000000, 0.000000000000000000, 1.000000000000000000 ) ) ;
#1160 = LINE ( 'NONE', #6128, #5508 ) ;
#1161 = VECTOR ( 'NONE', #2301, 1000.000000000000000 ) ;
#1162 = AXIS2_PLACEMENT_3D ( 'NONE', #1392, #2053, #5707 ) ;
#1163 = CARTESIAN_POINT ( 'NONE',  ( -22.27465836929999909, -26.90006096009999936, 13.33000000000000007 ) ) ;
#1164 = EDGE_LOOP ( 'NONE', ( #614, #6288 ) ) ;
#1165 = CARTESIAN_POINT ( 'NONE',  ( -2.286450899339085296, 29.00439885306199983, 3.500000000000000000 ) ) ;
#1166 = LINE ( 'NONE', #761, #5896 ) ;
#1167 = CARTESIAN_POINT ( 'NONE',  ( -9.275910862107545896, 24.35995461897881853, 1.500000000000000000 ) ) ;
#1168 = CARTESIAN_POINT ( 'NONE',  ( 16.34749555500000184, 30.40006096009999936, 6.000000000000000000 ) ) ;
#1169 = DIRECTION ( 'NONE',  ( -1.000000000000000000, 0.000000000000000000, 0.000000000000000000 ) ) ;
#1170 = DIRECTION ( 'NONE',  ( 0.000000000000000000, 0.000000000000000000, -1.000000000000000000 ) ) ;
#1171 = EDGE_LOOP ( 'NONE', ( #2339, #6799, #6529, #3724 ) ) ;
#1172 = DIRECTION ( 'NONE',  ( -1.000000000000000000, 0.000000000000000000, 0.000000000000000000 ) ) ;
#1173 = ORIENTED_EDGE ( 'NONE', *, *, #2722, .T. ) ;
#1174 = APPROVAL_STATUS ( 'not_yet_approved' ) ;
#1175 = CARTESIAN_POINT ( 'NONE',  ( -4.804545787867858131, 24.63546690577061327, 1.500000000000000000 ) ) ;
#1176 = DIRECTION ( 'NONE',  ( -0.000000000000000000, 1.000000000000000000, -0.000000000000000000 ) ) ;
#1177 = LINE ( 'NONE', #3301, #5935 ) ;
#1178 = ADVANCED_FACE ( 'NONE', ( #1357 ), #6037, .F. ) ;
#1179 = ORIENTED_EDGE ( 'NONE', *, *, #5469, .F. ) ;
#1180 = ORIENTED_EDGE ( 'NONE', *, *, #5227, .T. ) ;
#1181 = ORIENTED_EDGE ( 'NONE', *, *, #2490, .F. ) ;
#1182 = AXIS2_PLACEMENT_3D ( 'NONE', #5489, #2883, #3861 ) ;
#1183 = LINE ( 'NONE', #2898, #5811 ) ;
#1184 = VERTEX_POINT ( 'NONE', #6111 ) ;
#1185 = PLANE ( 'NONE',  #4005 ) ;
#1186 = CYLINDRICAL_SURFACE ( 'NONE', #4781, 1.100000000000000311 ) ;
#1187 = CARTESIAN_POINT ( 'NONE',  ( 7.866660331572858489, 28.17152218261558616, 3.500000000000000444 ) ) ;
#1188 = CARTESIAN_POINT ( 'NONE',  ( -22.77465836929999909, 26.90006096009999936, 13.33000000000000007 ) ) ;
#1189 = EDGE_CURVE ( 'NONE', #909, #3897, #2774, .T. ) ;
#1190 = VERTEX_POINT ( 'NONE', #6402 ) ;
#1191 = ORIENTED_EDGE ( 'NONE', *, *, #500, .T. ) ;
#1192 = DIRECTION ( 'NONE',  ( -0.000000000000000000, 0.000000000000000000, 1.000000000000000000 ) ) ;
#1193 = ORIENTED_EDGE ( 'NONE', *, *, #6157, .F. ) ;
#1194 = ORIENTED_EDGE ( 'NONE', *, *, #4760, .T. ) ;
#1195 = CARTESIAN_POINT ( 'NONE',  ( -12.24571755142490659, 27.33290378156430833, 3.500000000000000000 ) ) ;
#1196 = CARTESIAN_POINT ( 'NONE',  ( -1.453574225379981932, 25.90523677094654076, 3.500000000000000000 ) ) ;
#1197 = EDGE_CURVE ( 'NONE', #3684, #3162, #65, .T. ) ;
#1198 = EDGE_LOOP ( 'NONE', ( #4917, #2968, #2508, #6482, #5328, #178, #629, #5734 ) ) ;
#1199 = EDGE_CURVE ( 'NONE', #2725, #5629, #5196, .T. ) ;
#1200 = CARTESIAN_POINT ( 'NONE',  ( 1.240523679298855653, 28.17152218261559682, 3.500000000000000000 ) ) ;
#1201 = CARTESIAN_POINT ( 'NONE',  ( -3.714117903960224343, 29.28837947678106701, 1.500000000000000888 ) ) ;
#1202 = EDGE_LOOP ( 'NONE', ( #5623, #1319, #5751, #596 ) ) ;
#1203 = CARTESIAN_POINT ( 'NONE',  ( 0.01264160530000009441, -35.27084328170000305, 1.500000000000000000 ) ) ;
#1204 = CARTESIAN_POINT ( 'NONE',  ( -17.50000000000000711, -14.82036890340692636, -33.51428280002319582 ) ) ;
#1205 = ORIENTED_EDGE ( 'NONE', *, *, #2574, .F. ) ;
#1206 = CARTESIAN_POINT ( 'NONE',  ( -1.453574222896089507, 25.90523677694318749, 3.500000000000000000 ) ) ;
#1207 = DIRECTION ( 'NONE',  ( 0.000000000000000000, 0.000000000000000000, 1.000000000000000000 ) ) ;
#1208 = EDGE_LOOP ( 'NONE', ( #5940, #2924, #5613, #1591 ) ) ;
#1209 = LOCAL_TIME ( 14, 12, 36.00000000000000000, #2890 ) ;
#1210 = DIRECTION ( 'NONE',  ( 0.000000000000000000, -1.000000000000000000, 0.000000000000000000 ) ) ;
#1211 = CARTESIAN_POINT ( 'NONE',  ( -7.804279031405124023, 26.44944673097545618, 1.499999999999999556 ) ) ;
#1212 = LINE ( 'NONE', #4505, #2638 ) ;
#1213 = EDGE_CURVE ( 'NONE', #2412, #4779, #4693, .T. ) ;
#1214 = DIRECTION ( 'NONE',  ( 1.000000000000000000, 0.000000000000000000, 0.000000000000000000 ) ) ;
#1215 = ORIENTED_EDGE ( 'NONE', *, *, #5792, .T. ) ;
#1216 = DIRECTION ( 'NONE',  ( -0.000000000000000000, -0.000000000000000000, -1.000000000000000000 ) ) ;
#1217 = EDGE_LOOP ( 'NONE', ( #4607, #2073, #4825, #5765, #32, #1281, #4803, #790 ) ) ;
#1218 = CARTESIAN_POINT ( 'NONE',  ( -1.729130288878143684, 29.23690250520965961, 1.499999999999999778 ) ) ;
#1219 = ORIENTED_EDGE ( 'NONE', *, *, #2681, .F. ) ;
#1220 = CARTESIAN_POINT ( 'NONE',  ( -20.14678706127410734, 23.89351771189715024, 1.858024880190900729 ) ) ;
#1221 = DIRECTION ( 'NONE',  ( -1.856308247812544131E-16, -1.000000000000000000, -0.000000000000000000 ) ) ;
#1222 = AXIS2_PLACEMENT_3D ( 'NONE', #112, #5826, #3845 ) ;
#1223 = AXIS2_PLACEMENT_3D ( 'NONE', #331, #2427, #4548 ) ;
#1224 = DIRECTION ( 'NONE',  ( 1.000000000000000000, 0.000000000000000000, 0.000000000000000000 ) ) ;
#1225 = EDGE_LOOP ( 'NONE', ( #5644, #6305, #2925, #1632 ) ) ;
#1226 = DIRECTION ( 'NONE',  ( -0.000000000000000000, -0.000000000000000000, 1.000000000000000000 ) ) ;
#1227 = VECTOR ( 'NONE', #4410, 1000.000000000000000 ) ;
#1228 = CARTESIAN_POINT ( 'NONE',  ( 14.16966983318281592, -36.30000000000000426, 7.686157047397998099 ) ) ;
#1229 = DIRECTION ( 'NONE',  ( -1.000000000000000000, 0.000000000000000000, 0.000000000000000000 ) ) ;
#1230 = DIRECTION ( 'NONE',  ( -0.000000000000000000, -0.000000000000000000, 1.000000000000000000 ) ) ;
#1231 = VERTEX_POINT ( 'NONE', #2230 ) ;
#1232 = DIRECTION ( 'NONE',  ( 0.000000000000000000, 0.000000000000000000, -1.000000000000000000 ) ) ;
#1233 = EDGE_LOOP ( 'NONE', ( #3795, #5593, #5621, #5971 ) ) ;
#1234 = CARTESIAN_POINT ( 'NONE',  ( 1.407292662289523655, 28.42110960131407893, 1.500000000000077938 ) ) ;
#1235 = DIRECTION ( 'NONE',  ( -0.000000000000000000, -0.000000000000000000, -1.000000000000000000 ) ) ;
#1236 = VERTEX_POINT ( 'NONE', #3636 ) ;
#1237 = ADVANCED_FACE ( 'NONE', ( #4374 ), #1714, .T. ) ;
#1238 = VECTOR ( 'NONE', #1123, 1000.000000000000000 ) ;
#1239 = DIRECTION ( 'NONE',  ( 0.000000000000000000, 0.000000000000000000, -1.000000000000000000 ) ) ;
#1240 = CARTESIAN_POINT ( 'NONE',  ( -3.419593599177064291, 27.03837947678106701, -0.0009999999999999158867 ) ) ;
#1241 = VECTOR ( 'NONE', #5897, 1000.000000000000000 ) ;
#1242 = CIRCLE ( 'NONE', #27, 1.600000000000000755 ) ;
#1243 = EDGE_CURVE ( 'NONE', #4633, #3852, #6467, .T. ) ;
#1244 = CARTESIAN_POINT ( 'NONE',  ( 20.55649513947968643, 24.17963109659307364, 1.499999999999999556 ) ) ;
#1245 = CARTESIAN_POINT ( 'NONE',  ( -12.18715607144469359, 27.62731222258667785, 1.500000000000078160 ) ) ;
#1246 = DIRECTION ( 'NONE',  ( -0.000000000000000000, -0.000000000000000000, -1.000000000000000000 ) ) ;
#1247 = CARTESIAN_POINT ( 'NONE',  ( 4.591495241786522463, 29.44129204779160602, 1.500000000000000000 ) ) ;
#1248 = DIRECTION ( 'NONE',  ( 1.000000000000000000, -5.562460791263455277E-17, 0.000000000000000000 ) ) ;
#1249 = AXIS2_PLACEMENT_3D ( 'NONE', #1337, #3466, #281 ) ;
#1250 = DIRECTION ( 'NONE',  ( 0.000000000000000000, -1.000000000000000000, 0.000000000000000000 ) ) ;
#1251 = PLANE ( 'NONE',  #3828 ) ;
#1252 = EDGE_LOOP ( 'NONE', ( #3206, #2330, #4501, #2726 ) ) ;
#1253 = EDGE_CURVE ( 'NONE', #5234, #2652, #3500, .T. ) ;
#1254 = EDGE_CURVE ( 'NONE', #6344, #830, #4586, .T. ) ;
#1255 = CARTESIAN_POINT ( 'NONE',  ( 12.08267970536993197, 26.74385517199718976, 1.500000000000000444 ) ) ;
#1256 = CYLINDRICAL_SURFACE ( 'NONE', #4253, 2.200000000000000622 ) ;
#1257 = ORIENTED_EDGE ( 'NONE', *, *, #3817, .T. ) ;
#1258 = CIRCLE ( 'NONE', #3244, 2.200000000000000622 ) ;
#1259 = VERTEX_POINT ( 'NONE', #3894 ) ;
#1260 = ORIENTED_EDGE ( 'NONE', *, *, #3017, .F. ) ;
#1261 = CARTESIAN_POINT ( 'NONE',  ( 10.12720401015304184, 24.78837947678106346, 1.499999999999998890 ) ) ;
#1262 = CIRCLE ( 'NONE', #2240, 1.600000000000000755 ) ;
#1263 = LINE ( 'NONE', #740, #1788 ) ;
#1264 = ORIENTED_EDGE ( 'NONE', *, *, #6751, .F. ) ;
#1265 = CARTESIAN_POINT ( 'NONE',  ( 5.956543053095937346, 27.03837947678105991, 1.500000000000000000 ) ) ;
#1266 = CARTESIAN_POINT ( 'NONE',  ( -20.30000000000000071, -36.80000000000000426, 13.33000000000000007 ) ) ;
#1267 = CARTESIAN_POINT ( 'NONE',  ( 10.12720401664398118, 29.28837947678105635, 3.500000000000000000 ) ) ;
#1268 = ORIENTED_EDGE ( 'NONE', *, *, #5953, .F. ) ;
#1269 = CARTESIAN_POINT ( 'NONE',  ( 20.02292183165846495, 23.85518213311473090, 1.974040470017571991 ) ) ;
#1270 = FACE_BOUND ( 'NONE', #5476, .T. ) ;
#1271 = CARTESIAN_POINT ( 'NONE',  ( -2.286450899339085296, 29.00439885306199983, 3.500000000000000000 ) ) ;
#1272 = AXIS2_PLACEMENT_3D ( 'NONE', #1626, #5245, #3791 ) ;
#1273 = CARTESIAN_POINT ( 'NONE',  ( 13.32431064739982496, 36.29999999999999005, 5.999999999999998224 ) ) ;
#1274 = ORIENTED_EDGE ( 'NONE', *, *, #3280, .T. ) ;
#1275 = CARTESIAN_POINT ( 'NONE',  ( 17.94749555500000326, -30.40006096009999936, 3.499999999999999556 ) ) ;
#1276 = CARTESIAN_POINT ( 'NONE',  ( 7.582679705369938183, 27.33290378156430123, 3.500000000000000000 ) ) ;
#1277 = CARTESIAN_POINT ( 'NONE',  ( -18.69005080008499675, 31.18628651258499573, 13.33000000000000007 ) ) ;
#1278 = CARTESIAN_POINT ( 'NONE',  ( 17.64370398651579919, -4.500000000000001776, 3.499999999999999556 ) ) ;
#1279 = VECTOR ( 'NONE', #4542, 1000.000000000000000 ) ;
#1280 = EDGE_CURVE ( 'NONE', #2366, #6353, #1262, .T. ) ;
#1281 = ORIENTED_EDGE ( 'NONE', *, *, #6718, .F. ) ;
#1282 = CARTESIAN_POINT ( 'NONE',  ( -11.68572103696580200, 24.83929566579594805, 1.500000000000000000 ) ) ;
#1283 = CARTESIAN_POINT ( 'NONE',  ( 7.429767134359868130, 28.42333166547148693, 1.500000000000000000 ) ) ;
#1284 = CARTESIAN_POINT ( 'NONE',  ( 5.172562429376704074, 28.17152217661944746, 3.500000000000000000 ) ) ;
#1285 = CARTESIAN_POINT ( 'NONE',  ( -14.96738761661068295, 30.03061728585970513, 1.500000000000000000 ) ) ;
#1286 = DIRECTION ( 'NONE',  ( -0.000000000000000000, -1.000000000000000000, -0.000000000000000000 ) ) ;
#1287 = AXIS2_PLACEMENT_3D ( 'NONE', #2500, #5509, #5604 ) ;
#1288 = EDGE_CURVE ( 'NONE', #4535, #2166, #2489, .T. ) ;
#1289 = ORIENTED_EDGE ( 'NONE', *, *, #1617, .F. ) ;
#1290 = CARTESIAN_POINT ( 'NONE',  ( 0.9565430530959354583, 27.03837947678106701, 4.500000000000000888 ) ) ;
#1291 = CARTESIAN_POINT ( 'NONE',  ( -17.94749555500000326, -30.40006096009999936, 3.499999999999999556 ) ) ;
#1292 = DIRECTION ( 'NONE',  ( -1.856308247812544377E-16, -1.000000000000000000, -0.000000000000000000 ) ) ;
#1293 = EDGE_CURVE ( 'NONE', #2365, #3900, #2340, .T. ) ;
#1294 = EDGE_CURVE ( 'NONE', #5718, #4208, #6537, .T. ) ;
#1295 = FACE_OUTER_BOUND ( 'NONE', #5681, .T. ) ;
#1296 = LINE ( 'NONE', #2437, #6275 ) ;
#1297 = DIRECTION ( 'NONE',  ( -0.000000000000000000, -0.000000000000000000, 1.000000000000000000 ) ) ;
#1298 = ORIENTED_EDGE ( 'NONE', *, *, #1441, .F. ) ;
#1299 = CARTESIAN_POINT ( 'NONE',  ( 0.4565430530959354027, 26.67804361544114755, 1.500000000000000444 ) ) ;
#1300 = CARTESIAN_POINT ( 'NONE',  ( -4.465728473447176050, 36.29999999999999005, 2.700000073095998765 ) ) ;
#1301 = VECTOR ( 'NONE', #3602, 1000.000000000000000 ) ;
#1302 = ORIENTED_EDGE ( 'NONE', *, *, #1314, .F. ) ;
#1303 = DIRECTION ( 'NONE',  ( 0.000000000000000000, 0.000000000000000000, 1.000000000000000000 ) ) ;
#1304 = DIRECTION ( 'NONE',  ( 1.000000000000000000, -1.612686487929613474E-15, 0.000000000000000000 ) ) ;
#1305 = VERTEX_POINT ( 'NONE', #3535 ) ;
#1306 = FACE_OUTER_BOUND ( 'NONE', #547, .T. ) ;
#1307 = VERTEX_POINT ( 'NONE', #5150 ) ;
#1308 = EDGE_CURVE ( 'NONE', #6641, #1751, #4100, .T. ) ;
#1309 = CARTESIAN_POINT ( 'NONE',  ( -8.196467160619086201, 28.42110960131471131, 1.499999999999921840 ) ) ;
#1310 = CARTESIAN_POINT ( 'NONE',  ( -14.81000000000000938, 21.00000000000000000, 5.611269837220810075 ) ) ;
#1311 = CARTESIAN_POINT ( 'NONE',  ( -15.90999999999999659, -12.39999999999999858, 2.500000000000000000 ) ) ;
#1312 = CALENDAR_DATE ( 2024, 22, 5 ) ;
#1313 = FACE_OUTER_BOUND ( 'NONE', #5633, .T. ) ;
#1314 = EDGE_CURVE ( 'NONE', #4949, #5155, #3730, .T. ) ;
#1315 = CARTESIAN_POINT ( 'NONE',  ( 17.94749555500000326, 30.40006096009999936, 3.499999999999999556 ) ) ;
#1316 = CARTESIAN_POINT ( 'NONE',  ( 5.397981575599647641, 26.44944673697268911, 3.500000000000000000 ) ) ;
#1317 = VERTEX_POINT ( 'NONE', #4135 ) ;
#1318 =( GEOMETRIC_REPRESENTATION_CONTEXT ( 3 ) GLOBAL_UNCERTAINTY_ASSIGNED_CONTEXT ( ( #1727 ) ) GLOBAL_UNIT_ASSIGNED_CONTEXT ( ( #3345, #6483, #776 ) ) REPRESENTATION_CONTEXT ( 'NONE', 'WORKASPACE' ) );
#1319 = ORIENTED_EDGE ( 'NONE', *, *, #6205, .T. ) ;
#1320 = ORIENTED_EDGE ( 'NONE', *, *, #380, .F. ) ;
#1321 = VECTOR ( 'NONE', #2805, 1000.000000000000000 ) ;
#1322 = CIRCLE ( 'NONE', #4758, 1.100000000000000311 ) ;
#1323 = EDGE_CURVE ( 'NONE', #2251, #3469, #3010, .T. ) ;
#1324 = FACE_OUTER_BOUND ( 'NONE', #6077, .T. ) ;
#1325 = CARTESIAN_POINT ( 'NONE',  ( -15.90999999999999304, -13.49999999999999822, 13.33102500000000035 ) ) ;
#1326 = AXIS2_PLACEMENT_3D ( 'NONE', #1589, #1079, #609 ) ;
#1327 = ORIENTED_EDGE ( 'NONE', *, *, #148, .T. ) ;
#1328 = CARTESIAN_POINT ( 'NONE',  ( 7.574310647399825847, 36.29999999999999005, 1.649999999999998579 ) ) ;
#1329 = FACE_BOUND ( 'NONE', #3052, .T. ) ;
#1330 = VECTOR ( 'NONE', #3559, 1000.000000000000000 ) ;
#1331 = ADVANCED_FACE ( 'NONE', ( #3078 ), #5721, .F. ) ;
#1332 = ADVANCED_FACE ( 'NONE', ( #3731 ), #3855, .F. ) ;
#1333 = CARTESIAN_POINT ( 'NONE',  ( 18.69002413007999763, -31.18623444247999643, 6.000000000000000000 ) ) ;
#1334 = CARTESIAN_POINT ( 'NONE',  ( 17.94749555500000326, -30.40006096009999936, 6.000000000000000000 ) ) ;
#1335 = FACE_OUTER_BOUND ( 'NONE', #5878, .T. ) ;
#1336 = CARTESIAN_POINT ( 'NONE',  ( 1.407292662289866270, 25.65564935224755416, 1.500000000000000222 ) ) ;
#1337 = CARTESIAN_POINT ( 'NONE',  ( 0.000000000000000000, -36.80000000000000426, 0.000000000000000000 ) ) ;
#1338 = ORIENTED_EDGE ( 'NONE', *, *, #5372, .T. ) ;
#1339 = ORIENTED_EDGE ( 'NONE', *, *, #3945, .F. ) ;
#1340 = ORIENTED_EDGE ( 'NONE', *, *, #664, .T. ) ;
#1341 = DIRECTION ( 'NONE',  ( -0.000000000000000000, -0.000000000000000000, -1.000000000000000000 ) ) ;
#1342 = DIRECTION ( 'NONE',  ( 0.000000000000000000, 0.000000000000000000, -1.000000000000000000 ) ) ;
#1343 = CARTESIAN_POINT ( 'NONE',  ( -2.749305308601172726, 35.27089408180000163, 1.740000000223998144 ) ) ;
#1344 = CARTESIAN_POINT ( 'NONE',  ( -19.54749555500000113, -30.40006096009999936, 3.499999999999999556 ) ) ;
#1345 = DIRECTION ( 'NONE',  ( 1.000000000000000000, 0.000000000000000000, 0.000000000000000000 ) ) ;
#1346 = VECTOR ( 'NONE', #4200, 1000.000000000000000 ) ;
#1347 = EDGE_LOOP ( 'NONE', ( #4449, #3966, #3117, #4450, #2057, #3168, #1533, #5742 ) ) ;
#1348 = VECTOR ( 'NONE', #6716, 1000.000000000000000 ) ;
#1349 = CARTESIAN_POINT ( 'NONE',  ( 0.000000000000000000, 0.000000000000000000, 13.33000000000000007 ) ) ;
#1350 = CARTESIAN_POINT ( 'NONE',  ( -2.749305308601172726, 36.29999999999999005, 1.740000000223998144 ) ) ;
#1351 = CARTESIAN_POINT ( 'NONE',  ( 5.884757690407655062, 27.75888022894542928, 1.500000000000000222 ) ) ;
#1352 = DIRECTION ( 'NONE',  ( -1.000000000000000000, 0.000000000000000000, 0.000000000000000000 ) ) ;
#1353 = CARTESIAN_POINT ( 'NONE',  ( -20.30000000000000071, -36.80000000000000426, 1.500000000000000000 ) ) ;
#1354 = EDGE_LOOP ( 'NONE', ( #3869, #6626, #5774, #4346, #6671, #3906, #1173, #260, #1643, #2913, #69, #3284, #2018, #4069, #3986, #4298, #342, #3306, #5679, #2283, #6115, #2362, #5770, #2171 ) ) ;
#1355 = EDGE_CURVE ( 'NONE', #3900, #129, #5288, .T. ) ;
#1356 = ORIENTED_EDGE ( 'NONE', *, *, #2039, .T. ) ;
#1357 = FACE_OUTER_BOUND ( 'NONE', #4337, .T. ) ;
#1358 = EDGE_LOOP ( 'NONE', ( #2361, #5019, #4636, #5839 ) ) ;
#1359 = ORIENTED_EDGE ( 'NONE', *, *, #617, .F. ) ;
#1360 = ADVANCED_FACE ( 'NONE', ( #595 ), #4805, .F. ) ;
#1361 = VECTOR ( 'NONE', #276, 1000.000000000000000 ) ;
#1362 = VERTEX_POINT ( 'NONE', #88 ) ;
#1363 = ORIENTED_EDGE ( 'NONE', *, *, #6398, .F. ) ;
#1364 = EDGE_CURVE ( 'NONE', #4679, #5830, #4338, .T. ) ;
#1365 = AXIS2_PLACEMENT_3D ( 'NONE', #1240, #162, #5445 ) ;
#1366 = EDGE_CURVE ( 'NONE', #4960, #4740, #2223, .T. ) ;
#1367 = EDGE_LOOP ( 'NONE', ( #4161, #3252, #4212, #3091 ) ) ;
#1368 = ORIENTED_EDGE ( 'NONE', *, *, #6738, .F. ) ;
#1369 = LINE ( 'NONE', #5810, #3359 ) ;
#1370 = AXIS2_PLACEMENT_3D ( 'NONE', #5016, #2382, #1345 ) ;
#1371 = CARTESIAN_POINT ( 'NONE',  ( 12.03176351635520724, 25.34837599124063701, 1.500000000000000000 ) ) ;
#1372 = PLANE ( 'NONE',  #5376 ) ;
#1373 = CARTESIAN_POINT ( 'NONE',  ( -3.947495555000003264, 34.27089408180000163, 2.500000000000000444 ) ) ;
#1374 = CARTESIAN_POINT ( 'NONE',  ( -3.419593599177064291, 27.03837947678106701, -0.0009999999999999158867 ) ) ;
#1375 = CARTESIAN_POINT ( 'NONE',  ( 26.93258696637829885, -14.82036890340692636, 9.203600003566950960 ) ) ;
#1376 = DIRECTION ( 'NONE',  ( 0.000000000000000000, 0.000000000000000000, -1.000000000000000000 ) ) ;
#1377 = VERTEX_POINT ( 'NONE', #3354 ) ;
#1378 = ORIENTED_EDGE ( 'NONE', *, *, #3638, .F. ) ;
#1379 = AXIS2_PLACEMENT_3D ( 'NONE', #3517, #6724, #887 ) ;
#1380 = CARTESIAN_POINT ( 'NONE',  ( -15.91000000000001080, 31.18628651258499573, 2.500000000000000000 ) ) ;
#1381 = AXIS2_PLACEMENT_3D ( 'NONE', #3637, #1974, #978 ) ;
#1382 = FACE_OUTER_BOUND ( 'NONE', #1452, .T. ) ;
#1383 = ORIENTED_EDGE ( 'NONE', *, *, #4466, .T. ) ;
#1384 = LINE ( 'NONE', #5134, #1057 ) ;
#1385 = DIRECTION ( 'NONE',  ( -2.040851148208008491E-16, 1.000000000000000000, -0.000000000000000000 ) ) ;
#1386 = CARTESIAN_POINT ( 'NONE',  ( -12.24571755142490659, 27.03837947678106701, 3.500000000000000000 ) ) ;
#1387 = EDGE_CURVE ( 'NONE', #5300, #3694, #198, .T. ) ;
#1388 = DIRECTION ( 'NONE',  ( 0.000000000000000000, -0.000000000000000000, -1.000000000000000000 ) ) ;
#1389 = CARTESIAN_POINT ( 'NONE',  ( 18.85237069653800646, 23.67963109659306653, 3.307407927298974482 ) ) ;
#1390 = CARTESIAN_POINT ( 'NONE',  ( 5.005793443902227580, 25.65564935224788812, 3.500000000000000000 ) ) ;
#1391 = VERTEX_POINT ( 'NONE', #6012 ) ;
#1392 = CARTESIAN_POINT ( 'NONE',  ( 6.179669765516815794, -36.30000000000000426, 8.636157047397997388 ) ) ;
#1393 = EDGE_CURVE ( 'NONE', #4478, #5730, #4496, .T. ) ;
#1394 = CARTESIAN_POINT ( 'NONE',  ( -7.245646163479072754, 26.67912700486324340, 1.499999999999999778 ) ) ;
#1395 = ORIENTED_EDGE ( 'NONE', *, *, #3920, .T. ) ;
#1396 = VECTOR ( 'NONE', #290, 1000.000000000000000 ) ;
#1397 = ORIENTED_EDGE ( 'NONE', *, *, #2520, .F. ) ;
#1398 = ORIENTED_EDGE ( 'NONE', *, *, #2993, .F. ) ;
#1399 =( BOUNDED_SURFACE ( )  B_SPLINE_SURFACE ( 2, 3, ( 
 ( #811, #2472, #4079, #4685, #1003, #6683, #5619, #971, #912, #6747, #3025, #5231, #6786, #405, #6250, #5124, #6211, #2070, #4113, #6176, #3059, #876, #3745, #2707, #5389, #135, #5329, #2192, #5793, #2161, #1135, #544, #574, #1067 ),
 ( #5817, #5361, #4289, #39, #2742, #3716, #4849, #2779, #1035, #3946, #770, #4919, #2892, #4484, #180, #6475, #1770, #1255, #3377, #5464, #6559, #5586, #5526, #2865, #1261, #2323, #2396, #4520, #4455, #3487, #6523, #849, #1804, #5060 ),
 ( #3954, #338, #267, #2438, #4555, #1900, #5166, #977, #3679, #3096, #552, #2584, #4169, #426, #1506, #6768, #6703, #2056, #4129, #1468, #988, #3657, #5716, #5849, #1756, #1707, #4973, #3248, #3927, #3830, #5885, #2770, #5384, #695 ) ),
 .UNSPECIFIED., .F., .T., .F. ) 
 B_SPLINE_SURFACE_WITH_KNOTS ( ( 3, 3 ),
 ( 4, 2, 2, 2, 2, 2, 2, 2, 2, 2, 2, 2, 2, 2, 2, 2, 4 ),
 ( 0.000000000000000000, 1.000000000000000000 ),
 ( -6.283185307179586232, -5.890486225480861648, -5.497787143782137953, -5.105088062083414258, -4.712388980384689674, -4.319689898685965090, -3.926990816987241395, -3.534291735288517255, -3.141592653589793116, -2.748893571891068976, -2.356194490192344837, -1.963495408493620697, -1.570796326794896558, -1.178097245096172418, -0.7853981633974482790, -0.3926990816987241395, 0.000000000000000000 ),
 .UNSPECIFIED. ) 
 GEOMETRIC_REPRESENTATION_ITEM ( )  RATIONAL_B_SPLINE_SURFACE ( (
 ( 1.000000000000000000, 1.000000000000000000, 1.000000000000000000, 1.000000000000000000, 1.000000000000000000, 1.000000000000000000, 1.000000000000000000, 1.000000000000000000, 1.000000000000000000, 1.000000000000000000, 1.000000000000000000, 1.000000000000000000, 1.000000000000000000, 1.000000000000000000, 1.000000000000000000, 1.000000000000000000, 1.000000000000000000, 1.000000000000000000, 1.000000000000000000, 1.000000000000000000, 1.000000000000000000, 1.000000000000000000, 1.000000000000000000, 1.000000000000000000, 1.000000000000000000, 1.000000000000000000, 1.000000000000000000, 1.000000000000000000, 1.000000000000000000, 1.000000000000000000, 1.000000000000000000, 1.000000000000000000, 1.000000000000000000, 1.000000000000000000),
 ( 0.7071067811865475727, 0.7071067811865475727, 0.7071067811865473507, 0.7071067811865473507, 0.7071067811865479058, 0.7071067811865479058, 0.7071067811865475727, 0.7071067811865475727, 0.7071067811865469066, 0.7071067811865469066, 0.7071067811865481278, 0.7071067811865481278, 0.7071067811865475727, 0.7071067811865475727, 0.7071067811865477948, 0.7071067811865477948, 0.7071067811865477948, 0.7071067811865477948, 0.7071067811865475727, 0.7071067811865475727, 0.7071067811865475727, 0.7071067811865475727, 0.7071067811865475727, 0.7071067811865475727, 0.7071067811865469066, 0.7071067811865469066, 0.7071067811865481278, 0.7071067811865481278, 0.7071067811865475727, 0.7071067811865475727, 0.7071067811865475727, 0.7071067811865475727, 0.7071067811865475727, 0.7071067811865475727),
 ( 1.000000000000000000, 1.000000000000000000, 1.000000000000000000, 1.000000000000000000, 1.000000000000000000, 1.000000000000000000, 1.000000000000000000, 1.000000000000000000, 1.000000000000000000, 1.000000000000000000, 1.000000000000000000, 1.000000000000000000, 1.000000000000000000, 1.000000000000000000, 1.000000000000000000, 1.000000000000000000, 1.000000000000000000, 1.000000000000000000, 1.000000000000000000, 1.000000000000000000, 1.000000000000000000, 1.000000000000000000, 1.000000000000000000, 1.000000000000000000, 1.000000000000000000, 1.000000000000000000, 1.000000000000000000, 1.000000000000000000, 1.000000000000000000, 1.000000000000000000, 1.000000000000000000, 1.000000000000000000, 1.000000000000000000, 1.000000000000000000) ) ) 
 REPRESENTATION_ITEM ( '' )  SURFACE ( )  );
#1400 = ADVANCED_FACE ( 'NONE', ( #3886, #1329 ), #3919, .T. ) ;
#1401 = CARTESIAN_POINT ( 'NONE',  ( -11.79496794223054756, 25.65564935224755416, 1.500000000000156763 ) ) ;
#1402 = EDGE_CURVE ( 'NONE', #3510, #747, #1782, .T. ) ;
#1403 = CARTESIAN_POINT ( 'NONE',  ( -10.71621830360479422, 29.71659411408710483, 1.499999999999999778 ) ) ;
#1404 = FACE_OUTER_BOUND ( 'NONE', #2280, .T. ) ;
#1405 = ORIENTED_EDGE ( 'NONE', *, *, #6413, .F. ) ;
#1406 = CARTESIAN_POINT ( 'NONE',  ( 6.179669765516815794, -35.27084328170000305, 10.84615707131399809 ) ) ;
#1407 = CARTESIAN_POINT ( 'NONE',  ( -8.612987431481345268, 28.83762987217697216, 3.499999999999999556 ) ) ;
#1408 = CIRCLE ( 'NONE', #6148, 2.200000000000000622 ) ;
#1409 = DIRECTION ( 'NONE',  ( -0.000000000000000000, -0.000000000000000000, 1.000000000000000000 ) ) ;
#1410 = ORIENTED_EDGE ( 'NONE', *, *, #5616, .F. ) ;
#1411 = EDGE_LOOP ( 'NONE', ( #2824, #1356, #5251, #4680 ) ) ;
#1412 = LINE ( 'NONE', #62, #6053 ) ;
#1413 = CARTESIAN_POINT ( 'NONE',  ( -15.91000000000000725, 21.00000000000000000, 0.5000000000000000000 ) ) ;
#1414 = ORIENTED_EDGE ( 'NONE', *, *, #617, .T. ) ;
#1415 = ORIENTED_EDGE ( 'NONE', *, *, #2528, .T. ) ;
#1416 = FACE_OUTER_BOUND ( 'NONE', #1465, .T. ) ;
#1417 = CARTESIAN_POINT ( 'NONE',  ( -7.745717551424907477, 26.74385517199781859, 3.500000000000000000 ) ) ;
#1418 = ORIENTED_EDGE ( 'NONE', *, *, #2317, .T. ) ;
#1419 = APPROVAL_PERSON_ORGANIZATION ( #2200, #6524, #105 ) ;
#1420 = ORIENTED_EDGE ( 'NONE', *, *, #3708, .T. ) ;
#1421 = DIRECTION ( 'NONE',  ( 0.000000000000000000, 0.000000000000000000, -1.000000000000000000 ) ) ;
#1422 = CARTESIAN_POINT ( 'NONE',  ( 3.501067357879278141, 24.78837947678106701, 3.500000000000000000 ) ) ;
#1423 = LINE ( 'NONE', #310, #1084 ) ;
#1424 = ORIENTED_EDGE ( 'NONE', *, *, #6700, .F. ) ;
#1425 = LINE ( 'NONE', #3002, #5307 ) ;
#1426 = CARTESIAN_POINT ( 'NONE',  ( -12.74571755142490836, 27.03837947678106701, 1.500000000000000000 ) ) ;
#1427 = AXIS2_PLACEMENT_3D ( 'NONE', #3729, #4707, #50 ) ;
#1428 = CIRCLE ( 'NONE', #2315, 0.5000000000000004441 ) ;
#1429 = VERTEX_POINT ( 'NONE', #3391 ) ;
#1430 = CIRCLE ( 'NONE', #6139, 1.599999999980955767 ) ;
#1431 = EDGE_CURVE ( 'NONE', #1571, #2588, #6645, .T. ) ;
#1432 = ORIENTED_EDGE ( 'NONE', *, *, #6715, .F. ) ;
#1433 = ORIENTED_EDGE ( 'NONE', *, *, #4317, .T. ) ;
#1434 = LINE ( 'NONE', #4502, #847 ) ;
#1435 = DIRECTION ( 'NONE',  ( -0.000000000000000000, -0.000000000000000000, -1.000000000000000000 ) ) ;
#1436 = CARTESIAN_POINT ( 'NONE',  ( -9.406784805619899714, 29.22981799680089310, 3.500000000000000000 ) ) ;
#1437 = DIRECTION ( 'NONE',  ( -0.000000000000000000, -0.000000000000000000, -1.000000000000000000 ) ) ;
#1438 = PLANE ( 'NONE',  #407 ) ;
#1439 = CARTESIAN_POINT ( 'NONE',  ( -1.729590113636328530, 24.83929566579547554, 1.500000000000000000 ) ) ;
#1440 = DIRECTION ( 'NONE',  ( -3.561451260254549034E-16, -1.000000000000000000, 0.000000000000000000 ) ) ;
#1441 = EDGE_CURVE ( 'NONE', #6733, #3240, #4395, .T. ) ;
#1442 = CYLINDRICAL_SURFACE ( 'NONE', #2004, 1.100000000000000311 ) ;
#1443 = CARTESIAN_POINT ( 'NONE',  ( -11.96173692522198806, 28.17152218261559682, 3.500000000000000888 ) ) ;
#1444 = ORIENTED_EDGE ( 'NONE', *, *, #2182, .T. ) ;
#1445 = CARTESIAN_POINT ( 'NONE',  ( -2.036863474643695771, 25.23912908597461424, 1.500000000000000000 ) ) ;
#1446 = DIRECTION ( 'NONE',  ( 0.000000000000000000, 0.000000000000000000, 1.000000000000000000 ) ) ;
#1447 = CARTESIAN_POINT ( 'NONE',  ( 17.94749555500000326, 30.40006096009999936, 12.22253967444162015 ) ) ;
#1448 = DIRECTION ( 'NONE',  ( 1.856308247812544377E-16, 1.000000000000000000, 0.000000000000000000 ) ) ;
#1449 = VECTOR ( 'NONE', #3328, 1000.000000000000000 ) ;
#1450 = EDGE_LOOP ( 'NONE', ( #2819, #5936 ) ) ;
#1451 = ORIENTED_EDGE ( 'NONE', *, *, #546, .F. ) ;
#1452 = EDGE_LOOP ( 'NONE', ( #235, #2318, #6729, #2402 ) ) ;
#1453 = ADVANCED_FACE ( 'NONE', ( #4601 ), #954, .F. ) ;
#1454 = AXIS2_PLACEMENT_3D ( 'NONE', #885, #4258, #1652 ) ;
#1455 = EDGE_CURVE ( 'NONE', #3261, #4408, #5597, .T. ) ;
#1456 = CARTESIAN_POINT ( 'NONE',  ( 1.823812928562738023, 28.83762986758733504, 3.500000000000000000 ) ) ;
#1457 = AXIS2_PLACEMENT_3D ( 'NONE', #6341, #6746, #2035 ) ;
#1458 = EDGE_LOOP ( 'NONE', ( #2038, #6092, #3547, #2013 ) ) ;
#1459 = FACE_OUTER_BOUND ( 'NONE', #1367, .T. ) ;
#1460 = CARTESIAN_POINT ( 'NONE',  ( 0.4565430530959354027, 27.03837947678106701, 1.500000000000000000 ) ) ;
#1461 = CARTESIAN_POINT ( 'NONE',  ( 5.451297942626342596, -22.23771907541695469, 2.500000000000000000 ) ) ;
#1462 = DIRECTION ( 'NONE',  ( -1.090335308596359271E-16, -1.000000000000000000, 0.000000000000000000 ) ) ;
#1463 = EDGE_LOOP ( 'NONE', ( #208, #5729, #2678, #6418 ) ) ;
#1464 = AXIS2_PLACEMENT_3D ( 'NONE', #5643, #6017, #6535 ) ;
#1465 = EDGE_LOOP ( 'NONE', ( #1690, #3303, #4244, #2809 ) ) ;
#1466 = DIRECTION ( 'NONE',  ( 0.000000000000000000, 0.000000000000000000, 1.000000000000000000 ) ) ;
#1467 = VECTOR ( 'NONE', #2891, 1000.000000000000000 ) ;
#1468 = CARTESIAN_POINT ( 'NONE',  ( 11.79869908165111880, 25.90523677694370619, 3.500000000000000000 ) ) ;
#1469 = VERTEX_POINT ( 'NONE', #3570 ) ;
#1470 = FACE_OUTER_BOUND ( 'NONE', #2138, .T. ) ;
#1471 = CARTESIAN_POINT ( 'NONE',  ( -5.385612975457847895, 25.90523677694298854, 1.500000000000000000 ) ) ;
#1472 = CARTESIAN_POINT ( 'NONE',  ( 2.486736363778528691, 29.71680433458323378, 1.500000000000000000 ) ) ;
#1473 = DIRECTION ( 'NONE',  ( -0.000000000000000000, -0.000000000000000000, 1.000000000000000000 ) ) ;
#1474 = EDGE_LOOP ( 'NONE', ( #3134, #71, #1860, #5367 ) ) ;
#1475 = DIRECTION ( 'NONE',  ( -0.000000000000000000, 0.000000000000000000, 1.000000000000000000 ) ) ;
#1476 = CARTESIAN_POINT ( 'NONE',  ( -11.37844767595873563, 25.23912908597511517, 1.499999999999844347 ) ) ;
#1477 = CARTESIAN_POINT ( 'NONE',  ( 8.142676219829356299, 24.83929566579594450, 1.500000000000000000 ) ) ;
#1478 = LINE ( 'NONE', #3621, #1740 ) ;
#1479 = ADVANCED_FACE ( 'NONE', ( #2449 ), #2558, .T. ) ;
#1480 = ORIENTED_EDGE ( 'NONE', *, *, #3854, .T. ) ;
#1481 = ORIENTED_EDGE ( 'NONE', *, *, #6398, .T. ) ;
#1482 = ORIENTED_EDGE ( 'NONE', *, *, #5468, .F. ) ;
#1483 = ORIENTED_EDGE ( 'NONE', *, *, #908, .F. ) ;
#1484 = DIRECTION ( 'NONE',  ( -1.000000000000000000, 0.000000000000000000, 0.000000000000000000 ) ) ;
#1485 = CIRCLE ( 'NONE', #6222, 1.600000000000000755 ) ;
#1486 = DIRECTION ( 'NONE',  ( 0.000000000000000000, 1.000000000000000000, 0.000000000000000000 ) ) ;
#1487 = LINE ( 'NONE', #3087, #130 ) ;
#1488 = ADVANCED_FACE ( 'NONE', ( #6232 ), #985, .T. ) ;
#1489 = ORIENTED_EDGE ( 'NONE', *, *, #3099, .T. ) ;
#1490 = DIRECTION ( 'NONE',  ( 1.000000000000000000, 0.000000000000000000, 0.000000000000000000 ) ) ;
#1491 = CARTESIAN_POINT ( 'NONE',  ( -19.21929049559675917, 23.70715587805970870, 2.838064921869637658 ) ) ;
#1492 = EDGE_CURVE ( 'NONE', #24, #5891, #4797, .T. ) ;
#1493 = ADVANCED_FACE ( 'NONE', ( #2754, #1083, #5744, #585, #3727, #6287, #1561, #80, #6261, #2173, #6386, #1528, #5869, #1048, #3161 ), #2324, .T. ) ;
#1494 = LINE ( 'NONE', #3640, #6354 ) ;
#1495 = ORIENTED_EDGE ( 'NONE', *, *, #4712, .T. ) ;
#1496 = CIRCLE ( 'NONE', #5149, 1.100000000000000311 ) ;
#1497 = ORIENTED_EDGE ( 'NONE', *, *, #1431, .T. ) ;
#1498 = CARTESIAN_POINT ( 'NONE',  ( -15.91000000000000725, 19.90000000000000213, 0.5000000000000000000 ) ) ;
#1499 = LINE ( 'NONE', #5708, #6298 ) ;
#1500 = ORIENTED_EDGE ( 'NONE', *, *, #4361, .F. ) ;
#1501 = CARTESIAN_POINT ( 'NONE',  ( 2.073400347261411980, 25.07236010298398909, 3.500000000000000888 ) ) ;
#1502 = DIRECTION ( 'NONE',  ( -1.000000000000000000, 1.577021341797096821E-15, 0.000000000000000000 ) ) ;
#1503 = CARTESIAN_POINT ( 'NONE',  ( -3.419593599177064291, 27.03837947678106701, 0.5000000000000000000 ) ) ;
#1504 = DIRECTION ( 'NONE',  ( 1.000000000000000000, 3.469446951953614682E-16, 0.000000000000000000 ) ) ;
#1505 = ORIENTED_EDGE ( 'NONE', *, *, #838, .F. ) ;
#1506 = CARTESIAN_POINT ( 'NONE',  ( 11.79869908165084880, 28.17152217661906732, 3.500000000000000000 ) ) ;
#1507 = ORIENTED_EDGE ( 'NONE', *, *, #6079, .T. ) ;
#1508 = CARTESIAN_POINT ( 'NONE',  ( 4.591495241786522463, 29.44129204779160602, 1.500000000000000000 ) ) ;
#1509 = LINE ( 'NONE', #1060, #3100 ) ;
#1510 = CARTESIAN_POINT ( 'NONE',  ( -15.91000000000000725, 21.00000000000000000, 2.500000000000000000 ) ) ;
#1511 = VECTOR ( 'NONE', #3290, 1000.000000000000000 ) ;
#1512 = EDGE_LOOP ( 'NONE', ( #467, #5993, #5907, #4525 ) ) ;
#1513 = CARTESIAN_POINT ( 'NONE',  ( -2.035335473333871548, 24.63525668528363610, 1.500000000000000222 ) ) ;
#1514 = FACE_OUTER_BOUND ( 'NONE', #1852, .T. ) ;
#1515 = CARTESIAN_POINT ( 'NONE',  ( -7.592804980414836535, 25.65342728809063644, 1.500000000000000000 ) ) ;
#1516 = DIRECTION ( 'NONE',  ( -1.000000000000000000, 0.000000000000000000, 0.000000000000000000 ) ) ;
#1517 = ORIENTED_EDGE ( 'NONE', *, *, #742, .F. ) ;
#1518 = CARTESIAN_POINT ( 'NONE',  ( 5.397981573115541387, 26.44944673097552723, 3.500000000000000000 ) ) ;
#1519 = PERSON_AND_ORGANIZATION_ROLE ( 'design_owner' ) ;
#1520 = ADVANCED_FACE ( 'NONE', ( #4456 ), #2830, .T. ) ;
#1521 = CARTESIAN_POINT ( 'NONE',  ( 7.641241182866229664, 26.44944673697268200, 3.500000000000000444 ) ) ;
#1522 = LINE ( 'NONE', #3642, #2952 ) ;
#1523 = CARTESIAN_POINT ( 'NONE',  ( 10.19193217729676171, 29.78845086472544779, 1.499999999999999778 ) ) ;
#1524 = ORIENTED_EDGE ( 'NONE', *, *, #947, .T. ) ;
#1525 = CARTESIAN_POINT ( 'NONE',  ( 18.69002286430000126, -35.27084328170000305, 13.33000000000000007 ) ) ;
#1526 = EDGE_CURVE ( 'NONE', #1231, #5686, #4423, .T. ) ;
#1527 = AXIS2_PLACEMENT_3D ( 'NONE', #157, #1192, #2216 ) ;
#1528 = FACE_BOUND ( 'NONE', #5443, .T. ) ;
#1529 = CARTESIAN_POINT ( 'NONE',  ( 20.14749555500000255, -30.40006096009999936, 3.499999999999999556 ) ) ;
#1530 = DIRECTION ( 'NONE',  ( -1.000000000000000000, 0.000000000000000000, 0.000000000000000000 ) ) ;
#1531 = DIRECTION ( 'NONE',  ( -1.000000000000000000, 0.000000000000000000, 0.000000000000000000 ) ) ;
#1532 = VERTEX_POINT ( 'NONE', #5965 ) ;
#1533 = ORIENTED_EDGE ( 'NONE', *, *, #1441, .T. ) ;
#1534 = AXIS2_PLACEMENT_3D ( 'NONE', #5221, #1787, #2908 ) ;
#1535 = FACE_OUTER_BOUND ( 'NONE', #1878, .T. ) ;
#1536 = EDGE_CURVE ( 'NONE', #1768, #990, #5033, .T. ) ;
#1537 = VECTOR ( 'NONE', #3081, 1000.000000000000000 ) ;
#1538 = EDGE_CURVE ( 'NONE', #6759, #3162, #530, .T. ) ;
#1539 = CARTESIAN_POINT ( 'NONE',  ( -15.74749555500000042, 30.40006096009999936, 0.5000000000000004441 ) ) ;
#1540 = ORIENTED_EDGE ( 'NONE', *, *, #1213, .T. ) ;
#1541 = VERTEX_POINT ( 'NONE', #5435 ) ;
#1542 = AXIS2_PLACEMENT_3D ( 'NONE', #5238, #6794, #3721 ) ;
#1543 = FACE_BOUND ( 'NONE', #4676, .T. ) ;
#1544 = CIRCLE ( 'NONE', #5406, 2.999999999999999112 ) ;
#1545 = VECTOR ( 'NONE', #2409, 1000.000000000000000 ) ;
#1546 = ORIENTED_EDGE ( 'NONE', *, *, #5540, .T. ) ;
#1547 = VERTEX_POINT ( 'NONE', #3415 ) ;
#1548 = DIRECTION ( 'NONE',  ( 0.000000000000000000, 0.000000000000000000, -1.000000000000000000 ) ) ;
#1549 = CARTESIAN_POINT ( 'NONE',  ( 7.082679705369937295, 26.67804361543839775, 1.500000000000000222 ) ) ;
#1550 = CARTESIAN_POINT ( 'NONE',  ( 0.1172872745844294184, -16.90370840737503499, 1.500000000000000000 ) ) ;
#1551 = VERTEX_POINT ( 'NONE', #6630 ) ;
#1552 = ORIENTED_EDGE ( 'NONE', *, *, #4420, .T. ) ;
#1553 = COORDINATED_UNIVERSAL_TIME_OFFSET ( 8, 0, .AHEAD. ) ;
#1554 = ADVANCED_BREP_SHAPE_REPRESENTATION ( '上壳20240522', ( #1784, #6041 ), #1318 ) ;
#1555 = CIRCLE ( 'NONE', #5421, 0.9499999999999995115 ) ;
#1556 = CARTESIAN_POINT ( 'NONE',  ( 11.63193010076583711, 25.65564935683750392, 3.499999999999999556 ) ) ;
#1557 = VERTEX_POINT ( 'NONE', #884 ) ;
#1558 = CARTESIAN_POINT ( 'NONE',  ( 5.229669765516815616, -36.30000000000000426, 9.896157071313998799 ) ) ;
#1559 = EDGE_CURVE ( 'NONE', #1776, #3897, #5564, .T. ) ;
#1560 = AXIS2_PLACEMENT_3D ( 'NONE', #1880, #3012, #6672 ) ;
#1561 = FACE_OUTER_BOUND ( 'NONE', #1895, .T. ) ;
#1562 = ORIENTED_EDGE ( 'NONE', *, *, #2993, .T. ) ;
#1563 = CARTESIAN_POINT ( 'NONE',  ( 11.21540982990310376, 25.23912908597476701, 3.500000000000000000 ) ) ;
#1564 = CARTESIAN_POINT ( 'NONE',  ( -14.44749555499999971, 35.27089408180000163, 2.700000073095999209 ) ) ;
#1565 = EDGE_CURVE ( 'NONE', #2135, #4779, #1384, .T. ) ;
#1566 = VERTEX_POINT ( 'NONE', #5198 ) ;
#1567 = CARTESIAN_POINT ( 'NONE',  ( -4.802323719120623835, 28.83762987217697216, 3.499999999999999112 ) ) ;
#1568 = CARTESIAN_POINT ( 'NONE',  ( -4.802323723710582470, 25.23912908597511517, 1.500000000000000222 ) ) ;
#1569 = CARTESIAN_POINT ( 'NONE',  ( 5.609455624106006510, 25.65342728809063644, 1.500000000000000000 ) ) ;
#1570 = CARTESIAN_POINT ( 'NONE',  ( -7.745717551424905700, 27.03837947678106701, 4.500000000000000888 ) ) ;
#1571 = VERTEX_POINT ( 'NONE', #5061 ) ;
#1572 = CARTESIAN_POINT ( 'NONE',  ( -10.35569170171540954, 24.28837947678106346, 1.500000000000000000 ) ) ;
#1573 = AXIS2_PLACEMENT_3D ( 'NONE', #6540, #5417, #2851 ) ;
#1574 = EDGE_CURVE ( 'NONE', #1377, #6771, #2953, .T. ) ;
#1575 = ADVANCED_FACE ( 'NONE', ( #4521 ), #2548, .F. ) ;
#1576 = CARTESIAN_POINT ( 'NONE',  ( -20.30000000000000071, -36.30000000000000426, 13.33000000000000007 ) ) ;
#1577 = AXIS2_PLACEMENT_3D ( 'NONE', #2376, #6579, #2876 ) ;
#1578 = CARTESIAN_POINT ( 'NONE',  ( -5.218843989983017018, 25.65564935224755416, 1.500000000000000222 ) ) ;
#1579 = FACE_BOUND ( 'NONE', #2766, .T. ) ;
#1580 = ORIENTED_EDGE ( 'NONE', *, *, #4642, .T. ) ;
#1581 = CYLINDRICAL_SURFACE ( 'NONE', #3548, 0.9500000000000002887 ) ;
#1582 = VERTEX_POINT ( 'NONE', #339 ) ;
#1583 = PLANE ( 'NONE',  #1125 ) ;
#1584 = CARTESIAN_POINT ( 'NONE',  ( -18.69005080010079567, -35.27084328169999594, 13.33000000000000007 ) ) ;
#1585 = VERTEX_POINT ( 'NONE', #1937 ) ;
#1586 = ORIENTED_EDGE ( 'NONE', *, *, #6262, .F. ) ;
#1587 = CARTESIAN_POINT ( 'NONE',  ( 0.000000000000000000, 27.40006096009999936, 1.500000000000000000 ) ) ;
#1588 = CIRCLE ( 'NONE', #2831, 2.200000000000000622 ) ;
#1589 = CARTESIAN_POINT ( 'NONE',  ( 15.91000000000000014, -13.50000000000000178, 5.611269837220810075 ) ) ;
#1590 = CARTESIAN_POINT ( 'NONE',  ( -2.034641410486478286, 29.44129204779098075, 1.500000000000000000 ) ) ;
#1591 = ORIENTED_EDGE ( 'NONE', *, *, #4606, .T. ) ;
#1592 = CARTESIAN_POINT ( 'NONE',  ( 0.4565430530959354027, 27.03837947678106701, 1.500000000000000000 ) ) ;
#1593 = CARTESIAN_POINT ( 'NONE',  ( -18.69005080010004249, 34.98089408179999538, 0.5000000000000000000 ) ) ;
#1594 = ADVANCED_FACE ( 'NONE', ( #1416 ), #6374, .T. ) ;
#1595 = DIRECTION ( 'NONE',  ( -5.562460791263454045E-17, -1.000000000000000000, 0.000000000000000000 ) ) ;
#1596 = PLANE ( 'NONE',  #942 ) ;
#1597 = FACE_OUTER_BOUND ( 'NONE', #4843, .T. ) ;
#1598 = EDGE_LOOP ( 'NONE', ( #5813, #5560 ) ) ;
#1599 = CARTESIAN_POINT ( 'NONE',  ( 20.31420819167568226, 23.95733666166765374, 1.706986357290351197 ) ) ;
#1600 = DIRECTION ( 'NONE',  ( -1.000000000000000000, 0.000000000000000000, 0.000000000000000000 ) ) ;
#1601 = CARTESIAN_POINT ( 'NONE',  ( -4.008526344981891754, 24.84694095676121250, 1.499999999999843903 ) ) ;
#1602 = CARTESIAN_POINT ( 'NONE',  ( 4.591495241786576642, 24.63546690577124210, 1.500000000000000000 ) ) ;
#1603 = CYLINDRICAL_SURFACE ( 'NONE', #5105, 0.9499999999999995115 ) ;
#1604 = ADVANCED_FACE ( 'NONE', ( #1946 ), #6263, .T. ) ;
#1605 = CARTESIAN_POINT ( 'NONE',  ( -11.12886025126188727, 29.00439885306144561, 1.499999999999921840 ) ) ;
#1606 = LINE ( 'NONE', #3209, #6679 ) ;
#1607 = LINE ( 'NONE', #5222, #165 ) ;
#1608 = CARTESIAN_POINT ( 'NONE',  ( 5.456543053095936457, 27.03837947678106346, 3.500000000000000000 ) ) ;
#1609 = PLANE ( 'NONE',  #6625 ) ;
#1610 = EDGE_CURVE ( 'NONE', #179, #1391, #895, .T. ) ;
#1611 = VERTEX_POINT ( 'NONE', #4126 ) ;
#1612 = CARTESIAN_POINT ( 'NONE',  ( -3.125069294393896246, 29.28837947678107057, 3.500000000000000000 ) ) ;
#1613 = CARTESIAN_POINT ( 'NONE',  ( -5.110056909481969889, 24.83985644836069895, 1.500000000000000222 ) ) ;
#1614 = ORIENTED_EDGE ( 'NONE', *, *, #1536, .T. ) ;
#1615 = VECTOR ( 'NONE', #3800, 1000.000000000000000 ) ;
#1616 = ORIENTED_EDGE ( 'NONE', *, *, #6114, .T. ) ;
#1617 = EDGE_CURVE ( 'NONE', #5576, #753, #5754, .T. ) ;
#1618 = AXIS2_PLACEMENT_3D ( 'NONE', #5737, #1042, #5769 ) ;
#1619 = CARTESIAN_POINT ( 'NONE',  ( -0.6695935991770621820, 26.67840532649077900, 1.500000000000000000 ) ) ;
#1620 = ORIENTED_EDGE ( 'NONE', *, *, #4883, .T. ) ;
#1621 = FACE_OUTER_BOUND ( 'NONE', #1252, .T. ) ;
#1622 = VECTOR ( 'NONE', #4842, 1000.000000000000000 ) ;
#1623 = DIRECTION ( 'NONE',  ( -1.000000000000000000, 0.000000000000000000, -0.000000000000000000 ) ) ;
#1624 = LINE ( 'NONE', #6390, #5909 ) ;
#1625 = DIRECTION ( 'NONE',  ( -0.000000000000000000, -0.000000000000000000, 1.000000000000000000 ) ) ;
#1626 = CARTESIAN_POINT ( 'NONE',  ( 0.1172872745844294184, -16.90370840737503499, 2.500000000000000000 ) ) ;
#1627 = CARTESIAN_POINT ( 'NONE',  ( 19.61531317676530151, 23.76409898749419369, 2.387620856601797126 ) ) ;
#1628 = VERTEX_POINT ( 'NONE', #4475 ) ;
#1629 = DIRECTION ( 'NONE',  ( -1.856308247812544131E-16, -1.000000000000000000, 0.000000000000000000 ) ) ;
#1630 = CARTESIAN_POINT ( 'NONE',  ( 5.884967910897788812, 27.75818616609800671, 1.500000000000000000 ) ) ;
#1631 = ORIENTED_EDGE ( 'NONE', *, *, #1748, .F. ) ;
#1632 = ORIENTED_EDGE ( 'NONE', *, *, #777, .T. ) ;
#1633 = FACE_OUTER_BOUND ( 'NONE', #6451, .T. ) ;
#1634 = DIRECTION ( 'NONE',  ( -1.000000000000000000, 0.000000000000000000, -0.000000000000000000 ) ) ;
#1635 = EDGE_LOOP ( 'NONE', ( #3860, #4336, #2645, #2845 ) ) ;
#1636 = CARTESIAN_POINT ( 'NONE',  ( -7.804279031405124023, 26.44944673097545618, 1.499999999999999556 ) ) ;
#1637 = DIRECTION ( 'NONE',  ( -0.000000000000000000, -0.000000000000000000, -1.000000000000000000 ) ) ;
#1638 = CARTESIAN_POINT ( 'NONE',  ( 20.55649513947968643, -9.660184451703463182, 1.499999999999999556 ) ) ;
#1639 = CIRCLE ( 'NONE', #465, 4.000000000000000000 ) ;
#1640 = CARTESIAN_POINT ( 'NONE',  ( 2.073400353258413542, 29.00439885306144561, 1.499999999999843903 ) ) ;
#1641 = EDGE_CURVE ( 'NONE', #1362, #1557, #1887, .T. ) ;
#1642 = ORIENTED_EDGE ( 'NONE', *, *, #419, .F. ) ;
#1643 = ORIENTED_EDGE ( 'NONE', *, *, #2123, .T. ) ;
#1644 = DIRECTION ( 'NONE',  ( -1.000000000000000000, 0.000000000000000000, 0.000000000000000000 ) ) ;
#1645 = CARTESIAN_POINT ( 'NONE',  ( -10.35569170171549658, 29.78837947678107057, 1.500000000000000000 ) ) ;
#1646 = VECTOR ( 'NONE', #1490, 1000.000000000000000 ) ;
#1647 = EDGE_CURVE ( 'NONE', #6150, #562, #1499, .T. ) ;
#1648 = CARTESIAN_POINT ( 'NONE',  ( -15.90999999999999304, -10.49999999999999645, 5.500000000000000000 ) ) ;
#1649 = CARTESIAN_POINT ( 'NONE',  ( -3.778846071100193438, 29.78830808883667913, 1.500000000000000000 ) ) ;
#1650 = PERSON_AND_ORGANIZATION_ROLE ( 'design_supplier' ) ;
#1651 = CIRCLE ( 'NONE', #2897, 1.600000000000000755 ) ;
#1652 = DIRECTION ( 'NONE',  ( -1.000000000000000000, 0.000000000000000000, 0.000000000000000000 ) ) ;
#1653 = EDGE_CURVE ( 'NONE', #986, #3008, #5430, .T. ) ;
#1654 = ADVANCED_FACE ( 'NONE', ( #1113, #2657 ), #3305, .T. ) ;
#1655 = CARTESIAN_POINT ( 'NONE',  ( -1.729590113636370052, 29.23746328776666203, 1.500000000000000000 ) ) ;
#1656 = ORIENTED_EDGE ( 'NONE', *, *, #901, .T. ) ;
#1657 = CARTESIAN_POINT ( 'NONE',  ( 7.574310647399825847, 35.27089408179999452, 1.649999999999998579 ) ) ;
#1658 =( BOUNDED_CURVE ( )  B_SPLINE_CURVE ( 2, ( #6049, #425, #1875 ),
 .UNSPECIFIED., .F., .T. ) 
 B_SPLINE_CURVE_WITH_KNOTS ( ( 3, 3 ),
 ( 0.000000000000000000, 1.000000000000000000 ),
 .UNSPECIFIED. ) 
 CURVE ( )  GEOMETRIC_REPRESENTATION_ITEM ( )  RATIONAL_B_SPLINE_CURVE ( ( 1.000000000000000000, 0.7071067811865473507, 1.000000000000000000 ) ) 
 REPRESENTATION_ITEM ( '' )  );
#1659 = VECTOR ( 'NONE', #1235, 1000.000000000000000 ) ;
#1660 = DIRECTION ( 'NONE',  ( 0.000000000000000000, 0.000000000000000000, -1.000000000000000000 ) ) ;
#1661 = CARTESIAN_POINT ( 'NONE',  ( 11.21540982531348973, 28.83762987217695439, 3.499999999999999112 ) ) ;
#1662 = CARTESIAN_POINT ( 'NONE',  ( 5.397981573115959719, 27.62731222258560493, 3.500000000000000000 ) ) ;
#1663 = ORIENTED_EDGE ( 'NONE', *, *, #6125, .F. ) ;
#1664 = CARTESIAN_POINT ( 'NONE',  ( 19.29630300925785491, 23.71625389265987849, 2.746761118839419868 ) ) ;
#1665 = DIRECTION ( 'NONE',  ( 0.000000000000000000, 0.000000000000000000, 1.000000000000000000 ) ) ;
#1666 = CARTESIAN_POINT ( 'NONE',  ( 3.926349742413297594, 24.35995461897881853, 1.500000000000000000 ) ) ;
#1667 = ORIENTED_EDGE ( 'NONE', *, *, #2873, .F. ) ;
#1668 = CARTESIAN_POINT ( 'NONE',  ( 13.32730385592881639, 35.27089408179999452, 7.586156972313998992 ) ) ;
#1669 = CARTESIAN_POINT ( 'NONE',  ( 7.051297942607287261, -22.23771907541695469, 2.500000000000000000 ) ) ;
#1670 = CARTESIAN_POINT ( 'NONE',  ( 4.589273173039496001, 28.83762987217696860, 3.499999999999999556 ) ) ;
#1671 = CARTESIAN_POINT ( 'NONE',  ( -5.385612975458230700, 28.17152217661897851, 1.500000000000000222 ) ) ;
#1672 = ORIENTED_EDGE ( 'NONE', *, *, #4131, .F. ) ;
#1673 = VERTEX_POINT ( 'NONE', #5397 ) ;
#1674 = AXIS2_PLACEMENT_3D ( 'NONE', #1447, #2426, #3629 ) ;
#1675 = EDGE_CURVE ( 'NONE', #5391, #3911, #3600, .T. ) ;
#1676 = CARTESIAN_POINT ( 'NONE',  ( -14.94749555500000326, 30.40006096009999936, 2.700000073095998765 ) ) ;
#1677 = DIRECTION ( 'NONE',  ( 0.000000000000000000, 0.000000000000000000, -1.000000000000000000 ) ) ;
#1678 = DIRECTION ( 'NONE',  ( -0.000000000000000000, 1.000000000000000000, -0.000000000000000000 ) ) ;
#1679 = CARTESIAN_POINT ( 'NONE',  ( 24.30000000000000071, 32.79999999999999005, 0.000000000000000000 ) ) ;
#1680 = VECTOR ( 'NONE', #2507, 1000.000000000000000 ) ;
#1681 = CARTESIAN_POINT ( 'NONE',  ( -4.803851725004712137, 29.44150226828705286, 1.500000000000000222 ) ) ;
#1682 = ORIENTED_EDGE ( 'NONE', *, *, #5950, .T. ) ;
#1683 = LINE ( 'NONE', #4987, #2461 ) ;
#1684 = EDGE_CURVE ( 'NONE', #3658, #6636, #3916, .T. ) ;
#1685 = CARTESIAN_POINT ( 'NONE',  ( 16.34749555500000184, -30.40006096009999936, 13.33102500000000035 ) ) ;
#1686 = PLANE ( 'NONE',  #1222 ) ;
#1687 = VECTOR ( 'NONE', #705, 1000.000000000000000 ) ;
#1688 = EDGE_LOOP ( 'NONE', ( #1119, #284, #2379, #102 ) ) ;
#1689 = VERTEX_POINT ( 'NONE', #5309 ) ;
#1690 = ORIENTED_EDGE ( 'NONE', *, *, #4280, .F. ) ;
#1691 = CARTESIAN_POINT ( 'NONE',  ( 3.206543053095936457, 27.03837947678106701, 4.500000000000000888 ) ) ;
#1692 = EDGE_CURVE ( 'NONE', #822, #6293, #2147, .T. ) ;
#1693 = VECTOR ( 'NONE', #5125, 1000.000000000000000 ) ;
#1694 = EDGE_CURVE ( 'NONE', #4086, #5730, #5871, .T. ) ;
#1695 = DIRECTION ( 'NONE',  ( -1.000000000000000000, 0.000000000000000000, 0.000000000000000000 ) ) ;
#1696 = CARTESIAN_POINT ( 'NONE',  ( -9.406784811616525133, 24.84694095427736116, 3.500000000000000888 ) ) ;
#1697 = LINE ( 'NONE', #2150, #6659 ) ;
#1698 = CARTESIAN_POINT ( 'NONE',  ( 12.08267970536993374, 27.33290378805510912, 3.500000000000001332 ) ) ;
#1699 = ORIENTED_EDGE ( 'NONE', *, *, #5900, .T. ) ;
#1700 = VERTEX_POINT ( 'NONE', #6561 ) ;
#1701 = CARTESIAN_POINT ( 'NONE',  ( -1.169593599177062737, 26.74385517199781859, 3.500000000000000000 ) ) ;
#1702 = CARTESIAN_POINT ( 'NONE',  ( 5.956543053095937346, 27.39835362707134436, 1.500000000000000000 ) ) ;
#1703 = EDGE_LOOP ( 'NONE', ( #6497, #120, #3167, #3645 ) ) ;
#1704 = ADVANCED_FACE ( 'NONE', ( #1863, #683 ), #6074, .T. ) ;
#1705 = CARTESIAN_POINT ( 'NONE',  ( 10.42161245117445212, 24.84694095676121250, 1.499999999999843903 ) ) ;
#1706 = ORIENTED_EDGE ( 'NONE', *, *, #6135, .F. ) ;
#1707 = CARTESIAN_POINT ( 'NONE',  ( 9.538155400586823873, 24.78837947678106701, 3.500000000000000000 ) ) ;
#1708 = CARTESIAN_POINT ( 'NONE',  ( 3.795475792904317025, 29.22981799928477642, 3.499999999999999556 ) ) ;
#1709 = B_SPLINE_CURVE_WITH_KNOTS ( 'NONE', 3,
 ( #3163, #6355, #19, #5833, #5173, #460, #1501, #3103, #2593, #82, #2717, #843, #5903, #3308, #2175, #1316, #1115, #6585 ),
 .UNSPECIFIED., .F., .F.,
 ( 4, 2, 2, 2, 2, 2, 2, 2, 4 ),
 ( 0.000000000000000000, 0.06249999999999998612, 0.1249999999999999722, 0.1874999999999999722, 0.2500000000000000000, 0.3125000000000000555, 0.3750000000000000000, 0.4375000000000000000, 0.5000000000000000000 ),
 .UNSPECIFIED. ) ;
#1710 = VECTOR ( 'NONE', #2587, 1000.000000000000000 ) ;
#1711 = ORIENTED_EDGE ( 'NONE', *, *, #3890, .T. ) ;
#1712 = AXIS2_PLACEMENT_3D ( 'NONE', #5927, #6560, #1229 ) ;
#1713 = VERTEX_POINT ( 'NONE', #4425 ) ;
#1714 = PLANE ( 'NONE',  #5588 ) ;
#1715 = ORIENTED_EDGE ( 'NONE', *, *, #4375, .F. ) ;
#1716 = CARTESIAN_POINT ( 'NONE',  ( -1.228155079157242424, 26.44944673097604593, 3.500000000000000000 ) ) ;
#1717 = ORIENTED_EDGE ( 'NONE', *, *, #1833, .F. ) ;
#1718 = CARTESIAN_POINT ( 'NONE',  ( -22.77465836930000265, 0.000000000000000000, 6.000000000000000000 ) ) ;
#1719 = CARTESIAN_POINT ( 'NONE',  ( -7.745717551424907477, 26.74385517199781503, 1.500000000000000000 ) ) ;
#1720 = CARTESIAN_POINT ( 'NONE',  ( 7.633595894384655800, 28.72838296232147570, 1.500000000000000000 ) ) ;
#1721 = CARTESIAN_POINT ( 'NONE',  ( -9.995717551424906588, 27.03837947678106701, -0.0009999999999999158867 ) ) ;
#1722 = LINE ( 'NONE', #734, #679 ) ;
#1723 = VERTEX_POINT ( 'NONE', #2250 ) ;
#1724 = CARTESIAN_POINT ( 'NONE',  ( 0.9565430530959354583, 26.74385517199782569, 3.500000000000000000 ) ) ;
#1725 = ORIENTED_EDGE ( 'NONE', *, *, #5219, .F. ) ;
#1726 = DIRECTION ( 'NONE',  ( -0.000000000000000000, -0.000000000000000000, 1.000000000000000000 ) ) ;
#1727 = UNCERTAINTY_MEASURE_WITH_UNIT (LENGTH_MEASURE( 1.000000000000000082E-05 ), #3345, 'distance_accuracy_value', 'NONE');
#1728 = ORIENTED_EDGE ( 'NONE', *, *, #5351, .T. ) ;
#1729 = ORIENTED_EDGE ( 'NONE', *, *, #3882, .F. ) ;
#1730 = CC_DESIGN_PERSON_AND_ORGANIZATION_ASSIGNMENT ( #3595, #1519, ( #2390 ) ) ;
#1731 = CARTESIAN_POINT ( 'NONE',  ( -5.669593599177066068, 27.03837947678106346, 1.500000000000000000 ) ) ;
#1732 = CARTESIAN_POINT ( 'NONE',  ( -17.94749555500000326, -30.40006096009999936, 13.33102500000000035 ) ) ;
#1733 = DIRECTION ( 'NONE',  ( -1.000000000000000000, 0.000000000000000000, 0.000000000000000000 ) ) ;
#1734 = FACE_OUTER_BOUND ( 'NONE', #5257, .T. ) ;
#1735 = VERTEX_POINT ( 'NONE', #6446 ) ;
#1736 = ORIENTED_EDGE ( 'NONE', *, *, #4643, .F. ) ;
#1737 = EDGE_CURVE ( 'NONE', #2411, #4408, #5928, .T. ) ;
#1738 = VECTOR ( 'NONE', #6010, 1000.000000000000000 ) ;
#1739 = DIRECTION ( 'NONE',  ( -1.000000000000000000, 0.000000000000000000, 0.000000000000000000 ) ) ;
#1740 = VECTOR ( 'NONE', #2419, 1000.000000000000000 ) ;
#1741 = LINE ( 'NONE', #3346, #1855 ) ;
#1742 = LINE ( 'NONE', #1228, #3782 ) ;
#1743 = CARTESIAN_POINT ( 'NONE',  ( -13.34272399793517572, 35.27089408179999452, 7.586156972313995439 ) ) ;
#1744 = PLANE ( 'NONE',  #5108 ) ;
#1745 = ORIENTED_EDGE ( 'NONE', *, *, #6205, .F. ) ;
#1746 = ORIENTED_EDGE ( 'NONE', *, *, #5524, .T. ) ;
#1747 = FACE_BOUND ( 'NONE', #3956, .T. ) ;
#1748 = EDGE_CURVE ( 'NONE', #6620, #6651, #5218, .T. ) ;
#1749 = CARTESIAN_POINT ( 'NONE',  ( -4.008526344982122680, 29.22981799680087178, 3.500000000000000000 ) ) ;
#1750 = AXIS2_PLACEMENT_3D ( 'NONE', #3196, #5306, #4924 ) ;
#1751 = VERTEX_POINT ( 'NONE', #5473 ) ;
#1752 = CARTESIAN_POINT ( 'NONE',  ( -14.44749555499999971, -34.77084328169999594, 13.33000000000000007 ) ) ;
#1753 = CARTESIAN_POINT ( 'NONE',  ( 5.229669765516815616, -36.80100000000001614, 10.84615707131399809 ) ) ;
#1754 = CARTESIAN_POINT ( 'NONE',  ( 8.699537005532167910, 25.07236010050074881, 1.500000000000000888 ) ) ;
#1755 = CARTESIAN_POINT ( 'NONE',  ( 1.956543053095935569, 27.03837947678106701, 4.500000000000000888 ) ) ;
#1756 = CARTESIAN_POINT ( 'NONE',  ( 10.12720401015304184, 24.78837947678106701, 3.500000000000000000 ) ) ;
#1757 = ADVANCED_FACE ( 'NONE', ( #741 ), #4457, .T. ) ;
#1758 = ORIENTED_EDGE ( 'NONE', *, *, #4997, .T. ) ;
#1759 = VECTOR ( 'NONE', #3990, 1000.000000000000000 ) ;
#1760 = CARTESIAN_POINT ( 'NONE',  ( -3.125069294393722164, 24.78837947678106701, 3.500000000000000000 ) ) ;
#1761 = AXIS2_PLACEMENT_3D ( 'NONE', #307, #3519, #6693 ) ;
#1762 = B_SPLINE_CURVE_WITH_KNOTS ( 'NONE', 3,
 ( #4367, #1698, #4332, #2833, #5932, #1661, #5874, #4426, #1267, #3270, #5905, #2177, #2798, #5369, #1187, #3310, #6486, #6448 ),
 .UNSPECIFIED., .F., .F.,
 ( 4, 2, 2, 2, 2, 2, 2, 2, 4 ),
 ( 0.5000000000000000000, 0.5625000000000000000, 0.6250000000000000000, 0.6875000000000000000, 0.7500000000000000000, 0.8125000000000000000, 0.8749999999999998890, 0.9374999999999998890, 1.000000000000000000 ),
 .UNSPECIFIED. ) ;
#1763 = CARTESIAN_POINT ( 'NONE',  ( 8.142676219829194650, 29.23746328776664072, 1.500000000000000000 ) ) ;
#1764 = CARTESIAN_POINT ( 'NONE',  ( 18.69002286095545529, -34.98084328169999679, 0.5000000000000000000 ) ) ;
#1765 = CARTESIAN_POINT ( 'NONE',  ( 18.69002286007999558, 31.18628397257998941, 13.33000000000000007 ) ) ;
#1766 = ORIENTED_EDGE ( 'NONE', *, *, #3591, .T. ) ;
#1767 = DIRECTION ( 'NONE',  ( -0.000000000000000000, -0.000000000000000000, -1.000000000000000000 ) ) ;
#1768 = VERTEX_POINT ( 'NONE', #5556 ) ;
#1769 = CARTESIAN_POINT ( 'NONE',  ( -14.94749555500000326, -30.40006096009999936, 1.500000000000000000 ) ) ;
#1770 = CARTESIAN_POINT ( 'NONE',  ( 12.08267970536993197, 27.33290378156492295, 1.500000000000000444 ) ) ;
#1771 = CARTESIAN_POINT ( 'NONE',  ( -6.169593599177066956, 27.03837947678106701, 1.500000000000000000 ) ) ;
#1772 = DIRECTION ( 'NONE',  ( -0.000000000000000000, -0.000000000000000000, 1.000000000000000000 ) ) ;
#1773 = CIRCLE ( 'NONE', #3797, 1.600000000000000755 ) ;
#1774 = VECTOR ( 'NONE', #3993, 1000.000000000000000 ) ;
#1775 = ORIENTED_EDGE ( 'NONE', *, *, #5953, .T. ) ;
#1776 = VERTEX_POINT ( 'NONE', #2515 ) ;
#1777 = ORIENTED_EDGE ( 'NONE', *, *, #1154, .F. ) ;
#1778 = ADVANCED_FACE ( 'NONE', ( #4592 ), #5627, .F. ) ;
#1779 = FACE_OUTER_BOUND ( 'NONE', #1198, .T. ) ;
#1780 = CARTESIAN_POINT ( 'NONE',  ( 6.179669765516815794, -36.80100000000001614, 9.896157071313998799 ) ) ;
#1781 = CARTESIAN_POINT ( 'NONE',  ( 3.795475798901239095, 29.22981799680085402, 1.500000000000156097 ) ) ;
#1782 = LINE ( 'NONE', #1273, #398 ) ;
#1783 = VECTOR ( 'NONE', #1836, 1000.000000000000000 ) ;
#1784 = MANIFOLD_SOLID_BREP ( '凸台-拉伸12', #5331 ) ;
#1785 = CARTESIAN_POINT ( 'NONE',  ( -20.30000000000000071, 32.79999999999999005, 1.500000000000000000 ) ) ;
#1786 = CARTESIAN_POINT ( 'NONE',  ( 12.08267970536993197, 26.74385517199718976, 1.500000000000000444 ) ) ;
#1787 = DIRECTION ( 'NONE',  ( -1.000000000000000000, 1.000588041250928008E-15, 0.000000000000000000 ) ) ;
#1788 = VECTOR ( 'NONE', #5700, 1000.000000000000000 ) ;
#1789 = ORIENTED_EDGE ( 'NONE', *, *, #2912, .F. ) ;
#1790 = CIRCLE ( 'NONE', #5639, 0.5000000000000004441 ) ;
#1791 = CARTESIAN_POINT ( 'NONE',  ( -1.169593599177061405, 27.33290378156430123, 3.500000000000000000 ) ) ;
#1792 = EDGE_CURVE ( 'NONE', #4333, #3883, #5857, .T. ) ;
#1793 = ADVANCED_FACE ( 'NONE', ( #3064 ), #5136, .F. ) ;
#1794 = CARTESIAN_POINT ( 'NONE',  ( -22.61214465342765934, 23.67963109659307364, 3.500000000000000000 ) ) ;
#1795 = DIRECTION ( 'NONE',  ( 0.000000000000000000, 0.000000000000000000, -1.000000000000000000 ) ) ;
#1796 = CARTESIAN_POINT ( 'NONE',  ( 13.21966983318281663, -36.30000000000000426, 8.636157047397997388 ) ) ;
#1797 = AXIS2_PLACEMENT_3D ( 'NONE', #4530, #6083, #350 ) ;
#1798 = DIRECTION ( 'NONE',  ( -0.000000000000000000, -0.000000000000000000, -1.000000000000000000 ) ) ;
#1799 = CARTESIAN_POINT ( 'NONE',  ( -3.059619448886330417, 24.28837947678106346, 1.500000000000000000 ) ) ;
#1800 = DIRECTION ( 'NONE',  ( -0.000000000000000000, -0.000000000000000000, 1.000000000000000000 ) ) ;
#1801 = CARTESIAN_POINT ( 'NONE',  ( -2.749305308601172726, 36.80100000000001614, 1.740000000223998144 ) ) ;
#1802 = VERTEX_POINT ( 'NONE', #340 ) ;
#1803 = DIRECTION ( 'NONE',  ( 2.781230391307005911E-16, 1.000000000000000000, -0.000000000000000000 ) ) ;
#1804 = CARTESIAN_POINT ( 'NONE',  ( 7.582679705369938183, 26.74385517199781859, 1.500000000000000000 ) ) ;
#1805 = CARTESIAN_POINT ( 'NONE',  ( -5.216723393457485258, -22.23771907541695469, 1.500000000000000000 ) ) ;
#1806 = CARTESIAN_POINT ( 'NONE',  ( -19.54749555500000113, 30.40006096009999936, 6.000000000000000000 ) ) ;
#1807 = DIRECTION ( 'NONE',  ( -0.000000000000000000, -0.000000000000000000, -1.000000000000000000 ) ) ;
#1808 = ADVANCED_FACE ( 'NONE', ( #4557 ), #6634, .F. ) ;
#1809 = AXIS2_PLACEMENT_3D ( 'NONE', #1780, #5474, #2868 ) ;
#1810 = PLANE ( 'NONE',  #121 ) ;
#1811 = CYLINDRICAL_SURFACE ( 'NONE', #238, 2.200000000000000622 ) ;
#1812 = CARTESIAN_POINT ( 'NONE',  ( -7.317634821840517390, 26.31793336257352323, 1.500000000000000222 ) ) ;
#1813 = CARTESIAN_POINT ( 'NONE',  ( 12.08267970536993197, 27.33290378156492295, 1.500000000000000444 ) ) ;
#1814 = CYLINDRICAL_SURFACE ( 'NONE', #2163, 4.084607569215005896 ) ;
#1815 = CARTESIAN_POINT ( 'NONE',  ( 1.015104533076122806, 26.44944673097624488, 1.500000000000000000 ) ) ;
#1816 = EDGE_CURVE ( 'NONE', #4938, #1989, #4225, .T. ) ;
#1817 = ORIENTED_EDGE ( 'NONE', *, *, #3708, .F. ) ;
#1818 = CARTESIAN_POINT ( 'NONE',  ( -1.387358394700001885, -36.30000000000000426, 13.32999999999999829 ) ) ;
#1819 = LINE ( 'NONE', #298, #5189 ) ;
#1820 = CARTESIAN_POINT ( 'NONE',  ( 18.69002285999978596, 34.98089408179999538, 0.5000000000000000000 ) ) ;
#1821 = CARTESIAN_POINT ( 'NONE',  ( 18.69005080008499675, -31.18628651258499573, 6.000000000000000000 ) ) ;
#1822 = VECTOR ( 'NONE', #6183, 1000.000000000000000 ) ;
#1823 = VERTEX_POINT ( 'NONE', #109 ) ;
#1824 = EDGE_CURVE ( 'NONE', #1190, #2251, #4295, .T. ) ;
#1825 = CARTESIAN_POINT ( 'NONE',  ( -18.69005080008999897, -31.18623571248999227, 13.33000000000000007 ) ) ;
#1826 = EDGE_LOOP ( 'NONE', ( #6149, #4030, #3723, #1078 ) ) ;
#1827 = CARTESIAN_POINT ( 'NONE',  ( 6.179669765516815794, -35.27084328170000305, 7.686157047397998099 ) ) ;
#1828 = FACE_OUTER_BOUND ( 'NONE', #2789, .T. ) ;
#1829 = DIRECTION ( 'NONE',  ( -1.000000000000000000, 0.000000000000000000, 0.000000000000000000 ) ) ;
#1830 = ORIENTED_EDGE ( 'NONE', *, *, #4642, .F. ) ;
#1831 = DIRECTION ( 'NONE',  ( 0.000000000000000000, 0.000000000000000000, 1.000000000000000000 ) ) ;
#1832 = DIRECTION ( 'NONE',  ( 0.000000000000000000, 0.000000000000000000, -1.000000000000000000 ) ) ;
#1833 = EDGE_CURVE ( 'NONE', #4864, #2674, #2169, .T. ) ;
#1834 = VERTEX_POINT ( 'NONE', #184 ) ;
#1835 = EDGE_CURVE ( 'NONE', #6403, #4884, #144, .T. ) ;
#1836 = DIRECTION ( 'NONE',  ( 1.000000000000000000, -0.000000000000000000, 0.000000000000000000 ) ) ;
#1837 = PLANE ( 'NONE',  #4705 ) ;
#1838 = PLANE ( 'NONE',  #3439 ) ;
#1839 = EDGE_LOOP ( 'NONE', ( #5432, #1181, #146, #3282 ) ) ;
#1840 = AXIS2_PLACEMENT_3D ( 'NONE', #4869, #1637, #6426 ) ;
#1841 = CARTESIAN_POINT ( 'NONE',  ( 5.456543053095937346, 27.33290378156430123, 1.500000000000000000 ) ) ;
#1842 = DIRECTION ( 'NONE',  ( -0.000000000000000000, -0.000000000000000000, 1.000000000000000000 ) ) ;
#1843 = CARTESIAN_POINT ( 'NONE',  ( 8.449949580837358809, 25.23912908597510807, 1.499999999999921840 ) ) ;
#1844 = FACE_BOUND ( 'NONE', #3124, .T. ) ;
#1845 = EDGE_LOOP ( 'NONE', ( #1025, #2751, #3302, #4751, #6653, #878, #3796, #4056, #5141, #2474, #1383, #5723, #1663, #1932, #3453, #6336, #2115, #4906 ) ) ;
#1846 = CARTESIAN_POINT ( 'NONE',  ( -19.99999999999999645, -36.80000000000000426, 0.000000000000000000 ) ) ;
#1847 = FACE_OUTER_BOUND ( 'NONE', #4260, .T. ) ;
#1848 = LINE ( 'NONE', #4002, #5682 ) ;
#1849 = LINE ( 'NONE', #868, #6541 ) ;
#1850 = CARTESIAN_POINT ( 'NONE',  ( 5.229669765516815616, -35.27084328170000305, 8.636157047397997388 ) ) ;
#1851 = ADVANCED_FACE ( 'NONE', ( #2356 ), #1256, .F. ) ;
#1852 = EDGE_LOOP ( 'NONE', ( #5096, #2992, #434, #4249 ) ) ;
#1853 = ORIENTED_EDGE ( 'NONE', *, *, #6377, .F. ) ;
#1854 = DATE_TIME_ROLE ( 'classification_date' ) ;
#1855 = VECTOR ( 'NONE', #189, 1000.000000000000000 ) ;
#1856 = CARTESIAN_POINT ( 'NONE',  ( 18.71863864664112143, -5.051552139902916849, 3.499999999999984901 ) ) ;
#1857 = CARTESIAN_POINT ( 'NONE',  ( -1.453574222895821944, 28.17152217661898206, 1.500000000000077938 ) ) ;
#1858 = CARTESIAN_POINT ( 'NONE',  ( -1.482712725396524656, -27.57172974345886729, 0.5000000000000000000 ) ) ;
#1859 = EDGE_CURVE ( 'NONE', #6378, #3471, #1242, .T. ) ;
#1860 = ORIENTED_EDGE ( 'NONE', *, *, #4155, .T. ) ;
#1861 = PLANE ( 'NONE',  #2565 ) ;
#1862 = LINE ( 'NONE', #2928, #6692 ) ;
#1863 = FACE_OUTER_BOUND ( 'NONE', #6252, .T. ) ;
#1864 = ADVANCED_FACE ( 'NONE', ( #5429 ), #217, .F. ) ;
#1865 = DIRECTION ( 'NONE',  ( 1.000000000000000000, -0.000000000000000000, 0.000000000000000000 ) ) ;
#1866 = EDGE_CURVE ( 'NONE', #753, #1362, #3947, .T. ) ;
#1867 = AXIS2_PLACEMENT_3D ( 'NONE', #2144, #1226, #2825 ) ;
#1868 = CARTESIAN_POINT ( 'NONE',  ( 13.32730385592881639, 36.80100000000001614, 7.586156972313998992 ) ) ;
#1869 = CARTESIAN_POINT ( 'NONE',  ( -20.14749555500000255, 30.40006096009999936, 12.22253967444162015 ) ) ;
#1870 = ORIENTED_EDGE ( 'NONE', *, *, #5017, .F. ) ;
#1871 = DIRECTION ( 'NONE',  ( -1.856308247812544131E-16, -1.000000000000000000, -0.000000000000000000 ) ) ;
#1872 = CARTESIAN_POINT ( 'NONE',  ( -14.81000000000000760, 21.00000000000000000, 0.5000000000000000000 ) ) ;
#1873 = DIRECTION ( 'NONE',  ( -1.000000000000000000, 0.000000000000000000, 0.000000000000000000 ) ) ;
#1874 = CARTESIAN_POINT ( 'NONE',  ( 17.94749555500000326, 30.40006096009999936, 6.000000000000000000 ) ) ;
#1875 = CARTESIAN_POINT ( 'NONE',  ( -7.745717551424906588, 27.03837947678106346, 3.500000000000000000 ) ) ;
#1876 = PLANE ( 'NONE',  #4918 ) ;
#1877 = LINE ( 'NONE', #2526, #2664 ) ;
#1878 = EDGE_LOOP ( 'NONE', ( #1963, #4364, #994, #1715 ) ) ;
#1879 = VECTOR ( 'NONE', #2944, 1000.000000000000000 ) ;
#1880 = CARTESIAN_POINT ( 'NONE',  ( 22.27463296930000070, 26.90006096009999936, 13.33000000000000007 ) ) ;
#1881 = CARTESIAN_POINT ( 'NONE',  ( -12.19480136241050161, 28.72838296232148636, 1.500000000000000000 ) ) ;
#1882 = CARTESIAN_POINT ( 'NONE',  ( -14.38735839469999789, -35.27084328170000305, 7.386156972313998814 ) ) ;
#1883 = CARTESIAN_POINT ( 'NONE',  ( -8.862574851587016411, 29.00439885306203536, 3.500000000000000000 ) ) ;
#1884 = CARTESIAN_POINT ( 'NONE',  ( 5.405626864081209071, 28.72838296232212230, 1.500000000000000000 ) ) ;
#1885 = CIRCLE ( 'NONE', #1454, 1.100000000000000311 ) ;
#1886 = ORIENTED_EDGE ( 'NONE', *, *, #5497, .T. ) ;
#1887 = CIRCLE ( 'NONE', #5000, 1.599999999980955767 ) ;
#1888 = CARTESIAN_POINT ( 'NONE',  ( 7.574310647399825847, 35.27089408179999452, 5.999999999999998224 ) ) ;
#1889 = CARTESIAN_POINT ( 'NONE',  ( -14.38735839470000144, -35.27084328170000305, 13.33000000000000007 ) ) ;
#1890 = ADVANCED_FACE ( 'NONE', ( #4111 ), #2470, .F. ) ;
#1891 = CARTESIAN_POINT ( 'NONE',  ( 5.956543053095937346, 27.03837947678105991, 1.500000000000000000 ) ) ;
#1892 = FACE_OUTER_BOUND ( 'NONE', #1635, .T. ) ;
#1893 = EDGE_LOOP ( 'NONE', ( #1972, #6685 ) ) ;
#1894 = ORIENTED_EDGE ( 'NONE', *, *, #6640, .T. ) ;
#1895 = EDGE_LOOP ( 'NONE', ( #3594, #1746, #2394, #783, #3764, #2914, #6401, #3352 ) ) ;
#1896 = CARTESIAN_POINT ( 'NONE',  ( 22.77463296930000070, 31.18628397259999829, 1.500000000000000000 ) ) ;
#1897 = DIRECTION ( 'NONE',  ( -0.000000000000000000, -0.000000000000000000, 1.000000000000000000 ) ) ;
#1898 = EDGE_CURVE ( 'NONE', #6781, #5955, #6072, .T. ) ;
#1899 = ORIENTED_EDGE ( 'NONE', *, *, #5460, .F. ) ;
#1900 = CARTESIAN_POINT ( 'NONE',  ( 8.449949580836756624, 28.83762986758734570, 3.500000000000000000 ) ) ;
#1901 = LINE ( 'NONE', #6112, #4459 ) ;
#1902 = CARTESIAN_POINT ( 'NONE',  ( -9.701193246641798495, 24.78837947678106701, 3.500000000000000000 ) ) ;
#1903 = CARTESIAN_POINT ( 'NONE',  ( -17.01000000000000867, 21.00000000000000000, 5.611269837220810075 ) ) ;
#1904 = PLANE ( 'NONE',  #6491 ) ;
#1905 = DIRECTION ( 'NONE',  ( -1.000000000000000000, 0.000000000000000000, 0.000000000000000000 ) ) ;
#1906 = CARTESIAN_POINT ( 'NONE',  ( 5.456543053095937346, 27.33290378156430123, 3.500000000000000000 ) ) ;
#1907 = DIRECTION ( 'NONE',  ( 0.000000000000000000, 0.000000000000000000, 1.000000000000000000 ) ) ;
#1908 = EDGE_CURVE ( 'NONE', #1099, #366, #1487, .T. ) ;
#1909 = AXIS2_PLACEMENT_3D ( 'NONE', #5507, #1342, #6094 ) ;
#1910 = DIRECTION ( 'NONE',  ( -1.000000000000000000, 0.000000000000000000, 0.000000000000000000 ) ) ;
#1911 = CARTESIAN_POINT ( 'NONE',  ( -24.30000000000000071, 32.79999999999999005, 0.000000000000000000 ) ) ;
#1912 = DIRECTION ( 'NONE',  ( 1.000000000000000000, 0.000000000000000000, 0.000000000000000000 ) ) ;
#1913 = EDGE_LOOP ( 'NONE', ( #3094, #4554, #2580, #3509 ) ) ;
#1914 = DIRECTION ( 'NONE',  ( -1.000000000000000000, 0.000000000000000000, 0.000000000000000000 ) ) ;
#1915 = ORIENTED_EDGE ( 'NONE', *, *, #1898, .T. ) ;
#1916 = AXIS2_PLACEMENT_3D ( 'NONE', #345, #892, #6564 ) ;
#1917 = ADVANCED_FACE ( 'NONE', ( #2575 ), #5581, .F. ) ;
#1918 = ORIENTED_EDGE ( 'NONE', *, *, #5219, .T. ) ;
#1919 = DIRECTION ( 'NONE',  ( -0.000000000000000000, 1.000000000000000000, -0.000000000000000000 ) ) ;
#1920 = DIRECTION ( 'NONE',  ( 0.000000000000000000, -1.000000000000000000, 0.000000000000000000 ) ) ;
#1921 = VECTOR ( 'NONE', #877, 1000.000000000000000 ) ;
#1922 = DIRECTION ( 'NONE',  ( 0.000000000000000000, 0.000000000000000000, -1.000000000000000000 ) ) ;
#1923 = CARTESIAN_POINT ( 'NONE',  ( -7.592594759922596026, 28.42263760261931438, 1.500000000000000000 ) ) ;
#1924 = LINE ( 'NONE', #870, #1279 ) ;
#1925 = ORIENTED_EDGE ( 'NONE', *, *, #4826, .F. ) ;
#1926 = ORIENTED_EDGE ( 'NONE', *, *, #4541, .T. ) ;
#1927 = DATE_AND_TIME ( #5224, #890 ) ;
#1928 = CARTESIAN_POINT ( 'NONE',  ( -8.196467156028997891, 28.42110959672462656, 3.500000000000000000 ) ) ;
#1929 = CARTESIAN_POINT ( 'NONE',  ( -1.620343208371243904, 28.42110960131471131, 1.499999999999921840 ) ) ;
#1930 = CARTESIAN_POINT ( 'NONE',  ( 5.609665844596297468, 28.42263760262471806, 1.500000000000000222 ) ) ;
#1931 = LINE ( 'NONE', #2576, #2439 ) ;
#1932 = ORIENTED_EDGE ( 'NONE', *, *, #6600, .T. ) ;
#1933 = CYLINDRICAL_SURFACE ( 'NONE', #4549, 4.084608839220205567 ) ;
#1934 = CARTESIAN_POINT ( 'NONE',  ( -14.80999999999999339, -13.49999999999999822, 2.500000000000000000 ) ) ;
#1935 = ORIENTED_EDGE ( 'NONE', *, *, #2378, .F. ) ;
#1936 = DIRECTION ( 'NONE',  ( 0.000000000000000000, -0.000000000000000000, -1.000000000000000000 ) ) ;
#1937 = CARTESIAN_POINT ( 'NONE',  ( -22.77465836929999909, -26.90006096009999936, 1.500000000000000000 ) ) ;
#1938 = CARTESIAN_POINT ( 'NONE',  ( -20.30000000000000071, 32.79999999999999005, 13.33000000000000007 ) ) ;
#1939 = CARTESIAN_POINT ( 'NONE',  ( -8.862574851586888514, 25.07236010050015551, 3.500000000000000000 ) ) ;
#1940 = DIRECTION ( 'NONE',  ( 0.000000000000000000, 0.000000000000000000, 1.000000000000000000 ) ) ;
#1941 = CARTESIAN_POINT ( 'NONE',  ( 4.590801178938759719, 24.63525668528348334, 1.500000000000000222 ) ) ;
#1942 = CARTESIAN_POINT ( 'NONE',  ( 8.448421579528657688, 29.44150226828345751, 1.500000000000000222 ) ) ;
#1943 = ADVANCED_FACE ( 'NONE', ( #5228 ), #5296, .F. ) ;
#1944 = CARTESIAN_POINT ( 'NONE',  ( 3.795475798900829645, 24.84694095676119119, 3.500000000000000000 ) ) ;
#1945 = DIRECTION ( 'NONE',  ( -0.000000000000000000, -0.000000000000000000, -1.000000000000000000 ) ) ;
#1946 = FACE_OUTER_BOUND ( 'NONE', #6608, .T. ) ;
#1947 = CYLINDRICAL_SURFACE ( 'NONE', #1797, 4.084610109220005114 ) ;
#1948 = ADVANCED_FACE ( 'NONE', ( #4176 ), #6783, .F. ) ;
#1949 = DIRECTION ( 'NONE',  ( 0.000000000000000000, 0.000000000000000000, 1.000000000000000000 ) ) ;
#1950 = CARTESIAN_POINT ( 'NONE',  ( -1.228155079157317253, 26.44944673097608145, 1.500000000000000000 ) ) ;
#1951 = EDGE_LOOP ( 'NONE', ( #1580, #309, #2098, #1205 ) ) ;
#1952 = CIRCLE ( 'NONE', #2400, 2.200000000000000622 ) ;
#1953 = DIRECTION ( 'NONE',  ( -0.000000000000000000, 1.000000000000000000, 0.000000000000000000 ) ) ;
#1954 = CARTESIAN_POINT ( 'NONE',  ( -11.96173692770609698, 28.17152217661842073, 3.500000000000000000 ) ) ;
#1955 = CARTESIAN_POINT ( 'NONE',  ( -15.74749555500000042, 30.40006096009999936, 12.22253967444162015 ) ) ;
#1956 = DIRECTION ( 'NONE',  ( -2.602735897939695799E-16, 0.000000000000000000, 1.000000000000000000 ) ) ;
#1957 = FACE_OUTER_BOUND ( 'NONE', #475, .T. ) ;
#1958 = EDGE_CURVE ( 'NONE', #3020, #5583, #5762, .T. ) ;
#1959 = ADVANCED_FACE ( 'NONE', ( #3970 ), #5387, .F. ) ;
#1960 = CARTESIAN_POINT ( 'NONE',  ( 3.501067357879278141, 24.78837947678106701, 3.500000000000000000 ) ) ;
#1961 = VERTEX_POINT ( 'NONE', #3369 ) ;
#1962 = EDGE_LOOP ( 'NONE', ( #5902, #3578, #5315, #5696, #6434, #6306, #2393, #4254, #3007, #6052, #5901, #641, #1517, #3441, #4382, #2504 ) ) ;
#1963 = ORIENTED_EDGE ( 'NONE', *, *, #4971, .F. ) ;
#1964 = CARTESIAN_POINT ( 'NONE',  ( -12.18715607392861955, 27.62731221658944847, 3.500000000000000444 ) ) ;
#1965 = VECTOR ( 'NONE', #3754, 1000.000000000000000 ) ;
#1966 = DIRECTION ( 'NONE',  ( 0.000000000000000000, -1.000000000000000000, 0.000000000000000000 ) ) ;
#1967 = CARTESIAN_POINT ( 'NONE',  ( 1.717287274545469922, -22.23771907541695469, 2.500000000000000000 ) ) ;
#1968 = EDGE_LOOP ( 'NONE', ( #375, #4141 ) ) ;
#1969 = ORIENTED_EDGE ( 'NONE', *, *, #6225, .F. ) ;
#1970 = DIRECTION ( 'NONE',  ( -1.000000000000000000, 0.000000000000000000, 0.000000000000000000 ) ) ;
#1971 = EDGE_LOOP ( 'NONE', ( #6512, #2306, #3468, #1915 ) ) ;
#1972 = ORIENTED_EDGE ( 'NONE', *, *, #2433, .T. ) ;
#1973 = DIRECTION ( 'NONE',  ( 0.000000000000000000, 0.000000000000000000, 1.000000000000000000 ) ) ;
#1974 = DIRECTION ( 'NONE',  ( 0.000000000000000000, 0.000000000000000000, -1.000000000000000000 ) ) ;
#1975 = CARTESIAN_POINT ( 'NONE',  ( -17.94749555500000326, 27.40006096009999936, 1.500000000000000000 ) ) ;
#1976 = CARTESIAN_POINT ( 'NONE',  ( -13.34272399793517572, 36.80100000000001614, 7.586156972313995439 ) ) ;
#1977 = LINE ( 'NONE', #851, #2265 ) ;
#1978 = EDGE_LOOP ( 'NONE', ( #3618, #4985, #3780, #6179 ) ) ;
#1979 = VECTOR ( 'NONE', #2207, 1000.000000000000000 ) ;
#1980 = DIRECTION ( 'NONE',  ( 0.000000000000000000, -0.000000000000000000, -1.000000000000000000 ) ) ;
#1981 = VERTEX_POINT ( 'NONE', #4875 ) ;
#1982 = ORIENTED_EDGE ( 'NONE', *, *, #3490, .F. ) ;
#1983 = CARTESIAN_POINT ( 'NONE',  ( -20.30000000000000071, 36.79999999999999005, 1.500000000000000000 ) ) ;
#1984 = CARTESIAN_POINT ( 'NONE',  ( 12.08267970536993197, 27.03837947678105635, 3.500000000000000000 ) ) ;
#1985 = EDGE_CURVE ( 'NONE', #6627, #167, #133, .T. ) ;
#1986 = CIRCLE ( 'NONE', #784, 0.5000000000000004441 ) ;
#1987 = CARTESIAN_POINT ( 'NONE',  ( -14.44749555499999971, 34.77089408180000163, 2.700000073095999209 ) ) ;
#1988 = DIRECTION ( 'NONE',  ( -0.000000000000000000, -0.000000000000000000, 1.000000000000000000 ) ) ;
#1989 = VERTEX_POINT ( 'NONE', #4377 ) ;
#1990 = DIRECTION ( 'NONE',  ( 1.000000000000000000, 0.000000000000000000, 0.000000000000000000 ) ) ;
#1991 = VECTOR ( 'NONE', #5798, 1000.000000000000000 ) ;
#1992 = ORIENTED_EDGE ( 'NONE', *, *, #2866, .T. ) ;
#1993 = DIRECTION ( 'NONE',  ( 1.000000000000000000, -0.000000000000000000, 1.224646799147359124E-16 ) ) ;
#1994 = EDGE_CURVE ( 'NONE', #3852, #1989, #2271, .T. ) ;
#1995 = CARTESIAN_POINT ( 'NONE',  ( -9.635743401134407193, 24.28837947678106346, 1.500000000000000000 ) ) ;
#1996 = VERTEX_POINT ( 'NONE', #2852 ) ;
#1997 = CARTESIAN_POINT ( 'NONE',  ( 14.44749555500000149, 35.27089408179999452, 1.500000000000000000 ) ) ;
#1998 = CARTESIAN_POINT ( 'NONE',  ( -17.94749555500000326, -30.40006096009999936, 12.22253967444162015 ) ) ;
#1999 = ADVANCED_FACE ( 'NONE', ( #210, #2303 ), #763, .T. ) ;
#2000 = ADVANCED_FACE ( 'NONE', ( #399 ), #6199, .F. ) ;
#2001 = CARTESIAN_POINT ( 'NONE',  ( 3.926989167301089267, 29.71646220636836944, 1.500000000000000222 ) ) ;
#2002 = CARTESIAN_POINT ( 'NONE',  ( -17.77167255468864937, -10.07206139838245562, 5.179046048786841716 ) ) ;
#2003 = DIRECTION ( 'NONE',  ( -0.000000000000000000, -0.000000000000000000, -1.000000000000000000 ) ) ;
#2004 = AXIS2_PLACEMENT_3D ( 'NONE', #5653, #5790, #2738 ) ;
#2005 = CARTESIAN_POINT ( 'NONE',  ( 20.00000000000000000, 36.79999999999999005, 13.32999999999999297 ) ) ;
#2006 = ORIENTED_EDGE ( 'NONE', *, *, #3899, .F. ) ;
#2007 = CIRCLE ( 'NONE', #6519, 1.250000000000001998 ) ;
#2008 = AXIS2_PLACEMENT_3D ( 'NONE', #1976, #4081, #2043 ) ;
#2009 = CARTESIAN_POINT ( 'NONE',  ( -11.24571755142490659, 27.03837947678106701, 0.5000000000000000000 ) ) ;
#2010 = LINE ( 'NONE', #3682, #301 ) ;
#2011 = CIRCLE ( 'NONE', #6644, 0.5000000000000004441 ) ;
#2012 = DIRECTION ( 'NONE',  ( -1.000000000000000000, 0.000000000000000000, 0.000000000000000000 ) ) ;
#2013 = ORIENTED_EDGE ( 'NONE', *, *, #2047, .T. ) ;
#2014 = CARTESIAN_POINT ( 'NONE',  ( 7.641241185350333254, 27.62731222258659969, 3.500000000000000000 ) ) ;
#2015 = DIRECTION ( 'NONE',  ( -1.000000000000000000, 0.000000000000000000, 0.000000000000000000 ) ) ;
#2016 = FACE_OUTER_BOUND ( 'NONE', #4646, .T. ) ;
#2017 = AXIS2_PLACEMENT_3D ( 'NONE', #4686, #511, #2072 ) ;
#2018 = ORIENTED_EDGE ( 'NONE', *, *, #1653, .T. ) ;
#2019 = ORIENTED_EDGE ( 'NONE', *, *, #199, .F. ) ;
#2020 = EDGE_CURVE ( 'NONE', #1776, #5027, #6132, .T. ) ;
#2021 = ORIENTED_EDGE ( 'NONE', *, *, #3781, .F. ) ;
#2022 = ORIENTED_EDGE ( 'NONE', *, *, #3363, .T. ) ;
#2023 = ORIENTED_EDGE ( 'NONE', *, *, #610, .F. ) ;
#2024 = CARTESIAN_POINT ( 'NONE',  ( -9.406784805620013401, 24.84694095676119119, 3.500000000000000000 ) ) ;
#2025 = VECTOR ( 'NONE', #5037, 1000.000000000000000 ) ;
#2026 = ADVANCED_FACE ( 'NONE', ( #6674 ), #3014, .T. ) ;
#2027 = CARTESIAN_POINT ( 'NONE',  ( -6.169593599177066956, 26.67840532649016083, 1.500000000000000000 ) ) ;
#2028 = ORIENTED_EDGE ( 'NONE', *, *, #2159, .F. ) ;
#2029 = DIRECTION ( 'NONE',  ( -0.000000000000000000, -0.000000000000000000, 1.000000000000000000 ) ) ;
#2030 = B_SPLINE_CURVE_WITH_KNOTS ( 'NONE', 3,
 ( #4648, #4104, #5156, #443, #1928, #1407, #6136, #3549, #3053, #2467, #4147, #6712, #5617, #6170, #1443, #1964, #910, #6652 ),
 .UNSPECIFIED., .F., .F.,
 ( 4, 2, 2, 2, 2, 2, 2, 2, 4 ),
 ( 0.5000000000000000000, 0.5625000000000000000, 0.6250000000000000000, 0.6875000000000000000, 0.7500000000000000000, 0.8125000000000000000, 0.8750000000000000000, 0.9375000000000000000, 1.000000000000000000 ),
 .UNSPECIFIED. ) ;
#2031 = AXIS2_PLACEMENT_3D ( 'NONE', #1127, #5944, #5912 ) ;
#2032 = ORIENTED_EDGE ( 'NONE', *, *, #587, .F. ) ;
#2033 = CARTESIAN_POINT ( 'NONE',  ( -4.008526344981891754, 24.84694095676121250, 1.499999999999843903 ) ) ;
#2034 = CARTESIAN_POINT ( 'NONE',  ( -15.91000000000000725, 21.00000000000000000, 0.5000000000000000000 ) ) ;
#2035 = DIRECTION ( 'NONE',  ( -0.000000000000000000, 0.000000000000000000, -1.000000000000000000 ) ) ;
#2036 = DIRECTION ( 'NONE',  ( -0.000000000000000000, -0.000000000000000000, -1.000000000000000000 ) ) ;
#2037 = CARTESIAN_POINT ( 'NONE',  ( 12.03120273378513438, 25.34791616647127555, 1.499999999999999556 ) ) ;
#2038 = ORIENTED_EDGE ( 'NONE', *, *, #3353, .T. ) ;
#2039 = EDGE_CURVE ( 'NONE', #830, #2189, #1848, .T. ) ;
#2040 = CARTESIAN_POINT ( 'NONE',  ( -6.169593599177066956, 27.03837947678106701, 1.500000000000000000 ) ) ;
#2041 = CARTESIAN_POINT ( 'NONE',  ( 1.015104533076122806, 26.44944673097624488, 1.500000000000000000 ) ) ;
#2042 = CYLINDRICAL_SURFACE ( 'NONE', #377, 3.794607569215000087 ) ;
#2043 = DIRECTION ( 'NONE',  ( -1.856308247812544131E-16, -1.000000000000000000, 0.000000000000000000 ) ) ;
#2044 = DIRECTION ( 'NONE',  ( -1.000000000000000000, 0.000000000000000000, 0.000000000000000000 ) ) ;
#2045 = CARTESIAN_POINT ( 'NONE',  ( 14.94749555500000149, -34.77084328169999594, 1.500000000000000000 ) ) ;
#2046 = CARTESIAN_POINT ( 'NONE',  ( 11.08267970536993374, 27.03837947678105991, -0.0009999999999999158867 ) ) ;
#2047 = EDGE_CURVE ( 'NONE', #652, #2512, #5263, .T. ) ;
#2048 = EDGE_CURVE ( 'NONE', #5439, #6822, #6617, .T. ) ;
#2049 = VECTOR ( 'NONE', #1210, 1000.000000000000000 ) ;
#2050 = AXIS2_PLACEMENT_3D ( 'NONE', #5070, #349, #3072 ) ;
#2051 = LINE ( 'NONE', #1983, #479 ) ;
#2052 = LINE ( 'NONE', #16, #4962 ) ;
#2053 = DIRECTION ( 'NONE',  ( -0.000000000000000000, 1.000000000000000000, -0.000000000000000000 ) ) ;
#2054 = CARTESIAN_POINT ( 'NONE',  ( -14.44749555499999971, 34.77089408180000163, 6.000000000000000000 ) ) ;
#2055 = CARTESIAN_POINT ( 'NONE',  ( 0.000000000000000000, 36.29999999999999005, 0.000000000000000000 ) ) ;
#2056 = CARTESIAN_POINT ( 'NONE',  ( 12.08267970536993197, 26.74385517199781148, 3.500000000000000000 ) ) ;
#2057 = ORIENTED_EDGE ( 'NONE', *, *, #546, .T. ) ;
#2058 = ORIENTED_EDGE ( 'NONE', *, *, #96, .T. ) ;
#2059 = ORIENTED_EDGE ( 'NONE', *, *, #2020, .T. ) ;
#2060 = CARTESIAN_POINT ( 'NONE',  ( -11.68572103696580200, 24.83929566579594805, 1.500000000000000000 ) ) ;
#2061 = CARTESIAN_POINT ( 'NONE',  ( 16.34749555500000184, -30.40006096009999936, 6.000000000000000000 ) ) ;
#2062 = DIRECTION ( 'NONE',  ( -1.000000000000000000, 0.000000000000000000, 0.000000000000000000 ) ) ;
#2063 = AXIS2_PLACEMENT_3D ( 'NONE', #6356, #3232, #4329 ) ;
#2064 = VERTEX_POINT ( 'NONE', #1558 ) ;
#2065 = CARTESIAN_POINT ( 'NONE',  ( 3.206543053095936457, 27.03837947678106701, 4.500000000000000888 ) ) ;
#2066 = EDGE_LOOP ( 'NONE', ( #5164, #2448 ) ) ;
#2067 = EDGE_CURVE ( 'NONE', #6822, #6293, #5274, .T. ) ;
#2068 = DIRECTION ( 'NONE',  ( 1.000000000000000000, 0.000000000000000000, -0.000000000000000000 ) ) ;
#2069 = CARTESIAN_POINT ( 'NONE',  ( -12.74571755142490836, 27.03837947678106701, 1.500000000000000000 ) ) ;
#2070 = CARTESIAN_POINT ( 'NONE',  ( 12.58267970536993197, 26.67840532649077190, 1.500000000000000000 ) ) ;
#2071 = CARTESIAN_POINT ( 'NONE',  ( 7.634055719148621577, 25.34781520867419147, 1.500000000000000222 ) ) ;
#2072 = DIRECTION ( 'NONE',  ( -1.000000000000000000, 0.000000000000000000, 0.000000000000000000 ) ) ;
#2073 = ORIENTED_EDGE ( 'NONE', *, *, #5268, .T. ) ;
#2074 = ORIENTED_EDGE ( 'NONE', *, *, #1148, .F. ) ;
#2075 = DIRECTION ( 'NONE',  ( 1.000000000000000000, 0.000000000000000000, 0.000000000000000000 ) ) ;
#2076 = CARTESIAN_POINT ( 'NONE',  ( -4.139400288494628377, 29.71680433458323378, 1.500000000000000000 ) ) ;
#2077 = EDGE_CURVE ( 'NONE', #1802, #1961, #6259, .T. ) ;
#2078 = CARTESIAN_POINT ( 'NONE',  ( -18.69005080008999897, -31.18623571248999227, 0.5000000000000000000 ) ) ;
#2079 = DIRECTION ( 'NONE',  ( -1.000000000000000000, 0.000000000000000000, 0.000000000000000000 ) ) ;
#2080 = VERTEX_POINT ( 'NONE', #455 ) ;
#2081 = ORIENTED_EDGE ( 'NONE', *, *, #5349, .F. ) ;
#2082 = ORIENTED_EDGE ( 'NONE', *, *, #3112, .F. ) ;
#2083 = LINE ( 'NONE', #3069, #1108 ) ;
#2084 = VECTOR ( 'NONE', #4292, 1000.000000000000000 ) ;
#2085 = CARTESIAN_POINT ( 'NONE',  ( 20.14749555500000255, 30.40006096009999936, 12.22253967444162015 ) ) ;
#2086 = VECTOR ( 'NONE', #5677, 1000.000000000000000 ) ;
#2087 = EDGE_CURVE ( 'NONE', #4255, #3584, #5169, .T. ) ;
#2088 = EDGE_CURVE ( 'NONE', #3624, #6566, #2010, .T. ) ;
#2089 = DIRECTION ( 'NONE',  ( -1.000000000000000000, 0.000000000000000000, 0.000000000000000000 ) ) ;
#2090 = PLANE ( 'NONE',  #3101 ) ;
#2091 = CARTESIAN_POINT ( 'NONE',  ( 7.582679705369938183, 27.03837947678105991, 3.500000000000000000 ) ) ;
#2092 = FACE_OUTER_BOUND ( 'NONE', #6308, .T. ) ;
#2093 = VECTOR ( 'NONE', #5371, 1000.000000000000000 ) ;
#2094 = VECTOR ( 'NONE', #3749, 1000.000000000000000 ) ;
#2095 = DIRECTION ( 'NONE',  ( -1.000000000000000000, 0.000000000000000000, 0.000000000000000000 ) ) ;
#2096 = CARTESIAN_POINT ( 'NONE',  ( -5.109597084717959703, 24.83929566579594805, 1.500000000000000000 ) ) ;
#2097 = VECTOR ( 'NONE', #1440, 1000.000000000000000 ) ;
#2098 = ORIENTED_EDGE ( 'NONE', *, *, #6408, .F. ) ;
#2099 = CARTESIAN_POINT ( 'NONE',  ( -9.275910862107661359, 29.71680433458261206, 1.500000000000000000 ) ) ;
#2100 = ORIENTED_EDGE ( 'NONE', *, *, #365, .F. ) ;
#2101 = CARTESIAN_POINT ( 'NONE',  ( 14.94749555500001215, 5.323477688200406227E-15, 6.000000000000000000 ) ) ;
#2102 = DIRECTION ( 'NONE',  ( 1.000000000000000000, -2.725838271490898547E-16, 0.000000000000000000 ) ) ;
#2103 = ORIENTED_EDGE ( 'NONE', *, *, #2291, .F. ) ;
#2104 = AXIS2_PLACEMENT_3D ( 'NONE', #6325, #2695, #5316 ) ;
#2105 = CARTESIAN_POINT ( 'NONE',  ( -5.618677410162346675, 28.72838296232148636, 1.500000000000000000 ) ) ;
#2106 = LINE ( 'NONE', #1587, #2094 ) ;
#2107 = CARTESIAN_POINT ( 'NONE',  ( -6.816723393438441470, -22.23771907541695469, 2.500000000000000000 ) ) ;
#2108 = DIRECTION ( 'NONE',  ( 0.000000000000000000, 0.000000000000000000, -1.000000000000000000 ) ) ;
#2109 = AXIS2_PLACEMENT_3D ( 'NONE', #6381, #2748, #1110 ) ;
#2110 = ORIENTED_EDGE ( 'NONE', *, *, #587, .T. ) ;
#2111 = EDGE_CURVE ( 'NONE', #5079, #1751, #1522, .T. ) ;
#2112 = CARTESIAN_POINT ( 'NONE',  ( 15.91000000000000369, -12.40000000000000213, 0.5000000000000000000 ) ) ;
#2113 = CIRCLE ( 'NONE', #3915, 3.794610109220006855 ) ;
#2114 = AXIS2_PLACEMENT_3D ( 'NONE', #2832, #4927, #3388 ) ;
#2115 = ORIENTED_EDGE ( 'NONE', *, *, #6715, .T. ) ;
#2116 = DIRECTION ( 'NONE',  ( 0.000000000000000000, 0.000000000000000000, -1.000000000000000000 ) ) ;
#2117 = DIRECTION ( 'NONE',  ( -1.000000000000000000, 0.000000000000000000, -0.000000000000000000 ) ) ;
#2118 = CARTESIAN_POINT ( 'NONE',  ( -2.947495555000002376, 35.27089408179999452, 2.700000073095999209 ) ) ;
#2119 = DIRECTION ( 'NONE',  ( -1.000000000000000000, 0.000000000000000000, 0.000000000000000000 ) ) ;
#2120 = CARTESIAN_POINT ( 'NONE',  ( 5.005793443901913164, 28.42110960131455855, 3.500000000000000000 ) ) ;
#2121 = CARTESIAN_POINT ( 'NONE',  ( 20.48682765927571126, 24.05826348688530558, 1.558163342344060842 ) ) ;
#2122 = CARTESIAN_POINT ( 'NONE',  ( -5.611032121680775475, 27.62731221658945557, 3.500000000000000000 ) ) ;
#2123 = EDGE_CURVE ( 'NONE', #3413, #6361, #2383, .T. ) ;
#2124 = AXIS2_PLACEMENT_3D ( 'NONE', #2814, #4909, #3402 ) ;
#2125 = VERTEX_POINT ( 'NONE', #6185 ) ;
#2126 = ORIENTED_EDGE ( 'NONE', *, *, #278, .F. ) ;
#2127 = CARTESIAN_POINT ( 'NONE',  ( -9.275910862107545896, 24.35995461897881853, 1.500000000000000000 ) ) ;
#2128 = CARTESIAN_POINT ( 'NONE',  ( -7.745717551424905700, 27.33290378156430123, 3.500000000000000000 ) ) ;
#2129 = CIRCLE ( 'NONE', #2017, 2.999999999999999112 ) ;
#2130 = CARTESIAN_POINT ( 'NONE',  ( 11.79869908165062675, 28.17152217661896785, 1.499999999999844569 ) ) ;
#2131 = CARTESIAN_POINT ( 'NONE',  ( 7.582679705369938183, 27.03837947678105991, 4.500000000000000888 ) ) ;
#2132 = DIRECTION ( 'NONE',  ( -0.000000000000000000, -0.000000000000000000, 1.000000000000000000 ) ) ;
#2133 = EDGE_CURVE ( 'NONE', #1996, #2863, #3422, .T. ) ;
#2134 = EDGE_LOOP ( 'NONE', ( #3143, #5750, #333, #1482 ) ) ;
#2135 = VERTEX_POINT ( 'NONE', #6138 ) ;
#2136 = EDGE_LOOP ( 'NONE', ( #3751, #111 ) ) ;
#2137 = CARTESIAN_POINT ( 'NONE',  ( -8.610765362734165151, 29.44129204779160602, 1.500000000000000000 ) ) ;
#2138 = EDGE_LOOP ( 'NONE', ( #4067, #650, #2434, #4598 ) ) ;
#2139 = ORIENTED_EDGE ( 'NONE', *, *, #6456, .T. ) ;
#2140 = ORIENTED_EDGE ( 'NONE', *, *, #3933, .T. ) ;
#2141 = VECTOR ( 'NONE', #2492, 1000.000000000000000 ) ;
#2142 = CARTESIAN_POINT ( 'NONE',  ( -19.96520391665955074, 23.84001438103361892, 2.029991638866183834 ) ) ;
#2143 = DIRECTION ( 'NONE',  ( -0.000000000000000000, -0.000000000000000000, -1.000000000000000000 ) ) ;
#2144 = CARTESIAN_POINT ( 'NONE',  ( -17.94749555500000326, 30.40006096009999936, 3.499999999999999556 ) ) ;
#2145 = CARTESIAN_POINT ( 'NONE',  ( 18.69002286007999558, 31.18628397257998941, 0.000000000000000000 ) ) ;
#2146 =( BOUNDED_CURVE ( )  B_SPLINE_CURVE ( 2, ( #2921, #4510, #3478 ),
 .UNSPECIFIED., .F., .T. ) 
 B_SPLINE_CURVE_WITH_KNOTS ( ( 3, 3 ),
 ( 0.000000000000000000, 1.000000000000000000 ),
 .UNSPECIFIED. ) 
 CURVE ( )  GEOMETRIC_REPRESENTATION_ITEM ( )  RATIONAL_B_SPLINE_CURVE ( ( 1.000000000000000000, 0.7071067811865475727, 1.000000000000000000 ) ) 
 REPRESENTATION_ITEM ( '' )  );
#2147 = LINE ( 'NONE', #4328, #5111 ) ;
#2148 = EDGE_CURVE ( 'NONE', #1094, #1138, #297, .T. ) ;
#2149 = DIRECTION ( 'NONE',  ( 1.000000000000000000, 2.040851148208008491E-16, 0.000000000000000000 ) ) ;
#2150 = CARTESIAN_POINT ( 'NONE',  ( 20.29999999999999716, -36.80000000000000426, 1.500000000000000000 ) ) ;
#2151 = VECTOR ( 'NONE', #3031, 1000.000000000000000 ) ;
#2152 = CARTESIAN_POINT ( 'NONE',  ( 8.033429314563674595, 25.65564935224786325, 3.500000000000000000 ) ) ;
#2153 = CARTESIAN_POINT ( 'NONE',  ( 19.62651819088173610, 23.76612246967976105, 2.375611537573803389 ) ) ;
#2154 = ORIENTED_EDGE ( 'NONE', *, *, #3231, .F. ) ;
#2155 = EDGE_CURVE ( 'NONE', #816, #5583, #2509, .T. ) ;
#2156 = LINE ( 'NONE', #92, #1615 ) ;
#2157 = CARTESIAN_POINT ( 'NONE',  ( 0.01264160530000009441, -35.27084328170000305, 6.000000000000000000 ) ) ;
#2158 = CARTESIAN_POINT ( 'NONE',  ( -5.611032119197074230, 26.44944673097624488, 1.500000000000000000 ) ) ;
#2159 = EDGE_CURVE ( 'NONE', #5168, #6165, #6558, .T. ) ;
#2160 = ADVANCED_FACE ( 'NONE', ( #5545 ), #3553, .F. ) ;
#2161 = CARTESIAN_POINT ( 'NONE',  ( 7.633595894384505698, 25.34837599124017160, 1.500000000000000000 ) ) ;
#2162 = CARTESIAN_POINT ( 'NONE',  ( 11.21693783121297194, 24.63525668528193080, 1.499999999999999556 ) ) ;
#2163 = AXIS2_PLACEMENT_3D ( 'NONE', #1277, #6014, #1873 ) ;
#2164 = ORIENTED_EDGE ( 'NONE', *, *, #5031, .F. ) ;
#2165 = DIRECTION ( 'NONE',  ( -0.000000000000000000, -0.000000000000000000, 1.000000000000000000 ) ) ;
#2166 = VERTEX_POINT ( 'NONE', #1858 ) ;
#2167 = CARTESIAN_POINT ( 'NONE',  ( -5.109597084717806936, 29.23746328776665138, 1.500000000000000000 ) ) ;
#2168 = DIRECTION ( 'NONE',  ( -0.000000000000000000, -0.000000000000000000, -1.000000000000000000 ) ) ;
#2169 = LINE ( 'NONE', #2202, #6191 ) ;
#2170 = CARTESIAN_POINT ( 'NONE',  ( 12.02411822787363960, 26.44944673697267845, 3.500000000000000444 ) ) ;
#2171 = ORIENTED_EDGE ( 'NONE', *, *, #2111, .T. ) ;
#2172 = LINE ( 'NONE', #680, #3212 ) ;
#2173 = FACE_BOUND ( 'NONE', #3295, .T. ) ;
#2174 = CARTESIAN_POINT ( 'NONE',  ( -18.69005080008499675, 31.18628651258499573, 0.000000000000000000 ) ) ;
#2175 = CARTESIAN_POINT ( 'NONE',  ( 5.172562426893018817, 25.90523677094654431, 3.500000000000000444 ) ) ;
#2176 = DIRECTION ( 'NONE',  ( 0.000000000000000000, 0.000000000000000000, -1.000000000000000000 ) ) ;
#2177 = CARTESIAN_POINT ( 'NONE',  ( 8.699536999535412818, 29.00439885057814493, 3.500000000000001332 ) ) ;
#2178 = PLANE ( 'NONE',  #4856 ) ;
#2179 = CARTESIAN_POINT ( 'NONE',  ( 0.1172872745645141268, -22.23771907541695469, 2.500000000000000000 ) ) ;
#2180 = CARTESIAN_POINT ( 'NONE',  ( -6.169593599177066956, 27.39835362707197319, 1.500000000000000000 ) ) ;
#2181 = CARTESIAN_POINT ( 'NONE',  ( 2.486736363778655701, 24.35995461897881498, 1.500000000000000000 ) ) ;
#2182 = EDGE_CURVE ( 'NONE', #3413, #6481, #4108, .T. ) ;
#2183 = ORIENTED_EDGE ( 'NONE', *, *, #3272, .T. ) ;
#2184 = CIRCLE ( 'NONE', #1098, 1.100000000000000311 ) ;
#2185 = VECTOR ( 'NONE', #3649, 1000.000000000000000 ) ;
#2186 = EDGE_CURVE ( 'NONE', #4066, #6514, #4650, .T. ) ;
#2187 = DIRECTION ( 'NONE',  ( 1.000000000000000000, 0.000000000000000000, 0.000000000000000000 ) ) ;
#2188 = VECTOR ( 'NONE', #5003, 1000.000000000000000 ) ;
#2189 = VERTEX_POINT ( 'NONE', #36 ) ;
#2190 = FACE_OUTER_BOUND ( 'NONE', #6204, .T. ) ;
#2191 = LINE ( 'NONE', #6370, #3736 ) ;
#2192 = CARTESIAN_POINT ( 'NONE',  ( 8.447727516679298887, 24.63546690577123499, 1.500000000000000000 ) ) ;
#2193 = CARTESIAN_POINT ( 'NONE',  ( -15.90999999999999304, -13.49999999999999822, 0.5000000000000000000 ) ) ;
#2194 = CARTESIAN_POINT ( 'NONE',  ( 17.94749555500000326, 30.40006096009999936, 3.499999999999999556 ) ) ;
#2195 = CIRCLE ( 'NONE', #4012, 1.100000000000000311 ) ;
#2196 = DIRECTION ( 'NONE',  ( -1.000000000000000000, 0.000000000000000000, 0.000000000000000000 ) ) ;
#2197 = ORIENTED_EDGE ( 'NONE', *, *, #2817, .F. ) ;
#2198 = ORIENTED_EDGE ( 'NONE', *, *, #1792, .F. ) ;
#2199 = EDGE_CURVE ( 'NONE', #3725, #3809, #1496, .T. ) ;
#2200 = PERSON_AND_ORGANIZATION ( #78, #5396 ) ;
#2201 = EDGE_CURVE ( 'NONE', #4786, #775, #4089, .T. ) ;
#2202 = CARTESIAN_POINT ( 'NONE',  ( 20.30000000000000071, 36.79999999999999005, 13.32999999999999297 ) ) ;
#2203 = CARTESIAN_POINT ( 'NONE',  ( 10.96582241120445822, 25.07236010298398199, 3.499999999999999556 ) ) ;
#2204 = DIRECTION ( 'NONE',  ( 0.000000000000000000, 0.000000000000000000, -1.000000000000000000 ) ) ;
#2205 = ADVANCED_FACE ( 'NONE', ( #3401 ), #2878, .F. ) ;
#2206 = ORIENTED_EDGE ( 'NONE', *, *, #2293, .F. ) ;
#2207 = DIRECTION ( 'NONE',  ( 1.000000000000000000, 0.000000000000000000, 0.000000000000000000 ) ) ;
#2208 = CIRCLE ( 'NONE', #1116, 1.250000000000001998 ) ;
#2209 = FACE_OUTER_BOUND ( 'NONE', #2723, .T. ) ;
#2210 = CARTESIAN_POINT ( 'NONE',  ( -10.29024186269894692, 24.78837947678106701, 3.500000000000000444 ) ) ;
#2211 = VECTOR ( 'NONE', #5625, 1000.000000000000000 ) ;
#2212 = CARTESIAN_POINT ( 'NONE',  ( 15.90999999999999659, -10.50000000000000711, 5.500000000000000000 ) ) ;
#2213 = DIRECTION ( 'NONE',  ( -1.000000000000000000, 0.000000000000000000, 0.000000000000000000 ) ) ;
#2214 = AXIS2_PLACEMENT_3D ( 'NONE', #6623, #330, #6655 ) ;
#2215 = VERTEX_POINT ( 'NONE', #3251 ) ;
#2216 = DIRECTION ( 'NONE',  ( 1.000000000000000000, 0.000000000000000000, 0.000000000000000000 ) ) ;
#2217 = CARTESIAN_POINT ( 'NONE',  ( -1.169593599177061405, 27.33290378156430123, 3.500000000000000000 ) ) ;
#2218 = EDGE_LOOP ( 'NONE', ( #95, #4045 ) ) ;
#2219 = CARTESIAN_POINT ( 'NONE',  ( 3.501067357879200870, 24.78837947678106346, 1.499999999999998890 ) ) ;
#2220 = ORIENTED_EDGE ( 'NONE', *, *, #1641, .F. ) ;
#2221 = ORIENTED_EDGE ( 'NONE', *, *, #738, .F. ) ;
#2222 = CARTESIAN_POINT ( 'NONE',  ( 0.000000000000000000, 27.40006096009999936, 6.000000000000000000 ) ) ;
#2223 = LINE ( 'NONE', #244, #5127 ) ;
#2224 = CARTESIAN_POINT ( 'NONE',  ( -11.96173692770609698, 28.17152217661842073, 3.500000000000000000 ) ) ;
#2225 = DIRECTION ( 'NONE',  ( -1.000000000000000000, 0.000000000000000000, 0.000000000000000000 ) ) ;
#2226 = DIRECTION ( 'NONE',  ( 0.000000000000000000, 0.000000000000000000, -1.000000000000000000 ) ) ;
#2227 = FACE_BOUND ( 'NONE', #3825, .T. ) ;
#2228 = ORIENTED_EDGE ( 'NONE', *, *, #4683, .F. ) ;
#2229 = EDGE_LOOP ( 'NONE', ( #3406, #5148, #2969, #5049 ) ) ;
#2230 = CARTESIAN_POINT ( 'NONE',  ( -13.34272399793517572, 35.27089408179999452, 13.33000000000000007 ) ) ;
#2231 = VECTOR ( 'NONE', #422, 1000.000000000000000 ) ;
#2232 = VERTEX_POINT ( 'NONE', #132 ) ;
#2233 = PLANE ( 'NONE',  #3851 ) ;
#2234 = CARTESIAN_POINT ( 'NONE',  ( -8.612987426891267617, 28.83762986758689451, 1.500000000000077938 ) ) ;
#2235 = CARTESIAN_POINT ( 'NONE',  ( -12.74571755142491014, 27.39799120620860506, 1.500000000000000666 ) ) ;
#2236 = EDGE_CURVE ( 'NONE', #484, #3037, #528, .T. ) ;
#2237 = FACE_OUTER_BOUND ( 'NONE', #3181, .T. ) ;
#2238 = CYLINDRICAL_SURFACE ( 'NONE', #2778, 1.600000000000000755 ) ;
#2239 = CARTESIAN_POINT ( 'NONE',  ( -4.140094351357418212, 29.71659411408715457, 1.499999999999999778 ) ) ;
#2240 = AXIS2_PLACEMENT_3D ( 'NONE', #3931, #5982, #4974 ) ;
#2241 = PERSON_AND_ORGANIZATION_ROLE ( 'classification_officer' ) ;
#2242 = B_SPLINE_CURVE_WITH_KNOTS ( 'NONE', 3,
 ( #4877, #2235, #5085, #6743, #835, #2459, #6162, #1403, #4036, #5610, #5046, #364, #4139, #6650, #1923, #4072, #6133, #6202 ),
 .UNSPECIFIED., .F., .F.,
 ( 4, 2, 2, 2, 2, 2, 2, 2, 4 ),
 ( 0.000000000000000000, 0.06250000000000005551, 0.1250000000000001110, 0.1875000000000001665, 0.2500000000000002220, 0.3125000000000002776, 0.3750000000000003331, 0.4375000000000001665, 0.5000000000000000000 ),
 .UNSPECIFIED. ) ;
#2243 = CARTESIAN_POINT ( 'NONE',  ( 17.94749555500000326, -30.40006096009999936, 12.22253967444162015 ) ) ;
#2244 = CARTESIAN_POINT ( 'NONE',  ( -17.00999999999999446, -13.49999999999999822, 0.5000000000000000000 ) ) ;
#2245 = EDGE_CURVE ( 'NONE', #2602, #4478, #1166, .T. ) ;
#2246 = CIRCLE ( 'NONE', #6103, 1.600000000000000755 ) ;
#2247 = VERTEX_POINT ( 'NONE', #5453 ) ;
#2248 = DIRECTION ( 'NONE',  ( -1.000000000000000000, 0.000000000000000000, 0.000000000000000000 ) ) ;
#2249 = AXIS2_PLACEMENT_3D ( 'NONE', #5678, #4767, #1020 ) ;
#2250 = CARTESIAN_POINT ( 'NONE',  ( -4.465728473447176050, 35.27089408180000163, 6.100000073095998232 ) ) ;
#2251 = VERTEX_POINT ( 'NONE', #2342 ) ;
#2252 = EDGE_CURVE ( 'NONE', #2703, #5260, #5471, .T. ) ;
#2253 = CARTESIAN_POINT ( 'NONE',  ( -11.37844767136846968, 25.23912908138516897, 3.500000000000000888 ) ) ;
#2254 = ADVANCED_FACE ( 'NONE', ( #3810 ), #630, .F. ) ;
#2255 = DIRECTION ( 'NONE',  ( -0.000000000000000000, -0.000000000000000000, -1.000000000000000000 ) ) ;
#2256 = VERTEX_POINT ( 'NONE', #100 ) ;
#2257 = ORIENTED_EDGE ( 'NONE', *, *, #10, .F. ) ;
#2258 = DIRECTION ( 'NONE',  ( -0.000000000000000000, -0.000000000000000000, 1.000000000000000000 ) ) ;
#2259 = CARTESIAN_POINT ( 'NONE',  ( -8.862574851586824565, 25.07236010050075237, 1.500000000000156097 ) ) ;
#2260 = DIRECTION ( 'NONE',  ( 0.000000000000000000, 0.000000000000000000, 1.000000000000000000 ) ) ;
#2261 = CARTESIAN_POINT ( 'NONE',  ( 0.9565430530959354583, 27.03837947678106701, 3.500000000000000000 ) ) ;
#2262 = ORIENTED_EDGE ( 'NONE', *, *, #2087, .F. ) ;
#2263 = CARTESIAN_POINT ( 'NONE',  ( 20.14749555500000255, -30.40006096009999936, 0.5000000000000004441 ) ) ;
#2264 = CARTESIAN_POINT ( 'NONE',  ( 1.407292657700030647, 28.42110959672462656, 3.499999999999999556 ) ) ;
#2265 = VECTOR ( 'NONE', #6690, 1000.000000000000000 ) ;
#2266 = ORIENTED_EDGE ( 'NONE', *, *, #5853, .T. ) ;
#2267 = VERTEX_POINT ( 'NONE', #2741 ) ;
#2268 = ORIENTED_EDGE ( 'NONE', *, *, #3604, .T. ) ;
#2269 = CARTESIAN_POINT ( 'NONE',  ( -2.286450899338979603, 25.07236010050018393, 3.500000000000000000 ) ) ;
#2270 = CARTESIAN_POINT ( 'NONE',  ( -1.387358394700001885, -29.16723824071451432, 13.32999999999999829 ) ) ;
#2271 = LINE ( 'NONE', #1718, #2049 ) ;
#2272 = DIRECTION ( 'NONE',  ( 1.000000000000000000, 0.000000000000000000, 0.000000000000000000 ) ) ;
#2273 = ORIENTED_EDGE ( 'NONE', *, *, #3034, .T. ) ;
#2274 = B_SPLINE_CURVE_WITH_KNOTS ( 'NONE', 3,
 ( #4202, #3135, #525, #2121, #3614, #3760, #1053, #5176, #5284, #2628, #4769, #5777, #1599, #6450, #2870, #5934, #3884, #3314, #649, #5402, #1269, #5373, #4893, #687, #4932, #6490, #2153, #1627, #3237, #6393, #2724, #4830, #1664, #3822, #3450, #5531, #1389, #5592 ),
 .UNSPECIFIED., .F., .F.,
 ( 4, 2, 2, 1, 1, 1, 2, 2, 2, 1, 1, 2, 2, 2, 1, 1, 1, 2, 2, 2, 2, 2, 4 ),
 ( 0.000000000000000000, 0.06250000000000735523, 0.09375000000001226796, 0.1093750000000156541, 0.1171875000000177774, 0.1210937500000179995, 0.1230468750000188738, 0.1250000000000197620, 0.1875000000000224543, 0.2187500000000242861, 0.2343750000000248135, 0.2421875000000242029, 0.2500000000000235922, 0.3750000000000353606, 0.4375000000000416889, 0.4687500000000462408, 0.4843750000000471290, 0.4921875000000464073, 0.5000000000000457412, 0.6250000000000319744, 0.6875000000000264233, 0.7500000000000207612, 1.000000000000000000 ),
 .UNSPECIFIED. ) ;
#2275 = ADVANCED_FACE ( 'NONE', ( #2190 ), #2233, .F. ) ;
#2276 = CARTESIAN_POINT ( 'NONE',  ( -2.699786909859779982, 24.35995461897881853, 1.500000000000000000 ) ) ;
#2277 = DIRECTION ( 'NONE',  ( -1.000000000000000000, 0.000000000000000000, 0.000000000000000000 ) ) ;
#2278 = DIRECTION ( 'NONE',  ( -0.000000000000000000, -0.000000000000000000, -1.000000000000000000 ) ) ;
#2279 = VERTEX_POINT ( 'NONE', #729 ) ;
#2280 = EDGE_LOOP ( 'NONE', ( #926, #2405, #1058, #4689 ) ) ;
#2281 = CIRCLE ( 'NONE', #2964, 0.9499999999999995115 ) ;
#2282 = LINE ( 'NONE', #717, #3805 ) ;
#2283 = ORIENTED_EDGE ( 'NONE', *, *, #4956, .F. ) ;
#2284 = LINE ( 'NONE', #4389, #2425 ) ;
#2285 = AXIS2_PLACEMENT_3D ( 'NONE', #3580, #5575, #2534 ) ;
#2286 = EDGE_CURVE ( 'NONE', #5963, #3170, #4946, .T. ) ;
#2287 = CARTESIAN_POINT ( 'NONE',  ( 2.912018748312776406, 29.28837947678107057, 3.500000000000000000 ) ) ;
#2288 = CARTESIAN_POINT ( 'NONE',  ( -8.196467156029003220, 25.65564935683750747, 3.500000000000000000 ) ) ;
#2289 = CARTESIAN_POINT ( 'NONE',  ( -1.620343208370792709, 25.65564935224787035, 3.500000000000000000 ) ) ;
#2290 = ORIENTED_EDGE ( 'NONE', *, *, #4361, .T. ) ;
#2291 = EDGE_CURVE ( 'NONE', #3020, #2971, #701, .T. ) ;
#2292 = CIRCLE ( 'NONE', #1750, 0.9499999999999995115 ) ;
#2293 = EDGE_CURVE ( 'NONE', #4691, #5552, #4908, .T. ) ;
#2294 = CARTESIAN_POINT ( 'NONE',  ( -13.86572847344717552, 36.29999999999999005, 2.700000073095998765 ) ) ;
#2295 = ORIENTED_EDGE ( 'NONE', *, *, #1253, .F. ) ;
#2296 = CARTESIAN_POINT ( 'NONE',  ( -8.612987426891267617, 28.83762986758689451, 1.500000000000077938 ) ) ;
#2297 = DIRECTION ( 'NONE',  ( 0.000000000000000000, 0.000000000000000000, -1.000000000000000000 ) ) ;
#2298 = CARTESIAN_POINT ( 'NONE',  ( -14.16370932933438098, -8.753709329334382616, 4.190281997000789183 ) ) ;
#2299 = CARTESIAN_POINT ( 'NONE',  ( 2.073400353257854878, 25.07236010050017683, 3.500000000000000000 ) ) ;
#2300 = VERTEX_POINT ( 'NONE', #1244 ) ;
#2301 = DIRECTION ( 'NONE',  ( -0.000000000000000000, -0.000000000000000000, -1.000000000000000000 ) ) ;
#2302 = CARTESIAN_POINT ( 'NONE',  ( 0.1172872745645141268, -22.23771907541695469, 2.500000000000000000 ) ) ;
#2303 = FACE_BOUND ( 'NONE', #6227, .T. ) ;
#2304 = CARTESIAN_POINT ( 'NONE',  ( 5.609455624106160165, 28.42333166547213352, 1.500000000000000000 ) ) ;
#2305 = ORIENTED_EDGE ( 'NONE', *, *, #1197, .F. ) ;
#2306 = ORIENTED_EDGE ( 'NONE', *, *, #5271, .T. ) ;
#2307 = ORIENTED_EDGE ( 'NONE', *, *, #3054, .T. ) ;
#2308 = DIRECTION ( 'NONE',  ( 0.000000000000000000, -1.000000000000000000, 0.000000000000000000 ) ) ;
#2309 = FACE_OUTER_BOUND ( 'NONE', #1225, .T. ) ;
#2310 = DIRECTION ( 'NONE',  ( -0.000000000000000000, -0.000000000000000000, 1.000000000000000000 ) ) ;
#2311 = CARTESIAN_POINT ( 'NONE',  ( -20.30000000000000071, 36.79999999999999005, 13.33000000000000007 ) ) ;
#2312 = CARTESIAN_POINT ( 'NONE',  ( 17.94749555500000326, 30.40006096009999936, 13.33102500000000035 ) ) ;
#2313 = DIRECTION ( 'NONE',  ( -0.000000000000000000, -0.000000000000000000, 1.000000000000000000 ) ) ;
#2314 = AXIS2_PLACEMENT_3D ( 'NONE', #5065, #347, #5106 ) ;
#2315 = AXIS2_PLACEMENT_3D ( 'NONE', #2054, #6734, #5710 ) ;
#2316 = LINE ( 'NONE', #1801, #477 ) ;
#2317 = EDGE_CURVE ( 'NONE', #6066, #2247, #6021, .T. ) ;
#2318 = ORIENTED_EDGE ( 'NONE', *, *, #1213, .F. ) ;
#2319 = CIRCLE ( 'NONE', #4119, 0.5000000000000004441 ) ;
#2320 = ORIENTED_EDGE ( 'NONE', *, *, #1055, .T. ) ;
#2321 = DIRECTION ( 'NONE',  ( -0.000000000000000000, -1.000000000000000000, -0.000000000000000000 ) ) ;
#2322 = CARTESIAN_POINT ( 'NONE',  ( 13.32730385592881639, 35.27089408179999452, 13.33000000000000007 ) ) ;
#2323 = CARTESIAN_POINT ( 'NONE',  ( 9.538155400586823873, 24.78837947678106346, 1.499999999999998890 ) ) ;
#2324 = PLANE ( 'NONE',  #848 ) ;
#2325 = VERTEX_POINT ( 'NONE', #5043 ) ;
#2326 = LINE ( 'NONE', #2759, #3913 ) ;
#2327 = CARTESIAN_POINT ( 'NONE',  ( -20.00000000000000000, 36.29999999999999005, 13.33000000000000007 ) ) ;
#2328 = CARTESIAN_POINT ( 'NONE',  ( 9.832679705369935519, 27.03837947678105991, 4.500000000000000888 ) ) ;
#2329 = EDGE_CURVE ( 'NONE', #2452, #97, #1434, .T. ) ;
#2330 = ORIENTED_EDGE ( 'NONE', *, *, #3054, .F. ) ;
#2331 = LINE ( 'NONE', #2935, #1104 ) ;
#2332 = CARTESIAN_POINT ( 'NONE',  ( 7.574310647399825847, 36.80100000000001614, 1.649999999999998579 ) ) ;
#2333 = CIRCLE ( 'NONE', #800, 4.084607569215005896 ) ;
#2334 = DIRECTION ( 'NONE',  ( 0.000000000000000000, 0.000000000000000000, -1.000000000000000000 ) ) ;
#2335 =( BOUNDED_SURFACE ( )  B_SPLINE_SURFACE ( 2, 3, ( 
 ( #2955, #2352, #5180, #4481, #4507, #2564, #6194, #1472, #803, #6545, #4672, #1508, #6394, #3273, #2630, #1630, #1702, #1023, #618, #1569, #85, #3794, #1602, #1666, #1092, #5780, #2181, #4306, #5876, #5285, #3204, #2763, #593, #5405 ),
 ( #4896, #6603, #6454, #3957, #1234, #3390, #722, #5973, #2834, #4935, #1781, #2871, #242, #5499, #785, #6568, #1841, #6040, #2579, #973, #4584, #845, #4529, #2970, #2219, #2835, #3918, #6011, #2367, #5585, #5197, #2041, #883, #2583 ),
 ( #5100, #4115, #2478, #3028, #6689, #1456, #818, #4925, #2287, #6485, #226, #4454, #4948, #5991, #1284, #3647, #1906, #5634, #2557, #418, #1390, #4599, #6666, #1944, #1422, #3568, #6698, #3608, #6230, #4124, #5172, #2816, #1724, #5362 ) ),
 .UNSPECIFIED., .F., .T., .F. ) 
 B_SPLINE_SURFACE_WITH_KNOTS ( ( 3, 3 ),
 ( 4, 2, 2, 2, 2, 2, 2, 2, 2, 2, 2, 2, 2, 2, 2, 2, 4 ),
 ( 0.000000000000000000, 1.000000000000000000 ),
 ( -6.283185307179586232, -5.890486225480861648, -5.497787143782137953, -5.105088062083414258, -4.712388980384689674, -4.319689898685965090, -3.926990816987241395, -3.534291735288517255, -3.141592653589793116, -2.748893571891068976, -2.356194490192344837, -1.963495408493620697, -1.570796326794896558, -1.178097245096172418, -0.7853981633974482790, -0.3926990816987241395, 0.000000000000000000 ),
 .UNSPECIFIED. ) 
 GEOMETRIC_REPRESENTATION_ITEM ( )  RATIONAL_B_SPLINE_SURFACE ( (
 ( 1.000000000000000000, 1.000000000000000000, 1.000000000000000000, 1.000000000000000000, 1.000000000000000000, 1.000000000000000000, 1.000000000000000000, 1.000000000000000000, 1.000000000000000000, 1.000000000000000000, 1.000000000000000000, 1.000000000000000000, 1.000000000000000000, 1.000000000000000000, 1.000000000000000000, 1.000000000000000000, 1.000000000000000000, 1.000000000000000000, 1.000000000000000000, 1.000000000000000000, 1.000000000000000000, 1.000000000000000000, 1.000000000000000000, 1.000000000000000000, 1.000000000000000000, 1.000000000000000000, 1.000000000000000000, 1.000000000000000000, 1.000000000000000000, 1.000000000000000000, 1.000000000000000000, 1.000000000000000000, 1.000000000000000000, 1.000000000000000000),
 ( 0.7071067811865475727, 0.7071067811865475727, 0.7071067811865477948, 0.7071067811865477948, 0.7071067811865475727, 0.7071067811865475727, 0.7071067811865475727, 0.7071067811865475727, 0.7071067811865482389, 0.7071067811865482389, 0.7071067811865475727, 0.7071067811865475727, 0.7071067811865475727, 0.7071067811865475727, 0.7071067811865475727, 0.7071067811865475727, 0.7071067811865473507, 0.7071067811865473507, 0.7071067811865473507, 0.7071067811865473507, 0.7071067811865475727, 0.7071067811865475727, 0.7071067811865475727, 0.7071067811865475727, 0.7071067811865469066, 0.7071067811865469066, 0.7071067811865475727, 0.7071067811865475727, 0.7071067811865479058, 0.7071067811865479058, 0.7071067811865475727, 0.7071067811865475727, 0.7071067811865475727, 0.7071067811865475727),
 ( 1.000000000000000000, 1.000000000000000000, 1.000000000000000000, 1.000000000000000000, 1.000000000000000000, 1.000000000000000000, 1.000000000000000000, 1.000000000000000000, 1.000000000000000000, 1.000000000000000000, 1.000000000000000000, 1.000000000000000000, 1.000000000000000000, 1.000000000000000000, 1.000000000000000000, 1.000000000000000000, 1.000000000000000000, 1.000000000000000000, 1.000000000000000000, 1.000000000000000000, 1.000000000000000000, 1.000000000000000000, 1.000000000000000000, 1.000000000000000000, 1.000000000000000000, 1.000000000000000000, 1.000000000000000000, 1.000000000000000000, 1.000000000000000000, 1.000000000000000000, 1.000000000000000000, 1.000000000000000000, 1.000000000000000000, 1.000000000000000000) ) ) 
 REPRESENTATION_ITEM ( '' )  SURFACE ( )  );
#2336 = ADVANCED_FACE ( 'NONE', ( #3427 ), #2946, .F. ) ;
#2337 = CARTESIAN_POINT ( 'NONE',  ( 1.240523676814957899, 25.90523677694298854, 1.500000000000000000 ) ) ;
#2338 = ORIENTED_EDGE ( 'NONE', *, *, #5690, .T. ) ;
#2339 = ORIENTED_EDGE ( 'NONE', *, *, #653, .T. ) ;
#2340 = LINE ( 'NONE', #1846, #4273 ) ;
#2341 = VECTOR ( 'NONE', #4812, 1000.000000000000000 ) ;
#2342 = CARTESIAN_POINT ( 'NONE',  ( 5.500694691398827274, 36.29999999999999005, 5.999999999999998224 ) ) ;
#2343 = CARTESIAN_POINT ( 'NONE',  ( -26.93258696637831662, -14.82036890340692636, 9.203600003566942078 ) ) ;
#2344 = CARTESIAN_POINT ( 'NONE',  ( -8.029698175143275662, 28.17152217661898206, 1.500000000000077938 ) ) ;
#2345 = LINE ( 'NONE', #1820, #5582 ) ;
#2346 = FACE_OUTER_BOUND ( 'NONE', #2869, .T. ) ;
#2347 = ADVANCED_FACE ( 'NONE', ( #5570 ), #319, .T. ) ;
#2348 = PLANE ( 'NONE',  #969 ) ;
#2349 = ADVANCED_FACE ( 'NONE', ( #3579 ), #3060, .T. ) ;
#2350 = CARTESIAN_POINT ( 'NONE',  ( -18.69005080010004249, 34.98089408179999538, 0.5000000000000000000 ) ) ;
#2351 = ORIENTED_EDGE ( 'NONE', *, *, #316, .T. ) ;
#2352 = CARTESIAN_POINT ( 'NONE',  ( 0.4565430530959354027, 27.39835362707197319, 1.500000000000000000 ) ) ;
#2353 = CARTESIAN_POINT ( 'NONE',  ( 22.77463296930000070, 31.18628397259999829, 13.33000000000000007 ) ) ;
#2354 = VECTOR ( 'NONE', #3872, 1000.000000000000000 ) ;
#2355 = DIRECTION ( 'NONE',  ( 1.000000000000000000, -0.000000000000000000, 0.000000000000000000 ) ) ;
#2356 = FACE_OUTER_BOUND ( 'NONE', #4206, .T. ) ;
#2357 = EDGE_LOOP ( 'NONE', ( #332, #2006, #5064, #1562, #6320, #4874 ) ) ;
#2358 = AXIS2_PLACEMENT_3D ( 'NONE', #6621, #3511, #3435 ) ;
#2359 = CARTESIAN_POINT ( 'NONE',  ( -13.34272399793517572, 36.29999999999999005, 7.586156972313995439 ) ) ;
#2360 = ORIENTED_EDGE ( 'NONE', *, *, #6589, .T. ) ;
#2361 = ORIENTED_EDGE ( 'NONE', *, *, #4434, .F. ) ;
#2362 = ORIENTED_EDGE ( 'NONE', *, *, #6360, .F. ) ;
#2363 = DIRECTION ( 'NONE',  ( -1.000000000000000000, -3.561451260254548541E-16, 0.000000000000000000 ) ) ;
#2364 = CARTESIAN_POINT ( 'NONE',  ( 22.77463296930000070, 31.18628397259999829, 6.000000000000000000 ) ) ;
#2365 = VERTEX_POINT ( 'NONE', #949 ) ;
#2366 = VERTEX_POINT ( 'NONE', #4082 ) ;
#2367 = CARTESIAN_POINT ( 'NONE',  ( 1.823812928562535740, 25.23912908597511517, 1.500000000000000222 ) ) ;
#2368 = EDGE_LOOP ( 'NONE', ( #3254, #4226, #961, #2023 ) ) ;
#2369 = CIRCLE ( 'NONE', #1040, 1.599999999980956877 ) ;
#2370 = EDGE_CURVE ( 'NONE', #2256, #2232, #6439, .T. ) ;
#2371 = FACE_OUTER_BOUND ( 'NONE', #5286, .T. ) ;
#2372 = CARTESIAN_POINT ( 'NONE',  ( 10.12720401015304184, 24.78837947678106346, 1.499999999999998890 ) ) ;
#2373 = CARTESIAN_POINT ( 'NONE',  ( -8.745717551424908365, 27.03837947678106701, -0.0009999999999999158867 ) ) ;
#2374 = VERTEX_POINT ( 'NONE', #2482 ) ;
#2375 = DIRECTION ( 'NONE',  ( 1.000000000000000000, 0.000000000000000000, 0.000000000000000000 ) ) ;
#2376 = CARTESIAN_POINT ( 'NONE',  ( 0.1172872745844287523, -27.57172974345886729, 0.5000000000000000000 ) ) ;
#2377 = ORIENTED_EDGE ( 'NONE', *, *, #5144, .F. ) ;
#2378 = EDGE_CURVE ( 'NONE', #1700, #1673, #2998, .T. ) ;
#2379 = ORIENTED_EDGE ( 'NONE', *, *, #336, .T. ) ;
#2380 = CARTESIAN_POINT ( 'NONE',  ( -12.39863012243513474, 28.42333166547149403, 1.500000000000000000 ) ) ;
#2381 = CARTESIAN_POINT ( 'NONE',  ( 8.582679705369935519, 27.03837947678105991, -0.0009999999999999158867 ) ) ;
#2382 = DIRECTION ( 'NONE',  ( 0.000000000000000000, 0.000000000000000000, 1.000000000000000000 ) ) ;
#2383 = CIRCLE ( 'NONE', #2719, 2.999999999999999112 ) ;
#2384 = CYLINDRICAL_SURFACE ( 'NONE', #2399, 0.5000000000000000000 ) ;
#2385 = EDGE_LOOP ( 'NONE', ( #6463, #2058, #5107, #400, #5591, #6067, #1215, #2581 ) ) ;
#2386 = CARTESIAN_POINT ( 'NONE',  ( 18.48380424974640235, -7.178312550959105920, 3.850225305501944195 ) ) ;
#2387 = EDGE_CURVE ( 'NONE', #5646, #2781, #2550, .T. ) ;
#2388 = EDGE_CURVE ( 'NONE', #6404, #3510, #1977, .T. ) ;
#2389 = LINE ( 'NONE', #4513, #2997 ) ;
#2390 = PRODUCT ( '上壳20240522', '上壳20240522', '', ( #6557 ) ) ;
#2391 = CARTESIAN_POINT ( 'NONE',  ( -20.00000000000000000, 36.29999999999999005, 13.33000000000000007 ) ) ;
#2392 = VERTEX_POINT ( 'NONE', #6220 ) ;
#2393 = ORIENTED_EDGE ( 'NONE', *, *, #5486, .F. ) ;
#2394 = ORIENTED_EDGE ( 'NONE', *, *, #108, .T. ) ;
#2395 = ORIENTED_EDGE ( 'NONE', *, *, #5974, .T. ) ;
#2396 = CARTESIAN_POINT ( 'NONE',  ( 9.243746959564791865, 24.84694095676058367, 1.500000000000000888 ) ) ;
#2397 = CARTESIAN_POINT ( 'NONE',  ( 5.609797752321913578, 25.65406671297719043, 1.500000000000000222 ) ) ;
#2398 = CARTESIAN_POINT ( 'NONE',  ( 20.29999999999999716, -36.80000000000000426, 0.000000000000000000 ) ) ;
#2399 = AXIS2_PLACEMENT_3D ( 'NONE', #3546, #3666, #967 ) ;
#2400 = AXIS2_PLACEMENT_3D ( 'NONE', #2932, #5558, #779 ) ;
#2401 = ORIENTED_EDGE ( 'NONE', *, *, #4725, .T. ) ;
#2402 = ORIENTED_EDGE ( 'NONE', *, *, #192, .T. ) ;
#2403 = CARTESIAN_POINT ( 'NONE',  ( 13.32431064739982496, 35.27089408179999452, 1.649999999999998579 ) ) ;
#2404 = CARTESIAN_POINT ( 'NONE',  ( -5.669593599177066068, 27.03837947678106701, 3.500000000000000000 ) ) ;
#2405 = ORIENTED_EDGE ( 'NONE', *, *, #698, .T. ) ;
#2406 = DIRECTION ( 'NONE',  ( -1.000000000000000000, 0.000000000000000000, 0.000000000000000000 ) ) ;
#2407 = LINE ( 'NONE', #3496, #5987 ) ;
#2408 = CARTESIAN_POINT ( 'NONE',  ( 3.206543053095936457, 27.03837947678106701, -0.0009999999999999158867 ) ) ;
#2409 = DIRECTION ( 'NONE',  ( 1.000000000000000000, 0.000000000000000000, 0.000000000000000000 ) ) ;
#2410 = ADVANCED_FACE ( 'NONE', ( #4660 ), #5137, .F. ) ;
#2411 = VERTEX_POINT ( 'NONE', #2962 ) ;
#2412 = VERTEX_POINT ( 'NONE', #5101 ) ;
#2413 = CYLINDRICAL_SURFACE ( 'NONE', #1560, 0.5000000000000004441 ) ;
#2414 = CARTESIAN_POINT ( 'NONE',  ( -10.71552424074215892, 29.71680433458323378, 1.500000000000000000 ) ) ;
#2415 = DIRECTION ( 'NONE',  ( 0.000000000000000000, 0.000000000000000000, 1.000000000000000000 ) ) ;
#2416 = CARTESIAN_POINT ( 'NONE',  ( -12.18715607144451241, 27.62731222258660679, 3.500000000000000000 ) ) ;
#2417 = LINE ( 'NONE', #5487, #5454 ) ;
#2418 = CARTESIAN_POINT ( 'NONE',  ( 12.58267970536993197, 27.39835362707133726, 1.500000000000000000 ) ) ;
#2419 = DIRECTION ( 'NONE',  ( -1.000000000000000000, 0.000000000000000000, 0.000000000000000000 ) ) ;
#2420 = DIRECTION ( 'NONE',  ( -0.000000000000000000, 1.000000000000000000, 0.000000000000000000 ) ) ;
#2421 = ORIENTED_EDGE ( 'NONE', *, *, #1985, .F. ) ;
#2422 = EDGE_CURVE ( 'NONE', #4016, #2477, #2585, .T. ) ;
#2423 = VECTOR ( 'NONE', #4655, 1000.000000000000000 ) ;
#2424 = CYLINDRICAL_SURFACE ( 'NONE', #4695, 0.9500000000000002887 ) ;
#2425 = VECTOR ( 'NONE', #1739, 1000.000000000000000 ) ;
#2426 = DIRECTION ( 'NONE',  ( -0.000000000000000000, -0.000000000000000000, -1.000000000000000000 ) ) ;
#2427 = DIRECTION ( 'NONE',  ( 0.000000000000000000, 0.000000000000000000, 1.000000000000000000 ) ) ;
#2428 = DIRECTION ( 'NONE',  ( 1.000000000000000000, 0.000000000000000000, 0.000000000000000000 ) ) ;
#2429 = EDGE_LOOP ( 'NONE', ( #4545, #6602 ) ) ;
#2430 = DIRECTION ( 'NONE',  ( 1.000000000000000000, 0.000000000000000000, 0.000000000000000000 ) ) ;
#2431 = VECTOR ( 'NONE', #164, 1000.000000000000000 ) ;
#2432 = EDGE_CURVE ( 'NONE', #3911, #2588, #3416, .T. ) ;
#2433 = EDGE_CURVE ( 'NONE', #1802, #5859, #5088, .T. ) ;
#2434 = ORIENTED_EDGE ( 'NONE', *, *, #6778, .T. ) ;
#2435 = DIRECTION ( 'NONE',  ( 0.000000000000000000, 0.000000000000000000, 1.000000000000000000 ) ) ;
#2436 = CIRCLE ( 'NONE', #6281, 1.100000000000000311 ) ;
#2437 = CARTESIAN_POINT ( 'NONE',  ( 5.456543053095937346, 27.03837947678106701, 4.500000000000000888 ) ) ;
#2438 = CARTESIAN_POINT ( 'NONE',  ( 7.866660329088750458, 28.17152217661841362, 3.500000000000000000 ) ) ;
#2439 = VECTOR ( 'NONE', #2003, 1000.000000000000000 ) ;
#2440 = CYLINDRICAL_SURFACE ( 'NONE', #6296, 2.200000000000000622 ) ;
#2441 = CARTESIAN_POINT ( 'NONE',  ( 8.449949585426377752, 25.23912908138515832, 3.499999999999999556 ) ) ;
#2442 = ORIENTED_EDGE ( 'NONE', *, *, #1393, .T. ) ;
#2443 = CIRCLE ( 'NONE', #5167, 2.200000000000000622 ) ;
#2444 = ADVANCED_FACE ( 'NONE', ( #582 ), #6349, .F. ) ;
#2445 = EDGE_LOOP ( 'NONE', ( #711, #2916, #3074, #2586 ) ) ;
#2446 = ORIENTED_EDGE ( 'NONE', *, *, #4847, .T. ) ;
#2447 = AXIS2_PLACEMENT_3D ( 'NONE', #2179, #2761, #2213 ) ;
#2448 = ORIENTED_EDGE ( 'NONE', *, *, #738, .T. ) ;
#2449 = FACE_OUTER_BOUND ( 'NONE', #6722, .T. ) ;
#2450 = CARTESIAN_POINT ( 'NONE',  ( 12.02411822538953778, 26.44944673097552013, 3.500000000000000000 ) ) ;
#2451 = DIRECTION ( 'NONE',  ( 0.000000000000000000, 0.000000000000000000, 1.000000000000000000 ) ) ;
#2452 = VERTEX_POINT ( 'NONE', #2648 ) ;
#2453 = FACE_OUTER_BOUND ( 'NONE', #2918, .T. ) ;
#2454 = VECTOR ( 'NONE', #3430, 1000.000000000000000 ) ;
#2455 = ORIENTED_EDGE ( 'NONE', *, *, #1254, .F. ) ;
#2456 = EDGE_LOOP ( 'NONE', ( #6131, #6350, #4750, #3631 ) ) ;
#2457 = CARTESIAN_POINT ( 'NONE',  ( -8.305714065884172825, 29.23746328776603676, 1.500000000000000000 ) ) ;
#2458 = CARTESIAN_POINT ( 'NONE',  ( -10.58465029722973405, 24.84694095676058723, 1.499999999999843903 ) ) ;
#2459 = CARTESIAN_POINT ( 'NONE',  ( -11.68628181953383738, 29.23700346299859021, 1.499999999999999778 ) ) ;
#2460 = CARTESIAN_POINT ( 'NONE',  ( 5.956543053095937346, 27.39835362707134436, 1.500000000000000000 ) ) ;
#2461 = VECTOR ( 'NONE', #3437, 1000.000000000000000 ) ;
#2462 = DIRECTION ( 'NONE',  ( 0.000000000000000000, 0.000000000000000000, -1.000000000000000000 ) ) ;
#2463 = CARTESIAN_POINT ( 'NONE',  ( 5.005793443902227580, 25.65564935224788812, 3.500000000000000000 ) ) ;
#2464 = ORIENTED_EDGE ( 'NONE', *, *, #4581, .T. ) ;
#2465 = VECTOR ( 'NONE', #305, 1000.000000000000000 ) ;
#2466 = LINE ( 'NONE', #6548, #3009 ) ;
#2467 = CARTESIAN_POINT ( 'NONE',  ( -10.29024186269894869, 29.28837947678107412, 3.499999999999999556 ) ) ;
#2468 = CARTESIAN_POINT ( 'NONE',  ( -2.036863474643424876, 28.83762986758689451, 1.500000000000077938 ) ) ;
#2469 = EDGE_CURVE ( 'NONE', #2189, #5629, #2106, .T. ) ;
#2470 = CYLINDRICAL_SURFACE ( 'NONE', #2214, 10.00000000000000178 ) ;
#2471 = CARTESIAN_POINT ( 'NONE',  ( -15.90999999999999304, -13.49999999999999822, 0.5000000000000000000 ) ) ;
#2472 = CARTESIAN_POINT ( 'NONE',  ( 7.082679705369937295, 27.39835362707196609, 1.500000000000000000 ) ) ;
#2473 = ORIENTED_EDGE ( 'NONE', *, *, #3638, .T. ) ;
#2474 = ORIENTED_EDGE ( 'NONE', *, *, #1526, .F. ) ;
#2475 = LINE ( 'NONE', #300, #245 ) ;
#2476 = DIRECTION ( 'NONE',  ( -3.061276722312012984E-16, 1.000000000000000000, 0.000000000000000000 ) ) ;
#2477 = VERTEX_POINT ( 'NONE', #2244 ) ;
#2478 = CARTESIAN_POINT ( 'NONE',  ( 1.015104533076330862, 27.62731222258660679, 3.500000000000000000 ) ) ;
#2479 = ADVANCED_FACE ( 'NONE', ( #3438 ), #185, .T. ) ;
#2480 = DIRECTION ( 'NONE',  ( -1.000000000000000000, 0.000000000000000000, 0.000000000000000000 ) ) ;
#2482 = CARTESIAN_POINT ( 'NONE',  ( 17.64370398651581695, -14.82036890340692636, 5.500000000000000000 ) ) ;
#2481 = VECTOR ( 'NONE', #6805, 1000.000000000000000 ) ;
#2483 = CARTESIAN_POINT ( 'NONE',  ( 14.94749555500000326, 30.40006096009999936, 1.499999999999999556 ) ) ;
#2484 = CARTESIAN_POINT ( 'NONE',  ( -15.90999999999999304, -13.49999999999999822, 13.33102500000000035 ) ) ;
#2485 = VERTEX_POINT ( 'NONE', #4486 ) ;
#2486 = EDGE_LOOP ( 'NONE', ( #6789, #4034, #1495, #3145 ) ) ;
#2487 = EDGE_LOOP ( 'NONE', ( #156, #325, #4037, #4933 ) ) ;
#2488 = ORIENTED_EDGE ( 'NONE', *, *, #1617, .T. ) ;
#2489 = CIRCLE ( 'NONE', #1577, 1.599999999980953547 ) ;
#2490 = EDGE_CURVE ( 'NONE', #1611, #5858, #2787, .T. ) ;
#2491 = CARTESIAN_POINT ( 'NONE',  ( -5.669593599177066068, 27.03837947678106701, 3.500000000000000000 ) ) ;
#2492 = DIRECTION ( 'NONE',  ( 0.000000000000000000, 1.000000000000000000, 0.000000000000000000 ) ) ;
#2493 = LINE ( 'NONE', #1350, #5868 ) ;
#2494 = CARTESIAN_POINT ( 'NONE',  ( 13.32730385592881639, 35.27089408179999452, 7.586156972313998992 ) ) ;
#2495 = ORIENTED_EDGE ( 'NONE', *, *, #1684, .F. ) ;
#2496 = DIRECTION ( 'NONE',  ( -1.000000000000000000, 0.000000000000000000, 0.000000000000000000 ) ) ;
#2497 = AXIS2_PLACEMENT_3D ( 'NONE', #390, #6500, #5977 ) ;
#2498 = ORIENTED_EDGE ( 'NONE', *, *, #4891, .T. ) ;
#2499 = EDGE_LOOP ( 'NONE', ( #635, #3952, #1410, #4804 ) ) ;
#2500 = CARTESIAN_POINT ( 'NONE',  ( -22.77465836929999909, -31.18623571250000026, 13.33000000000000007 ) ) ;
#2501 = AXIS2_PLACEMENT_3D ( 'NONE', #1765, #5490, #2884 ) ;
#2502 = CARTESIAN_POINT ( 'NONE',  ( 0.9565430530959354583, 27.03837947678106701, 4.500000000000000888 ) ) ;
#2503 = CARTESIAN_POINT ( 'NONE',  ( 2.846568902805199475, 24.28837947678106346, 1.500000000000000000 ) ) ;
#2504 = ORIENTED_EDGE ( 'NONE', *, *, #1072, .F. ) ;
#2505 = ORIENTED_EDGE ( 'NONE', *, *, #6539, .F. ) ;
#2506 = COORDINATED_UNIVERSAL_TIME_OFFSET ( 8, 0, .AHEAD. ) ;
#2507 = DIRECTION ( 'NONE',  ( -0.000000000000000000, -0.000000000000000000, -1.000000000000000000 ) ) ;
#2508 = ORIENTED_EDGE ( 'NONE', *, *, #827, .F. ) ;
#2509 = LINE ( 'NONE', #4042, #5032 ) ;
#2510 = CARTESIAN_POINT ( 'NONE',  ( -15.90999999999999659, -12.39999999999999858, 0.5000000000000000000 ) ) ;
#2511 = VECTOR ( 'NONE', #5606, 1000.000000000000000 ) ;
#2512 = VERTEX_POINT ( 'NONE', #6553 ) ;
#2513 = EDGE_CURVE ( 'NONE', #4221, #3198, #3689, .T. ) ;
#2514 = CARTESIAN_POINT ( 'NONE',  ( 18.69002286095545529, -34.98084328169999679, 0.5000000000000000000 ) ) ;
#2515 = CARTESIAN_POINT ( 'NONE',  ( 13.21966983318281663, -35.27084328170000305, 7.686157047397998099 ) ) ;
#2516 = CARTESIAN_POINT ( 'NONE',  ( -17.64370398651583116, -10.49999999999999467, 5.500000000000000000 ) ) ;
#2517 = CARTESIAN_POINT ( 'NONE',  ( 10.55312581957426943, 29.71646220636893787, 1.500000000000000222 ) ) ;
#2518 = ORIENTED_EDGE ( 'NONE', *, *, #4683, .T. ) ;
#2519 = ORIENTED_EDGE ( 'NONE', *, *, #4788, .F. ) ;
#2520 = EDGE_CURVE ( 'NONE', #3170, #636, #354, .T. ) ;
#2521 = ORIENTED_EDGE ( 'NONE', *, *, #6226, .T. ) ;
#2522 = DIRECTION ( 'NONE',  ( 1.000000000000000000, 0.000000000000000000, -0.000000000000000000 ) ) ;
#2523 = CARTESIAN_POINT ( 'NONE',  ( -10.35497002334945371, 24.28830808883552805, 1.499999999999999778 ) ) ;
#2524 = CIRCLE ( 'NONE', #4944, 1.600000000000000755 ) ;
#2525 = CARTESIAN_POINT ( 'NONE',  ( 9.538155400586697752, 29.28837947678105635, 3.500000000000000000 ) ) ;
#2526 = CARTESIAN_POINT ( 'NONE',  ( -18.69005080010079567, -35.27084328169999594, 13.33000000000000007 ) ) ;
#2527 = EDGE_CURVE ( 'NONE', #5686, #4419, #6518, .T. ) ;
#2528 = EDGE_CURVE ( 'NONE', #2247, #1138, #2389, .T. ) ;
#2529 = VERTEX_POINT ( 'NONE', #911 ) ;
#2530 = ORIENTED_EDGE ( 'NONE', *, *, #2329, .T. ) ;
#2531 = DIRECTION ( 'NONE',  ( -1.000000000000000000, 0.000000000000000000, -0.000000000000000000 ) ) ;
#2532 = CARTESIAN_POINT ( 'NONE',  ( -8.612987426891576703, 25.23912908597461424, 1.500000000000000000 ) ) ;
#2533 = CARTESIAN_POINT ( 'NONE',  ( 11.52268319091066573, 24.83929566579547199, 1.500000000000000000 ) ) ;
#2534 = DIRECTION ( 'NONE',  ( -1.000000000000000000, 0.000000000000000000, 0.000000000000000000 ) ) ;
#2535 = DIRECTION ( 'NONE',  ( -0.000000000000000000, -0.000000000000000000, -1.000000000000000000 ) ) ;
#2536 = ORIENTED_EDGE ( 'NONE', *, *, #6539, .T. ) ;
#2537 = VERTEX_POINT ( 'NONE', #2510 ) ;
#2538 = CARTESIAN_POINT ( 'NONE',  ( -1.016681028166914746, 25.65342728809001116, 1.500000000000000000 ) ) ;
#2539 = ORIENTED_EDGE ( 'NONE', *, *, #4970, .T. ) ;
#2540 = CARTESIAN_POINT ( 'NONE',  ( 12.08267970536993197, 27.03837947678105991, 4.500000000000000888 ) ) ;
#2541 = CARTESIAN_POINT ( 'NONE',  ( -2.286450899338983600, 25.07236010050075237, 1.500000000000156097 ) ) ;
#2542 = CARTESIAN_POINT ( 'NONE',  ( 5.956471665150682604, 27.39763194870471352, 1.500000000000000444 ) ) ;
#2543 = CARTESIAN_POINT ( 'NONE',  ( -5.216723393457485258, -22.23771907541695469, 0.5000000000000000000 ) ) ;
#2544 = CARTESIAN_POINT ( 'NONE',  ( 7.582679705369938183, 27.03837947678105991, 3.500000000000000000 ) ) ;
#2545 = VERTEX_POINT ( 'NONE', #447 ) ;
#2546 = ORIENTED_EDGE ( 'NONE', *, *, #1148, .T. ) ;
#2547 = CARTESIAN_POINT ( 'NONE',  ( -6.169593599177066956, 27.03837947678106701, 1.500000000000000000 ) ) ;
#2548 = CYLINDRICAL_SURFACE ( 'NONE', #4075, 2.200000000000000622 ) ;
#2549 = CARTESIAN_POINT ( 'NONE',  ( 17.94749555500000326, 30.40006096009999936, 13.33102500000000035 ) ) ;
#2550 = LINE ( 'NONE', #6756, #3058 ) ;
#2551 = EDGE_CURVE ( 'NONE', #652, #3684, #6682, .T. ) ;
#2552 = AXIS2_PLACEMENT_3D ( 'NONE', #5004, #2690, #1502 ) ;
#2553 = DIRECTION ( 'NONE',  ( -0.000000000000000000, -0.000000000000000000, 1.000000000000000000 ) ) ;
#2554 = EDGE_LOOP ( 'NONE', ( #4096, #499, #4963, #1546 ) ) ;
#2555 = CARTESIAN_POINT ( 'NONE',  ( 0.8032883538688893044, 28.42269224058190247, 1.500000000000000222 ) ) ;
#2556 = CARTESIAN_POINT ( 'NONE',  ( 7.082679705369937295, 27.03837947678105991, 1.500000000000000000 ) ) ;
#2557 = CARTESIAN_POINT ( 'NONE',  ( 5.397981573115541387, 26.44944673097552723, 3.500000000000000000 ) ) ;
#2558 = CYLINDRICAL_SURFACE ( 'NONE', #2623, 2.250000000000001776 ) ;
#2559 = EDGE_CURVE ( 'NONE', #3865, #2639, #3555, .T. ) ;
#2560 = CARTESIAN_POINT ( 'NONE',  ( -10.71616366562187928, 24.36029674719196692, 1.500000000000000222 ) ) ;
#2561 = VECTOR ( 'NONE', #3672, 1000.000000000000000 ) ;
#2562 = LINE ( 'NONE', #3200, #3380 ) ;
#2563 = LINE ( 'NONE', #4094, #104 ) ;
#2564 = CARTESIAN_POINT ( 'NONE',  ( 1.516539567555194701, 29.23746328776665138, 1.500000000000000000 ) ) ;
#2565 = AXIS2_PLACEMENT_3D ( 'NONE', #335, #882, #3486 ) ;
#2566 = CARTESIAN_POINT ( 'NONE',  ( -10.58465029723083894, 29.22981799680147574, 1.500000000000077938 ) ) ;
#2567 = ADVANCED_FACE ( 'NONE', ( #1892 ), #6656, .F. ) ;
#2568 = LINE ( 'NONE', #5542, #4151 ) ;
#2569 = CARTESIAN_POINT ( 'NONE',  ( 12.51110456317209696, 26.31857278746350559, 1.500000000000000000 ) ) ;
#2570 = LINE ( 'NONE', #5652, #2864 ) ;
#2571 = LINE ( 'NONE', #1669, #40 ) ;
#2572 = ORIENTED_EDGE ( 'NONE', *, *, #4682, .F. ) ;
#2573 = CARTESIAN_POINT ( 'NONE',  ( -15.91000000000001080, 31.18628651258499573, 2.500000000000000000 ) ) ;
#2574 = EDGE_CURVE ( 'NONE', #861, #1066, #3589, .T. ) ;
#2575 = FACE_OUTER_BOUND ( 'NONE', #5461, .T. ) ;
#2576 = CARTESIAN_POINT ( 'NONE',  ( 22.77463296930000070, 31.18628397259999829, 13.33000000000000007 ) ) ;
#2577 = VECTOR ( 'NONE', #4103, 1000.000000000000000 ) ;
#2578 = EDGE_CURVE ( 'NONE', #272, #5553, #1931, .T. ) ;
#2579 = CARTESIAN_POINT ( 'NONE',  ( 5.397981573115720799, 26.44944673097545618, 1.499999999999999556 ) ) ;
#2580 = ORIENTED_EDGE ( 'NONE', *, *, #788, .T. ) ;
#2581 = ORIENTED_EDGE ( 'NONE', *, *, #6070, .T. ) ;
#2582 = CARTESIAN_POINT ( 'NONE',  ( -19.29627756568321928, 23.71584007544054984, 2.745999229394573860 ) ) ;
#2583 = CARTESIAN_POINT ( 'NONE',  ( 0.9565430530959354583, 27.03837947678106346, 1.500000000000000000 ) ) ;
#2584 = CARTESIAN_POINT ( 'NONE',  ( 10.96582240520782392, 29.00439885306202470, 3.500000000000000000 ) ) ;
#2585 = LINE ( 'NONE', #4189, #1822 ) ;
#2586 = ORIENTED_EDGE ( 'NONE', *, *, #5533, .F. ) ;
#2587 = DIRECTION ( 'NONE',  ( -1.000000000000000000, -0.000000000000000000, -0.000000000000000000 ) ) ;
#2588 = VERTEX_POINT ( 'NONE', #6210 ) ;
#2589 = CARTESIAN_POINT ( 'NONE',  ( 0.8036304820857878006, 28.42333166547149403, 1.500000000000000000 ) ) ;
#2590 = LINE ( 'NONE', #4703, #1965 ) ;
#2591 = AXIS2_PLACEMENT_3D ( 'NONE', #91, #1239, #754 ) ;
#2592 = ORIENTED_EDGE ( 'NONE', *, *, #4190, .F. ) ;
#2593 = CARTESIAN_POINT ( 'NONE',  ( 2.912018741821894352, 24.78837947678107057, 3.500000000000001332 ) ) ;
#2594 = CARTESIAN_POINT ( 'NONE',  ( -8.611459425582630445, 24.63525668528349399, 1.500000000000000222 ) ) ;
#2595 = LINE ( 'NONE', #5748, #1346 ) ;
#2596 = FACE_OUTER_BOUND ( 'NONE', #2673, .T. ) ;
#2597 = CIRCLE ( 'NONE', #2358, 1.599999999980944887 ) ;
#2598 = B_SPLINE_CURVE_WITH_KNOTS ( 'NONE', 3,
 ( #852, #4595, #6664, #2397, #5529, #5063, #1941, #3420, #4560, #4121, #5028, #4055, #3035, #4084, #270, #780, #1299, #5630 ),
 .UNSPECIFIED., .F., .F.,
 ( 4, 2, 2, 2, 2, 2, 2, 2, 4 ),
 ( 0.5000000000000000000, 0.5625000000000000000, 0.6250000000000000000, 0.6875000000000000000, 0.7500000000000000000, 0.8125000000000000000, 0.8750000000000000000, 0.9375000000000000000, 1.000000000000000000 ),
 .UNSPECIFIED. ) ;
#2599 = EDGE_CURVE ( 'NONE', #3545, #1377, #5056, .T. ) ;
#2600 = ORIENTED_EDGE ( 'NONE', *, *, #6787, .F. ) ;
#2601 = DIRECTION ( 'NONE',  ( -0.000000000000000000, -0.000000000000000000, -1.000000000000000000 ) ) ;
#2602 = VERTEX_POINT ( 'NONE', #5548 ) ;
#2603 = CARTESIAN_POINT ( 'NONE',  ( -8.305714065884171049, 24.83929566579547554, 1.500000000000000000 ) ) ;
#2604 = CARTESIAN_POINT ( 'NONE',  ( 15.91000000000000014, -13.50000000000000178, 0.5000000000000000000 ) ) ;
#2605 = CARTESIAN_POINT ( 'NONE',  ( 6.179669765516815794, -35.27084328170000305, 10.84615707131399809 ) ) ;
#2606 = CARTESIAN_POINT ( 'NONE',  ( 14.16966983318281770, -35.27084328170000305, 9.896157071313998799 ) ) ;
#2607 = CARTESIAN_POINT ( 'NONE',  ( 0.8036304820858732878, 25.65342728809043393, 1.500000000000000000 ) ) ;
#2608 = VECTOR ( 'NONE', #826, 1000.000000000000000 ) ;
#2609 = EDGE_LOOP ( 'NONE', ( #1, #5120, #155, #2100 ) ) ;
#2610 = EDGE_CURVE ( 'NONE', #1689, #1961, #4861, .T. ) ;
#2611 = VERTEX_POINT ( 'NONE', #6624 ) ;
#2612 = SHAPE_DEFINITION_REPRESENTATION ( #5518, #1554 ) ;
#2613 = DIRECTION ( 'NONE',  ( -1.000000000000000000, 0.000000000000000000, 0.000000000000000000 ) ) ;
#2614 = CIRCLE ( 'NONE', #2501, 4.084610109220003338 ) ;
#2615 = CARTESIAN_POINT ( 'NONE',  ( -4.008526344982122680, 29.22981799680087178, 3.500000000000000000 ) ) ;
#2616 = DIRECTION ( 'NONE',  ( 0.000000000000000000, 0.000000000000000000, -1.000000000000000000 ) ) ;
#2617 = DIRECTION ( 'NONE',  ( 0.000000000000000000, 1.000000000000000000, 0.000000000000000000 ) ) ;
#2618 = DIRECTION ( 'NONE',  ( -5.489631211543685424E-16, 0.000000000000000000, -1.000000000000000000 ) ) ;
#2619 = ADVANCED_FACE ( 'NONE', ( #4043 ), #6107, .F. ) ;
#2620 = CARTESIAN_POINT ( 'NONE',  ( -5.822506170187292440, 28.42333166547212286, 1.500000000000000000 ) ) ;
#2621 =( BOUNDED_SURFACE ( )  B_SPLINE_SURFACE ( 2, 3, ( 
 ( #2069, #6369, #543, #3713, #3185, #5816, #2675, #4780, #1645, #602, #2099, #2137, #4287, #4250, #632, #1134, #1101, #3219, #2706, #1515, #3673, #5727, #3971, #1167, #764, #5988, #5456, #4439, #1282, #6022, #6508, #4876, #6406, #2881 ),
 ( #5952, #5388, #1245, #3837, #5919, #4978, #5418, #704, #4911, #731, #253, #134, #2234, #1309, #2344, #4378, #6431, #1719, #1211, #4003, #5649, #2532, #320, #867, #3050, #5014, #2458, #6200, #1476, #1401, #4503, #2948, #363, #3540 ),
 ( #5116, #6055, #2416, #1954, #3620, #5607, #4539, #4102, #6160, #6618, #1436, #1883, #5320, #2634, #964, #4246, #2128, #3110, #6300, #2699, #6241, #6274, #534, #2024, #4737, #3663, #5785, #4776, #1061, #3174, #567, #3767, #2667, #6330 ) ),
 .UNSPECIFIED., .F., .T., .F. ) 
 B_SPLINE_SURFACE_WITH_KNOTS ( ( 3, 3 ),
 ( 4, 2, 2, 2, 2, 2, 2, 2, 2, 2, 2, 2, 2, 2, 2, 2, 4 ),
 ( 0.000000000000000000, 1.000000000000000000 ),
 ( -6.283185307179586232, -5.890486225480861648, -5.497787143782137953, -5.105088062083414258, -4.712388980384689674, -4.319689898685965090, -3.926990816987241395, -3.534291735288517255, -3.141592653589793116, -2.748893571891068976, -2.356194490192344837, -1.963495408493620697, -1.570796326794896558, -1.178097245096172418, -0.7853981633974482790, -0.3926990816987241395, 0.000000000000000000 ),
 .UNSPECIFIED. ) 
 GEOMETRIC_REPRESENTATION_ITEM ( )  RATIONAL_B_SPLINE_SURFACE ( (
 ( 1.000000000000000000, 1.000000000000000000, 1.000000000000000000, 1.000000000000000000, 1.000000000000000000, 1.000000000000000000, 1.000000000000000000, 1.000000000000000000, 1.000000000000000000, 1.000000000000000000, 1.000000000000000000, 1.000000000000000000, 1.000000000000000000, 1.000000000000000000, 1.000000000000000000, 1.000000000000000000, 1.000000000000000000, 1.000000000000000000, 1.000000000000000000, 1.000000000000000000, 1.000000000000000000, 1.000000000000000000, 1.000000000000000000, 1.000000000000000000, 1.000000000000000000, 1.000000000000000000, 1.000000000000000000, 1.000000000000000000, 1.000000000000000000, 1.000000000000000000, 1.000000000000000000, 1.000000000000000000, 1.000000000000000000, 1.000000000000000000),
 ( 0.7071067811865475727, 0.7071067811865475727, 0.7071067811865474617, 0.7071067811865474617, 0.7071067811865475727, 0.7071067811865475727, 0.7071067811865475727, 0.7071067811865475727, 0.7071067811865482389, 0.7071067811865482389, 0.7071067811865475727, 0.7071067811865475727, 0.7071067811865475727, 0.7071067811865475727, 0.7071067811865475727, 0.7071067811865475727, 0.7071067811865473507, 0.7071067811865473507, 0.7071067811865473507, 0.7071067811865473507, 0.7071067811865475727, 0.7071067811865475727, 0.7071067811865475727, 0.7071067811865475727, 0.7071067811865469066, 0.7071067811865469066, 0.7071067811865475727, 0.7071067811865475727, 0.7071067811865479058, 0.7071067811865479058, 0.7071067811865472397, 0.7071067811865472397, 0.7071067811865475727, 0.7071067811865475727),
 ( 1.000000000000000000, 1.000000000000000000, 1.000000000000000000, 1.000000000000000000, 1.000000000000000000, 1.000000000000000000, 1.000000000000000000, 1.000000000000000000, 1.000000000000000000, 1.000000000000000000, 1.000000000000000000, 1.000000000000000000, 1.000000000000000000, 1.000000000000000000, 1.000000000000000000, 1.000000000000000000, 1.000000000000000000, 1.000000000000000000, 1.000000000000000000, 1.000000000000000000, 1.000000000000000000, 1.000000000000000000, 1.000000000000000000, 1.000000000000000000, 1.000000000000000000, 1.000000000000000000, 1.000000000000000000, 1.000000000000000000, 1.000000000000000000, 1.000000000000000000, 1.000000000000000000, 1.000000000000000000, 1.000000000000000000, 1.000000000000000000) ) ) 
 REPRESENTATION_ITEM ( '' )  SURFACE ( )  );
#2622 = DIRECTION ( 'NONE',  ( -1.000000000000000000, 0.000000000000000000, 0.000000000000000000 ) ) ;
#2623 = AXIS2_PLACEMENT_3D ( 'NONE', #4564, #6732, #4164 ) ;
#2624 = DIRECTION ( 'NONE',  ( 1.000000000000000000, -0.000000000000000000, 0.000000000000000000 ) ) ;
#2625 = CARTESIAN_POINT ( 'NONE',  ( 13.32730385592881639, 36.29999999999999005, 7.586156972313998992 ) ) ;
#2626 = DIRECTION ( 'NONE',  ( -1.000000000000000000, 0.000000000000000000, 0.000000000000000000 ) ) ;
#2627 = DIRECTION ( 'NONE',  ( -1.000000000000000000, 0.000000000000000000, 0.000000000000000000 ) ) ;
#2628 = CARTESIAN_POINT ( 'NONE',  ( 20.35760044904549204, 23.97844329406662212, 1.669042279916243876 ) ) ;
#2629 = EDGE_LOOP ( 'NONE', ( #1982, #980, #3114, #142 ) ) ;
#2630 = CARTESIAN_POINT ( 'NONE',  ( 5.609455624106160165, 28.42333166547213352, 1.500000000000000000 ) ) ;
#2631 = DIRECTION ( 'NONE',  ( 0.000000000000000000, -1.000000000000000000, 0.000000000000000000 ) ) ;
#2632 = ORIENTED_EDGE ( 'NONE', *, *, #2681, .T. ) ;
#2633 = CARTESIAN_POINT ( 'NONE',  ( 4.456543053095936457, 27.03837947678106701, 0.5000000000000000000 ) ) ;
#2634 = CARTESIAN_POINT ( 'NONE',  ( -8.196467160618929881, 28.42110960131455855, 3.500000000000000000 ) ) ;
#2635 = CARTESIAN_POINT ( 'NONE',  ( 9.538155400586697752, 29.28837947678105635, 1.499999999999998890 ) ) ;
#2636 = CARTESIAN_POINT ( 'NONE',  ( -4.008526338985445747, 24.84694095427735405, 3.499999999999999556 ) ) ;
#2637 = ADVANCED_FACE ( 'NONE', ( #4177 ), #3152, .F. ) ;
#2638 = VECTOR ( 'NONE', #3337, 1000.000000000000000 ) ;
#2639 = VERTEX_POINT ( 'NONE', #3777 ) ;
#2640 = LINE ( 'NONE', #5814, #2684 ) ;
#2641 = CARTESIAN_POINT ( 'NONE',  ( -4.140039713376665098, 24.36029674719409144, 1.500000000000000222 ) ) ;
#2642 = CARTESIAN_POINT ( 'NONE',  ( 15.90999999999999304, 31.18628651258500284, 2.500000000000000000 ) ) ;
#2643 = ADVANCED_FACE ( 'NONE', ( #6784 ), #2621, .T. ) ;
#2644 = CARTESIAN_POINT ( 'NONE',  ( 7.154465068062799915, 26.31787872459990041, 1.500000000000000222 ) ) ;
#2645 = ORIENTED_EDGE ( 'NONE', *, *, #4802, .T. ) ;
#2646 = ORIENTED_EDGE ( 'NONE', *, *, #3071, .T. ) ;
#2647 = AXIS2_PLACEMENT_3D ( 'NONE', #2794, #225, #6444 ) ;
#2648 = CARTESIAN_POINT ( 'NONE',  ( 19.99999999999999645, -36.80000000000000426, 13.33000000000000007 ) ) ;
#2649 = ADVANCED_FACE ( 'NONE', ( #3243 ), #3322, .T. ) ;
#2650 = ADVANCED_FACE ( 'NONE', ( #3358 ), #655, .T. ) ;
#2651 = CARTESIAN_POINT ( 'NONE',  ( 7.634156676957149834, 28.72884278709325656, 1.500000000000000222 ) ) ;
#2652 = VERTEX_POINT ( 'NONE', #726 ) ;
#2653 = CARTESIAN_POINT ( 'NONE',  ( 0.5281181952940028346, 27.75818616609862133, 1.500000000000000000 ) ) ;
#2654 = DIRECTION ( 'NONE',  ( -0.000000000000000000, -0.000000000000000000, -1.000000000000000000 ) ) ;
#2655 = LINE ( 'NONE', #4824, #4975 ) ;
#2656 = CIRCLE ( 'NONE', #6477, 0.9499999999999995115 ) ;
#2657 = FACE_BOUND ( 'NONE', #4370, .T. ) ;
#2658 = EDGE_CURVE ( 'NONE', #3020, #4617, #1322, .T. ) ;
#2659 = DIRECTION ( 'NONE',  ( 0.000000000000000000, 0.000000000000000000, 1.000000000000000000 ) ) ;
#2660 = ORIENTED_EDGE ( 'NONE', *, *, #5249, .T. ) ;
#2661 = CARTESIAN_POINT ( 'NONE',  ( 1.717287274565366451, -16.90370840737503499, 0.5000000000000000000 ) ) ;
#2662 = VERTEX_POINT ( 'NONE', #3277 ) ;
#2663 = VERTEX_POINT ( 'NONE', #4899 ) ;
#2664 = VECTOR ( 'NONE', #1304, 1000.000000000000000 ) ;
#2665 = CIRCLE ( 'NONE', #6492, 4.084608839220205567 ) ;
#2666 = FACE_OUTER_BOUND ( 'NONE', #1089, .T. ) ;
#2667 = CARTESIAN_POINT ( 'NONE',  ( -12.24571755142490659, 26.74385517199782569, 3.500000000000000000 ) ) ;
#2668 = CARTESIAN_POINT ( 'NONE',  ( 14.94749555500000149, 34.77089408179999452, 1.500000000000000000 ) ) ;
#2669 = CARTESIAN_POINT ( 'NONE',  ( 10.96582240520784346, 29.00439885306206733, 1.500000000000157208 ) ) ;
#2670 = CARTESIAN_POINT ( 'NONE',  ( 5.229669765516815616, -36.30000000000000426, 8.636157047397997388 ) ) ;
#2671 = CARTESIAN_POINT ( 'NONE',  ( 5.456543053095937346, 27.33290378156430123, 1.500000000000000000 ) ) ;
#2672 = ORIENTED_EDGE ( 'NONE', *, *, #4323, .F. ) ;
#2673 = EDGE_LOOP ( 'NONE', ( #4049, #5081 ) ) ;
#2674 = VERTEX_POINT ( 'NONE', #161 ) ;
#2675 = CARTESIAN_POINT ( 'NONE',  ( -11.38066974011565513, 29.44129204779097719, 1.500000000000000000 ) ) ;
#2676 = CARTESIAN_POINT ( 'NONE',  ( 18.71863864664125288, 23.67963109659307364, 3.500000000000000000 ) ) ;
#2677 = CARTESIAN_POINT ( 'NONE',  ( 7.082679705369937295, 27.03837947678105991, 1.500000000000000000 ) ) ;
#2678 = ORIENTED_EDGE ( 'NONE', *, *, #5202, .T. ) ;
#2679 = LINE ( 'NONE', #577, #4142 ) ;
#2680 = CARTESIAN_POINT ( 'NONE',  ( -3.060341127253925375, 29.78845086472545489, 1.500000000000000000 ) ) ;
#2681 = EDGE_CURVE ( 'NONE', #4412, #2716, #5976, .T. ) ;
#2682 = CIRCLE ( 'NONE', #20, 1.250000000000001110 ) ;
#2683 = CARTESIAN_POINT ( 'NONE',  ( -4.804545787867501083, 29.44129204779097719, 1.500000000000000000 ) ) ;
#2684 = VECTOR ( 'NONE', #5483, 1000.000000000000000 ) ;
#2685 = EDGE_LOOP ( 'NONE', ( #6779, #6351, #4465, #4451, #749, #4915, #1152, #6554 ) ) ;
#2686 = LINE ( 'NONE', #151, #1979 ) ;
#2687 = VECTOR ( 'NONE', #7, 1000.000000000000000 ) ;
#2688 = AXIS2_PLACEMENT_3D ( 'NONE', #2549, #6219, #486 ) ;
#2689 = ADVANCED_FACE ( 'NONE', ( #5480 ), #1811, .F. ) ;
#2690 = DIRECTION ( 'NONE',  ( -0.000000000000000000, -0.000000000000000000, 1.000000000000000000 ) ) ;
#2691 = ORIENTED_EDGE ( 'NONE', *, *, #508, .T. ) ;
#2692 = CIRCLE ( 'NONE', #927, 1.100000000000000311 ) ;
#2693 = EDGE_CURVE ( 'NONE', #3262, #522, #5843, .T. ) ;
#2694 = EDGE_CURVE ( 'NONE', #4132, #4617, #5355, .T. ) ;
#2695 = DIRECTION ( 'NONE',  ( 0.000000000000000000, 0.000000000000000000, -1.000000000000000000 ) ) ;
#2696 = ORIENTED_EDGE ( 'NONE', *, *, #5053, .T. ) ;
#2697 = ORIENTED_EDGE ( 'NONE', *, *, #4928, .T. ) ;
#2698 = FACE_OUTER_BOUND ( 'NONE', #6696, .T. ) ;
#2699 = CARTESIAN_POINT ( 'NONE',  ( -8.029698175143719752, 25.90523677694371329, 3.500000000000000000 ) ) ;
#2700 = AXIS2_PLACEMENT_3D ( 'NONE', #841, #2857, #4955 ) ;
#2701 = CARTESIAN_POINT ( 'NONE',  ( 7.866660329088928982, 28.17152217661834257, 1.500000000000000000 ) ) ;
#2702 = LINE ( 'NONE', #1638, #968 ) ;
#2703 = VERTEX_POINT ( 'NONE', #6702 ) ;
#2704 = DIRECTION ( 'NONE',  ( 0.000000000000000000, 0.000000000000000000, -1.000000000000000000 ) ) ;
#2705 = DIRECTION ( 'NONE',  ( -0.000000000000000000, -0.000000000000000000, -1.000000000000000000 ) ) ;
#2706 = CARTESIAN_POINT ( 'NONE',  ( -7.317292693622895250, 26.31857278746351270, 1.500000000000000000 ) ) ;
#2707 = CARTESIAN_POINT ( 'NONE',  ( 10.55248639468729444, 24.35995461897944026, 1.500000000000000000 ) ) ;
#2708 = CARTESIAN_POINT ( 'NONE',  ( -14.98945566345019387, 29.90006096009999936, 1.500000000000000000 ) ) ;
#2709 = CARTESIAN_POINT ( 'NONE',  ( -14.44749555499999971, -35.27084328170000305, 6.000000000000000000 ) ) ;
#2710 = CARTESIAN_POINT ( 'NONE',  ( -15.90999999999999304, -13.49999999999999822, 5.500000000000000000 ) ) ;
#2711 = ORIENTED_EDGE ( 'NONE', *, *, #6321, .T. ) ;
#2712 = DATE_AND_TIME ( #3297, #4429 ) ;
#2713 = VECTOR ( 'NONE', #1922, 1000.000000000000000 ) ;
#2714 = CARTESIAN_POINT ( 'NONE',  ( 0.1172872745844294184, -16.90370840737503499, 0.5000000000000000000 ) ) ;
#2715 = VERTEX_POINT ( 'NONE', #2905 ) ;
#2716 = VERTEX_POINT ( 'NONE', #2972 ) ;
#2717 = CARTESIAN_POINT ( 'NONE',  ( 3.795475792904317913, 24.84694095427735760, 3.499999999999999556 ) ) ;
#2718 = CARTESIAN_POINT ( 'NONE',  ( -20.30000000000000071, -32.80000000000001137, 13.33000000000000007 ) ) ;
#2719 = AXIS2_PLACEMENT_3D ( 'NONE', #4755, #2108, #4261 ) ;
#2720 = CARTESIAN_POINT ( 'NONE',  ( 7.582679705369938183, 26.74385517199781859, 3.500000000000000000 ) ) ;
#2721 = CARTESIAN_POINT ( 'NONE',  ( -20.30000000000000071, 36.79999999999999005, 0.000000000000000000 ) ) ;
#2722 = EDGE_CURVE ( 'NONE', #1585, #6481, #5615, .T. ) ;
#2723 = EDGE_LOOP ( 'NONE', ( #2019, #902, #2139, #5241 ) ) ;
#2724 = CARTESIAN_POINT ( 'NONE',  ( 19.45030395105752774, 23.73650307797113967, 2.568144082134271589 ) ) ;
#2725 = VERTEX_POINT ( 'NONE', #4627 ) ;
#2726 = ORIENTED_EDGE ( 'NONE', *, *, #4694, .T. ) ;
#2727 = LINE ( 'NONE', #6362, #1238 ) ;
#2728 = ORIENTED_EDGE ( 'NONE', *, *, #4885, .T. ) ;
#2729 = CARTESIAN_POINT ( 'NONE',  ( -8.612987426891423937, 28.83762986758705082, 3.500000000000000000 ) ) ;
#2730 = FACE_BOUND ( 'NONE', #6088, .T. ) ;
#2731 = FACE_OUTER_BOUND ( 'NONE', #4303, .T. ) ;
#2732 = CARTESIAN_POINT ( 'NONE',  ( 7.154254847567844244, 26.31857278746370454, 1.500000000000000000 ) ) ;
#2733 = CARTESIAN_POINT ( 'NONE',  ( -18.69005080010002828, -34.98084328169999679, 0.5000000000000000000 ) ) ;
#2734 = EDGE_CURVE ( 'NONE', #1628, #527, #1425, .T. ) ;
#2735 = EDGE_CURVE ( 'NONE', #5079, #4325, #6609, .T. ) ;
#2736 = CARTESIAN_POINT ( 'NONE',  ( 0.9565430530959354583, 27.33290378805511267, 3.500000000000000000 ) ) ;
#2737 = ORIENTED_EDGE ( 'NONE', *, *, #2039, .F. ) ;
#2738 = DIRECTION ( 'NONE',  ( -1.000000000000000000, 0.000000000000000000, 0.000000000000000000 ) ) ;
#2739 = DIRECTION ( 'NONE',  ( -1.000000000000000000, 0.000000000000000000, 0.000000000000000000 ) ) ;
#2740 = EDGE_LOOP ( 'NONE', ( #5170, #1013, #169, #3475 ) ) ;
#2741 = CARTESIAN_POINT ( 'NONE',  ( -18.69005080008501096, 35.27089408180000163, 6.000000000000000000 ) ) ;
#2742 = CARTESIAN_POINT ( 'NONE',  ( 8.033429314563795387, 28.42110960131407182, 1.500000000000000222 ) ) ;
#2743 = DIRECTION ( 'NONE',  ( 0.000000000000000000, 0.000000000000000000, -1.000000000000000000 ) ) ;
#2744 = ORIENTED_EDGE ( 'NONE', *, *, #5427, .F. ) ;
#2745 = AXIS2_PLACEMENT_3D ( 'NONE', #4807, #3801, #506 ) ;
#2746 = CARTESIAN_POINT ( 'NONE',  ( 14.81000000000000405, -13.50000000000000178, 2.500000000000000444 ) ) ;
#2747 = ORIENTED_EDGE ( 'NONE', *, *, #1308, .F. ) ;
#2748 = DIRECTION ( 'NONE',  ( 0.000000000000000000, 0.000000000000000000, -1.000000000000000000 ) ) ;
#2749 = CARTESIAN_POINT ( 'NONE',  ( 11.21540982531349151, 25.23912908138516187, 3.500000000000000444 ) ) ;
#2750 = CYLINDRICAL_SURFACE ( 'NONE', #550, 1.249999999999999334 ) ;
#2751 = ORIENTED_EDGE ( 'NONE', *, *, #1308, .T. ) ;
#2752 = FACE_BOUND ( 'NONE', #3483, .T. ) ;
#2753 = FACE_OUTER_BOUND ( 'NONE', #2487, .T. ) ;
#2754 = FACE_BOUND ( 'NONE', #4362, .T. ) ;
#2755 = EDGE_CURVE ( 'NONE', #521, #3684, #2665, .T. ) ;
#2756 = CARTESIAN_POINT ( 'NONE',  ( -18.69005080008499675, 31.18628651258499573, 3.500000000000000000 ) ) ;
#2757 = CARTESIAN_POINT ( 'NONE',  ( 19.54749555500000113, -30.40006096009999936, 3.499999999999999556 ) ) ;
#2758 = CARTESIAN_POINT ( 'NONE',  ( 14.16370932933438453, -8.753709329334398603, 4.190281997000790959 ) ) ;
#2759 = CARTESIAN_POINT ( 'NONE',  ( -16.34749555500000184, 30.40006096009999936, 13.33102500000000035 ) ) ;
#2760 = CARTESIAN_POINT ( 'NONE',  ( 13.32730385592881639, 36.80100000000001614, 7.586156972313998992 ) ) ;
#2761 = DIRECTION ( 'NONE',  ( -0.000000000000000000, -0.000000000000000000, -1.000000000000000000 ) ) ;
#2762 = CARTESIAN_POINT ( 'NONE',  ( -3.714117903960224343, 29.28837947678107057, 3.500000000000000000 ) ) ;
#2763 = CARTESIAN_POINT ( 'NONE',  ( 0.5281181952939202340, 26.31857278746371165, 1.500000000000000000 ) ) ;
#2764 = CIRCLE ( 'NONE', #4748, 2.200000000000000622 ) ;
#2765 = EDGE_CURVE ( 'NONE', #6066, #4419, #5034, .T. ) ;
#2766 = EDGE_LOOP ( 'NONE', ( #4625, #3747 ) ) ;
#2767 = DIRECTION ( 'NONE',  ( 0.000000000000000000, 0.000000000000000000, 1.000000000000000000 ) ) ;
#2768 = FACE_OUTER_BOUND ( 'NONE', #57, .T. ) ;
#2769 = CC_DESIGN_APPROVAL ( #117, ( #5895 ) ) ;
#2770 = CARTESIAN_POINT ( 'NONE',  ( 7.641241185350021503, 26.44944673097627330, 3.500000000000000000 ) ) ;
#2771 = CARTESIAN_POINT ( 'NONE',  ( 2.912018748312592109, 24.78837947678106701, 3.500000000000000000 ) ) ;
#2772 = AXIS2_PLACEMENT_3D ( 'NONE', #4026, #391, #5175 ) ;
#2773 = EDGE_LOOP ( 'NONE', ( #6538, #5448, #4566, #3365 ) ) ;
#2774 = LINE ( 'NONE', #3834, #4635 ) ;
#2775 = AXIS2_PLACEMENT_3D ( 'NONE', #5924, #1800, #2859 ) ;
#2776 = EDGE_CURVE ( 'NONE', #1391, #5858, #351, .T. ) ;
#2777 = CARTESIAN_POINT ( 'NONE',  ( 24.30000000000000071, -36.80000000000000426, 1.500000000000000000 ) ) ;
#2778 = AXIS2_PLACEMENT_3D ( 'NONE', #2855, #1216, #3338 ) ;
#2779 = CARTESIAN_POINT ( 'NONE',  ( 9.243746959565253718, 29.22981799680083981, 1.499999999999843903 ) ) ;
#2780 = DIRECTION ( 'NONE',  ( -1.000000000000000000, -3.061276722312012984E-16, 0.000000000000000000 ) ) ;
#2781 = VERTEX_POINT ( 'NONE', #4128 ) ;
#2782 = FACE_OUTER_BOUND ( 'NONE', #2609, .T. ) ;
#2783 = DESIGN_CONTEXT ( 'detailed design', #5501, 'design' ) ;
#2784 = ADVANCED_FACE ( 'NONE', ( #5676, #5174 ), #2090, .F. ) ;
#2785 = CARTESIAN_POINT ( 'NONE',  ( -5.618677410162185026, 25.34837599124017515, 1.500000000000000000 ) ) ;
#2786 = CARTESIAN_POINT ( 'NONE',  ( 19.54749555500000113, 30.40006096009999936, 13.33102500000000035 ) ) ;
#2787 = LINE ( 'NONE', #3905, #5191 ) ;
#2788 = PLANE ( 'NONE',  #5832 ) ;
#2789 = EDGE_LOOP ( 'NONE', ( #311, #3755, #1711, #6253 ) ) ;
#2790 = CARTESIAN_POINT ( 'NONE',  ( -15.90999999999999304, -13.49999999999999822, 2.500000000000000444 ) ) ;
#2791 = VECTOR ( 'NONE', #368, 1000.000000000000000 ) ;
#2792 = DIRECTION ( 'NONE',  ( -1.000000000000000000, 0.000000000000000000, 0.000000000000000000 ) ) ;
#2793 = CARTESIAN_POINT ( 'NONE',  ( -13.34272399793517572, 36.29999999999999005, 7.586156972313995439 ) ) ;
#2794 = CARTESIAN_POINT ( 'NONE',  ( 0.000000000000000000, -27.40006096009999936, 6.000000000000000000 ) ) ;
#2795 = ORIENTED_EDGE ( 'NONE', *, *, #4606, .F. ) ;
#2796 = CIRCLE ( 'NONE', #3348, 2.249999999999996891 ) ;
#2797 = DIRECTION ( 'NONE',  ( 0.000000000000000000, 0.000000000000000000, -1.000000000000000000 ) ) ;
#2798 = CARTESIAN_POINT ( 'NONE',  ( 8.449949585426383081, 28.83762987217696860, 3.500000000000000888 ) ) ;
#2799 = ORIENTED_EDGE ( 'NONE', *, *, #664, .F. ) ;
#2800 = AXIS2_PLACEMENT_3D ( 'NONE', #5665, #948, #5062 ) ;
#2801 = CARTESIAN_POINT ( 'NONE',  ( -2.830660853372144459, 29.22981799680092863, 3.500000000000000000 ) ) ;
#2802 = B_SPLINE_CURVE_WITH_KNOTS ( 'NONE', 3,
 ( #5463, #6584, #296, #6102, #6549, #2386, #872, #4007, #1856, #2987 ),
 .UNSPECIFIED., .F., .F.,
 ( 4, 2, 2, 2, 4 ),
 ( 0.000000000000000000, 0.001629443810689799096, 0.003258887621379598191, 0.004888331432069395986, 0.006517775242759194648 ),
 .UNSPECIFIED. ) ;
#2803 = CARTESIAN_POINT ( 'NONE',  ( -7.745717551424907477, 26.74385517199781503, 1.500000000000000000 ) ) ;
#2804 = DIRECTION ( 'NONE',  ( -1.000000000000000000, 0.000000000000000000, -0.000000000000000000 ) ) ;
#2805 = DIRECTION ( 'NONE',  ( 1.000000000000000000, -0.000000000000000000, 0.000000000000000000 ) ) ;
#2806 = DIRECTION ( 'NONE',  ( -0.000000000000000000, -1.000000000000000000, -0.000000000000000000 ) ) ;
#2807 = CARTESIAN_POINT ( 'NONE',  ( -20.00000000000000000, 36.79999999999999005, 13.33000000000000007 ) ) ;
#2808 = EDGE_CURVE ( 'NONE', #1961, #1689, #4438, .T. ) ;
#2809 = ORIENTED_EDGE ( 'NONE', *, *, #4725, .F. ) ;
#2810 = CARTESIAN_POINT ( 'NONE',  ( 14.44749555499999971, -34.77084328169999594, 13.33000000000000007 ) ) ;
#2811 = CIRCLE ( 'NONE', #35, 10.00000000000000000 ) ;
#2812 = LINE ( 'NONE', #168, #4565 ) ;
#2813 = CARTESIAN_POINT ( 'NONE',  ( 15.90999999999999659, 19.90000000000000213, 5.611269837220810075 ) ) ;
#2814 = CARTESIAN_POINT ( 'NONE',  ( 14.94749555500001215, 5.323477688200406227E-15, 6.000000000000000000 ) ) ;
#2815 = ORIENTED_EDGE ( 'NONE', *, *, #4836, .T. ) ;
#2816 = CARTESIAN_POINT ( 'NONE',  ( 1.015104533076047977, 26.44944673097621290, 3.500000000000000000 ) ) ;
#2817 = EDGE_CURVE ( 'NONE', #4408, #5766, #1428, .T. ) ;
#2818 = CARTESIAN_POINT ( 'NONE',  ( -1.228155076673352220, 27.62731221658944847, 3.500000000000000444 ) ) ;
#2819 = ORIENTED_EDGE ( 'NONE', *, *, #2236, .F. ) ;
#2820 = CARTESIAN_POINT ( 'NONE',  ( -1.016470807675889265, 28.42263760262153482, 1.500000000000000000 ) ) ;
#2821 = AXIS2_PLACEMENT_3D ( 'NONE', #56, #1634, #621 ) ;
#2822 = CARTESIAN_POINT ( 'NONE',  ( -19.57038866172029046, 23.75621316471637101, 2.436149412499125866 ) ) ;
#2823 = DIRECTION ( 'NONE',  ( -0.000000000000000000, -0.000000000000000000, 1.000000000000000000 ) ) ;
#2824 = ORIENTED_EDGE ( 'NONE', *, *, #6114, .F. ) ;
#2825 = DIRECTION ( 'NONE',  ( -1.000000000000000000, 0.000000000000000000, 0.000000000000000000 ) ) ;
#2826 = EDGE_CURVE ( 'NONE', #1547, #2652, #6018, .T. ) ;
#2827 = AXIS2_PLACEMENT_3D ( 'NONE', #3082, #471, #6742 ) ;
#2828 = ADVANCED_FACE ( 'NONE', ( #1779 ), #1185, .F. ) ;
#2829 = ORIENTED_EDGE ( 'NONE', *, *, #2559, .F. ) ;
#2830 = CYLINDRICAL_SURFACE ( 'NONE', #5264, 2.250000000000001332 ) ;
#2831 = AXIS2_PLACEMENT_3D ( 'NONE', #1275, #5566, #313 ) ;
#2832 = CARTESIAN_POINT ( 'NONE',  ( -20.30000000000000071, 32.79999999999999005, 0.000000000000000000 ) ) ;
#2833 = CARTESIAN_POINT ( 'NONE',  ( 11.79869907916701166, 28.17152218261558616, 3.500000000000000444 ) ) ;
#2834 = CARTESIAN_POINT ( 'NONE',  ( 2.912018748312776850, 29.28837947678106701, 1.500000000000000888 ) ) ;
#2835 = CARTESIAN_POINT ( 'NONE',  ( 2.912018748312670269, 24.78837947678106346, 1.499999999999998890 ) ) ;
#2836 = ORIENTED_EDGE ( 'NONE', *, *, #3651, .T. ) ;
#2837 = CARTESIAN_POINT ( 'NONE',  ( -9.701193246641798495, 24.78837947678106346, 1.499999999999998890 ) ) ;
#2838 = CARTESIAN_POINT ( 'NONE',  ( 3.206543053095936457, 27.03837947678106701, 4.500000000000000888 ) ) ;
#2839 = CARTESIAN_POINT ( 'NONE',  ( 15.90999999999999659, 21.00000000000000000, 2.500000000000000000 ) ) ;
#2840 = DIRECTION ( 'NONE',  ( -1.000000000000000000, 0.000000000000000000, 0.000000000000000000 ) ) ;
#2841 = CARTESIAN_POINT ( 'NONE',  ( -22.77465836929999909, -26.90006096009999936, 13.33000000000000007 ) ) ;
#2842 = CARTESIAN_POINT ( 'NONE',  ( 5.229669765516815616, -36.80000000000000426, 9.896157071313998799 ) ) ;
#2843 = CARTESIAN_POINT ( 'NONE',  ( 1.823812933152377580, 28.83762987217697571, 3.500000000000000000 ) ) ;
#2844 = EDGE_LOOP ( 'NONE', ( #697, #2081, #6530, #6254 ) ) ;
#2845 = ORIENTED_EDGE ( 'NONE', *, *, #3410, .F. ) ;
#2846 = CARTESIAN_POINT ( 'NONE',  ( 5.229669765516815616, -36.80100000000001614, 7.686157047397998099 ) ) ;
#2847 = ORIENTED_EDGE ( 'NONE', *, *, #3307, .F. ) ;
#2848 = ORIENTED_EDGE ( 'NONE', *, *, #3115, .T. ) ;
#2849 = CARTESIAN_POINT ( 'NONE',  ( -5.618217585398174840, 25.34781520867542426, 1.499999999999999778 ) ) ;
#2850 = ADVANCED_FACE ( 'NONE', ( #5436 ), #3912, .F. ) ;
#2851 = DIRECTION ( 'NONE',  ( -1.000000000000000000, 0.000000000000000000, -0.000000000000000000 ) ) ;
#2852 = CARTESIAN_POINT ( 'NONE',  ( 0.4565430530959354027, 27.03837947678106701, 1.500000000000000000 ) ) ;
#2853 = CARTESIAN_POINT ( 'NONE',  ( -7.537381551142570579, 23.67963109659307008, 1.500000000000000000 ) ) ;
#2854 = CARTESIAN_POINT ( 'NONE',  ( 15.74749555500000042, -30.40006096009999936, 0.5000000000000004441 ) ) ;
#2855 = CARTESIAN_POINT ( 'NONE',  ( 17.94749555500000326, -30.40006096009999936, 13.33102500000000035 ) ) ;
#2856 = CARTESIAN_POINT ( 'NONE',  ( -20.34858517882392448, 23.97402288082169619, 1.676918903455363319 ) ) ;
#2857 = DIRECTION ( 'NONE',  ( 0.000000000000000000, 0.000000000000000000, -1.000000000000000000 ) ) ;
#2858 = DIRECTION ( 'NONE',  ( -0.000000000000000000, -0.000000000000000000, 1.000000000000000000 ) ) ;
#2859 = DIRECTION ( 'NONE',  ( -1.000000000000000000, 0.000000000000000000, 0.000000000000000000 ) ) ;
#2860 = AXIS2_PLACEMENT_3D ( 'NONE', #1825, #1767, #5020 ) ;
#2861 = CARTESIAN_POINT ( 'NONE',  ( 3.851297942645397487, -22.23771907541695469, 0.5000000000000000000 ) ) ;
#2862 = CARTESIAN_POINT ( 'NONE',  ( 14.94749555500000149, -34.77084328169999594, 6.000000000000000000 ) ) ;
#2863 = VERTEX_POINT ( 'NONE', #1265 ) ;
#2864 = VECTOR ( 'NONE', #4678, 1000.000000000000000 ) ;
#2865 = CARTESIAN_POINT ( 'NONE',  ( 10.42161245117445212, 24.84694095676121250, 1.499999999999843903 ) ) ;
#2866 = EDGE_CURVE ( 'NONE', #3560, #5781, #6792, .T. ) ;
#2867 = CARTESIAN_POINT ( 'NONE',  ( 20.29999999999999716, 36.79999999999999005, 1.500000000000000000 ) ) ;
#2868 = DIRECTION ( 'NONE',  ( 0.000000000000000000, 0.000000000000000000, -1.000000000000000000 ) ) ;
#2869 = EDGE_LOOP ( 'NONE', ( #441, #970, #588, #6090, #1935, #4491 ) ) ;
#2870 = CARTESIAN_POINT ( 'NONE',  ( 20.21212456764097354, 23.91667657675480640, 1.798453453051495954 ) ) ;
#2871 = CARTESIAN_POINT ( 'NONE',  ( 4.339685752933532648, 29.00439885306207444, 1.499999999999843903 ) ) ;
#2872 = VECTOR ( 'NONE', #3562, 1000.000000000000000 ) ;
#2873 = EDGE_CURVE ( 'NONE', #5718, #1305, #1624, .T. ) ;
#2874 = DIRECTION ( 'NONE',  ( -0.000000000000000000, -0.000000000000000000, -1.000000000000000000 ) ) ;
#2875 = LINE ( 'NONE', #454, #1301 ) ;
#2876 = DIRECTION ( 'NONE',  ( -1.000000000000000000, 0.000000000000000000, 0.000000000000000000 ) ) ;
#2877 = ORIENTED_EDGE ( 'NONE', *, *, #3230, .F. ) ;
#2878 = CYLINDRICAL_SURFACE ( 'NONE', #6005, 10.00000000000000178 ) ;
#2879 = VECTOR ( 'NONE', #4628, 1000.000000000000000 ) ;
#2880 = DIRECTION ( 'NONE',  ( 0.000000000000000000, 0.000000000000000000, -1.000000000000000000 ) ) ;
#2881 = CARTESIAN_POINT ( 'NONE',  ( -12.74571755142490836, 27.03837947678106701, 1.500000000000000000 ) ) ;
#2882 = CARTESIAN_POINT ( 'NONE',  ( -2.749305308601172726, 36.29999999999999005, 1.740000000223998144 ) ) ;
#2883 = DIRECTION ( 'NONE',  ( -0.000000000000000000, -0.000000000000000000, -1.000000000000000000 ) ) ;
#2884 = DIRECTION ( 'NONE',  ( 1.000000000000000000, 0.000000000000000000, 0.000000000000000000 ) ) ;
#2885 = DIRECTION ( 'NONE',  ( -0.000000000000000000, -0.000000000000000000, 1.000000000000000000 ) ) ;
#2886 = CARTESIAN_POINT ( 'NONE',  ( 5.956543053095937346, 26.67840532649077900, 1.500000000000000000 ) ) ;
#2887 = CARTESIAN_POINT ( 'NONE',  ( -2.036863479233503860, 28.83762987217696860, 3.499999999999999556 ) ) ;
#2888 = PRODUCT_RELATED_PRODUCT_CATEGORY ( 'detail', '', ( #2390 ) ) ;
#2889 = DIRECTION ( 'NONE',  ( 2.040851148208008491E-16, -1.000000000000000000, 0.000000000000000000 ) ) ;
#2890 = COORDINATED_UNIVERSAL_TIME_OFFSET ( 8, 0, .AHEAD. ) ;
#2891 = DIRECTION ( 'NONE',  ( -0.000000000000000000, -0.000000000000000000, -1.000000000000000000 ) ) ;
#2892 = CARTESIAN_POINT ( 'NONE',  ( 11.21540982990294744, 28.83762986758750912, 1.499999999999843903 ) ) ;
#2893 = CARTESIAN_POINT ( 'NONE',  ( -5.822506170187049968, 25.65342728809043393, 1.500000000000000000 ) ) ;
#2894 = VECTOR ( 'NONE', #4796, 1000.000000000000000 ) ;
#2895 = CARTESIAN_POINT ( 'NONE',  ( 6.179669765516815794, -36.30000000000000426, 9.896157071313998799 ) ) ;
#2896 = LINE ( 'NONE', #2359, #681 ) ;
#2897 = AXIS2_PLACEMENT_3D ( 'NONE', #4923, #3304, #5338 ) ;
#2898 = CARTESIAN_POINT ( 'NONE',  ( 13.32431064739982496, 35.27089408179999452, 1.649999999999998579 ) ) ;
#2899 = CARTESIAN_POINT ( 'NONE',  ( -6.098018456978921087, 27.75818616609799960, 1.500000000000000000 ) ) ;
#2900 = EDGE_CURVE ( 'NONE', #6403, #4472, #4966, .T. ) ;
#2901 = EDGE_LOOP ( 'NONE', ( #2266, #6489 ) ) ;
#2902 = LINE ( 'NONE', #3456, #1659 ) ;
#2903 = VECTOR ( 'NONE', #1250, 1000.000000000000000 ) ;
#2904 = ORIENTED_EDGE ( 'NONE', *, *, #316, .F. ) ;
#2905 = CARTESIAN_POINT ( 'NONE',  ( -14.94749555500000326, -30.40006096009999936, 6.000000000000000000 ) ) ;
#2906 = CARTESIAN_POINT ( 'NONE',  ( 6.179669765516815794, -36.30000000000000426, 7.686157047397998099 ) ) ;
#2907 = CARTESIAN_POINT ( 'NONE',  ( -18.69005080008499675, 21.00000000000000000, 2.500000000000000000 ) ) ;
#2908 = DIRECTION ( 'NONE',  ( -1.040834085586084454E-15, -1.000000000000000000, 0.000000000000000000 ) ) ;
#2909 = DIRECTION ( 'NONE',  ( 0.000000000000000000, 0.000000000000000000, -1.000000000000000000 ) ) ;
#2910 = EDGE_CURVE ( 'NONE', #5891, #1066, #1952, .T. ) ;
#2911 = CARTESIAN_POINT ( 'NONE',  ( -2.036863474643695771, 25.23912908597461424, 1.500000000000000000 ) ) ;
#2912 = EDGE_CURVE ( 'NONE', #6495, #2715, #344, .T. ) ;
#2913 = ORIENTED_EDGE ( 'NONE', *, *, #3150, .F. ) ;
#2914 = ORIENTED_EDGE ( 'NONE', *, *, #3077, .T. ) ;
#2915 = EDGE_LOOP ( 'NONE', ( #3432, #4227, #2539, #1642 ) ) ;
#2916 = ORIENTED_EDGE ( 'NONE', *, *, #4280, .T. ) ;
#2917 = DIRECTION ( 'NONE',  ( -0.000000000000000000, -0.000000000000000000, -1.000000000000000000 ) ) ;
#2918 = EDGE_LOOP ( 'NONE', ( #3492, #5021, #2197, #3774 ) ) ;
#2919 = DIRECTION ( 'NONE',  ( 0.000000000000000000, 0.000000000000000000, 1.000000000000000000 ) ) ;
#2920 = AXIS2_PLACEMENT_3D ( 'NONE', #2838, #654, #4866 ) ;
#2921 = CARTESIAN_POINT ( 'NONE',  ( -12.74571755142490836, 27.03837947678106701, 1.500000000000000000 ) ) ;
#2922 = CARTESIAN_POINT ( 'NONE',  ( -19.54749555500000113, 30.40006096009999936, 13.33102500000000035 ) ) ;
#2923 = CIRCLE ( 'NONE', #4795, 1.599999999980936893 ) ;
#2924 = ORIENTED_EDGE ( 'NONE', *, *, #5076, .T. ) ;
#2925 = ORIENTED_EDGE ( 'NONE', *, *, #1816, .F. ) ;
#2926 = DIRECTION ( 'NONE',  ( -1.000000000000000000, 0.000000000000000000, 0.000000000000000000 ) ) ;
#2927 = CARTESIAN_POINT ( 'NONE',  ( 20.29999999999999716, -36.80000000000000426, 13.33000000000000007 ) ) ;
#2928 = CARTESIAN_POINT ( 'NONE',  ( -11.24571755142490659, 27.03837947678106701, -0.0009999999999999158867 ) ) ;
#2929 = DIRECTION ( 'NONE',  ( 0.000000000000000000, 0.000000000000000000, 1.000000000000000000 ) ) ;
#2930 = DIRECTION ( 'NONE',  ( 0.000000000000000000, 0.000000000000000000, 1.000000000000000000 ) ) ;
#2931 = ORIENTED_EDGE ( 'NONE', *, *, #509, .F. ) ;
#2932 = CARTESIAN_POINT ( 'NONE',  ( 17.94749555500000326, 30.40006096009999936, 0.5000000000000004441 ) ) ;
#2933 = VECTOR ( 'NONE', #5118, 1000.000000000000000 ) ;
#2934 = CARTESIAN_POINT ( 'NONE',  ( -7.245717551424906588, 27.03837947678105991, 1.500000000000000000 ) ) ;
#2935 = CARTESIAN_POINT ( 'NONE',  ( -18.69005080009999986, 35.27089408180000163, 13.33000000000000007 ) ) ;
#2936 = CIRCLE ( 'NONE', #1370, 2.250000000000001776 ) ;
#2937 = DIRECTION ( 'NONE',  ( 0.000000000000000000, 0.000000000000000000, -1.000000000000000000 ) ) ;
#2938 = ORIENTED_EDGE ( 'NONE', *, *, #653, .F. ) ;
#2939 = FACE_OUTER_BOUND ( 'NONE', #1971, .T. ) ;
#2940 = FACE_OUTER_BOUND ( 'NONE', #1598, .T. ) ;
#2941 = FACE_OUTER_BOUND ( 'NONE', #2486, .T. ) ;
#2942 = CYLINDRICAL_SURFACE ( 'NONE', #4116, 0.5000000000000004441 ) ;
#2943 = CARTESIAN_POINT ( 'NONE',  ( -1.620343208371243904, 28.42110960131471131, 1.499999999999921840 ) ) ;
#2944 = DIRECTION ( 'NONE',  ( -1.000000000000000000, -0.000000000000000000, -0.000000000000000000 ) ) ;
#2945 = ORIENTED_EDGE ( 'NONE', *, *, #2199, .T. ) ;
#2946 = CYLINDRICAL_SURFACE ( 'NONE', #4394, 0.5000000000000004441 ) ;
#2947 = ADVANCED_FACE ( 'NONE', ( #4492 ), #891, .T. ) ;
#2948 = CARTESIAN_POINT ( 'NONE',  ( -12.18715607144444846, 26.44944673097624488, 1.499999999999999556 ) ) ;
#2949 = ADVANCED_FACE ( 'NONE', ( #1324 ), #4018, .F. ) ;
#2950 = CARTESIAN_POINT ( 'NONE',  ( 13.32431064739981963, 35.27089408179999452, 5.999999999999998224 ) ) ;
#2951 = FACE_OUTER_BOUND ( 'NONE', #3227, .T. ) ;
#2952 = VECTOR ( 'NONE', #5739, 1000.000000000000000 ) ;
#2953 = CIRCLE ( 'NONE', #1381, 4.000000000000000000 ) ;
#2954 = VERTEX_POINT ( 'NONE', #306 ) ;
#2955 = CARTESIAN_POINT ( 'NONE',  ( 0.4565430530959354027, 27.03837947678106701, 1.500000000000000000 ) ) ;
#2956 = DIRECTION ( 'NONE',  ( -0.000000000000000000, 0.000000000000000000, 1.000000000000000000 ) ) ;
#2957 = ADVANCED_FACE ( 'NONE', ( #4522 ), #3681, .F. ) ;
#2958 = B_SPLINE_CURVE_WITH_KNOTS ( 'NONE', 3,
 ( #1608, #3771, #599, #757, #3928, #1670, #5979, #1708, #250, #3361, #3962, #5358, #2843, #2264, #1200, #4401, #2736, #5410 ),
 .UNSPECIFIED., .F., .F.,
 ( 4, 2, 2, 2, 2, 2, 2, 2, 4 ),
 ( 0.5000000000000000000, 0.5625000000000000000, 0.6250000000000000000, 0.6875000000000000000, 0.7500000000000000000, 0.8125000000000000000, 0.8750000000000000000, 0.9375000000000000000, 1.000000000000000000 ),
 .UNSPECIFIED. ) ;
#2959 = EDGE_LOOP ( 'NONE', ( #3930, #3332, #796, #3001 ) ) ;
#2960 = CARTESIAN_POINT ( 'NONE',  ( 0.000000000000000000, 0.000000000000000000, 0.000000000000000000 ) ) ;
#2961 = FACE_OUTER_BOUND ( 'NONE', #428, .T. ) ;
#2962 = CARTESIAN_POINT ( 'NONE',  ( -14.94749555500000149, 34.77089408180000163, 2.700000073095999209 ) ) ;
#2963 = CARTESIAN_POINT ( 'NONE',  ( 22.48463296930000155, 31.18628397260005158, 0.5000000000000000000 ) ) ;
#2964 = AXIS2_PLACEMENT_3D ( 'NONE', #4959, #6478, #1831 ) ;
#2965 = AXIS2_PLACEMENT_3D ( 'NONE', #4608, #6675, #1956 ) ;
#2966 = EDGE_LOOP ( 'NONE', ( #2498, #4892, #1817, #4860, #4907, #2999, #1090 ) ) ;
#2967 = DIRECTION ( 'NONE',  ( -0.000000000000000000, 1.000000000000000000, -0.000000000000000000 ) ) ;
#2968 = ORIENTED_EDGE ( 'NONE', *, *, #4964, .T. ) ;
#2969 = ORIENTED_EDGE ( 'NONE', *, *, #474, .T. ) ;
#2970 = CARTESIAN_POINT ( 'NONE',  ( 3.795475798900922459, 24.84694095676059433, 1.499999999999843903 ) ) ;
#2971 = VERTEX_POINT ( 'NONE', #4661 ) ;
#2972 = CARTESIAN_POINT ( 'NONE',  ( -14.38735839470000144, -36.30000000000000426, 13.33000000000000007 ) ) ;
#2973 = FACE_OUTER_BOUND ( 'NONE', #1411, .T. ) ;
#2974 = ORIENTED_EDGE ( 'NONE', *, *, #10, .T. ) ;
#2975 = CARTESIAN_POINT ( 'NONE',  ( -3.419593599177064291, 27.03837947678106701, 4.500000000000000888 ) ) ;
#2976 = CARTESIAN_POINT ( 'NONE',  ( -1.228155079157514429, 27.62731222258606323, 1.499999999999921840 ) ) ;
#2977 = ORIENTED_EDGE ( 'NONE', *, *, #223, .F. ) ;
#2978 = EDGE_LOOP ( 'NONE', ( #2290, #3214, #2028, #2931 ) ) ;
#2979 = ORIENTED_EDGE ( 'NONE', *, *, #2755, .F. ) ;
#2980 = CARTESIAN_POINT ( 'NONE',  ( -9.635743401134305941, 29.78837947678107057, 1.500000000000000000 ) ) ;
#2981 = DIRECTION ( 'NONE',  ( 0.000000000000000000, -0.000000000000000000, 1.000000000000000000 ) ) ;
#2982 = CARTESIAN_POINT ( 'NONE',  ( 10.55248639468729444, 24.35995461897944026, 1.500000000000000000 ) ) ;
#2983 = FACE_OUTER_BOUND ( 'NONE', #3215, .T. ) ;
#2984 = ADVANCED_FACE ( 'NONE', ( #1459 ), #3601, .F. ) ;
#2985 = ORIENTED_EDGE ( 'NONE', *, *, #1143, .T. ) ;
#2986 = CIRCLE ( 'NONE', #1527, 4.000000000000000000 ) ;
#2987 = CARTESIAN_POINT ( 'NONE',  ( 18.71863864664120314, -4.499999999999998224, 3.499999999999999556 ) ) ;
#2988 = LOCAL_TIME ( 14, 12, 36.00000000000000000, #1553 ) ;
#2989 = CARTESIAN_POINT ( 'NONE',  ( -17.94749555500000326, -30.40006096009999936, 6.000000000000000000 ) ) ;
#2990 = ORIENTED_EDGE ( 'NONE', *, *, #4883, .F. ) ;
#2991 = ORIENTED_EDGE ( 'NONE', *, *, #6744, .F. ) ;
#2992 = ORIENTED_EDGE ( 'NONE', *, *, #3945, .T. ) ;
#2993 = EDGE_CURVE ( 'NONE', #816, #2611, #551, .T. ) ;
#2994 = EDGE_CURVE ( 'NONE', #5260, #2166, #4697, .T. ) ;
#2995 = DIRECTION ( 'NONE',  ( 1.000000000000000000, 0.000000000000000000, 0.000000000000000000 ) ) ;
#2996 = VECTOR ( 'NONE', #2430, 1000.000000000000000 ) ;
#2997 = VECTOR ( 'NONE', #1221, 1000.000000000000000 ) ;
#2998 = LINE ( 'NONE', #2516, #2151 ) ;
#2999 = ORIENTED_EDGE ( 'NONE', *, *, #1958, .T. ) ;
#3000 = DIRECTION ( 'NONE',  ( 3.561451260254549034E-16, 1.000000000000000000, 0.000000000000000000 ) ) ;
#3001 = ORIENTED_EDGE ( 'NONE', *, *, #1323, .F. ) ;
#3002 = CARTESIAN_POINT ( 'NONE',  ( -14.44749555499999971, -35.27084328170000305, 13.33000000000000007 ) ) ;
#3003 = LINE ( 'NONE', #6045, #6607 ) ;
#3004 = CARTESIAN_POINT ( 'NONE',  ( -1.169593599177062071, 27.03837947678106701, 4.500000000000000888 ) ) ;
#3005 = CARTESIAN_POINT ( 'NONE',  ( 24.30000000000000071, 36.80000000000000426, 13.33000000000000007 ) ) ;
#3006 = LINE ( 'NONE', #2350, #1227 ) ;
#3007 = ORIENTED_EDGE ( 'NONE', *, *, #5146, .F. ) ;
#3008 = VERTEX_POINT ( 'NONE', #2045 ) ;
#3009 = VECTOR ( 'NONE', #5050, 1000.000000000000000 ) ;
#3010 = LINE ( 'NONE', #6239, #6097 ) ;
#3011 = ORIENTED_EDGE ( 'NONE', *, *, #2490, .T. ) ;
#3012 = DIRECTION ( 'NONE',  ( 0.000000000000000000, 0.000000000000000000, -1.000000000000000000 ) ) ;
#3013 = CARTESIAN_POINT ( 'NONE',  ( -11.38066974011565513, 29.44129204779097719, 1.500000000000000000 ) ) ;
#3014 = PLANE ( 'NONE',  #4716 ) ;
#3015 = LINE ( 'NONE', #834, #2933 ) ;
#3016 = PLANE ( 'NONE',  #2965 ) ;
#3017 = EDGE_CURVE ( 'NONE', #522, #5283, #6459, .T. ) ;
#3018 = EDGE_LOOP ( 'NONE', ( #6447, #4515, #86, #3202 ) ) ;
#3019 = VECTOR ( 'NONE', #1990, 1000.000000000000000 ) ;
#3020 = VERTEX_POINT ( 'NONE', #5240 ) ;
#3021 = LINE ( 'NONE', #6440, #2454 ) ;
#3022 = FACE_OUTER_BOUND ( 'NONE', #273, .T. ) ;
#3023 = ORIENTED_EDGE ( 'NONE', *, *, #2826, .F. ) ;
#3024 = DIRECTION ( 'NONE',  ( 1.156482317317873697E-15, -1.000000000000000000, 0.000000000000000000 ) ) ;
#3025 = CARTESIAN_POINT ( 'NONE',  ( 10.55248639468717897, 29.71680433458260140, 1.500000000000000000 ) ) ;
#3026 = ADVANCED_FACE ( 'NONE', ( #5273 ), #554, .T. ) ;
#3027 = CARTESIAN_POINT ( 'NONE',  ( -3.108715513108671669, 30.01407043933582131, 1.509744153366513686 ) ) ;
#3028 = CARTESIAN_POINT ( 'NONE',  ( 1.240523676814747178, 28.17152217661842073, 3.500000000000000000 ) ) ;
#3029 = DIRECTION ( 'NONE',  ( 1.000000000000000000, 0.000000000000000000, 0.000000000000000000 ) ) ;
#3031 = DIRECTION ( 'NONE',  ( 0.000000000000000000, -1.000000000000000000, 0.000000000000000000 ) ) ;
#3030 = AXIS2_PLACEMENT_3D ( 'NONE', #3864, #1795, #291 ) ;
#3032 = EDGE_CURVE ( 'NONE', #747, #5337, #6543, .T. ) ;
#3033 = CARTESIAN_POINT ( 'NONE',  ( 22.27463296929998293, -26.90006096009999936, 13.33000000000000007 ) ) ;
#3034 = EDGE_CURVE ( 'NONE', #5858, #1735, #4199, .T. ) ;
#3035 = CARTESIAN_POINT ( 'NONE',  ( 1.516079742790340745, 24.83985644836203477, 1.500000000000000222 ) ) ;
#3036 = ORIENTED_EDGE ( 'NONE', *, *, #1314, .T. ) ;
#3037 = VERTEX_POINT ( 'NONE', #5954 ) ;
#3038 = CARTESIAN_POINT ( 'NONE',  ( -20.14749555500000255, -30.40006096009999936, 12.22253967444162015 ) ) ;
#3039 = CARTESIAN_POINT ( 'NONE',  ( 13.32431064739982496, 36.80100000000001614, 5.999999999999998224 ) ) ;
#3040 = DIRECTION ( 'NONE',  ( -1.856308247812544131E-16, -1.000000000000000000, -0.000000000000000000 ) ) ;
#3041 = ORIENTED_EDGE ( 'NONE', *, *, #4000, .T. ) ;
#3042 = CARTESIAN_POINT ( 'NONE',  ( 14.44749555500000149, 35.27089408179999452, 13.33000000000000007 ) ) ;
#3043 = CARTESIAN_POINT ( 'NONE',  ( -15.90999999999999304, -10.49999999999999645, 13.33102500000000035 ) ) ;
#3044 = PLANE ( 'NONE',  #44 ) ;
#3045 = CYLINDRICAL_SURFACE ( 'NONE', #359, 1.600000000000000755 ) ;
#3046 = PLANE ( 'NONE',  #3862 ) ;
#3047 = DIRECTION ( 'NONE',  ( 0.000000000000000000, 0.000000000000000000, 1.000000000000000000 ) ) ;
#3048 = AXIS2_PLACEMENT_3D ( 'NONE', #5282, #22, #2015 ) ;
#3049 = ORIENTED_EDGE ( 'NONE', *, *, #148, .F. ) ;
#3050 = CARTESIAN_POINT ( 'NONE',  ( -9.701193246641798495, 24.78837947678106346, 1.499999999999998890 ) ) ;
#3051 = CARTESIAN_POINT ( 'NONE',  ( 9.832679705369935519, 27.03837947678105991, 4.500000000000000888 ) ) ;
#3052 = EDGE_LOOP ( 'NONE', ( #2495, #457, #1260, #2572, #6196, #4798, #3467, #207 ) ) ;
#3053 = CARTESIAN_POINT ( 'NONE',  ( -9.701193240150864483, 29.28837947678107412, 3.500000000000000444 ) ) ;
#3054 = EDGE_CURVE ( 'NONE', #5854, #4968, #2345, .T. ) ;
#3055 = DIRECTION ( 'NONE',  ( -0.000000000000000000, -0.000000000000000000, 1.000000000000000000 ) ) ;
#3056 = CARTESIAN_POINT ( 'NONE',  ( -1.169593599177062071, 27.33290378156429767, 1.500000000000000000 ) ) ;
#3057 = CYLINDRICAL_SURFACE ( 'NONE', #1674, 2.200000000000000622 ) ;
#3058 = VECTOR ( 'NONE', #2044, 1000.000000000000000 ) ;
#3059 = CARTESIAN_POINT ( 'NONE',  ( 12.03176351635520724, 25.34837599124063701, 1.500000000000000000 ) ) ;
#3060 =( BOUNDED_SURFACE ( )  B_SPLINE_SURFACE ( 2, 3, ( 
 ( #797, #866, #4070, #2380, #1881, #905, #3013, #2414, #4035, #2980, #5083, #360, #2457, #4574, #6646, #5115, #4639, #3619, #5217, #5318, #6327, #2603, #6812, #2127, #1995, #1572, #4278, #502, #2060, #4710, #4245, #6271, #5809, #1095 ),
 ( #4137, #3732, #5290, #5783, #963, #1059, #1605, #2566, #4677, #3765, #3922, #693, #2296, #6396, #4898, #6363, #58, #2803, #1636, #3319, #160, #4431, #2259, #90, #2837, #6461, #1124, #3241, #5354, #3827, #5879, #5378, #3356, #5975 ),
 ( #4400, #1195, #122, #2224, #622, #4371, #6424, #3393, #5444, #3856, #5479, #5910, #2729, #412, #6635, #6662, #979, #1417, #3565, #5628, #921, #4696, #1939, #4593, #1902, #453, #3599, #6113, #4053, #4156, #5201, #5587, #6147, #1386 ) ),
 .UNSPECIFIED., .F., .T., .F. ) 
 B_SPLINE_SURFACE_WITH_KNOTS ( ( 3, 3 ),
 ( 4, 2, 2, 2, 2, 2, 2, 2, 2, 2, 2, 2, 2, 2, 2, 2, 4 ),
 ( 0.000000000000000000, 1.000000000000000000 ),
 ( -6.283185307179586232, -5.890486225480861648, -5.497787143782137953, -5.105088062083414258, -4.712388980384689674, -4.319689898685965090, -3.926990816987241395, -3.534291735288517255, -3.141592653589793116, -2.748893571891068976, -2.356194490192344837, -1.963495408493620697, -1.570796326794896558, -1.178097245096172418, -0.7853981633974482790, -0.3926990816987241395, 0.000000000000000000 ),
 .UNSPECIFIED. ) 
 GEOMETRIC_REPRESENTATION_ITEM ( )  RATIONAL_B_SPLINE_SURFACE ( (
 ( 1.000000000000000000, 1.000000000000000000, 1.000000000000000000, 1.000000000000000000, 1.000000000000000000, 1.000000000000000000, 1.000000000000000000, 1.000000000000000000, 1.000000000000000000, 1.000000000000000000, 1.000000000000000000, 1.000000000000000000, 1.000000000000000000, 1.000000000000000000, 1.000000000000000000, 1.000000000000000000, 1.000000000000000000, 1.000000000000000000, 1.000000000000000000, 1.000000000000000000, 1.000000000000000000, 1.000000000000000000, 1.000000000000000000, 1.000000000000000000, 1.000000000000000000, 1.000000000000000000, 1.000000000000000000, 1.000000000000000000, 1.000000000000000000, 1.000000000000000000, 1.000000000000000000, 1.000000000000000000, 1.000000000000000000, 1.000000000000000000),
 ( 0.7071067811865475727, 0.7071067811865475727, 0.7071067811865474617, 0.7071067811865474617, 0.7071067811865475727, 0.7071067811865475727, 0.7071067811865475727, 0.7071067811865475727, 0.7071067811865482389, 0.7071067811865482389, 0.7071067811865475727, 0.7071067811865475727, 0.7071067811865475727, 0.7071067811865475727, 0.7071067811865475727, 0.7071067811865475727, 0.7071067811865473507, 0.7071067811865473507, 0.7071067811865473507, 0.7071067811865473507, 0.7071067811865475727, 0.7071067811865475727, 0.7071067811865475727, 0.7071067811865475727, 0.7071067811865469066, 0.7071067811865469066, 0.7071067811865475727, 0.7071067811865475727, 0.7071067811865479058, 0.7071067811865479058, 0.7071067811865472397, 0.7071067811865472397, 0.7071067811865475727, 0.7071067811865475727),
 ( 1.000000000000000000, 1.000000000000000000, 1.000000000000000000, 1.000000000000000000, 1.000000000000000000, 1.000000000000000000, 1.000000000000000000, 1.000000000000000000, 1.000000000000000000, 1.000000000000000000, 1.000000000000000000, 1.000000000000000000, 1.000000000000000000, 1.000000000000000000, 1.000000000000000000, 1.000000000000000000, 1.000000000000000000, 1.000000000000000000, 1.000000000000000000, 1.000000000000000000, 1.000000000000000000, 1.000000000000000000, 1.000000000000000000, 1.000000000000000000, 1.000000000000000000, 1.000000000000000000, 1.000000000000000000, 1.000000000000000000, 1.000000000000000000, 1.000000000000000000, 1.000000000000000000, 1.000000000000000000, 1.000000000000000000, 1.000000000000000000) ) ) 
 REPRESENTATION_ITEM ( '' )  SURFACE ( )  );
#3061 = ORIENTED_EDGE ( 'NONE', *, *, #4724, .T. ) ;
#3062 = DIRECTION ( 'NONE',  ( -1.000000000000000000, 0.000000000000000000, 0.000000000000000000 ) ) ;
#3063 = EDGE_CURVE ( 'NONE', #97, #5552, #1212, .T. ) ;
#3064 = FACE_OUTER_BOUND ( 'NONE', #2229, .T. ) ;
#3065 = DIRECTION ( 'NONE',  ( 1.000000000000000000, 0.000000000000000000, 0.000000000000000000 ) ) ;
#3066 = ORIENTED_EDGE ( 'NONE', *, *, #1692, .T. ) ;
#3067 = CARTESIAN_POINT ( 'NONE',  ( 0.5284603235109017749, 27.75882559098821645, 1.500000000000000222 ) ) ;
#3068 = ORIENTED_EDGE ( 'NONE', *, *, #6226, .F. ) ;
#3069 = CARTESIAN_POINT ( 'NONE',  ( -18.69005080008499675, 21.00000000000000000, 0.5000000000000000000 ) ) ;
#3070 = ORIENTED_EDGE ( 'NONE', *, *, #1189, .T. ) ;
#3071 = EDGE_CURVE ( 'NONE', #2512, #272, #5458, .T. ) ;
#3072 = DIRECTION ( 'NONE',  ( -3.561451260254548541E-16, -1.000000000000000000, 0.000000000000000000 ) ) ;
#3073 = VECTOR ( 'NONE', #2553, 1000.000000000000000 ) ;
#3074 = ORIENTED_EDGE ( 'NONE', *, *, #3272, .F. ) ;
#3075 = CARTESIAN_POINT ( 'NONE',  ( -2.286450899338983600, 25.07236010050075237, 1.500000000000156097 ) ) ;
#3076 = ORIENTED_EDGE ( 'NONE', *, *, #943, .F. ) ;
#3077 = EDGE_CURVE ( 'NONE', #6297, #3262, #732, .T. ) ;
#3078 = FACE_OUTER_BOUND ( 'NONE', #745, .T. ) ;
#3079 = ORIENTED_EDGE ( 'NONE', *, *, #3819, .T. ) ;
#3080 = DIRECTION ( 'NONE',  ( 0.000000000000000000, 0.000000000000000000, -1.000000000000000000 ) ) ;
#3081 = DIRECTION ( 'NONE',  ( -0.000000000000000000, 1.000000000000000000, -0.000000000000000000 ) ) ;
#3082 = CARTESIAN_POINT ( 'NONE',  ( -17.94749555500000326, -30.40006096009999936, 6.000000000000000000 ) ) ;
#3083 = FACE_OUTER_BOUND ( 'NONE', #686, .T. ) ;
#3084 = FACE_OUTER_BOUND ( 'NONE', #1951, .T. ) ;
#3085 = CARTESIAN_POINT ( 'NONE',  ( -5.822506170187049968, 25.65342728809043393, 1.500000000000000000 ) ) ;
#3086 = CARTESIAN_POINT ( 'NONE',  ( -1.016338899950330887, 25.65406671297954944, 1.500000000000000222 ) ) ;
#3087 = CARTESIAN_POINT ( 'NONE',  ( -2.749305308601172726, 36.80100000000001614, 5.999999999999998224 ) ) ;
#3088 = CARTESIAN_POINT ( 'NONE',  ( 0.9565430530959354583, 27.03837947678106701, 3.500000000000000000 ) ) ;
#3089 = VERTEX_POINT ( 'NONE', #2854 ) ;
#3090 = DIRECTION ( 'NONE',  ( -1.000000000000000000, 0.000000000000000000, 0.000000000000000000 ) ) ;
#3091 = ORIENTED_EDGE ( 'NONE', *, *, #5340, .T. ) ;
#3092 = VECTOR ( 'NONE', #3253, 1000.000000000000000 ) ;
#3093 = DIRECTION ( 'NONE',  ( -0.000000000000000000, -0.000000000000000000, 1.000000000000000000 ) ) ;
#3094 = ORIENTED_EDGE ( 'NONE', *, *, #5468, .T. ) ;
#3095 = CARTESIAN_POINT ( 'NONE',  ( -19.10417912150317576, 23.69659440121628791, 2.981078372835566537 ) ) ;
#3096 = CARTESIAN_POINT ( 'NONE',  ( 10.12720401015317861, 29.28837947678105635, 3.500000000000000000 ) ) ;
#3097 = CIRCLE ( 'NONE', #5500, 0.5000000000000004441 ) ;
#3098 = LINE ( 'NONE', #6572, #79 ) ;
#3099 = EDGE_CURVE ( 'NONE', #6547, #3911, #212, .T. ) ;
#3100 = VECTOR ( 'NONE', #3109, 1000.000000000000000 ) ;
#3101 = AXIS2_PLACEMENT_3D ( 'NONE', #4764, #2116, #6265 ) ;
#3102 = DIRECTION ( 'NONE',  ( -0.000000000000000000, -0.000000000000000000, -1.000000000000000000 ) ) ;
#3103 = CARTESIAN_POINT ( 'NONE',  ( 2.617610313287555002, 24.84694095427735405, 3.500000000000000444 ) ) ;
#3104 = AXIS2_PLACEMENT_3D ( 'NONE', #5475, #3520, #820 ) ;
#3105 = EDGE_CURVE ( 'NONE', #3669, #396, #6024, .T. ) ;
#3106 = CARTESIAN_POINT ( 'NONE',  ( -4.552736299015142762, 25.07236010050012709, 1.500000000000156097 ) ) ;
#3107 = ORIENTED_EDGE ( 'NONE', *, *, #5667, .T. ) ;
#3108 = ORIENTED_EDGE ( 'NONE', *, *, #5797, .F. ) ;
#3109 = DIRECTION ( 'NONE',  ( -1.000000000000000000, -0.000000000000000000, -0.000000000000000000 ) ) ;
#3110 = CARTESIAN_POINT ( 'NONE',  ( -7.745717551424907477, 26.74385517199781859, 3.500000000000000000 ) ) ;
#3111 = CARTESIAN_POINT ( 'NONE',  ( -14.94749555500000326, 30.40006096009999936, 6.000000000000000000 ) ) ;
#3112 = EDGE_CURVE ( 'NONE', #6686, #3532, #2242, .T. ) ;
#3113 = CARTESIAN_POINT ( 'NONE',  ( 4.896546538636671997, 24.83929566579547554, 1.500000000000000000 ) ) ;
#3114 = ORIENTED_EDGE ( 'NONE', *, *, #943, .T. ) ;
#3115 = EDGE_CURVE ( 'NONE', #3584, #4123, #3542, .T. ) ;
#3116 = CIRCLE ( 'NONE', #1010, 2.250000000000001332 ) ;
#3117 = ORIENTED_EDGE ( 'NONE', *, *, #1097, .T. ) ;
#3118 = EDGE_LOOP ( 'NONE', ( #4773, #5506, #4855, #1725 ) ) ;
#3119 = AXIS2_PLACEMENT_3D ( 'NONE', #191, #4424, #5966 ) ;
#3120 = CARTESIAN_POINT ( 'NONE',  ( 0.9565430530959354583, 26.74385517199782569, 3.500000000000000000 ) ) ;
#3121 = ORIENTED_EDGE ( 'NONE', *, *, #2199, .F. ) ;
#3122 = VECTOR ( 'NONE', #1230, 1000.000000000000000 ) ;
#3123 = CARTESIAN_POINT ( 'NONE',  ( 17.94749555500000326, 30.40006096009999936, 3.499999999999999556 ) ) ;
#3124 = EDGE_LOOP ( 'NONE', ( #5532, #5129 ) ) ;
#3125 = CARTESIAN_POINT ( 'NONE',  ( 7.051297942607287261, -22.23771907541695469, 1.500000000000000000 ) ) ;
#3126 = DIRECTION ( 'NONE',  ( -0.000000000000000000, -0.000000000000000000, 1.000000000000000000 ) ) ;
#3127 = CARTESIAN_POINT ( 'NONE',  ( 12.58260831742438768, 27.39763194870364771, 1.500000000000000444 ) ) ;
#3128 = CARTESIAN_POINT ( 'NONE',  ( -5.618677410162346675, 28.72838296232148636, 1.500000000000000000 ) ) ;
#3129 = VECTOR ( 'NONE', #4267, 1000.000000000000000 ) ;
#3130 = CARTESIAN_POINT ( 'NONE',  ( -2.947495555000003264, 29.90006096009999936, 1.500000000000000000 ) ) ;
#3131 = ADVANCED_FACE ( 'NONE', ( #3083 ), #1372, .T. ) ;
#3132 = CARTESIAN_POINT ( 'NONE',  ( 0.1172872745645141268, -22.23771907541695469, 1.500000000000000000 ) ) ;
#3133 = CARTESIAN_POINT ( 'NONE',  ( -12.24571755142491192, 26.74385516550702491, 3.500000000000000000 ) ) ;
#3134 = ORIENTED_EDGE ( 'NONE', *, *, #2370, .F. ) ;
#3135 = CARTESIAN_POINT ( 'NONE',  ( 20.55649513947968288, 24.14434954670410249, 1.500000000000003331 ) ) ;
#3136 = CARTESIAN_POINT ( 'NONE',  ( -5.218843994572970324, 28.42110959672462656, 3.500000000000000000 ) ) ;
#3137 = AXIS2_PLACEMENT_3D ( 'NONE', #5183, #6270, #4832 ) ;
#3138 = ADVANCED_FACE ( 'NONE', ( #5119 ), #3016, .F. ) ;
#3139 = FACE_BOUND ( 'NONE', #4768, .T. ) ;
#3140 = CARTESIAN_POINT ( 'NONE',  ( 18.69002286430000126, -35.27084328170000305, 6.000000000000000000 ) ) ;
#3141 = CARTESIAN_POINT ( 'NONE',  ( 7.582679705369938183, 27.33290378156429767, 1.500000000000000000 ) ) ;
#3142 = DIRECTION ( 'NONE',  ( -0.000000000000000000, -0.000000000000000000, 1.000000000000000000 ) ) ;
#3143 = ORIENTED_EDGE ( 'NONE', *, *, #4762, .F. ) ;
#3144 = AXIS2_PLACEMENT_3D ( 'NONE', #6570, #248, #3994 ) ;
#3145 = ORIENTED_EDGE ( 'NONE', *, *, #5052, .T. ) ;
#3146 = CARTESIAN_POINT ( 'NONE',  ( 14.16966983318281770, -36.30000000000000426, 9.896157071313998799 ) ) ;
#3147 = ORIENTED_EDGE ( 'NONE', *, *, #2817, .T. ) ;
#3148 = ADVANCED_FACE ( 'NONE', ( #2983 ), #3504, .F. ) ;
#3149 = AXIS2_PLACEMENT_3D ( 'NONE', #907, #5293, #6333 ) ;
#3150 = EDGE_CURVE ( 'NONE', #1069, #6361, #2570, .T. ) ;
#3151 = CARTESIAN_POINT ( 'NONE',  ( -3.714117903960330036, 24.78837947678106346, 1.499999999999998890 ) ) ;
#3152 = CYLINDRICAL_SURFACE ( 'NONE', #3896, 1.600000000000000755 ) ;
#3153 = CARTESIAN_POINT ( 'NONE',  ( 13.21966983318281663, -36.80100000000001614, 8.636157047397997388 ) ) ;
#3154 = ORIENTED_EDGE ( 'NONE', *, *, #1199, .T. ) ;
#3155 = EDGE_LOOP ( 'NONE', ( #940, #5207 ) ) ;
#3156 = EDGE_LOOP ( 'NONE', ( #6565, #2836, #5350, #4965 ) ) ;
#3157 = VECTOR ( 'NONE', #13, 1000.000000000000000 ) ;
#3158 = CARTESIAN_POINT ( 'NONE',  ( -4.804545787867501083, 29.44129204779097719, 1.500000000000000000 ) ) ;
#3159 = AXIS2_PLACEMENT_3D ( 'NONE', #5554, #6182, #6218 ) ;
#3160 = DIRECTION ( 'NONE',  ( 0.000000000000000000, 0.000000000000000000, -1.000000000000000000 ) ) ;
#3161 = FACE_BOUND ( 'NONE', #34, .T. ) ;
#3162 = VERTEX_POINT ( 'NONE', #869 ) ;
#3163 = CARTESIAN_POINT ( 'NONE',  ( 0.9565430530959354583, 27.03837947678106701, 3.500000000000000000 ) ) ;
#3164 = LINE ( 'NONE', #5711, #4708 ) ;
#3165 = CARTESIAN_POINT ( 'NONE',  ( -13.86572847344717552, 35.27089408180000163, 6.100000073095998232 ) ) ;
#3166 = LINE ( 'NONE', #3792, #5077 ) ;
#3167 = ORIENTED_EDGE ( 'NONE', *, *, #4144, .F. ) ;
#3168 = ORIENTED_EDGE ( 'NONE', *, *, #4392, .T. ) ;
#3169 = ORIENTED_EDGE ( 'NONE', *, *, #5603, .F. ) ;
#3170 = VERTEX_POINT ( 'NONE', #1344 ) ;
#3171 = EDGE_LOOP ( 'NONE', ( #4334, #3265, #4671, #4339 ) ) ;
#3172 = FACE_BOUND ( 'NONE', #1164, .T. ) ;
#3173 = LINE ( 'NONE', #5291, #3327 ) ;
#3174 = CARTESIAN_POINT ( 'NONE',  ( -11.79496794223101297, 25.65564935224771048, 3.500000000000000000 ) ) ;
#3175 = CYLINDRICAL_SURFACE ( 'NONE', #6141, 1.599999999980953547 ) ;
#3176 = CYLINDRICAL_SURFACE ( 'NONE', #1534, 9.999999999999998224 ) ;
#3177 = ADVANCED_FACE ( 'NONE', ( #2951 ), #938, .T. ) ;
#3178 = PLANE ( 'NONE',  #6615 ) ;
#3179 = AXIS2_PLACEMENT_3D ( 'NONE', #3051, #5153, #3474 ) ;
#3180 = ORIENTED_EDGE ( 'NONE', *, *, #6581, .F. ) ;
#3181 = EDGE_LOOP ( 'NONE', ( #4782, #3606, #3036, #6442 ) ) ;
#3182 = ORIENTED_EDGE ( 'NONE', *, *, #2912, .T. ) ;
#3183 = CARTESIAN_POINT ( 'NONE',  ( -0.6695935991770621820, 27.03837947678105991, 1.500000000000000000 ) ) ;
#3184 = ORIENTED_EDGE ( 'NONE', *, *, #4190, .T. ) ;
#3185 = CARTESIAN_POINT ( 'NONE',  ( -12.19480136241050161, 28.72838296232148636, 1.500000000000000000 ) ) ;
#3186 = ORIENTED_EDGE ( 'NONE', *, *, #5383, .T. ) ;
#3187 = EDGE_CURVE ( 'NONE', #1469, #4325, #1478, .T. ) ;
#3188 = ORIENTED_EDGE ( 'NONE', *, *, #5706, .T. ) ;
#3189 = EDGE_LOOP ( 'NONE', ( #4637, #1667, #1320, #2530 ) ) ;
#3190 = DIRECTION ( 'NONE',  ( -2.040851148208008491E-16, 1.000000000000000000, 0.000000000000000000 ) ) ;
#3192 = ORIENTED_EDGE ( 'NONE', *, *, #981, .T. ) ;
#3191 = AXIS2_PLACEMENT_3D ( 'NONE', #6385, #5867, #5243 ) ;
#3193 = VERTEX_POINT ( 'NONE', #2061 ) ;
#3194 = EDGE_CURVE ( 'NONE', #2125, #3413, #4279, .T. ) ;
#3195 = VERTEX_POINT ( 'NONE', #6777 ) ;
#3196 = CARTESIAN_POINT ( 'NONE',  ( 13.21966983318281841, -36.30000000000000426, 9.896157071313998799 ) ) ;
#3197 = CARTESIAN_POINT ( 'NONE',  ( -22.77465836930000265, 31.18628651260119256, 13.33000000000000007 ) ) ;
#3198 = VERTEX_POINT ( 'NONE', #3210 ) ;
#3199 = CARTESIAN_POINT ( 'NONE',  ( 8.699537005531920997, 25.07236010050014485, 3.500000000000000000 ) ) ;
#3200 = CARTESIAN_POINT ( 'NONE',  ( -22.77465836929999909, -31.18623571250000026, 1.500000000000000000 ) ) ;
#3201 = CARTESIAN_POINT ( 'NONE',  ( 5.229669765516815616, -35.27084328170000305, 9.896157071313998799 ) ) ;
#3202 = ORIENTED_EDGE ( 'NONE', *, *, #1835, .T. ) ;
#3203 = CARTESIAN_POINT ( 'NONE',  ( -4.802323723710243186, 28.83762986758735636, 3.500000000000000000 ) ) ;
#3204 = CARTESIAN_POINT ( 'NONE',  ( 0.8036304820858732878, 25.65342728809043393, 1.500000000000000000 ) ) ;
#3205 = ORIENTED_EDGE ( 'NONE', *, *, #2286, .T. ) ;
#3206 = ORIENTED_EDGE ( 'NONE', *, *, #140, .T. ) ;
#3207 = VECTOR ( 'NONE', #4195, 1000.000000000000000 ) ;
#3208 = DIRECTION ( 'NONE',  ( -0.000000000000000000, -1.000000000000000000, -0.000000000000000000 ) ) ;
#3209 = CARTESIAN_POINT ( 'NONE',  ( 20.29999999999999716, -36.80000000000000426, 13.33000000000000007 ) ) ;
#3210 = CARTESIAN_POINT ( 'NONE',  ( -16.34749555500000184, 30.40006096009999936, 6.000000000000000000 ) ) ;
#3211 = CARTESIAN_POINT ( 'NONE',  ( 5.172562429376944770, 25.90523677694378435, 1.499999999999999556 ) ) ;
#3212 = VECTOR ( 'NONE', #3907, 1000.000000000000000 ) ;
#3213 = CARTESIAN_POINT ( 'NONE',  ( -4.804545787867858131, 24.63546690577061327, 1.500000000000000000 ) ) ;
#3214 = ORIENTED_EDGE ( 'NONE', *, *, #5622, .T. ) ;
#3215 = EDGE_LOOP ( 'NONE', ( #670, #1264, #4421, #3315 ) ) ;
#3216 = ADVANCED_FACE ( 'NONE', ( #1096 ), #3175, .F. ) ;
#3217 = CARTESIAN_POINT ( 'NONE',  ( -9.909999999999998366, -4.500000000000002665, 3.499999999999999556 ) ) ;
#3218 = CARTESIAN_POINT ( 'NONE',  ( 0.1172872745844287523, -27.57172974345886729, 2.500000000000000000 ) ) ;
#3219 = CARTESIAN_POINT ( 'NONE',  ( -7.245717551424906588, 26.67840532649077900, 1.500000000000000000 ) ) ;
#3220 = DIRECTION ( 'NONE',  ( -1.000000000000000000, 0.000000000000000000, 0.000000000000000000 ) ) ;
#3221 = ORIENTED_EDGE ( 'NONE', *, *, #373, .T. ) ;
#3222 = VECTOR ( 'NONE', #1945, 1000.000000000000000 ) ;
#3223 = ADVANCED_FACE ( 'NONE', ( #5322 ), #3706, .F. ) ;
#3224 = FACE_OUTER_BOUND ( 'NONE', #3783, .T. ) ;
#3225 = DIRECTION ( 'NONE',  ( 0.000000000000000000, -0.000000000000000000, 1.000000000000000000 ) ) ;
#3226 = EDGE_LOOP ( 'NONE', ( #2268, #3313, #6527, #3186 ) ) ;
#3227 = EDGE_LOOP ( 'NONE', ( #3169, #1481, #4136, #3759 ) ) ;
#3228 = VECTOR ( 'NONE', #3940, 1000.000000000000000 ) ;
#3229 = AXIS2_PLACEMENT_3D ( 'NONE', #2756, #4761, #1623 ) ;
#3230 = EDGE_CURVE ( 'NONE', #6481, #4633, #1063, .T. ) ;
#3231 = EDGE_CURVE ( 'NONE', #2662, #4059, #200, .T. ) ;
#3232 = DIRECTION ( 'NONE',  ( -0.000000000000000000, -0.000000000000000000, 1.000000000000000000 ) ) ;
#3233 = DIRECTION ( 'NONE',  ( -0.000000000000000000, -0.000000000000000000, -1.000000000000000000 ) ) ;
#3234 = CARTESIAN_POINT ( 'NONE',  ( 7.641241185350021503, 26.44944673097627330, 3.500000000000000000 ) ) ;
#3235 = CARTESIAN_POINT ( 'NONE',  ( -14.94749555500000326, 30.40006096009999936, 2.000000000000000000 ) ) ;
#3236 = ORIENTED_EDGE ( 'NONE', *, *, #5427, .T. ) ;
#3237 = CARTESIAN_POINT ( 'NONE',  ( 19.60886355406300297, 23.76294592053339017, 2.394552705773908663 ) ) ;
#3238 = VERTEX_POINT ( 'NONE', #598 ) ;
#3239 = AXIS2_PLACEMENT_3D ( 'NONE', #2302, #3288, #6506 ) ;
#3240 = VERTEX_POINT ( 'NONE', #2670 ) ;
#3241 = CARTESIAN_POINT ( 'NONE',  ( -11.12886025126298506, 25.07236010050075237, 1.500000000000156097 ) ) ;
#3242 = FACE_BOUND ( 'NONE', #5648, .T. ) ;
#3243 = FACE_OUTER_BOUND ( 'NONE', #2966, .T. ) ;
#3244 = AXIS2_PLACEMENT_3D ( 'NONE', #3586, #6681, #3625 ) ;
#3245 = LINE ( 'NONE', #1157, #5884 ) ;
#3246 = CARTESIAN_POINT ( 'NONE',  ( 11.21540982990294744, 28.83762986758750912, 1.499999999999843903 ) ) ;
#3247 = CARTESIAN_POINT ( 'NONE',  ( -5.611032121680773699, 26.44944673697268556, 3.500000000000000444 ) ) ;
#3248 = CARTESIAN_POINT ( 'NONE',  ( 8.699537005531920997, 25.07236010050014485, 3.500000000000000000 ) ) ;
#3249 = ORIENTED_EDGE ( 'NONE', *, *, #4682, .T. ) ;
#3250 = CARTESIAN_POINT ( 'NONE',  ( -1.620343208370792709, 25.65564935224787035, 3.500000000000000000 ) ) ;
#3251 = CARTESIAN_POINT ( 'NONE',  ( -2.749305308601172726, 36.29999999999999005, 1.740000000223998144 ) ) ;
#3252 = ORIENTED_EDGE ( 'NONE', *, *, #5366, .F. ) ;
#3253 = DIRECTION ( 'NONE',  ( -0.000000000000000000, -0.000000000000000000, -1.000000000000000000 ) ) ;
#3254 = ORIENTED_EDGE ( 'NONE', *, *, #743, .F. ) ;
#3255 = LINE ( 'NONE', #4204, #262 ) ;
#3256 = DIRECTION ( 'NONE',  ( 3.561451260254549034E-16, -1.000000000000000000, 0.000000000000000000 ) ) ;
#3257 = EDGE_CURVE ( 'NONE', #2300, #4528, #2702, .T. ) ;
#3258 = ORIENTED_EDGE ( 'NONE', *, *, #3628, .T. ) ;
#3259 = VECTOR ( 'NONE', #413, 1000.000000000000000 ) ;
#3260 = CARTESIAN_POINT ( 'NONE',  ( -0.6695935991770621820, 27.39835362707134436, 1.500000000000000000 ) ) ;
#3261 = VERTEX_POINT ( 'NONE', #3111 ) ;
#3262 = VERTEX_POINT ( 'NONE', #2733 ) ;
#3263 = ORIENTED_EDGE ( 'NONE', *, *, #476, .T. ) ;
#3264 = EDGE_CURVE ( 'NONE', #2125, #2715, #4834, .T. ) ;
#3265 = ORIENTED_EDGE ( 'NONE', *, *, #6282, .F. ) ;
#3266 = ORIENTED_EDGE ( 'NONE', *, *, #1293, .T. ) ;
#3267 = DIRECTION ( 'NONE',  ( 1.000000000000000000, 0.000000000000000000, 1.300878638359185634E-16 ) ) ;
#3268 = AXIS2_PLACEMENT_3D ( 'NONE', #6465, #5889, #5985 ) ;
#3269 = CARTESIAN_POINT ( 'NONE',  ( 15.90999999999999659, 21.00000000000000000, 5.611269837220810075 ) ) ;
#3270 = CARTESIAN_POINT ( 'NONE',  ( 9.538155394095891637, 29.28837947678105280, 3.500000000000000000 ) ) ;
#3271 = ORIENTED_EDGE ( 'NONE', *, *, #2148, .F. ) ;
#3272 = EDGE_CURVE ( 'NONE', #6493, #3932, #5058, .T. ) ;
#3273 = CARTESIAN_POINT ( 'NONE',  ( 5.405626864081209071, 28.72838296232212230, 1.500000000000000000 ) ) ;
#3274 = VERTEX_POINT ( 'NONE', #6124 ) ;
#3275 = CARTESIAN_POINT ( 'NONE',  ( -15.90999999999999304, -13.49999999999999822, 2.500000000000000444 ) ) ;
#3276 = ORIENTED_EDGE ( 'NONE', *, *, #26, .F. ) ;
#3277 = CARTESIAN_POINT ( 'NONE',  ( -6.816723393438441470, -22.23771907541695469, 0.5000000000000000000 ) ) ;
#3278 = CYLINDRICAL_SURFACE ( 'NONE', #3836, 1.599999999980936893 ) ;
#3279 = CARTESIAN_POINT ( 'NONE',  ( 5.500694691398827274, 35.27089408179999452, 1.740000000223998144 ) ) ;
#3280 = EDGE_CURVE ( 'NONE', #3405, #2411, #6577, .T. ) ;
#3281 = ADVANCED_FACE ( 'NONE', ( #2973 ), #3044, .F. ) ;
#3282 = ORIENTED_EDGE ( 'NONE', *, *, #1610, .T. ) ;
#3283 = CARTESIAN_POINT ( 'NONE',  ( -20.00000000000000000, 36.79999999999999005, 0.000000000000000000 ) ) ;
#3284 = ORIENTED_EDGE ( 'NONE', *, *, #5144, .T. ) ;
#3285 = ORIENTED_EDGE ( 'NONE', *, *, #2722, .F. ) ;
#3286 = CARTESIAN_POINT ( 'NONE',  ( -1.453574222896313328, 28.17152217661948299, 3.500000000000000000 ) ) ;
#3287 = DIRECTION ( 'NONE',  ( 0.000000000000000000, 0.000000000000000000, -1.000000000000000000 ) ) ;
#3288 = DIRECTION ( 'NONE',  ( -0.000000000000000000, -0.000000000000000000, -1.000000000000000000 ) ) ;
#3289 = LINE ( 'NONE', #6432, #1687 ) ;
#3290 = DIRECTION ( 'NONE',  ( 2.781230391307005911E-16, 1.000000000000000000, -0.000000000000000000 ) ) ;
#3291 = VECTOR ( 'NONE', #1176, 1000.000000000000000 ) ;
#3292 = DIRECTION ( 'NONE',  ( -1.000000000000000000, 0.000000000000000000, 0.000000000000000000 ) ) ;
#3293 = AXIS2_PLACEMENT_3D ( 'NONE', #3418, #229, #6563 ) ;
#3294 = CARTESIAN_POINT ( 'NONE',  ( 17.94749555500000326, -27.40006096009999936, 1.500000000000000000 ) ) ;
#3295 = EDGE_LOOP ( 'NONE', ( #4216, #1614 ) ) ;
#3296 = EDGE_LOOP ( 'NONE', ( #3501, #2977 ) ) ;
#3297 = CALENDAR_DATE ( 2024, 22, 5 ) ;
#3298 = CARTESIAN_POINT ( 'NONE',  ( -20.03241871860968359, 23.85877047978986099, 1.965584938669383774 ) ) ;
#3299 = CARTESIAN_POINT ( 'NONE',  ( -13.86572847344717552, 36.29999999999999005, 2.700000073095998765 ) ) ;
#3300 = ORIENTED_EDGE ( 'NONE', *, *, #975, .F. ) ;
#3301 = CARTESIAN_POINT ( 'NONE',  ( -2.947495555000003264, 30.40006096009999936, 1.500000000000000000 ) ) ;
#3302 = ORIENTED_EDGE ( 'NONE', *, *, #2111, .F. ) ;
#3303 = ORIENTED_EDGE ( 'NONE', *, *, #821, .F. ) ;
#3304 = DIRECTION ( 'NONE',  ( -0.000000000000000000, -0.000000000000000000, 1.000000000000000000 ) ) ;
#3305 = PLANE ( 'NONE',  #3229 ) ;
#3306 = ORIENTED_EDGE ( 'NONE', *, *, #4921, .T. ) ;
#3307 = EDGE_CURVE ( 'NONE', #2374, #6152, #6573, .T. ) ;
#3308 = CARTESIAN_POINT ( 'NONE',  ( 5.005793448491841602, 25.65564935683750392, 3.499999999999999556 ) ) ;
#3309 = CARTESIAN_POINT ( 'NONE',  ( 9.909999999999998366, -4.500000000000024869, 3.499999999999999556 ) ) ;
#3310 = CARTESIAN_POINT ( 'NONE',  ( 7.641241182866230552, 27.62731221658944136, 3.500000000000000444 ) ) ;
#3311 = DIRECTION ( 'NONE',  ( 0.000000000000000000, 0.000000000000000000, -1.000000000000000000 ) ) ;
#3312 = CARTESIAN_POINT ( 'NONE',  ( 0.1172872745844294184, -16.90370840737503499, 0.5000000000000000000 ) ) ;
#3313 = ORIENTED_EDGE ( 'NONE', *, *, #6262, .T. ) ;
#3314 = CARTESIAN_POINT ( 'NONE',  ( 20.12026250313449793, 23.88539787831034999, 1.882923548803795422 ) ) ;
#3315 = ORIENTED_EDGE ( 'NONE', *, *, #3231, .T. ) ;
#3316 = CIRCLE ( 'NONE', #889, 2.999999999999999112 ) ;
#3318 = ORIENTED_EDGE ( 'NONE', *, *, #3848, .F. ) ;
#3317 = VECTOR ( 'NONE', #188, 1000.000000000000000 ) ;
#3319 = CARTESIAN_POINT ( 'NONE',  ( -8.029698175143899164, 25.90523677694378435, 1.499999999999999556 ) ) ;
#3320 = ADVANCED_FACE ( 'NONE', ( #2940, #1844 ), #4630, .T. ) ;
#3321 = PLANE ( 'NONE',  #2591 ) ;
#3322 = PLANE ( 'NONE',  #4335 ) ;
#3323 =( BOUNDED_CURVE ( )  B_SPLINE_CURVE ( 2, ( #675, #6441, #6137 ),
 .UNSPECIFIED., .F., .T. ) 
 B_SPLINE_CURVE_WITH_KNOTS ( ( 3, 3 ),
 ( 0.000000000000000000, 1.000000000000000000 ),
 .UNSPECIFIED. ) 
 CURVE ( )  GEOMETRIC_REPRESENTATION_ITEM ( )  RATIONAL_B_SPLINE_CURVE ( ( 1.000000000000000000, 0.7071067811865475727, 1.000000000000000000 ) ) 
 REPRESENTATION_ITEM ( '' )  );
#3324 = DIRECTION ( 'NONE',  ( -0.000000000000000000, -0.000000000000000000, 1.000000000000000000 ) ) ;
#3325 = DIRECTION ( 'NONE',  ( -0.000000000000000000, -0.000000000000000000, 1.000000000000000000 ) ) ;
#3326 = CARTESIAN_POINT ( 'NONE',  ( 2.617610307290550775, 29.22981799680147574, 1.500000000000156097 ) ) ;
#3327 = VECTOR ( 'NONE', #6814, 1000.000000000000000 ) ;
#3328 = DIRECTION ( 'NONE',  ( 1.000000000000000000, 0.000000000000000000, 0.000000000000000000 ) ) ;
#3329 = DIRECTION ( 'NONE',  ( 0.000000000000000000, -1.000000000000000000, 0.000000000000000000 ) ) ;
#3330 = ORIENTED_EDGE ( 'NONE', *, *, #1366, .F. ) ;
#3331 = AXIS2_PLACEMENT_3D ( 'NONE', #4061, #896, #5637 ) ;
#3332 = ORIENTED_EDGE ( 'NONE', *, *, #5557, .T. ) ;
#3333 = EDGE_LOOP ( 'NONE', ( #1327, #939 ) ) ;
#3334 = EDGE_CURVE ( 'NONE', #1673, #2374, #3995, .T. ) ;
#3335 = EDGE_CURVE ( 'NONE', #54, #5414, #930, .T. ) ;
#3336 = VECTOR ( 'NONE', #1286, 1000.000000000000000 ) ;
#3337 = DIRECTION ( 'NONE',  ( -1.000000000000000000, -0.000000000000000000, -0.000000000000000000 ) ) ;
#3338 = DIRECTION ( 'NONE',  ( -1.000000000000000000, 0.000000000000000000, 0.000000000000000000 ) ) ;
#3339 = CIRCLE ( 'NONE', #2314, 3.794608839220212193 ) ;
#3340 = CARTESIAN_POINT ( 'NONE',  ( -1.169593599177062515, 27.33290378805511622, 3.500000000000000000 ) ) ;
#3341 = EDGE_LOOP ( 'NONE', ( #1992, #234, #6324, #4577 ) ) ;
#3342 = CARTESIAN_POINT ( 'NONE',  ( -0.6695935991770621820, 27.03837947678105991, 1.500000000000000000 ) ) ;
#3343 = ORIENTED_EDGE ( 'NONE', *, *, #5171, .F. ) ;
#3344 = DIRECTION ( 'NONE',  ( -1.856308247812544377E-16, -1.000000000000000000, 0.000000000000000000 ) ) ;
#3345 =( LENGTH_UNIT ( ) NAMED_UNIT ( * ) SI_UNIT ( .MILLI., .METRE. ) );
#3346 = CARTESIAN_POINT ( 'NONE',  ( -3.947495555000003264, 35.27089408180000163, 2.500000000000000444 ) ) ;
#3347 = CARTESIAN_POINT ( 'NONE',  ( 9.832679705369935519, 27.03837947678105991, 4.500000000000000888 ) ) ;
#3348 = AXIS2_PLACEMENT_3D ( 'NONE', #3347, #6525, #227 ) ;
#3349 = CARTESIAN_POINT ( 'NONE',  ( 5.500694691398827274, 35.27089408179999452, 5.999999999999998224 ) ) ;
#3350 = DIRECTION ( 'NONE',  ( -0.000000000000000000, -0.000000000000000000, -1.000000000000000000 ) ) ;
#3351 = AXIS2_PLACEMENT_3D ( 'NONE', #2078, #11, #4852 ) ;
#3352 = ORIENTED_EDGE ( 'NONE', *, *, #2186, .T. ) ;
#3353 = EDGE_CURVE ( 'NONE', #2512, #521, #2407, .T. ) ;
#3354 = CARTESIAN_POINT ( 'NONE',  ( -20.30000000000000071, -36.80000000000000426, 0.000000000000000000 ) ) ;
#3355 = ORIENTED_EDGE ( 'NONE', *, *, #1071, .F. ) ;
#3356 = CARTESIAN_POINT ( 'NONE',  ( -12.24571755142490481, 26.74385517199782214, 1.500000000000000000 ) ) ;
#3357 = CARTESIAN_POINT ( 'NONE',  ( -8.745717551424908365, 27.03837947678106701, 0.5000000000000000000 ) ) ;
#3358 = FACE_OUTER_BOUND ( 'NONE', #6395, .T. ) ;
#3359 = VECTOR ( 'NONE', #3208, 1000.000000000000000 ) ;
#3360 = EDGE_LOOP ( 'NONE', ( #1363, #1193, #1489, #1030 ) ) ;
#3361 = CARTESIAN_POINT ( 'NONE',  ( 2.912018741821893020, 29.28837947678106701, 3.499999999999999556 ) ) ;
#3362 = CARTESIAN_POINT ( 'NONE',  ( 2.617610307291112104, 24.84694095676116632, 3.500000000000000000 ) ) ;
#3363 = EDGE_CURVE ( 'NONE', #5553, #2325, #3528, .T. ) ;
#3364 = DIRECTION ( 'NONE',  ( -1.000000000000000000, -3.001764123752814199E-15, 0.000000000000000000 ) ) ;
#3365 = ORIENTED_EDGE ( 'NONE', *, *, #6153, .T. ) ;
#3366 = AXIS2_PLACEMENT_3D ( 'NONE', #1086, #46, #2089 ) ;
#3367 =( BOUNDED_SURFACE ( )  B_SPLINE_SURFACE ( 2, 3, ( 
 ( #1592, #558, #2653, #2589, #6761, #292, #324, #5992, #4543, #257, #837, #1247, #6619, #1884, #2304, #6100, #2460, #2886, #6026, #3581, #438, #3113, #6278, #5223, #3707, #2503, #4074, #5256, #6709, #4609, #2607, #5757, #537, #6678 ),
 ( #3622, #6163, #4808, #5356, #4870, #125, #1640, #3326, #5848, #5787, #6820, #4372, #626, #94, #6302, #694, #2671, #4777, #3770, #3211, #204, #6051, #4533, #4972, #5007, #5038, #314, #5481, #3398, #1336, #2337, #1815, #3961, #4029 ),
 ( #2261, #3891, #5446, #4432, #6503, #4168, #4605, #5715, #6155, #355, #987, #6667, #3574, #2120, #1021, #1662, #271, #4523, #1518, #5048, #2463, #6244, #6303, #3737, #1960, #2771, #3362, #2299, #5266, #3675, #4616, #4149, #3120, #3088 ) ),
 .UNSPECIFIED., .F., .T., .F. ) 
 B_SPLINE_SURFACE_WITH_KNOTS ( ( 3, 3 ),
 ( 4, 2, 2, 2, 2, 2, 2, 2, 2, 2, 2, 2, 2, 2, 2, 2, 4 ),
 ( 0.000000000000000000, 1.000000000000000000 ),
 ( -6.283185307179586232, -5.890486225480861648, -5.497787143782137953, -5.105088062083414258, -4.712388980384689674, -4.319689898685965090, -3.926990816987241395, -3.534291735288517255, -3.141592653589793116, -2.748893571891068976, -2.356194490192344837, -1.963495408493620697, -1.570796326794896558, -1.178097245096172418, -0.7853981633974482790, -0.3926990816987241395, 0.000000000000000000 ),
 .UNSPECIFIED. ) 
 GEOMETRIC_REPRESENTATION_ITEM ( )  RATIONAL_B_SPLINE_SURFACE ( (
 ( 1.000000000000000000, 1.000000000000000000, 1.000000000000000000, 1.000000000000000000, 1.000000000000000000, 1.000000000000000000, 1.000000000000000000, 1.000000000000000000, 1.000000000000000000, 1.000000000000000000, 1.000000000000000000, 1.000000000000000000, 1.000000000000000000, 1.000000000000000000, 1.000000000000000000, 1.000000000000000000, 1.000000000000000000, 1.000000000000000000, 1.000000000000000000, 1.000000000000000000, 1.000000000000000000, 1.000000000000000000, 1.000000000000000000, 1.000000000000000000, 1.000000000000000000, 1.000000000000000000, 1.000000000000000000, 1.000000000000000000, 1.000000000000000000, 1.000000000000000000, 1.000000000000000000, 1.000000000000000000, 1.000000000000000000, 1.000000000000000000),
 ( 0.7071067811865475727, 0.7071067811865475727, 0.7071067811865477948, 0.7071067811865477948, 0.7071067811865475727, 0.7071067811865475727, 0.7071067811865475727, 0.7071067811865475727, 0.7071067811865482389, 0.7071067811865482389, 0.7071067811865475727, 0.7071067811865475727, 0.7071067811865475727, 0.7071067811865475727, 0.7071067811865475727, 0.7071067811865475727, 0.7071067811865473507, 0.7071067811865473507, 0.7071067811865473507, 0.7071067811865473507, 0.7071067811865475727, 0.7071067811865475727, 0.7071067811865475727, 0.7071067811865475727, 0.7071067811865469066, 0.7071067811865469066, 0.7071067811865475727, 0.7071067811865475727, 0.7071067811865479058, 0.7071067811865479058, 0.7071067811865475727, 0.7071067811865475727, 0.7071067811865475727, 0.7071067811865475727),
 ( 1.000000000000000000, 1.000000000000000000, 1.000000000000000000, 1.000000000000000000, 1.000000000000000000, 1.000000000000000000, 1.000000000000000000, 1.000000000000000000, 1.000000000000000000, 1.000000000000000000, 1.000000000000000000, 1.000000000000000000, 1.000000000000000000, 1.000000000000000000, 1.000000000000000000, 1.000000000000000000, 1.000000000000000000, 1.000000000000000000, 1.000000000000000000, 1.000000000000000000, 1.000000000000000000, 1.000000000000000000, 1.000000000000000000, 1.000000000000000000, 1.000000000000000000, 1.000000000000000000, 1.000000000000000000, 1.000000000000000000, 1.000000000000000000, 1.000000000000000000, 1.000000000000000000, 1.000000000000000000, 1.000000000000000000, 1.000000000000000000) ) ) 
 REPRESENTATION_ITEM ( '' )  SURFACE ( )  );
#3368 = DIRECTION ( 'NONE',  ( -1.040834085586084257E-15, 0.000000000000000000, -1.000000000000000000 ) ) ;
#3369 = CARTESIAN_POINT ( 'NONE',  ( 11.08267970536993197, 27.03837947678105991, 4.500000000000000888 ) ) ;
#3370 = DIRECTION ( 'NONE',  ( -1.000000000000000000, 2.725838271490898547E-16, 0.000000000000000000 ) ) ;
#3371 = DIRECTION ( 'NONE',  ( -1.000000000000000000, 0.000000000000000000, 0.000000000000000000 ) ) ;
#3372 = ORIENTED_EDGE ( 'NONE', *, *, #1366, .T. ) ;
#3373 = EDGE_CURVE ( 'NONE', #5781, #3560, #4054, .T. ) ;
#3375 = EDGE_LOOP ( 'NONE', ( #3192, #772, #6749, #692 ) ) ;
#3374 = AXIS2_PLACEMENT_3D ( 'NONE', #4430, #2937, #3457 ) ;
#3376 = DIRECTION ( 'NONE',  ( 1.856308247812544377E-16, 1.000000000000000000, 0.000000000000000000 ) ) ;
#3377 = CARTESIAN_POINT ( 'NONE',  ( 12.02411822538971542, 26.44944673097545262, 1.500000000000000000 ) ) ;
#3378 = ORIENTED_EDGE ( 'NONE', *, *, #3744, .T. ) ;
#3379 = B_SPLINE_CURVE_WITH_KNOTS ( 'NONE', 3,
 ( #352, #1394, #1812, #3960, #4730, #5747, #2594, #6763, #6806, #2523, #2560, #6735, #6235, #6154, #4233, #1049, #3653, #1426 ),
 .UNSPECIFIED., .F., .F.,
 ( 4, 2, 2, 2, 2, 2, 2, 2, 4 ),
 ( 0.5000000000000000000, 0.5625000000000000000, 0.6250000000000000000, 0.6875000000000000000, 0.7500000000000000000, 0.8125000000000000000, 0.8750000000000000000, 0.9375000000000000000, 1.000000000000000000 ),
 .UNSPECIFIED. ) ;
#3380 = VECTOR ( 'NONE', #1050, 1000.000000000000000 ) ;
#3381 = EDGE_LOOP ( 'NONE', ( #6009, #924, #6415, #1507, #2600, #5819, #904, #5778 ) ) ;
#3382 = EDGE_CURVE ( 'NONE', #3195, #1585, #2562, .T. ) ;
#3383 = CARTESIAN_POINT ( 'NONE',  ( 7.574310647399825847, 36.29999999999999005, 5.999999999999998224 ) ) ;
#3384 = DIRECTION ( 'NONE',  ( -1.000000000000000000, 0.000000000000000000, 0.000000000000000000 ) ) ;
#3385 = FACE_OUTER_BOUND ( 'NONE', #4729, .T. ) ;
#3386 = DIRECTION ( 'NONE',  ( 1.000000000000000000, 0.000000000000000000, 0.000000000000000000 ) ) ;
#3387 = AXIS2_PLACEMENT_3D ( 'NONE', #5856, #6677, #323 ) ;
#3388 = DIRECTION ( 'NONE',  ( -1.000000000000000000, 0.000000000000000000, 0.000000000000000000 ) ) ;
#3389 = EDGE_LOOP ( 'NONE', ( #2799, #6428, #3205, #4945 ) ) ;
#3390 = CARTESIAN_POINT ( 'NONE',  ( 1.823812928562875024, 28.83762986758751268, 1.499999999999921840 ) ) ;
#3391 = CARTESIAN_POINT ( 'NONE',  ( -3.616723393476528159, -22.23771907541695469, 1.500000000000000000 ) ) ;
#3392 = VECTOR ( 'NONE', #5206, 1000.000000000000000 ) ;
#3393 = CARTESIAN_POINT ( 'NONE',  ( -10.58465029722996675, 29.22981799680087178, 3.500000000000000000 ) ) ;
#3394 = CARTESIAN_POINT ( 'NONE',  ( -3.419593599177064291, 27.03837947678106701, 0.5000000000000000000 ) ) ;
#3395 = CARTESIAN_POINT ( 'NONE',  ( -14.38735839470000144, -36.30000000000000426, 13.33000000000000185 ) ) ;
#3396 = CARTESIAN_POINT ( 'NONE',  ( 12.02411822538971542, 26.44944673097545262, 1.500000000000000000 ) ) ;
#3397 = CC_DESIGN_PERSON_AND_ORGANIZATION_ASSIGNMENT ( #5364, #1650, ( #671 ) ) ;
#3398 = CARTESIAN_POINT ( 'NONE',  ( 1.823812928562535740, 25.23912908597511517, 1.500000000000000222 ) ) ;
#3399 = ORIENTED_EDGE ( 'NONE', *, *, #4836, .F. ) ;
#3400 = CARTESIAN_POINT ( 'NONE',  ( -3.714117903960408640, 24.78837947678106701, 3.500000000000000000 ) ) ;
#3401 = FACE_OUTER_BOUND ( 'NONE', #3846, .T. ) ;
#3402 = DIRECTION ( 'NONE',  ( -3.561451260254548541E-16, 1.000000000000000000, 0.000000000000000000 ) ) ;
#3403 = CARTESIAN_POINT ( 'NONE',  ( 8.447727516679499615, 29.44129204779159181, 1.500000000000000000 ) ) ;
#3404 = ADVANCED_FACE ( 'NONE', ( #6357 ), #4235, .F. ) ;
#3405 = VERTEX_POINT ( 'NONE', #1564 ) ;
#3406 = ORIENTED_EDGE ( 'NONE', *, *, #5749, .F. ) ;
#3407 = FACE_OUTER_BOUND ( 'NONE', #3646, .T. ) ;
#3408 = CARTESIAN_POINT ( 'NONE',  ( -4.139400288494266000, 24.35995461897944026, 1.500000000000000000 ) ) ;
#3409 = AXIS2_PLACEMENT_3D ( 'NONE', #1349, #2956, #5956 ) ;
#3410 = EDGE_CURVE ( 'NONE', #3510, #3641, #495, .T. ) ;
#3411 = ORIENTED_EDGE ( 'NONE', *, *, #4632, .T. ) ;
#3412 = DIRECTION ( 'NONE',  ( -0.000000000000000000, -0.000000000000000000, -1.000000000000000000 ) ) ;
#3413 = VERTEX_POINT ( 'NONE', #6808 ) ;
#3414 = EDGE_LOOP ( 'NONE', ( #1122, #6002, #2904, #6326, #116, #4299, #1717, #4228, #5250, #1415, #3271, #5126, #532, #295, #4952, #3988 ) ) ;
#3415 = CARTESIAN_POINT ( 'NONE',  ( -12.24571755142490836, 27.03837947678106701, 3.500000000000000000 ) ) ;
#3416 = B_SPLINE_CURVE_WITH_KNOTS ( 'NONE', 3,
 ( #5666, #6258, #1521, #3680, #341, #2441, #379, #4296, #4819, #553, #5862, #2203, #2749, #1556, #4791, #2170, #5272, #6412 ),
 .UNSPECIFIED., .F., .F.,
 ( 4, 2, 2, 2, 2, 2, 2, 2, 4 ),
 ( 0.000000000000000000, 0.06249999999999994449, 0.1249999999999999445, 0.1874999999999999445, 0.2499999999999999445, 0.3124999999999999445, 0.3749999999999999445, 0.4374999999999999445, 0.5000000000000000000 ),
 .UNSPECIFIED. ) ;
#3417 = EDGE_CURVE ( 'NONE', #4086, #1307, #4706, .T. ) ;
#3418 = CARTESIAN_POINT ( 'NONE',  ( 0.000000000000000000, -36.80000000000000426, 0.000000000000000000 ) ) ;
#3419 = EDGE_CURVE ( 'NONE', #636, #3170, #5669, .T. ) ;
#3420 = CARTESIAN_POINT ( 'NONE',  ( 3.927043805261115406, 24.36016483946658084, 1.499999999999999778 ) ) ;
#3421 = FACE_OUTER_BOUND ( 'NONE', #3381, .T. ) ;
#3422 = B_SPLINE_CURVE_WITH_KNOTS ( 'NONE', 3,
 ( #1460, #951, #3067, #2555, #4664, #4159, #6223, #5702, #4582, #875, #2001, #6208, #5157, #5093, #1930, #1351, #2542, #1891 ),
 .UNSPECIFIED., .F., .F.,
 ( 4, 2, 2, 2, 2, 2, 2, 2, 4 ),
 ( 0.000000000000000000, 0.06250000000000000000, 0.1250000000000000000, 0.1875000000000000000, 0.2500000000000000000, 0.3125000000000000000, 0.3750000000000000000, 0.4375000000000000000, 0.5000000000000000000 ),
 .UNSPECIFIED. ) ;
#3423 = PLANE ( 'NONE',  #1043 ) ;
#3424 = CARTESIAN_POINT ( 'NONE',  ( -1.453574222896014900, 25.90523677694315907, 1.500000000000000000 ) ) ;
#3425 = ORIENTED_EDGE ( 'NONE', *, *, #4476, .F. ) ;
#3426 = CARTESIAN_POINT ( 'NONE',  ( 0.1172872745645141268, -22.23771907541695469, 0.5000000000000000000 ) ) ;
#3427 = FACE_OUTER_BOUND ( 'NONE', #4080, .T. ) ;
#3428 = CIRCLE ( 'NONE', #2552, 1.100000000000000311 ) ;
#3429 = CARTESIAN_POINT ( 'NONE',  ( -13.86572847344717552, -36.80100000000000904, 6.100000073095998232 ) ) ;
#3430 = DIRECTION ( 'NONE',  ( -0.000000000000000000, -0.000000000000000000, -1.000000000000000000 ) ) ;
#3431 = AXIS2_PLACEMENT_3D ( 'NONE', #5882, #5913, #958 ) ;
#3432 = ORIENTED_EDGE ( 'NONE', *, *, #3445, .F. ) ;
#3433 = CARTESIAN_POINT ( 'NONE',  ( -20.00000000000000000, -36.30000000000000426, 13.33000000000000007 ) ) ;
#3434 = AXIS2_PLACEMENT_3D ( 'NONE', #1374, #4744, #5229 ) ;
#3435 = DIRECTION ( 'NONE',  ( -1.000000000000000000, 0.000000000000000000, 0.000000000000000000 ) ) ;
#3436 = ADVANCED_FACE ( 'NONE', ( #4167, #6237 ), #1596, .T. ) ;
#3437 = DIRECTION ( 'NONE',  ( 1.000000000000000000, 0.000000000000000000, 0.000000000000000000 ) ) ;
#3438 = FACE_OUTER_BOUND ( 'NONE', #2134, .T. ) ;
#3439 = AXIS2_PLACEMENT_3D ( 'NONE', #1325, #1462, #6285 ) ;
#3440 = FACE_OUTER_BOUND ( 'NONE', #6279, .T. ) ;
#3441 = ORIENTED_EDGE ( 'NONE', *, *, #1898, .F. ) ;
#3442 = CIRCLE ( 'NONE', #4344, 4.084607569210001010 ) ;
#3443 = EDGE_LOOP ( 'NONE', ( #2154, #3076 ) ) ;
#3444 = DIRECTION ( 'NONE',  ( -0.000000000000000000, -0.000000000000000000, 1.000000000000000000 ) ) ;
#3445 = EDGE_CURVE ( 'NONE', #4763, #3633, #3616, .T. ) ;
#3446 = DIRECTION ( 'NONE',  ( -1.000000000000000000, 0.000000000000000000, 0.000000000000000000 ) ) ;
#3447 = DIRECTION ( 'NONE',  ( -1.000000000000000000, 0.000000000000000000, 0.000000000000000000 ) ) ;
#3448 = LINE ( 'NONE', #1903, #613 ) ;
#3449 = VERTEX_POINT ( 'NONE', #4201 ) ;
#3450 = CARTESIAN_POINT ( 'NONE',  ( 19.17975262104666356, 23.70352823418756572, 2.887186372952160074 ) ) ;
#3451 = EDGE_LOOP ( 'NONE', ( #5193, #2521, #2206, #2140 ) ) ;
#3452 = CARTESIAN_POINT ( 'NONE',  ( -5.611032119196982748, 26.44944673097628041, 3.500000000000000000 ) ) ;
#3453 = ORIENTED_EDGE ( 'NONE', *, *, #4399, .T. ) ;
#3454 = EDGE_CURVE ( 'NONE', #1981, #570, #4809, .T. ) ;
#3455 = EDGE_CURVE ( 'NONE', #2588, #3911, #1762, .T. ) ;
#3456 = CARTESIAN_POINT ( 'NONE',  ( -22.48465836929999995, -31.18623571250002868, 0.5000000000000000000 ) ) ;
#3457 = DIRECTION ( 'NONE',  ( -1.000000000000000000, 0.000000000000000000, -0.000000000000000000 ) ) ;
#3458 = CIRCLE ( 'NONE', #4880, 1.249999999999999334 ) ;
#3459 = DIRECTION ( 'NONE',  ( -1.000000000000000000, 0.000000000000000000, 0.000000000000000000 ) ) ;
#3460 = DIRECTION ( 'NONE',  ( 0.000000000000000000, 0.000000000000000000, -1.000000000000000000 ) ) ;
#3461 = DIRECTION ( 'NONE',  ( -0.000000000000000000, -0.000000000000000000, 1.000000000000000000 ) ) ;
#3462 = CARTESIAN_POINT ( 'NONE',  ( -1.169593599177062071, 27.03837947678106346, 3.500000000000000000 ) ) ;
#3463 = DIRECTION ( 'NONE',  ( -0.000000000000000000, -0.000000000000000000, -1.000000000000000000 ) ) ;
#3464 = LINE ( 'NONE', #3005, #1537 ) ;
#3465 = FACE_BOUND ( 'NONE', #3226, .T. ) ;
#3466 = DIRECTION ( 'NONE',  ( 0.000000000000000000, -1.000000000000000000, 0.000000000000000000 ) ) ;
#3467 = ORIENTED_EDGE ( 'NONE', *, *, #710, .F. ) ;
#3468 = ORIENTED_EDGE ( 'NONE', *, *, #3605, .F. ) ;
#3469 = VERTEX_POINT ( 'NONE', #3349 ) ;
#3470 = ADVANCED_FACE ( 'NONE', ( #5400 ), #193, .F. ) ;
#3471 = VERTEX_POINT ( 'NONE', #231 ) ;
#3472 = DIRECTION ( 'NONE',  ( 0.000000000000000000, 0.000000000000000000, -1.000000000000000000 ) ) ;
#3473 = FACE_OUTER_BOUND ( 'NONE', #1826, .T. ) ;
#3474 = DIRECTION ( 'NONE',  ( -1.000000000000000000, 0.000000000000000000, 0.000000000000000000 ) ) ;
#3475 = ORIENTED_EDGE ( 'NONE', *, *, #4742, .T. ) ;
#3476 = ORIENTED_EDGE ( 'NONE', *, *, #2900, .T. ) ;
#3477 = CIRCLE ( 'NONE', #5537, 1.250000000000000222 ) ;
#3478 = CARTESIAN_POINT ( 'NONE',  ( -12.24571755142490836, 27.03837947678106701, 3.500000000000000000 ) ) ;
#3479 = DIRECTION ( 'NONE',  ( -1.000000000000000000, 1.856308247812543884E-16, -0.000000000000000000 ) ) ;
#3480 = DIRECTION ( 'NONE',  ( 0.000000000000000000, 0.000000000000000000, -1.000000000000000000 ) ) ;
#3481 = VERTEX_POINT ( 'NONE', #2327 ) ;
#3482 = CARTESIAN_POINT ( 'NONE',  ( -18.69005080010002828, -34.98084328169999679, 0.000000000000000000 ) ) ;
#3483 = EDGE_LOOP ( 'NONE', ( #3533, #6129 ) ) ;
#3484 = LINE ( 'NONE', #6555, #2996 ) ;
#3485 = VERTEX_POINT ( 'NONE', #6528 ) ;
#3486 = DIRECTION ( 'NONE',  ( -1.000000000000000000, 0.000000000000000000, -0.000000000000000000 ) ) ;
#3487 = CARTESIAN_POINT ( 'NONE',  ( 8.033429314563051094, 25.65564935224755416, 1.500000000000077938 ) ) ;
#3488 = CIRCLE ( 'NONE', #1916, 2.200000000000000622 ) ;
#3489 = CARTESIAN_POINT ( 'NONE',  ( 13.32431064739982496, 36.29999999999999005, 5.999999999999998224 ) ) ;
#3490 = EDGE_CURVE ( 'NONE', #1429, #5082, #2369, .T. ) ;
#3491 = ORIENTED_EDGE ( 'NONE', *, *, #1538, .T. ) ;
#3492 = ORIENTED_EDGE ( 'NONE', *, *, #3280, .F. ) ;
#3493 = ORIENTED_EDGE ( 'NONE', *, *, #3410, .T. ) ;
#3494 = AXIS2_PLACEMENT_3D ( 'NONE', #4140, #5685, #2062 ) ;
#3495 = DIRECTION ( 'NONE',  ( 0.000000000000000000, 0.000000000000000000, 1.000000000000000000 ) ) ;
#3496 = CARTESIAN_POINT ( 'NONE',  ( 22.77463296929997583, -31.18623580853164157, 13.33000000000000007 ) ) ;
#3497 = ADVANCED_FACE ( 'NONE', ( #4827 ), #1837, .F. ) ;
#3498 = DIRECTION ( 'NONE',  ( 0.000000000000000000, 0.000000000000000000, 1.000000000000000000 ) ) ;
#3499 = DIRECTION ( 'NONE',  ( 0.000000000000000000, 0.000000000000000000, -1.000000000000000000 ) ) ;
#3500 = LINE ( 'NONE', #759, #4903 ) ;
#3501 = ORIENTED_EDGE ( 'NONE', *, *, #5782, .F. ) ;
#3502 = VERTEX_POINT ( 'NONE', #3518 ) ;
#3503 = CARTESIAN_POINT ( 'NONE',  ( -18.69005080008499675, 21.00000000000000000, 2.500000000000000000 ) ) ;
#3504 = CYLINDRICAL_SURFACE ( 'NONE', #2285, 1.599999999980956877 ) ;
#3505 = EDGE_CURVE ( 'NONE', #6150, #3514, #3488, .T. ) ;
#3506 = EDGE_CURVE ( 'NONE', #179, #1611, #5139, .T. ) ;
#3507 = AXIS2_PLACEMENT_3D ( 'NONE', #6507, #2880, #2531 ) ;
#3508 = VECTOR ( 'NONE', #4490, 1000.000000000000000 ) ;
#3509 = ORIENTED_EDGE ( 'NONE', *, *, #1833, .T. ) ;
#3510 = VERTEX_POINT ( 'NONE', #3489 ) ;
#3511 = DIRECTION ( 'NONE',  ( 0.000000000000000000, 0.000000000000000000, -1.000000000000000000 ) ) ;
#3512 = CARTESIAN_POINT ( 'NONE',  ( -2.286450899339312226, 29.00439885306145271, 1.500000000000000000 ) ) ;
#3513 = CARTESIAN_POINT ( 'NONE',  ( -18.71863864664121380, -5.051493140200232546, 3.499999999999999112 ) ) ;
#3514 = VERTEX_POINT ( 'NONE', #3987 ) ;
#3515 = CARTESIAN_POINT ( 'NONE',  ( 14.80999999999999694, 21.00000000000000000, 2.500000000000000000 ) ) ;
#3516 = DIRECTION ( 'NONE',  ( 1.000000000000000000, 0.000000000000000000, 0.000000000000000000 ) ) ;
#3517 = CARTESIAN_POINT ( 'NONE',  ( 0.1172872745844294184, -16.90370840737503499, 1.500000000000000000 ) ) ;
#3518 = CARTESIAN_POINT ( 'NONE',  ( -13.34272399793517572, 36.29999999999999005, 13.33000000000000007 ) ) ;
#3519 = DIRECTION ( 'NONE',  ( 0.000000000000000000, 0.000000000000000000, 1.000000000000000000 ) ) ;
#3520 = DIRECTION ( 'NONE',  ( 0.000000000000000000, 0.000000000000000000, -1.000000000000000000 ) ) ;
#3521 = AXIS2_PLACEMENT_3D ( 'NONE', #2895, #6001, #2204 ) ;
#3522 = AXIS2_PLACEMENT_3D ( 'NONE', #5668, #2079, #950 ) ;
#3523 = LINE ( 'NONE', #385, #5199 ) ;
#3524 = ORIENTED_EDGE ( 'NONE', *, *, #1694, .T. ) ;
#3525 = EDGE_CURVE ( 'NONE', #4552, #3725, #3448, .T. ) ;
#3526 = ORIENTED_EDGE ( 'NONE', *, *, #1792, .T. ) ;
#3527 = CARTESIAN_POINT ( 'NONE',  ( 0.000000000000000000, 27.40006096009999936, 6.000000000000000000 ) ) ;
#3528 = LINE ( 'NONE', #6612, #404 ) ;
#3529 = CARTESIAN_POINT ( 'NONE',  ( 24.30000000000000071, -32.79999999999999005, 13.33000000000000007 ) ) ;
#3530 = CARTESIAN_POINT ( 'NONE',  ( 0.000000000000000000, -27.40006096009999936, 1.500000000000000000 ) ) ;
#3531 = VECTOR ( 'NONE', #6800, 1000.000000000000000 ) ;
#3532 = VERTEX_POINT ( 'NONE', #2934 ) ;
#3533 = ORIENTED_EDGE ( 'NONE', *, *, #2866, .F. ) ;
#3534 = EDGE_LOOP ( 'NONE', ( #1500, #2021 ) ) ;
#3535 = CARTESIAN_POINT ( 'NONE',  ( 20.00000000000000000, -36.30000000000000426, 0.000000000000000000 ) ) ;
#3536 = EDGE_CURVE ( 'NONE', #2863, #1996, #2598, .T. ) ;
#3537 = DIRECTION ( 'NONE',  ( -0.000000000000000000, 0.000000000000000000, 1.000000000000000000 ) ) ;
#3538 = PLANE ( 'NONE',  #5764 ) ;
#3539 = CARTESIAN_POINT ( 'NONE',  ( 5.229669765516815616, -35.27084328170000305, 7.686157047397998099 ) ) ;
#3540 = CARTESIAN_POINT ( 'NONE',  ( -12.24571755142490481, 27.03837947678106346, 1.500000000000000000 ) ) ;
#3541 = CARTESIAN_POINT ( 'NONE',  ( 11.52268319091066395, 29.23746328776665138, 1.500000000000000000 ) ) ;
#3542 = LINE ( 'NONE', #437, #863 ) ;
#3543 = CYLINDRICAL_SURFACE ( 'NONE', #6417, 2.200000000000000622 ) ;
#3544 = PLANE ( 'NONE',  #3149 ) ;
#3545 = VERTEX_POINT ( 'NONE', #4996 ) ;
#3546 = CARTESIAN_POINT ( 'NONE',  ( -14.94749555500000326, 29.90006096009999936, 2.000000000000000000 ) ) ;
#3547 = ORIENTED_EDGE ( 'NONE', *, *, #2551, .F. ) ;
#3548 = AXIS2_PLACEMENT_3D ( 'NONE', #3153, #4785, #4351 ) ;
#3549 = CARTESIAN_POINT ( 'NONE',  ( -9.406784811616525133, 29.22981799928477287, 3.499999999999999556 ) ) ;
#3550 = ADVANCED_FACE ( 'NONE', ( #6598 ), #5368, .T. ) ;
#3551 = ADVANCED_FACE ( 'NONE', ( #3715 ), #5423, .T. ) ;
#3552 = CARTESIAN_POINT ( 'NONE',  ( -1.169593599177062071, 26.74385517199781859, 1.500000000000000000 ) ) ;
#3553 = PLANE ( 'NONE',  #63 ) ;
#3554 = CARTESIAN_POINT ( 'NONE',  ( -18.15478668159340714, -8.690450173931205669, 4.405003282644610607 ) ) ;
#3555 = LINE ( 'NONE', #2471, #898 ) ;
#3556 = DIRECTION ( 'NONE',  ( 0.000000000000000000, 0.000000000000000000, 1.000000000000000000 ) ) ;
#3557 = CARTESIAN_POINT ( 'NONE',  ( -3.495357057434427261, 30.27111633619379205, 1.659014223619163841 ) ) ;
#3558 = B_SPLINE_CURVE_WITH_KNOTS ( 'NONE', 3,
 ( #5001, #3650, #3569, #4563 ),
 .UNSPECIFIED., .F., .F.,
 ( 4, 4 ),
 ( 0.000000000000000000, 1.000000000000000000 ),
 .UNSPECIFIED. ) ;
#3559 = DIRECTION ( 'NONE',  ( -0.000000000000000000, 1.000000000000000000, -0.000000000000000000 ) ) ;
#3560 = VERTEX_POINT ( 'NONE', #1168 ) ;
#3561 = APPROVAL_DATE_TIME ( #1039, #117 ) ;
#3562 = DIRECTION ( 'NONE',  ( 0.000000000000000000, -1.000000000000000000, 0.000000000000000000 ) ) ;
#3563 = CIRCLE ( 'NONE', #4659, 2.250000000000001776 ) ;
#3564 = VECTOR ( 'NONE', #1871, 1000.000000000000000 ) ;
#3565 = CARTESIAN_POINT ( 'NONE',  ( -7.804279031405301659, 26.44944673097552723, 3.500000000000000000 ) ) ;
#3566 = EDGE_LOOP ( 'NONE', ( #3926, #6213, #3070, #1758 ) ) ;
#3567 = ORIENTED_EDGE ( 'NONE', *, *, #2610, .T. ) ;
#3568 = CARTESIAN_POINT ( 'NONE',  ( 2.912018748312592109, 24.78837947678106701, 3.500000000000000000 ) ) ;
#3569 = CARTESIAN_POINT ( 'NONE',  ( 6.852165046493224665, 24.17963109659307364, 1.500000000000000000 ) ) ;
#3570 = CARTESIAN_POINT ( 'NONE',  ( 18.69002984501649323, 35.27089408179999452, 6.000000000000000000 ) ) ;
#3571 = ORIENTED_EDGE ( 'NONE', *, *, #6033, .T. ) ;
#3572 = CARTESIAN_POINT ( 'NONE',  ( 3.206543053095936457, 27.03837947678106701, 4.500000000000000888 ) ) ;
#3573 = DIRECTION ( 'NONE',  ( -1.000000000000000000, 0.000000000000000000, -0.000000000000000000 ) ) ;
#3574 = CARTESIAN_POINT ( 'NONE',  ( 4.589273177629419109, 28.83762986758705082, 3.500000000000000000 ) ) ;
#3575 = CARTESIAN_POINT ( 'NONE',  ( -3.125069294393896691, 29.28837947678106701, 1.500000000000000888 ) ) ;
#3576 = ORIENTED_EDGE ( 'NONE', *, *, #1859, .T. ) ;
#3577 = VECTOR ( 'NONE', #5647, 1000.000000000000000 ) ;
#3578 = ORIENTED_EDGE ( 'NONE', *, *, #192, .F. ) ;
#3579 = FACE_OUTER_BOUND ( 'NONE', #5735, .T. ) ;
#3580 = CARTESIAN_POINT ( 'NONE',  ( -5.216723393457485258, -22.23771907541695469, 2.500000000000000000 ) ) ;
#3581 = CARTESIAN_POINT ( 'NONE',  ( 5.609455624106006510, 25.65342728809063644, 1.500000000000000000 ) ) ;
#3582 = AXIS2_PLACEMENT_3D ( 'NONE', #1938, #1011, #3029 ) ;
#3583 = EDGE_CURVE ( 'NONE', #167, #1541, #2191, .T. ) ;
#3584 = VERTEX_POINT ( 'NONE', #1676 ) ;
#3585 = AXIS2_PLACEMENT_3D ( 'NONE', #2312, #809, #4447 ) ;
#3586 = CARTESIAN_POINT ( 'NONE',  ( 17.94749555500000326, 30.40006096009999936, 0.5000000000000004441 ) ) ;
#3587 = ORIENTED_EDGE ( 'NONE', *, *, #5942, .T. ) ;
#3588 = LINE ( 'NONE', #944, #5117 ) ;
#3589 = LINE ( 'NONE', #5158, #6167 ) ;
#3590 = EDGE_LOOP ( 'NONE', ( #3079, #2351, #4494, #5242 ) ) ;
#3591 = EDGE_CURVE ( 'NONE', #888, #997, #3289, .T. ) ;
#3592 = VERTEX_POINT ( 'NONE', #4912 ) ;
#3593 = LINE ( 'NONE', #5660, #6190 ) ;
#3594 = ORIENTED_EDGE ( 'NONE', *, *, #3784, .T. ) ;
#3595 = PERSON_AND_ORGANIZATION ( #78, #5396 ) ;
#3596 = CARTESIAN_POINT ( 'NONE',  ( 6.179669765516815794, -36.30000000000000426, 10.84615707131399809 ) ) ;
#3597 = CARTESIAN_POINT ( 'NONE',  ( 20.30000000000000071, 36.79999999999999005, 0.000000000000000000 ) ) ;
#3598 = CARTESIAN_POINT ( 'NONE',  ( -17.94749555500000326, 30.40006096009999936, 6.000000000000000000 ) ) ;
#3599 = CARTESIAN_POINT ( 'NONE',  ( -10.58465029722979800, 24.84694095676119119, 3.500000000000000000 ) ) ;
#3600 =( BOUNDED_CURVE ( )  B_SPLINE_CURVE ( 2, ( #5773, #5344, #114 ),
 .UNSPECIFIED., .F., .T. ) 
 B_SPLINE_CURVE_WITH_KNOTS ( ( 3, 3 ),
 ( 0.000000000000000000, 1.000000000000000000 ),
 .UNSPECIFIED. ) 
 CURVE ( )  GEOMETRIC_REPRESENTATION_ITEM ( )  RATIONAL_B_SPLINE_CURVE ( ( 1.000000000000000000, 0.7071067811865475727, 1.000000000000000000 ) ) 
 REPRESENTATION_ITEM ( '' )  );
#3601 = PLANE ( 'NONE',  #3522 ) ;
#3602 = DIRECTION ( 'NONE',  ( -0.000000000000000000, -0.000000000000000000, -1.000000000000000000 ) ) ;
#3603 = DIRECTION ( 'NONE',  ( -0.000000000000000000, -0.000000000000000000, -1.000000000000000000 ) ) ;
#3604 = EDGE_CURVE ( 'NONE', #1099, #2215, #173, .T. ) ;
#3605 = EDGE_CURVE ( 'NONE', #6781, #2267, #1849, .T. ) ;
#3606 = ORIENTED_EDGE ( 'NONE', *, *, #1154, .T. ) ;
#3607 = ORIENTED_EDGE ( 'NONE', *, *, #915, .F. ) ;
#3608 = CARTESIAN_POINT ( 'NONE',  ( 2.073400353257854878, 25.07236010050017683, 3.500000000000000000 ) ) ;
#3609 = DIRECTION ( 'NONE',  ( -1.000000000000000000, 0.000000000000000000, 0.000000000000000000 ) ) ;
#3610 = DIRECTION ( 'NONE',  ( 0.000000000000000000, 0.000000000000000000, -1.000000000000000000 ) ) ;
#3611 = CARTESIAN_POINT ( 'NONE',  ( 12.02411822538980068, 27.62731222258596020, 3.500000000000000000 ) ) ;
#3612 = DIRECTION ( 'NONE',  ( 0.000000000000000000, 1.000000000000000000, 0.000000000000000000 ) ) ;
#3613 = LINE ( 'NONE', #5642, #2086 ) ;
#3614 = CARTESIAN_POINT ( 'NONE',  ( 20.46514936163992004, 24.04128452909820979, 1.576450529679304546 ) ) ;
#3615 = CYLINDRICAL_SURFACE ( 'NONE', #4853, 1.100000000000000311 ) ;
#3616 = CIRCLE ( 'NONE', #3949, 1.250000000000000222 ) ;
#3617 = ORIENTED_EDGE ( 'NONE', *, *, #2088, .T. ) ;
#3618 = ORIENTED_EDGE ( 'NONE', *, *, #5230, .F. ) ;
#3619 = CARTESIAN_POINT ( 'NONE',  ( -7.245717551424906588, 26.67840532649077900, 1.500000000000000000 ) ) ;
#3620 = CARTESIAN_POINT ( 'NONE',  ( -11.79496794223104672, 28.42110960131439512, 3.500000000000000000 ) ) ;
#3621 = CARTESIAN_POINT ( 'NONE',  ( 0.000000000000000000, 35.27089408180000163, 6.000000000000000000 ) ) ;
#3622 = CARTESIAN_POINT ( 'NONE',  ( 0.9565430530959354583, 27.03837947678106346, 1.500000000000000000 ) ) ;
#3623 = ORIENTED_EDGE ( 'NONE', *, *, #6294, .T. ) ;
#3624 = VERTEX_POINT ( 'NONE', #1343 ) ;
#3625 = DIRECTION ( 'NONE',  ( -1.000000000000000000, 0.000000000000000000, 0.000000000000000000 ) ) ;
#3626 = CARTESIAN_POINT ( 'NONE',  ( -5.385612975458056617, 28.17152217661890390, 3.500000000000000000 ) ) ;
#3627 = CARTESIAN_POINT ( 'NONE',  ( -0.6695222112315177831, 26.67912700485991451, 1.499999999999999778 ) ) ;
#3628 = EDGE_CURVE ( 'NONE', #4309, #6493, #6648, .T. ) ;
#3629 = DIRECTION ( 'NONE',  ( -1.000000000000000000, 0.000000000000000000, 0.000000000000000000 ) ) ;
#3630 = VECTOR ( 'NONE', #5656, 1000.000000000000000 ) ;
#3631 = ORIENTED_EDGE ( 'NONE', *, *, #3973, .T. ) ;
#3632 = ORIENTED_EDGE ( 'NONE', *, *, #1559, .F. ) ;
#3633 = VERTEX_POINT ( 'NONE', #5608 ) ;
#3634 = ORIENTED_EDGE ( 'NONE', *, *, #3353, .F. ) ;
#3635 = CARTESIAN_POINT ( 'NONE',  ( -19.41175467383147435, 23.73133119073966313, 2.612656301575654538 ) ) ;
#3636 = CARTESIAN_POINT ( 'NONE',  ( -18.71863864664125998, 23.67963109659307364, 3.500000000000000000 ) ) ;
#3637 = CARTESIAN_POINT ( 'NONE',  ( -20.30000000000000071, -32.80000000000001137, 0.000000000000000000 ) ) ;
#3638 = EDGE_CURVE ( 'NONE', #3261, #3584, #3015, .T. ) ;
#3639 = DIRECTION ( 'NONE',  ( -0.000000000000000000, -0.000000000000000000, -1.000000000000000000 ) ) ;
#3640 = CARTESIAN_POINT ( 'NONE',  ( 19.99999999999999645, -36.30000000000000426, -3.673940397442097709E-17 ) ) ;
#3641 = VERTEX_POINT ( 'NONE', #2950 ) ;
#3642 = CARTESIAN_POINT ( 'NONE',  ( -18.69005080009999986, 35.27089408180000163, 1.500000000000000000 ) ) ;
#3643 = CARTESIAN_POINT ( 'NONE',  ( 7.429425006140171206, 28.42269224057532639, 1.500000000000000222 ) ) ;
#3644 = LINE ( 'NONE', #5208, #6166 ) ;
#3645 = ORIENTED_EDGE ( 'NONE', *, *, #6033, .F. ) ;
#3646 = EDGE_LOOP ( 'NONE', ( #1298, #619, #2519, #4441 ) ) ;
#3647 = CARTESIAN_POINT ( 'NONE',  ( 5.397981573115959719, 27.62731222258560493, 3.500000000000000000 ) ) ;
#3648 = ORIENTED_EDGE ( 'NONE', *, *, #1254, .T. ) ;
#3649 = DIRECTION ( 'NONE',  ( -0.000000000000000000, -0.000000000000000000, -1.000000000000000000 ) ) ;
#3650 = CARTESIAN_POINT ( 'NONE',  ( -6.852165046493235323, 24.17963109659307364, 1.500000000000000000 ) ) ;
#3651 = EDGE_CURVE ( 'NONE', #570, #5214, #322, .T. ) ;
#3652 = EDGE_CURVE ( 'NONE', #3240, #5438, #2417, .T. ) ;
#3653 = CARTESIAN_POINT ( 'NONE',  ( -12.74571755142490836, 26.67804361544315483, 1.500000000000000444 ) ) ;
#3654 = CARTESIAN_POINT ( 'NONE',  ( -9.909999999999996589, -10.49999999999999822, 3.499999999999999556 ) ) ;
#3655 = DIRECTION ( 'NONE',  ( -1.000000000000000000, 0.000000000000000000, 0.000000000000000000 ) ) ;
#3656 = DIRECTION ( 'NONE',  ( 1.000000000000000000, -1.000588041250928008E-15, 0.000000000000000000 ) ) ;
#3657 = CARTESIAN_POINT ( 'NONE',  ( 11.21540982990310376, 25.23912908597476701, 3.500000000000000000 ) ) ;
#3658 = VERTEX_POINT ( 'NONE', #4504 ) ;
#3659 = PLANE ( 'NONE',  #1427 ) ;
#3660 = CARTESIAN_POINT ( 'NONE',  ( -5.669593599177066068, 26.74385517199782214, 1.499999999999921840 ) ) ;
#3661 = ORIENTED_EDGE ( 'NONE', *, *, #6342, .T. ) ;
#3662 = CARTESIAN_POINT ( 'NONE',  ( 17.94749555500000326, -30.40006096009999936, 0.5000000000000004441 ) ) ;
#3663 = CARTESIAN_POINT ( 'NONE',  ( -10.29024185620801823, 24.78837947678106701, 3.500000000000000000 ) ) ;
#3664 = DIRECTION ( 'NONE',  ( -1.000000000000000000, 0.000000000000000000, 0.000000000000000000 ) ) ;
#3665 = CARTESIAN_POINT ( 'NONE',  ( -5.216723393457485258, -22.23771907541695469, 0.5000000000000000000 ) ) ;
#3666 = DIRECTION ( 'NONE',  ( -1.000000000000000000, 0.000000000000000000, 0.000000000000000000 ) ) ;
#3667 = DIRECTION ( 'NONE',  ( 2.725838271490898547E-16, 1.000000000000000000, -0.000000000000000000 ) ) ;
#3668 = CARTESIAN_POINT ( 'NONE',  ( -5.669593599177066068, 27.03837947678106346, 1.500000000000000000 ) ) ;
#3669 = VERTEX_POINT ( 'NONE', #965 ) ;
#3670 = ORIENTED_EDGE ( 'NONE', *, *, #6670, .F. ) ;
#3671 = CARTESIAN_POINT ( 'NONE',  ( -4.552736299015142762, 25.07236010050012709, 1.500000000000156097 ) ) ;
#3672 = DIRECTION ( 'NONE',  ( -0.000000000000000000, -1.000000000000000000, -0.000000000000000000 ) ) ;
#3673 = CARTESIAN_POINT ( 'NONE',  ( -7.796633740439631310, 25.34837599124064056, 1.500000000000000000 ) ) ;
#3674 = CARTESIAN_POINT ( 'NONE',  ( 10.19193217730853540, 24.28845086472660597, 1.499999999999999556 ) ) ;
#3675 = CARTESIAN_POINT ( 'NONE',  ( 1.407292662289926444, 25.65564935224760745, 3.500000000000000000 ) ) ;
#3676 = VECTOR ( 'NONE', #2476, 1000.000000000000000 ) ;
#3677 = EDGE_CURVE ( 'NONE', #3471, #6378, #1485, .T. ) ;
#3678 = CARTESIAN_POINT ( 'NONE',  ( -6.097676328761918896, 27.75882559098865343, 1.500000000000000000 ) ) ;
#3679 = CARTESIAN_POINT ( 'NONE',  ( 9.538155400586697752, 29.28837947678105635, 3.500000000000000000 ) ) ;
#3680 = CARTESIAN_POINT ( 'NONE',  ( 7.866660331572856713, 25.90523677094653010, 3.499999999999999556 ) ) ;
#3681 = CYLINDRICAL_SURFACE ( 'NONE', #1074, 0.5000000000000004441 ) ;
#3682 = CARTESIAN_POINT ( 'NONE',  ( -2.749305308601173170, 35.27089408179999452, 1.740000000223998144 ) ) ;
#3683 = CIRCLE ( 'NONE', #4004, 1.100000000000000311 ) ;
#3684 = VERTEX_POINT ( 'NONE', #3140 ) ;
#3685 = CARTESIAN_POINT ( 'NONE',  ( -5.822506170187292440, 28.42333166547212286, 1.500000000000000000 ) ) ;
#3686 = LINE ( 'NONE', #6247, #2561 ) ;
#3687 = EDGE_CURVE ( 'NONE', #3449, #5214, #288, .T. ) ;
#3688 = DIRECTION ( 'NONE',  ( -0.000000000000000000, -0.000000000000000000, 1.000000000000000000 ) ) ;
#3689 = CIRCLE ( 'NONE', #998, 1.600000000000000755 ) ;
#3690 = LINE ( 'NONE', #3197, #3207 ) ;
#3691 = LINE ( 'NONE', #2867, #5746 ) ;
#3692 = AXIS2_PLACEMENT_3D ( 'NONE', #3312, #1232, #4427 ) ;
#3693 = DIRECTION ( 'NONE',  ( -0.000000000000000000, -0.000000000000000000, -1.000000000000000000 ) ) ;
#3694 = VERTEX_POINT ( 'NONE', #2668 ) ;
#3695 = DIRECTION ( 'NONE',  ( 0.000000000000000000, 1.000000000000000000, 0.000000000000000000 ) ) ;
#3696 = FACE_OUTER_BOUND ( 'NONE', #2218, .T. ) ;
#3697 = CARTESIAN_POINT ( 'NONE',  ( -3.125069287903020854, 29.28837947678107412, 3.500000000000000444 ) ) ;
#3698 = EDGE_CURVE ( 'NONE', #356, #171, #724, .T. ) ;
#3699 = CARTESIAN_POINT ( 'NONE',  ( -5.385612975458056617, 28.17152217661890390, 3.500000000000000000 ) ) ;
#3700 = EDGE_CURVE ( 'NONE', #5963, #2954, #4594, .T. ) ;
#3701 = LINE ( 'NONE', #6705, #3019 ) ;
#3702 = CARTESIAN_POINT ( 'NONE',  ( -1.387358394700001885, -29.16723824071451432, 7.386156972313998814 ) ) ;
#3703 = ORIENTED_EDGE ( 'NONE', *, *, #6264, .T. ) ;
#3704 = CARTESIAN_POINT ( 'NONE',  ( -13.86572847344717552, 36.29999999999999005, 6.100000073095998232 ) ) ;
#3705 = FACE_BOUND ( 'NONE', #4720, .T. ) ;
#3706 = PLANE ( 'NONE',  #6256 ) ;
#3707 = CARTESIAN_POINT ( 'NONE',  ( 3.566517203386670332, 24.28837947678106346, 1.500000000000000000 ) ) ;
#3708 = EDGE_CURVE ( 'NONE', #4165, #4552, #5025, .T. ) ;
#3709 = LINE ( 'NONE', #4209, #4247 ) ;
#3710 = VERTEX_POINT ( 'NONE', #3734 ) ;
#3711 = CARTESIAN_POINT ( 'NONE',  ( -3.778846071107096360, 24.28830808883552805, 1.499999999999999778 ) ) ;
#3712 = DIRECTION ( 'NONE',  ( -1.000000000000000000, 0.000000000000000000, 0.000000000000000000 ) ) ;
#3713 = CARTESIAN_POINT ( 'NONE',  ( -12.39863012243513474, 28.42333166547149403, 1.500000000000000000 ) ) ;
#3714 = CIRCLE ( 'NONE', #6516, 1.600000000000000755 ) ;
#3715 = FACE_OUTER_BOUND ( 'NONE', #2844, .T. ) ;
#3716 = CARTESIAN_POINT ( 'NONE',  ( 8.449949580836600305, 28.83762986758749847, 1.500000000000000222 ) ) ;
#3717 = VECTOR ( 'NONE', #1076, 1000.000000000000000 ) ;
#3718 = CARTESIAN_POINT ( 'NONE',  ( 18.69002285999978596, 34.98089408179999538, 0.000000000000000000 ) ) ;
#3719 = VERTEX_POINT ( 'NONE', #2605 ) ;
#3720 = DIRECTION ( 'NONE',  ( -1.000000000000000000, 0.000000000000000000, 0.000000000000000000 ) ) ;
#3721 = DIRECTION ( 'NONE',  ( -1.000000000000000000, 0.000000000000000000, 0.000000000000000000 ) ) ;
#3722 = DIRECTION ( 'NONE',  ( 1.000000000000000000, 0.000000000000000000, 0.000000000000000000 ) ) ;
#3723 = ORIENTED_EDGE ( 'NONE', *, *, #1675, .T. ) ;
#3724 = ORIENTED_EDGE ( 'NONE', *, *, #4559, .T. ) ;
#3725 = VERTEX_POINT ( 'NONE', #4900 ) ;
#3726 = VECTOR ( 'NONE', #1303, 1000.000000000000000 ) ;
#3727 = FACE_BOUND ( 'NONE', #4205, .T. ) ;
#3728 = ADVANCED_FACE ( 'NONE', ( #4312 ), #624, .F. ) ;
#3729 = CARTESIAN_POINT ( 'NONE',  ( -18.69005080008499675, 31.18628651258499573, 3.500000000000000000 ) ) ;
#3730 = CIRCLE ( 'NONE', #5239, 1.250000000000001110 ) ;
#3731 = FACE_OUTER_BOUND ( 'NONE', #669, .T. ) ;
#3732 = CARTESIAN_POINT ( 'NONE',  ( -12.24571755142490481, 27.33290378156430123, 1.500000000000000000 ) ) ;
#3733 = ADVANCED_FACE ( 'NONE', ( #4806 ), #59, .F. ) ;
#3734 = CARTESIAN_POINT ( 'NONE',  ( 5.456543053095937346, 27.03837947678106701, 4.500000000000000888 ) ) ;
#3735 = CARTESIAN_POINT ( 'NONE',  ( -2.036863479233504304, 25.23912908138516897, 3.500000000000000000 ) ) ;
#3736 = VECTOR ( 'NONE', #6407, 1000.000000000000000 ) ;
#3737 = CARTESIAN_POINT ( 'NONE',  ( 3.795475798900829645, 24.84694095676119119, 3.500000000000000000 ) ) ;
#3738 = ORIENTED_EDGE ( 'NONE', *, *, #2245, .F. ) ;
#3739 = AXIS2_PLACEMENT_3D ( 'NONE', #6586, #6177, #3556 ) ;
#3740 = ORIENTED_EDGE ( 'NONE', *, *, #2873, .T. ) ;
#3741 = CARTESIAN_POINT ( 'NONE',  ( -1.221070570766820795, 25.34791616646631951, 1.500000000000000222 ) ) ;
#3742 = ADVANCED_FACE ( 'NONE', ( #2768 ), #3798, .F. ) ;
#3743 = FACE_BOUND ( 'NONE', #5026, .T. ) ;
#3744 = EDGE_CURVE ( 'NONE', #4871, #6620, #3245, .T. ) ;
#3745 = CARTESIAN_POINT ( 'NONE',  ( 11.21763189406057215, 24.63546690577061327, 1.500000000000000000 ) ) ;
#3746 = CARTESIAN_POINT ( 'NONE',  ( 8.448366941556878729, 24.63512477756032126, 1.499999999999999778 ) ) ;
#3747 = ORIENTED_EDGE ( 'NONE', *, *, #663, .F. ) ;
#3748 = CARTESIAN_POINT ( 'NONE',  ( -22.77465836929999909, -31.18623571250000026, 13.33000000000000007 ) ) ;
#3749 = DIRECTION ( 'NONE',  ( 1.000000000000000000, 0.000000000000000000, 0.000000000000000000 ) ) ;
#3750 = CARTESIAN_POINT ( 'NONE',  ( -14.94749555500000326, -30.40006096009999936, 6.000000000000000000 ) ) ;
#3751 = ORIENTED_EDGE ( 'NONE', *, *, #4742, .F. ) ;
#3752 = ORIENTED_EDGE ( 'NONE', *, *, #3933, .F. ) ;
#3753 = CARTESIAN_POINT ( 'NONE',  ( -1.220509788191752376, 28.72838296232149702, 1.500000000000000000 ) ) ;
#3754 = DIRECTION ( 'NONE',  ( -1.856308247812544131E-16, -1.000000000000000000, -0.000000000000000000 ) ) ;
#3755 = ORIENTED_EDGE ( 'NONE', *, *, #6590, .T. ) ;
#3756 = CARTESIAN_POINT ( 'NONE',  ( 9.832679705369935519, 27.03837947678105991, 4.500000000000000888 ) ) ;
#3757 = LINE ( 'NONE', #1117, #6427 ) ;
#3758 = DIRECTION ( 'NONE',  ( 3.061276722312012984E-16, -1.000000000000000000, 0.000000000000000000 ) ) ;
#3759 = ORIENTED_EDGE ( 'NONE', *, *, #3099, .F. ) ;
#3760 = CARTESIAN_POINT ( 'NONE',  ( 20.42632557142643179, 24.01601463756477628, 1.609598935117510399 ) ) ;
#3761 = ORIENTED_EDGE ( 'NONE', *, *, #4810, .F. ) ;
#3762 = CARTESIAN_POINT ( 'NONE',  ( -15.90999999999999304, -13.49999999999999822, 5.611269837220810075 ) ) ;
#3763 = ADVANCED_FACE ( 'NONE', ( #2731 ), #3278, .F. ) ;
#3764 = ORIENTED_EDGE ( 'NONE', *, *, #4495, .T. ) ;
#3765 = CARTESIAN_POINT ( 'NONE',  ( -9.701193246641661716, 29.28837947678106701, 1.500000000000000888 ) ) ;
#3766 = VECTOR ( 'NONE', #1159, 1000.000000000000000 ) ;
#3767 = CARTESIAN_POINT ( 'NONE',  ( -12.18715607144475577, 26.44944673097611343, 3.500000000000000000 ) ) ;
#3768 = CARTESIAN_POINT ( 'NONE',  ( 12.02411822539002628, 27.62731222258604902, 1.500000000000156541 ) ) ;
#3769 = DIRECTION ( 'NONE',  ( -3.561451260254549034E-16, -1.000000000000000000, 0.000000000000000000 ) ) ;
#3770 = CARTESIAN_POINT ( 'NONE',  ( 5.397981573115720799, 26.44944673097545618, 1.499999999999999556 ) ) ;
#3771 = CARTESIAN_POINT ( 'NONE',  ( 5.456543053095937346, 27.33290378805510201, 3.500000000000000000 ) ) ;
#3772 = AXIS2_PLACEMENT_3D ( 'NONE', #3665, #1001, #625 ) ;
#3773 = EDGE_CURVE ( 'NONE', #5260, #2703, #5244, .T. ) ;
#3774 = ORIENTED_EDGE ( 'NONE', *, *, #1737, .F. ) ;
#3775 = CARTESIAN_POINT ( 'NONE',  ( -2.830660853372144459, 29.22981799680092863, 3.500000000000000000 ) ) ;
#3776 = PLANE ( 'NONE',  #268 ) ;
#3777 = CARTESIAN_POINT ( 'NONE',  ( -14.80999999999999339, -13.49999999999999822, 0.5000000000000000000 ) ) ;
#3778 = CARTESIAN_POINT ( 'NONE',  ( 14.94749555500000326, 30.40006096009999936, 6.000000000000000000 ) ) ;
#3779 = ORIENTED_EDGE ( 'NONE', *, *, #1102, .F. ) ;
#3780 = ORIENTED_EDGE ( 'NONE', *, *, #419, .T. ) ;
#3781 = EDGE_CURVE ( 'NONE', #6180, #3193, #2246, .T. ) ;
#3783 = EDGE_LOOP ( 'NONE', ( #2273, #4252, #3917, #3011 ) ) ;
#3782 = VECTOR ( 'NONE', #5434, 1000.000000000000000 ) ;
#3784 = EDGE_CURVE ( 'NONE', #6514, #5612, #4910, .T. ) ;
#3785 = CARTESIAN_POINT ( 'NONE',  ( -19.59832533145681666, 23.76107655918462669, 2.405903679662214856 ) ) ;
#3786 = DIRECTION ( 'NONE',  ( -1.000000000000000000, 0.000000000000000000, 0.000000000000000000 ) ) ;
#3787 = PLANE ( 'NONE',  #6458 ) ;
#3788 = ORIENTED_EDGE ( 'NONE', *, *, #49, .T. ) ;
#3789 = LINE ( 'NONE', #2790, #3317 ) ;
#3790 = APPROVAL_PERSON_ORGANIZATION ( #5236, #117, #4752 ) ;
#3791 = DIRECTION ( 'NONE',  ( -1.000000000000000000, 0.000000000000000000, 0.000000000000000000 ) ) ;
#3792 = CARTESIAN_POINT ( 'NONE',  ( 22.27463296930000070, 27.40006096009999936, 6.000000000000000000 ) ) ;
#3793 = CARTESIAN_POINT ( 'NONE',  ( -3.125069294393722164, 24.78837947678106701, 3.500000000000000000 ) ) ;
#3794 = CARTESIAN_POINT ( 'NONE',  ( 4.896546538636671997, 24.83929566579547554, 1.500000000000000000 ) ) ;
#3795 = ORIENTED_EDGE ( 'NONE', *, *, #3032, .F. ) ;
#3796 = ORIENTED_EDGE ( 'NONE', *, *, #2148, .T. ) ;
#3797 = AXIS2_PLACEMENT_3D ( 'NONE', #483, #2132, #6334 ) ;
#3798 = PLANE ( 'NONE',  #2031 ) ;
#3799 = CARTESIAN_POINT ( 'NONE',  ( 9.243746959565253718, 29.22981799680083981, 1.499999999999843903 ) ) ;
#3800 = DIRECTION ( 'NONE',  ( -0.000000000000000000, -0.000000000000000000, -1.000000000000000000 ) ) ;
#3801 = DIRECTION ( 'NONE',  ( 0.000000000000000000, 0.000000000000000000, -1.000000000000000000 ) ) ;
#3802 = EDGE_CURVE ( 'NONE', #3514, #6150, #1588, .T. ) ;
#3803 = ORIENTED_EDGE ( 'NONE', *, *, #4508, .T. ) ;
#3804 = CARTESIAN_POINT ( 'NONE',  ( -4.465728473447176050, 35.27089408180000163, 6.100000073095998232 ) ) ;
#3805 = VECTOR ( 'NONE', #1112, 1000.000000000000000 ) ;
#3806 = CARTESIAN_POINT ( 'NONE',  ( -5.618677410162185026, 25.34837599124017515, 1.500000000000000000 ) ) ;
#3807 = ORIENTED_EDGE ( 'NONE', *, *, #6193, .F. ) ;
#3808 = B_SPLINE_CURVE_WITH_KNOTS ( 'NONE', 3,
 ( #4654, #6719, #5818, #1103, #2037, #5693, #2162, #5265, #3674, #575, #68, #3746, #6371, #2071, #1068, #2644, #1549, #2677 ),
 .UNSPECIFIED., .F., .F.,
 ( 4, 2, 2, 2, 2, 2, 2, 2, 4 ),
 ( 0.5000000000000000000, 0.5625000000000000000, 0.6250000000000001110, 0.6875000000000002220, 0.7500000000000002220, 0.8125000000000002220, 0.8750000000000003331, 0.9375000000000002220, 1.000000000000000000 ),
 .UNSPECIFIED. ) ;
#3809 = VERTEX_POINT ( 'NONE', #1872 ) ;
#3810 = FACE_OUTER_BOUND ( 'NONE', #616, .T. ) ;
#3811 = EDGE_CURVE ( 'NONE', #3532, #6686, #3379, .T. ) ;
#3812 = DIRECTION ( 'NONE',  ( 0.000000000000000000, 0.000000000000000000, -1.000000000000000000 ) ) ;
#3813 = DIRECTION ( 'NONE',  ( -1.000000000000000000, 0.000000000000000000, 0.000000000000000000 ) ) ;
#3814 = DIRECTION ( 'NONE',  ( 0.000000000000000000, 0.000000000000000000, -1.000000000000000000 ) ) ;
#3815 = CARTESIAN_POINT ( 'NONE',  ( -0.6696649871226065809, 27.39763194870220175, 1.499999999999999556 ) ) ;
#3816 = AXIS2_PLACEMENT_3D ( 'NONE', #3662, #1473, #5080 ) ;
#3817 = EDGE_CURVE ( 'NONE', #3669, #812, #3164, .T. ) ;
#3818 = ORIENTED_EDGE ( 'NONE', *, *, #3652, .T. ) ;
#3819 = EDGE_CURVE ( 'NONE', #4208, #4890, #1697, .T. ) ;
#3820 = DIRECTION ( 'NONE',  ( -0.000000000000000000, 1.000000000000000000, -0.000000000000000000 ) ) ;
#3821 = CARTESIAN_POINT ( 'NONE',  ( -12.74571755142490836, 27.03837947678106701, 1.500000000000000000 ) ) ;
#3822 = CARTESIAN_POINT ( 'NONE',  ( 19.21936231212391988, 23.70756767751816341, 2.838871691210880233 ) ) ;
#3823 = CARTESIAN_POINT ( 'NONE',  ( -1.228155079157242424, 26.44944673097604593, 3.500000000000000000 ) ) ;
#3824 = VECTOR ( 'NONE', #3495, 1000.000000000000000 ) ;
#3825 = EDGE_LOOP ( 'NONE', ( #5569, #2691, #531, #4397, #1147, #4373, #6020, #723 ) ) ;
#3826 = ORIENTED_EDGE ( 'NONE', *, *, #1280, .F. ) ;
#3827 = CARTESIAN_POINT ( 'NONE',  ( -11.79496794223054756, 25.65564935224755416, 1.500000000000156763 ) ) ;
#3828 = AXIS2_PLACEMENT_3D ( 'NONE', #216, #5516, #3376 ) ;
#3829 = FACE_BOUND ( 'NONE', #3118, .T. ) ;
#3830 = CARTESIAN_POINT ( 'NONE',  ( 8.033429314563674595, 25.65564935224786325, 3.500000000000000000 ) ) ;
#3831 = DIRECTION ( 'NONE',  ( 0.000000000000000000, 0.000000000000000000, -1.000000000000000000 ) ) ;
#3832 = ORIENTED_EDGE ( 'NONE', *, *, #5202, .F. ) ;
#3833 = B_SPLINE_CURVE_WITH_KNOTS ( 'NONE', 3,
 ( #2040, #5163, #3678, #1008, #6410, #72, #1681, #2239, #1649, #2680, #1141, #3870, #1218, #712, #2820, #6311, #3815, #5363 ),
 .UNSPECIFIED., .F., .F.,
 ( 4, 2, 2, 2, 2, 2, 2, 2, 4 ),
 ( 0.000000000000000000, 0.06250000000000001388, 0.1250000000000000278, 0.1875000000000000555, 0.2500000000000000555, 0.3125000000000000555, 0.3750000000000001110, 0.4375000000000001110, 0.5000000000000000000 ),
 .UNSPECIFIED. ) ;
#3834 = CARTESIAN_POINT ( 'NONE',  ( 14.16966983318281592, -35.27084328170000305, 7.686157047397998099 ) ) ;
#3835 = CARTESIAN_POINT ( 'NONE',  ( -5.822716390679785192, 25.65412135094749857, 1.500000000000000222 ) ) ;
#3836 = AXIS2_PLACEMENT_3D ( 'NONE', #755, #2874, #5505 ) ;
#3837 = CARTESIAN_POINT ( 'NONE',  ( -11.96173692770591934, 28.17152217661834257, 1.499999999999921840 ) ) ;
#3838 = CARTESIAN_POINT ( 'NONE',  ( 18.69002286095545529, -34.98084328169999679, 0.000000000000000000 ) ) ;
#3839 = CARTESIAN_POINT ( 'NONE',  ( -2.947495555000003264, 30.40006096009999936, 2.500000000000000444 ) ) ;
#3840 = ORIENTED_EDGE ( 'NONE', *, *, #873, .F. ) ;
#3841 = AXIS2_PLACEMENT_3D ( 'NONE', #2194, #136, #213 ) ;
#3842 = CARTESIAN_POINT ( 'NONE',  ( -19.59438412381119576, 23.76038404401434079, 2.410159857997005162 ) ) ;
#3843 = ADVANCED_FACE ( 'NONE', ( #5520 ), #4765, .F. ) ;
#3844 = CARTESIAN_POINT ( 'NONE',  ( -2.034641410486345059, 24.63546690577124210, 1.500000000000000000 ) ) ;
#3845 = DIRECTION ( 'NONE',  ( 0.000000000000000000, 0.000000000000000000, -1.000000000000000000 ) ) ;
#3846 = EDGE_LOOP ( 'NONE', ( #3343, #3623, #3180, #6120 ) ) ;
#3847 = PLANE ( 'NONE',  #2647 ) ;
#3848 = EDGE_CURVE ( 'NONE', #3485, #816, #4313, .T. ) ;
#3849 = DIRECTION ( 'NONE',  ( -0.000000000000000000, -0.000000000000000000, 1.000000000000000000 ) ) ;
#3850 = CARTESIAN_POINT ( 'NONE',  ( -7.745717551424904812, 26.74385516550701780, 3.499999999999999112 ) ) ;
#3851 = AXIS2_PLACEMENT_3D ( 'NONE', #2777, #5386, #1207 ) ;
#3852 = VERTEX_POINT ( 'NONE', #615 ) ;
#3853 = CARTESIAN_POINT ( 'NONE',  ( -1.453574222896089507, 25.90523677694318749, 3.500000000000000000 ) ) ;
#3854 = EDGE_CURVE ( 'NONE', #6591, #356, #3757, .T. ) ;
#3855 = CYLINDRICAL_SURFACE ( 'NONE', #6312, 10.00000000000000178 ) ;
#3856 = CARTESIAN_POINT ( 'NONE',  ( -9.701193246641661716, 29.28837947678107057, 3.500000000000000000 ) ) ;
#3857 = CARTESIAN_POINT ( 'NONE',  ( 8.033429314563051094, 25.65564935224755416, 1.500000000000077938 ) ) ;
#3858 = CARTESIAN_POINT ( 'NONE',  ( 14.94749555500000326, -30.40006096009999936, 1.500000000000000000 ) ) ;
#3859 = CARTESIAN_POINT ( 'NONE',  ( 14.44749555499999971, 34.77089408179999452, 1.499999999999999556 ) ) ;
#3860 = ORIENTED_EDGE ( 'NONE', *, *, #2388, .F. ) ;
#3861 = DIRECTION ( 'NONE',  ( -1.000000000000000000, 0.000000000000000000, 0.000000000000000000 ) ) ;
#3862 = AXIS2_PLACEMENT_3D ( 'NONE', #2055, #3695, #6292 ) ;
#3863 = DIRECTION ( 'NONE',  ( -0.000000000000000000, 0.000000000000000000, 1.000000000000000000 ) ) ;
#3864 = CARTESIAN_POINT ( 'NONE',  ( -20.30000000000000071, -32.80000000000001137, 1.500000000000000000 ) ) ;
#3865 = VERTEX_POINT ( 'NONE', #5803 ) ;
#3866 = VECTOR ( 'NONE', #6663, 1000.000000000000000 ) ;
#3867 = ORIENTED_EDGE ( 'NONE', *, *, #1985, .T. ) ;
#3868 = CARTESIAN_POINT ( 'NONE',  ( -1.453574225379982376, 28.17152218261559682, 3.500000000000000000 ) ) ;
#3869 = ORIENTED_EDGE ( 'NONE', *, *, #4262, .T. ) ;
#3870 = CARTESIAN_POINT ( 'NONE',  ( -2.035280835368739716, 29.44163417600356780, 1.500000000000000000 ) ) ;
#3871 = CARTESIAN_POINT ( 'NONE',  ( -20.33523754791666605, 23.96764090754134813, 1.688612146459227414 ) ) ;
#3872 = DIRECTION ( 'NONE',  ( -0.000000000000000000, -0.000000000000000000, -1.000000000000000000 ) ) ;
#3873 = DIRECTION ( 'NONE',  ( -1.000000000000000000, 0.000000000000000000, 0.000000000000000000 ) ) ;
#3874 = CARTESIAN_POINT ( 'NONE',  ( -17.94749555500000326, 30.40006096009999936, 6.000000000000000000 ) ) ;
#3875 = EDGE_CURVE ( 'NONE', #5724, #3545, #832, .T. ) ;
#3876 = EDGE_LOOP ( 'NONE', ( #858, #362, #4033, #2395 ) ) ;
#3877 = DIRECTION ( 'NONE',  ( -1.000000000000000000, 1.856308247812544377E-16, 0.000000000000000000 ) ) ;
#3878 = DIRECTION ( 'NONE',  ( -0.000000000000000000, -0.000000000000000000, -1.000000000000000000 ) ) ;
#3879 = CARTESIAN_POINT ( 'NONE',  ( -3.419593599177064291, 27.03837947678106701, 4.500000000000000888 ) ) ;
#3880 = DIRECTION ( 'NONE',  ( 0.000000000000000000, 0.000000000000000000, -1.000000000000000000 ) ) ;
#3881 = CARTESIAN_POINT ( 'NONE',  ( 22.27463296929998293, -26.90006096009999936, 6.000000000000000000 ) ) ;
#3882 = EDGE_CURVE ( 'NONE', #3481, #4779, #6143, .T. ) ;
#3883 = VERTEX_POINT ( 'NONE', #4615 ) ;
#3884 = CARTESIAN_POINT ( 'NONE',  ( 20.13824570665446245, 23.89116725284416631, 1.866203396363543154 ) ) ;
#3885 = APPROVAL_PERSON_ORGANIZATION ( #840, #4211, #5186 ) ;
#3886 = FACE_OUTER_BOUND ( 'NONE', #557, .T. ) ;
#3887 = ORIENTED_EDGE ( 'NONE', *, *, #3802, .T. ) ;
#3888 = CARTESIAN_POINT ( 'NONE',  ( 7.641241185349618270, 26.44944673097748833, 1.500000000000156097 ) ) ;
#3889 = CARTESIAN_POINT ( 'NONE',  ( -1.228155076673351775, 26.44944673697269266, 3.500000000000000000 ) ) ;
#3890 = EDGE_CURVE ( 'NONE', #6562, #1532, #5779, .T. ) ;
#3891 = CARTESIAN_POINT ( 'NONE',  ( 0.9565430530959354583, 27.33290378156430833, 3.500000000000000000 ) ) ;
#3892 = EDGE_CURVE ( 'NONE', #4120, #1582, #5462, .T. ) ;
#3893 = CARTESIAN_POINT ( 'NONE',  ( -5.218843989983359855, 28.42110960131407893, 1.500000000000156097 ) ) ;
#3894 = CARTESIAN_POINT ( 'NONE',  ( 13.32431064739982496, 35.27089408179999452, 1.649999999999998579 ) ) ;
#3895 = VECTOR ( 'NONE', #744, 1000.000000000000000 ) ;
#3896 = AXIS2_PLACEMENT_3D ( 'NONE', #5763, #4715, #5262 ) ;
#3897 = VERTEX_POINT ( 'NONE', #5620 ) ;
#3898 = DIRECTION ( 'NONE',  ( -1.000000000000000000, 0.000000000000000000, 0.000000000000000000 ) ) ;
#3899 = EDGE_CURVE ( 'NONE', #5583, #6638, #913, .T. ) ;
#3900 = VERTEX_POINT ( 'NONE', #5658 ) ;
#3901 = ORIENTED_EDGE ( 'NONE', *, *, #4322, .T. ) ;
#3902 = LINE ( 'NONE', #5957, #2903 ) ;
#3903 = FACE_OUTER_BOUND ( 'NONE', #2959, .T. ) ;
#3904 = CARTESIAN_POINT ( 'NONE',  ( -1.016681028166914746, 25.65342728809001116, 1.500000000000000000 ) ) ;
#3905 = CARTESIAN_POINT ( 'NONE',  ( 22.48463296929999800, -31.18623571154438778, 0.5000000000000000000 ) ) ;
#3906 = ORIENTED_EDGE ( 'NONE', *, *, #3382, .T. ) ;
#3907 = DIRECTION ( 'NONE',  ( -0.000000000000000000, -0.000000000000000000, -1.000000000000000000 ) ) ;
#3908 = CIRCLE ( 'NONE', #2104, 0.5000000000000004441 ) ;
#3909 = DIRECTION ( 'NONE',  ( -0.000000000000000000, -0.000000000000000000, 1.000000000000000000 ) ) ;
#3910 = CARTESIAN_POINT ( 'NONE',  ( -18.69005080008499675, 31.18628651258499573, 0.5000000000000000000 ) ) ;
#3911 = VERTEX_POINT ( 'NONE', #2544 ) ;
#3912 = CYLINDRICAL_SURFACE ( 'NONE', #752, 1.000000000000000000 ) ;
#3913 = VECTOR ( 'NONE', #647, 1000.000000000000000 ) ;
#3914 = ORIENTED_EDGE ( 'NONE', *, *, #5797, .T. ) ;
#3915 = AXIS2_PLACEMENT_3D ( 'NONE', #767, #3814, #1140 ) ;
#3916 = CIRCLE ( 'NONE', #263, 3.794607569215000087 ) ;
#3917 = ORIENTED_EDGE ( 'NONE', *, *, #4495, .F. ) ;
#3918 = CARTESIAN_POINT ( 'NONE',  ( 2.617610307291108551, 24.84694095676058723, 1.499999999999843903 ) ) ;
#3919 = PLANE ( 'NONE',  #3374 ) ;
#3920 = EDGE_CURVE ( 'NONE', #1571, #5391, #3808, .T. ) ;
#3921 = EDGE_LOOP ( 'NONE', ( #5066, #6358, #6460, #149 ) ) ;
#3922 = CARTESIAN_POINT ( 'NONE',  ( -9.406784805619604839, 29.22981799680085402, 1.500000000000156097 ) ) ;
#3923 = CARTESIAN_POINT ( 'NONE',  ( 22.77463296929998293, -26.90006096009999936, 13.33000000000000007 ) ) ;
#3924 = DIRECTION ( 'NONE',  ( -1.000000000000000000, 0.000000000000000000, 0.000000000000000000 ) ) ;
#3925 = CARTESIAN_POINT ( 'NONE',  ( 11.21540982990294744, 25.23912908597461424, 1.499999999999921840 ) ) ;
#3926 = ORIENTED_EDGE ( 'NONE', *, *, #1118, .F. ) ;
#3927 = CARTESIAN_POINT ( 'NONE',  ( 8.449949580836735308, 25.23912908597479898, 3.500000000000000000 ) ) ;
#3928 = CARTESIAN_POINT ( 'NONE',  ( 5.005793448491843378, 28.42110959672463011, 3.500000000000000000 ) ) ;
#3929 = CARTESIAN_POINT ( 'NONE',  ( -4.552736299014508603, 29.00439885306144561, 1.499999999999843903 ) ) ;
#3930 = ORIENTED_EDGE ( 'NONE', *, *, #1824, .F. ) ;
#3931 = CARTESIAN_POINT ( 'NONE',  ( -17.94749555500000326, 30.40006096009999936, 3.499999999999999556 ) ) ;
#3932 = VERTEX_POINT ( 'NONE', #4745 ) ;
#3933 = EDGE_CURVE ( 'NONE', #4691, #5439, #1004, .T. ) ;
#3934 = CARTESIAN_POINT ( 'NONE',  ( 7.537381551142567027, 23.67963109659307364, 3.500000000000000000 ) ) ;
#3935 = CARTESIAN_POINT ( 'NONE',  ( -14.94749555500000149, -34.77084328169999594, 6.000000000000000000 ) ) ;
#3936 = DIRECTION ( 'NONE',  ( -0.000000000000000000, -0.000000000000000000, 1.000000000000000000 ) ) ;
#3937 = EDGE_LOOP ( 'NONE', ( #501, #5704 ) ) ;
#3938 = ORIENTED_EDGE ( 'NONE', *, *, #4375, .T. ) ;
#3939 = CARTESIAN_POINT ( 'NONE',  ( -1.620343203781157371, 28.42110959672462300, 3.499999999999999556 ) ) ;
#3940 = DIRECTION ( 'NONE',  ( -1.000000000000000000, 1.000588041250928008E-15, 0.000000000000000000 ) ) ;
#3941 = LINE ( 'NONE', #6028, #4835 ) ;
#3942 = ORIENTED_EDGE ( 'NONE', *, *, #6804, .F. ) ;
#3943 = DIRECTION ( 'NONE',  ( -1.000000000000000000, 0.000000000000000000, 0.000000000000000000 ) ) ;
#3944 = EDGE_CURVE ( 'NONE', #5069, #4123, #497, .T. ) ;
#3945 = EDGE_CURVE ( 'NONE', #24, #861, #727, .T. ) ;
#3946 = CARTESIAN_POINT ( 'NONE',  ( 10.12720401015318039, 29.28837947678105635, 1.499999999999998890 ) ) ;
#3947 = LINE ( 'NONE', #1967, #1348 ) ;
#3948 = CARTESIAN_POINT ( 'NONE',  ( -5.216723393457485258, -22.23771907541695469, 1.500000000000000000 ) ) ;
#3949 = AXIS2_PLACEMENT_3D ( 'NONE', #1503, #5311, #3655 ) ;
#3950 = VERTEX_POINT ( 'NONE', #174 ) ;
#3951 = VERTEX_POINT ( 'NONE', #633 ) ;
#3952 = ORIENTED_EDGE ( 'NONE', *, *, #5340, .F. ) ;
#3953 = LINE ( 'NONE', #4050, #6063 ) ;
#3954 = CARTESIAN_POINT ( 'NONE',  ( 7.582679705369938183, 27.03837947678105991, 3.500000000000000000 ) ) ;
#3955 = DIRECTION ( 'NONE',  ( 0.000000000000000000, 0.000000000000000000, -1.000000000000000000 ) ) ;
#3956 = EDGE_LOOP ( 'NONE', ( #5347, #3779, #3958, #2228 ) ) ;
#3957 = CARTESIAN_POINT ( 'NONE',  ( 1.240523676814925702, 28.17152217661834612, 1.500000000000000444 ) ) ;
#3958 = ORIENTED_EDGE ( 'NONE', *, *, #4811, .F. ) ;
#3959 = AXIS2_PLACEMENT_3D ( 'NONE', #5852, #1132, #3898 ) ;
#3960 = CARTESIAN_POINT ( 'NONE',  ( -7.592462852197216172, 25.65406671298062591, 1.500000000000000222 ) ) ;
#3961 = CARTESIAN_POINT ( 'NONE',  ( 0.9565430530959354583, 26.74385517199782214, 1.500000000000000000 ) ) ;
#3962 = CARTESIAN_POINT ( 'NONE',  ( 2.617610313287556334, 29.22981799928477997, 3.500000000000000000 ) ) ;
#3963 = ORIENTED_EDGE ( 'NONE', *, *, #1866, .F. ) ;
#3964 = ADVANCED_FACE ( 'NONE', ( #2237 ), #765, .F. ) ;
#3965 = ORIENTED_EDGE ( 'NONE', *, *, #5349, .T. ) ;
#3966 = ORIENTED_EDGE ( 'NONE', *, *, #4826, .T. ) ;
#3967 = ORIENTED_EDGE ( 'NONE', *, *, #3811, .F. ) ;
#3968 = DIRECTION ( 'NONE',  ( -1.000000000000000000, 0.000000000000000000, -0.000000000000000000 ) ) ;
#3969 = DIRECTION ( 'NONE',  ( -0.000000000000000000, 1.000000000000000000, -0.000000000000000000 ) ) ;
#3970 = FACE_OUTER_BOUND ( 'NONE', #1006, .T. ) ;
#3971 = CARTESIAN_POINT ( 'NONE',  ( -8.610765362734268180, 24.63546690577124210, 1.500000000000000000 ) ) ;
#3972 = DIRECTION ( 'NONE',  ( -0.000000000000000000, -0.000000000000000000, -1.000000000000000000 ) ) ;
#3973 = EDGE_CURVE ( 'NONE', #272, #1094, #2614, .T. ) ;
#3974 = LINE ( 'NONE', #4446, #1027 ) ;
#3975 = VECTOR ( 'NONE', #3142, 1000.000000000000000 ) ;
#3976 = VECTOR ( 'NONE', #2143, 1000.000000000000000 ) ;
#3977 = CARTESIAN_POINT ( 'NONE',  ( 9.832679705369935519, 27.03837947678105991, 4.500000000000000888 ) ) ;
#3978 = ORIENTED_EDGE ( 'NONE', *, *, #4724, .F. ) ;
#3979 = EDGE_LOOP ( 'NONE', ( #1830, #1339 ) ) ;
#3980 = CARTESIAN_POINT ( 'NONE',  ( 14.44749555499999971, 35.27089408180000163, 6.000000000000000000 ) ) ;
#3981 = ADVANCED_FACE ( 'NONE', ( #2346 ), #6544, .F. ) ;
#3982 = ADVANCED_FACE ( 'NONE', ( #4641, #1957 ), #1438, .F. ) ;
#3983 = B_SPLINE_CURVE_WITH_KNOTS ( 'NONE', 3,
 ( #9, #5165, #4222, #4256, #6723, #3095, #1491, #2582, #3635, #452, #4692, #2822, #1142, #3842, #3785, #4415, #4816, #637, #2142, #3298, #673, #143, #6473, #4293, #1220, #4386, #6437, #5822, #1073, #3871, #5333, #5923, #4039, #2856, #6060, #4509, #6101 ),
 .UNSPECIFIED., .F., .F.,
 ( 4, 1, 2, 2, 2, 1, 1, 1, 2, 2, 2, 1, 1, 1, 2, 2, 2, 1, 1, 1, 1, 2, 2, 4 ),
 ( 0.000000000000000000, 0.1249999999999876210, 0.1874999999999824862, 0.2499999999999773515, 0.3749999999999693023, 0.4374999999999651945, 0.4687499999999618083, 0.4843749999999613642, 0.4921874999999610867, 0.4999999999999608091, 0.6249999999999364952, 0.6874999999999259481, 0.7187499999999189537, 0.7343749999999158451, 0.7421874999999141798, 0.7499999999999125144, 0.8124999999999044098, 0.8437499999999017453, 0.8593749999998989697, 0.8671874999998984146, 0.8710937499998981925, 0.8730468749998988587, 0.8749999999998996358, 1.000000000000000000 ),
 .UNSPECIFIED. ) ;
#3984 = EDGE_LOOP ( 'NONE', ( #3276, #176 ) ) ;
#3985 = DIRECTION ( 'NONE',  ( -1.000000000000000000, 0.000000000000000000, 0.000000000000000000 ) ) ;
#3986 = ORIENTED_EDGE ( 'NONE', *, *, #3698, .T. ) ;
#3987 = CARTESIAN_POINT ( 'NONE',  ( 15.74749555500000042, -30.40006096009999936, 3.499999999999999556 ) ) ;
#3988 = ORIENTED_EDGE ( 'NONE', *, *, #2293, .T. ) ;
#3989 = ORIENTED_EDGE ( 'NONE', *, *, #3230, .T. ) ;
#3990 = DIRECTION ( 'NONE',  ( 0.000000000000000000, 0.000000000000000000, 1.000000000000000000 ) ) ;
#3991 = CARTESIAN_POINT ( 'NONE',  ( -5.218843989983015241, 25.65564935224755416, 3.500000000000000000 ) ) ;
#3992 = CARTESIAN_POINT ( 'NONE',  ( -17.94749555500000326, -30.40006096009999936, 13.33102500000000035 ) ) ;
#3993 = DIRECTION ( 'NONE',  ( 0.000000000000000000, 0.000000000000000000, 1.000000000000000000 ) ) ;
#3994 = DIRECTION ( 'NONE',  ( -1.000000000000000000, 0.000000000000000000, 0.000000000000000000 ) ) ;
#3995 = LINE ( 'NONE', #4604, #2608 ) ;
#3996 = CIRCLE ( 'NONE', #4218, 0.5000000000000004441 ) ;
#3997 = CARTESIAN_POINT ( 'NONE',  ( -14.44749555499999971, 34.77089408180000163, 13.33000000000000007 ) ) ;
#3998 = CARTESIAN_POINT ( 'NONE',  ( -2.286450899339312226, 29.00439885306145271, 1.500000000000000000 ) ) ;
#3999 = VERTEX_POINT ( 'NONE', #799 ) ;
#4000 = EDGE_CURVE ( 'NONE', #2232, #3999, #1924, .T. ) ;
#4001 = DIRECTION ( 'NONE',  ( -1.000000000000000000, 0.000000000000000000, 0.000000000000000000 ) ) ;
#4002 = CARTESIAN_POINT ( 'NONE',  ( -22.27465836929999909, 27.40006096009999936, 6.000000000000000000 ) ) ;
#4003 = CARTESIAN_POINT ( 'NONE',  ( -8.029698175143899164, 25.90523677694378435, 1.499999999999999556 ) ) ;
#4004 = AXIS2_PLACEMENT_3D ( 'NONE', #5836, #5346, #2626 ) ;
#4005 = AXIS2_PLACEMENT_3D ( 'NONE', #5398, #2149, #4302 ) ;
#4006 = PLANE ( 'NONE',  #3409 ) ;
#4007 = CARTESIAN_POINT ( 'NONE',  ( 18.68670924672225198, -5.592508030656730078, 3.545279507045045353 ) ) ;
#4008 = CARTESIAN_POINT ( 'NONE',  ( -22.48465836929999995, -31.18623571250002868, 0.5000000000000000000 ) ) ;
#4009 = EDGE_CURVE ( 'NONE', #6614, #4309, #2936, .T. ) ;
#4010 = CYLINDRICAL_SURFACE ( 'NONE', #5650, 1.600000000000000755 ) ;
#4011 = CARTESIAN_POINT ( 'NONE',  ( 9.832679705369935519, 27.03837947678105991, -0.0009999999999999158867 ) ) ;
#4012 = AXIS2_PLACEMENT_3D ( 'NONE', #1413, #1376, #6178 ) ;
#4013 = CARTESIAN_POINT ( 'NONE',  ( 17.94749555500000326, 30.40006096009999936, 6.000000000000000000 ) ) ;
#4014 = CARTESIAN_POINT ( 'NONE',  ( -17.94749555500000326, 30.40006096009999936, 0.5000000000000004441 ) ) ;
#4015 = EDGE_LOOP ( 'NONE', ( #1777, #3840, #5377, #3221 ) ) ;
#4016 = VERTEX_POINT ( 'NONE', #5086 ) ;
#4017 = ADVANCED_FACE ( 'NONE', ( #1404 ), #3544, .F. ) ;
#4018 = PLANE ( 'NONE',  #4085 ) ;
#4019 = VECTOR ( 'NONE', #6509, 1000.000000000000000 ) ;
#4020 = EDGE_LOOP ( 'NONE', ( #1926, #388, #5090, #3378 ) ) ;
#4021 = ORIENTED_EDGE ( 'NONE', *, *, #1908, .T. ) ;
#4022 = ORIENTED_EDGE ( 'NONE', *, *, #2048, .T. ) ;
#4023 = EDGE_CURVE ( 'NONE', #6591, #6759, #1607, .T. ) ;
#4024 = AXIS2_PLACEMENT_3D ( 'NONE', #4357, #518, #807 ) ;
#4025 = EDGE_CURVE ( 'NONE', #1469, #5553, #5143, .T. ) ;
#4026 = CARTESIAN_POINT ( 'NONE',  ( -9.995717551424906588, 27.03837947678106701, 0.5000000000000000000 ) ) ;
#4027 = AXIS2_PLACEMENT_3D ( 'NONE', #3429, #5918, #703 ) ;
#4028 = DIRECTION ( 'NONE',  ( -0.000000000000000000, -0.000000000000000000, 1.000000000000000000 ) ) ;
#4029 = CARTESIAN_POINT ( 'NONE',  ( 0.9565430530959354583, 27.03837947678106346, 1.500000000000000000 ) ) ;
#4030 = ORIENTED_EDGE ( 'NONE', *, *, #4231, .F. ) ;
#4031 = CARTESIAN_POINT ( 'NONE',  ( -9.995717551424906588, 27.03837947678106701, 4.500000000000000888 ) ) ;
#4032 = CARTESIAN_POINT ( 'NONE',  ( -1.453574222895821944, 28.17152217661898206, 1.500000000000077938 ) ) ;
#4033 = ORIENTED_EDGE ( 'NONE', *, *, #788, .F. ) ;
#4034 = ORIENTED_EDGE ( 'NONE', *, *, #5791, .F. ) ;
#4035 = CARTESIAN_POINT ( 'NONE',  ( -10.35569170171549658, 29.78837947678107057, 1.500000000000000000 ) ) ;
#4036 = CARTESIAN_POINT ( 'NONE',  ( -10.35497002335228167, 29.78830808883667203, 1.499999999999999556 ) ) ;
#4037 = ORIENTED_EDGE ( 'NONE', *, *, #6257, .T. ) ;
#4038 = AXIS2_PLACEMENT_3D ( 'NONE', #1291, #2858, #4988 ) ;
#4039 = CARTESIAN_POINT ( 'NONE',  ( -20.34852029110540172, 23.97399347077177723, 1.676976049763944987 ) ) ;
#4040 = DIRECTION ( 'NONE',  ( 1.000000000000000000, 0.000000000000000000, 0.000000000000000000 ) ) ;
#4041 = CARTESIAN_POINT ( 'NONE',  ( -3.125069294393896691, 29.28837947678106701, 1.500000000000000888 ) ) ;
#4042 = CARTESIAN_POINT ( 'NONE',  ( 15.90999999999999659, -10.50000000000000533, 13.33102500000000035 ) ) ;
#4043 = FACE_OUTER_BOUND ( 'NONE', #2915, .T. ) ;
#4044 = DIRECTION ( 'NONE',  ( -0.000000000000000000, 0.000000000000000000, 1.000000000000000000 ) ) ;
#4045 = ORIENTED_EDGE ( 'NONE', *, *, #3505, .F. ) ;
#4046 = VECTOR ( 'NONE', #1993, 1000.000000000000000 ) ;
#4047 = ORIENTED_EDGE ( 'NONE', *, *, #4581, .F. ) ;
#4048 = EDGE_CURVE ( 'NONE', #5041, #909, #473, .T. ) ;
#4049 = ORIENTED_EDGE ( 'NONE', *, *, #6157, .T. ) ;
#4050 = CARTESIAN_POINT ( 'NONE',  ( -20.30000000000000071, 36.29999999999999005, 13.33000000000000007 ) ) ;
#4051 = DIRECTION ( 'NONE',  ( 0.000000000000000000, -1.000000000000000000, 0.000000000000000000 ) ) ;
#4052 = ORIENTED_EDGE ( 'NONE', *, *, #6787, .T. ) ;
#4053 = CARTESIAN_POINT ( 'NONE',  ( -11.37844767595826667, 25.23912908597495885, 3.500000000000000000 ) ) ;
#4054 = CIRCLE ( 'NONE', #6752, 1.600000000000000755 ) ;
#4055 = CARTESIAN_POINT ( 'NONE',  ( 1.822230289285052818, 24.63512477755802621, 1.499999999999999778 ) ) ;
#4056 = ORIENTED_EDGE ( 'NONE', *, *, #336, .F. ) ;
#4057 = EDGE_LOOP ( 'NONE', ( #4881, #2877, #3285, #5523 ) ) ;
#4058 = ADVANCED_FACE ( 'NONE', ( #6015 ), #3423, .T. ) ;
#4059 = VERTEX_POINT ( 'NONE', #6050 ) ;
#4060 = AXIS2_PLACEMENT_3D ( 'NONE', #1721, #5419, #2272 ) ;
#4061 = CARTESIAN_POINT ( 'NONE',  ( -22.27465836929999909, -26.90006096009999936, 1.499999999999999556 ) ) ;
#4062 = ORIENTED_EDGE ( 'NONE', *, *, #1323, .T. ) ;
#4063 = DIRECTION ( 'NONE',  ( 0.000000000000000000, 0.000000000000000000, -1.000000000000000000 ) ) ;
#4064 = ADVANCED_FACE ( 'NONE', ( #1335 ), #1876, .F. ) ;
#4065 = EDGE_CURVE ( 'NONE', #2189, #3195, #5247, .T. ) ;
#4066 = VERTEX_POINT ( 'NONE', #6765 ) ;
#4067 = ORIENTED_EDGE ( 'NONE', *, *, #6738, .T. ) ;
#4068 = CARTESIAN_POINT ( 'NONE',  ( 20.29999999999999716, -36.80000000000000426, 0.000000000000000000 ) ) ;
#4069 = ORIENTED_EDGE ( 'NONE', *, *, #4845, .F. ) ;
#4070 = CARTESIAN_POINT ( 'NONE',  ( -12.67414240922676250, 27.75818616609862133, 1.500000000000000000 ) ) ;
#4071 = CARTESIAN_POINT ( 'NONE',  ( 8.447727516679298887, 24.63546690577123499, 1.500000000000000000 ) ) ;
#4072 = CARTESIAN_POINT ( 'NONE',  ( -7.317502914115143753, 27.75888022895082585, 1.500000000000000222 ) ) ;
#4073 = CARTESIAN_POINT ( 'NONE',  ( 17.94749555500000326, 30.40006096009999936, 12.22253967444162015 ) ) ;
#4074 = CARTESIAN_POINT ( 'NONE',  ( 2.486736363778655701, 24.35995461897881498, 1.500000000000000000 ) ) ;
#4075 = AXIS2_PLACEMENT_3D ( 'NONE', #6595, #6071, #4591 ) ;
#4076 = LINE ( 'NONE', #1406, #5632 ) ;
#4077 = FACE_OUTER_BOUND ( 'NONE', #1913, .T. ) ;
#4078 = CARTESIAN_POINT ( 'NONE',  ( -22.48465836929999995, -31.18623571250002868, 0.000000000000000000 ) ) ;
#4079 = CARTESIAN_POINT ( 'NONE',  ( 7.154254847567926845, 27.75818616609861422, 1.500000000000000000 ) ) ;
#4080 = EDGE_LOOP ( 'NONE', ( #2455, #1672, #545, #2737 ) ) ;
#4081 = DIRECTION ( 'NONE',  ( -1.000000000000000000, 1.856308247812544131E-16, 0.000000000000000000 ) ) ;
#4082 = CARTESIAN_POINT ( 'NONE',  ( -16.34749555500000184, 30.40006096009999936, 3.499999999999999556 ) ) ;
#4083 = EDGE_CURVE ( 'NONE', #5374, #5838, #4670, .T. ) ;
#4084 = CARTESIAN_POINT ( 'NONE',  ( 1.007919066875516689, 25.34781520867408489, 1.499999999999999778 ) ) ;
#4085 = AXIS2_PLACEMENT_3D ( 'NONE', #381, #3447, #1940 ) ;
#4086 = VERTEX_POINT ( 'NONE', #6268 ) ;
#4087 = CARTESIAN_POINT ( 'NONE',  ( 22.27463296930000070, 27.40006096009999936, 6.000000000000000000 ) ) ;
#4088 = DIRECTION ( 'NONE',  ( 0.000000000000000000, 1.000000000000000000, 0.000000000000000000 ) ) ;
#4089 = B_SPLINE_CURVE_WITH_KNOTS ( 'NONE', 3,
 ( #3183, #3627, #6307, #3086, #3741, #542, #1513, #5226, #4285, #3711, #2641, #3, #1613, #2849, #3835, #170, #6505, #4844 ),
 .UNSPECIFIED., .F., .F.,
 ( 4, 2, 2, 2, 2, 2, 2, 2, 4 ),
 ( 0.5000000000000000000, 0.5625000000000000000, 0.6250000000000000000, 0.6875000000000000000, 0.7500000000000000000, 0.8125000000000000000, 0.8750000000000000000, 0.9375000000000000000, 1.000000000000000000 ),
 .UNSPECIFIED. ) ;
#4090 = CARTESIAN_POINT ( 'NONE',  ( 22.48463296930000155, 31.18628397260005158, 0.5000000000000000000 ) ) ;
#4091 = ADVANCED_FACE ( 'NONE', ( #2016 ), #3045, .F. ) ;
#4092 = DIRECTION ( 'NONE',  ( 1.000000000000000000, 0.000000000000000000, 0.000000000000000000 ) ) ;
#4093 = DIRECTION ( 'NONE',  ( 0.000000000000000000, -0.000000000000000000, 1.000000000000000000 ) ) ;
#4094 = CARTESIAN_POINT ( 'NONE',  ( 1.956543053095936235, 27.03837947678106701, -0.0009999999999999158867 ) ) ;
#4095 = PLANE ( 'NONE',  #1249 ) ;
#4096 = ORIENTED_EDGE ( 'NONE', *, *, #2388, .T. ) ;
#4097 = DIRECTION ( 'NONE',  ( 0.000000000000000000, 0.000000000000000000, -1.000000000000000000 ) ) ;
#4098 = CARTESIAN_POINT ( 'NONE',  ( -1.169593599177062071, 27.03837947678106346, 3.500000000000000000 ) ) ;
#4099 = VECTOR ( 'NONE', #2654, 1000.000000000000000 ) ;
#4100 = LINE ( 'NONE', #6740, #5447 ) ;
#4101 = ADVANCED_FACE ( 'NONE', ( #2092 ), #4237, .F. ) ;
#4102 = CARTESIAN_POINT ( 'NONE',  ( -10.58465029722996675, 29.22981799680087178, 3.500000000000000000 ) ) ;
#4103 = DIRECTION ( 'NONE',  ( 3.061276722312012984E-16, -1.000000000000000000, 0.000000000000000000 ) ) ;
#4104 = CARTESIAN_POINT ( 'NONE',  ( -7.745717551424907477, 27.33290378805511267, 3.500000000000000888 ) ) ;
#4105 = EDGE_LOOP ( 'NONE', ( #6757, #714, #6775, #1699 ) ) ;
#4106 = VECTOR ( 'NONE', #75, 1000.000000000000000 ) ;
#4107 = CARTESIAN_POINT ( 'NONE',  ( -4.008526344982527689, 29.22981799680147574, 1.500000000000156097 ) ) ;
#4108 = LINE ( 'NONE', #6173, #3630 ) ;
#4109 = EDGE_CURVE ( 'NONE', #6614, #3932, #5837, .T. ) ;
#4110 = CARTESIAN_POINT ( 'NONE',  ( -18.68671289418812620, -5.592636471259944564, 3.545272138119046179 ) ) ;
#4111 = FACE_OUTER_BOUND ( 'NONE', #959, .T. ) ;
#4112 = DIRECTION ( 'NONE',  ( -1.000000000000000000, 1.090335308596359148E-16, -0.000000000000000000 ) ) ;
#4113 = CARTESIAN_POINT ( 'NONE',  ( 12.51110456317209696, 26.31857278746350559, 1.500000000000000000 ) ) ;
#4114 = CARTESIAN_POINT ( 'NONE',  ( 3.206543053095936457, 27.03837947678106701, 4.500000000000000888 ) ) ;
#4115 = CARTESIAN_POINT ( 'NONE',  ( 0.9565430530959354583, 27.33290378156430833, 3.500000000000000000 ) ) ;
#4116 = AXIS2_PLACEMENT_3D ( 'NONE', #3997, #4097, #934 ) ;
#4117 = VECTOR ( 'NONE', #1595, 1000.000000000000000 ) ;
#4118 = DIRECTION ( 'NONE',  ( 3.561451260254548541E-16, 1.000000000000000000, 0.000000000000000000 ) ) ;
#4119 = AXIS2_PLACEMENT_3D ( 'NONE', #376, #6660, #774 ) ;
#4120 = VERTEX_POINT ( 'NONE', #590 ) ;
#4121 = CARTESIAN_POINT ( 'NONE',  ( 2.847290581169859447, 24.28830808883552095, 1.499999999999999778 ) ) ;
#4122 = CYLINDRICAL_SURFACE ( 'NONE', #221, 1.599999999980944887 ) ;
#4123 = VERTEX_POINT ( 'NONE', #3235 ) ;
#4124 = CARTESIAN_POINT ( 'NONE',  ( 1.407292662289926444, 25.65564935224760745, 3.500000000000000000 ) ) ;
#4125 = CC_DESIGN_PERSON_AND_ORGANIZATION_ASSIGNMENT ( #409, #4618, ( #5895 ) ) ;
#4126 = CARTESIAN_POINT ( 'NONE',  ( 22.48463296929999800, -31.18623571154438778, 0.5000000000000000000 ) ) ;
#4127 = CARTESIAN_POINT ( 'NONE',  ( -14.80999999999999517, -13.49999999999999822, 5.611269837220810075 ) ) ;
#4128 = CARTESIAN_POINT ( 'NONE',  ( 20.00000000000000000, 36.79999999999999005, 0.000000000000000000 ) ) ;
#4129 = CARTESIAN_POINT ( 'NONE',  ( 12.02411822538953778, 26.44944673097552013, 3.500000000000000000 ) ) ;
#4130 = CARTESIAN_POINT ( 'NONE',  ( -3.947495555000003264, 34.27089408180000163, 2.700000073095999209 ) ) ;
#4131 = EDGE_CURVE ( 'NONE', #3195, #6344, #6391, .T. ) ;
#4132 = VERTEX_POINT ( 'NONE', #195 ) ;
#4133 = ORIENTED_EDGE ( 'NONE', *, *, #787, .F. ) ;
#4134 = VECTOR ( 'NONE', #6081, 1000.000000000000000 ) ;
#4135 = CARTESIAN_POINT ( 'NONE',  ( 18.71863864664120314, -4.499999999999998224, 3.499999999999999556 ) ) ;
#4136 = ORIENTED_EDGE ( 'NONE', *, *, #3455, .T. ) ;
#4137 = CARTESIAN_POINT ( 'NONE',  ( -12.24571755142490481, 27.03837947678106346, 1.500000000000000000 ) ) ;
#4138 = DIRECTION ( 'NONE',  ( 0.000000000000000000, 0.000000000000000000, -1.000000000000000000 ) ) ;
#4139 = CARTESIAN_POINT ( 'NONE',  ( -8.305254241119740755, 29.23690250520146350, 1.500000000000000000 ) ) ;
#4140 = CARTESIAN_POINT ( 'NONE',  ( 18.69002286007999558, 31.18628397257998941, 6.000000000000000000 ) ) ;
#4141 = ORIENTED_EDGE ( 'NONE', *, *, #2252, .T. ) ;
#4142 = VECTOR ( 'NONE', #5235, 1000.000000000000000 ) ;
#4143 = AXIS2_PLACEMENT_3D ( 'NONE', #5210, #3849, #45 ) ;
#4144 = EDGE_CURVE ( 'NONE', #1566, #3669, #1986, .T. ) ;
#4145 = ORIENTED_EDGE ( 'NONE', *, *, #4345, .F. ) ;
#4146 = DIRECTION ( 'NONE',  ( 1.000000000000000000, 0.000000000000000000, 0.000000000000000000 ) ) ;
#4147 = CARTESIAN_POINT ( 'NONE',  ( -10.58465029123328804, 29.22981799928477642, 3.500000000000000444 ) ) ;
#4148 = CARTESIAN_POINT ( 'NONE',  ( -18.69005080008499675, 31.18628651258499573, 13.33000000000000007 ) ) ;
#4149 = CARTESIAN_POINT ( 'NONE',  ( 1.015104533076047977, 26.44944673097621290, 3.500000000000000000 ) ) ;
#4150 = DIRECTION ( 'NONE',  ( -0.000000000000000000, -1.000000000000000000, -0.000000000000000000 ) ) ;
#4151 = VECTOR ( 'NONE', #361, 1000.000000000000000 ) ;
#4152 = ORIENTED_EDGE ( 'NONE', *, *, #5503, .T. ) ;
#4153 = ADVANCED_FACE ( 'NONE', ( #5437 ), #6487, .F. ) ;
#4154 = CARTESIAN_POINT ( 'NONE',  ( -15.90999999999999304, -10.49999999999999645, 3.499999999999999556 ) ) ;
#4155 = EDGE_CURVE ( 'NONE', #5279, #3999, #6384, .T. ) ;
#4156 = CARTESIAN_POINT ( 'NONE',  ( -11.79496794223101297, 25.65564935224771048, 3.500000000000000000 ) ) ;
#4157 = DIRECTION ( 'NONE',  ( -1.000000000000000000, 3.469446951953614189E-16, 0.000000000000000000 ) ) ;
#4158 = ORIENTED_EDGE ( 'NONE', *, *, #3784, .F. ) ;
#4159 = CARTESIAN_POINT ( 'NONE',  ( 1.515978784987476402, 29.23700346299963826, 1.499999999999999778 ) ) ;
#4160 = CARTESIAN_POINT ( 'NONE',  ( -13.86572847344716308, 35.27089408180000163, 6.100000073095998232 ) ) ;
#4161 = ORIENTED_EDGE ( 'NONE', *, *, #923, .T. ) ;
#4162 = VERTEX_POINT ( 'NONE', #3201 ) ;
#4163 = LINE ( 'NONE', #5635, #490 ) ;
#4164 = DIRECTION ( 'NONE',  ( -1.000000000000000000, 0.000000000000000000, 0.000000000000000000 ) ) ;
#4165 = VERTEX_POINT ( 'NONE', #5590 ) ;
#4166 = ORIENTED_EDGE ( 'NONE', *, *, #3264, .F. ) ;
#4167 = FACE_OUTER_BOUND ( 'NONE', #448, .T. ) ;
#4168 = CARTESIAN_POINT ( 'NONE',  ( 1.823812928562738023, 28.83762986758733504, 3.500000000000000000 ) ) ;
#4169 = CARTESIAN_POINT ( 'NONE',  ( 11.21540982990310198, 28.83762986758735281, 3.500000000000000000 ) ) ;
#4170 = AXIS2_PLACEMENT_3D ( 'NONE', #6708, #6331, #5651 ) ;
#4171 = LINE ( 'NONE', #5182, #5850 ) ;
#4172 = ORIENTED_EDGE ( 'NONE', *, *, #3698, .F. ) ;
#4173 = CARTESIAN_POINT ( 'NONE',  ( -4.802323719120622059, 25.23912908138516542, 3.499999999999999556 ) ) ;
#4174 = EDGE_CURVE ( 'NONE', #4983, #6668, #4234, .T. ) ;
#4175 = CARTESIAN_POINT ( 'NONE',  ( -18.71863864664121380, -4.499999999999993783, 3.499999999999999556 ) ) ;
#4176 = FACE_OUTER_BOUND ( 'NONE', #1512, .T. ) ;
#4177 = FACE_OUTER_BOUND ( 'NONE', #2978, .T. ) ;
#4178 = CARTESIAN_POINT ( 'NONE',  ( -3.419593599177064291, 27.03837947678106701, 4.500000000000000888 ) ) ;
#4179 = VECTOR ( 'NONE', #1486, 1000.000000000000000 ) ;
#4180 = ADVANCED_FACE ( 'NONE', ( #6075, #4596 ), #1904, .T. ) ;
#4181 = DIRECTION ( 'NONE',  ( 0.000000000000000000, -0.000000000000000000, 1.000000000000000000 ) ) ;
#4182 = ORIENTED_EDGE ( 'NONE', *, *, #269, .F. ) ;
#4183 = DIRECTION ( 'NONE',  ( -1.000000000000000000, 0.000000000000000000, 0.000000000000000000 ) ) ;
#4184 = DIRECTION ( 'NONE',  ( 0.000000000000000000, 0.000000000000000000, 1.000000000000000000 ) ) ;
#4185 = ORIENTED_EDGE ( 'NONE', *, *, #610, .T. ) ;
#4186 = CARTESIAN_POINT ( 'NONE',  ( 5.956543053095937346, 27.03837947678105991, 1.500000000000000000 ) ) ;
#4187 = CARTESIAN_POINT ( 'NONE',  ( -6.098018456978921087, 27.75818616609799960, 1.500000000000000000 ) ) ;
#4188 = DIRECTION ( 'NONE',  ( -1.000000000000000000, 0.000000000000000000, 0.000000000000000000 ) ) ;
#4189 = CARTESIAN_POINT ( 'NONE',  ( -17.00999999999999446, -13.49999999999999822, 5.611269837220810075 ) ) ;
#4190 = EDGE_CURVE ( 'NONE', #1566, #521, #233, .T. ) ;
#4191 = DIRECTION ( 'NONE',  ( -0.000000000000000000, -0.000000000000000000, -1.000000000000000000 ) ) ;
#4192 = CARTESIAN_POINT ( 'NONE',  ( 7.082679705369936407, 27.39799120621600181, 1.499999999999999778 ) ) ;
#4193 = ORIENTED_EDGE ( 'NONE', *, *, #4393, .T. ) ;
#4194 = CARTESIAN_POINT ( 'NONE',  ( 18.69002285999365753, 35.27089408179999452, 13.33000000000000007 ) ) ;
#4195 = DIRECTION ( 'NONE',  ( -0.000000000000000000, -0.000000000000000000, -1.000000000000000000 ) ) ;
#4196 = VECTOR ( 'NONE', #4191, 1000.000000000000000 ) ;
#4197 = EDGE_CURVE ( 'NONE', #54, #1834, #384, .T. ) ;
#4198 = LINE ( 'NONE', #4799, #3129 ) ;
#4199 = CIRCLE ( 'NONE', #5281, 3.794608839220212193 ) ;
#4200 = DIRECTION ( 'NONE',  ( -0.000000000000000000, 1.000000000000000000, -0.000000000000000000 ) ) ;
#4201 = CARTESIAN_POINT ( 'NONE',  ( -20.14749555500000255, 30.40006096009999936, 0.5000000000000004441 ) ) ;
#4202 = CARTESIAN_POINT ( 'NONE',  ( 20.55649513947968643, 24.17963109659307364, 1.499999999999999556 ) ) ;
#4203 = CARTESIAN_POINT ( 'NONE',  ( -5.669593599177066068, 27.33290378156430833, 3.500000000000000000 ) ) ;
#4204 = CARTESIAN_POINT ( 'NONE',  ( 13.32431064739982496, 36.80100000000001614, 1.649999999999998579 ) ) ;
#4205 = EDGE_LOOP ( 'NONE', ( #802, #5102 ) ) ;
#4206 = EDGE_LOOP ( 'NONE', ( #283, #1056, #2464, #439 ) ) ;
#4207 = CARTESIAN_POINT ( 'NONE',  ( 8.449949580836600305, 28.83762986758749847, 1.500000000000000222 ) ) ;
#4208 = VERTEX_POINT ( 'NONE', #2398 ) ;
#4209 = CARTESIAN_POINT ( 'NONE',  ( -17.50000000000000711, -14.82036890340692636, 1.500000000000001332 ) ) ;
#4210 = B_SPLINE_CURVE_WITH_KNOTS ( 'NONE', 3,
 ( #2556, #4192, #5275, #3643, #2651, #4665, #1942, #6224, #4698, #1523, #2517, #414, #1014, #5631, #4621, #6694, #3127, #922 ),
 .UNSPECIFIED., .F., .F.,
 ( 4, 2, 2, 2, 2, 2, 2, 2, 4 ),
 ( 0.000000000000000000, 0.06250000000000000000, 0.1250000000000000000, 0.1875000000000000000, 0.2500000000000000000, 0.3125000000000000000, 0.3750000000000000000, 0.4375000000000000000, 0.5000000000000000000 ),
 .UNSPECIFIED. ) ;
#4211 = APPROVAL ( #5761, '未指定' ) ;
#4212 = ORIENTED_EDGE ( 'NONE', *, *, #2186, .F. ) ;
#4213 = CARTESIAN_POINT ( 'NONE',  ( -4.802323723710243186, 28.83762986758735636, 3.500000000000000000 ) ) ;
#4214 = CARTESIAN_POINT ( 'NONE',  ( 8.582679705369935519, 27.03837947678105991, 0.5000000000000000000 ) ) ;
#4215 = DIRECTION ( 'NONE',  ( -1.000000000000000000, 0.000000000000000000, 0.000000000000000000 ) ) ;
#4216 = ORIENTED_EDGE ( 'NONE', *, *, #5791, .T. ) ;
#4217 = ORIENTED_EDGE ( 'NONE', *, *, #2159, .T. ) ;
#4218 = AXIS2_PLACEMENT_3D ( 'NONE', #5601, #1726, #2496 ) ;
#4219 = CARTESIAN_POINT ( 'NONE',  ( -3.419593599177064291, 27.03837947678106701, 4.500000000000000888 ) ) ;
#4220 = LINE ( 'NONE', #451, #2423 ) ;
#4221 = VERTEX_POINT ( 'NONE', #1806 ) ;
#4222 = CARTESIAN_POINT ( 'NONE',  ( -18.88865672360322279, 23.68219157120611484, 3.260573687037925605 ) ) ;
#4223 = ADVANCED_FACE ( 'NONE', ( #3421 ), #1838, .F. ) ;
#4224 = CARTESIAN_POINT ( 'NONE',  ( 19.99999999999999645, -36.80000000000000426, -3.673940397442097709E-17 ) ) ;
#4225 = LINE ( 'NONE', #3748, #3717 ) ;
#4226 = ORIENTED_EDGE ( 'NONE', *, *, #6639, .F. ) ;
#4227 = ORIENTED_EDGE ( 'NONE', *, *, #5230, .T. ) ;
#4228 = ORIENTED_EDGE ( 'NONE', *, *, #4350, .T. ) ;
#4229 = AXIS2_PLACEMENT_3D ( 'NONE', #6291, #1051, #2119 ) ;
#4230 = AXIS2_PLACEMENT_3D ( 'NONE', #4652, #4684, #1448 ) ;
#4231 = EDGE_CURVE ( 'NONE', #5391, #1571, #4210, .T. ) ;
#4232 = CARTESIAN_POINT ( 'NONE',  ( 17.64370398651581695, -10.50000000000000178, 5.500000000000000000 ) ) ;
#4233 = CARTESIAN_POINT ( 'NONE',  ( -12.39884034292751203, 25.65412135094651447, 1.500000000000000222 ) ) ;
#4234 = CIRCLE ( 'NONE', #3104, 1.599999999980944887 ) ;
#4235 = CYLINDRICAL_SURFACE ( 'NONE', #1272, 1.599999999980936893 ) ;
#4236 = CARTESIAN_POINT ( 'NONE',  ( -15.90999999999999659, -10.49999999999999467, 2.500000000000000000 ) ) ;
#4237 = CYLINDRICAL_SURFACE ( 'NONE', #4229, 1.100000000000000311 ) ;
#4238 = ORIENTED_EDGE ( 'NONE', *, *, #6502, .F. ) ;
#4239 = ORIENTED_EDGE ( 'NONE', *, *, #365, .T. ) ;
#4240 = CARTESIAN_POINT ( 'NONE',  ( 20.00000000000000000, 36.79999999999999005, 13.32999999999999297 ) ) ;
#4241 = VERTEX_POINT ( 'NONE', #640 ) ;
#4242 = ADVANCED_FACE ( 'NONE', ( #715 ), #1686, .F. ) ;
#4243 = ORIENTED_EDGE ( 'NONE', *, *, #3525, .T. ) ;
#4244 = ORIENTED_EDGE ( 'NONE', *, *, #5533, .T. ) ;
#4245 = CARTESIAN_POINT ( 'NONE',  ( -12.39863012243504947, 25.65342728809043393, 1.500000000000000000 ) ) ;
#4246 = CARTESIAN_POINT ( 'NONE',  ( -7.804279031404906419, 27.62731222258565822, 3.500000000000000000 ) ) ;
#4247 = VECTOR ( 'NONE', #4146, 1000.000000000000000 ) ;
#4248 = ORIENTED_EDGE ( 'NONE', *, *, #6328, .F. ) ;
#4249 = ORIENTED_EDGE ( 'NONE', *, *, #2910, .F. ) ;
#4250 = CARTESIAN_POINT ( 'NONE',  ( -7.796633740439634863, 28.72838296232212230, 1.500000000000000000 ) ) ;
#4251 = CIRCLE ( 'NONE', #3582, 4.000000000000000000 ) ;
#4252 = ORIENTED_EDGE ( 'NONE', *, *, #1034, .F. ) ;
#4253 = AXIS2_PLACEMENT_3D ( 'NONE', #2243, #5467, #3873 ) ;
#4254 = ORIENTED_EDGE ( 'NONE', *, *, #4476, .T. ) ;
#4255 = VERTEX_POINT ( 'NONE', #5898 ) ;
#4256 = CARTESIAN_POINT ( 'NONE',  ( -18.99605775695252419, 23.68859275773873563, 3.119604256135931841 ) ) ;
#4257 = CARTESIAN_POINT ( 'NONE',  ( -0.7411687413751326670, 27.75818616609800671, 1.500000000000000000 ) ) ;
#4258 = DIRECTION ( 'NONE',  ( 0.000000000000000000, 0.000000000000000000, -1.000000000000000000 ) ) ;
#4259 = VECTOR ( 'NONE', #2806, 1000.000000000000000 ) ;
#4260 = EDGE_LOOP ( 'NONE', ( #6730, #5188, #766, #1268 ) ) ;
#4261 = DIRECTION ( 'NONE',  ( -1.000000000000000000, 0.000000000000000000, 0.000000000000000000 ) ) ;
#4262 = EDGE_CURVE ( 'NONE', #1751, #4553, #1177, .T. ) ;
#4263 = LINE ( 'NONE', #5705, #4980 ) ;
#4264 = DIRECTION ( 'NONE',  ( -0.000000000000000000, -0.000000000000000000, -1.000000000000000000 ) ) ;
#4265 = VECTOR ( 'NONE', #2420, 1000.000000000000000 ) ;
#4266 = ORIENTED_EDGE ( 'NONE', *, *, #3677, .T. ) ;
#4267 = DIRECTION ( 'NONE',  ( -1.000000000000000000, 0.000000000000000000, 0.000000000000000000 ) ) ;
#4268 = CARTESIAN_POINT ( 'NONE',  ( 10.96582240520799623, 25.07236010050016972, 3.500000000000000000 ) ) ;
#4269 = DIRECTION ( 'NONE',  ( -1.000000000000000000, 0.000000000000000000, -0.000000000000000000 ) ) ;
#4270 = EDGE_CURVE ( 'NONE', #570, #1981, #897, .T. ) ;
#4271 = ORIENTED_EDGE ( 'NONE', *, *, #4541, .F. ) ;
#4272 = DIRECTION ( 'NONE',  ( 0.000000000000000000, 0.000000000000000000, -1.000000000000000000 ) ) ;
#4273 = VECTOR ( 'NONE', #4471, 1000.000000000000000 ) ;
#4274 = CARTESIAN_POINT ( 'NONE',  ( -5.611032119196869949, 27.62731222258613073, 3.500000000000000000 ) ) ;
#4275 = DIRECTION ( 'NONE',  ( 0.000000000000000000, 0.000000000000000000, 1.000000000000000000 ) ) ;
#4276 = ORIENTED_EDGE ( 'NONE', *, *, #4392, .F. ) ;
#4277 = ORIENTED_EDGE ( 'NONE', *, *, #5698, .T. ) ;
#4278 = CARTESIAN_POINT ( 'NONE',  ( -10.71552424074226550, 24.35995461897881498, 1.500000000000000000 ) ) ;
#4279 = LINE ( 'NONE', #5220, #4950 ) ;
#4280 = EDGE_CURVE ( 'NONE', #4786, #3932, #6116, .T. ) ;
#4281 = ADVANCED_FACE ( 'NONE', ( #76 ), #6313, .F. ) ;
#4282 = AXIS2_PLACEMENT_3D ( 'NONE', #2718, #4044, #299 ) ;
#4283 = ORIENTED_EDGE ( 'NONE', *, *, #3811, .T. ) ;
#4284 = CARTESIAN_POINT ( 'NONE',  ( -5.669593599177066068, 27.33290378156430833, 3.500000000000000000 ) ) ;
#4285 = CARTESIAN_POINT ( 'NONE',  ( -3.060341127247035775, 24.28845086472661308, 1.500000000000000222 ) ) ;
#4286 = FACE_OUTER_BOUND ( 'NONE', #3155, .T. ) ;
#4287 = CARTESIAN_POINT ( 'NONE',  ( -8.305714065884172825, 29.23746328776603676, 1.500000000000000000 ) ) ;
#4288 = CARTESIAN_POINT ( 'NONE',  ( -13.86572847344717552, -36.80100000000000904, 6.100000073095998232 ) ) ;
#4289 = CARTESIAN_POINT ( 'NONE',  ( 7.641241185350153842, 27.62731222258667074, 1.500000000000000000 ) ) ;
#4290 = CARTESIAN_POINT ( 'NONE',  ( -18.69005080009999986, 35.27089408180000163, 13.33000000000000007 ) ) ;
#4291 = ORIENTED_EDGE ( 'NONE', *, *, #3419, .T. ) ;
#4292 = DIRECTION ( 'NONE',  ( -1.000000000000000000, 0.000000000000000000, 0.000000000000000000 ) ) ;
#4293 = CARTESIAN_POINT ( 'NONE',  ( -20.09136906917898813, 23.87634408408198183, 1.909917199720728043 ) ) ;
#4294 = VECTOR ( 'NONE', #4347, 1000.000000000000000 ) ;
#4295 = LINE ( 'NONE', #74, #6520 ) ;
#4296 = CARTESIAN_POINT ( 'NONE',  ( 9.243746965561554063, 24.84694095427734695, 3.499999999999999556 ) ) ;
#4297 = DIRECTION ( 'NONE',  ( 1.000000000000000000, 0.000000000000000000, 0.000000000000000000 ) ) ;
#4298 = ORIENTED_EDGE ( 'NONE', *, *, #6257, .F. ) ;
#4299 = ORIENTED_EDGE ( 'NONE', *, *, #4762, .T. ) ;
#4300 = EDGE_LOOP ( 'NONE', ( #982, #5495, #5009, #4813 ) ) ;
#4301 = EDGE_CURVE ( 'NONE', #2602, #6641, #3484, .T. ) ;
#4302 = DIRECTION ( 'NONE',  ( -2.040851148208008491E-16, 1.000000000000000000, 0.000000000000000000 ) ) ;
#4303 = EDGE_LOOP ( 'NONE', ( #4863, #4411, #3041, #6144 ) ) ;
#4304 = PLANE ( 'NONE',  #5075 ) ;
#4305 = CARTESIAN_POINT ( 'NONE',  ( -2.036863474643871186, 25.23912908597479188, 3.500000000000000000 ) ) ;
#4306 = CARTESIAN_POINT ( 'NONE',  ( 1.821590864405221222, 24.63546690577123854, 1.500000000000000000 ) ) ;
#4307 = ORIENTED_EDGE ( 'NONE', *, *, #6080, .F. ) ;
#4308 = DIRECTION ( 'NONE',  ( 0.000000000000000000, 0.000000000000000000, 1.000000000000000000 ) ) ;
#4309 = VERTEX_POINT ( 'NONE', #5024 ) ;
#4310 = EDGE_CURVE ( 'NONE', #4528, #2374, #353, .T. ) ;
#4311 = DIRECTION ( 'NONE',  ( -1.000000000000000000, 0.000000000000000000, 0.000000000000000000 ) ) ;
#4312 = FACE_OUTER_BOUND ( 'NONE', #6068, .T. ) ;
#4313 =( BOUNDED_CURVE ( )  B_SPLINE_CURVE ( 3, ( #3309, #5835, #2758, #2212 ),
 .UNSPECIFIED., .F., .T. ) 
 B_SPLINE_CURVE_WITH_KNOTS ( ( 4, 4 ),
 ( 1.570796326794896558, 2.214297435588180818 ),
 .UNSPECIFIED. ) 
 CURVE ( )  GEOMETRIC_REPRESENTATION_ITEM ( )  RATIONAL_B_SPLINE_CURVE ( ( 1.000000000000000000, 0.9657888653670091417, 0.9657888653670091417, 1.000000000000000000 ) ) 
 REPRESENTATION_ITEM ( '' )  );
#4314 = ORIENTED_EDGE ( 'NONE', *, *, #5426, .F. ) ;
#4315 = CARTESIAN_POINT ( 'NONE',  ( -17.94749555500000326, 27.40006096009999936, 6.000000000000000000 ) ) ;
#4316 = ORIENTED_EDGE ( 'NONE', *, *, #5497, .F. ) ;
#4317 = EDGE_CURVE ( 'NONE', #3008, #6759, #6480, .T. ) ;
#4318 = CARTESIAN_POINT ( 'NONE',  ( -5.611032119196869949, 27.62731222258613073, 3.500000000000000000 ) ) ;
#4319 = VERTEX_POINT ( 'NONE', #220 ) ;
#4320 = EDGE_LOOP ( 'NONE', ( #463, #4283 ) ) ;
#4321 = ORIENTED_EDGE ( 'NONE', *, *, #769, .T. ) ;
#4322 = EDGE_CURVE ( 'NONE', #2215, #3624, #2316, .T. ) ;
#4323 = EDGE_CURVE ( 'NONE', #3502, #953, #2896, .T. ) ;
#4324 = DIRECTION ( 'NONE',  ( 1.000000000000000000, -0.000000000000000000, -0.000000000000000000 ) ) ;
#4325 = VERTEX_POINT ( 'NONE', #3980 ) ;
#4326 = DIRECTION ( 'NONE',  ( 0.000000000000000000, 0.000000000000000000, -1.000000000000000000 ) ) ;
#4327 = CIRCLE ( 'NONE', #4969, 1.599999999980955767 ) ;
#4328 = CARTESIAN_POINT ( 'NONE',  ( -18.69005080010079567, -35.27084328169999594, 13.33000000000000007 ) ) ;
#4329 = DIRECTION ( 'NONE',  ( -1.000000000000000000, 0.000000000000000000, 0.000000000000000000 ) ) ;
#4330 = VECTOR ( 'NONE', #3758, 1000.000000000000000 ) ;
#4331 = DIRECTION ( 'NONE',  ( 0.000000000000000000, 0.000000000000000000, 1.000000000000000000 ) ) ;
#4332 = CARTESIAN_POINT ( 'NONE',  ( 12.02411822787364137, 27.62731221658943781, 3.500000000000000444 ) ) ;
#4333 = VERTEX_POINT ( 'NONE', #6035 ) ;
#4334 = ORIENTED_EDGE ( 'NONE', *, *, #3875, .F. ) ;
#4335 = AXIS2_PLACEMENT_3D ( 'NONE', #4341, #6499, #2804 ) ;
#4336 = ORIENTED_EDGE ( 'NONE', *, *, #127, .T. ) ;
#4337 = EDGE_LOOP ( 'NONE', ( #3249, #5287, #6592, #5994 ) ) ;
#4338 = LINE ( 'NONE', #3275, #6647 ) ;
#4339 = ORIENTED_EDGE ( 'NONE', *, *, #2599, .F. ) ;
#4340 = AXIS2_PLACEMENT_3D ( 'NONE', #1593, #2617, #4181 ) ;
#4341 = CARTESIAN_POINT ( 'NONE',  ( 0.000000000000000000, 0.000000000000000000, 2.500000000000000000 ) ) ;
#4342 = CARTESIAN_POINT ( 'NONE',  ( 7.429767134359954284, 25.65342728809042683, 1.500000000000000000 ) ) ;
#4343 = LINE ( 'NONE', #2807, #5614 ) ;
#4344 = AXIS2_PLACEMENT_3D ( 'NONE', #1038, #4184, #4721 ) ;
#4345 = EDGE_CURVE ( 'NONE', #1723, #2602, #5160, .T. ) ;
#4346 = ORIENTED_EDGE ( 'NONE', *, *, #2469, .F. ) ;
#4347 = DIRECTION ( 'NONE',  ( -0.000000000000000000, -0.000000000000000000, -1.000000000000000000 ) ) ;
#4348 = ORIENTED_EDGE ( 'NONE', *, *, #6751, .T. ) ;
#4349 = FACE_OUTER_BOUND ( 'NONE', #4020, .T. ) ;
#4350 = EDGE_CURVE ( 'NONE', #4864, #4241, #1412, .T. ) ;
#4351 = DIRECTION ( 'NONE',  ( 0.000000000000000000, 0.000000000000000000, -1.000000000000000000 ) ) ;
#4352 = ORIENTED_EDGE ( 'NONE', *, *, #4023, .F. ) ;
#4353 = CYLINDRICAL_SURFACE ( 'NONE', #4462, 1.000000000000000000 ) ;
#4354 = LINE ( 'NONE', #6059, #2097 ) ;
#4355 = COORDINATED_UNIVERSAL_TIME_OFFSET ( 8, 0, .AHEAD. ) ;
#4356 = VECTOR ( 'NONE', #3609, 1000.000000000000000 ) ;
#4357 = CARTESIAN_POINT ( 'NONE',  ( -15.91000000000000725, 21.00000000000000000, 5.611269837220810075 ) ) ;
#4358 = CARTESIAN_POINT ( 'NONE',  ( -4.802323723710243186, 28.83762986758751268, 1.499999999999843903 ) ) ;
#4359 = CARTESIAN_POINT ( 'NONE',  ( -20.30000000000000071, -36.30000000000000426, 0.000000000000000000 ) ) ;
#4360 = ADVANCED_FACE ( 'NONE', ( #6214 ), #1933, .F. ) ;
#4361 = EDGE_CURVE ( 'NONE', #3193, #6180, #1773, .T. ) ;
#4362 = EDGE_LOOP ( 'NONE', ( #77, #4182, #1091, #1359, #3121, #2795, #5325, #5159, #880, #2829 ) ) ;
#4363 = PLANE ( 'NONE',  #4418 ) ;
#4364 = ORIENTED_EDGE ( 'NONE', *, *, #2133, .F. ) ;
#4365 = CYLINDRICAL_SURFACE ( 'NONE', #601, 2.999999999999999112 ) ;
#4366 = CARTESIAN_POINT ( 'NONE',  ( -7.804279028921193628, 26.44944673697268556, 3.500000000000000000 ) ) ;
#4367 = CARTESIAN_POINT ( 'NONE',  ( 12.08267970536993197, 27.03837947678105635, 3.500000000000000000 ) ) ;
#4368 = CARTESIAN_POINT ( 'NONE',  ( -20.00000000000000000, 36.29999999999999005, 0.000000000000000000 ) ) ;
#4369 = AXIS2_PLACEMENT_3D ( 'NONE', #503, #5319, #2095 ) ;
#4370 = EDGE_LOOP ( 'NONE', ( #565, #4291 ) ) ;
#4371 = CARTESIAN_POINT ( 'NONE',  ( -11.37844767595824358, 28.83762986758720004, 3.500000000000000000 ) ) ;
#4372 = CARTESIAN_POINT ( 'NONE',  ( 4.339685752933532648, 29.00439885306207444, 1.499999999999843903 ) ) ;
#4373 = ORIENTED_EDGE ( 'NONE', *, *, #4788, .T. ) ;
#4374 = FACE_OUTER_BOUND ( 'NONE', #4105, .T. ) ;
#4375 = EDGE_CURVE ( 'NONE', #1184, #1551, #2958, .T. ) ;
#4376 = AXIS2_PLACEMENT_3D ( 'NONE', #1753, #6397, #5881 ) ;
#4377 = CARTESIAN_POINT ( 'NONE',  ( -22.77465836914204900, -31.18626111254249622, 6.000000000000000000 ) ) ;
#4378 = CARTESIAN_POINT ( 'NONE',  ( -7.804279031405748412, 27.62731222258606323, 1.499999999999921840 ) ) ;
#4379 = CARTESIAN_POINT ( 'NONE',  ( 7.537381551142567027, 23.67963109659307008, 1.500000000000000000 ) ) ;
#4380 = CARTESIAN_POINT ( 'NONE',  ( 7.082679705369937295, 27.39835362707196609, 1.500000000000000000 ) ) ;
#4381 = CARTESIAN_POINT ( 'NONE',  ( 20.30000000000000071, -32.80000000000001137, 13.33000000000000007 ) ) ;
#4382 = ORIENTED_EDGE ( 'NONE', *, *, #4466, .F. ) ;
#4383 = DIRECTION ( 'NONE',  ( 1.000000000000000000, 0.000000000000000000, 0.000000000000000000 ) ) ;
#4384 = ORIENTED_EDGE ( 'NONE', *, *, #1653, .F. ) ;
#4385 = AXIS2_PLACEMENT_3D ( 'NONE', #4114, #844, #6065 ) ;
#4386 = CARTESIAN_POINT ( 'NONE',  ( -20.19265082332224992, 23.90921738782466122, 1.816009097175473652 ) ) ;
#4387 = EDGE_CURVE ( 'NONE', #2529, #2412, #4343, .T. ) ;
#4388 = DIRECTION ( 'NONE',  ( -0.000000000000000000, -0.000000000000000000, -1.000000000000000000 ) ) ;
#4389 = CARTESIAN_POINT ( 'NONE',  ( 0.000000000000000000, -27.40006096009999936, 6.000000000000000000 ) ) ;
#4390 = DIRECTION ( 'NONE',  ( 1.000000000000000000, -0.000000000000000000, -0.000000000000000000 ) ) ;
#4391 = DIRECTION ( 'NONE',  ( -0.000000000000000000, -0.000000000000000000, -1.000000000000000000 ) ) ;
#4392 = EDGE_CURVE ( 'NONE', #4319, #6733, #1160, .T. ) ;
#4393 = EDGE_CURVE ( 'NONE', #4691, #652, #1877, .T. ) ;
#4394 = AXIS2_PLACEMENT_3D ( 'NONE', #5541, #3472, #831 ) ;
#4395 = CIRCLE ( 'NONE', #1162, 0.9500000000000002887 ) ;
#4396 = CARTESIAN_POINT ( 'NONE',  ( 20.30000000000000071, -32.80000000000001137, 0.000000000000000000 ) ) ;
#4397 = ORIENTED_EDGE ( 'NONE', *, *, #5469, .T. ) ;
#4398 = CARTESIAN_POINT ( 'NONE',  ( 14.94749555500000149, 34.77089408179999452, 6.000000000000000000 ) ) ;
#4399 = EDGE_CURVE ( 'NONE', #3405, #4086, #395, .T. ) ;
#4400 = CARTESIAN_POINT ( 'NONE',  ( -12.24571755142490659, 27.03837947678106701, 3.500000000000000000 ) ) ;
#4401 = CARTESIAN_POINT ( 'NONE',  ( 1.015104530592225718, 27.62731221658945202, 3.500000000000000000 ) ) ;
#4402 = ORIENTED_EDGE ( 'NONE', *, *, #2387, .F. ) ;
#4403 = CYLINDRICAL_SURFACE ( 'NONE', #5323, 0.5000000000000004441 ) ;
#4404 = DIRECTION ( 'NONE',  ( 0.000000000000000000, -1.000000000000000000, 0.000000000000000000 ) ) ;
#4405 = PLANE ( 'NONE',  #2124 ) ;
#4406 = DIRECTION ( 'NONE',  ( -1.000000000000000000, 0.000000000000000000, 0.000000000000000000 ) ) ;
#4407 = VECTOR ( 'NONE', #214, 1000.000000000000000 ) ;
#4408 = VERTEX_POINT ( 'NONE', #282 ) ;
#4409 = VECTOR ( 'NONE', #3972, 1000.000000000000000 ) ;
#4410 = DIRECTION ( 'NONE',  ( -0.000000000000000000, -0.000000000000000000, -1.000000000000000000 ) ) ;
#4411 = ORIENTED_EDGE ( 'NONE', *, *, #6457, .F. ) ;
#4412 = VERTEX_POINT ( 'NONE', #6089 ) ;
#4413 = CARTESIAN_POINT ( 'NONE',  ( 0.000000000000000000, -36.30000000000000426, 7.386156972313998814 ) ) ;
#4414 = ORIENTED_EDGE ( 'NONE', *, *, #4399, .F. ) ;
#4415 = CARTESIAN_POINT ( 'NONE',  ( -19.69443225796898389, 23.77812408284114909, 2.302383368547606057 ) ) ;
#4416 = CARTESIAN_POINT ( 'NONE',  ( 3.206543053095936457, 27.03837947678106701, -0.0009999999999999158867 ) ) ;
#4417 = CARTESIAN_POINT ( 'NONE',  ( -5.385612975458230700, 28.17152217661897851, 1.500000000000000222 ) ) ;
#4418 = AXIS2_PLACEMENT_3D ( 'NONE', #5472, #2363, #739 ) ;
#4419 = VERTEX_POINT ( 'NONE', #2494 ) ;
#4420 = EDGE_CURVE ( 'NONE', #4309, #6614, #3563, .T. ) ;
#4421 = ORIENTED_EDGE ( 'NONE', *, *, #429, .T. ) ;
#4422 = CARTESIAN_POINT ( 'NONE',  ( 17.94749555500000326, 27.40006096009999936, 1.500000000000000000 ) ) ;
#4423 = LINE ( 'NONE', #1743, #3508 ) ;
#4424 = DIRECTION ( 'NONE',  ( 0.000000000000000000, 0.000000000000000000, -1.000000000000000000 ) ) ;
#4425 = CARTESIAN_POINT ( 'NONE',  ( -20.00000000000000000, -36.80000000000000426, 13.33000000000000007 ) ) ;
#4426 = CARTESIAN_POINT ( 'NONE',  ( 10.42161244517831520, 29.22981799928476931, 3.500000000000000000 ) ) ;
#4427 = DIRECTION ( 'NONE',  ( -1.000000000000000000, 0.000000000000000000, 0.000000000000000000 ) ) ;
#4428 = ADVANCED_FACE ( 'NONE', ( #2453 ), #2942, .F. ) ;
#4429 = LOCAL_TIME ( 14, 12, 36.00000000000000000, #4355 ) ;
#4430 = CARTESIAN_POINT ( 'NONE',  ( 0.000000000000000000, 0.000000000000000000, 0.000000000000000000 ) ) ;
#4431 = CARTESIAN_POINT ( 'NONE',  ( -8.612987426891576703, 25.23912908597461424, 1.500000000000000000 ) ) ;
#4432 = CARTESIAN_POINT ( 'NONE',  ( 1.240523676814747178, 28.17152217661842073, 3.500000000000000000 ) ) ;
#4433 = CARTESIAN_POINT ( 'NONE',  ( -12.09286333833201610, -6.682863338332013292, 3.499999999999999112 ) ) ;
#4434 = EDGE_CURVE ( 'NONE', #5234, #3950, #5408, .T. ) ;
#4435 = ADVANCED_FACE ( 'NONE', ( #3696, #462 ), #3659, .T. ) ;
#4436 = DIRECTION ( 'NONE',  ( 0.000000000000000000, 0.000000000000000000, -1.000000000000000000 ) ) ;
#4437 = AXIS2_PLACEMENT_3D ( 'NONE', #4031, #3047, #5680 ) ;
#4438 = CIRCLE ( 'NONE', #110, 1.249999999999997558 ) ;
#4439 = CARTESIAN_POINT ( 'NONE',  ( -11.38066974011554322, 24.63546690577123854, 1.500000000000000000 ) ) ;
#4440 = CARTESIAN_POINT ( 'NONE',  ( -22.61214465342765934, 23.67963109659307008, 1.500000000000000000 ) ) ;
#4441 = ORIENTED_EDGE ( 'NONE', *, *, #3652, .F. ) ;
#4442 = ORIENTED_EDGE ( 'NONE', *, *, #2088, .F. ) ;
#4443 = DIRECTION ( 'NONE',  ( 0.000000000000000000, 0.000000000000000000, -1.000000000000000000 ) ) ;
#4444 = CYLINDRICAL_SURFACE ( 'NONE', #5121, 2.250000000000001776 ) ;
#4445 = CARTESIAN_POINT ( 'NONE',  ( -1.729590113636328530, 24.83929566579547554, 1.500000000000000000 ) ) ;
#4446 = CARTESIAN_POINT ( 'NONE',  ( 15.90999999999999659, -10.50000000000000711, 5.500000000000000000 ) ) ;
#4447 = DIRECTION ( 'NONE',  ( -1.000000000000000000, 0.000000000000000000, 0.000000000000000000 ) ) ;
#4448 = DIRECTION ( 'NONE',  ( 1.000000000000000000, 0.000000000000000000, 0.000000000000000000 ) ) ;
#4449 = ORIENTED_EDGE ( 'NONE', *, *, #494, .T. ) ;
#4450 = ORIENTED_EDGE ( 'NONE', *, *, #1118, .T. ) ;
#4451 = ORIENTED_EDGE ( 'NONE', *, *, #4550, .F. ) ;
#4452 = LINE ( 'NONE', #4154, #6174 ) ;
#4453 = LINE ( 'NONE', #6594, #2872 ) ;
#4454 = CARTESIAN_POINT ( 'NONE',  ( 4.339685752933695184, 29.00439885306208865, 3.500000000000000000 ) ) ;
#4455 = CARTESIAN_POINT ( 'NONE',  ( 8.449949580837358809, 25.23912908597510807, 1.499999999999921840 ) ) ;
#4456 = FACE_OUTER_BOUND ( 'NONE', #2773, .T. ) ;
#4457 = CYLINDRICAL_SURFACE ( 'NONE', #700, 2.999999999999999112 ) ;
#4458 = EDGE_CURVE ( 'NONE', #2300, #6780, #2274, .T. ) ;
#4459 = VECTOR ( 'NONE', #1385, 1000.000000000000000 ) ;
#4460 = CARTESIAN_POINT ( 'NONE',  ( 14.94749555500000326, 30.40006096009999936, 6.000000000000000000 ) ) ;
#4461 = CARTESIAN_POINT ( 'NONE',  ( 0.000000000000000000, -36.30000000000000426, 0.000000000000000000 ) ) ;
#4462 = AXIS2_PLACEMENT_3D ( 'NONE', #3839, #2308, #4443 ) ;
#4463 = DIRECTION ( 'NONE',  ( -1.000000000000000000, 1.856308247812543884E-16, -0.000000000000000000 ) ) ;
#4464 = CARTESIAN_POINT ( 'NONE',  ( -4.552736299014991772, 25.07236010050011288, 3.500000000000000000 ) ) ;
#4465 = ORIENTED_EDGE ( 'NONE', *, *, #4508, .F. ) ;
#4466 = EDGE_CURVE ( 'NONE', #1231, #6781, #2331, .T. ) ;
#4467 = DIRECTION ( 'NONE',  ( -0.000000000000000000, -0.000000000000000000, 1.000000000000000000 ) ) ;
#4468 = DIRECTION ( 'NONE',  ( -1.000000000000000000, 0.000000000000000000, 0.000000000000000000 ) ) ;
#4469 = CIRCLE ( 'NONE', #1464, 10.00000000000000000 ) ;
#4470 = VERTEX_POINT ( 'NONE', #4562 ) ;
#4471 = DIRECTION ( 'NONE',  ( -0.000000000000000000, 1.000000000000000000, -0.000000000000000000 ) ) ;
#4472 = VERTEX_POINT ( 'NONE', #4087 ) ;
#4473 = VECTOR ( 'NONE', #5958, 1000.000000000000000 ) ;
#4474 = ORIENTED_EDGE ( 'NONE', *, *, #3363, .F. ) ;
#4475 = CARTESIAN_POINT ( 'NONE',  ( -14.44749555499999616, -35.27084328170000305, 1.500000000000000000 ) ) ;
#4476 = EDGE_CURVE ( 'NONE', #1713, #129, #4524, .T. ) ;
#4477 = EDGE_LOOP ( 'NONE', ( #3914, #6126, #4489, #4022 ) ) ;
#4478 = VERTEX_POINT ( 'NONE', #1300 ) ;
#4479 = CARTESIAN_POINT ( 'NONE',  ( -4.139400288494628377, 29.71680433458323378, 1.500000000000000000 ) ) ;
#4480 =( BOUNDED_CURVE ( )  B_SPLINE_CURVE ( 2, ( #5673, #4701, #6697 ),
 .UNSPECIFIED., .F., .T. ) 
 B_SPLINE_CURVE_WITH_KNOTS ( ( 3, 3 ),
 ( 0.000000000000000000, 1.000000000000000000 ),
 .UNSPECIFIED. ) 
 CURVE ( )  GEOMETRIC_REPRESENTATION_ITEM ( )  RATIONAL_B_SPLINE_CURVE ( ( 1.000000000000000000, 0.7071067811865475727, 1.000000000000000000 ) ) 
 REPRESENTATION_ITEM ( '' )  );
#4481 = CARTESIAN_POINT ( 'NONE',  ( 0.8036304820857878006, 28.42333166547149403, 1.500000000000000000 ) ) ;
#4482 = ORIENTED_EDGE ( 'NONE', *, *, #3651, .F. ) ;
#4483 = CARTESIAN_POINT ( 'NONE',  ( -24.30000000000000071, -32.80000000000001137, 1.500000000000000000 ) ) ;
#4484 = CARTESIAN_POINT ( 'NONE',  ( 11.63193009617637586, 28.42110960131407893, 1.500000000000156097 ) ) ;
#4485 = DIRECTION ( 'NONE',  ( -0.000000000000000000, -0.000000000000000000, 1.000000000000000000 ) ) ;
#4486 = CARTESIAN_POINT ( 'NONE',  ( 14.16966983318281592, -36.30000000000000426, 8.636157047397997388 ) ) ;
#4487 = EDGE_LOOP ( 'NONE', ( #1451, #5886, #3632, #4238 ) ) ;
#4488 = VECTOR ( 'NONE', #6098, 1000.000000000000000 ) ;
#4489 = ORIENTED_EDGE ( 'NONE', *, *, #4862, .F. ) ;
#4490 = DIRECTION ( 'NONE',  ( -0.000000000000000000, -0.000000000000000000, -1.000000000000000000 ) ) ;
#4491 = ORIENTED_EDGE ( 'NONE', *, *, #5812, .F. ) ;
#4492 = FACE_OUTER_BOUND ( 'NONE', #3590, .T. ) ;
#4493 = DIRECTION ( 'NONE',  ( 0.000000000000000000, -1.000000000000000000, 0.000000000000000000 ) ) ;
#4494 = ORIENTED_EDGE ( 'NONE', *, *, #380, .T. ) ;
#4495 = EDGE_CURVE ( 'NONE', #1611, #6297, #3339, .T. ) ;
#4496 = LINE ( 'NONE', #2294, #719 ) ;
#4497 = VECTOR ( 'NONE', #4404, 1000.000000000000000 ) ;
#4498 = CARTESIAN_POINT ( 'NONE',  ( 14.80999999999999694, 21.00000000000000000, 5.611269837220810075 ) ) ;
#4499 = CARTESIAN_POINT ( 'NONE',  ( 9.538155400586823873, 24.78837947678106346, 1.499999999999998890 ) ) ;
#4500 = EDGE_CURVE ( 'NONE', #2256, #5279, #3523, .T. ) ;
#4501 = ORIENTED_EDGE ( 'NONE', *, *, #5524, .F. ) ;
#4502 = CARTESIAN_POINT ( 'NONE',  ( 19.99999999999999645, -36.80000000000000426, 13.33000000000000007 ) ) ;
#4503 = CARTESIAN_POINT ( 'NONE',  ( -11.96173692770615915, 25.90523677694298854, 1.499999999999999556 ) ) ;
#4504 = CARTESIAN_POINT ( 'NONE',  ( -22.48465836929999995, 31.18628651260003792, 0.000000000000000000 ) ) ;
#4505 = CARTESIAN_POINT ( 'NONE',  ( -20.30000000000000071, -36.30000000000000426, 13.33000000000000007 ) ) ;
#4506 = ORIENTED_EDGE ( 'NONE', *, *, #6744, .T. ) ;
#4507 = CARTESIAN_POINT ( 'NONE',  ( 1.007459242110654962, 28.72838296232148636, 1.500000000000000000 ) ) ;
#4508 = EDGE_CURVE ( 'NONE', #1823, #6344, #416, .T. ) ;
#4509 = CARTESIAN_POINT ( 'NONE',  ( -20.55649513947968998, 24.10934756410180668, 1.500000000000001776 ) ) ;
#4510 = CARTESIAN_POINT ( 'NONE',  ( -12.24571755142490481, 27.03837947678106346, 1.500000000000000000 ) ) ;
#4511 = CARTESIAN_POINT ( 'NONE',  ( 18.71863864664125288, 23.67963109659307364, 3.500000000000000000 ) ) ;
#4512 = CARTESIAN_POINT ( 'NONE',  ( -4.552736299014508603, 29.00439885306144561, 1.499999999999843903 ) ) ;
#4513 = CARTESIAN_POINT ( 'NONE',  ( 13.32730385592881639, 36.80100000000001614, 13.33000000000000007 ) ) ;
#4514 = AXIS2_PLACEMENT_3D ( 'NONE', #6725, #5203, #4157 ) ;
#4515 = ORIENTED_EDGE ( 'NONE', *, *, #6639, .T. ) ;
#4516 = ORIENTED_EDGE ( 'NONE', *, *, #3150, .T. ) ;
#4517 = VERTEX_POINT ( 'NONE', #1498 ) ;
#4518 = EDGE_CURVE ( 'NONE', #366, #3624, #3644, .T. ) ;
#4519 = LINE ( 'NONE', #410, #2211 ) ;
#4520 = CARTESIAN_POINT ( 'NONE',  ( 8.699537005532167910, 25.07236010050074881, 1.500000000000000888 ) ) ;
#4521 = FACE_OUTER_BOUND ( 'NONE', #728, .T. ) ;
#4522 = FACE_OUTER_BOUND ( 'NONE', #1703, .T. ) ;
#4523 = CARTESIAN_POINT ( 'NONE',  ( 5.456543053095935569, 26.74385517199781859, 3.500000000000000000 ) ) ;
#4524 = LINE ( 'NONE', #5559, #5305 ) ;
#4525 = ORIENTED_EDGE ( 'NONE', *, *, #2994, .F. ) ;
#4526 = ORIENTED_EDGE ( 'NONE', *, *, #5690, .F. ) ;
#4527 = CYLINDRICAL_SURFACE ( 'NONE', #5579, 0.5000000000000004441 ) ;
#4528 = VERTEX_POINT ( 'NONE', #4700 ) ;
#4529 = CARTESIAN_POINT ( 'NONE',  ( 4.339685752933860385, 25.07236010050075237, 1.500000000000156097 ) ) ;
#4530 = CARTESIAN_POINT ( 'NONE',  ( 18.69002286007999558, 31.18628397257998941, 13.33000000000000007 ) ) ;
#4531 = CARTESIAN_POINT ( 'NONE',  ( 8.699537005532040013, 29.00439885306202115, 3.500000000000000000 ) ) ;
#4532 = DIRECTION ( 'NONE',  ( -0.000000000000000000, -0.000000000000000000, -1.000000000000000000 ) ) ;
#4533 = CARTESIAN_POINT ( 'NONE',  ( 4.339685752933860385, 25.07236010050075237, 1.500000000000156097 ) ) ;
#4535 = VERTEX_POINT ( 'NONE', #6260 ) ;
#4534 = VECTOR ( 'NONE', #583, 1000.000000000000000 ) ;
#4536 = CC_DESIGN_APPROVAL ( #6524, ( #671 ) ) ;
#4537 = CARTESIAN_POINT ( 'NONE',  ( -19.54749555500000113, -30.40006096009999936, 6.000000000000000000 ) ) ;
#4538 = DIRECTION ( 'NONE',  ( 1.000000000000000000, 0.000000000000000000, 0.000000000000000000 ) ) ;
#4539 = CARTESIAN_POINT ( 'NONE',  ( -11.12886025126275769, 29.00439885306204957, 3.500000000000000000 ) ) ;
#4540 = DIRECTION ( 'NONE',  ( -2.781230391307005911E-16, -1.000000000000000000, 0.000000000000000000 ) ) ;
#4541 = EDGE_CURVE ( 'NONE', #6620, #6771, #3686, .T. ) ;
#4542 = DIRECTION ( 'NONE',  ( -0.000000000000000000, -0.000000000000000000, -1.000000000000000000 ) ) ;
#4543 = CARTESIAN_POINT ( 'NONE',  ( 2.846568902805425516, 29.78837947678107057, 1.500000000000000000 ) ) ;
#4544 = VECTOR ( 'NONE', #6593, 1000.000000000000000 ) ;
#4545 = ORIENTED_EDGE ( 'NONE', *, *, #6038, .T. ) ;
#4546 = DIRECTION ( 'NONE',  ( 0.000000000000000000, 0.000000000000000000, -1.000000000000000000 ) ) ;
#4547 = DIRECTION ( 'NONE',  ( -0.000000000000000000, -0.000000000000000000, -1.000000000000000000 ) ) ;
#4548 = DIRECTION ( 'NONE',  ( 1.000000000000000000, 0.000000000000000000, 0.000000000000000000 ) ) ;
#4549 = AXIS2_PLACEMENT_3D ( 'NONE', #5694, #914, #3090 ) ;
#4550 = EDGE_CURVE ( 'NONE', #5955, #1823, #3690, .T. ) ;
#4551 = ORIENTED_EDGE ( 'NONE', *, *, #5538, .F. ) ;
#4552 = VERTEX_POINT ( 'NONE', #1082 ) ;
#4553 = VERTEX_POINT ( 'NONE', #3130 ) ;
#4554 = ORIENTED_EDGE ( 'NONE', *, *, #2387, .T. ) ;
#4555 = CARTESIAN_POINT ( 'NONE',  ( 8.033429314563642620, 28.42110960131422814, 3.500000000000000000 ) ) ;
#4556 = CARTESIAN_POINT ( 'NONE',  ( -17.94749555500000326, -30.40006096009999936, 12.22253967444162015 ) ) ;
#4557 = FACE_OUTER_BOUND ( 'NONE', #2499, .T. ) ;
#4558 = EDGE_CURVE ( 'NONE', #5947, #5830, #6286, .T. ) ;
#4559 = EDGE_CURVE ( 'NONE', #2412, #6651, #2655, .T. ) ;
#4560 = CARTESIAN_POINT ( 'NONE',  ( 3.565795525022010803, 24.28845086472661308, 1.500000000000000222 ) ) ;
#4561 = VECTOR ( 'NONE', #3364, 1000.000000000000000 ) ;
#4562 = CARTESIAN_POINT ( 'NONE',  ( -4.669593599177065180, 27.03837947678106701, 4.500000000000000888 ) ) ;
#4563 = CARTESIAN_POINT ( 'NONE',  ( 20.55649513947968643, 24.17963109659307364, 1.499999999999999556 ) ) ;
#4564 = CARTESIAN_POINT ( 'NONE',  ( -3.419593599177064291, 27.03837947678106701, 4.500000000000000888 ) ) ;
#4565 = VECTOR ( 'NONE', #4976, 1000.000000000000000 ) ;
#4566 = ORIENTED_EDGE ( 'NONE', *, *, #6377, .T. ) ;
#4567 = AXIS2_PLACEMENT_3D ( 'NONE', #4011, #5094, #5547 ) ;
#4568 = DIRECTION ( 'NONE',  ( -2.781230391307005911E-16, -1.000000000000000000, 0.000000000000000000 ) ) ;
#4569 = CARTESIAN_POINT ( 'NONE',  ( -9.909999999999998366, -4.500000000000002665, 3.499999999999999556 ) ) ;
#4570 = ORIENTED_EDGE ( 'NONE', *, *, #4231, .T. ) ;
#4571 = DIRECTION ( 'NONE',  ( 1.000000000000000000, 0.000000000000000000, 0.000000000000000000 ) ) ;
#4572 = ORIENTED_EDGE ( 'NONE', *, *, #494, .F. ) ;
#4573 = ORIENTED_EDGE ( 'NONE', *, *, #6576, .F. ) ;
#4574 = CARTESIAN_POINT ( 'NONE',  ( -7.796633740439634863, 28.72838296232212230, 1.500000000000000000 ) ) ;
#4575 = CARTESIAN_POINT ( 'NONE',  ( 10.19265385566043491, 24.28837947678106346, 1.500000000000000000 ) ) ;
#4576 = CARTESIAN_POINT ( 'NONE',  ( -0.7411687413751296694, 26.31857278746413442, 1.500000000000000000 ) ) ;
#4577 = ORIENTED_EDGE ( 'NONE', *, *, #474, .F. ) ;
#4578 = VECTOR ( 'NONE', #1966, 1000.000000000000000 ) ;
#4579 = LINE ( 'NONE', #5997, #2791 ) ;
#4580 = DIRECTION ( 'NONE',  ( -0.000000000000000000, -0.000000000000000000, -1.000000000000000000 ) ) ;
#4581 = EDGE_CURVE ( 'NONE', #3514, #3089, #584, .T. ) ;
#4582 = CARTESIAN_POINT ( 'NONE',  ( 2.847290581168814505, 29.78830808883667913, 1.500000000000000222 ) ) ;
#4583 = DIRECTION ( 'NONE',  ( -0.000000000000000000, -0.000000000000000000, -1.000000000000000000 ) ) ;
#4584 = CARTESIAN_POINT ( 'NONE',  ( 5.005793443902071260, 25.65564935224804444, 1.500000000000000000 ) ) ;
#4585 = CARTESIAN_POINT ( 'NONE',  ( 22.77463296929997583, -31.18623580853164157, 6.000000000000000000 ) ) ;
#4586 = CIRCLE ( 'NONE', #1031, 0.5000000000000004441 ) ;
#4587 = ORIENTED_EDGE ( 'NONE', *, *, #500, .F. ) ;
#4588 = DIRECTION ( 'NONE',  ( -0.000000000000000000, -0.000000000000000000, -1.000000000000000000 ) ) ;
#4589 = CARTESIAN_POINT ( 'NONE',  ( -20.00000000000000000, 36.79999999999999005, 13.33000000000000007 ) ) ;
#4590 = ADVANCED_FACE ( 'NONE', ( #1621 ), #5342, .F. ) ;
#4591 = DIRECTION ( 'NONE',  ( -1.000000000000000000, 0.000000000000000000, 0.000000000000000000 ) ) ;
#4592 = FACE_OUTER_BOUND ( 'NONE', #337, .T. ) ;
#4593 = CARTESIAN_POINT ( 'NONE',  ( -9.406784805620013401, 24.84694095676119119, 3.500000000000000000 ) ) ;
#4594 = CIRCLE ( 'NONE', #2827, 1.600000000000000755 ) ;
#4595 = CARTESIAN_POINT ( 'NONE',  ( 5.956614441041192975, 26.67912700485740274, 1.499999999999999778 ) ) ;
#4596 = FACE_OUTER_BOUND ( 'NONE', #684, .T. ) ;
#4597 = DIRECTION ( 'NONE',  ( -0.000000000000000000, -0.000000000000000000, -1.000000000000000000 ) ) ;
#4598 = ORIENTED_EDGE ( 'NONE', *, *, #5268, .F. ) ;
#4599 = CARTESIAN_POINT ( 'NONE',  ( 4.589273177629109135, 25.23912908597477056, 3.500000000000000000 ) ) ;
#4600 = EDGE_CURVE ( 'NONE', #3719, #4814, #6216, .T. ) ;
#4601 = FACE_OUTER_BOUND ( 'NONE', #5289, .T. ) ;
#4602 = LINE ( 'NONE', #5638, #6379 ) ;
#4603 = CARTESIAN_POINT ( 'NONE',  ( 11.63193009617622131, 25.65564935224788456, 3.500000000000000000 ) ) ;
#4604 = CARTESIAN_POINT ( 'NONE',  ( -17.64370398651583116, -14.82036890340692636, 5.500000000000000000 ) ) ;
#4605 = CARTESIAN_POINT ( 'NONE',  ( 2.073400353257953022, 29.00439885306199272, 3.500000000000000000 ) ) ;
#4606 = EDGE_CURVE ( 'NONE', #4517, #3725, #2195, .T. ) ;
#4607 = ORIENTED_EDGE ( 'NONE', *, *, #5053, .F. ) ;
#4608 = CARTESIAN_POINT ( 'NONE',  ( -20.00000000000000000, -36.80000000000000426, 13.33000000000000007 ) ) ;
#4609 = CARTESIAN_POINT ( 'NONE',  ( 1.007459242110776421, 25.34837599124017515, 1.500000000000000000 ) ) ;
#4610 = CARTESIAN_POINT ( 'NONE',  ( -1.220509788191788347, 25.34837599124064056, 1.500000000000000000 ) ) ;
#4611 = ORIENTED_EDGE ( 'NONE', *, *, #2370, .T. ) ;
#4612 = LINE ( 'NONE', #2573, #2577 ) ;
#4613 = CARTESIAN_POINT ( 'NONE',  ( 13.32431064739982496, 36.29999999999999005, 1.649999999999998579 ) ) ;
#4614 = CARTESIAN_POINT ( 'NONE',  ( -2.749305308601172726, 36.80100000000001614, 5.999999999999998224 ) ) ;
#4615 = CARTESIAN_POINT ( 'NONE',  ( -20.14749555500000255, -30.40006096009999936, 0.5000000000000004441 ) ) ;
#4616 = CARTESIAN_POINT ( 'NONE',  ( 1.240523676815032728, 25.90523677694302052, 3.500000000000000000 ) ) ;
#4617 = VERTEX_POINT ( 'NONE', #3515 ) ;
#4618 = PERSON_AND_ORGANIZATION_ROLE ( 'creator' ) ;
#4619 = DIRECTION ( 'NONE',  ( -1.000000000000000000, -0.000000000000000000, -0.000000000000000000 ) ) ;
#4620 = DIRECTION ( 'NONE',  ( 1.000000000000000000, -3.561451260254548541E-16, 0.000000000000000000 ) ) ;
#4621 = CARTESIAN_POINT ( 'NONE',  ( 12.23580249686946431, 28.42263760262601480, 1.500000000000000222 ) ) ;
#4622 = VECTOR ( 'NONE', #1169, 1000.000000000000000 ) ;
#4623 = ORIENTED_EDGE ( 'NONE', *, *, #6457, .T. ) ;
#4624 = CARTESIAN_POINT ( 'NONE',  ( -14.94749555500001215, 5.323477688200406227E-15, 6.000000000000000000 ) ) ;
#4625 = ORIENTED_EDGE ( 'NONE', *, *, #2513, .F. ) ;
#4626 = CARTESIAN_POINT ( 'NONE',  ( 13.32730385592881639, 36.29999999999999005, 7.586156972313998992 ) ) ;
#4627 = CARTESIAN_POINT ( 'NONE',  ( -17.94749555500000326, 27.40006096009999936, 6.000000000000000000 ) ) ;
#4628 = DIRECTION ( 'NONE',  ( -0.000000000000000000, -0.000000000000000000, -1.000000000000000000 ) ) ;
#4629 = CARTESIAN_POINT ( 'NONE',  ( 10.96582240520782392, 29.00439885306202470, 3.500000000000000000 ) ) ;
#4630 = PLANE ( 'NONE',  #158 ) ;
#4631 = CARTESIAN_POINT ( 'NONE',  ( 24.30000000000000071, -32.80000000000001137, 0.000000000000000000 ) ) ;
#4632 = EDGE_CURVE ( 'NONE', #4120, #4553, #4688, .T. ) ;
#4633 = VERTEX_POINT ( 'NONE', #1005 ) ;
#4634 = CARTESIAN_POINT ( 'NONE',  ( -4.552736305011589657, 29.00439885057814848, 3.499999999999999556 ) ) ;
#4635 = VECTOR ( 'NONE', #5359, 1000.000000000000000 ) ;
#4636 = ORIENTED_EDGE ( 'NONE', *, *, #6413, .T. ) ;
#4637 = ORIENTED_EDGE ( 'NONE', *, *, #411, .T. ) ;
#4638 = CARTESIAN_POINT ( 'NONE',  ( -9.995717551424906588, 27.03837947678106701, 4.500000000000000888 ) ) ;
#4639 = CARTESIAN_POINT ( 'NONE',  ( -7.245717551424906588, 27.39835362707134436, 1.500000000000000000 ) ) ;
#4640 = CARTESIAN_POINT ( 'NONE',  ( 12.58267970536993197, 26.67840532649077190, 1.500000000000000000 ) ) ;
#4641 = FACE_BOUND ( 'NONE', #3534, .T. ) ;
#4642 = EDGE_CURVE ( 'NONE', #861, #24, #4865, .T. ) ;
#4643 = EDGE_CURVE ( 'NONE', #5069, #5629, #5722, .T. ) ;
#4644 = FACE_OUTER_BOUND ( 'NONE', #773, .T. ) ;
#4645 = CARTESIAN_POINT ( 'NONE',  ( -2.034641410486345059, 24.63546690577124210, 1.500000000000000000 ) ) ;
#4646 = EDGE_LOOP ( 'NONE', ( #6197, #1886, #6536, #916 ) ) ;
#4647 = CARTESIAN_POINT ( 'NONE',  ( -15.91000000000000725, 21.00000000000000000, 2.500000000000000000 ) ) ;
#4648 = CARTESIAN_POINT ( 'NONE',  ( -7.745717551424906588, 27.03837947678106346, 3.500000000000000000 ) ) ;
#4649 = AXIS2_PLACEMENT_3D ( 'NONE', #5599, #524, #1531 ) ;
#4650 = LINE ( 'NONE', #4008, #4179 ) ;
#4651 = CARTESIAN_POINT ( 'NONE',  ( -18.56925818381348137, -6.656209162449772343, 3.720366913313978063 ) ) ;
#4652 = CARTESIAN_POINT ( 'NONE',  ( 13.32431064739982496, 36.80100000000001614, 1.649999999999998579 ) ) ;
#4653 = DIRECTION ( 'NONE',  ( 0.000000000000000000, 0.000000000000000000, -1.000000000000000000 ) ) ;
#4654 = CARTESIAN_POINT ( 'NONE',  ( 12.58267970536993197, 27.03837947678105280, 1.500000000000000000 ) ) ;
#4655 = DIRECTION ( 'NONE',  ( 1.000000000000000000, 0.000000000000000000, 0.000000000000000000 ) ) ;
#4656 = ORIENTED_EDGE ( 'NONE', *, *, #373, .F. ) ;
#4657 = APPLICATION_PROTOCOL_DEFINITION ( 'international standard', 'config_control_design', 1994, #5501 ) ;
#4658 = PLANE ( 'NONE',  #5294 ) ;
#4659 = AXIS2_PLACEMENT_3D ( 'NONE', #2975, #1949, #2375 ) ;
#4660 = FACE_OUTER_BOUND ( 'NONE', #5099, .T. ) ;
#4661 = CARTESIAN_POINT ( 'NONE',  ( 15.90999999999999659, 19.90000000000000213, 0.5000000000000000000 ) ) ;
#4662 = CIRCLE ( 'NONE', #5310, 3.794610109220006855 ) ;
#4663 = ORIENTED_EDGE ( 'NONE', *, *, #4632, .F. ) ;
#4664 = CARTESIAN_POINT ( 'NONE',  ( 1.008020024678373261, 28.72884278708849592, 1.500000000000000222 ) ) ;
#4665 = CARTESIAN_POINT ( 'NONE',  ( 8.142115437256700616, 29.23700346299486341, 1.499999999999999778 ) ) ;
#4666 = EDGE_LOOP ( 'NONE', ( #6750, #2660, #3182, #4166, #708, #6449, #5147, #4248 ) ) ;
#4667 = EDGE_CURVE ( 'NONE', #6687, #6706, #1037, .T. ) ;
#4668 = CARTESIAN_POINT ( 'NONE',  ( -5.669593599177066068, 26.74385517199782569, 3.500000000000000000 ) ) ;
#4669 = CARTESIAN_POINT ( 'NONE',  ( 8.033429314563642620, 28.42110960131422814, 3.500000000000000000 ) ) ;
#4670 = LINE ( 'NONE', #931, #6109 ) ;
#4671 = ORIENTED_EDGE ( 'NONE', *, *, #1574, .F. ) ;
#4672 = CARTESIAN_POINT ( 'NONE',  ( 3.926349742413337562, 29.71680433458261206, 1.500000000000000000 ) ) ;
#4673 = AXIS2_PLACEMENT_3D ( 'NONE', #2222, #651, #4308 ) ;
#4674 = ORIENTED_EDGE ( 'NONE', *, *, #2077, .T. ) ;
#4675 = ADVANCED_FACE ( 'NONE', ( #5298 ), #1581, .F. ) ;
#4676 = EDGE_LOOP ( 'NONE', ( #4348, #6713 ) ) ;
#4677 = CARTESIAN_POINT ( 'NONE',  ( -10.29024185620814436, 29.28837947678106701, 1.500000000000000888 ) ) ;
#4678 = DIRECTION ( 'NONE',  ( -3.561451260254549034E-16, 1.000000000000000000, 0.000000000000000000 ) ) ;
#4679 = VERTEX_POINT ( 'NONE', #2746 ) ;
#4680 = ORIENTED_EDGE ( 'NONE', *, *, #1199, .F. ) ;
#4681 = ORIENTED_EDGE ( 'NONE', *, *, #6622, .T. ) ;
#4682 = EDGE_CURVE ( 'NONE', #1735, #522, #1070, .T. ) ;
#4683 = EDGE_CURVE ( 'NONE', #3641, #5011, #1105, .T. ) ;
#4684 = DIRECTION ( 'NONE',  ( 1.000000000000000000, -1.856308247812544377E-16, 0.000000000000000000 ) ) ;
#4685 = CARTESIAN_POINT ( 'NONE',  ( 7.429767134359868130, 28.42333166547148693, 1.500000000000000000 ) ) ;
#4686 = CARTESIAN_POINT ( 'NONE',  ( 17.94749555500000326, 30.40006096009999936, 6.000000000000000000 ) ) ;
#4687 = ORIENTED_EDGE ( 'NONE', *, *, #4971, .T. ) ;
#4689 = ORIENTED_EDGE ( 'NONE', *, *, #127, .F. ) ;
#4688 = B_SPLINE_CURVE_WITH_KNOTS ( 'NONE', 3,
 ( #879, #5695, #6251, #449, #3557, #5192, #5659, #3027, #6721, #5733 ),
 .UNSPECIFIED., .F., .F.,
 ( 4, 2, 2, 2, 4 ),
 ( 0.000000000000000000, 0.0002926702286854213227, 0.0005853404573708426454, 0.0008780106860562639139, 0.001170680914741685291 ),
 .UNSPECIFIED. ) ;
#4690 = AXIS2_PLACEMENT_3D ( 'NONE', #6188, #1842, #2406 ) ;
#4691 = VERTEX_POINT ( 'NONE', #4951 ) ;
#4692 = CARTESIAN_POINT ( 'NONE',  ( -19.53677590960893085, 23.75052670114094155, 2.472820097185612020 ) ) ;
#4693 = LINE ( 'NONE', #3283, #5496 ) ;
#4694 = EDGE_CURVE ( 'NONE', #5612, #6636, #3006, .T. ) ;
#4696 = CARTESIAN_POINT ( 'NONE',  ( -8.612987426891734799, 25.23912908597477056, 3.500000000000000000 ) ) ;
#4695 = AXIS2_PLACEMENT_3D ( 'NONE', #5091, #768, #4546 ) ;
#4697 = LINE ( 'NONE', #6221, #5699 ) ;
#4698 = CARTESIAN_POINT ( 'NONE',  ( 9.473427233443119988, 29.78830808883666847, 1.500000000000000222 ) ) ;
#4699 = ORIENTED_EDGE ( 'NONE', *, *, #827, .T. ) ;
#4700 = CARTESIAN_POINT ( 'NONE',  ( 20.55649513947968643, -14.82036890340692636, 1.500000000000000000 ) ) ;
#4701 = CARTESIAN_POINT ( 'NONE',  ( 0.9565430530959354583, 27.03837947678106346, 1.500000000000000000 ) ) ;
#4702 = DIRECTION ( 'NONE',  ( -0.000000000000000000, -0.000000000000000000, -1.000000000000000000 ) ) ;
#4703 = CARTESIAN_POINT ( 'NONE',  ( -13.34272399793517572, 36.80100000000001614, 13.33000000000000007 ) ) ;
#4704 = B_SPLINE_CURVE_WITH_KNOTS ( 'NONE', 3,
 ( #4175, #3513, #4110, #4651, #6105, #6140, #3554, #6175, #2002, #6249 ),
 .UNSPECIFIED., .F., .F.,
 ( 4, 2, 2, 2, 4 ),
 ( 0.000000000000000000, 0.001626303594498225554, 0.003252607188996451109, 0.004878910783494676447, 0.006505214377992902218 ),
 .UNSPECIFIED. ) ;
#4705 = AXIS2_PLACEMENT_3D ( 'NONE', #383, #4493, #1980 ) ;
#4706 = LINE ( 'NONE', #3165, #5138 ) ;
#4707 = DIRECTION ( 'NONE',  ( 0.000000000000000000, 0.000000000000000000, -1.000000000000000000 ) ) ;
#4708 = VECTOR ( 'NONE', #4989, 1000.000000000000000 ) ;
#4709 = DIRECTION ( 'NONE',  ( -1.856308247812544377E-16, -1.000000000000000000, -0.000000000000000000 ) ) ;
#4710 = CARTESIAN_POINT ( 'NONE',  ( -12.19480136241002732, 25.34837599124017515, 1.500000000000000000 ) ) ;
#4711 = CARTESIAN_POINT ( 'NONE',  ( 7.082679705369937295, 26.67840532649015373, 1.500000000000000000 ) ) ;
#4712 = EDGE_CURVE ( 'NONE', #990, #1532, #6511, .T. ) ;
#4713 = ORIENTED_EDGE ( 'NONE', *, *, #6134, .T. ) ;
#4714 = CARTESIAN_POINT ( 'NONE',  ( 22.48463296929999800, -31.18623571154438778, 0.000000000000000000 ) ) ;
#4715 = DIRECTION ( 'NONE',  ( -0.000000000000000000, -0.000000000000000000, -1.000000000000000000 ) ) ;
#4716 = AXIS2_PLACEMENT_3D ( 'NONE', #6159, #1475, #798 ) ;
#4717 = AXIS2_PLACEMENT_3D ( 'NONE', #682, #1297, #3985 ) ;
#4718 = ORIENTED_EDGE ( 'NONE', *, *, #6153, .F. ) ;
#4719 = EDGE_CURVE ( 'NONE', #1069, #1628, #3996, .T. ) ;
#4720 = EDGE_LOOP ( 'NONE', ( #3263, #3965, #5029, #2164 ) ) ;
#4721 = DIRECTION ( 'NONE',  ( 1.000000000000000000, 0.000000000000000000, 0.000000000000000000 ) ) ;
#4722 = CALENDAR_DATE ( 2024, 22, 5 ) ;
#4723 = CYLINDRICAL_SURFACE ( 'NONE', #5055, 1.249999999999999334 ) ;
#4724 = EDGE_CURVE ( 'NONE', #4740, #6641, #6597, .T. ) ;
#4725 = EDGE_CURVE ( 'NONE', #3932, #6493, #5980, .T. ) ;
#4726 = CARTESIAN_POINT ( 'NONE',  ( -16.34749555500000184, -30.40006096009999936, 3.499999999999999556 ) ) ;
#4727 = VECTOR ( 'NONE', #3412, 1000.000000000000000 ) ;
#4728 = CARTESIAN_POINT ( 'NONE',  ( 17.94749555500000326, -27.40006096009999936, 6.000000000000000000 ) ) ;
#4729 = EDGE_LOOP ( 'NONE', ( #1789, #3587, #4516, #5697 ) ) ;
#4730 = CARTESIAN_POINT ( 'NONE',  ( -7.797194523015332557, 25.34791616646565515, 1.500000000000000222 ) ) ;
#4731 = LINE ( 'NONE', #3654, #4330 ) ;
#4732 = CARTESIAN_POINT ( 'NONE',  ( -18.69005080010004249, 34.98089408179999538, 0.000000000000000000 ) ) ;
#4733 =( BOUNDED_SURFACE ( )  B_SPLINE_SURFACE ( 2, 3, ( 
 ( #4829, #2180, #2899, #3685, #3128, #6798, #3158, #4479, #5829, #15, #6314, #1590, #1655, #3753, #1080, #5304, #5577, #367, #4576, #2538, #4610, #1439, #4645, #6206, #5687, #293, #539, #3213, #2096, #3806, #3085, #5185, #2027, #6245 ),
 ( #3668, #4941, #6399, #1671, #3893, #658, #3929, #5411, #1201, #3575, #6704, #3998, #5539, #2943, #4032, #2976, #5078, #5113, #1950, #3424, #793, #2911, #3075, #592, #53, #6295, #1601, #3106, #1568, #466, #1471, #6809, #3660, #1054 ),
 ( #4771, #4203, #4274, #3699, #5808, #3203, #6453, #1749, #2762, #4831, #2801, #1271, #5938, #4934, #5440, #197, #2217, #1701, #3823, #3853, #2289, #4305, #6494, #5477, #3793, #1121, #275, #4464, #6567, #3991, #5594, #3452, #6151, #2404 ) ),
 .UNSPECIFIED., .F., .T., .F. ) 
 B_SPLINE_SURFACE_WITH_KNOTS ( ( 3, 3 ),
 ( 4, 2, 2, 2, 2, 2, 2, 2, 2, 2, 2, 2, 2, 2, 2, 2, 4 ),
 ( 0.000000000000000000, 1.000000000000000000 ),
 ( -6.283185307179586232, -5.890486225480861648, -5.497787143782137953, -5.105088062083414258, -4.712388980384689674, -4.319689898685965090, -3.926990816987241395, -3.534291735288517255, -3.141592653589793116, -2.748893571891068976, -2.356194490192344837, -1.963495408493620697, -1.570796326794896558, -1.178097245096172418, -0.7853981633974482790, -0.3926990816987241395, 0.000000000000000000 ),
 .UNSPECIFIED. ) 
 GEOMETRIC_REPRESENTATION_ITEM ( )  RATIONAL_B_SPLINE_SURFACE ( (
 ( 1.000000000000000000, 1.000000000000000000, 1.000000000000000000, 1.000000000000000000, 1.000000000000000000, 1.000000000000000000, 1.000000000000000000, 1.000000000000000000, 1.000000000000000000, 1.000000000000000000, 1.000000000000000000, 1.000000000000000000, 1.000000000000000000, 1.000000000000000000, 1.000000000000000000, 1.000000000000000000, 1.000000000000000000, 1.000000000000000000, 1.000000000000000000, 1.000000000000000000, 1.000000000000000000, 1.000000000000000000, 1.000000000000000000, 1.000000000000000000, 1.000000000000000000, 1.000000000000000000, 1.000000000000000000, 1.000000000000000000, 1.000000000000000000, 1.000000000000000000, 1.000000000000000000, 1.000000000000000000, 1.000000000000000000, 1.000000000000000000),
 ( 0.7071067811865475727, 0.7071067811865475727, 0.7071067811865476838, 0.7071067811865476838, 0.7071067811865475727, 0.7071067811865475727, 0.7071067811865475727, 0.7071067811865475727, 0.7071067811865482389, 0.7071067811865482389, 0.7071067811865475727, 0.7071067811865475727, 0.7071067811865475727, 0.7071067811865475727, 0.7071067811865475727, 0.7071067811865475727, 0.7071067811865475727, 0.7071067811865475727, 0.7071067811865475727, 0.7071067811865475727, 0.7071067811865475727, 0.7071067811865475727, 0.7071067811865475727, 0.7071067811865475727, 0.7071067811865469066, 0.7071067811865469066, 0.7071067811865475727, 0.7071067811865475727, 0.7071067811865479058, 0.7071067811865479058, 0.7071067811865475727, 0.7071067811865475727, 0.7071067811865475727, 0.7071067811865475727),
 ( 1.000000000000000000, 1.000000000000000000, 1.000000000000000000, 1.000000000000000000, 1.000000000000000000, 1.000000000000000000, 1.000000000000000000, 1.000000000000000000, 1.000000000000000000, 1.000000000000000000, 1.000000000000000000, 1.000000000000000000, 1.000000000000000000, 1.000000000000000000, 1.000000000000000000, 1.000000000000000000, 1.000000000000000000, 1.000000000000000000, 1.000000000000000000, 1.000000000000000000, 1.000000000000000000, 1.000000000000000000, 1.000000000000000000, 1.000000000000000000, 1.000000000000000000, 1.000000000000000000, 1.000000000000000000, 1.000000000000000000, 1.000000000000000000, 1.000000000000000000, 1.000000000000000000, 1.000000000000000000, 1.000000000000000000, 1.000000000000000000) ) ) 
 REPRESENTATION_ITEM ( '' )  SURFACE ( )  );
#4734 = CARTESIAN_POINT ( 'NONE',  ( -5.669593599177066068, 27.03837947678106701, 3.500000000000000000 ) ) ;
#4735 = ORIENTED_EDGE ( 'NONE', *, *, #975, .T. ) ;
#4736 = CARTESIAN_POINT ( 'NONE',  ( -22.48465836929999995, -31.18623571250002868, 0.000000000000000000 ) ) ;
#4737 = CARTESIAN_POINT ( 'NONE',  ( -9.701193246641798495, 24.78837947678106701, 3.500000000000000000 ) ) ;
#4738 = CARTESIAN_POINT ( 'NONE',  ( 17.94749555500000326, -30.40006096009999936, 1.500000000000000000 ) ) ;
#4739 = CARTESIAN_POINT ( 'NONE',  ( -3.714117910451107285, 24.78837947678106701, 3.500000000000000000 ) ) ;
#4740 = VERTEX_POINT ( 'NONE', #4130 ) ;
#4741 = EDGE_LOOP ( 'NONE', ( #3524, #1918, #853, #6728 ) ) ;
#4742 = EDGE_CURVE ( 'NONE', #2166, #4535, #5095, .T. ) ;
#4743 = DIRECTION ( 'NONE',  ( 1.000000000000000000, 0.000000000000000000, 0.000000000000000000 ) ) ;
#4744 = DIRECTION ( 'NONE',  ( -0.000000000000000000, -0.000000000000000000, 1.000000000000000000 ) ) ;
#4745 = CARTESIAN_POINT ( 'NONE',  ( -1.169593599177062071, 27.03837947678106346, 3.500000000000000000 ) ) ;
#4746 = CARTESIAN_POINT ( 'NONE',  ( 14.44749555499999971, -35.27084328170000305, 13.33000000000000007 ) ) ;
#4747 = ORIENTED_EDGE ( 'NONE', *, *, #5657, .F. ) ;
#4748 = AXIS2_PLACEMENT_3D ( 'NONE', #6484, #3909, #3384 ) ;
#4749 = CC_DESIGN_APPROVAL ( #4211, ( #6819 ) ) ;
#4750 = ORIENTED_EDGE ( 'NONE', *, *, #2578, .F. ) ;
#4751 = ORIENTED_EDGE ( 'NONE', *, *, #2735, .T. ) ;
#4752 = APPROVAL_ROLE ( '' ) ;
#4753 = CARTESIAN_POINT ( 'NONE',  ( -3.059619448886543136, 29.78837947678107057, 1.500000000000000000 ) ) ;
#4754 = ADVANCED_FACE ( 'NONE', ( #1470 ), #3615, .F. ) ;
#4755 = CARTESIAN_POINT ( 'NONE',  ( -17.94749555500000326, -30.40006096009999936, 1.500000000000000000 ) ) ;
#4756 = AXIS2_PLACEMENT_3D ( 'NONE', #1375, #4922, #186 ) ;
#4757 = CARTESIAN_POINT ( 'NONE',  ( 15.74749555500000042, 30.40006096009999936, 0.5000000000000004441 ) ) ;
#4758 = AXIS2_PLACEMENT_3D ( 'NONE', #2839, #4467, #4939 ) ;
#4759 = DIRECTION ( 'NONE',  ( -1.000000000000000000, -0.000000000000000000, -0.000000000000000000 ) ) ;
#4760 = EDGE_CURVE ( 'NONE', #5438, #4162, #498, .T. ) ;
#4761 = DIRECTION ( 'NONE',  ( 0.000000000000000000, 0.000000000000000000, -1.000000000000000000 ) ) ;
#4762 = EDGE_CURVE ( 'NONE', #1541, #2674, #2986, .T. ) ;
#4763 = VERTEX_POINT ( 'NONE', #196 ) ;
#4764 = CARTESIAN_POINT ( 'NONE',  ( -17.94749555500000326, -30.40006096009999936, 6.000000000000000000 ) ) ;
#4765 = PLANE ( 'NONE',  #6323 ) ;
#4766 = DIRECTION ( 'NONE',  ( -0.000000000000000000, 0.000000000000000000, 1.000000000000000000 ) ) ;
#4767 = DIRECTION ( 'NONE',  ( -0.000000000000000000, -0.000000000000000000, 1.000000000000000000 ) ) ;
#4768 = EDGE_LOOP ( 'NONE', ( #12, #1136 ) ) ;
#4769 = CARTESIAN_POINT ( 'NONE',  ( 20.35339448257554906, 23.97636849245143864, 1.672714660182279323 ) ) ;
#4770 = CARTESIAN_POINT ( 'NONE',  ( -4.008526338985445747, 29.22981799928477642, 3.500000000000000444 ) ) ;
#4771 = CARTESIAN_POINT ( 'NONE',  ( -5.669593599177066068, 27.03837947678106701, 3.500000000000000000 ) ) ;
#4772 = CARTESIAN_POINT ( 'NONE',  ( -24.30000000000000071, 32.79999999999999005, 13.33000000000000007 ) ) ;
#4773 = ORIENTED_EDGE ( 'NONE', *, *, #1393, .F. ) ;
#4774 = CARTESIAN_POINT ( 'NONE',  ( 13.21966983318281841, -36.80100000000001614, 9.896157071313998799 ) ) ;
#4775 = FACE_BOUND ( 'NONE', #326, .T. ) ;
#4776 = CARTESIAN_POINT ( 'NONE',  ( -11.12886025126292111, 25.07236010050014841, 3.500000000000000000 ) ) ;
#4777 = CARTESIAN_POINT ( 'NONE',  ( 5.456543053095937346, 26.74385517199781503, 1.500000000000000000 ) ) ;
#4778 = CIRCLE ( 'NONE', #3816, 2.200000000000000622 ) ;
#4779 = VERTEX_POINT ( 'NONE', #4368 ) ;
#4780 = CARTESIAN_POINT ( 'NONE',  ( -10.71552424074215892, 29.71680433458323378, 1.500000000000000000 ) ) ;
#4781 = AXIS2_PLACEMENT_3D ( 'NONE', #3269, #2255, #4930 ) ;
#4782 = ORIENTED_EDGE ( 'NONE', *, *, #5018, .F. ) ;
#4783 = AXIS2_PLACEMENT_3D ( 'NONE', #735, #3812, #634 ) ;
#4784 = VECTOR ( 'NONE', #6031, 1000.000000000000000 ) ;
#4785 = DIRECTION ( 'NONE',  ( 0.000000000000000000, -1.000000000000000000, 0.000000000000000000 ) ) ;
#4786 = VERTEX_POINT ( 'NONE', #52 ) ;
#4787 = FACE_OUTER_BOUND ( 'NONE', #3566, .T. ) ;
#4788 = EDGE_CURVE ( 'NONE', #5438, #5027, #2656, .T. ) ;
#4789 = CARTESIAN_POINT ( 'NONE',  ( -2.699786909859663186, 29.71680433458323733, 1.500000000000000000 ) ) ;
#4790 = DIRECTION ( 'NONE',  ( -0.000000000000000000, -0.000000000000000000, -1.000000000000000000 ) ) ;
#4791 = CARTESIAN_POINT ( 'NONE',  ( 11.79869907916701344, 25.90523677094653365, 3.500000000000000888 ) ) ;
#4792 = AXIS2_PLACEMENT_3D ( 'NONE', #5002, #6569, #3459 ) ;
#4793 = CARTESIAN_POINT ( 'NONE',  ( -9.995717551424906588, 27.03837947678106701, -0.0009999999999999158867 ) ) ;
#4794 = ADVANCED_FACE ( 'NONE', ( #1270, #1747, #5312 ), #4304, .T. ) ;
#4795 = AXIS2_PLACEMENT_3D ( 'NONE', #1550, #2743, #3220 ) ;
#4796 = DIRECTION ( 'NONE',  ( -0.000000000000000000, -0.000000000000000000, -1.000000000000000000 ) ) ;
#4797 = LINE ( 'NONE', #2085, #6774 ) ;
#4798 = ORIENTED_EDGE ( 'NONE', *, *, #2776, .F. ) ;
#4799 = CARTESIAN_POINT ( 'NONE',  ( 0.000000000000000000, 35.27089408180000163, 6.000000000000000000 ) ) ;
#4800 = DIRECTION ( 'NONE',  ( 0.000000000000000000, 0.000000000000000000, -1.000000000000000000 ) ) ;
#4801 = ORIENTED_EDGE ( 'NONE', *, *, #2551, .T. ) ;
#4802 = EDGE_CURVE ( 'NONE', #1259, #3641, #5348, .T. ) ;
#4803 = ORIENTED_EDGE ( 'NONE', *, *, #3335, .F. ) ;
#4804 = ORIENTED_EDGE ( 'NONE', *, *, #2693, .T. ) ;
#4805 = PLANE ( 'NONE',  #2821 ) ;
#4806 = FACE_OUTER_BOUND ( 'NONE', #1978, .T. ) ;
#4807 = CARTESIAN_POINT ( 'NONE',  ( -17.94749555500000326, -30.40006096009999936, 6.000000000000000000 ) ) ;
#4808 = CARTESIAN_POINT ( 'NONE',  ( 1.015104533076149895, 27.62731222258667785, 1.500000000000000444 ) ) ;
#4809 = CIRCLE ( 'NONE', #828, 2.200000000000000622 ) ;
#4810 = EDGE_CURVE ( 'NONE', #1996, #1551, #4480, .T. ) ;
#4811 = EDGE_CURVE ( 'NONE', #5011, #5345, #6228, .T. ) ;
#4812 = DIRECTION ( 'NONE',  ( 2.040851148208008491E-16, -1.000000000000000000, 0.000000000000000000 ) ) ;
#4813 = ORIENTED_EDGE ( 'NONE', *, *, #2734, .F. ) ;
#4814 = VERTEX_POINT ( 'NONE', #222 ) ;
#4815 = APPROVAL_DATE_TIME ( #2712, #6524 ) ;
#4816 = CARTESIAN_POINT ( 'NONE',  ( -19.78125822878755358, 23.79582752276952107, 2.212742137765232098 ) ) ;
#4817 = AXIS2_PLACEMENT_3D ( 'NONE', #5084, #2415, #4538 ) ;
#4818 = FACE_OUTER_BOUND ( 'NONE', #1208, .T. ) ;
#4819 = CARTESIAN_POINT ( 'NONE',  ( 9.538155394095889861, 24.78837947678106701, 3.500000000000000444 ) ) ;
#4820 = ORIENTED_EDGE ( 'NONE', *, *, #4559, .F. ) ;
#4821 = DIRECTION ( 'NONE',  ( -1.000000000000000000, 0.000000000000000000, 0.000000000000000000 ) ) ;
#4822 = ORIENTED_EDGE ( 'NONE', *, *, #2734, .T. ) ;
#4823 = CARTESIAN_POINT ( 'NONE',  ( -4.465728473447176050, 36.29999999999999005, 6.100000073095998232 ) ) ;
#4824 = CARTESIAN_POINT ( 'NONE',  ( -20.30000000000000071, 36.79999999999999005, 0.000000000000000000 ) ) ;
#4825 = ORIENTED_EDGE ( 'NONE', *, *, #874, .T. ) ;
#4826 = EDGE_CURVE ( 'NONE', #1155, #3238, #4220, .T. ) ;
#4827 = FACE_OUTER_BOUND ( 'NONE', #1171, .T. ) ;
#4828 = CARTESIAN_POINT ( 'NONE',  ( 9.909999999999991260, 31.18628651258500284, 13.50000000000000000 ) ) ;
#4829 = CARTESIAN_POINT ( 'NONE',  ( -6.169593599177066956, 27.03837947678106701, 1.500000000000000000 ) ) ;
#4830 = CARTESIAN_POINT ( 'NONE',  ( 19.33480351963553545, 23.72100796523471544, 2.701512239005471550 ) ) ;
#4831 = CARTESIAN_POINT ( 'NONE',  ( -3.125069294393896246, 29.28837947678107057, 3.500000000000000000 ) ) ;
#4832 = DIRECTION ( 'NONE',  ( 0.000000000000000000, -0.000000000000000000, 1.000000000000000000 ) ) ;
#4833 = CARTESIAN_POINT ( 'NONE',  ( -6.239546215547089325, 23.67963109659307364, 3.500000000000000000 ) ) ;
#4834 = CIRCLE ( 'NONE', #2745, 2.999999999999999112 ) ;
#4835 = VECTOR ( 'NONE', #2919, 1000.000000000000000 ) ;
#4836 = EDGE_CURVE ( 'NONE', #5300, #6687, #1107, .T. ) ;
#4837 = FACE_BOUND ( 'NONE', #3333, .T. ) ;
#4838 = CARTESIAN_POINT ( 'NONE',  ( 7.582679705369938183, 27.03837947678105991, 1.500000000000000000 ) ) ;
#4839 = CYLINDRICAL_SURFACE ( 'NONE', #1840, 3.794610109220006855 ) ;
#4840 = CARTESIAN_POINT ( 'NONE',  ( -5.218843994572971212, 25.65564935683750392, 3.500000000000000000 ) ) ;
#4841 = CARTESIAN_POINT ( 'NONE',  ( -15.74749555500000042, 30.40006096009999936, 3.499999999999999556 ) ) ;
#4842 = DIRECTION ( 'NONE',  ( -0.000000000000000000, -0.000000000000000000, -1.000000000000000000 ) ) ;
#4843 = EDGE_LOOP ( 'NONE', ( #4526, #1398, #3318 ) ) ;
#4844 = CARTESIAN_POINT ( 'NONE',  ( -6.169593599177066956, 27.03837947678106701, 1.500000000000000000 ) ) ;
#4845 = EDGE_CURVE ( 'NONE', #356, #3008, #4354, .T. ) ;
#4846 = CARTESIAN_POINT ( 'NONE',  ( 18.69002285999978596, 34.98089408179999538, 0.5000000000000000000 ) ) ;
#4847 = EDGE_CURVE ( 'NONE', #3261, #2725, #3316, .T. ) ;
#4848 = CARTESIAN_POINT ( 'NONE',  ( 22.61214465342765223, 23.67963109659307008, 1.500000000000000000 ) ) ;
#4849 = CARTESIAN_POINT ( 'NONE',  ( 8.699537005531709610, 29.00439885306206023, 1.500000000000156097 ) ) ;
#4850 = ORIENTED_EDGE ( 'NONE', *, *, #1737, .T. ) ;
#4851 = CARTESIAN_POINT ( 'NONE',  ( -5.218843989983359855, 28.42110960131407893, 1.500000000000156097 ) ) ;
#4852 = DIRECTION ( 'NONE',  ( -1.000000000000000000, 0.000000000000000000, 0.000000000000000000 ) ) ;
#4853 = AXIS2_PLACEMENT_3D ( 'NONE', #3762, #6737, #991 ) ;
#4854 = ORIENTED_EDGE ( 'NONE', *, *, #6193, .T. ) ;
#4855 = ORIENTED_EDGE ( 'NONE', *, *, #3591, .F. ) ;
#4856 = AXIS2_PLACEMENT_3D ( 'NONE', #2760, #5401, #685 ) ;
#4857 = ORIENTED_EDGE ( 'NONE', *, *, #908, .T. ) ;
#4858 = CARTESIAN_POINT ( 'NONE',  ( -11.12886025725942929, 25.07236010298398554, 3.500000000000000000 ) ) ;
#4859 = VECTOR ( 'NONE', #3190, 1000.000000000000000 ) ;
#4860 = ORIENTED_EDGE ( 'NONE', *, *, #838, .T. ) ;
#4861 = CIRCLE ( 'NONE', #1223, 1.249999999999997558 ) ;
#4862 = EDGE_CURVE ( 'NONE', #5439, #5788, #152, .T. ) ;
#4863 = ORIENTED_EDGE ( 'NONE', *, *, #4500, .F. ) ;
#4864 = VERTEX_POINT ( 'NONE', #4240 ) ;
#4865 = CIRCLE ( 'NONE', #6816, 2.200000000000000622 ) ;
#4866 = DIRECTION ( 'NONE',  ( -1.000000000000000000, 0.000000000000000000, 0.000000000000000000 ) ) ;
#4867 = CARTESIAN_POINT ( 'NONE',  ( -17.94749555500000326, 30.40006096009999936, 12.22253967444162015 ) ) ;
#4868 = CARTESIAN_POINT ( 'NONE',  ( 7.582679705369938183, 27.03837947678105991, 1.500000000000000000 ) ) ;
#4869 = CARTESIAN_POINT ( 'NONE',  ( 18.69002286007999558, 31.18628397257998941, 0.5000000000000000000 ) ) ;
#4870 = CARTESIAN_POINT ( 'NONE',  ( 1.407292662289523655, 28.42110960131407893, 1.500000000000077938 ) ) ;
#4871 = VERTEX_POINT ( 'NONE', #4772 ) ;
#4872 = EDGE_LOOP ( 'NONE', ( #6762, #4687, #4718, #3761 ) ) ;
#4873 = LINE ( 'NONE', #1203, #1449 ) ;
#4874 = ORIENTED_EDGE ( 'NONE', *, *, #6225, .T. ) ;
#4875 = CARTESIAN_POINT ( 'NONE',  ( -20.14749555500000255, 30.40006096009999936, 3.499999999999999556 ) ) ;
#4876 = CARTESIAN_POINT ( 'NONE',  ( -12.67414240922684598, 26.31857278746371165, 1.500000000000000000 ) ) ;
#4877 = CARTESIAN_POINT ( 'NONE',  ( -12.74571755142490836, 27.03837947678106701, 1.500000000000000000 ) ) ;
#4878 = CARTESIAN_POINT ( 'NONE',  ( -14.95567122339616084, 30.16008281195174234, 1.553384386486787339 ) ) ;
#4879 = DIRECTION ( 'NONE',  ( 3.061276722312012984E-16, -1.000000000000000000, 0.000000000000000000 ) ) ;
#4880 = AXIS2_PLACEMENT_3D ( 'NONE', #4954, #2310, #5492 ) ;
#4881 = ORIENTED_EDGE ( 'NONE', *, *, #1243, .F. ) ;
#4882 = LINE ( 'NONE', #4413, #4999 ) ;
#4883 = EDGE_CURVE ( 'NONE', #1582, #4960, #1741, .T. ) ;
#4884 = VERTEX_POINT ( 'NONE', #4422 ) ;
#4885 = EDGE_CURVE ( 'NONE', #3089, #562, #2764, .T. ) ;
#4886 = AXIS2_PLACEMENT_3D ( 'NONE', #2714, #5393, #3720 ) ;
#4887 = CARTESIAN_POINT ( 'NONE',  ( -6.169593599177066956, 26.67840532649016083, 1.500000000000000000 ) ) ;
#4888 = VECTOR ( 'NONE', #5511, 1000.000000000000000 ) ;
#4889 = CARTESIAN_POINT ( 'NONE',  ( -9.909999999999996589, -10.49999999999999822, 3.499999999999999556 ) ) ;
#4890 = VERTEX_POINT ( 'NONE', #2927 ) ;
#4891 = EDGE_CURVE ( 'NONE', #6638, #6684, #5584, .T. ) ;
#4892 = ORIENTED_EDGE ( 'NONE', *, *, #5076, .F. ) ;
#4893 = CARTESIAN_POINT ( 'NONE',  ( 19.82174954371568631, 23.80534408771224975, 2.172286643513718030 ) ) ;
#4894 = ORIENTED_EDGE ( 'NONE', *, *, #223, .T. ) ;
#4895 = AXIS2_PLACEMENT_3D ( 'NONE', #6405, #631, #3712 ) ;
#4896 = CARTESIAN_POINT ( 'NONE',  ( 0.9565430530959354583, 27.03837947678106346, 1.500000000000000000 ) ) ;
#4897 = DIRECTION ( 'NONE',  ( 0.000000000000000000, -1.000000000000000000, 0.000000000000000000 ) ) ;
#4898 = CARTESIAN_POINT ( 'NONE',  ( -8.029698175143275662, 28.17152217661898206, 1.500000000000077938 ) ) ;
#4899 = CARTESIAN_POINT ( 'NONE',  ( 12.08267970536993197, 27.03837947678105991, 4.500000000000000888 ) ) ;
#4900 = CARTESIAN_POINT ( 'NONE',  ( -17.01000000000000867, 21.00000000000000000, 0.5000000000000000000 ) ) ;
#4901 = CARTESIAN_POINT ( 'NONE',  ( -2.749305308601173170, 35.27089408179999452, 5.999999999999998224 ) ) ;
#4902 = DIRECTION ( 'NONE',  ( -1.000000000000000000, 0.000000000000000000, 0.000000000000000000 ) ) ;
#4903 = VECTOR ( 'NONE', #795, 1000.000000000000000 ) ;
#4904 = FACE_OUTER_BOUND ( 'NONE', #1463, .T. ) ;
#4905 = CARTESIAN_POINT ( 'NONE',  ( -17.94749555500000326, 30.40006096009999936, 6.000000000000000000 ) ) ;
#4906 = ORIENTED_EDGE ( 'NONE', *, *, #4345, .T. ) ;
#4907 = ORIENTED_EDGE ( 'NONE', *, *, #2658, .F. ) ;
#4908 = LINE ( 'NONE', #2270, #4497 ) ;
#4909 = DIRECTION ( 'NONE',  ( 1.000000000000000000, 3.561451260254548541E-16, -0.000000000000000000 ) ) ;
#4910 = CIRCLE ( 'NONE', #2497, 3.794607569215000087 ) ;
#4911 = CARTESIAN_POINT ( 'NONE',  ( -10.29024185620814436, 29.28837947678106701, 1.500000000000000888 ) ) ;
#4912 = CARTESIAN_POINT ( 'NONE',  ( -20.55649513947969353, -14.82036890340692636, 1.500000000000000000 ) ) ;
#4913 = EDGE_CURVE ( 'NONE', #3710, #1184, #1296, .T. ) ;
#4914 = CARTESIAN_POINT ( 'NONE',  ( -14.94656073833741061, 30.34535658269058089, 1.737724041940834629 ) ) ;
#4915 = ORIENTED_EDGE ( 'NONE', *, *, #1816, .T. ) ;
#4916 = EDGE_LOOP ( 'NONE', ( #1505, #815, #1414, #6469 ) ) ;
#4917 = ORIENTED_EDGE ( 'NONE', *, *, #269, .T. ) ;
#4918 = AXIS2_PLACEMENT_3D ( 'NONE', #6087, #6192, #1466 ) ;
#4919 = CARTESIAN_POINT ( 'NONE',  ( 10.96582240520784346, 29.00439885306206733, 1.500000000000157208 ) ) ;
#4920 = CARTESIAN_POINT ( 'NONE',  ( -6.098018456979160007, 26.31857278746371165, 1.500000000000000000 ) ) ;
#4921 = EDGE_CURVE ( 'NONE', #3951, #2080, #5059, .T. ) ;
#4922 = DIRECTION ( 'NONE',  ( -0.000000000000000000, 1.000000000000000000, -0.000000000000000000 ) ) ;
#4923 = CARTESIAN_POINT ( 'NONE',  ( -17.94749555500000326, 30.40006096009999936, 6.000000000000000000 ) ) ;
#4924 = DIRECTION ( 'NONE',  ( 0.000000000000000000, 0.000000000000000000, -1.000000000000000000 ) ) ;
#4925 = CARTESIAN_POINT ( 'NONE',  ( 2.617610307291010852, 29.22981799680092863, 3.500000000000000000 ) ) ;
#4926 = DIRECTION ( 'NONE',  ( 0.000000000000000000, 0.000000000000000000, 1.000000000000000000 ) ) ;
#4927 = DIRECTION ( 'NONE',  ( 0.000000000000000000, 0.000000000000000000, -1.000000000000000000 ) ) ;
#4928 = EDGE_CURVE ( 'NONE', #2247, #4241, #3953, .T. ) ;
#4929 = VECTOR ( 'NONE', #3000, 1000.000000000000000 ) ;
#4930 = DIRECTION ( 'NONE',  ( -1.000000000000000000, 0.000000000000000000, 0.000000000000000000 ) ) ;
#4931 = EDGE_LOOP ( 'NONE', ( #4699, #4307, #995 ) ) ;
#4932 = CARTESIAN_POINT ( 'NONE',  ( 19.68209961565086275, 23.77643934520411761, 2.316492980835428650 ) ) ;
#4933 = ORIENTED_EDGE ( 'NONE', *, *, #6134, .F. ) ;
#4934 = CARTESIAN_POINT ( 'NONE',  ( -1.620343208370775168, 28.42110960131424591, 3.500000000000000000 ) ) ;
#4935 = CARTESIAN_POINT ( 'NONE',  ( 3.501067357879104502, 29.28837947678106701, 1.500000000000000888 ) ) ;
#4936 = ORIENTED_EDGE ( 'NONE', *, *, #3115, .F. ) ;
#4937 = ORIENTED_EDGE ( 'NONE', *, *, #2658, .T. ) ;
#4938 = VERTEX_POINT ( 'NONE', #224 ) ;
#4939 = DIRECTION ( 'NONE',  ( -1.000000000000000000, 0.000000000000000000, 0.000000000000000000 ) ) ;
#4940 = LINE ( 'NONE', #1278, #2431 ) ;
#4941 = CARTESIAN_POINT ( 'NONE',  ( -5.669593599177066068, 27.33290378156430123, 1.500000000000077938 ) ) ;
#4942 = VERTEX_POINT ( 'NONE', #6036 ) ;
#4943 = DIRECTION ( 'NONE',  ( -1.000000000000000000, 0.000000000000000000, 0.000000000000000000 ) ) ;
#4944 = AXIS2_PLACEMENT_3D ( 'NONE', #5914, #3324, #5409 ) ;
#4945 = ORIENTED_EDGE ( 'NONE', *, *, #3419, .F. ) ;
#4946 = LINE ( 'NONE', #5416, #4294 ) ;
#4947 = DIRECTION ( 'NONE',  ( 0.000000000000000000, 0.000000000000000000, -1.000000000000000000 ) ) ;
#4948 = CARTESIAN_POINT ( 'NONE',  ( 4.589273177629419109, 28.83762986758705082, 3.500000000000000000 ) ) ;
#4949 = VERTEX_POINT ( 'NONE', #4993 ) ;
#4950 = VECTOR ( 'NONE', #6332, 1000.000000000000000 ) ;
#4951 = CARTESIAN_POINT ( 'NONE',  ( -1.387358394700001885, -35.27084328170000305, 13.32999999999999829 ) ) ;
#4952 = ORIENTED_EDGE ( 'NONE', *, *, #4393, .F. ) ;
#4953 = CARTESIAN_POINT ( 'NONE',  ( 22.48463296930000155, 31.18628397260005158, 0.5000000000000000000 ) ) ;
#4954 = CARTESIAN_POINT ( 'NONE',  ( -9.995717551424906588, 27.03837947678106701, 0.5000000000000000000 ) ) ;
#4955 = DIRECTION ( 'NONE',  ( -1.000000000000000000, 0.000000000000000000, 0.000000000000000000 ) ) ;
#4956 = EDGE_CURVE ( 'NONE', #4884, #3274, #6661, .T. ) ;
#4957 = CARTESIAN_POINT ( 'NONE',  ( -1.220509788191788347, 25.34837599124064056, 1.500000000000000000 ) ) ;
#4958 = ORIENTED_EDGE ( 'NONE', *, *, #1647, .T. ) ;
#4959 = CARTESIAN_POINT ( 'NONE',  ( 13.21966983318281841, -35.27084328170000305, 9.896157071313998799 ) ) ;
#4960 = VERTEX_POINT ( 'NONE', #302 ) ;
#4961 = DIRECTION ( 'NONE',  ( -0.000000000000000000, -0.000000000000000000, 1.000000000000000000 ) ) ;
#4962 = VECTOR ( 'NONE', #4264, 1000.000000000000000 ) ;
#4963 = ORIENTED_EDGE ( 'NONE', *, *, #3032, .T. ) ;
#4964 = EDGE_CURVE ( 'NONE', #620, #2545, #4519, .T. ) ;
#4965 = ORIENTED_EDGE ( 'NONE', *, *, #5351, .F. ) ;
#4966 = LINE ( 'NONE', #5528, #644 ) ;
#4967 = ORIENTED_EDGE ( 'NONE', *, *, #2087, .T. ) ;
#4968 = VERTEX_POINT ( 'NONE', #3718 ) ;
#4969 = AXIS2_PLACEMENT_3D ( 'NONE', #23, #4800, #496 ) ;
#4970 = EDGE_CURVE ( 'NONE', #4470, #4942, #2208, .T. ) ;
#4971 = EDGE_CURVE ( 'NONE', #2863, #1184, #718, .T. ) ;
#4972 = CARTESIAN_POINT ( 'NONE',  ( 3.795475798900922459, 24.84694095676059433, 1.499999999999843903 ) ) ;
#4973 = CARTESIAN_POINT ( 'NONE',  ( 9.243746959565044108, 24.84694095676118764, 3.500000000000000000 ) ) ;
#4974 = DIRECTION ( 'NONE',  ( -1.000000000000000000, 0.000000000000000000, 0.000000000000000000 ) ) ;
#4975 = VECTOR ( 'NONE', #4759, 1000.000000000000000 ) ;
#4976 = DIRECTION ( 'NONE',  ( -1.856308247812544377E-16, -1.000000000000000000, -0.000000000000000000 ) ) ;
#4977 = CARTESIAN_POINT ( 'NONE',  ( 17.64370398651579919, -4.500000000000001776, 13.50000000000000000 ) ) ;
#4978 = CARTESIAN_POINT ( 'NONE',  ( -11.37844767595730744, 28.83762986758689095, 1.500000000000000000 ) ) ;
#4979 = CARTESIAN_POINT ( 'NONE',  ( -5.669593599177066068, 27.03837947678106701, 4.500000000000000888 ) ) ;
#4980 = VECTOR ( 'NONE', #4702, 1000.000000000000000 ) ;
#4981 = CARTESIAN_POINT ( 'NONE',  ( 7.574310647399825847, 36.29999999999999005, 1.649999999999998579 ) ) ;
#4982 = FACE_OUTER_BOUND ( 'NONE', #1217, .T. ) ;
#4983 = VERTEX_POINT ( 'NONE', #3125 ) ;
#4984 = CARTESIAN_POINT ( 'NONE',  ( -2.286450893342539814, 29.00439885057814848, 3.500000000000000000 ) ) ;
#4985 = ORIENTED_EDGE ( 'NONE', *, *, #6038, .F. ) ;
#4986 = CARTESIAN_POINT ( 'NONE',  ( 16.34749555500000184, 30.40006096009999936, 3.499999999999999556 ) ) ;
#4987 = CARTESIAN_POINT ( 'NONE',  ( -18.69005080010004249, 34.98089408179999538, 0.5000000000000000000 ) ) ;
#4988 = DIRECTION ( 'NONE',  ( -1.000000000000000000, 0.000000000000000000, 0.000000000000000000 ) ) ;
#4989 = DIRECTION ( 'NONE',  ( -1.000000000000000000, 0.000000000000000000, 0.000000000000000000 ) ) ;
#4990 = EDGE_CURVE ( 'NONE', #1236, #6416, #3983, .T. ) ;
#4991 = ORIENTED_EDGE ( 'NONE', *, *, #5017, .T. ) ;
#4992 = VECTOR ( 'NONE', #6195, 1000.000000000000000 ) ;
#4993 = CARTESIAN_POINT ( 'NONE',  ( -11.24571755142490836, 27.03837947678106701, 4.500000000000000888 ) ) ;
#4994 = CARTESIAN_POINT ( 'NONE',  ( 15.91000000000000014, -10.50000000000000178, 2.500000000000000000 ) ) ;
#4995 = ORIENTED_EDGE ( 'NONE', *, *, #2048, .F. ) ;
#4996 = CARTESIAN_POINT ( 'NONE',  ( -20.30000000000000071, -36.80000000000000426, 13.33000000000000007 ) ) ;
#4997 = EDGE_CURVE ( 'NONE', #3897, #2485, #2466, .T. ) ;
#4998 = ORIENTED_EDGE ( 'NONE', *, *, #710, .T. ) ;
#4999 = VECTOR ( 'NONE', #4383, 1000.000000000000000 ) ;
#5000 = AXIS2_PLACEMENT_3D ( 'NONE', #3426, #6233, #2012 ) ;
#5001 = CARTESIAN_POINT ( 'NONE',  ( -20.55649513947969709, 24.17963109659307364, 1.500000000000000000 ) ) ;
#5002 = CARTESIAN_POINT ( 'NONE',  ( 17.94749555500000326, -30.40006096009999936, 6.000000000000000000 ) ) ;
#5003 = DIRECTION ( 'NONE',  ( -0.000000000000000000, -0.000000000000000000, 1.000000000000000000 ) ) ;
#5004 = CARTESIAN_POINT ( 'NONE',  ( -15.90999999999999304, -13.49999999999999822, 2.500000000000000000 ) ) ;
#5005 = CARTESIAN_POINT ( 'NONE',  ( 11.79869908165093939, 25.90523677694378080, 1.500000000000000000 ) ) ;
#5006 = EDGE_CURVE ( 'NONE', #6366, #2529, #4579, .T. ) ;
#5007 = CARTESIAN_POINT ( 'NONE',  ( 3.501067357879200870, 24.78837947678106346, 1.499999999999998890 ) ) ;
#5008 = CIRCLE ( 'NONE', #4895, 1.600000000000000755 ) ;
#5009 = ORIENTED_EDGE ( 'NONE', *, *, #5249, .F. ) ;
#5010 = ORIENTED_EDGE ( 'NONE', *, *, #4913, .T. ) ;
#5011 = VERTEX_POINT ( 'NONE', #1888 ) ;
#5012 = CARTESIAN_POINT ( 'NONE',  ( 17.64370398651581695, -10.50000000000000178, 5.500000000000000000 ) ) ;
#5013 = AXIS2_PLACEMENT_3D ( 'NONE', #941, #5595, #1046 ) ;
#5014 = CARTESIAN_POINT ( 'NONE',  ( -10.29024185620801823, 24.78837947678106346, 1.499999999999998890 ) ) ;
#5015 = CARTESIAN_POINT ( 'NONE',  ( -15.90999999999999304, -10.49999999999999645, 5.500000000000000000 ) ) ;
#5016 = CARTESIAN_POINT ( 'NONE',  ( -3.419593599177064291, 27.03837947678106701, 4.500000000000000888 ) ) ;
#5017 = EDGE_CURVE ( 'NONE', #4740, #4255, #3902, .T. ) ;
#5018 = EDGE_CURVE ( 'NONE', #406, #6027, #3458, .T. ) ;
#5019 = ORIENTED_EDGE ( 'NONE', *, *, #1253, .T. ) ;
#5020 = DIRECTION ( 'NONE',  ( -1.000000000000000000, 0.000000000000000000, 0.000000000000000000 ) ) ;
#5021 = ORIENTED_EDGE ( 'NONE', *, *, #6600, .F. ) ;
#5022 = LINE ( 'NONE', #4483, #823 ) ;
#5023 = DIRECTION ( 'NONE',  ( -1.000000000000000000, 0.000000000000000000, 0.000000000000000000 ) ) ;
#5024 = CARTESIAN_POINT ( 'NONE',  ( -5.669593599177066068, 27.03837947678106701, 4.500000000000000888 ) ) ;
#5025 = CIRCLE ( 'NONE', #6654, 1.100000000000000311 ) ;
#5026 = EDGE_LOOP ( 'NONE', ( #4656, #1302 ) ) ;
#5027 = VERTEX_POINT ( 'NONE', #1827 ) ;
#5028 = CARTESIAN_POINT ( 'NONE',  ( 2.486096938898824771, 24.36029674719202731, 1.500000000000000222 ) ) ;
#5029 = ORIENTED_EDGE ( 'NONE', *, *, #3257, .T. ) ;
#5030 = DIRECTION ( 'NONE',  ( -1.000000000000000000, 0.000000000000000000, -1.300878638359185634E-16 ) ) ;
#5031 = EDGE_CURVE ( 'NONE', #3592, #4528, #3709, .T. ) ;
#5032 = VECTOR ( 'NONE', #4547, 1000.000000000000000 ) ;
#5033 = CIRCLE ( 'NONE', #4717, 1.250000000000000222 ) ;
#5034 = LINE ( 'NONE', #5071, #3564 ) ;
#5035 = LINE ( 'NONE', #3043, #2879 ) ;
#5036 = CARTESIAN_POINT ( 'NONE',  ( 12.08267970536993197, 27.33290378156429412, 3.500000000000000000 ) ) ;
#5037 = DIRECTION ( 'NONE',  ( 0.000000000000000000, 1.000000000000000000, 0.000000000000000000 ) ) ;
#5038 = CARTESIAN_POINT ( 'NONE',  ( 2.912018748312670269, 24.78837947678106346, 1.499999999999998890 ) ) ;
#5039 = ORIENTED_EDGE ( 'NONE', *, *, #251, .F. ) ;
#5040 = CARTESIAN_POINT ( 'NONE',  ( 16.34749555500000184, -30.40006096009999936, 3.499999999999999556 ) ) ;
#5041 = VERTEX_POINT ( 'NONE', #3146 ) ;
#5042 = EDGE_CURVE ( 'NONE', #1155, #3719, #4076, .T. ) ;
#5043 = CARTESIAN_POINT ( 'NONE',  ( 22.77463296930000070, 26.90006096009999936, 6.000000000000000000 ) ) ;
#5044 = CARTESIAN_POINT ( 'NONE',  ( -22.77465836930000265, 31.18628651260119256, 13.33000000000000007 ) ) ;
#5045 = CARTESIAN_POINT ( 'NONE',  ( 7.082679705369937295, 27.03837947678105991, 1.500000000000000000 ) ) ;
#5046 = CARTESIAN_POINT ( 'NONE',  ( -9.275271437220556692, 29.71646220636847247, 1.500000000000000000 ) ) ;
#5047 = ORIENTED_EDGE ( 'NONE', *, *, #4048, .F. ) ;
#5048 = CARTESIAN_POINT ( 'NONE',  ( 5.172562429377125071, 25.90523677694371329, 3.500000000000000000 ) ) ;
#5049 = ORIENTED_EDGE ( 'NONE', *, *, #3677, .F. ) ;
#5050 = DIRECTION ( 'NONE',  ( 0.000000000000000000, -1.000000000000000000, -0.000000000000000000 ) ) ;
#5051 = CARTESIAN_POINT ( 'NONE',  ( -2.947495555000002376, 35.27089408180000163, 1.500000000000000000 ) ) ;
#5052 = EDGE_CURVE ( 'NONE', #1532, #6562, #2682, .T. ) ;
#5053 = EDGE_CURVE ( 'NONE', #141, #1834, #4612, .T. ) ;
#5054 = CARTESIAN_POINT ( 'NONE',  ( -2.830660853372233721, 24.84694095676059433, 1.499999999999843903 ) ) ;
#5055 = AXIS2_PLACEMENT_3D ( 'NONE', #4793, #42, #4297 ) ;
#5056 = LINE ( 'NONE', #1353, #5404 ) ;
#5057 = CARTESIAN_POINT ( 'NONE',  ( -15.90999999999999304, -10.49999999999999645, 2.500000000000000444 ) ) ;
#5058 = B_SPLINE_CURVE_WITH_KNOTS ( 'NONE', 3,
 ( #93, #5846, #3247, #5254, #4840, #4173, #536, #2636, #4739, #6818, #6301, #6243, #3735, #5915, #1196, #3889, #5946, #3462 ),
 .UNSPECIFIED., .F., .F.,
 ( 4, 2, 2, 2, 2, 2, 2, 2, 4 ),
 ( 0.000000000000000000, 0.06250000000000000000, 0.1250000000000000000, 0.1875000000000000000, 0.2500000000000000000, 0.3125000000000000000, 0.3750000000000000000, 0.4375000000000000000, 0.5000000000000000000 ),
 .UNSPECIFIED. ) ;
#5059 = LINE ( 'NONE', #1896, #691 ) ;
#5060 = CARTESIAN_POINT ( 'NONE',  ( 7.582679705369938183, 27.03837947678105991, 1.500000000000000000 ) ) ;
#5061 = CARTESIAN_POINT ( 'NONE',  ( 12.58267970536993197, 27.03837947678105280, 1.500000000000000000 ) ) ;
#5062 = DIRECTION ( 'NONE',  ( -1.000000000000000000, 0.000000000000000000, 0.000000000000000000 ) ) ;
#5063 = CARTESIAN_POINT ( 'NONE',  ( 4.897107321212367026, 24.83975549057046450, 1.499999999999999778 ) ) ;
#5064 = ORIENTED_EDGE ( 'NONE', *, *, #2155, .F. ) ;
#5065 = CARTESIAN_POINT ( 'NONE',  ( 18.69002413007999763, -31.18623444247999643, 0.5000000000000000000 ) ) ;
#5066 = ORIENTED_EDGE ( 'NONE', *, *, #2123, .F. ) ;
#5067 = ORIENTED_EDGE ( 'NONE', *, *, #5372, .F. ) ;
#5068 = LINE ( 'NONE', #5277, #4099 ) ;
#5069 = VERTEX_POINT ( 'NONE', #5225 ) ;
#5070 = CARTESIAN_POINT ( 'NONE',  ( -14.94749555500001215, 5.323477688200406227E-15, 6.000000000000000000 ) ) ;
#5071 = CARTESIAN_POINT ( 'NONE',  ( 13.32730385592881639, 36.80100000000001614, 7.586156972313998992 ) ) ;
#5072 = CARTESIAN_POINT ( 'NONE',  ( 17.64370398651581695, -14.82036890340692636, 5.500000000000000000 ) ) ;
#5073 = CYLINDRICAL_SURFACE ( 'NONE', #4649, 2.999999999999999112 ) ;
#5074 = CARTESIAN_POINT ( 'NONE',  ( 0.000000000000000000, 0.000000000000000000, 2.500000000000000000 ) ) ;
#5075 = AXIS2_PLACEMENT_3D ( 'NONE', #6359, #1629, #5840 ) ;
#5076 = EDGE_CURVE ( 'NONE', #4552, #6684, #6400, .T. ) ;
#5077 = VECTOR ( 'NONE', #4766, 1000.000000000000000 ) ;
#5078 = CARTESIAN_POINT ( 'NONE',  ( -1.169593599177062071, 27.33290378156429767, 1.500000000000000000 ) ) ;
#5079 = VERTEX_POINT ( 'NONE', #1997 ) ;
#5080 = DIRECTION ( 'NONE',  ( -1.000000000000000000, 0.000000000000000000, 0.000000000000000000 ) ) ;
#5081 = ORIENTED_EDGE ( 'NONE', *, *, #5603, .T. ) ;
#5082 = VERTEX_POINT ( 'NONE', #6246 ) ;
#5083 = CARTESIAN_POINT ( 'NONE',  ( -9.275910862107661359, 29.71680433458261206, 1.500000000000000000 ) ) ;
#5084 = CARTESIAN_POINT ( 'NONE',  ( 18.69002413007999763, -31.18623444247999643, 13.33000000000000007 ) ) ;
#5085 = CARTESIAN_POINT ( 'NONE',  ( -12.67380028101042377, 27.75882559098775104, 1.500000000000000000 ) ) ;
#5086 = CARTESIAN_POINT ( 'NONE',  ( -17.00999999999999446, -13.49999999999999822, 2.500000000000000000 ) ) ;
#5087 = VECTOR ( 'NONE', #5097, 1000.000000000000000 ) ;
#5088 = CIRCLE ( 'NONE', #576, 1.249999999999999334 ) ;
#5089 = ORIENTED_EDGE ( 'NONE', *, *, #3920, .F. ) ;
#5090 = ORIENTED_EDGE ( 'NONE', *, *, #5827, .F. ) ;
#5091 = CARTESIAN_POINT ( 'NONE',  ( 6.179669765516815794, -36.80100000000001614, 8.636157047397997388 ) ) ;
#5092 = CARTESIAN_POINT ( 'NONE',  ( -2.830660853371917529, 29.22981799680147574, 1.500000000000000000 ) ) ;
#5093 = CARTESIAN_POINT ( 'NONE',  ( 5.405167039318532929, 28.72894374488493696, 1.499999999999999778 ) ) ;
#5094 = DIRECTION ( 'NONE',  ( -0.000000000000000000, -0.000000000000000000, 1.000000000000000000 ) ) ;
#5095 = CIRCLE ( 'NONE', #661, 1.599999999980953547 ) ;
#5096 = ORIENTED_EDGE ( 'NONE', *, *, #1492, .F. ) ;
#5097 = DIRECTION ( 'NONE',  ( 0.000000000000000000, 0.000000000000000000, -1.000000000000000000 ) ) ;
#5098 = ADVANCED_FACE ( 'NONE', ( #6169 ), #1442, .F. ) ;
#5099 = EDGE_LOOP ( 'NONE', ( #716, #1433, #4352, #1480 ) ) ;
#5100 = CARTESIAN_POINT ( 'NONE',  ( 0.9565430530959354583, 27.03837947678106701, 3.500000000000000000 ) ) ;
#5101 = CARTESIAN_POINT ( 'NONE',  ( -20.00000000000000000, 36.79999999999999005, 0.000000000000000000 ) ) ;
#5102 = ORIENTED_EDGE ( 'NONE', *, *, #4155, .F. ) ;
#5103 = DIRECTION ( 'NONE',  ( -0.000000000000000000, -0.000000000000000000, -1.000000000000000000 ) ) ;
#5104 = ADVANCED_FACE ( 'NONE', ( #33 ), #1609, .T. ) ;
#5105 = AXIS2_PLACEMENT_3D ( 'NONE', #4774, #4897, #690 ) ;
#5106 = DIRECTION ( 'NONE',  ( -1.000000000000000000, 0.000000000000000000, 0.000000000000000000 ) ) ;
#5107 = ORIENTED_EDGE ( 'NONE', *, *, #2378, .T. ) ;
#5108 = AXIS2_PLACEMENT_3D ( 'NONE', #5343, #3446, #2929 ) ;
#5109 = FACE_OUTER_BOUND ( 'NONE', #2456, .T. ) ;
#5110 = CARTESIAN_POINT ( 'NONE',  ( 11.21540982990310198, 28.83762986758735281, 3.500000000000000000 ) ) ;
#5111 = VECTOR ( 'NONE', #6387, 1000.000000000000000 ) ;
#5112 = DIRECTION ( 'NONE',  ( -1.000000000000000000, 0.000000000000000000, 0.000000000000000000 ) ) ;
#5113 = CARTESIAN_POINT ( 'NONE',  ( -1.169593599177062071, 26.74385517199781859, 1.500000000000000000 ) ) ;
#5114 = DIRECTION ( 'NONE',  ( -1.000000000000000000, 0.000000000000000000, -0.000000000000000000 ) ) ;
#5115 = CARTESIAN_POINT ( 'NONE',  ( -7.317292693623054234, 27.75818616609800671, 1.500000000000000000 ) ) ;
#5116 = CARTESIAN_POINT ( 'NONE',  ( -12.24571755142490659, 27.03837947678106701, 3.500000000000000000 ) ) ;
#5117 = VECTOR ( 'NONE', #1100, 1000.000000000000000 ) ;
#5118 = DIRECTION ( 'NONE',  ( -0.000000000000000000, -0.000000000000000000, -1.000000000000000000 ) ) ;
#5119 = FACE_OUTER_BOUND ( 'NONE', #5795, .T. ) ;
#5120 = ORIENTED_EDGE ( 'NONE', *, *, #3781, .T. ) ;
#5121 = AXIS2_PLACEMENT_3D ( 'NONE', #6515, #1798, #3943 ) ;
#5122 = CARTESIAN_POINT ( 'NONE',  ( 17.94749555500000326, 27.40006096009999936, 6.000000000000000000 ) ) ;
#5123 = ADVANCED_FACE ( 'NONE', ( #699 ), #6367, .F. ) ;
#5124 = CARTESIAN_POINT ( 'NONE',  ( 12.51110456317209518, 27.75818616609862133, 1.500000000000000000 ) ) ;
#5125 = DIRECTION ( 'NONE',  ( -1.000000000000000000, 2.725838271490898547E-16, 0.000000000000000000 ) ) ;
#5126 = ORIENTED_EDGE ( 'NONE', *, *, #3973, .F. ) ;
#5127 = VECTOR ( 'NONE', #2258, 1000.000000000000000 ) ;
#5128 = EDGE_LOOP ( 'NONE', ( #5039, #5893, #3670, #3942 ) ) ;
#5129 = ORIENTED_EDGE ( 'NONE', *, *, #3890, .F. ) ;
#5130 = ORIENTED_EDGE ( 'NONE', *, *, #3063, .T. ) ;
#5131 = CARTESIAN_POINT ( 'NONE',  ( 17.94749555500000326, -27.40006096009999936, 6.000000000000000000 ) ) ;
#5132 = ORIENTED_EDGE ( 'NONE', *, *, #1197, .T. ) ;
#5133 = DIRECTION ( 'NONE',  ( -0.000000000000000000, -0.000000000000000000, 1.000000000000000000 ) ) ;
#5134 = CARTESIAN_POINT ( 'NONE',  ( -20.30000000000000071, 36.29999999999999005, 0.000000000000000000 ) ) ;
#5135 = EDGE_CURVE ( 'NONE', #6504, #3710, #3116, .T. ) ;
#5136 = CYLINDRICAL_SURFACE ( 'NONE', #2688, 1.600000000000000755 ) ;
#5137 = PLANE ( 'NONE',  #952 ) ;
#5138 = VECTOR ( 'NONE', #2659, 1000.000000000000000 ) ;
#5139 = LINE ( 'NONE', #2963, #3259 ) ;
#5140 = EDGE_LOOP ( 'NONE', ( #778, #1340, #1397, #709 ) ) ;
#5141 = ORIENTED_EDGE ( 'NONE', *, *, #2527, .F. ) ;
#5142 = LINE ( 'NONE', #6118, #2185 ) ;
#5143 = CIRCLE ( 'NONE', #3494, 4.084610109220005114 ) ;
#5144 = EDGE_CURVE ( 'NONE', #1628, #986, #4873, .T. ) ;
#5145 = CARTESIAN_POINT ( 'NONE',  ( 0.000000000000000000, 0.000000000000000000, 2.500000000000000000 ) ) ;
#5146 = EDGE_CURVE ( 'NONE', #2716, #129, #6823, .T. ) ;
#5147 = ORIENTED_EDGE ( 'NONE', *, *, #1994, .T. ) ;
#5148 = ORIENTED_EDGE ( 'NONE', *, *, #3373, .T. ) ;
#5149 = AXIS2_PLACEMENT_3D ( 'NONE', #2034, #1548, #6339 ) ;
#5150 = CARTESIAN_POINT ( 'NONE',  ( -13.86572847344717552, 35.27089408180000163, 6.100000073095998232 ) ) ;
#5151 = CARTESIAN_POINT ( 'NONE',  ( 15.91000000000000014, -13.50000000000000178, 5.500000000000000000 ) ) ;
#5152 = CARTESIAN_POINT ( 'NONE',  ( 12.23559227637984570, 25.65342728809062933, 1.500000000000000000 ) ) ;
#5153 = DIRECTION ( 'NONE',  ( -0.000000000000000000, -0.000000000000000000, -1.000000000000000000 ) ) ;
#5154 = CARTESIAN_POINT ( 'NONE',  ( 13.21966983318281663, -35.27084328170000305, 7.686157047397998099 ) ) ;
#5155 = VERTEX_POINT ( 'NONE', #6093 ) ;
#5156 = CARTESIAN_POINT ( 'NONE',  ( -7.804279028921192740, 27.62731221658945202, 3.500000000000000444 ) ) ;
#5157 = CARTESIAN_POINT ( 'NONE',  ( 4.897006363399347251, 29.23690250520322209, 1.500000000000000222 ) ) ;
#5158 = CARTESIAN_POINT ( 'NONE',  ( 15.74749555500000042, 30.40006096009999936, 12.22253967444162015 ) ) ;
#5159 = ORIENTED_EDGE ( 'NONE', *, *, #6778, .F. ) ;
#5160 = LINE ( 'NONE', #3804, #5087 ) ;
#5161 = DIRECTION ( 'NONE',  ( 1.000000000000000000, -0.000000000000000000, 0.000000000000000000 ) ) ;
#5162 = ADVANCED_FACE ( 'NONE', ( #1306 ), #4403, .F. ) ;
#5163 = CARTESIAN_POINT ( 'NONE',  ( -6.169593599177068732, 27.39799120621267647, 1.500000000000000222 ) ) ;
#5164 = ORIENTED_EDGE ( 'NONE', *, *, #3687, .T. ) ;
#5165 = CARTESIAN_POINT ( 'NONE',  ( -18.78550556383443748, 23.67963109659307719, 3.403702678697414274 ) ) ;
#5166 = CARTESIAN_POINT ( 'NONE',  ( 8.699537005532040013, 29.00439885306202115, 3.500000000000000000 ) ) ;
#5167 = AXIS2_PLACEMENT_3D ( 'NONE', #5491, #2885, #3292 ) ;
#5168 = VERTEX_POINT ( 'NONE', #5040 ) ;
#5169 = LINE ( 'NONE', #489, #6335 ) ;
#5170 = ORIENTED_EDGE ( 'NONE', *, *, #5211, .F. ) ;
#5171 = EDGE_CURVE ( 'NONE', #6152, #816, #794, .T. ) ;
#5172 = CARTESIAN_POINT ( 'NONE',  ( 1.240523676815032728, 25.90523677694302052, 3.500000000000000000 ) ) ;
#5173 = CARTESIAN_POINT ( 'NONE',  ( 1.407292657700031091, 25.65564935683750747, 3.500000000000000444 ) ) ;
#5174 = FACE_OUTER_BOUND ( 'NONE', #4666, .T. ) ;
#5175 = DIRECTION ( 'NONE',  ( -1.000000000000000000, 0.000000000000000000, 0.000000000000000000 ) ) ;
#5176 = CARTESIAN_POINT ( 'NONE',  ( 20.37813594179441523, 23.98883333052690148, 1.651158581030143235 ) ) ;
#5177 = EDGE_CURVE ( 'NONE', #1094, #1469, #6578, .T. ) ;
#5178 = ADVANCED_FACE ( 'NONE', ( #5948 ), #5450, .F. ) ;
#5179 = ORIENTED_EDGE ( 'NONE', *, *, #1293, .F. ) ;
#5180 = CARTESIAN_POINT ( 'NONE',  ( 0.5281181952940028346, 27.75818616609862133, 1.500000000000000000 ) ) ;
#5181 = ORIENTED_EDGE ( 'NONE', *, *, #2735, .F. ) ;
#5182 = CARTESIAN_POINT ( 'NONE',  ( -4.669593599177064291, 27.03837947678106701, -0.0009999999999999158867 ) ) ;
#5183 = CARTESIAN_POINT ( 'NONE',  ( -14.94749555500000326, 30.40006096009999936, 14.73017111508246302 ) ) ;
#5184 = ORIENTED_EDGE ( 'NONE', *, *, #411, .F. ) ;
#5185 = CARTESIAN_POINT ( 'NONE',  ( -6.098018456979160007, 26.31857278746371165, 1.500000000000000000 ) ) ;
#5186 = APPROVAL_ROLE ( '' ) ;
#5187 = AXIS2_PLACEMENT_3D ( 'NONE', #5692, #2036, #972 ) ;
#5188 = ORIENTED_EDGE ( 'NONE', *, *, #1866, .T. ) ;
#5189 = VECTOR ( 'NONE', #4583, 1000.000000000000000 ) ;
#5190 = LINE ( 'NONE', #4078, #996 ) ;
#5191 = VECTOR ( 'NONE', #2278, 1000.000000000000000 ) ;
#5192 = CARTESIAN_POINT ( 'NONE',  ( -3.343583477819567218, 30.17513936464029101, 1.577761603856646655 ) ) ;
#5193 = ORIENTED_EDGE ( 'NONE', *, *, #4862, .T. ) ;
#5194 = ORIENTED_EDGE ( 'NONE', *, *, #5929, .T. ) ;
#5195 = DIRECTION ( 'NONE',  ( 0.000000000000000000, 0.000000000000000000, -1.000000000000000000 ) ) ;
#5196 = LINE ( 'NONE', #4315, #1622 ) ;
#5197 = CARTESIAN_POINT ( 'NONE',  ( 1.240523676814957899, 25.90523677694298854, 1.500000000000000000 ) ) ;
#5198 = CARTESIAN_POINT ( 'NONE',  ( 22.77463296929998293, -26.90006096009999936, 6.000000000000000000 ) ) ;
#5199 = VECTOR ( 'NONE', #4597, 1000.000000000000000 ) ;
#5200 = CARTESIAN_POINT ( 'NONE',  ( 0.01264160530000009441, -35.27084328170000305, 6.000000000000000000 ) ) ;
#5201 = CARTESIAN_POINT ( 'NONE',  ( -11.96173692770585184, 25.90523677694311999, 3.500000000000000000 ) ) ;
#5202 = EDGE_CURVE ( 'NONE', #2365, #1713, #962, .T. ) ;
#5203 = DIRECTION ( 'NONE',  ( 2.725838271490898547E-16, 1.000000000000000000, -0.000000000000000000 ) ) ;
#5204 = DIRECTION ( 'NONE',  ( -0.000000000000000000, -0.000000000000000000, 1.000000000000000000 ) ) ;
#5205 = VECTOR ( 'NONE', #6217, 1000.000000000000000 ) ;
#5206 = DIRECTION ( 'NONE',  ( -0.000000000000000000, -0.000000000000000000, 1.000000000000000000 ) ) ;
#5207 = ORIENTED_EDGE ( 'NONE', *, *, #4434, .T. ) ;
#5208 = CARTESIAN_POINT ( 'NONE',  ( -2.749305308601173170, 35.27089408179999452, 1.740000000223998144 ) ) ;
#5209 = CARTESIAN_POINT ( 'NONE',  ( -14.94749555500000149, -34.77084328169999594, 1.500000000000000000 ) ) ;
#5210 = CARTESIAN_POINT ( 'NONE',  ( 14.44749555499999971, -34.77084328169999594, 1.499999999999999556 ) ) ;
#5211 = EDGE_CURVE ( 'NONE', #2703, #4535, #6269, .T. ) ;
#5212 = AXIS2_PLACEMENT_3D ( 'NONE', #2846, #4436, #5114 ) ;
#5213 = CARTESIAN_POINT ( 'NONE',  ( -18.69005080008499675, 31.18628651258499573, 3.500000000000000000 ) ) ;
#5214 = VERTEX_POINT ( 'NONE', #1539 ) ;
#5215 = VECTOR ( 'NONE', #5990, 1000.000000000000000 ) ;
#5216 = CARTESIAN_POINT ( 'NONE',  ( 1.717287274565382216, -27.57172974345886729, 2.500000000000000000 ) ) ;
#5217 = CARTESIAN_POINT ( 'NONE',  ( -7.317292693622895250, 26.31857278746351270, 1.500000000000000000 ) ) ;
#5218 = CIRCLE ( 'NONE', #2114, 4.000000000000000000 ) ;
#5219 = EDGE_CURVE ( 'NONE', #5730, #888, #432, .T. ) ;
#5220 = CARTESIAN_POINT ( 'NONE',  ( -17.94749555500000326, -27.40006096009999936, 6.000000000000000000 ) ) ;
#5221 = CARTESIAN_POINT ( 'NONE',  ( -15.90999999999998593, -4.499999999999996447, 13.50000000000000000 ) ) ;
#5222 = CARTESIAN_POINT ( 'NONE',  ( 14.94749555500001215, -5.323477688200406227E-15, 6.000000000000000000 ) ) ;
#5223 = CARTESIAN_POINT ( 'NONE',  ( 3.926349742413297594, 24.35995461897881853, 1.500000000000000000 ) ) ;
#5224 = CALENDAR_DATE ( 2024, 22, 5 ) ;
#5225 = CARTESIAN_POINT ( 'NONE',  ( -14.98945566345019387, 29.90006096009999936, 1.500000000000000000 ) ) ;
#5226 = CARTESIAN_POINT ( 'NONE',  ( -2.699092847012253937, 24.36016483946643163, 1.499999999999999778 ) ) ;
#5227 = EDGE_CURVE ( 'NONE', #562, #3089, #4778, .T. ) ;
#5228 = FACE_OUTER_BOUND ( 'NONE', #3189, .T. ) ;
#5229 = DIRECTION ( 'NONE',  ( 1.000000000000000000, 0.000000000000000000, 0.000000000000000000 ) ) ;
#5230 = EDGE_CURVE ( 'NONE', #4763, #4470, #4171, .T. ) ;
#5231 = CARTESIAN_POINT ( 'NONE',  ( 11.21763189406067518, 29.44129204779159537, 1.500000000000000000 ) ) ;
#5232 = ORIENTED_EDGE ( 'NONE', *, *, #538, .T. ) ;
#5233 = VECTOR ( 'NONE', #1435, 1000.000000000000000 ) ;
#5234 = VERTEX_POINT ( 'NONE', #1570 ) ;
#5235 = DIRECTION ( 'NONE',  ( -0.000000000000000000, -1.000000000000000000, 0.000000000000000000 ) ) ;
#5236 = PERSON_AND_ORGANIZATION ( #78, #5396 ) ;
#5237 = CARTESIAN_POINT ( 'NONE',  ( -13.34272399793517572, 35.27089408179999452, 7.586156972313995439 ) ) ;
#5238 = CARTESIAN_POINT ( 'NONE',  ( 5.451297942626342596, -22.23771907541695469, 2.500000000000000000 ) ) ;
#5239 = AXIS2_PLACEMENT_3D ( 'NONE', #4638, #5683, #4571 ) ;
#5240 = CARTESIAN_POINT ( 'NONE',  ( 15.90999999999999659, 19.90000000000000213, 2.500000000000000000 ) ) ;
#5241 = ORIENTED_EDGE ( 'NONE', *, *, #4667, .T. ) ;
#5242 = ORIENTED_EDGE ( 'NONE', *, *, #1294, .T. ) ;
#5243 = DIRECTION ( 'NONE',  ( 1.000000000000000000, 0.000000000000000000, 0.000000000000000000 ) ) ;
#5244 = CIRCLE ( 'NONE', #3144, 1.599999999980953547 ) ;
#5245 = DIRECTION ( 'NONE',  ( -0.000000000000000000, -0.000000000000000000, -1.000000000000000000 ) ) ;
#5246 = ORIENTED_EDGE ( 'NONE', *, *, #2433, .F. ) ;
#5247 = CIRCLE ( 'NONE', #2249, 0.5000000000000004441 ) ;
#5248 = ORIENTED_EDGE ( 'NONE', *, *, #6502, .T. ) ;
#5249 = EDGE_CURVE ( 'NONE', #527, #6495, #3908, .T. ) ;
#5250 = ORIENTED_EDGE ( 'NONE', *, *, #4928, .F. ) ;
#5251 = ORIENTED_EDGE ( 'NONE', *, *, #2469, .T. ) ;
#5252 = FACE_BOUND ( 'NONE', #1968, .T. ) ;
#5253 = DIRECTION ( 'NONE',  ( 0.000000000000000000, 0.000000000000000000, -1.000000000000000000 ) ) ;
#5254 = CARTESIAN_POINT ( 'NONE',  ( -5.385612972974144874, 25.90523677094653721, 3.499999999999999556 ) ) ;
#5255 = FACE_OUTER_BOUND ( 'NONE', #1202, .T. ) ;
#5256 = CARTESIAN_POINT ( 'NONE',  ( 1.821590864405221222, 24.63546690577123854, 1.500000000000000000 ) ) ;
#5257 = EDGE_LOOP ( 'NONE', ( #1706, #3236, #3567, #925 ) ) ;
#5258 = ADVANCED_FACE ( 'NONE', ( #5753 ), #87, .F. ) ;
#5259 = EDGE_LOOP ( 'NONE', ( #707, #1656, #219, #4277 ) ) ;
#5260 = VERTEX_POINT ( 'NONE', #5352 ) ;
#5261 = CARTESIAN_POINT ( 'NONE',  ( -24.30000000000000071, -36.80000000000000426, 1.500000000000000000 ) ) ;
#5262 = DIRECTION ( 'NONE',  ( -1.000000000000000000, 0.000000000000000000, 0.000000000000000000 ) ) ;
#5263 = CIRCLE ( 'NONE', #4817, 4.084608839220207344 ) ;
#5264 = AXIS2_PLACEMENT_3D ( 'NONE', #1691, #4391, #2248 ) ;
#5265 = CARTESIAN_POINT ( 'NONE',  ( 10.55318045753489109, 24.36016483946810851, 1.499999999999999778 ) ) ;
#5266 = CARTESIAN_POINT ( 'NONE',  ( 1.823812928562478897, 25.23912908597505833, 3.500000000000000000 ) ) ;
#5267 = CARTESIAN_POINT ( 'NONE',  ( -17.94749555500000326, 30.40006096009999936, 1.500000000000000000 ) ) ;
#5268 = EDGE_CURVE ( 'NONE', #141, #2537, #2727, .T. ) ;
#5269 = CARTESIAN_POINT ( 'NONE',  ( -14.38735839470000144, -36.80100000000001614, 13.33000000000000185 ) ) ;
#5270 = ORIENTED_EDGE ( 'NONE', *, *, #2826, .T. ) ;
#5271 = EDGE_CURVE ( 'NONE', #1823, #2267, #2333, .T. ) ;
#5272 = CARTESIAN_POINT ( 'NONE',  ( 12.08267970536993197, 26.74385516550702135, 3.499999999999999112 ) ) ;
#5273 = FACE_OUTER_BOUND ( 'NONE', #1358, .T. ) ;
#5274 = LINE ( 'NONE', #6726, #3392 ) ;
#5275 = CARTESIAN_POINT ( 'NONE',  ( 7.154596975787623769, 27.75882559099477476, 1.500000000000000222 ) ) ;
#5276 = ORIENTED_EDGE ( 'NONE', *, *, #334, .T. ) ;
#5277 = CARTESIAN_POINT ( 'NONE',  ( 18.69002286095545529, -34.98084328169999679, 0.5000000000000000000 ) ) ;
#5278 = DIRECTION ( 'NONE',  ( 0.000000000000000000, 0.000000000000000000, -1.000000000000000000 ) ) ;
#5279 = VERTEX_POINT ( 'NONE', #2661 ) ;
#5280 = CARTESIAN_POINT ( 'NONE',  ( 22.48463296930000155, 31.18628397260005158, 0.000000000000000000 ) ) ;
#5281 = AXIS2_PLACEMENT_3D ( 'NONE', #5922, #255, #4406 ) ;
#5282 = CARTESIAN_POINT ( 'NONE',  ( -17.94749555500000326, -30.40006096009999936, 3.499999999999999556 ) ) ;
#5283 = VERTEX_POINT ( 'NONE', #4736 ) ;
#5284 = CARTESIAN_POINT ( 'NONE',  ( 20.36386163470295685, 23.98155704762339013, 1.663580070479691475 ) ) ;
#5285 = CARTESIAN_POINT ( 'NONE',  ( 1.007459242110776421, 25.34837599124017515, 1.500000000000000000 ) ) ;
#5286 = EDGE_LOOP ( 'NONE', ( #839, #4995, #3752, #4193, #4801, #5132, #5232, #2377, #4822, #3107, #1022, #3066 ) ) ;
#5287 = ORIENTED_EDGE ( 'NONE', *, *, #2693, .F. ) ;
#5288 = LINE ( 'NONE', #5317, #5768 ) ;
#5289 = EDGE_LOOP ( 'NONE', ( #5194, #4850, #1130, #2473 ) ) ;
#5290 = CARTESIAN_POINT ( 'NONE',  ( -12.18715607144469359, 27.62731222258667785, 1.500000000000078160 ) ) ;
#5291 = CARTESIAN_POINT ( 'NONE',  ( 7.574310647399825847, 36.80100000000001614, 5.999999999999998224 ) ) ;
#5292 = DIRECTION ( 'NONE',  ( -1.000000000000000000, 0.000000000000000000, 0.000000000000000000 ) ) ;
#5293 = DIRECTION ( 'NONE',  ( 0.000000000000000000, 0.000000000000000000, -1.000000000000000000 ) ) ;
#5294 = AXIS2_PLACEMENT_3D ( 'NONE', #4589, #303, #1973 ) ;
#5295 = CARTESIAN_POINT ( 'NONE',  ( 15.91000000000000014, -13.50000000000000178, 2.500000000000000444 ) ) ;
#5296 = PLANE ( 'NONE',  #1457 ) ;
#5297 = ADVANCED_FACE ( 'NONE', ( #1633 ), #1603, .F. ) ;
#5298 = FACE_OUTER_BOUND ( 'NONE', #4487, .T. ) ;
#5299 = VECTOR ( 'NONE', #4326, 1000.000000000000000 ) ;
#5300 = VERTEX_POINT ( 'NONE', #4398 ) ;
#5301 = DIRECTION ( 'NONE',  ( -0.000000000000000000, 0.000000000000000000, 1.000000000000000000 ) ) ;
#5302 = ADVANCED_FACE ( 'NONE', ( #5939 ), #6496, .F. ) ;
#5303 = FACE_OUTER_BOUND ( 'NONE', #4015, .T. ) ;
#5304 = CARTESIAN_POINT ( 'NONE',  ( -0.7411687413751326670, 27.75818616609800671, 1.500000000000000000 ) ) ;
#5305 = VECTOR ( 'NONE', #2967, 1000.000000000000000 ) ;
#5306 = DIRECTION ( 'NONE',  ( -0.000000000000000000, 1.000000000000000000, -0.000000000000000000 ) ) ;
#5307 = VECTOR ( 'NONE', #389, 1000.000000000000000 ) ;
#5308 = DIRECTION ( 'NONE',  ( -0.000000000000000000, -0.000000000000000000, -1.000000000000000000 ) ) ;
#5309 = CARTESIAN_POINT ( 'NONE',  ( 8.582679705369937295, 27.03837947678105991, 4.500000000000000888 ) ) ;
#5310 = AXIS2_PLACEMENT_3D ( 'NONE', #2145, #6352, #4821 ) ;
#5311 = DIRECTION ( 'NONE',  ( -0.000000000000000000, -0.000000000000000000, 1.000000000000000000 ) ) ;
#5312 = FACE_OUTER_BOUND ( 'NONE', #1845, .T. ) ;
#5313 = ORIENTED_EDGE ( 'NONE', *, *, #89, .F. ) ;
#5314 = VERTEX_POINT ( 'NONE', #725 ) ;
#5315 = ORIENTED_EDGE ( 'NONE', *, *, #5006, .F. ) ;
#5316 = DIRECTION ( 'NONE',  ( -1.000000000000000000, 0.000000000000000000, 0.000000000000000000 ) ) ;
#5317 = CARTESIAN_POINT ( 'NONE',  ( -20.00000000000000000, -36.30000000000000426, 13.33000000000000007 ) ) ;
#5318 = CARTESIAN_POINT ( 'NONE',  ( -7.592804980414836535, 25.65342728809063644, 1.500000000000000000 ) ) ;
#5319 = DIRECTION ( 'NONE',  ( -0.000000000000000000, -0.000000000000000000, -1.000000000000000000 ) ) ;
#5320 = CARTESIAN_POINT ( 'NONE',  ( -8.612987426891423937, 28.83762986758705082, 3.500000000000000000 ) ) ;
#5321 = FACE_OUTER_BOUND ( 'NONE', #5794, .T. ) ;
#5322 = FACE_OUTER_BOUND ( 'NONE', #3876, .T. ) ;
#5323 = AXIS2_PLACEMENT_3D ( 'NONE', #2810, #3499, #758 ) ;
#5324 = ORIENTED_EDGE ( 'NONE', *, *, #6125, .T. ) ;
#5325 = ORIENTED_EDGE ( 'NONE', *, *, #874, .F. ) ;
#5326 = DIRECTION ( 'NONE',  ( -0.000000000000000000, 0.000000000000000000, 1.000000000000000000 ) ) ;
#5327 = CARTESIAN_POINT ( 'NONE',  ( -5.218843989983359855, 28.42110960131423880, 3.500000000000000000 ) ) ;
#5328 = ORIENTED_EDGE ( 'NONE', *, *, #5792, .F. ) ;
#5329 = CARTESIAN_POINT ( 'NONE',  ( 9.112873016052576602, 24.35995461897881142, 1.500000000000000000 ) ) ;
#5330 = EDGE_LOOP ( 'NONE', ( #1586, #3901, #3617, #5899 ) ) ;
#5331 = CLOSED_SHELL ( 'NONE', ( #2349, #581, #6445, #6172, #4101, #4754, #6753, #1948, #6707, #3404, #5906, #6025, #3026, #3550, #3177, #1864, #4091, #2637, #5758, #3964, #2619, #6304, #517, #5580, #2254, #2689, #6532, #572, #4180, #6003, #4794, #1453, #4428, #6691, #1018, #1778, #2567, #4017, #5334, #1032, #688, #2160, #6365, #3843, #61, #3728, #4064, #5178, #5297, #3470, #6340, #4675, #3742, #5104, #5571, #2649, #5820, #1575, #1851, #6419, #1917, #6248, #3733, #456, #289, #5302, #172, #836, #1793, #857, #2347, #286, #3131, #4360, #382, #6091, #2275, #5860, #1400, #1064, #6488, #1488, #2479, #2650, #5872, #6171, #5258, #733, #3281, #1757, #5870, #3982, #1114, #5981, #2410, #1111, #6632, #5916, #2784, #5565, #586, #2336, #2957, #5162, #6004, #5123, #1999, #3436, #4435, #1654, #6669, #605, #1704, #1479, #5828, #6376, #3320, #1520, #2026, #1493, #5670, #2984, #1808, #1178, #5756, #106, #327, #4590, #239, #2828, #2000, #182, #4153, #3763, #2444, #3216, #3148, #4223, #1237, #461, #2205, #6550, #1332, #3981, #6665, #1890, #5449, #147, #1594, #3551, #2643, #5098, #1604, #4281, #4058, #5494, #5504, #957, #1360, #1959, #4242, #2949, #1331, #2850, #81, #556, #3138, #6215, #1943, #2947, #1153, #3497, #3223, #6438 ) ) ;
#5332 = FACE_OUTER_BOUND ( 'NONE', #374, .T. ) ;
#5333 = CARTESIAN_POINT ( 'NONE',  ( -20.34302223209129679, 23.97134236424601639, 1.681788275121593790 ) ) ;
#5334 = ADVANCED_FACE ( 'NONE', ( #6606 ), #1810, .F. ) ;
#5335 = CIRCLE ( 'NONE', #4038, 2.200000000000000622 ) ;
#5336 = EDGE_LOOP ( 'NONE', ( #660, #5010, #3938, #1853 ) ) ;
#5337 = VERTEX_POINT ( 'NONE', #1328 ) ;
#5338 = DIRECTION ( 'NONE',  ( -1.000000000000000000, 0.000000000000000000, 0.000000000000000000 ) ) ;
#5339 = CARTESIAN_POINT ( 'NONE',  ( -14.38735839469999789, -35.27084328170000305, 7.386156972313998814 ) ) ;
#5340 = EDGE_CURVE ( 'NONE', #4066, #5283, #2902, .T. ) ;
#5341 = CIRCLE ( 'NONE', #2700, 4.084607569209999234 ) ;
#5342 = PLANE ( 'NONE',  #4340 ) ;
#5343 = CARTESIAN_POINT ( 'NONE',  ( -1.387358394700001885, -29.16723824071451432, 7.386156972313998814 ) ) ;
#5344 = CARTESIAN_POINT ( 'NONE',  ( 7.582679705369938183, 27.03837947678105991, 1.500000000000000000 ) ) ;
#5345 = VERTEX_POINT ( 'NONE', #824 ) ;
#5346 = DIRECTION ( 'NONE',  ( -0.000000000000000000, -0.000000000000000000, 1.000000000000000000 ) ) ;
#5347 = ORIENTED_EDGE ( 'NONE', *, *, #4802, .F. ) ;
#5348 = LINE ( 'NONE', #2403, #1759 ) ;
#5349 = EDGE_CURVE ( 'NONE', #6416, #2300, #3558, .T. ) ;
#5350 = ORIENTED_EDGE ( 'NONE', *, *, #3687, .F. ) ;
#5351 = EDGE_CURVE ( 'NONE', #1981, #3449, #5442, .T. ) ;
#5352 = CARTESIAN_POINT ( 'NONE',  ( -1.482712725396524656, -27.57172974345886729, 1.500000000000000000 ) ) ;
#5353 = CARTESIAN_POINT ( 'NONE',  ( 26.93258696637829885, -14.82036890340692636, 9.203600003566950960 ) ) ;
#5354 = CARTESIAN_POINT ( 'NONE',  ( -11.37844767595873563, 25.23912908597511517, 1.499999999999844347 ) ) ;
#5355 = LINE ( 'NONE', #4498, #1774 ) ;
#5356 = CARTESIAN_POINT ( 'NONE',  ( 1.240523676814925702, 28.17152217661834612, 1.500000000000000444 ) ) ;
#5357 = AXIS2_PLACEMENT_3D ( 'NONE', #4178, #6785, #1516 ) ;
#5358 = CARTESIAN_POINT ( 'NONE',  ( 2.073400347261411980, 29.00439885057815914, 3.499999999999999556 ) ) ;
#5359 = DIRECTION ( 'NONE',  ( -5.489631211543685424E-16, -0.000000000000000000, -1.000000000000000000 ) ) ;
#5360 = CARTESIAN_POINT ( 'NONE',  ( 0.1172872745844287523, -27.57172974345886729, 1.500000000000000000 ) ) ;
#5361 = CARTESIAN_POINT ( 'NONE',  ( 7.582679705369938183, 27.33290378156429767, 1.500000000000000000 ) ) ;
#5362 = CARTESIAN_POINT ( 'NONE',  ( 0.9565430530959354583, 27.03837947678106701, 3.500000000000000000 ) ) ;
#5363 = CARTESIAN_POINT ( 'NONE',  ( -0.6695935991770621820, 27.03837947678105991, 1.500000000000000000 ) ) ;
#5364 = PERSON_AND_ORGANIZATION ( #78, #5396 ) ;
#5365 = DIRECTION ( 'NONE',  ( -0.000000000000000000, -0.000000000000000000, -1.000000000000000000 ) ) ;
#5366 = EDGE_CURVE ( 'NONE', #6514, #3658, #492, .T. ) ;
#5367 = ORIENTED_EDGE ( 'NONE', *, *, #4000, .F. ) ;
#5368 = CYLINDRICAL_SURFACE ( 'NONE', #5357, 2.250000000000001776 ) ;
#5369 = CARTESIAN_POINT ( 'NONE',  ( 8.033429309974032151, 28.42110959672461590, 3.500000000000000888 ) ) ;
#5370 = DIRECTION ( 'NONE',  ( 0.000000000000000000, 0.000000000000000000, 1.000000000000000000 ) ) ;
#5371 = DIRECTION ( 'NONE',  ( -0.000000000000000000, -0.000000000000000000, 1.000000000000000000 ) ) ;
#5372 = EDGE_CURVE ( 'NONE', #1317, #6780, #856, .T. ) ;
#5373 = CARTESIAN_POINT ( 'NONE',  ( 19.94503612927846348, 23.83425860005009511, 2.049046280646559026 ) ) ;
#5374 = VERTEX_POINT ( 'NONE', #420 ) ;
#5375 = DIRECTION ( 'NONE',  ( 1.000000000000000000, -1.090335308596359271E-16, 0.000000000000000000 ) ) ;
#5376 = AXIS2_PLACEMENT_3D ( 'NONE', #906, #6099, #4540 ) ;
#5377 = ORIENTED_EDGE ( 'NONE', *, *, #403, .T. ) ;
#5378 = CARTESIAN_POINT ( 'NONE',  ( -12.18715607144444846, 26.44944673097624488, 1.499999999999999556 ) ) ;
#5379 = FACE_OUTER_BOUND ( 'NONE', #1024, .T. ) ;
#5380 = CARTESIAN_POINT ( 'NONE',  ( 11.63193009617637586, 25.65564935224804088, 1.500000000000077938 ) ) ;
#5381 = LINE ( 'NONE', #5567, #569 ) ;
#5382 = EDGE_CURVE ( 'NONE', #953, #5686, #4163, .T. ) ;
#5383 = EDGE_CURVE ( 'NONE', #2251, #1099, #894, .T. ) ;
#5384 = CARTESIAN_POINT ( 'NONE',  ( 7.582679705369938183, 26.74385517199781859, 3.500000000000000000 ) ) ;
#5385 = CARTESIAN_POINT ( 'NONE',  ( -1.228155079157023266, 27.62731222258556585, 3.500000000000000000 ) ) ;
#5386 = DIRECTION ( 'NONE',  ( -1.000000000000000000, 0.000000000000000000, 0.000000000000000000 ) ) ;
#5387 = PLANE ( 'NONE',  #4027 ) ;
#5388 = CARTESIAN_POINT ( 'NONE',  ( -12.24571755142490481, 27.33290378156430123, 1.500000000000000000 ) ) ;
#5389 = CARTESIAN_POINT ( 'NONE',  ( 10.19265385566043491, 24.28837947678106346, 1.500000000000000000 ) ) ;
#5390 = LINE ( 'NONE', #175, #3336 ) ;
#5391 = VERTEX_POINT ( 'NONE', #6231 ) ;
#5392 = SECURITY_CLASSIFICATION_LEVEL ( 'unclassified' ) ;
#5393 = DIRECTION ( 'NONE',  ( 0.000000000000000000, 0.000000000000000000, -1.000000000000000000 ) ) ;
#5394 = VECTOR ( 'NONE', #1172, 1000.000000000000000 ) ;
#5395 = ORIENTED_EDGE ( 'NONE', *, *, #814, .F. ) ;
#5396 = ORGANIZATION ( '未指定', '未指定', '' ) ;
#5397 = CARTESIAN_POINT ( 'NONE',  ( -17.64370398651583116, -14.82036890340692636, 5.500000000000000000 ) ) ;
#5398 = CARTESIAN_POINT ( 'NONE',  ( 15.90999999999999304, 31.18628651258500284, 2.500000000000000000 ) ) ;
#5399 = AXIS2_PLACEMENT_3D ( 'NONE', #470, #6329, #6240 ) ;
#5400 = FACE_OUTER_BOUND ( 'NONE', #689, .T. ) ;
#5401 = DIRECTION ( 'NONE',  ( 1.000000000000000000, -1.856308247812544131E-16, 0.000000000000000000 ) ) ;
#5402 = CARTESIAN_POINT ( 'NONE',  ( 20.10047530163700102, 23.87916352797112296, 1.901388744230047445 ) ) ;
#5403 = DIRECTION ( 'NONE',  ( -0.000000000000000000, -1.000000000000000000, -0.000000000000000000 ) ) ;
#5404 = VECTOR ( 'NONE', #3480, 1000.000000000000000 ) ;
#5405 = CARTESIAN_POINT ( 'NONE',  ( 0.4565430530959354027, 27.03837947678106701, 1.500000000000000000 ) ) ;
#5406 = AXIS2_PLACEMENT_3D ( 'NONE', #256, #1170, #137 ) ;
#5407 = EDGE_CURVE ( 'NONE', #6780, #1236, #510, .T. ) ;
#5408 = CIRCLE ( 'NONE', #4437, 2.250000000000001332 ) ;
#5409 = DIRECTION ( 'NONE',  ( -1.000000000000000000, 0.000000000000000000, 0.000000000000000000 ) ) ;
#5410 = CARTESIAN_POINT ( 'NONE',  ( 0.9565430530959354583, 27.03837947678106701, 3.500000000000000000 ) ) ;
#5411 = CARTESIAN_POINT ( 'NONE',  ( -4.008526344982527689, 29.22981799680147574, 1.500000000000156097 ) ) ;
#5412 = DIRECTION ( 'NONE',  ( 1.000000000000000000, 0.000000000000000000, 0.000000000000000000 ) ) ;
#5413 = EDGE_CURVE ( 'NONE', #1429, #4059, #3021, .T. ) ;
#5414 = VERTEX_POINT ( 'NONE', #5015 ) ;
#5415 = CARTESIAN_POINT ( 'NONE',  ( -2.036863474643871186, 25.23912908597479188, 3.500000000000000000 ) ) ;
#5416 = CARTESIAN_POINT ( 'NONE',  ( -19.54749555500000113, -30.40006096009999936, 13.33102500000000035 ) ) ;
#5417 = DIRECTION ( 'NONE',  ( 0.000000000000000000, 0.000000000000000000, -1.000000000000000000 ) ) ;
#5418 = CARTESIAN_POINT ( 'NONE',  ( -11.12886025126188727, 29.00439885306144561, 1.499999999999921840 ) ) ;
#5419 = DIRECTION ( 'NONE',  ( -0.000000000000000000, -0.000000000000000000, 1.000000000000000000 ) ) ;
#5420 = ORIENTED_EDGE ( 'NONE', *, *, #1694, .F. ) ;
#5421 = AXIS2_PLACEMENT_3D ( 'NONE', #230, #5931, #4331 ) ;
#5422 = ORIENTED_EDGE ( 'NONE', *, *, #1387, .F. ) ;
#5423 =( BOUNDED_SURFACE ( )  B_SPLINE_SURFACE ( 2, 3, ( 
 ( #37, #5457, #5920, #5855 ),
 ( #4440, #2853, #4379, #4848 ),
 ( #1794, #67, #3934, #5989 ) ),
 .UNSPECIFIED., .F., .F., .F. ) 
 B_SPLINE_SURFACE_WITH_KNOTS ( ( 3, 3 ),
 ( 4, 4 ),
 ( 0.000000000000000000, 1.000000000000000000 ),
 ( -0.005112144653427649552, 0.04011214465342766849 ),
 .UNSPECIFIED. ) 
 GEOMETRIC_REPRESENTATION_ITEM ( )  RATIONAL_B_SPLINE_SURFACE ( (
 ( 1.000000000000000000, 1.000000000000000000, 1.000000000000000000, 1.000000000000000000),
 ( 0.7071067811865475727, 0.7071067811865475727, 0.7071067811865475727, 0.7071067811865475727),
 ( 1.000000000000000000, 1.000000000000000000, 1.000000000000000000, 1.000000000000000000) ) ) 
 REPRESENTATION_ITEM ( '' )  SURFACE ( )  );
#5424 = CARTESIAN_POINT ( 'NONE',  ( 20.00000000000000000, -36.30000000000000426, 13.33000000000000007 ) ) ;
#5425 = EDGE_LOOP ( 'NONE', ( #5917, #4551 ) ) ;
#5426 = EDGE_CURVE ( 'NONE', #4165, #3809, #211, .T. ) ;
#5427 = EDGE_CURVE ( 'NONE', #5859, #1689, #254, .T. ) ;
#5428 = CARTESIAN_POINT ( 'NONE',  ( -5.109597084717959703, 24.83929566579594805, 1.500000000000000000 ) ) ;
#5429 = FACE_OUTER_BOUND ( 'NONE', #3341, .T. ) ;
#5430 = CIRCLE ( 'NONE', #4143, 0.5000000000000004441 ) ;
#5431 = CARTESIAN_POINT ( 'NONE',  ( -1.169593599177062071, 27.03837947678105991, 1.500000000000000000 ) ) ;
#5432 = ORIENTED_EDGE ( 'NONE', *, *, #2776, .T. ) ;
#5433 = ORIENTED_EDGE ( 'NONE', *, *, #6360, .T. ) ;
#5434 = DIRECTION ( 'NONE',  ( -5.489631211543685424E-16, 0.000000000000000000, -1.000000000000000000 ) ) ;
#5435 = CARTESIAN_POINT ( 'NONE',  ( 24.30000000000000071, 32.79999999999999716, 13.33000000000000007 ) ) ;
#5436 = FACE_OUTER_BOUND ( 'NONE', #70, .T. ) ;
#5437 = FACE_OUTER_BOUND ( 'NONE', #5703, .T. ) ;
#5438 = VERTEX_POINT ( 'NONE', #1850 ) ;
#5439 = VERTEX_POINT ( 'NONE', #6056 ) ;
#5440 = CARTESIAN_POINT ( 'NONE',  ( -1.453574222896313328, 28.17152217661948299, 3.500000000000000000 ) ) ;
#5441 = AXIS2_PLACEMENT_3D ( 'NONE', #3394, #247, #123 ) ;
#5442 = LINE ( 'NONE', #1869, #3222 ) ;
#5443 = EDGE_LOOP ( 'NONE', ( #2546, #3526 ) ) ;
#5444 = CARTESIAN_POINT ( 'NONE',  ( -10.29024185620814436, 29.28837947678107057, 3.500000000000000000 ) ) ;
#5445 = DIRECTION ( 'NONE',  ( 1.000000000000000000, 0.000000000000000000, 0.000000000000000000 ) ) ;
#5446 = CARTESIAN_POINT ( 'NONE',  ( 1.015104533076330862, 27.62731222258660679, 3.500000000000000000 ) ) ;
#5447 = VECTOR ( 'NONE', #433, 1000.000000000000000 ) ;
#5448 = ORIENTED_EDGE ( 'NONE', *, *, #5135, .F. ) ;
#5449 = ADVANCED_FACE ( 'NONE', ( #3473 ), #935, .T. ) ;
#5450 = PLANE ( 'NONE',  #5212 ) ;
#5451 = ORIENTED_EDGE ( 'NONE', *, *, #1684, .T. ) ;
#5452 = CARTESIAN_POINT ( 'NONE',  ( -4.552736299014991772, 25.07236010050011288, 3.500000000000000000 ) ) ;
#5453 = CARTESIAN_POINT ( 'NONE',  ( 13.32730385592881639, 36.29999999999999005, 13.33000000000000007 ) ) ;
#5454 = VECTOR ( 'NONE', #6023, 1000.000000000000000 ) ;
#5455 = CARTESIAN_POINT ( 'NONE',  ( 24.30000000000000071, -36.80000000000000426, 0.000000000000000000 ) ) ;
#5456 = CARTESIAN_POINT ( 'NONE',  ( -10.71552424074226550, 24.35995461897881498, 1.500000000000000000 ) ) ;
#5457 = CARTESIAN_POINT ( 'NONE',  ( -7.537381551142569691, 24.17963109659307364, 1.500000000000000000 ) ) ;
#5458 = LINE ( 'NONE', #706, #1511 ) ;
#5459 = CARTESIAN_POINT ( 'NONE',  ( -14.94749555500000326, 30.40006096010000292, 1.867574652507645760 ) ) ;
#5460 = EDGE_CURVE ( 'NONE', #1723, #997, #2595, .T. ) ;
#5461 = EDGE_LOOP ( 'NONE', ( #2744, #5246, #4674, #5684 ) ) ;
#5462 = CIRCLE ( 'NONE', #3739, 1.000000000000000000 ) ;
#5463 = CARTESIAN_POINT ( 'NONE',  ( 17.64370398651581695, -10.50000000000000178, 5.500000000000000000 ) ) ;
#5464 = CARTESIAN_POINT ( 'NONE',  ( 11.79869908165093939, 25.90523677694378080, 1.500000000000000000 ) ) ;
#5465 = CARTESIAN_POINT ( 'NONE',  ( -3.779567749467801274, 24.28837947678106346, 1.500000000000000000 ) ) ;
#5466 = CARTESIAN_POINT ( 'NONE',  ( 3.206543053095936457, 27.03837947678106701, 0.5000000000000000000 ) ) ;
#5467 = DIRECTION ( 'NONE',  ( -0.000000000000000000, -0.000000000000000000, -1.000000000000000000 ) ) ;
#5468 = EDGE_CURVE ( 'NONE', #2674, #5646, #3691, .T. ) ;
#5469 = EDGE_CURVE ( 'NONE', #3719, #4162, #1555, .T. ) ;
#5470 = CARTESIAN_POINT ( 'NONE',  ( 1.717287274545469922, -22.23771907541695469, 1.500000000000000000 ) ) ;
#5471 = CIRCLE ( 'NONE', #5563, 1.599999999980953547 ) ;
#5472 = CARTESIAN_POINT ( 'NONE',  ( -14.94749555500001215, -5.323477688200406227E-15, 6.000000000000000000 ) ) ;
#5473 = CARTESIAN_POINT ( 'NONE',  ( -2.947495555000002376, 35.27089408180000163, 1.500000000000000000 ) ) ;
#5474 = DIRECTION ( 'NONE',  ( 0.000000000000000000, -1.000000000000000000, 0.000000000000000000 ) ) ;
#5475 = CARTESIAN_POINT ( 'NONE',  ( 5.451297942626342596, -22.23771907541695469, 1.500000000000000000 ) ) ;
#5476 = EDGE_LOOP ( 'NONE', ( #6392, #3300, #6337, #4442 ) ) ;
#5477 = CARTESIAN_POINT ( 'NONE',  ( -2.830660853372237273, 24.84694095676116632, 3.500000000000000000 ) ) ;
#5478 = ORIENTED_EDGE ( 'NONE', *, *, #993, .F. ) ;
#5479 = CARTESIAN_POINT ( 'NONE',  ( -9.406784805619899714, 29.22981799680089310, 3.500000000000000000 ) ) ;
#5480 = FACE_OUTER_BOUND ( 'NONE', #3156, .T. ) ;
#5481 = CARTESIAN_POINT ( 'NONE',  ( 2.073400353257857986, 25.07236010050075237, 1.500000000000156097 ) ) ;
#5482 = AXIS2_PLACEMENT_3D ( 'NONE', #163, #2260, #6046 ) ;
#5483 = DIRECTION ( 'NONE',  ( 1.000000000000000000, -0.000000000000000000, 0.000000000000000000 ) ) ;
#5484 = CARTESIAN_POINT ( 'NONE',  ( -5.218843989983015241, 25.65564935224755416, 3.500000000000000000 ) ) ;
#5485 = DIRECTION ( 'NONE',  ( -1.000000000000000000, -3.001764123752814593E-15, 0.000000000000000000 ) ) ;
#5486 = EDGE_CURVE ( 'NONE', #1713, #3545, #1151, .T. ) ;
#5487 = CARTESIAN_POINT ( 'NONE',  ( 5.229669765516815616, -35.27084328170000305, 8.636157047397997388 ) ) ;
#5488 = CARTESIAN_POINT ( 'NONE',  ( 9.112873016052372321, 29.71680433458259785, 1.500000000000000000 ) ) ;
#5489 = CARTESIAN_POINT ( 'NONE',  ( -9.995717551424906588, 27.03837947678106701, 4.500000000000000888 ) ) ;
#5490 = DIRECTION ( 'NONE',  ( 0.000000000000000000, 0.000000000000000000, 1.000000000000000000 ) ) ;
#5491 = CARTESIAN_POINT ( 'NONE',  ( -17.94749555500000326, -30.40006096009999936, 3.499999999999999556 ) ) ;
#5492 = DIRECTION ( 'NONE',  ( -1.000000000000000000, 0.000000000000000000, 0.000000000000000000 ) ) ;
#5493 = CARTESIAN_POINT ( 'NONE',  ( -22.77465836930000265, 26.90006096009999936, 6.000000000000000000 ) ) ;
#5494 = ADVANCED_FACE ( 'NONE', ( #721 ), #1186, .F. ) ;
#5495 = ORIENTED_EDGE ( 'NONE', *, *, #5942, .F. ) ;
#5496 = VECTOR ( 'NONE', #6755, 1000.000000000000000 ) ;
#5497 = EDGE_CURVE ( 'NONE', #3198, #2366, #2326, .T. ) ;
#5498 = DIRECTION ( 'NONE',  ( -1.000000000000000000, 0.000000000000000000, 0.000000000000000000 ) ) ;
#5499 = CARTESIAN_POINT ( 'NONE',  ( 5.005793443901756845, 28.42110960131471131, 1.499999999999921840 ) ) ;
#5500 = AXIS2_PLACEMENT_3D ( 'NONE', #3859, #3325, #4902 ) ;
#5501 = APPLICATION_CONTEXT ( 'configuration controlled 3d designs of mechanical parts and assemblies' ) ;
#5502 = DIRECTION ( 'NONE',  ( -1.856308247812544377E-16, -1.000000000000000000, 0.000000000000000000 ) ) ;
#5503 = EDGE_CURVE ( 'NONE', #5646, #167, #917, .T. ) ;
#5504 = ADVANCED_FACE ( 'NONE', ( #4818 ), #638, .F. ) ;
#5505 = DIRECTION ( 'NONE',  ( -1.000000000000000000, 0.000000000000000000, 0.000000000000000000 ) ) ;
#5506 = ORIENTED_EDGE ( 'NONE', *, *, #1055, .F. ) ;
#5507 = CARTESIAN_POINT ( 'NONE',  ( -22.27465836929999909, -26.90006096009999936, 6.000000000000000000 ) ) ;
#5508 = VECTOR ( 'NONE', #1914, 1000.000000000000000 ) ;
#5509 = DIRECTION ( 'NONE',  ( 1.000000000000000000, 0.000000000000000000, 0.000000000000000000 ) ) ;
#5510 = FACE_OUTER_BOUND ( 'NONE', #750, .T. ) ;
#5511 = DIRECTION ( 'NONE',  ( 0.000000000000000000, 1.000000000000000000, 0.000000000000000000 ) ) ;
#5512 = DIRECTION ( 'NONE',  ( -0.000000000000000000, -0.000000000000000000, -1.000000000000000000 ) ) ;
#5513 = CIRCLE ( 'NONE', #6389, 2.200000000000000622 ) ;
#5514 = CARTESIAN_POINT ( 'NONE',  ( 22.27463296929998293, -27.40006096009999936, 6.000000000000000000 ) ) ;
#5515 = DIRECTION ( 'NONE',  ( 0.000000000000000000, 0.000000000000000000, -1.000000000000000000 ) ) ;
#5516 = DIRECTION ( 'NONE',  ( 1.000000000000000000, -1.856308247812544377E-16, 0.000000000000000000 ) ) ;
#5517 = CARTESIAN_POINT ( 'NONE',  ( -18.69005080009999986, 35.27089408180000163, 13.33000000000000007 ) ) ;
#5518 = PRODUCT_DEFINITION_SHAPE ( 'NONE', 'NONE',  #5895 ) ;
#5519 = FACE_OUTER_BOUND ( 'NONE', #2629, .T. ) ;
#5520 = FACE_OUTER_BOUND ( 'NONE', #5330, .T. ) ;
#5521 = LINE ( 'NONE', #1685, #4727 ) ;
#5522 = ORIENTED_EDGE ( 'NONE', *, *, #6796, .F. ) ;
#5523 = ORIENTED_EDGE ( 'NONE', *, *, #6551, .F. ) ;
#5524 = EDGE_CURVE ( 'NONE', #5612, #5854, #1683, .T. ) ;
#5525 = VECTOR ( 'NONE', #4088, 1000.000000000000000 ) ;
#5526 = CARTESIAN_POINT ( 'NONE',  ( 10.96582240520832485, 25.07236010050012709, 1.500000000000156097 ) ) ;
#5527 = DIRECTION ( 'NONE',  ( 0.000000000000000000, 0.000000000000000000, -1.000000000000000000 ) ) ;
#5528 = CARTESIAN_POINT ( 'NONE',  ( 0.000000000000000000, 27.40006096009999936, 6.000000000000000000 ) ) ;
#5529 = CARTESIAN_POINT ( 'NONE',  ( 5.405066081505516706, 25.34791616646565515, 1.500000000000000222 ) ) ;
#5530 = ORIENTED_EDGE ( 'NONE', *, *, #6622, .F. ) ;
#5531 = CARTESIAN_POINT ( 'NONE',  ( 18.99370819757962892, 23.68645885019149588, 3.118326918401411074 ) ) ;
#5532 = ORIENTED_EDGE ( 'NONE', *, *, #5052, .F. ) ;
#5533 = EDGE_CURVE ( 'NONE', #775, #6493, #3323, .T. ) ;
#5534 = LINE ( 'NONE', #3038, #1738 ) ;
#5535 = DIRECTION ( 'NONE',  ( -1.000000000000000000, 0.000000000000000000, 0.000000000000000000 ) ) ;
#5536 = CARTESIAN_POINT ( 'NONE',  ( 7.866660329088750458, 28.17152217661841362, 3.500000000000000000 ) ) ;
#5537 = AXIS2_PLACEMENT_3D ( 'NONE', #5466, #4485, #5023 ) ;
#5538 = EDGE_CURVE ( 'NONE', #2954, #5963, #3714, .T. ) ;
#5539 = CARTESIAN_POINT ( 'NONE',  ( -2.036863474643424876, 28.83762986758689451, 1.500000000000077938 ) ) ;
#5540 = EDGE_CURVE ( 'NONE', #5337, #6404, #2640, .T. ) ;
#5541 = CARTESIAN_POINT ( 'NONE',  ( -22.27465836929999909, 26.90006096009999936, 6.000000000000000000 ) ) ;
#5542 = CARTESIAN_POINT ( 'NONE',  ( -1.482712725416441613, -22.23771907541695469, 2.500000000000000000 ) ) ;
#5543 = ORIENTED_EDGE ( 'NONE', *, *, #865, .T. ) ;
#5544 = DIRECTION ( 'NONE',  ( -0.000000000000000000, -0.000000000000000000, 1.000000000000000000 ) ) ;
#5545 = FACE_OUTER_BOUND ( 'NONE', #206, .T. ) ;
#5546 = LINE ( 'NONE', #2922, #2354 ) ;
#5547 = DIRECTION ( 'NONE',  ( 1.000000000000000000, 0.000000000000000000, 0.000000000000000000 ) ) ;
#5548 = CARTESIAN_POINT ( 'NONE',  ( -4.465728473447176050, 35.27089408180000163, 2.700000073095999209 ) ) ;
#5549 = ORIENTED_EDGE ( 'NONE', *, *, #2067, .T. ) ;
#5550 = VECTOR ( 'NONE', #2616, 1000.000000000000000 ) ;
#5551 = EDGE_LOOP ( 'NONE', ( #1736, #6588, #4936, #1378, #2446, #3154 ) ) ;
#5552 = VERTEX_POINT ( 'NONE', #1818 ) ;
#5553 = VERTEX_POINT ( 'NONE', #131 ) ;
#5554 = CARTESIAN_POINT ( 'NONE',  ( 13.21966983318281663, -35.27084328170000305, 8.636157047397997388 ) ) ;
#5555 = CARTESIAN_POINT ( 'NONE',  ( -1.482712725416441613, -22.23771907541695469, 1.500000000000000000 ) ) ;
#5556 = CARTESIAN_POINT ( 'NONE',  ( 1.956543053095936235, 27.03837947678106701, 0.5000000000000000000 ) ) ;
#5557 = EDGE_CURVE ( 'NONE', #1190, #6566, #2812, .T. ) ;
#5558 = DIRECTION ( 'NONE',  ( -0.000000000000000000, -0.000000000000000000, 1.000000000000000000 ) ) ;
#5559 = CARTESIAN_POINT ( 'NONE',  ( -20.00000000000000000, -36.80000000000000426, 13.33000000000000007 ) ) ;
#5560 = ORIENTED_EDGE ( 'NONE', *, *, #5574, .T. ) ;
#5561 = CARTESIAN_POINT ( 'NONE',  ( 14.44749555499999971, 34.77089408179999452, 6.000000000000000000 ) ) ;
#5562 = PLANE ( 'NONE',  #561 ) ;
#5563 = AXIS2_PLACEMENT_3D ( 'NONE', #5360, #3287, #1644 ) ;
#5564 = CIRCLE ( 'NONE', #3159, 0.9499999999999995115 ) ;
#5565 = ADVANCED_FACE ( 'NONE', ( #6054 ), #2413, .F. ) ;
#5566 = DIRECTION ( 'NONE',  ( -0.000000000000000000, -0.000000000000000000, 1.000000000000000000 ) ) ;
#5567 = CARTESIAN_POINT ( 'NONE',  ( -12.24571755142490836, 27.03837947678106701, 4.500000000000000888 ) ) ;
#5568 = CARTESIAN_POINT ( 'NONE',  ( -22.27465836929999909, 26.90006096009999936, 6.000000000000000000 ) ) ;
#5569 = ORIENTED_EDGE ( 'NONE', *, *, #1189, .F. ) ;
#5570 = FACE_OUTER_BOUND ( 'NONE', #2685, .T. ) ;
#5571 = ADVANCED_FACE ( 'NONE', ( #1017 ), #1744, .T. ) ;
#5572 = CARTESIAN_POINT ( 'NONE',  ( -14.94749555500000149, -34.77084328169999594, 6.000000000000000000 ) ) ;
#5573 = DIRECTION ( 'NONE',  ( 0.000000000000000000, 1.000000000000000000, 0.000000000000000000 ) ) ;
#5574 = EDGE_CURVE ( 'NONE', #3710, #6504, #696, .T. ) ;
#5575 = DIRECTION ( 'NONE',  ( -0.000000000000000000, -0.000000000000000000, -1.000000000000000000 ) ) ;
#5576 = VERTEX_POINT ( 'NONE', #5555 ) ;
#5577 = CARTESIAN_POINT ( 'NONE',  ( -0.6695935991770621820, 27.39835362707134436, 1.500000000000000000 ) ) ;
#5578 = LINE ( 'NONE', #6474, #4473 ) ;
#5579 = AXIS2_PLACEMENT_3D ( 'NONE', #5561, #1421, #1905 ) ;
#5580 = ADVANCED_FACE ( 'NONE', ( #2961 ), #2440, .F. ) ;
#5581 = CYLINDRICAL_SURFACE ( 'NONE', #4567, 1.249999999999999334 ) ;
#5582 = VECTOR ( 'NONE', #1246, 1000.000000000000000 ) ;
#5583 = VERTEX_POINT ( 'NONE', #4994 ) ;
#5584 = LINE ( 'NONE', #1380, #3676 ) ;
#5585 = CARTESIAN_POINT ( 'NONE',  ( 1.407292662289866270, 25.65564935224755416, 1.500000000000000222 ) ) ;
#5586 = CARTESIAN_POINT ( 'NONE',  ( 11.21540982990294744, 25.23912908597461424, 1.499999999999921840 ) ) ;
#5587 = CARTESIAN_POINT ( 'NONE',  ( -12.18715607144475577, 26.44944673097611343, 3.500000000000000000 ) ) ;
#5588 = AXIS2_PLACEMENT_3D ( 'NONE', #1204, #3329, #976 ) ;
#5589 = CARTESIAN_POINT ( 'NONE',  ( -14.94749555500001215, -5.323477688200406227E-15, 6.000000000000000000 ) ) ;
#5590 = CARTESIAN_POINT ( 'NONE',  ( -14.81000000000000760, 21.00000000000000000, 2.500000000000000000 ) ) ;
#5591 = ORIENTED_EDGE ( 'NONE', *, *, #3307, .T. ) ;
#5592 = CARTESIAN_POINT ( 'NONE',  ( 18.71863864664125288, 23.67963109659307364, 3.500000000000000000 ) ) ;
#5593 = ORIENTED_EDGE ( 'NONE', *, *, #993, .T. ) ;
#5594 = CARTESIAN_POINT ( 'NONE',  ( -5.385612975457939378, 25.90523677694295301, 3.500000000000000000 ) ) ;
#5595 = DIRECTION ( 'NONE',  ( 0.000000000000000000, 1.000000000000000000, 0.000000000000000000 ) ) ;
#5596 = CARTESIAN_POINT ( 'NONE',  ( 18.71863864664120314, -4.499999999999999112, 3.499999999999999556 ) ) ;
#5597 = LINE ( 'NONE', #4624, #4929 ) ;
#5598 = CARTESIAN_POINT ( 'NONE',  ( 15.74749555500000042, 30.40006096009999936, 3.499999999999999556 ) ) ;
#5599 = CARTESIAN_POINT ( 'NONE',  ( -17.94749555500000326, -30.40006096009999936, 6.000000000000000000 ) ) ;
#5600 = VECTOR ( 'NONE', #3256, 1000.000000000000000 ) ;
#5601 = CARTESIAN_POINT ( 'NONE',  ( -14.44749555499999971, -34.77084328169999594, 1.499999999999999556 ) ) ;
#5602 = CC_DESIGN_SECURITY_CLASSIFICATION ( #6819, ( #671 ) ) ;
#5603 = EDGE_CURVE ( 'NONE', #2663, #6547, #2796, .T. ) ;
#5604 = DIRECTION ( 'NONE',  ( 0.000000000000000000, 0.000000000000000000, -1.000000000000000000 ) ) ;
#5605 = CARTESIAN_POINT ( 'NONE',  ( -14.94749555500000326, 30.40006096009999936, 2.700000073095999209 ) ) ;
#5606 = DIRECTION ( 'NONE',  ( -1.000000000000000000, -0.000000000000000000, -0.000000000000000000 ) ) ;
#5607 = CARTESIAN_POINT ( 'NONE',  ( -11.37844767595824358, 28.83762986758720004, 3.500000000000000000 ) ) ;
#5608 = CARTESIAN_POINT ( 'NONE',  ( -2.169593599177063847, 27.03837947678106701, 0.5000000000000000000 ) ) ;
#5609 = CARTESIAN_POINT ( 'NONE',  ( 11.21763189406057215, 24.63546690577061327, 1.500000000000000000 ) ) ;
#5610 = CARTESIAN_POINT ( 'NONE',  ( -9.636465079497520847, 29.78845086472545489, 1.499999999999999778 ) ) ;
#5611 = DIRECTION ( 'NONE',  ( -1.000000000000000000, 0.000000000000000000, -0.000000000000000000 ) ) ;
#5612 = VERTEX_POINT ( 'NONE', #6006 ) ;
#5613 = ORIENTED_EDGE ( 'NONE', *, *, #1026, .F. ) ;
#5614 = VECTOR ( 'NONE', #3831, 1000.000000000000000 ) ;
#5615 = CIRCLE ( 'NONE', #3331, 0.5000000000000004441 ) ;
#5616 = EDGE_CURVE ( 'NONE', #3262, #4066, #5959, .T. ) ;
#5617 = CARTESIAN_POINT ( 'NONE',  ( -11.37844767136846791, 28.83762987217697571, 3.500000000000000444 ) ) ;
#5618 = CARTESIAN_POINT ( 'NONE',  ( -1.228155079157317253, 26.44944673097608145, 1.500000000000000000 ) ) ;
#5619 = CARTESIAN_POINT ( 'NONE',  ( 8.447727516679499615, 29.44129204779159181, 1.500000000000000000 ) ) ;
#5620 = CARTESIAN_POINT ( 'NONE',  ( 14.16966983318281592, -35.27084328170000305, 8.636157047397997388 ) ) ;
#5621 = ORIENTED_EDGE ( 'NONE', *, *, #4811, .T. ) ;
#5622 = EDGE_CURVE ( 'NONE', #6180, #6165, #1263, .T. ) ;
#5623 = ORIENTED_EDGE ( 'NONE', *, *, #96, .F. ) ;
#5624 = LINE ( 'NONE', #2005, #5205 ) ;
#5625 = DIRECTION ( 'NONE',  ( 0.000000000000000000, 0.000000000000000000, 1.000000000000000000 ) ) ;
#5626 = LINE ( 'NONE', #5200, #594 ) ;
#5627 = PLANE ( 'NONE',  #2008 ) ;
#5628 = CARTESIAN_POINT ( 'NONE',  ( -8.029698175143719752, 25.90523677694371329, 3.500000000000000000 ) ) ;
#5629 = VERTEX_POINT ( 'NONE', #1975 ) ;
#5630 = CARTESIAN_POINT ( 'NONE',  ( 0.4565430530959354027, 27.03837947678106701, 1.500000000000000000 ) ) ;
#5631 = CARTESIAN_POINT ( 'NONE',  ( 12.03130369159895352, 28.72894374487445646, 1.499999999999999778 ) ) ;
#5632 = VECTOR ( 'NONE', #6711, 1000.000000000000000 ) ;
#5633 = EDGE_LOOP ( 'NONE', ( #2295, #1424, #2360, #5270 ) ) ;
#5634 = CARTESIAN_POINT ( 'NONE',  ( 5.456543053095935569, 26.74385517199781859, 3.500000000000000000 ) ) ;
#5635 = CARTESIAN_POINT ( 'NONE',  ( -13.34272399793517572, 36.80100000000001614, 7.586156972313995439 ) ) ;
#5636 = AXIS2_PLACEMENT_3D ( 'NONE', #6420, #2797, #3786 ) ;
#5637 = DIRECTION ( 'NONE',  ( -1.000000000000000000, 0.000000000000000000, 0.000000000000000000 ) ) ;
#5638 = CARTESIAN_POINT ( 'NONE',  ( -15.91000000000001080, 31.18628651258499573, 0.5000000000000000000 ) ) ;
#5639 = AXIS2_PLACEMENT_3D ( 'NONE', #6310, #3093, #4183 ) ;
#5640 = AXIS2_PLACEMENT_3D ( 'NONE', #4148, #6106, #6209 ) ;
#5641 = DIRECTION ( 'NONE',  ( 1.000000000000000000, 0.000000000000000000, -0.000000000000000000 ) ) ;
#5642 = CARTESIAN_POINT ( 'NONE',  ( -14.44749555499999971, 35.27089408180000163, 13.33000000000000007 ) ) ;
#5643 = CARTESIAN_POINT ( 'NONE',  ( -9.909999999999996589, -10.49999999999999822, 13.50000000000000000 ) ) ;
#5644 = ORIENTED_EDGE ( 'NONE', *, *, #1002, .T. ) ;
#5645 = DIRECTION ( 'NONE',  ( -0.000000000000000000, -0.000000000000000000, 1.000000000000000000 ) ) ;
#5646 = VERTEX_POINT ( 'NONE', #3597 ) ;
#5647 = DIRECTION ( 'NONE',  ( -2.602735897939695799E-16, -0.000000000000000000, 1.000000000000000000 ) ) ;
#5648 = EDGE_LOOP ( 'NONE', ( #2488, #1894 ) ) ;
#5649 = CARTESIAN_POINT ( 'NONE',  ( -8.196467160618771786, 25.65564935224804444, 1.500000000000000000 ) ) ;
#5650 = AXIS2_PLACEMENT_3D ( 'NONE', #1732, #4388, #1352 ) ;
#5651 = DIRECTION ( 'NONE',  ( -1.000000000000000000, 0.000000000000000000, 0.000000000000000000 ) ) ;
#5652 = CARTESIAN_POINT ( 'NONE',  ( -14.94749555500001215, -5.323477688200406227E-15, 1.500000000000000000 ) ) ;
#5653 = CARTESIAN_POINT ( 'NONE',  ( -15.90999999999999304, -13.49999999999999822, 5.611269837220810075 ) ) ;
#5654 = CYLINDRICAL_SURFACE ( 'NONE', #1137, 2.200000000000000622 ) ;
#5655 = CARTESIAN_POINT ( 'NONE',  ( -3.714117903960224343, 29.28837947678106701, 1.500000000000000888 ) ) ;
#5656 = DIRECTION ( 'NONE',  ( -1.000000000000000000, 0.000000000000000000, 0.000000000000000000 ) ) ;
#5657 = EDGE_CURVE ( 'NONE', #6366, #4871, #4251, .T. ) ;
#5658 = CARTESIAN_POINT ( 'NONE',  ( -19.99999999999999645, -36.30000000000000426, 0.000000000000000000 ) ) ;
#5659 = CARTESIAN_POINT ( 'NONE',  ( -3.266426677304410831, 30.12304094282281497, 1.548747427908857333 ) ) ;
#5660 = CARTESIAN_POINT ( 'NONE',  ( -2.947495555000002376, 30.40006096009999936, 2.000000000000000000 ) ) ;
#5661 = CARTESIAN_POINT ( 'NONE',  ( 15.90999999999999659, -10.50000000000000711, 5.500000000000000000 ) ) ;
#5662 = CALENDAR_DATE ( 2024, 22, 5 ) ;
#5663 = DIRECTION ( 'NONE',  ( 1.000000000000000000, 0.000000000000000000, 0.000000000000000000 ) ) ;
#5664 = CARTESIAN_POINT ( 'NONE',  ( -18.69005080008499675, 31.18628651258499573, 0.5000000000000000000 ) ) ;
#5665 = CARTESIAN_POINT ( 'NONE',  ( -17.94749555500000326, -30.40006096009999936, 0.5000000000000004441 ) ) ;
#5666 = CARTESIAN_POINT ( 'NONE',  ( 7.582679705369938183, 27.03837947678105991, 3.500000000000000000 ) ) ;
#5667 = EDGE_CURVE ( 'NONE', #527, #2279, #5626, .T. ) ;
#5668 = CARTESIAN_POINT ( 'NONE',  ( -22.48465836929999995, -31.18623571250002868, 0.5000000000000000000 ) ) ;
#5669 = CIRCLE ( 'NONE', #3048, 1.600000000000000755 ) ;
#5670 = ADVANCED_FACE ( 'NONE', ( #920 ), #2042, .F. ) ;
#5671 = CARTESIAN_POINT ( 'NONE',  ( 22.27463296929998293, -27.40006096009999936, 1.500000000000000000 ) ) ;
#5672 = CARTESIAN_POINT ( 'NONE',  ( -22.77465836930000265, 0.000000000000000000, 6.000000000000000000 ) ) ;
#5673 = CARTESIAN_POINT ( 'NONE',  ( 0.4565430530959354027, 27.03837947678106701, 1.500000000000000000 ) ) ;
#5674 = CARTESIAN_POINT ( 'NONE',  ( -22.48465836929999995, 31.18628651260003792, 0.5000000000000000000 ) ) ;
#5675 = CARTESIAN_POINT ( 'NONE',  ( 12.58267970536993197, 27.03837947678105280, 1.500000000000000000 ) ) ;
#5676 = FACE_BOUND ( 'NONE', #5425, .T. ) ;
#5677 = DIRECTION ( 'NONE',  ( 0.000000000000000000, 0.000000000000000000, -1.000000000000000000 ) ) ;
#5678 = CARTESIAN_POINT ( 'NONE',  ( -22.27465836929999909, 26.90006096009999936, 1.499999999999999556 ) ) ;
#5679 = ORIENTED_EDGE ( 'NONE', *, *, #17, .T. ) ;
#5680 = DIRECTION ( 'NONE',  ( 1.000000000000000000, 0.000000000000000000, 0.000000000000000000 ) ) ;
#5681 = EDGE_LOOP ( 'NONE', ( #4474, #6582, #6156, #3188, #2815, #5865, #3476, #138 ) ) ;
#5682 = VECTOR ( 'NONE', #833, 1000.000000000000000 ) ;
#5683 = DIRECTION ( 'NONE',  ( 0.000000000000000000, 0.000000000000000000, 1.000000000000000000 ) ) ;
#5684 = ORIENTED_EDGE ( 'NONE', *, *, #2808, .T. ) ;
#5685 = DIRECTION ( 'NONE',  ( 0.000000000000000000, 0.000000000000000000, -1.000000000000000000 ) ) ;
#5686 = VERTEX_POINT ( 'NONE', #5237 ) ;
#5687 = CARTESIAN_POINT ( 'NONE',  ( -3.059619448886330417, 24.28837947678106346, 1.500000000000000000 ) ) ;
#5688 = ORIENTED_EDGE ( 'NONE', *, *, #5382, .T. ) ;
#5689 = DIRECTION ( 'NONE',  ( 1.000000000000000000, 0.000000000000000000, 0.000000000000000000 ) ) ;
#5690 = EDGE_CURVE ( 'NONE', #2611, #3485, #1901, .T. ) ;
#5691 = EDGE_LOOP ( 'NONE', ( #2505, #3049, #5983, #900 ) ) ;
#5692 = CARTESIAN_POINT ( 'NONE',  ( -5.216723393457485258, -22.23771907541695469, 2.500000000000000000 ) ) ;
#5693 = CARTESIAN_POINT ( 'NONE',  ( 11.52324397348073681, 24.83975549056482990, 1.499999999999999778 ) ) ;
#5694 = CARTESIAN_POINT ( 'NONE',  ( 18.69002413007999763, -31.18623444247999643, 13.33000000000000007 ) ) ;
#5695 = CARTESIAN_POINT ( 'NONE',  ( -3.763671924485290088, 30.40006096009999581, 1.913658939885628074 ) ) ;
#5696 = ORIENTED_EDGE ( 'NONE', *, *, #5657, .T. ) ;
#5697 = ORIENTED_EDGE ( 'NONE', *, *, #431, .F. ) ;
#5698 = EDGE_CURVE ( 'NONE', #2639, #2477, #1885, .T. ) ;
#5699 = VECTOR ( 'NONE', #3639, 1000.000000000000000 ) ;
#5700 = DIRECTION ( 'NONE',  ( -0.000000000000000000, -0.000000000000000000, -1.000000000000000000 ) ) ;
#5701 = DIRECTION ( 'NONE',  ( -0.000000000000000000, -0.000000000000000000, -1.000000000000000000 ) ) ;
#5702 = CARTESIAN_POINT ( 'NONE',  ( 2.486042300914813374, 29.71659411408701956, 1.499999999999999778 ) ) ;
#5703 = EDGE_LOOP ( 'NONE', ( #3963, #1289, #1775, #66 ) ) ;
#5704 = ORIENTED_EDGE ( 'NONE', *, *, #2610, .F. ) ;
#5705 = CARTESIAN_POINT ( 'NONE',  ( 14.81000000000000050, -13.50000000000000178, 5.611269837220810075 ) ) ;
#5706 = EDGE_CURVE ( 'NONE', #4325, #5300, #6069, .T. ) ;
#5707 = DIRECTION ( 'NONE',  ( 0.000000000000000000, 0.000000000000000000, -1.000000000000000000 ) ) ;
#5708 = CARTESIAN_POINT ( 'NONE',  ( 20.14749555500000255, -30.40006096009999936, 12.22253967444162015 ) ) ;
#5709 = ORIENTED_EDGE ( 'NONE', *, *, #3583, .T. ) ;
#5710 = DIRECTION ( 'NONE',  ( -1.000000000000000000, 0.000000000000000000, 0.000000000000000000 ) ) ;
#5711 = CARTESIAN_POINT ( 'NONE',  ( 0.000000000000000000, -27.40006096009999936, 6.000000000000000000 ) ) ;
#5712 = CARTESIAN_POINT ( 'NONE',  ( -17.94749555500000326, 30.40006096009999936, 3.499999999999999556 ) ) ;
#5713 = CARTESIAN_POINT ( 'NONE',  ( 3.851297942645397487, -22.23771907541695469, 1.500000000000000000 ) ) ;
#5714 = CARTESIAN_POINT ( 'NONE',  ( -17.94749555500000326, 30.40006096009999936, 13.33102500000000035 ) ) ;
#5715 = CARTESIAN_POINT ( 'NONE',  ( 2.617610307291010852, 29.22981799680092863, 3.500000000000000000 ) ) ;
#5716 = CARTESIAN_POINT ( 'NONE',  ( 10.96582240520799623, 25.07236010050016972, 3.500000000000000000 ) ) ;
#5717 = CARTESIAN_POINT ( 'NONE',  ( 0.1172872745844287523, -27.57172974345886729, 0.5000000000000000000 ) ) ;
#5718 = VERTEX_POINT ( 'NONE', #4224 ) ;
#5719 = ORIENTED_EDGE ( 'NONE', *, *, #3194, .T. ) ;
#5720 = EDGE_CURVE ( 'NONE', #4553, #5069, #6411, .T. ) ;
#5721 = PLANE ( 'NONE',  #3137 ) ;
#5722 = CIRCLE ( 'NONE', #343, 2.999999999999999112 ) ;
#5723 = ORIENTED_EDGE ( 'NONE', *, *, #3605, .T. ) ;
#5724 = VERTEX_POINT ( 'NONE', #5861 ) ;
#5725 = CIRCLE ( 'NONE', #6375, 1.599999999980956877 ) ;
#5726 = CARTESIAN_POINT ( 'NONE',  ( -5.385612975457847895, 25.90523677694298854, 1.500000000000000000 ) ) ;
#5727 = CARTESIAN_POINT ( 'NONE',  ( -8.305714065884171049, 24.83929566579547554, 1.500000000000000000 ) ) ;
#5728 = CIRCLE ( 'NONE', #2772, 1.249999999999999334 ) ;
#5729 = ORIENTED_EDGE ( 'NONE', *, *, #6795, .T. ) ;
#5730 = VERTEX_POINT ( 'NONE', #3299 ) ;
#5731 = VECTOR ( 'NONE', #1126, 1000.000000000000000 ) ;
#5732 = CC_DESIGN_DATE_AND_TIME_ASSIGNMENT ( #580, #6346, ( #5895 ) ) ;
#5733 = CARTESIAN_POINT ( 'NONE',  ( -2.947495555000003264, 29.90006096009999936, 1.500000000000000000 ) ) ;
#5734 = ORIENTED_EDGE ( 'NONE', *, *, #2291, .T. ) ;
#5735 = EDGE_LOOP ( 'NONE', ( #3967, #4681, #3023, #6082 ) ) ;
#5736 = CARTESIAN_POINT ( 'NONE',  ( 20.14749555500000255, 30.40006096009999936, 3.499999999999999556 ) ) ;
#5737 = CARTESIAN_POINT ( 'NONE',  ( -18.69005080008999897, -31.18623571248999227, 0.000000000000000000 ) ) ;
#5738 = ORIENTED_EDGE ( 'NONE', *, *, #1574, .T. ) ;
#5739 = DIRECTION ( 'NONE',  ( -1.000000000000000000, 1.856308247812543884E-16, -0.000000000000000000 ) ) ;
#5740 = DIRECTION ( 'NONE',  ( -1.000000000000000000, 0.000000000000000000, 0.000000000000000000 ) ) ;
#5741 = EDGE_CURVE ( 'NONE', #3999, #5279, #128, .T. ) ;
#5742 = ORIENTED_EDGE ( 'NONE', *, *, #278, .T. ) ;
#5743 = PLANE ( 'NONE',  #3191 ) ;
#5744 = FACE_BOUND ( 'NONE', #2136, .T. ) ;
#5745 = CARTESIAN_POINT ( 'NONE',  ( -12.24571755142490836, 27.03837947678106701, 3.500000000000000000 ) ) ;
#5746 = VECTOR ( 'NONE', #3880, 1000.000000000000000 ) ;
#5747 = CARTESIAN_POINT ( 'NONE',  ( -8.305153283308467138, 24.83975549057047516, 1.499999999999999778 ) ) ;
#5748 = CARTESIAN_POINT ( 'NONE',  ( -4.465728473447176050, -36.80100000000000904, 6.100000073095998232 ) ) ;
#5749 = EDGE_CURVE ( 'NONE', #5781, #3471, #1145, .T. ) ;
#5750 = ORIENTED_EDGE ( 'NONE', *, *, #3583, .F. ) ;
#5751 = ORIENTED_EDGE ( 'NONE', *, *, #4083, .F. ) ;
#5752 = VECTOR ( 'NONE', #4790, 1000.000000000000000 ) ;
#5753 = FACE_OUTER_BOUND ( 'NONE', #3018, .T. ) ;
#5754 = CIRCLE ( 'NONE', #378, 1.599999999980955767 ) ;
#5755 = DIRECTION ( 'NONE',  ( 1.000000000000000000, -0.000000000000000000, 0.000000000000000000 ) ) ;
#5756 = ADVANCED_FACE ( 'NONE', ( #3224 ), #6793, .F. ) ;
#5757 = CARTESIAN_POINT ( 'NONE',  ( 0.5281181952939202340, 26.31857278746371165, 1.500000000000000000 ) ) ;
#5758 = ADVANCED_FACE ( 'NONE', ( #5999 ), #4010, .F. ) ;
#5759 = FACE_OUTER_BOUND ( 'NONE', #2357, .T. ) ;
#5760 = EDGE_LOOP ( 'NONE', ( #2697, #215, #6810, #1729, #318, #1139, #4506, #1418 ) ) ;
#5761 = APPROVAL_STATUS ( 'not_yet_approved' ) ;
#5762 = LINE ( 'NONE', #2642, #2341 ) ;
#5763 = CARTESIAN_POINT ( 'NONE',  ( 17.94749555500000326, -30.40006096009999936, 13.33102500000000035 ) ) ;
#5764 = AXIS2_PLACEMENT_3D ( 'NONE', #6673, #1920, #6096 ) ;
#5765 = ORIENTED_EDGE ( 'NONE', *, *, #1026, .T. ) ;
#5766 = VERTEX_POINT ( 'NONE', #6517 ) ;
#5767 = CARTESIAN_POINT ( 'NONE',  ( 5.456543053095936457, 27.03837947678105991, 1.500000000000000000 ) ) ;
#5768 = VECTOR ( 'NONE', #6811, 1000.000000000000000 ) ;
#5769 = DIRECTION ( 'NONE',  ( -1.000000000000000000, 0.000000000000000000, 0.000000000000000000 ) ) ;
#5770 = ORIENTED_EDGE ( 'NONE', *, *, #6576, .T. ) ;
#5771 = EDGE_CURVE ( 'NONE', #4221, #6353, #5546, .T. ) ;
#5772 = VECTOR ( 'NONE', #2917, 1000.000000000000000 ) ;
#5773 = CARTESIAN_POINT ( 'NONE',  ( 7.082679705369937295, 27.03837947678105991, 1.500000000000000000 ) ) ;
#5774 = ORIENTED_EDGE ( 'NONE', *, *, #4643, .T. ) ;
#5775 = CARTESIAN_POINT ( 'NONE',  ( -11.96173692522198273, 25.90523677094654431, 3.500000000000000444 ) ) ;
#5776 = CARTESIAN_POINT ( 'NONE',  ( 10.42161245117478252, 24.84694095676117342, 3.500000000000000000 ) ) ;
#5777 = CARTESIAN_POINT ( 'NONE',  ( 20.35023243309409580, 23.97482519760464470, 1.675478664119713246 ) ) ;
#5778 = ORIENTED_EDGE ( 'NONE', *, *, #4558, .T. ) ;
#5779 = CIRCLE ( 'NONE', #4385, 1.250000000000001110 ) ;
#5780 = CARTESIAN_POINT ( 'NONE',  ( 2.846568902805199475, 24.28837947678106346, 1.500000000000000000 ) ) ;
#5781 = VERTEX_POINT ( 'NONE', #183 ) ;
#5782 = EDGE_CURVE ( 'NONE', #5314, #2392, #5335, .T. ) ;
#5783 = CARTESIAN_POINT ( 'NONE',  ( -11.96173692770591934, 28.17152217661834257, 1.499999999999921840 ) ) ;
#5784 = FACE_BOUND ( 'NONE', #4320, .T. ) ;
#5785 = CARTESIAN_POINT ( 'NONE',  ( -10.58465029722979800, 24.84694095676119119, 3.500000000000000000 ) ) ;
#5786 = CARTESIAN_POINT ( 'NONE',  ( 20.00000000000000000, 36.79999999999999005, 13.32999999999999297 ) ) ;
#5787 = CARTESIAN_POINT ( 'NONE',  ( 3.501067357879104502, 29.28837947678106701, 1.500000000000000888 ) ) ;
#5788 = VERTEX_POINT ( 'NONE', #6476 ) ;
#5789 = ORIENTED_EDGE ( 'NONE', *, *, #3604, .F. ) ;
#5790 = DIRECTION ( 'NONE',  ( -0.000000000000000000, -0.000000000000000000, -1.000000000000000000 ) ) ;
#5791 = EDGE_CURVE ( 'NONE', #990, #1768, #3477, .T. ) ;
#5792 = EDGE_CURVE ( 'NONE', #816, #5947, #3974, .T. ) ;
#5793 = CARTESIAN_POINT ( 'NONE',  ( 8.142676219829356299, 24.83929566579594450, 1.500000000000000000 ) ) ;
#5794 = EDGE_LOOP ( 'NONE', ( #4998, #274, #51, #2307 ) ) ;
#5795 = EDGE_LOOP ( 'NONE', ( #540, #3425, #3832, #3266 ) ) ;
#5796 = LINE ( 'NONE', #549, #2687 ) ;
#5797 = EDGE_CURVE ( 'NONE', #6822, #4412, #446, .T. ) ;
#5798 = DIRECTION ( 'NONE',  ( 1.000000000000000000, 0.000000000000000000, 0.000000000000000000 ) ) ;
#5799 = AXIS2_PLACEMENT_3D ( 'NONE', #4381, #3863, #1214 ) ;
#5800 = DIRECTION ( 'NONE',  ( -1.000000000000000000, 0.000000000000000000, 0.000000000000000000 ) ) ;
#5801 = ORIENTED_EDGE ( 'NONE', *, *, #4694, .F. ) ;
#5802 = DIRECTION ( 'NONE',  ( 0.000000000000000000, 0.000000000000000000, 1.000000000000000000 ) ) ;
#5803 = CARTESIAN_POINT ( 'NONE',  ( 14.81000000000000050, -13.50000000000000178, 0.5000000000000000000 ) ) ;
#5804 = VECTOR ( 'NONE', #4947, 1000.000000000000000 ) ;
#5805 = CARTESIAN_POINT ( 'NONE',  ( 14.16966983318281770, -35.27084328170000305, 9.896157071313998799 ) ) ;
#5806 = CARTESIAN_POINT ( 'NONE',  ( 9.538155400586823873, 24.78837947678106701, 3.500000000000000000 ) ) ;
#5807 = CYLINDRICAL_SURFACE ( 'NONE', #6280, 9.999999999999998224 ) ;
#5808 = CARTESIAN_POINT ( 'NONE',  ( -5.218843989983359855, 28.42110960131423880, 3.500000000000000000 ) ) ;
#5809 = CARTESIAN_POINT ( 'NONE',  ( -12.74571755142490836, 26.67840532649016083, 1.500000000000000000 ) ) ;
#5810 = CARTESIAN_POINT ( 'NONE',  ( 20.00000000000000000, 36.79999999999999005, 0.000000000000000000 ) ) ;
#5811 = VECTOR ( 'NONE', #4390, 1000.000000000000000 ) ;
#5812 = EDGE_CURVE ( 'NONE', #5374, #1700, #4704, .T. ) ;
#5813 = ORIENTED_EDGE ( 'NONE', *, *, #5135, .T. ) ;
#5814 = CARTESIAN_POINT ( 'NONE',  ( 13.32431064739982496, 36.29999999999999005, 1.649999999999998579 ) ) ;
#5815 = CARTESIAN_POINT ( 'NONE',  ( -5.669593599177066068, 26.74385517199782214, 1.499999999999921840 ) ) ;
#5816 = CARTESIAN_POINT ( 'NONE',  ( -11.68572103696533837, 29.23746328776665138, 1.500000000000000000 ) ) ;
#5817 = CARTESIAN_POINT ( 'NONE',  ( 7.582679705369938183, 27.03837947678105991, 1.500000000000000000 ) ) ;
#5818 = CARTESIAN_POINT ( 'NONE',  ( 12.51076243495463913, 26.31793336257357652, 1.500000000000000000 ) ) ;
#5819 = ORIENTED_EDGE ( 'NONE', *, *, #4197, .F. ) ;
#5820 = ADVANCED_FACE ( 'NONE', ( #1514 ), #3057, .F. ) ;
#5821 = CARTESIAN_POINT ( 'NONE',  ( -22.27465836929999909, 27.40006096009999936, 6.000000000000000000 ) ) ;
#5822 = CARTESIAN_POINT ( 'NONE',  ( -20.28638228828378232, 23.94568150973581311, 1.731712026467807419 ) ) ;
#5823 = ORIENTED_EDGE ( 'NONE', *, *, #1455, .T. ) ;
#5824 = CARTESIAN_POINT ( 'NONE',  ( 0.000000000000000000, 0.000000000000000000, 5.500000000000000000 ) ) ;
#5825 = LINE ( 'NONE', #4160, #4106 ) ;
#5826 = DIRECTION ( 'NONE',  ( 1.000000000000000000, 0.000000000000000000, 0.000000000000000000 ) ) ;
#5827 = EDGE_CURVE ( 'NONE', #4871, #5724, #3588, .T. ) ;
#5828 = ADVANCED_FACE ( 'NONE', ( #4286, #3743 ), #3776, .T. ) ;
#5829 = CARTESIAN_POINT ( 'NONE',  ( -3.779567749467575233, 29.78837947678107057, 1.500000000000000000 ) ) ;
#5830 = VERTEX_POINT ( 'NONE', #5295 ) ;
#5831 = CARTESIAN_POINT ( 'NONE',  ( 24.30000000000000071, -32.80000000000001137, 1.500000000000000000 ) ) ;
#5832 = AXIS2_PLACEMENT_3D ( 'NONE', #642, #3877, #3344 ) ;
#5833 = CARTESIAN_POINT ( 'NONE',  ( 1.240523679298856319, 25.90523677094654076, 3.500000000000000888 ) ) ;
#5834 = CARTESIAN_POINT ( 'NONE',  ( -8.862574845590380335, 25.07236010298398554, 3.500000000000000000 ) ) ;
#5835 = CARTESIAN_POINT ( 'NONE',  ( 12.09286333833201610, -6.682863338332032832, 3.500000000000001332 ) ) ;
#5836 = CARTESIAN_POINT ( 'NONE',  ( -15.90999999999999304, -13.49999999999999822, 2.500000000000000000 ) ) ;
#5837 = LINE ( 'NONE', #154, #6616 ) ;
#5838 = VERTEX_POINT ( 'NONE', #3217 ) ;
#5839 = ORIENTED_EDGE ( 'NONE', *, *, #6589, .F. ) ;
#5840 = DIRECTION ( 'NONE',  ( 1.000000000000000000, -1.856308247812544131E-16, 0.000000000000000000 ) ) ;
#5841 = ORIENTED_EDGE ( 'NONE', *, *, #4009, .T. ) ;
#5842 = CARTESIAN_POINT ( 'NONE',  ( 6.239546215547082220, 23.67963109659307364, 3.500000000000000000 ) ) ;
#5843 = LINE ( 'NONE', #623, #5731 ) ;
#5844 = CARTESIAN_POINT ( 'NONE',  ( 10.42161245117492463, 29.22981799680084691, 1.499999999999844791 ) ) ;
#5845 = LINE ( 'NONE', #1668, #3766 ) ;
#5846 = CARTESIAN_POINT ( 'NONE',  ( -5.669593599177065180, 26.74385516550702135, 3.500000000000000000 ) ) ;
#5847 = DIRECTION ( 'NONE',  ( -0.000000000000000000, 1.000000000000000000, 0.000000000000000000 ) ) ;
#5848 = CARTESIAN_POINT ( 'NONE',  ( 2.912018748312776850, 29.28837947678106701, 1.500000000000000888 ) ) ;
#5849 = CARTESIAN_POINT ( 'NONE',  ( 10.42161245117478252, 24.84694095676117342, 3.500000000000000000 ) ) ;
#5850 = VECTOR ( 'NONE', #358, 1000.000000000000000 ) ;
#5851 = CARTESIAN_POINT ( 'NONE',  ( 3.206543053095936457, 27.03837947678106701, 4.500000000000000888 ) ) ;
#5852 = CARTESIAN_POINT ( 'NONE',  ( 17.94749555500000326, -30.40006096009999936, 12.22253967444162015 ) ) ;
#5853 = EDGE_CURVE ( 'NONE', #6353, #2366, #5008, .T. ) ;
#5854 = VERTEX_POINT ( 'NONE', #4846 ) ;
#5855 = CARTESIAN_POINT ( 'NONE',  ( 22.61214465342764868, 24.17963109659307364, 1.500000000000000000 ) ) ;
#5856 = CARTESIAN_POINT ( 'NONE',  ( -26.93258696637831662, -10.49999999999999467, 9.203600003566942078 ) ) ;
#5857 = CIRCLE ( 'NONE', #2800, 2.200000000000000622 ) ;
#5858 = VERTEX_POINT ( 'NONE', #4714 ) ;
#5859 = VERTEX_POINT ( 'NONE', #4214 ) ;
#5860 = ADVANCED_FACE ( 'NONE', ( #4349 ), #1033, .F. ) ;
#5861 = CARTESIAN_POINT ( 'NONE',  ( -24.30000000000000071, -32.79999999999999005, 13.33000000000000007 ) ) ;
#5862 = CARTESIAN_POINT ( 'NONE',  ( 10.42161244517831875, 24.84694095427735760, 3.500000000000000444 ) ) ;
#5863 = AXIS2_PLACEMENT_3D ( 'NONE', #1752, #5943, #6013 ) ;
#5864 = FACE_OUTER_BOUND ( 'NONE', #2385, .T. ) ;
#5865 = ORIENTED_EDGE ( 'NONE', *, *, #6456, .F. ) ;
#5866 = ORIENTED_EDGE ( 'NONE', *, *, #901, .F. ) ;
#5867 = DIRECTION ( 'NONE',  ( -0.000000000000000000, 0.000000000000000000, 1.000000000000000000 ) ) ;
#5868 = VECTOR ( 'NONE', #2355, 1000.000000000000000 ) ;
#5869 = FACE_BOUND ( 'NONE', #928, .T. ) ;
#5870 = ADVANCED_FACE ( 'NONE', ( #1579, #5510 ), #287, .F. ) ;
#5871 = LINE ( 'NONE', #5967, #2465 ) ;
#5872 = ADVANCED_FACE ( 'NONE', ( #5951 ), #4405, .F. ) ;
#5873 = DIRECTION ( 'NONE',  ( -1.000000000000000000, -0.000000000000000000, -0.000000000000000000 ) ) ;
#5874 = CARTESIAN_POINT ( 'NONE',  ( 10.96582241120445467, 29.00439885057813783, 3.499999999999999112 ) ) ;
#5875 = ORIENTED_EDGE ( 'NONE', *, *, #49, .F. ) ;
#5876 = CARTESIAN_POINT ( 'NONE',  ( 1.516539567555081014, 24.83929566579594805, 1.500000000000000000 ) ) ;
#5877 = ORIENTED_EDGE ( 'NONE', *, *, #2432, .F. ) ;
#5878 = EDGE_LOOP ( 'NONE', ( #2126, #3818, #1194, #4854 ) ) ;
#5879 = CARTESIAN_POINT ( 'NONE',  ( -11.96173692770615915, 25.90523677694298854, 1.499999999999999556 ) ) ;
#5880 = FACE_OUTER_BOUND ( 'NONE', #5336, .T. ) ;
#5881 = DIRECTION ( 'NONE',  ( 1.000000000000000000, 0.000000000000000000, 0.000000000000000000 ) ) ;
#5882 = CARTESIAN_POINT ( 'NONE',  ( 0.01264160530000009441, -35.27084328170000305, 13.33000000000000007 ) ) ;
#5883 = DIRECTION ( 'NONE',  ( -0.000000000000000000, -0.000000000000000000, -1.000000000000000000 ) ) ;
#5884 = VECTOR ( 'NONE', #2226, 1000.000000000000000 ) ;
#5885 = CARTESIAN_POINT ( 'NONE',  ( 7.866660329089063985, 25.90523677694294591, 3.500000000000000000 ) ) ;
#5886 = ORIENTED_EDGE ( 'NONE', *, *, #4997, .F. ) ;
#5887 = CARTESIAN_POINT ( 'NONE',  ( 0.000000000000000000, 0.000000000000000000, 7.386156972313998814 ) ) ;
#5888 = ORIENTED_EDGE ( 'NONE', *, *, #4667, .F. ) ;
#5889 = DIRECTION ( 'NONE',  ( 0.000000000000000000, 0.000000000000000000, -1.000000000000000000 ) ) ;
#5890 = FACE_OUTER_BOUND ( 'NONE', #3171, .T. ) ;
#5891 = VERTEX_POINT ( 'NONE', #6466 ) ;
#5892 = CARTESIAN_POINT ( 'NONE',  ( 13.32431064739982496, 35.27089408179999452, 5.999999999999998224 ) ) ;
#5893 = ORIENTED_EDGE ( 'NONE', *, *, #3819, .F. ) ;
#5894 =( BOUNDED_CURVE ( )  B_SPLINE_CURVE ( 3, ( #205, #2298, #4433, #4569 ),
 .UNSPECIFIED., .F., .T. ) 
 B_SPLINE_CURVE_WITH_KNOTS ( ( 4, 4 ),
 ( 0.9272952180016125201, 1.570796326794896780 ),
 .UNSPECIFIED. ) 
 CURVE ( )  GEOMETRIC_REPRESENTATION_ITEM ( )  RATIONAL_B_SPLINE_CURVE ( ( 1.000000000000000000, 0.9657888653670091417, 0.9657888653670091417, 1.000000000000000000 ) ) 
 REPRESENTATION_ITEM ( '' )  );
#5895 = PRODUCT_DEFINITION ( '未知', '', #671, #2783 ) ;
#5896 = VECTOR ( 'NONE', #662, 1000.000000000000000 ) ;
#5897 = DIRECTION ( 'NONE',  ( -1.000000000000000000, -0.000000000000000000, -0.000000000000000000 ) ) ;
#5898 = CARTESIAN_POINT ( 'NONE',  ( -3.947495555000003264, 30.40006096009999936, 2.700000073095999209 ) ) ;
#5899 = ORIENTED_EDGE ( 'NONE', *, *, #5557, .F. ) ;
#5900 = EDGE_CURVE ( 'NONE', #1673, #3592, #2811, .T. ) ;
#5901 = ORIENTED_EDGE ( 'NONE', *, *, #1692, .F. ) ;
#5902 = ORIENTED_EDGE ( 'NONE', *, *, #645, .F. ) ;
#5903 = CARTESIAN_POINT ( 'NONE',  ( 4.589273173039496889, 25.23912908138516542, 3.500000000000000444 ) ) ;
#5904 = CARTESIAN_POINT ( 'NONE',  ( -7.745717551424906588, 27.03837947678106346, 3.500000000000000000 ) ) ;
#5905 = CARTESIAN_POINT ( 'NONE',  ( 9.243746965561554063, 29.22981799928476931, 3.500000000000000000 ) ) ;
#5906 = ADVANCED_FACE ( 'NONE', ( #1847 ), #730, .F. ) ;
#5907 = ORIENTED_EDGE ( 'NONE', *, *, #1288, .T. ) ;
#5908 = CIRCLE ( 'NONE', #6791, 0.9500000000000002887 ) ;
#5909 = VECTOR ( 'NONE', #3820, 1000.000000000000000 ) ;
#5910 = CARTESIAN_POINT ( 'NONE',  ( -8.862574851587016411, 29.00439885306203536, 3.500000000000000000 ) ) ;
#5911 = CYLINDRICAL_SURFACE ( 'NONE', #5863, 0.5000000000000004441 ) ;
#5912 = DIRECTION ( 'NONE',  ( -0.000000000000000000, 0.000000000000000000, 1.000000000000000000 ) ) ;
#5913 = DIRECTION ( 'NONE',  ( 0.000000000000000000, 1.000000000000000000, 0.000000000000000000 ) ) ;
#5914 = CARTESIAN_POINT ( 'NONE',  ( 17.94749555500000326, -30.40006096009999936, 3.499999999999999556 ) ) ;
#5915 = CARTESIAN_POINT ( 'NONE',  ( -1.620343203781156705, 25.65564935683750747, 3.499999999999999556 ) ) ;
#5916 = ADVANCED_FACE ( 'NONE', ( #5986 ), #3538, .F. ) ;
#5917 = ORIENTED_EDGE ( 'NONE', *, *, #3700, .F. ) ;
#5918 = DIRECTION ( 'NONE',  ( -0.000000000000000000, 0.000000000000000000, 1.000000000000000000 ) ) ;
#5919 = CARTESIAN_POINT ( 'NONE',  ( -11.79496794223198464, 28.42110960131470776, 1.500000000000000000 ) ) ;
#5920 = CARTESIAN_POINT ( 'NONE',  ( 7.537381551142567027, 24.17963109659307364, 1.500000000000000000 ) ) ;
#5921 = CARTESIAN_POINT ( 'NONE',  ( 9.472705555079345530, 29.78837947678105635, 1.500000000000000000 ) ) ;
#5922 = CARTESIAN_POINT ( 'NONE',  ( 18.69002413007999763, -31.18623444247999643, 0.000000000000000000 ) ) ;
#5923 = CARTESIAN_POINT ( 'NONE',  ( -20.34632547915655820, 23.97293251929938762, 1.678896570983052783 ) ) ;
#5924 = CARTESIAN_POINT ( 'NONE',  ( -17.94749555500000326, -30.40006096009999936, 3.499999999999999556 ) ) ;
#5925 = AXIS2_PLACEMENT_3D ( 'NONE', #6470, #4063, #3371 ) ;
#5926 = VECTOR ( 'NONE', #3267, 1000.000000000000000 ) ;
#5927 = CARTESIAN_POINT ( 'NONE',  ( 14.44749555499999971, -34.77084328169999594, 6.000000000000000000 ) ) ;
#5928 = LINE ( 'NONE', #228, #3122 ) ;
#5929 = EDGE_CURVE ( 'NONE', #3584, #2411, #6198, .T. ) ;
#5930 = CARTESIAN_POINT ( 'NONE',  ( -10.58465029123328627, 24.84694095427735405, 3.500000000000000888 ) ) ;
#5931 = DIRECTION ( 'NONE',  ( -0.000000000000000000, -1.000000000000000000, -0.000000000000000000 ) ) ;
#5932 = CARTESIAN_POINT ( 'NONE',  ( 11.63193010076584066, 28.42110959672461945, 3.500000000000000000 ) ) ;
#5933 = DIRECTION ( 'NONE',  ( 0.000000000000000000, 0.000000000000000000, -1.000000000000000000 ) ) ;
#5934 = CARTESIAN_POINT ( 'NONE',  ( 20.17908146745800124, 23.90477156301702877, 1.828515327737963991 ) ) ;
#5935 = VECTOR ( 'NONE', #678, 1000.000000000000000 ) ;
#5936 = ORIENTED_EDGE ( 'NONE', *, *, #6342, .F. ) ;
#5937 = CARTESIAN_POINT ( 'NONE',  ( 6.179669765516815794, -35.27084328170000305, 8.636157047397997388 ) ) ;
#5938 = CARTESIAN_POINT ( 'NONE',  ( -2.036863474643893390, 28.83762986758736346, 3.500000000000000000 ) ) ;
#5939 = FACE_OUTER_BOUND ( 'NONE', #3389, .T. ) ;
#5940 = ORIENTED_EDGE ( 'NONE', *, *, #3525, .F. ) ;
#5941 = VECTOR ( 'NONE', #2631, 1000.000000000000000 ) ;
#5942 = EDGE_CURVE ( 'NONE', #6495, #1069, #397, .T. ) ;
#5943 = DIRECTION ( 'NONE',  ( 0.000000000000000000, 0.000000000000000000, 1.000000000000000000 ) ) ;
#5944 = DIRECTION ( 'NONE',  ( -1.000000000000000000, 0.000000000000000000, -0.000000000000000000 ) ) ;
#5945 = CARTESIAN_POINT ( 'NONE',  ( 7.582679705369938183, 26.74385517199781859, 1.500000000000000000 ) ) ;
#5946 = CARTESIAN_POINT ( 'NONE',  ( -1.169593599177062293, 26.74385516550702846, 3.500000000000000000 ) ) ;
#5947 = VERTEX_POINT ( 'NONE', #5151 ) ;
#5948 = FACE_OUTER_BOUND ( 'NONE', #246, .T. ) ;
#5949 = CARTESIAN_POINT ( 'NONE',  ( -4.008526344982042744, 24.84694095676122672, 3.500000000000000000 ) ) ;
#5950 = EDGE_CURVE ( 'NONE', #4132, #2971, #2692, .T. ) ;
#5951 = FACE_OUTER_BOUND ( 'NONE', #150, .T. ) ;
#5952 = CARTESIAN_POINT ( 'NONE',  ( -12.24571755142490481, 27.03837947678106346, 1.500000000000000000 ) ) ;
#5953 = EDGE_CURVE ( 'NONE', #5576, #1557, #2568, .T. ) ;
#5954 = CARTESIAN_POINT ( 'NONE',  ( 7.051297942607287261, -22.23771907541695469, 0.5000000000000000000 ) ) ;
#5955 = VERTEX_POINT ( 'NONE', #5044 ) ;
#5956 = DIRECTION ( 'NONE',  ( 1.000000000000000000, 0.000000000000000000, 0.000000000000000000 ) ) ;
#5957 = CARTESIAN_POINT ( 'NONE',  ( -3.947495555000003264, 30.40006096009999936, 2.700000073095999209 ) ) ;
#5958 = DIRECTION ( 'NONE',  ( 3.561451260254549034E-16, -1.000000000000000000, 0.000000000000000000 ) ) ;
#5959 = CIRCLE ( 'NONE', #3119, 3.794607569210000531 ) ;
#5960 = DIRECTION ( 'NONE',  ( -1.000000000000000000, 0.000000000000000000, 0.000000000000000000 ) ) ;
#5961 = DIRECTION ( 'NONE',  ( 0.000000000000000000, 0.000000000000000000, -1.000000000000000000 ) ) ;
#5962 = AXIS2_PLACEMENT_3D ( 'NONE', #4953, #1248, #5995 ) ;
#5963 = VERTEX_POINT ( 'NONE', #4537 ) ;
#5964 = CARTESIAN_POINT ( 'NONE',  ( -2.749305308601173170, 36.29999999999999005, 5.999999999999998224 ) ) ;
#5965 = CARTESIAN_POINT ( 'NONE',  ( 4.456543053095937346, 27.03837947678106701, 4.500000000000000888 ) ) ;
#5966 = DIRECTION ( 'NONE',  ( -1.000000000000000000, 0.000000000000000000, 0.000000000000000000 ) ) ;
#5967 = CARTESIAN_POINT ( 'NONE',  ( -13.86572847344717552, -36.80100000000000904, 2.700000073095998765 ) ) ;
#5968 = DIRECTION ( 'NONE',  ( -1.000000000000000000, 0.000000000000000000, 0.000000000000000000 ) ) ;
#5969 = DIRECTION ( 'NONE',  ( -1.000000000000000000, 0.000000000000000000, 0.000000000000000000 ) ) ;
#5970 = DIRECTION ( 'NONE',  ( -2.781230391307005911E-16, -1.000000000000000000, 0.000000000000000000 ) ) ;
#5971 = ORIENTED_EDGE ( 'NONE', *, *, #698, .F. ) ;
#5972 = AXIS2_PLACEMENT_3D ( 'NONE', #4416, #5544, #4040 ) ;
#5973 = CARTESIAN_POINT ( 'NONE',  ( 2.617610307290550775, 29.22981799680147574, 1.500000000000156097 ) ) ;
#5974 = EDGE_CURVE ( 'NONE', #2781, #2135, #1369, .T. ) ;
#5975 = CARTESIAN_POINT ( 'NONE',  ( -12.24571755142490481, 27.03837947678106346, 1.500000000000000000 ) ) ;
#5976 = LINE ( 'NONE', #3395, #469 ) ;
#5977 = DIRECTION ( 'NONE',  ( -1.000000000000000000, 0.000000000000000000, 0.000000000000000000 ) ) ;
#5978 = DIRECTION ( 'NONE',  ( -0.000000000000000000, -0.000000000000000000, -1.000000000000000000 ) ) ;
#5979 = CARTESIAN_POINT ( 'NONE',  ( 4.339685758930460935, 29.00439885057814848, 3.500000000000000000 ) ) ;
#5980 = B_SPLINE_CURVE_WITH_KNOTS ( 'NONE', 3,
 ( #4098, #3340, #2818, #3868, #3939, #2887, #4984, #6130, #3697, #464, #4770, #4634, #1567, #3136, #526, #2122, #427, #4734 ),
 .UNSPECIFIED., .F., .F.,
 ( 4, 2, 2, 2, 2, 2, 2, 2, 4 ),
 ( 0.5000000000000000000, 0.5625000000000000000, 0.6250000000000000000, 0.6875000000000000000, 0.7500000000000000000, 0.8125000000000000000, 0.8750000000000000000, 0.9375000000000000000, 1.000000000000000000 ),
 .UNSPECIFIED. ) ;
#5981 = ADVANCED_FACE ( 'NONE', ( #2698 ), #6813, .T. ) ;
#5982 = DIRECTION ( 'NONE',  ( -0.000000000000000000, -0.000000000000000000, 1.000000000000000000 ) ) ;
#5983 = ORIENTED_EDGE ( 'NONE', *, *, #1071, .T. ) ;
#5984 = CARTESIAN_POINT ( 'NONE',  ( -1.169593599177062737, 26.74385517199781859, 3.500000000000000000 ) ) ;
#5985 = DIRECTION ( 'NONE',  ( -1.000000000000000000, 0.000000000000000000, 0.000000000000000000 ) ) ;
#5986 = FACE_OUTER_BOUND ( 'NONE', #126, .T. ) ;
#5987 = VECTOR ( 'NONE', #4532, 1000.000000000000000 ) ;
#5988 = CARTESIAN_POINT ( 'NONE',  ( -10.35569170171540954, 24.28837947678106346, 1.500000000000000000 ) ) ;
#5989 = CARTESIAN_POINT ( 'NONE',  ( 22.61214465342764868, 23.67963109659307364, 3.500000000000000000 ) ) ;
#5990 = DIRECTION ( 'NONE',  ( -0.000000000000000000, -0.000000000000000000, 1.000000000000000000 ) ) ;
#5991 = CARTESIAN_POINT ( 'NONE',  ( 5.005793443901913164, 28.42110960131455855, 3.500000000000000000 ) ) ;
#5992 = CARTESIAN_POINT ( 'NONE',  ( 2.486736363778528691, 29.71680433458323378, 1.500000000000000000 ) ) ;
#5993 = ORIENTED_EDGE ( 'NONE', *, *, #5211, .T. ) ;
#5994 = ORIENTED_EDGE ( 'NONE', *, *, #1034, .T. ) ;
#5995 = DIRECTION ( 'NONE',  ( 5.562460791263455277E-17, 1.000000000000000000, 0.000000000000000000 ) ) ;
#5996 = EDGE_CURVE ( 'NONE', #396, #3951, #2011, .T. ) ;
#5997 = CARTESIAN_POINT ( 'NONE',  ( -20.30000000000000071, 36.79999999999999005, 13.33000000000000007 ) ) ;
#5998 = LINE ( 'NONE', #1290, #1467 ) ;
#5999 = FACE_OUTER_BOUND ( 'NONE', #5140, .T. ) ;
#6000 = CARTESIAN_POINT ( 'NONE',  ( 20.29999999999999716, 32.79999999999999716, 1.500000000000000000 ) ) ;
#6001 = DIRECTION ( 'NONE',  ( -0.000000000000000000, 1.000000000000000000, -0.000000000000000000 ) ) ;
#6002 = ORIENTED_EDGE ( 'NONE', *, *, #2329, .F. ) ;
#6003 = ADVANCED_FACE ( 'NONE', ( #3242, #2730, #4837, #5252, #1543, #3705, #5784, #3139, #3172, #4775, #28 ), #3321, .F. ) ;
#6004 = ADVANCED_FACE ( 'NONE', ( #201 ), #5911, .F. ) ;
#6005 = AXIS2_PLACEMENT_3D ( 'NONE', #4977, #5485, #6430 ) ;
#6006 = CARTESIAN_POINT ( 'NONE',  ( -18.69005080010004249, 34.98089408179999538, 0.5000000000000000000 ) ) ;
#6007 = DIRECTION ( 'NONE',  ( -1.000000000000000000, 0.000000000000000000, 0.000000000000000000 ) ) ;
#6008 = CARTESIAN_POINT ( 'NONE',  ( -15.91000000000000725, 19.90000000000000213, 2.500000000000000000 ) ) ;
#6009 = ORIENTED_EDGE ( 'NONE', *, *, #1364, .F. ) ;
#6010 = DIRECTION ( 'NONE',  ( -0.000000000000000000, -0.000000000000000000, -1.000000000000000000 ) ) ;
#6011 = CARTESIAN_POINT ( 'NONE',  ( 2.073400353257857986, 25.07236010050075237, 1.500000000000156097 ) ) ;
#6012 = CARTESIAN_POINT ( 'NONE',  ( 22.48463296930000155, 31.18628397260005158, 0.000000000000000000 ) ) ;
#6013 = DIRECTION ( 'NONE',  ( 1.000000000000000000, 0.000000000000000000, 0.000000000000000000 ) ) ;
#6014 = DIRECTION ( 'NONE',  ( -0.000000000000000000, -0.000000000000000000, -1.000000000000000000 ) ) ;
#6015 = FACE_OUTER_BOUND ( 'NONE', #4931, .T. ) ;
#6016 = FACE_BOUND ( 'NONE', #2554, .T. ) ;
#6017 = DIRECTION ( 'NONE',  ( 2.725838271490898547E-16, 1.000000000000000000, -0.000000000000000000 ) ) ;
#6018 = B_SPLINE_CURVE_WITH_KNOTS ( 'NONE', 3,
 ( #5745, #3133, #6289, #5775, #47, #2253, #4858, #5930, #2210, #83, #1696, #5834, #1150, #2288, #115, #4366, #3850, #5904 ),
 .UNSPECIFIED., .F., .F.,
 ( 4, 2, 2, 2, 2, 2, 2, 2, 4 ),
 ( 0.000000000000000000, 0.06250000000000001388, 0.1250000000000000278, 0.1875000000000000555, 0.2500000000000000555, 0.3125000000000000555, 0.3750000000000001110, 0.4375000000000001110, 0.5000000000000000000 ),
 .UNSPECIFIED. ) ;
#6019 = CIRCLE ( 'NONE', #5482, 1.250000000000001110 ) ;
#6020 = ORIENTED_EDGE ( 'NONE', *, *, #2020, .F. ) ;
#6021 = LINE ( 'NONE', #6158, #6773 ) ;
#6022 = CARTESIAN_POINT ( 'NONE',  ( -12.19480136241002732, 25.34837599124017515, 1.500000000000000000 ) ) ;
#6023 = DIRECTION ( 'NONE',  ( 0.000000000000000000, 1.000000000000000000, 0.000000000000000000 ) ) ;
#6024 = LINE ( 'NONE', #5514, #1396 ) ;
#6025 = ADVANCED_FACE ( 'NONE', ( #5880 ), #1156, .T. ) ;
#6026 = CARTESIAN_POINT ( 'NONE',  ( 5.884967910897947796, 26.31857278746351270, 1.500000000000000000 ) ) ;
#6027 = VERTEX_POINT ( 'NONE', #3357 ) ;
#6028 = CARTESIAN_POINT ( 'NONE',  ( 5.229669765516815616, -36.30000000000000426, 7.686157047397998099 ) ) ;
#6029 = CARTESIAN_POINT ( 'NONE',  ( -3.533281992626907453, 35.27089408180000163, 1.500000000000000444 ) ) ;
#6030 = CARTESIAN_POINT ( 'NONE',  ( -5.669593599177066068, 27.33290378156430123, 1.500000000000077938 ) ) ;
#6031 = DIRECTION ( 'NONE',  ( -0.000000000000000000, -0.000000000000000000, -1.000000000000000000 ) ) ;
#6032 = CARTESIAN_POINT ( 'NONE',  ( 13.32730385592881639, 35.27089408179999452, 7.586156972313998992 ) ) ;
#6033 = EDGE_CURVE ( 'NONE', #3951, #1566, #6498, .T. ) ;
#6034 = DIRECTION ( 'NONE',  ( -1.000000000000000000, 0.000000000000000000, 0.000000000000000000 ) ) ;
#6035 = CARTESIAN_POINT ( 'NONE',  ( -15.74749555500000042, -30.40006096009999936, 0.5000000000000004441 ) ) ;
#6036 = CARTESIAN_POINT ( 'NONE',  ( -2.169593599177062071, 27.03837947678106701, 4.500000000000000888 ) ) ;
#6037 = PLANE ( 'NONE',  #762 ) ;
#6038 = EDGE_CURVE ( 'NONE', #3633, #4763, #6741, .T. ) ;
#6039 = EDGE_CURVE ( 'NONE', #6591, #812, #6414, .T. ) ;
#6040 = CARTESIAN_POINT ( 'NONE',  ( 5.456543053095937346, 26.74385517199781503, 1.500000000000000000 ) ) ;
#6042 = ORIENTED_EDGE ( 'NONE', *, *, #4458, .T. ) ;
#6041 = AXIS2_PLACEMENT_3D ( 'NONE', #2960, #2435, #3516 ) ;
#6043 = DIRECTION ( 'NONE',  ( -1.000000000000000000, -0.000000000000000000, -0.000000000000000000 ) ) ;
#6044 = AXIS2_PLACEMENT_3D ( 'NONE', #1868, #893, #5030 ) ;
#6045 = CARTESIAN_POINT ( 'NONE',  ( 6.179669765516815794, -36.80000000000000426, 7.686157047397998099 ) ) ;
#6046 = DIRECTION ( 'NONE',  ( 1.000000000000000000, 0.000000000000000000, 0.000000000000000000 ) ) ;
#6047 = DIRECTION ( 'NONE',  ( -1.000000000000000000, 0.000000000000000000, 0.000000000000000000 ) ) ;
#6048 = AXIS2_PLACEMENT_3D ( 'NONE', #1785, #2334, #3924 ) ;
#6049 = CARTESIAN_POINT ( 'NONE',  ( -7.245717551424906588, 27.03837947678105991, 1.500000000000000000 ) ) ;
#6050 = CARTESIAN_POINT ( 'NONE',  ( -3.616723393476528159, -22.23771907541695469, 0.5000000000000000000 ) ) ;
#6051 = CARTESIAN_POINT ( 'NONE',  ( 4.589273177629265454, 25.23912908597461424, 1.500000000000000000 ) ) ;
#6052 = ORIENTED_EDGE ( 'NONE', *, *, #787, .T. ) ;
#6053 = VECTOR ( 'NONE', #4150, 1000.000000000000000 ) ;
#6054 = FACE_OUTER_BOUND ( 'NONE', #2368, .T. ) ;
#6055 = CARTESIAN_POINT ( 'NONE',  ( -12.24571755142490659, 27.33290378156430833, 3.500000000000000000 ) ) ;
#6056 = CARTESIAN_POINT ( 'NONE',  ( -1.387358394700001885, -35.27084328170000305, 7.386156972313998814 ) ) ;
#6057 = LINE ( 'NONE', #5154, #4265 ) ;
#6058 = DIRECTION ( 'NONE',  ( -1.856308247812544377E-16, -1.000000000000000000, -0.000000000000000000 ) ) ;
#6059 = CARTESIAN_POINT ( 'NONE',  ( 14.94749555500001215, -5.323477688200406227E-15, 1.500000000000000000 ) ) ;
#6060 = CARTESIAN_POINT ( 'NONE',  ( -20.48631306263332519, 24.04115576337057192, 1.556509158856414166 ) ) ;
#6061 = CYLINDRICAL_SURFACE ( 'NONE', #5972, 1.250000000000000222 ) ;
#6062 = CARTESIAN_POINT ( 'NONE',  ( -1.228155079157514429, 27.62731222258606323, 1.499999999999921840 ) ) ;
#6063 = VECTOR ( 'NONE', #2995, 1000.000000000000000 ) ;
#6064 = DIRECTION ( 'NONE',  ( -0.000000000000000000, -0.000000000000000000, -1.000000000000000000 ) ) ;
#6065 = DIRECTION ( 'NONE',  ( 1.000000000000000000, 0.000000000000000000, 0.000000000000000000 ) ) ;
#6066 = VERTEX_POINT ( 'NONE', #4626 ) ;
#6067 = ORIENTED_EDGE ( 'NONE', *, *, #5171, .T. ) ;
#6068 = EDGE_LOOP ( 'NONE', ( #1925, #974, #6095, #3788 ) ) ;
#6069 = CIRCLE ( 'NONE', #2109, 0.5000000000000004441 ) ;
#6070 = EDGE_CURVE ( 'NONE', #5947, #54, #312, .T. ) ;
#6071 = DIRECTION ( 'NONE',  ( -0.000000000000000000, -0.000000000000000000, -1.000000000000000000 ) ) ;
#6072 = CIRCLE ( 'NONE', #5640, 4.084607569215004119 ) ;
#6073 = CARTESIAN_POINT ( 'NONE',  ( 3.206543053095936457, 27.03837947678106701, 4.500000000000000888 ) ) ;
#6074 = PLANE ( 'NONE',  #919 ) ;
#6075 = FACE_BOUND ( 'NONE', #1347, .T. ) ;
#6076 = FACE_OUTER_BOUND ( 'NONE', #6605, .T. ) ;
#6077 = EDGE_LOOP ( 'NONE', ( #6433, #1620, #3372, #4991 ) ) ;
#6078 = PLANE ( 'NONE',  #6044 ) ;
#6079 = EDGE_CURVE ( 'NONE', #2639, #746, #6701, .T. ) ;
#6080 = EDGE_CURVE ( 'NONE', #4679, #2545, #819, .T. ) ;
#6081 = DIRECTION ( 'NONE',  ( -0.000000000000000000, -0.000000000000000000, -1.000000000000000000 ) ) ;
#6082 = ORIENTED_EDGE ( 'NONE', *, *, #6264, .F. ) ;
#6083 = DIRECTION ( 'NONE',  ( -0.000000000000000000, -0.000000000000000000, -1.000000000000000000 ) ) ;
#6084 = DIRECTION ( 'NONE',  ( -1.000000000000000000, 0.000000000000000000, 0.000000000000000000 ) ) ;
#6085 = CARTESIAN_POINT ( 'NONE',  ( 9.243746959564923316, 29.22981799680087889, 3.500000000000000000 ) ) ;
#6086 = FACE_OUTER_BOUND ( 'NONE', #3921, .T. ) ;
#6087 = CARTESIAN_POINT ( 'NONE',  ( 5.229669765516815616, -36.80100000000001614, 7.686157047397998099 ) ) ;
#6088 = EDGE_LOOP ( 'NONE', ( #4623, #4611 ) ) ;
#6089 = CARTESIAN_POINT ( 'NONE',  ( -14.38735839469999789, -36.30000000000000426, 7.386156972313998814 ) ) ;
#6090 = ORIENTED_EDGE ( 'NONE', *, *, #5900, .F. ) ;
#6091 = ADVANCED_FACE ( 'NONE', ( #5109 ), #1947, .F. ) ;
#6092 = ORIENTED_EDGE ( 'NONE', *, *, #2755, .T. ) ;
#6093 = CARTESIAN_POINT ( 'NONE',  ( -8.745717551424906588, 27.03837947678106701, 4.500000000000000888 ) ) ;
#6094 = DIRECTION ( 'NONE',  ( -1.000000000000000000, 0.000000000000000000, 0.000000000000000000 ) ) ;
#6095 = ORIENTED_EDGE ( 'NONE', *, *, #4600, .T. ) ;
#6096 = DIRECTION ( 'NONE',  ( 0.000000000000000000, -0.000000000000000000, -1.000000000000000000 ) ) ;
#6097 = VECTOR ( 'NONE', #4709, 1000.000000000000000 ) ;
#6098 = DIRECTION ( 'NONE',  ( -0.000000000000000000, -0.000000000000000000, -1.000000000000000000 ) ) ;
#6099 = DIRECTION ( 'NONE',  ( -1.000000000000000000, 2.781230391307005911E-16, 0.000000000000000000 ) ) ;
#6100 = CARTESIAN_POINT ( 'NONE',  ( 5.884967910897788812, 27.75818616609800671, 1.500000000000000000 ) ) ;
#6101 = CARTESIAN_POINT ( 'NONE',  ( -20.55649513947969709, 24.17963109659307364, 1.500000000000000000 ) ) ;
#6102 = CARTESIAN_POINT ( 'NONE',  ( 18.15499239190232572, -8.689656817869334304, 4.404618336703487458 ) ) ;
#6103 = AXIS2_PLACEMENT_3D ( 'NONE', #1334, #3461, #6533 ) ;
#6104 = DIRECTION ( 'NONE',  ( -1.000000000000000000, 0.000000000000000000, 0.000000000000000000 ) ) ;
#6105 = CARTESIAN_POINT ( 'NONE',  ( -18.48331520496767055, -7.180971243878624399, 3.851002711157440750 ) ) ;
#6106 = DIRECTION ( 'NONE',  ( 0.000000000000000000, 0.000000000000000000, 1.000000000000000000 ) ) ;
#6107 = CYLINDRICAL_SURFACE ( 'NONE', #3434, 1.250000000000000222 ) ;
#6108 = ORIENTED_EDGE ( 'NONE', *, *, #4109, .T. ) ;
#6109 = VECTOR ( 'NONE', #3656, 1000.000000000000000 ) ;
#6110 = ORIENTED_EDGE ( 'NONE', *, *, #4885, .F. ) ;
#6111 = CARTESIAN_POINT ( 'NONE',  ( 5.456543053095936457, 27.03837947678106346, 3.500000000000000000 ) ) ;
#6112 = CARTESIAN_POINT ( 'NONE',  ( 9.909999999999998366, -4.500000000000003553, 3.499999999999999556 ) ) ;
#6113 = CARTESIAN_POINT ( 'NONE',  ( -11.12886025126292111, 25.07236010050014841, 3.500000000000000000 ) ) ;
#6114 = EDGE_CURVE ( 'NONE', #830, #2725, #6122, .T. ) ;
#6115 = ORIENTED_EDGE ( 'NONE', *, *, #199, .T. ) ;
#6116 =( BOUNDED_CURVE ( )  B_SPLINE_CURVE ( 2, ( #3342, #5431, #14 ),
 .UNSPECIFIED., .F., .T. ) 
 B_SPLINE_CURVE_WITH_KNOTS ( ( 3, 3 ),
 ( 0.000000000000000000, 1.000000000000000000 ),
 .UNSPECIFIED. ) 
 CURVE ( )  GEOMETRIC_REPRESENTATION_ITEM ( )  RATIONAL_B_SPLINE_CURVE ( ( 1.000000000000000000, 0.7071067811865475727, 1.000000000000000000 ) ) 
 REPRESENTATION_ITEM ( '' )  );
#6117 = EDGE_LOOP ( 'NONE', ( #5395, #2220 ) ) ;
#6118 = CARTESIAN_POINT ( 'NONE',  ( -18.69005080010079567, -35.27084328169999594, 13.33000000000000007 ) ) ;
#6119 = AXIS2_PLACEMENT_3D ( 'NONE', #3503, #5573, #2981 ) ;
#6120 = ORIENTED_EDGE ( 'NONE', *, *, #3848, .T. ) ;
#6121 = AXIS2_PLACEMENT_3D ( 'NONE', #612, #6318, #6802 ) ;
#6122 = LINE ( 'NONE', #3527, #6526 ) ;
#6123 = CARTESIAN_POINT ( 'NONE',  ( 10.12720401015317861, 29.28837947678105635, 3.500000000000000000 ) ) ;
#6124 = CARTESIAN_POINT ( 'NONE',  ( 22.27463296930000070, 27.40006096009999936, 1.500000000000000000 ) ) ;
#6125 = EDGE_CURVE ( 'NONE', #5766, #2267, #4198, .T. ) ;
#6126 = ORIENTED_EDGE ( 'NONE', *, *, #89, .T. ) ;
#6127 = LINE ( 'NONE', #3530, #932 ) ;
#6128 = CARTESIAN_POINT ( 'NONE',  ( 5.229669765516815616, -36.30000000000000426, 7.686157047397998099 ) ) ;
#6129 = ORIENTED_EDGE ( 'NONE', *, *, #3373, .F. ) ;
#6130 = CARTESIAN_POINT ( 'NONE',  ( -2.830660859368683724, 29.22981799928477997, 3.500000000000000000 ) ) ;
#6131 = ORIENTED_EDGE ( 'NONE', *, *, #5177, .T. ) ;
#6132 = LINE ( 'NONE', #3539, #2511 ) ;
#6133 = CARTESIAN_POINT ( 'NONE',  ( -7.245788939370738646, 27.39763194869888707, 1.500000000000000222 ) ) ;
#6134 = EDGE_CURVE ( 'NONE', #812, #171, #6322, .T. ) ;
#6135 = EDGE_CURVE ( 'NONE', #5859, #1802, #6309, .T. ) ;
#6136 = CARTESIAN_POINT ( 'NONE',  ( -8.862574845590382111, 29.00439885057814848, 3.500000000000000444 ) ) ;
#6137 = CARTESIAN_POINT ( 'NONE',  ( -5.669593599177066068, 27.03837947678106701, 3.500000000000000000 ) ) ;
#6138 = CARTESIAN_POINT ( 'NONE',  ( 20.00000000000000000, 36.29999999999999005, 0.000000000000000000 ) ) ;
#6139 = AXIS2_PLACEMENT_3D ( 'NONE', #408, #5195, #1970 ) ;
#6140 = CARTESIAN_POINT ( 'NONE',  ( -18.27482788506586076, -8.202991123047809197, 4.195237121064058883 ) ) ;
#6141 = AXIS2_PLACEMENT_3D ( 'NONE', #6364, #6276, #5292 ) ;
#6142 = CYLINDRICAL_SURFACE ( 'NONE', #5187, 1.599999999980956877 ) ;
#6143 = LINE ( 'NONE', #2391, #1921 ) ;
#6144 = ORIENTED_EDGE ( 'NONE', *, *, #5741, .T. ) ;
#6145 = LINE ( 'NONE', #5269, #1330 ) ;
#6146 = DIRECTION ( 'NONE',  ( -0.000000000000000000, -0.000000000000000000, -1.000000000000000000 ) ) ;
#6147 = CARTESIAN_POINT ( 'NONE',  ( -12.24571755142490659, 26.74385517199782569, 3.500000000000000000 ) ) ;
#6148 = AXIS2_PLACEMENT_3D ( 'NONE', #6629, #5133, #3062 ) ;
#6149 = ORIENTED_EDGE ( 'NONE', *, *, #1431, .F. ) ;
#6150 = VERTEX_POINT ( 'NONE', #1529 ) ;
#6151 = CARTESIAN_POINT ( 'NONE',  ( -5.669593599177066068, 26.74385517199782569, 3.500000000000000000 ) ) ;
#6152 = VERTEX_POINT ( 'NONE', #4232 ) ;
#6153 = EDGE_CURVE ( 'NONE', #1551, #1184, #1709, .T. ) ;
#6154 = CARTESIAN_POINT ( 'NONE',  ( -12.19434153764479412, 25.34781520867391080, 1.499999999999999778 ) ) ;
#6155 = CARTESIAN_POINT ( 'NONE',  ( 2.912018748312776406, 29.28837947678107057, 3.500000000000000000 ) ) ;
#6156 = ORIENTED_EDGE ( 'NONE', *, *, #3187, .T. ) ;
#6157 = EDGE_CURVE ( 'NONE', #6547, #2663, #394, .T. ) ;
#6158 = CARTESIAN_POINT ( 'NONE',  ( 13.32730385592881639, 36.29999999999999005, 7.586156972313998992 ) ) ;
#6159 = CARTESIAN_POINT ( 'NONE',  ( 0.000000000000000000, 0.000000000000000000, 3.500000000000000000 ) ) ;
#6160 = CARTESIAN_POINT ( 'NONE',  ( -10.29024185620814436, 29.28837947678107057, 3.500000000000000000 ) ) ;
#6161 = CARTESIAN_POINT ( 'NONE',  ( 11.21763189406067518, 29.44129204779159537, 1.500000000000000000 ) ) ;
#6162 = CARTESIAN_POINT ( 'NONE',  ( -11.37997567725301806, 29.44150226828709549, 1.499999999999999556 ) ) ;
#6163 = CARTESIAN_POINT ( 'NONE',  ( 0.9565430530959354583, 27.33290378156430123, 1.500000000000000000 ) ) ;
#6164 = ORIENTED_EDGE ( 'NONE', *, *, #5366, .T. ) ;
#6165 = VERTEX_POINT ( 'NONE', #2757 ) ;
#6166 = VECTOR ( 'NONE', #491, 1000.000000000000000 ) ;
#6167 = VECTOR ( 'NONE', #6717, 1000.000000000000000 ) ;
#6168 = APPROVAL_DATE_TIME ( #1927, #4211 ) ;
#6169 = FACE_OUTER_BOUND ( 'NONE', #5259, .T. ) ;
#6170 = CARTESIAN_POINT ( 'NONE',  ( -11.79496794682081351, 28.42110959672462656, 3.499999999999999556 ) ) ;
#6171 = ADVANCED_FACE ( 'NONE', ( #2209 ), #4365, .T. ) ;
#6172 = ADVANCED_FACE ( 'NONE', ( #3440 ), #1399, .T. ) ;
#6173 = CARTESIAN_POINT ( 'NONE',  ( 0.000000000000000000, -27.40006096009999936, 1.500000000000000000 ) ) ;
#6174 = VECTOR ( 'NONE', #2102, 1000.000000000000000 ) ;
#6175 = CARTESIAN_POINT ( 'NONE',  ( -17.90326249070385245, -9.624999742310381023, 4.896906626670619822 ) ) ;
#6176 = CARTESIAN_POINT ( 'NONE',  ( 12.23559227637984570, 25.65342728809062933, 1.500000000000000000 ) ) ;
#6177 = DIRECTION ( 'NONE',  ( 0.000000000000000000, 1.000000000000000000, 0.000000000000000000 ) ) ;
#6178 = DIRECTION ( 'NONE',  ( -1.000000000000000000, 0.000000000000000000, 0.000000000000000000 ) ) ;
#6179 = ORIENTED_EDGE ( 'NONE', *, *, #26, .T. ) ;
#6180 = VERTEX_POINT ( 'NONE', #166 ) ;
#6181 = COORDINATED_UNIVERSAL_TIME_OFFSET ( 8, 0, .AHEAD. ) ;
#6182 = DIRECTION ( 'NONE',  ( -0.000000000000000000, -1.000000000000000000, -0.000000000000000000 ) ) ;
#6183 = DIRECTION ( 'NONE',  ( -0.000000000000000000, -0.000000000000000000, -1.000000000000000000 ) ) ;
#6184 = ORIENTED_EDGE ( 'NONE', *, *, #2527, .T. ) ;
#6185 = CARTESIAN_POINT ( 'NONE',  ( -17.94749555500000326, -27.40006096009999936, 6.000000000000000000 ) ) ;
#6186 = FACE_OUTER_BOUND ( 'NONE', #1093, .T. ) ;
#6187 = CARTESIAN_POINT ( 'NONE',  ( -2.749305308601172726, 36.29999999999999005, 5.999999999999998224 ) ) ;
#6188 = CARTESIAN_POINT ( 'NONE',  ( 15.91000000000000014, -13.50000000000000178, 2.500000000000000000 ) ) ;
#6189 = CARTESIAN_POINT ( 'NONE',  ( -13.86572847344717552, 36.29999999999999005, 6.100000073095998232 ) ) ;
#6190 = VECTOR ( 'NONE', #5161, 1000.000000000000000 ) ;
#6191 = VECTOR ( 'NONE', #4324, 1000.000000000000000 ) ;
#6192 = DIRECTION ( 'NONE',  ( -1.000000000000000000, 0.000000000000000000, 0.000000000000000000 ) ) ;
#6193 = EDGE_CURVE ( 'NONE', #4162, #2064, #756, .T. ) ;
#6194 = CARTESIAN_POINT ( 'NONE',  ( 1.821590864405343790, 29.44129204779097719, 1.500000000000000000 ) ) ;
#6195 = DIRECTION ( 'NONE',  ( -0.000000000000000000, -0.000000000000000000, 1.000000000000000000 ) ) ;
#6196 = ORIENTED_EDGE ( 'NONE', *, *, #3034, .F. ) ;
#6197 = ORIENTED_EDGE ( 'NONE', *, *, #2513, .T. ) ;
#6198 = LINE ( 'NONE', #5605, #505 ) ;
#6199 = PLANE ( 'NONE',  #6119 ) ;
#6200 = CARTESIAN_POINT ( 'NONE',  ( -11.12886025126298506, 25.07236010050075237, 1.500000000000156097 ) ) ;
#6201 = CARTESIAN_POINT ( 'NONE',  ( 9.472705555079432571, 24.28837947678106346, 1.500000000000000000 ) ) ;
#6202 = CARTESIAN_POINT ( 'NONE',  ( -7.245717551424906588, 27.03837947678105991, 1.500000000000000000 ) ) ;
#6203 = DIRECTION ( 'NONE',  ( -1.000000000000000000, 0.000000000000000000, 0.000000000000000000 ) ) ;
#6204 = EDGE_LOOP ( 'NONE', ( #259, #899, #3867, #5709 ) ) ;
#6205 = EDGE_CURVE ( 'NONE', #5414, #5838, #5894, .T. ) ;
#6206 = CARTESIAN_POINT ( 'NONE',  ( -2.699786909859779982, 24.35995461897881853, 1.500000000000000000 ) ) ;
#6207 = CARTESIAN_POINT ( 'NONE',  ( -20.55649513947969709, 24.17963109659307364, 1.500000000000000000 ) ) ;
#6208 = CARTESIAN_POINT ( 'NONE',  ( 4.590855816898771202, 29.44163417600584154, 1.499999999999999778 ) ) ;
#6209 = DIRECTION ( 'NONE',  ( 1.000000000000000000, 0.000000000000000000, 0.000000000000000000 ) ) ;
#6210 = CARTESIAN_POINT ( 'NONE',  ( 12.08267970536993197, 27.03837947678105635, 3.500000000000000000 ) ) ;
#6211 = CARTESIAN_POINT ( 'NONE',  ( 12.58267970536993197, 27.39835362707133726, 1.500000000000000000 ) ) ;
#6212 = ORIENTED_EDGE ( 'NONE', *, *, #4518, .T. ) ;
#6213 = ORIENTED_EDGE ( 'NONE', *, *, #4048, .T. ) ;
#6214 = FACE_OUTER_BOUND ( 'NONE', #1458, .T. ) ;
#6215 = ADVANCED_FACE ( 'NONE', ( #4904 ), #4095, .T. ) ;
#6216 = LINE ( 'NONE', #6658, #1646 ) ;
#6217 = DIRECTION ( 'NONE',  ( -0.000000000000000000, -0.000000000000000000, 1.000000000000000000 ) ) ;
#6218 = DIRECTION ( 'NONE',  ( 0.000000000000000000, 0.000000000000000000, 1.000000000000000000 ) ) ;
#6219 = DIRECTION ( 'NONE',  ( -0.000000000000000000, -0.000000000000000000, -1.000000000000000000 ) ) ;
#6220 = CARTESIAN_POINT ( 'NONE',  ( -15.74749555500000042, -30.40006096009999936, 3.499999999999999556 ) ) ;
#6221 = CARTESIAN_POINT ( 'NONE',  ( -1.482712725396524656, -27.57172974345886729, 2.500000000000000000 ) ) ;
#6222 = AXIS2_PLACEMENT_3D ( 'NONE', #1028, #568, #436 ) ;
#6223 = CARTESIAN_POINT ( 'NONE',  ( 1.822284927269059107, 29.44150226828719141, 1.500000000000000222 ) ) ;
#6224 = CARTESIAN_POINT ( 'NONE',  ( 9.112178953203210696, 29.71659411409072149, 1.499999999999999778 ) ) ;
#6225 = EDGE_CURVE ( 'NONE', #513, #5414, #4469, .T. ) ;
#6226 = EDGE_CURVE ( 'NONE', #5788, #5552, #315, .T. ) ;
#6227 = EDGE_LOOP ( 'NONE', ( #3576, #4266 ) ) ;
#6228 = LINE ( 'NONE', #1657, #4534 ) ;
#6229 = ORIENTED_EDGE ( 'NONE', *, *, #1538, .F. ) ;
#6230 = CARTESIAN_POINT ( 'NONE',  ( 1.823812928562478897, 25.23912908597505833, 3.500000000000000000 ) ) ;
#6231 = CARTESIAN_POINT ( 'NONE',  ( 7.082679705369937295, 27.03837947678105991, 1.500000000000000000 ) ) ;
#6232 = FACE_OUTER_BOUND ( 'NONE', #5128, .T. ) ;
#6233 = DIRECTION ( 'NONE',  ( 0.000000000000000000, 0.000000000000000000, -1.000000000000000000 ) ) ;
#6234 = DIRECTION ( 'NONE',  ( 1.000000000000000000, 0.000000000000000000, 0.000000000000000000 ) ) ;
#6235 = CARTESIAN_POINT ( 'NONE',  ( -11.68618086173103343, 24.83985644836221240, 1.500000000000000222 ) ) ;
#6236 = CARTESIAN_POINT ( 'NONE',  ( 9.243746959565044108, 24.84694095676118764, 3.500000000000000000 ) ) ;
#6237 = FACE_BOUND ( 'NONE', #2901, .T. ) ;
#6238 = ORIENTED_EDGE ( 'NONE', *, *, #6408, .T. ) ;
#6239 = CARTESIAN_POINT ( 'NONE',  ( 5.500694691398827274, 36.80100000000001614, 5.999999999999998224 ) ) ;
#6240 = DIRECTION ( 'NONE',  ( -1.000000000000000000, 0.000000000000000000, -0.000000000000000000 ) ) ;
#6241 = CARTESIAN_POINT ( 'NONE',  ( -8.196467160618615466, 25.65564935224788812, 3.500000000000000000 ) ) ;
#6242 = CARTESIAN_POINT ( 'NONE',  ( 7.633595894384505698, 25.34837599124017160, 1.500000000000000000 ) ) ;
#6243 = CARTESIAN_POINT ( 'NONE',  ( -2.286450893342538926, 25.07236010298398909, 3.499999999999999556 ) ) ;
#6244 = CARTESIAN_POINT ( 'NONE',  ( 4.589273177629109135, 25.23912908597477056, 3.500000000000000000 ) ) ;
#6245 = CARTESIAN_POINT ( 'NONE',  ( -6.169593599177066956, 27.03837947678106701, 1.500000000000000000 ) ) ;
#6246 = CARTESIAN_POINT ( 'NONE',  ( -6.816723393438441470, -22.23771907541695469, 1.500000000000000000 ) ) ;
#6247 = CARTESIAN_POINT ( 'NONE',  ( -24.30000000000000071, -36.80000000000000426, 0.000000000000000000 ) ) ;
#6248 = ADVANCED_FACE ( 'NONE', ( #2941 ), #860, .F. ) ;
#6249 = CARTESIAN_POINT ( 'NONE',  ( -17.64370398651583116, -10.49999999999999467, 5.500000000000000000 ) ) ;
#6250 = CARTESIAN_POINT ( 'NONE',  ( 12.23559227637984215, 28.42333166547149759, 1.500000000000000000 ) ) ;
#6251 = CARTESIAN_POINT ( 'NONE',  ( -3.703049740323455019, 30.37861589501003579, 1.838333936184828765 ) ) ;
#6252 = EDGE_LOOP ( 'NONE', ( #1552, #5841 ) ) ;
#6253 = ORIENTED_EDGE ( 'NONE', *, *, #4712, .F. ) ;
#6254 = ORIENTED_EDGE ( 'NONE', *, *, #5407, .F. ) ;
#6255 = VECTOR ( 'NONE', #5365, 1000.000000000000000 ) ;
#6256 = AXIS2_PLACEMENT_3D ( 'NONE', #5786, #5755, #1029 ) ;
#6257 = EDGE_CURVE ( 'NONE', #396, #171, #6127, .T. ) ;
#6258 = CARTESIAN_POINT ( 'NONE',  ( 7.582679705369939960, 26.74385516550702135, 3.500000000000000888 ) ) ;
#6259 = LINE ( 'NONE', #2046, #3157 ) ;
#6260 = CARTESIAN_POINT ( 'NONE',  ( 1.717287274565382216, -27.57172974345886729, 0.5000000000000000000 ) ) ;
#6261 = FACE_BOUND ( 'NONE', #2429, .T. ) ;
#6262 = EDGE_CURVE ( 'NONE', #2215, #1190, #2493, .T. ) ;
#6263 = PLANE ( 'NONE',  #181 ) ;
#6264 = EDGE_CURVE ( 'NONE', #6686, #1547, #2146, .T. ) ;
#6265 = DIRECTION ( 'NONE',  ( -1.000000000000000000, 0.000000000000000000, -0.000000000000000000 ) ) ;
#6266 = CARTESIAN_POINT ( 'NONE',  ( 10.12720401015304184, 24.78837947678106701, 3.500000000000000000 ) ) ;
#6267 = DIRECTION ( 'NONE',  ( -0.000000000000000000, -0.000000000000000000, 1.000000000000000000 ) ) ;
#6268 = CARTESIAN_POINT ( 'NONE',  ( -13.86572847344717552, 35.27089408179999452, 2.700000073095999209 ) ) ;
#6269 = LINE ( 'NONE', #5216, #589 ) ;
#6270 = DIRECTION ( 'NONE',  ( 0.000000000000000000, 1.000000000000000000, 0.000000000000000000 ) ) ;
#6271 = CARTESIAN_POINT ( 'NONE',  ( -12.67414240922684598, 26.31857278746371165, 1.500000000000000000 ) ) ;
#6272 = CARTESIAN_POINT ( 'NONE',  ( 22.27463296929998293, -26.90006096009999936, 1.499999999999999556 ) ) ;
#6273 = CARTESIAN_POINT ( 'NONE',  ( 14.44749555499999616, -35.27084328170000305, 1.500000000000000000 ) ) ;
#6274 = CARTESIAN_POINT ( 'NONE',  ( -8.612987426891734799, 25.23912908597477056, 3.500000000000000000 ) ) ;
#6275 = VECTOR ( 'NONE', #4588, 1000.000000000000000 ) ;
#6276 = DIRECTION ( 'NONE',  ( -0.000000000000000000, -0.000000000000000000, -1.000000000000000000 ) ) ;
#6277 = AXIS2_PLACEMENT_3D ( 'NONE', #2328, #5370, #6421 ) ;
#6278 = CARTESIAN_POINT ( 'NONE',  ( 4.591495241786576642, 24.63546690577124210, 1.500000000000000000 ) ) ;
#6279 = EDGE_LOOP ( 'NONE', ( #5089, #1497, #5877, #346 ) ) ;
#6280 = AXIS2_PLACEMENT_3D ( 'NONE', #4828, #48, #1504 ) ;
#6281 = AXIS2_PLACEMENT_3D ( 'NONE', #2604, #5253, #504 ) ;
#6282 = EDGE_CURVE ( 'NONE', #6771, #5724, #5022, .T. ) ;
#6283 = VECTOR ( 'NONE', #4961, 1000.000000000000000 ) ;
#6284 = LINE ( 'NONE', #3750, #4196 ) ;
#6285 = DIRECTION ( 'NONE',  ( 1.000000000000000000, -1.090335308596359271E-16, 0.000000000000000000 ) ) ;
#6286 = LINE ( 'NONE', #6801, #236 ) ;
#6287 = FACE_BOUND ( 'NONE', #6117, .T. ) ;
#6288 = ORIENTED_EDGE ( 'NONE', *, *, #3536, .T. ) ;
#6289 = CARTESIAN_POINT ( 'NONE',  ( -12.18715607392862132, 26.44944673697268556, 3.500000000000000444 ) ) ;
#6290 = VECTOR ( 'NONE', #5873, 1000.000000000000000 ) ;
#6291 = CARTESIAN_POINT ( 'NONE',  ( -15.91000000000000725, 21.00000000000000000, 5.611269837220810075 ) ) ;
#6292 = DIRECTION ( 'NONE',  ( 0.000000000000000000, -0.000000000000000000, 1.000000000000000000 ) ) ;
#6293 = VERTEX_POINT ( 'NONE', #1889 ) ;
#6294 = EDGE_CURVE ( 'NONE', #6152, #1317, #2802, .T. ) ;
#6295 = CARTESIAN_POINT ( 'NONE',  ( -3.714117903960330036, 24.78837947678106346, 1.499999999999998890 ) ) ;
#6296 = AXIS2_PLACEMENT_3D ( 'NONE', #4556, #3878, #6633 ) ;
#6297 = VERTEX_POINT ( 'NONE', #737 ) ;
#6298 = VECTOR ( 'NONE', #3102, 1000.000000000000000 ) ;
#6299 = DIRECTION ( 'NONE',  ( -0.000000000000000000, -0.000000000000000000, 1.000000000000000000 ) ) ;
#6300 = CARTESIAN_POINT ( 'NONE',  ( -7.804279031405301659, 26.44944673097552723, 3.500000000000000000 ) ) ;
#6301 = CARTESIAN_POINT ( 'NONE',  ( -2.830660859368681503, 24.84694095427736116, 3.500000000000000000 ) ) ;
#6302 = CARTESIAN_POINT ( 'NONE',  ( 5.172562429377256521, 28.17152217661898206, 1.500000000000077938 ) ) ;
#6303 = CARTESIAN_POINT ( 'NONE',  ( 4.339685752933953644, 25.07236010050015551, 3.500000000000000000 ) ) ;
#6304 = ADVANCED_FACE ( 'NONE', ( #1828 ), #6061, .F. ) ;
#6305 = ORIENTED_EDGE ( 'NONE', *, *, #6328, .T. ) ;
#6306 = ORIENTED_EDGE ( 'NONE', *, *, #3875, .T. ) ;
#6307 = CARTESIAN_POINT ( 'NONE',  ( -0.7415108695917134174, 26.31793336257458904, 1.500000000000000222 ) ) ;
#6308 = EDGE_LOOP ( 'NONE', ( #1420, #4243, #2945, #4314 ) ) ;
#6309 = CIRCLE ( 'NONE', #3366, 1.249999999999999334 ) ;
#6310 = CARTESIAN_POINT ( 'NONE',  ( 22.27463296930000070, 26.90006096009999936, 1.499999999999999556 ) ) ;
#6311 = CARTESIAN_POINT ( 'NONE',  ( -0.7413789618661612568, 27.75888022894860185, 1.499999999999999778 ) ) ;
#6312 = AXIS2_PLACEMENT_3D ( 'NONE', #5353, #119, #4275 ) ;
#6313 = CYLINDRICAL_SURFACE ( 'NONE', #1326, 1.100000000000000311 ) ;
#6314 = CARTESIAN_POINT ( 'NONE',  ( -2.699786909859663186, 29.71680433458323733, 1.500000000000000000 ) ) ;
#6315 = ORIENTED_EDGE ( 'NONE', *, *, #873, .T. ) ;
#6316 = LINE ( 'NONE', #6760, #1991 ) ;
#6317 = FACE_OUTER_BOUND ( 'NONE', #4872, .T. ) ;
#6318 = DIRECTION ( 'NONE',  ( 0.000000000000000000, 0.000000000000000000, -1.000000000000000000 ) ) ;
#6319 = AXIS2_PLACEMENT_3D ( 'NONE', #1987, #393, #6047 ) ;
#6320 = ORIENTED_EDGE ( 'NONE', *, *, #769, .F. ) ;
#6321 = EDGE_CURVE ( 'NONE', #1751, #4960, #507, .T. ) ;
#6322 = LINE ( 'NONE', #4728, #2481 ) ;
#6323 = AXIS2_PLACEMENT_3D ( 'NONE', #21, #1660, #2117 ) ;
#6324 = ORIENTED_EDGE ( 'NONE', *, *, #1859, .F. ) ;
#6325 = CARTESIAN_POINT ( 'NONE',  ( -14.44749555499999971, -34.77084328169999594, 6.000000000000000000 ) ) ;
#6326 = ORIENTED_EDGE ( 'NONE', *, *, #251, .T. ) ;
#6327 = CARTESIAN_POINT ( 'NONE',  ( -7.796633740439631310, 25.34837599124064056, 1.500000000000000000 ) ) ;
#6328 = EDGE_CURVE ( 'NONE', #2279, #1989, #5341, .T. ) ;
#6329 = DIRECTION ( 'NONE',  ( 0.000000000000000000, 0.000000000000000000, -1.000000000000000000 ) ) ;
#6330 = CARTESIAN_POINT ( 'NONE',  ( -12.24571755142490659, 27.03837947678106701, 3.500000000000000000 ) ) ;
#6331 = DIRECTION ( 'NONE',  ( -0.000000000000000000, -0.000000000000000000, 1.000000000000000000 ) ) ;
#6332 = DIRECTION ( 'NONE',  ( -0.000000000000000000, -0.000000000000000000, -1.000000000000000000 ) ) ;
#6333 = DIRECTION ( 'NONE',  ( -1.000000000000000000, 0.000000000000000000, -0.000000000000000000 ) ) ;
#6334 = DIRECTION ( 'NONE',  ( -1.000000000000000000, 0.000000000000000000, 0.000000000000000000 ) ) ;
#6335 = VECTOR ( 'NONE', #2622, 1000.000000000000000 ) ;
#6336 = ORIENTED_EDGE ( 'NONE', *, *, #3417, .T. ) ;
#6337 = ORIENTED_EDGE ( 'NONE', *, *, #25, .F. ) ;
#6338 = CARTESIAN_POINT ( 'NONE',  ( -4.552736299014914501, 29.00439885306204957, 3.500000000000000000 ) ) ;
#6339 = DIRECTION ( 'NONE',  ( -1.000000000000000000, 0.000000000000000000, 0.000000000000000000 ) ) ;
#6340 = ADVANCED_FACE ( 'NONE', ( #3407 ), #2424, .F. ) ;
#6341 = CARTESIAN_POINT ( 'NONE',  ( 19.99999999999999645, -36.80000000000000426, -3.673940397442097709E-17 ) ) ;
#6342 = EDGE_CURVE ( 'NONE', #3037, #484, #2597, .T. ) ;
#6343 = ORIENTED_EDGE ( 'NONE', *, *, #508, .F. ) ;
#6344 = VERTEX_POINT ( 'NONE', #5493 ) ;
#6345 = LINE ( 'NONE', #578, #4859 ) ;
#6346 = DATE_TIME_ROLE ( 'creation_date' ) ;
#6347 = CARTESIAN_POINT ( 'NONE',  ( -1.016681028166917855, 28.42333166547213352, 1.500000000000000000 ) ) ;
#6348 = CARTESIAN_POINT ( 'NONE',  ( 18.69002413007999763, -31.18623444247999643, 0.5000000000000000000 ) ) ;
#6349 = CYLINDRICAL_SURFACE ( 'NONE', #1542, 1.599999999980944887 ) ;
#6350 = ORIENTED_EDGE ( 'NONE', *, *, #4025, .T. ) ;
#6351 = ORIENTED_EDGE ( 'NONE', *, *, #4131, .T. ) ;
#6352 = DIRECTION ( 'NONE',  ( 0.000000000000000000, 0.000000000000000000, -1.000000000000000000 ) ) ;
#6353 = VERTEX_POINT ( 'NONE', #806 ) ;
#6354 = VECTOR ( 'NONE', #6501, 1000.000000000000000 ) ;
#6355 = CARTESIAN_POINT ( 'NONE',  ( 0.9565430530959354583, 26.74385516550703201, 3.500000000000001332 ) ) ;
#6356 = CARTESIAN_POINT ( 'NONE',  ( 17.94749555500000326, 30.40006096009999936, 6.000000000000000000 ) ) ;
#6357 = FACE_OUTER_BOUND ( 'NONE', #1474, .T. ) ;
#6358 = ORIENTED_EDGE ( 'NONE', *, *, #3194, .F. ) ;
#6359 = CARTESIAN_POINT ( 'NONE',  ( -18.69005080009999986, 35.27089408180000163, 13.33000000000000007 ) ) ;
#6360 = EDGE_CURVE ( 'NONE', #3694, #6706, #5578, .T. ) ;
#6361 = VERTEX_POINT ( 'NONE', #1769 ) ;
#6362 = CARTESIAN_POINT ( 'NONE',  ( -15.90999999999999659, -12.40000000000000036, 5.611269837220810075 ) ) ;
#6363 = CARTESIAN_POINT ( 'NONE',  ( -7.804279031405748412, 27.62731222258606323, 1.499999999999921840 ) ) ;
#6364 = CARTESIAN_POINT ( 'NONE',  ( 0.1172872745844287523, -27.57172974345886729, 2.500000000000000000 ) ) ;
#6365 = ADVANCED_FACE ( 'NONE', ( #3903 ), #1251, .F. ) ;
#6366 = VERTEX_POINT ( 'NONE', #2311 ) ;
#6367 = CYLINDRICAL_SURFACE ( 'NONE', #6510, 0.5000000000000004441 ) ;
#6368 = CARTESIAN_POINT ( 'NONE',  ( -9.995717551424906588, 27.03837947678106701, 4.500000000000000888 ) ) ;
#6369 = CARTESIAN_POINT ( 'NONE',  ( -12.74571755142490836, 27.39835362707197319, 1.500000000000000000 ) ) ;
#6370 = CARTESIAN_POINT ( 'NONE',  ( 24.30000000000000071, 32.79999999999999005, 1.500000000000000000 ) ) ;
#6371 = CARTESIAN_POINT ( 'NONE',  ( 8.142216395065242196, 24.83985644836192819, 1.500000000000000000 ) ) ;
#6372 = ORIENTED_EDGE ( 'NONE', *, *, #6294, .F. ) ;
#6373 = DIRECTION ( 'NONE',  ( 0.000000000000000000, 0.000000000000000000, -1.000000000000000000 ) ) ;
#6374 =( BOUNDED_SURFACE ( )  B_SPLINE_SURFACE ( 2, 3, ( 
 ( #1041, #519, #4187, #2620, #2105, #2167, #2683, #2076, #1075, #4753, #4789, #6380, #41, #1144, #6347, #4257, #3260, #1619, #1109, #3904, #4957, #4445, #3844, #2276, #1799, #5465, #3408, #1175, #5428, #2785, #2893, #4920, #4887, #1771 ),
 ( #1731, #6030, #6552, #4417, #4851, #4358, #4512, #4107, #5655, #4041, #5092, #3512, #2468, #1929, #1857, #6062, #3056, #3552, #5618, #842, #444, #1445, #2541, #5054, #329, #3151, #2033, #3671, #541, #1578, #5726, #2158, #5815, #571 ),
 ( #2, #4284, #4318, #3626, #5327, #4213, #6338, #2615, #6782, #1612, #3775, #1165, #99, #6429, #3286, #5385, #1791, #5984, #1716, #1206, #3250, #5415, #2269, #6464, #1760, #3400, #5949, #5452, #1131, #5484, #760, #252, #4668, #2491 ) ),
 .UNSPECIFIED., .F., .T., .F. ) 
 B_SPLINE_SURFACE_WITH_KNOTS ( ( 3, 3 ),
 ( 4, 2, 2, 2, 2, 2, 2, 2, 2, 2, 2, 2, 2, 2, 2, 2, 4 ),
 ( 0.000000000000000000, 1.000000000000000000 ),
 ( -6.283185307179586232, -5.890486225480861648, -5.497787143782137953, -5.105088062083414258, -4.712388980384689674, -4.319689898685965090, -3.926990816987241395, -3.534291735288517255, -3.141592653589793116, -2.748893571891068976, -2.356194490192344837, -1.963495408493620697, -1.570796326794896558, -1.178097245096172418, -0.7853981633974482790, -0.3926990816987241395, 0.000000000000000000 ),
 .UNSPECIFIED. ) 
 GEOMETRIC_REPRESENTATION_ITEM ( )  RATIONAL_B_SPLINE_SURFACE ( (
 ( 1.000000000000000000, 1.000000000000000000, 1.000000000000000000, 1.000000000000000000, 1.000000000000000000, 1.000000000000000000, 1.000000000000000000, 1.000000000000000000, 1.000000000000000000, 1.000000000000000000, 1.000000000000000000, 1.000000000000000000, 1.000000000000000000, 1.000000000000000000, 1.000000000000000000, 1.000000000000000000, 1.000000000000000000, 1.000000000000000000, 1.000000000000000000, 1.000000000000000000, 1.000000000000000000, 1.000000000000000000, 1.000000000000000000, 1.000000000000000000, 1.000000000000000000, 1.000000000000000000, 1.000000000000000000, 1.000000000000000000, 1.000000000000000000, 1.000000000000000000, 1.000000000000000000, 1.000000000000000000, 1.000000000000000000, 1.000000000000000000),
 ( 0.7071067811865475727, 0.7071067811865475727, 0.7071067811865476838, 0.7071067811865476838, 0.7071067811865475727, 0.7071067811865475727, 0.7071067811865475727, 0.7071067811865475727, 0.7071067811865482389, 0.7071067811865482389, 0.7071067811865475727, 0.7071067811865475727, 0.7071067811865475727, 0.7071067811865475727, 0.7071067811865475727, 0.7071067811865475727, 0.7071067811865475727, 0.7071067811865475727, 0.7071067811865475727, 0.7071067811865475727, 0.7071067811865475727, 0.7071067811865475727, 0.7071067811865475727, 0.7071067811865475727, 0.7071067811865469066, 0.7071067811865469066, 0.7071067811865475727, 0.7071067811865475727, 0.7071067811865479058, 0.7071067811865479058, 0.7071067811865475727, 0.7071067811865475727, 0.7071067811865475727, 0.7071067811865475727),
 ( 1.000000000000000000, 1.000000000000000000, 1.000000000000000000, 1.000000000000000000, 1.000000000000000000, 1.000000000000000000, 1.000000000000000000, 1.000000000000000000, 1.000000000000000000, 1.000000000000000000, 1.000000000000000000, 1.000000000000000000, 1.000000000000000000, 1.000000000000000000, 1.000000000000000000, 1.000000000000000000, 1.000000000000000000, 1.000000000000000000, 1.000000000000000000, 1.000000000000000000, 1.000000000000000000, 1.000000000000000000, 1.000000000000000000, 1.000000000000000000, 1.000000000000000000, 1.000000000000000000, 1.000000000000000000, 1.000000000000000000, 1.000000000000000000, 1.000000000000000000, 1.000000000000000000, 1.000000000000000000, 1.000000000000000000, 1.000000000000000000) ) ) 
 REPRESENTATION_ITEM ( '' )  SURFACE ( )  );
#6375 = AXIS2_PLACEMENT_3D ( 'NONE', #3948, #264, #6034 ) ;
#6376 = ADVANCED_FACE ( 'NONE', ( #1313 ), #4444, .T. ) ;
#6377 = EDGE_CURVE ( 'NONE', #6504, #1551, #5998, .T. ) ;
#6378 = VERTEX_POINT ( 'NONE', #4986 ) ;
#6379 = VECTOR ( 'NONE', #423, 1000.000000000000000 ) ;
#6380 = CARTESIAN_POINT ( 'NONE',  ( -2.034641410486478286, 29.44129204779098075, 1.500000000000000000 ) ) ;
#6381 = CARTESIAN_POINT ( 'NONE',  ( 14.44749555499999971, 34.77089408179999452, 6.000000000000000000 ) ) ;
#6382 = VECTOR ( 'NONE', #810, 1000.000000000000000 ) ;
#6383 = LINE ( 'NONE', #1146, #6255 ) ;
#6384 = CIRCLE ( 'NONE', #3692, 1.599999999980936893 ) ;
#6385 = CARTESIAN_POINT ( 'NONE',  ( 0.000000000000000000, 0.000000000000000000, 13.33000000000000007 ) ) ;
#6386 = FACE_BOUND ( 'NONE', #1893, .T. ) ;
#6387 = DIRECTION ( 'NONE',  ( 1.000000000000000000, -1.612686487929613474E-15, 0.000000000000000000 ) ) ;
#6388 = ORIENTED_EDGE ( 'NONE', *, *, #3944, .F. ) ;
#6389 = AXIS2_PLACEMENT_3D ( 'NONE', #4014, #3444, #2926 ) ;
#6390 = CARTESIAN_POINT ( 'NONE',  ( 19.99999999999999645, -36.80000000000000426, -3.673940397442097709E-17 ) ) ;
#6391 = LINE ( 'NONE', #1188, #2093 ) ;
#6392 = ORIENTED_EDGE ( 'NONE', *, *, #4518, .F. ) ;
#6393 = CARTESIAN_POINT ( 'NONE',  ( 19.52730168626519003, 23.74847701314464388, 2.482403742358851861 ) ) ;
#6394 = CARTESIAN_POINT ( 'NONE',  ( 4.896546538636669332, 29.23746328776603676, 1.500000000000000000 ) ) ;
#6395 = EDGE_LOOP ( 'NONE', ( #4747, #2938, #1631, #579 ) ) ;
#6396 = CARTESIAN_POINT ( 'NONE',  ( -8.196467160619086201, 28.42110960131471131, 1.499999999999921840 ) ) ;
#6397 = DIRECTION ( 'NONE',  ( -0.000000000000000000, 0.000000000000000000, 1.000000000000000000 ) ) ;
#6398 = EDGE_CURVE ( 'NONE', #2663, #2588, #261, .T. ) ;
#6399 = CARTESIAN_POINT ( 'NONE',  ( -5.611032119196694978, 27.62731222258605968, 1.500000000000000222 ) ) ;
#6400 = CIRCLE ( 'NONE', #6727, 1.100000000000000311 ) ;
#6401 = ORIENTED_EDGE ( 'NONE', *, *, #5616, .T. ) ;
#6402 = CARTESIAN_POINT ( 'NONE',  ( 5.500694691398827274, 36.29999999999999005, 1.740000000223998144 ) ) ;
#6403 = VERTEX_POINT ( 'NONE', #5122 ) ;
#6404 = VERTEX_POINT ( 'NONE', #4613 ) ;
#6405 = CARTESIAN_POINT ( 'NONE',  ( -17.94749555500000326, 30.40006096009999936, 3.499999999999999556 ) ) ;
#6406 = CARTESIAN_POINT ( 'NONE',  ( -12.74571755142490836, 26.67840532649016083, 1.500000000000000000 ) ) ;
#6407 = DIRECTION ( 'NONE',  ( -0.000000000000000000, -0.000000000000000000, 1.000000000000000000 ) ) ;
#6408 = EDGE_CURVE ( 'NONE', #1066, #5891, #1258, .T. ) ;
#6409 = CARTESIAN_POINT ( 'NONE',  ( -14.94749555500000326, 30.40006096009999936, 2.000000000000000000 ) ) ;
#6410 = CARTESIAN_POINT ( 'NONE',  ( -5.618116627595047596, 28.72884278708836092, 1.499999999999999778 ) ) ;
#6411 = LINE ( 'NONE', #607, #1241 ) ;
#6412 = CARTESIAN_POINT ( 'NONE',  ( 12.08267970536993197, 27.03837947678105635, 3.500000000000000000 ) ) ;
#6413 = EDGE_CURVE ( 'NONE', #2652, #1547, #2030, .T. ) ;
#6414 = CIRCLE ( 'NONE', #4792, 2.999999999999999112 ) ;
#6415 = ORIENTED_EDGE ( 'NONE', *, *, #2559, .T. ) ;
#6416 = VERTEX_POINT ( 'NONE', #6207 ) ;
#6417 = AXIS2_PLACEMENT_3D ( 'NONE', #4073, #2535, #6203 ) ;
#6418 = ORIENTED_EDGE ( 'NONE', *, *, #5486, .T. ) ;
#6419 = ADVANCED_FACE ( 'NONE', ( #3022 ), #5654, .F. ) ;
#6420 = CARTESIAN_POINT ( 'NONE',  ( 20.29999999999999716, 32.79999999999999716, 0.000000000000000000 ) ) ;
#6421 = DIRECTION ( 'NONE',  ( 1.000000000000000000, 0.000000000000000000, -0.000000000000000000 ) ) ;
#6422 = ORIENTED_EDGE ( 'NONE', *, *, #5460, .T. ) ;
#6423 = ORIENTED_EDGE ( 'NONE', *, *, #4921, .F. ) ;
#6424 = CARTESIAN_POINT ( 'NONE',  ( -11.12886025126275769, 29.00439885306204957, 3.500000000000000000 ) ) ;
#6425 = DIRECTION ( 'NONE',  ( -0.000000000000000000, -0.000000000000000000, -1.000000000000000000 ) ) ;
#6426 = DIRECTION ( 'NONE',  ( -1.000000000000000000, 0.000000000000000000, 0.000000000000000000 ) ) ;
#6427 = VECTOR ( 'NONE', #3233, 1000.000000000000000 ) ;
#6428 = ORIENTED_EDGE ( 'NONE', *, *, #5538, .T. ) ;
#6429 = CARTESIAN_POINT ( 'NONE',  ( -1.620343208370775168, 28.42110960131424591, 3.500000000000000000 ) ) ;
#6430 = DIRECTION ( 'NONE',  ( 3.122502256758252376E-15, -1.000000000000000000, 0.000000000000000000 ) ) ;
#6431 = CARTESIAN_POINT ( 'NONE',  ( -7.745717551424907477, 27.33290378156430123, 1.500000000000000000 ) ) ;
#6432 = CARTESIAN_POINT ( 'NONE',  ( -13.86572847344717552, 36.29999999999999005, 6.100000073095998232 ) ) ;
#6433 = ORIENTED_EDGE ( 'NONE', *, *, #915, .T. ) ;
#6434 = ORIENTED_EDGE ( 'NONE', *, *, #5827, .T. ) ;
#6435 = CARTESIAN_POINT ( 'NONE',  ( 4.456543053095936457, 27.03837947678106701, -0.0009999999999999158867 ) ) ;
#6436 = PERSON_AND_ORGANIZATION ( #78, #5396 ) ;
#6437 = CARTESIAN_POINT ( 'NONE',  ( -20.25603904230366226, 23.93341824518692462, 1.758835570040371721 ) ) ;
#6438 = ADVANCED_FACE ( 'NONE', ( #4077 ), #402, .T. ) ;
#6439 = CIRCLE ( 'NONE', #1379, 1.599999999980936893 ) ;
#6440 = CARTESIAN_POINT ( 'NONE',  ( -3.616723393476528159, -22.23771907541695469, 2.500000000000000000 ) ) ;
#6441 = CARTESIAN_POINT ( 'NONE',  ( -5.669593599177066068, 27.03837947678106346, 1.500000000000000000 ) ) ;
#6442 = ORIENTED_EDGE ( 'NONE', *, *, #403, .F. ) ;
#6443 = ORIENTED_EDGE ( 'NONE', *, *, #5929, .F. ) ;
#6444 = DIRECTION ( 'NONE',  ( 0.000000000000000000, -0.000000000000000000, -1.000000000000000000 ) ) ;
#6445 = ADVANCED_FACE ( 'NONE', ( #6317 ), #3367, .T. ) ;
#6446 = CARTESIAN_POINT ( 'NONE',  ( 18.69002286095545529, -34.98084328169999679, 0.000000000000000000 ) ) ;
#6447 = ORIENTED_EDGE ( 'NONE', *, *, #4956, .T. ) ;
#6448 = CARTESIAN_POINT ( 'NONE',  ( 7.582679705369938183, 27.03837947678105991, 3.500000000000000000 ) ) ;
#6449 = ORIENTED_EDGE ( 'NONE', *, *, #1243, .T. ) ;
#6450 = CARTESIAN_POINT ( 'NONE',  ( 20.27552488666367836, 23.94081217282598928, 1.741243430966138206 ) ) ;
#6451 = EDGE_LOOP ( 'NONE', ( #989, #5875, #6343, #5047 ) ) ;
#6452 = DIRECTION ( 'NONE',  ( 0.000000000000000000, 0.000000000000000000, 1.000000000000000000 ) ) ;
#6453 = CARTESIAN_POINT ( 'NONE',  ( -4.552736299014914501, 29.00439885306204957, 3.500000000000000000 ) ) ;
#6454 = CARTESIAN_POINT ( 'NONE',  ( 1.015104533076149895, 27.62731222258667785, 1.500000000000000444 ) ) ;
#6455 = ORIENTED_EDGE ( 'NONE', *, *, #5706, .F. ) ;
#6456 = EDGE_CURVE ( 'NONE', #6403, #6687, #2129, .T. ) ;
#6457 = EDGE_CURVE ( 'NONE', #2232, #2256, #2923, .T. ) ;
#6458 = AXIS2_PLACEMENT_3D ( 'NONE', #5824, #3225, #608 ) ;
#6459 = CIRCLE ( 'NONE', #1618, 3.794607569210000531 ) ;
#6460 = ORIENTED_EDGE ( 'NONE', *, *, #3264, .T. ) ;
#6461 = CARTESIAN_POINT ( 'NONE',  ( -10.29024185620801823, 24.78837947678106346, 1.499999999999998890 ) ) ;
#6462 = CARTESIAN_POINT ( 'NONE',  ( 9.243746959564791865, 24.84694095676058367, 1.500000000000000888 ) ) ;
#6463 = ORIENTED_EDGE ( 'NONE', *, *, #3335, .T. ) ;
#6464 = CARTESIAN_POINT ( 'NONE',  ( -2.830660853372237273, 24.84694095676116632, 3.500000000000000000 ) ) ;
#6465 = CARTESIAN_POINT ( 'NONE',  ( 5.451297942626342596, -22.23771907541695469, 0.5000000000000000000 ) ) ;
#6466 = CARTESIAN_POINT ( 'NONE',  ( 20.14749555500000255, 30.40006096009999936, 0.5000000000000004441 ) ) ;
#6467 = CIRCLE ( 'NONE', #1909, 0.5000000000000004441 ) ;
#6468 = CARTESIAN_POINT ( 'NONE',  ( 7.154254847567926845, 27.75818616609861422, 1.500000000000000000 ) ) ;
#6469 = ORIENTED_EDGE ( 'NONE', *, *, #2694, .T. ) ;
#6470 = CARTESIAN_POINT ( 'NONE',  ( -2.947495555000002376, 34.27089408180000163, 2.700000073095999209 ) ) ;
#6471 = FACE_OUTER_BOUND ( 'NONE', #1839, .T. ) ;
#6472 = LINE ( 'NONE', #736, #748 ) ;
#6473 = CARTESIAN_POINT ( 'NONE',  ( -20.08835919253959190, 23.87542379738428266, 1.912743658054777196 ) ) ;
#6474 = CARTESIAN_POINT ( 'NONE',  ( 14.94749555500001215, 5.323477688200406227E-15, 1.500000000000000000 ) ) ;
#6475 = CARTESIAN_POINT ( 'NONE',  ( 12.02411822539002628, 27.62731222258604902, 1.500000000000156541 ) ) ;
#6476 = CARTESIAN_POINT ( 'NONE',  ( -1.387358394700001885, -36.30000000000000426, 7.386156972313998814 ) ) ;
#6477 = AXIS2_PLACEMENT_3D ( 'NONE', #5937, #5403, #6452 ) ;
#6478 = DIRECTION ( 'NONE',  ( -0.000000000000000000, -1.000000000000000000, -0.000000000000000000 ) ) ;
#6479 = ORIENTED_EDGE ( 'NONE', *, *, #3854, .F. ) ;
#6480 = LINE ( 'NONE', #2862, #6283 ) ;
#6481 = VERTEX_POINT ( 'NONE', #101 ) ;
#6482 = ORIENTED_EDGE ( 'NONE', *, *, #4558, .F. ) ;
#6483 =( NAMED_UNIT ( * ) PLANE_ANGLE_UNIT ( ) SI_UNIT ( $, .RADIAN. ) );
#6484 = CARTESIAN_POINT ( 'NONE',  ( 17.94749555500000326, -30.40006096009999936, 0.5000000000000004441 ) ) ;
#6485 = CARTESIAN_POINT ( 'NONE',  ( 3.501067357879104502, 29.28837947678107057, 3.500000000000000000 ) ) ;
#6486 = CARTESIAN_POINT ( 'NONE',  ( 7.582679705369939072, 27.33290378805510557, 3.500000000000000444 ) ) ;
#6487 = CYLINDRICAL_SURFACE ( 'NONE', #2447, 1.599999999980955767 ) ;
#6488 = ADVANCED_FACE ( 'NONE', ( #5890 ), #667, .T. ) ;
#6489 = ORIENTED_EDGE ( 'NONE', *, *, #1280, .T. ) ;
#6490 = CARTESIAN_POINT ( 'NONE',  ( 19.64328315856197449, 23.76917699598361011, 2.357687655940826854 ) ) ;
#6491 = AXIS2_PLACEMENT_3D ( 'NONE', #4461, #308, #1388 ) ;
#6492 = AXIS2_PLACEMENT_3D ( 'NONE', #1333, #3460, #6084 ) ;
#6493 = VERTEX_POINT ( 'NONE', #6580 ) ;
#6494 = CARTESIAN_POINT ( 'NONE',  ( -2.286450899338979603, 25.07236010050018393, 3.500000000000000000 ) ) ;
#6495 = VERTEX_POINT ( 'NONE', #3935 ) ;
#6496 = CYLINDRICAL_SURFACE ( 'NONE', #258, 1.600000000000000755 ) ;
#6497 = ORIENTED_EDGE ( 'NONE', *, *, #5996, .F. ) ;
#6498 = LINE ( 'NONE', #3923, #3726 ) ;
#6499 = DIRECTION ( 'NONE',  ( 0.000000000000000000, 0.000000000000000000, -1.000000000000000000 ) ) ;
#6500 = DIRECTION ( 'NONE',  ( 0.000000000000000000, 0.000000000000000000, -1.000000000000000000 ) ) ;
#6501 = DIRECTION ( 'NONE',  ( -0.000000000000000000, -0.000000000000000000, -1.000000000000000000 ) ) ;
#6502 = EDGE_CURVE ( 'NONE', #4319, #1776, #6057, .T. ) ;
#6503 = CARTESIAN_POINT ( 'NONE',  ( 1.407292662289660878, 28.42110960131426012, 3.500000000000000000 ) ) ;
#6504 = VERTEX_POINT ( 'NONE', #2502 ) ;
#6505 = CARTESIAN_POINT ( 'NONE',  ( -6.169593599177068732, 26.67804361544277469, 1.500000000000000444 ) ) ;
#6506 = DIRECTION ( 'NONE',  ( -1.000000000000000000, 0.000000000000000000, 0.000000000000000000 ) ) ;
#6507 = CARTESIAN_POINT ( 'NONE',  ( -18.69005080008499675, 31.18628651258499573, 3.500000000000000000 ) ) ;
#6508 = CARTESIAN_POINT ( 'NONE',  ( -12.39863012243504947, 25.65342728809043393, 1.500000000000000000 ) ) ;
#6509 = DIRECTION ( 'NONE',  ( -0.000000000000000000, -0.000000000000000000, -1.000000000000000000 ) ) ;
#6510 = AXIS2_PLACEMENT_3D ( 'NONE', #1163, #2704, #659 ) ;
#6511 = LINE ( 'NONE', #6435, #98 ) ;
#6512 = ORIENTED_EDGE ( 'NONE', *, *, #4550, .T. ) ;
#6513 = PLANE ( 'NONE',  #5962 ) ;
#6514 = VERTEX_POINT ( 'NONE', #6676 ) ;
#6515 = CARTESIAN_POINT ( 'NONE',  ( -9.995717551424906588, 27.03837947678106701, 4.500000000000000888 ) ) ;
#6516 = AXIS2_PLACEMENT_3D ( 'NONE', #2989, #3055, #1129 ) ;
#6517 = CARTESIAN_POINT ( 'NONE',  ( -14.44749555499999971, 35.27089408180000163, 6.000000000000000000 ) ) ;
#6518 = LINE ( 'NONE', #6032, #6382 ) ;
#6519 = AXIS2_PLACEMENT_3D ( 'NONE', #4219, #1007, #2075 ) ;
#6520 = VECTOR ( 'NONE', #5301, 1000.000000000000000 ) ;
#6521 = CARTESIAN_POINT ( 'NONE',  ( -20.55649513947969353, -9.660184451703461406, 1.499999999999999556 ) ) ;
#6522 = ORIENTED_EDGE ( 'NONE', *, *, #5042, .F. ) ;
#6523 = CARTESIAN_POINT ( 'NONE',  ( 7.866660329089468995, 25.90523677694173088, 1.499999999999843903 ) ) ;
#6524 = APPROVAL ( #1174, '未指定' ) ;
#6525 = DIRECTION ( 'NONE',  ( 0.000000000000000000, 0.000000000000000000, 1.000000000000000000 ) ) ;
#6526 = VECTOR ( 'NONE', #4092, 1000.000000000000000 ) ;
#6527 = ORIENTED_EDGE ( 'NONE', *, *, #1824, .T. ) ;
#6528 = CARTESIAN_POINT ( 'NONE',  ( 9.909999999999998366, -4.500000000000024869, 3.499999999999999556 ) ) ;
#6529 = ORIENTED_EDGE ( 'NONE', *, *, #4387, .T. ) ;
#6530 = ORIENTED_EDGE ( 'NONE', *, *, #4990, .F. ) ;
#6531 = CARTESIAN_POINT ( 'NONE',  ( 14.94749555500000149, 34.77089408179999452, 6.000000000000000000 ) ) ;
#6532 = ADVANCED_FACE ( 'NONE', ( #3084 ), #3543, .F. ) ;
#6533 = DIRECTION ( 'NONE',  ( -1.000000000000000000, 0.000000000000000000, 0.000000000000000000 ) ) ;
#6534 = LINE ( 'NONE', #2907, #1321 ) ;
#6535 = DIRECTION ( 'NONE',  ( -1.000000000000000000, 3.469446951953614189E-16, 0.000000000000000000 ) ) ;
#6536 = ORIENTED_EDGE ( 'NONE', *, *, #5853, .F. ) ;
#6537 = LINE ( 'NONE', #4068, #4046 ) ;
#6538 = ORIENTED_EDGE ( 'NONE', *, *, #4913, .F. ) ;
#6539 = EDGE_CURVE ( 'NONE', #4983, #3037, #2571, .T. ) ;
#6540 = CARTESIAN_POINT ( 'NONE',  ( -18.69005080008499675, 31.18628651258499573, 6.000000000000000000 ) ) ;
#6541 = VECTOR ( 'NONE', #5512, 1000.000000000000000 ) ;
#6542 = CARTESIAN_POINT ( 'NONE',  ( 10.19265385566053439, 29.78837947678105635, 1.500000000000000000 ) ) ;
#6543 = LINE ( 'NONE', #4981, #5804 ) ;
#6544 = CYLINDRICAL_SURFACE ( 'NONE', #3387, 10.00000000000000000 ) ;
#6545 = CARTESIAN_POINT ( 'NONE',  ( 3.566517203386457169, 29.78837947678107057, 1.500000000000000000 ) ) ;
#6546 = CYLINDRICAL_SURFACE ( 'NONE', #2860, 4.084607569209999234 ) ;
#6547 = VERTEX_POINT ( 'NONE', #2131 ) ;
#6548 = CARTESIAN_POINT ( 'NONE',  ( 14.16966983318281592, -36.80000000000000426, 8.636157047397997388 ) ) ;
#6549 = CARTESIAN_POINT ( 'NONE',  ( 18.27513856041459306, -8.201728530779888615, 4.194694219983404082 ) ) ;
#6550 = ADVANCED_FACE ( 'NONE', ( #5255 ), #3176, .F. ) ;
#6551 = EDGE_CURVE ( 'NONE', #3852, #1585, #249, .T. ) ;
#6552 = CARTESIAN_POINT ( 'NONE',  ( -5.611032119196694978, 27.62731222258605968, 1.500000000000000222 ) ) ;
#6553 = CARTESIAN_POINT ( 'NONE',  ( 22.77463296929997583, -31.18623580853164157, 13.33000000000000007 ) ) ;
#6554 = ORIENTED_EDGE ( 'NONE', *, *, #6551, .T. ) ;
#6555 = CARTESIAN_POINT ( 'NONE',  ( -14.94749555500000326, 35.27089408179999452, 2.700000073095999209 ) ) ;
#6556 = ORIENTED_EDGE ( 'NONE', *, *, #3454, .F. ) ;
#6557 = MECHANICAL_CONTEXT ( 'NONE', #321, 'mechanical' ) ;
#6558 = CIRCLE ( 'NONE', #628, 1.600000000000000755 ) ;
#6559 = CARTESIAN_POINT ( 'NONE',  ( 11.63193009617637586, 25.65564935224804088, 1.500000000000077938 ) ) ;
#6560 = DIRECTION ( 'NONE',  ( 0.000000000000000000, 0.000000000000000000, -1.000000000000000000 ) ) ;
#6561 = CARTESIAN_POINT ( 'NONE',  ( -17.64370398651583116, -10.49999999999999467, 5.500000000000000000 ) ) ;
#6562 = VERTEX_POINT ( 'NONE', #1755 ) ;
#6563 = DIRECTION ( 'NONE',  ( 0.000000000000000000, -0.000000000000000000, -1.000000000000000000 ) ) ;
#6564 = DIRECTION ( 'NONE',  ( -1.000000000000000000, 0.000000000000000000, 0.000000000000000000 ) ) ;
#6565 = ORIENTED_EDGE ( 'NONE', *, *, #3454, .T. ) ;
#6566 = VERTEX_POINT ( 'NONE', #3279 ) ;
#6567 = CARTESIAN_POINT ( 'NONE',  ( -4.802323723710580694, 25.23912908597511517, 3.500000000000000000 ) ) ;
#6568 = CARTESIAN_POINT ( 'NONE',  ( 5.397981573115407272, 27.62731222258606323, 1.499999999999921840 ) ) ;
#6569 = DIRECTION ( 'NONE',  ( 0.000000000000000000, 0.000000000000000000, -1.000000000000000000 ) ) ;
#6570 = CARTESIAN_POINT ( 'NONE',  ( 0.1172872745844287523, -27.57172974345886729, 1.500000000000000000 ) ) ;
#6571 = PLANE ( 'NONE',  #3431 ) ;
#6572 = CARTESIAN_POINT ( 'NONE',  ( -2.169593599177063847, 27.03837947678106701, -0.0009999999999999158867 ) ) ;
#6573 = LINE ( 'NONE', #5072, #2141 ) ;
#6574 = CARTESIAN_POINT ( 'NONE',  ( -1.387358394700001885, -36.30000000000000426, 7.386156972313998814 ) ) ;
#6575 = ORIENTED_EDGE ( 'NONE', *, *, #3628, .F. ) ;
#6576 = EDGE_CURVE ( 'NONE', #3694, #5079, #3097, .T. ) ;
#6577 = CIRCLE ( 'NONE', #6319, 0.5000000000000004441 ) ;
#6578 = LINE ( 'NONE', #285, #372 ) ;
#6579 = DIRECTION ( 'NONE',  ( 0.000000000000000000, 0.000000000000000000, -1.000000000000000000 ) ) ;
#6580 = CARTESIAN_POINT ( 'NONE',  ( -5.669593599177066068, 27.03837947678106701, 3.500000000000000000 ) ) ;
#6581 = EDGE_CURVE ( 'NONE', #3485, #1317, #4940, .T. ) ;
#6582 = ORIENTED_EDGE ( 'NONE', *, *, #4025, .F. ) ;
#6583 = FACE_OUTER_BOUND ( 'NONE', #3414, .T. ) ;
#6584 = CARTESIAN_POINT ( 'NONE',  ( 17.77167994610683266, -10.07203668080366832, 5.179027510602749906 ) ) ;
#6585 = CARTESIAN_POINT ( 'NONE',  ( 5.456543053095936457, 27.03837947678106346, 3.500000000000000000 ) ) ;
#6586 = CARTESIAN_POINT ( 'NONE',  ( -2.947495555000003264, 30.40006096009999936, 2.500000000000000444 ) ) ;
#6587 = ORIENTED_EDGE ( 'NONE', *, *, #3892, .T. ) ;
#6588 = ORIENTED_EDGE ( 'NONE', *, *, #3944, .T. ) ;
#6589 = EDGE_CURVE ( 'NONE', #3950, #1547, #5381, .T. ) ;
#6590 = EDGE_CURVE ( 'NONE', #1768, #6562, #2563, .T. ) ;
#6591 = VERTEX_POINT ( 'NONE', #6643 ) ;
#6592 = ORIENTED_EDGE ( 'NONE', *, *, #3077, .F. ) ;
#6593 = DIRECTION ( 'NONE',  ( -0.000000000000000000, 1.000000000000000000, -0.000000000000000000 ) ) ;
#6594 = CARTESIAN_POINT ( 'NONE',  ( -18.71863864664125998, 23.67963109659307364, 3.500000000000000000 ) ) ;
#6595 = CARTESIAN_POINT ( 'NONE',  ( -17.94749555500000326, 30.40006096009999936, 12.22253967444162015 ) ) ;
#6596 = VERTEX_POINT ( 'NONE', #3529 ) ;
#6597 = CIRCLE ( 'NONE', #5925, 1.000000000000000000 ) ;
#6598 = FACE_OUTER_BOUND ( 'NONE', #1120, .T. ) ;
#6599 = FACE_OUTER_BOUND ( 'NONE', #6748, .T. ) ;
#6600 = EDGE_CURVE ( 'NONE', #5766, #3405, #3613, .T. ) ;
#6601 = ORIENTED_EDGE ( 'NONE', *, *, #5771, .T. ) ;
#6602 = ORIENTED_EDGE ( 'NONE', *, *, #3445, .T. ) ;
#6603 = CARTESIAN_POINT ( 'NONE',  ( 0.9565430530959354583, 27.33290378156430123, 1.500000000000000000 ) ) ;
#6605 = EDGE_LOOP ( 'NONE', ( #6455, #5181, #4573, #5422 ) ) ;
#6604 = LOCAL_TIME ( 14, 12, 36.00000000000000000, #6181 ) ;
#6606 = FACE_OUTER_BOUND ( 'NONE', #1233, .T. ) ;
#6607 = VECTOR ( 'NONE', #6610, 1000.000000000000000 ) ;
#6608 = EDGE_LOOP ( 'NONE', ( #2696, #4052, #5866, #1368 ) ) ;
#6609 = LINE ( 'NONE', #3042, #2188 ) ;
#6610 = DIRECTION ( 'NONE',  ( 0.000000000000000000, -1.000000000000000000, -0.000000000000000000 ) ) ;
#6611 = CARTESIAN_POINT ( 'NONE',  ( 12.08267970536993197, 26.74385517199781148, 3.500000000000000000 ) ) ;
#6612 = CARTESIAN_POINT ( 'NONE',  ( 22.77463296930000070, 31.18628397259999829, 6.000000000000000000 ) ) ;
#6613 = AXIS2_PLACEMENT_3D ( 'NONE', #6000, #5961, #1733 ) ;
#6614 = VERTEX_POINT ( 'NONE', #3004 ) ;
#6615 = AXIS2_PLACEMENT_3D ( 'NONE', #6821, #3667, #3370 ) ;
#6616 = VECTOR ( 'NONE', #3350, 1000.000000000000000 ) ;
#6617 = LINE ( 'NONE', #1882, #1710 ) ;
#6618 = CARTESIAN_POINT ( 'NONE',  ( -9.701193246641661716, 29.28837947678107057, 3.500000000000000000 ) ) ;
#6619 = CARTESIAN_POINT ( 'NONE',  ( 4.896546538636669332, 29.23746328776603676, 1.500000000000000000 ) ) ;
#6620 = VERTEX_POINT ( 'NONE', #1911 ) ;
#6621 = CARTESIAN_POINT ( 'NONE',  ( 5.451297942626342596, -22.23771907541695469, 0.5000000000000000000 ) ) ;
#6622 = EDGE_CURVE ( 'NONE', #3532, #2652, #1658, .T. ) ;
#6623 = CARTESIAN_POINT ( 'NONE',  ( -9.910000000000009024, 31.18628651258499929, 13.50000000000000000 ) ) ;
#6624 = CARTESIAN_POINT ( 'NONE',  ( 9.910000000000001918, -10.50000000000000355, 3.499999999999999556 ) ) ;
#6625 = AXIS2_PLACEMENT_3D ( 'NONE', #5887, #5326, #5412 ) ;
#6626 = ORIENTED_EDGE ( 'NONE', *, *, #5720, .T. ) ;
#6627 = VERTEX_POINT ( 'NONE', #4631 ) ;
#6628 = APPLICATION_PROTOCOL_DEFINITION ( 'international standard', 'config_control_design', 1994, #321 ) ;
#6629 = CARTESIAN_POINT ( 'NONE',  ( -17.94749555500000326, -30.40006096009999936, 0.5000000000000004441 ) ) ;
#6630 = CARTESIAN_POINT ( 'NONE',  ( 0.9565430530959354583, 27.03837947678106701, 3.500000000000000000 ) ) ;
#6631 = VECTOR ( 'NONE', #6699, 1000.000000000000000 ) ;
#6632 = ADVANCED_FACE ( 'NONE', ( #6086 ), #5073, .T. ) ;
#6633 = DIRECTION ( 'NONE',  ( -1.000000000000000000, 0.000000000000000000, 0.000000000000000000 ) ) ;
#6634 = CYLINDRICAL_SURFACE ( 'NONE', #3351, 3.794607569210000531 ) ;
#6635 = CARTESIAN_POINT ( 'NONE',  ( -8.029698175144115879, 28.17152217661939062, 3.500000000000000000 ) ) ;
#6636 = VERTEX_POINT ( 'NONE', #4732 ) ;
#6637 = ORIENTED_EDGE ( 'NONE', *, *, #2245, .T. ) ;
#6638 = VERTEX_POINT ( 'NONE', #4236 ) ;
#6639 = EDGE_CURVE ( 'NONE', #3274, #4472, #3166, .T. ) ;
#6640 = EDGE_CURVE ( 'NONE', #753, #5576, #4327, .T. ) ;
#6641 = VERTEX_POINT ( 'NONE', #2118 ) ;
#6642 = CARTESIAN_POINT ( 'NONE',  ( 11.79869908165111880, 25.90523677694370619, 3.500000000000000000 ) ) ;
#6643 = CARTESIAN_POINT ( 'NONE',  ( 14.94749555500000326, -30.40006096009999936, 6.000000000000000000 ) ) ;
#6644 = AXIS2_PLACEMENT_3D ( 'NONE', #6272, #6299, #4311 ) ;
#6645 =( BOUNDED_CURVE ( )  B_SPLINE_CURVE ( 2, ( #5675, #493, #1984 ),
 .UNSPECIFIED., .F., .T. ) 
 B_SPLINE_CURVE_WITH_KNOTS ( ( 3, 3 ),
 ( 0.000000000000000000, 1.000000000000000000 ),
 .UNSPECIFIED. ) 
 CURVE ( )  GEOMETRIC_REPRESENTATION_ITEM ( )  RATIONAL_B_SPLINE_CURVE ( ( 1.000000000000000000, 0.7071067811865477948, 1.000000000000000000 ) ) 
 REPRESENTATION_ITEM ( '' )  );
#6646 = CARTESIAN_POINT ( 'NONE',  ( -7.592804980414683769, 28.42333166547213352, 1.500000000000000000 ) ) ;
#6647 = VECTOR ( 'NONE', #5375, 1000.000000000000000 ) ;
#6648 = LINE ( 'NONE', #4979, #4488 ) ;
#6649 = CARTESIAN_POINT ( 'NONE',  ( 9.112873016052576602, 24.35995461897881142, 1.500000000000000000 ) ) ;
#6650 = CARTESIAN_POINT ( 'NONE',  ( -7.797093565204069598, 28.72894374488669555, 1.500000000000000222 ) ) ;
#6651 = VERTEX_POINT ( 'NONE', #2721 ) ;
#6652 = CARTESIAN_POINT ( 'NONE',  ( -12.24571755142490836, 27.03837947678106701, 3.500000000000000000 ) ) ;
#6653 = ORIENTED_EDGE ( 'NONE', *, *, #3187, .F. ) ;
#6654 = AXIS2_PLACEMENT_3D ( 'NONE', #1510, #6815, #3664 ) ;
#6655 = DIRECTION ( 'NONE',  ( -1.000000000000000000, -3.469446951953613696E-16, 0.000000000000000000 ) ) ;
#6656 = PLANE ( 'NONE',  #4230 ) ;
#6657 = ORIENTED_EDGE ( 'NONE', *, *, #4083, .T. ) ;
#6658 = CARTESIAN_POINT ( 'NONE',  ( 5.229669765516815616, -35.27084328170000305, 10.84615707131399809 ) ) ;
#6659 = VECTOR ( 'NONE', #1625, 1000.000000000000000 ) ;
#6660 = DIRECTION ( 'NONE',  ( 0.000000000000000000, 0.000000000000000000, -1.000000000000000000 ) ) ;
#6661 = LINE ( 'NONE', #266, #1783 ) ;
#6662 = CARTESIAN_POINT ( 'NONE',  ( -7.804279031404906419, 27.62731222258565822, 3.500000000000000000 ) ) ;
#6663 = DIRECTION ( 'NONE',  ( -3.561451260254549034E-16, 1.000000000000000000, 0.000000000000000000 ) ) ;
#6664 = CARTESIAN_POINT ( 'NONE',  ( 5.884625782682038952, 26.31793336257696225, 1.500000000000000222 ) ) ;
#6665 = ADVANCED_FACE ( 'NONE', ( #1597 ), #5807, .F. ) ;
#6666 = CARTESIAN_POINT ( 'NONE',  ( 4.339685752933953644, 25.07236010050015551, 3.500000000000000000 ) ) ;
#6667 = CARTESIAN_POINT ( 'NONE',  ( 4.339685752933695184, 29.00439885306208865, 3.500000000000000000 ) ) ;
#6668 = VERTEX_POINT ( 'NONE', #5713 ) ;
#6669 = ADVANCED_FACE ( 'NONE', ( #2596, #194 ), #232, .T. ) ;
#6670 = EDGE_CURVE ( 'NONE', #6627, #4208, #1639, .T. ) ;
#6671 = ORIENTED_EDGE ( 'NONE', *, *, #4065, .T. ) ;
#6672 = DIRECTION ( 'NONE',  ( -1.000000000000000000, 0.000000000000000000, 0.000000000000000000 ) ) ;
#6673 = CARTESIAN_POINT ( 'NONE',  ( 0.000000000000000000, -27.40006096009999936, 6.000000000000000000 ) ) ;
#6674 = FACE_OUTER_BOUND ( 'NONE', #277, .T. ) ;
#6675 = DIRECTION ( 'NONE',  ( -1.000000000000000000, 0.000000000000000000, -2.602735897939695799E-16 ) ) ;
#6676 = CARTESIAN_POINT ( 'NONE',  ( -22.48465836929999995, 31.18628651260003792, 0.5000000000000000000 ) ) ;
#6677 = DIRECTION ( 'NONE',  ( 0.000000000000000000, -1.000000000000000000, 0.000000000000000000 ) ) ;
#6678 = CARTESIAN_POINT ( 'NONE',  ( 0.4565430530959354027, 27.03837947678106701, 1.500000000000000000 ) ) ;
#6679 = VECTOR ( 'NONE', #2840, 1000.000000000000000 ) ;
#6680 = ORIENTED_EDGE ( 'NONE', *, *, #6039, .F. ) ;
#6681 = DIRECTION ( 'NONE',  ( -0.000000000000000000, -0.000000000000000000, 1.000000000000000000 ) ) ;
#6682 = LINE ( 'NONE', #481, #677 ) ;
#6683 = CARTESIAN_POINT ( 'NONE',  ( 8.142676219829194650, 29.23746328776664072, 1.500000000000000000 ) ) ;
#6684 = VERTEX_POINT ( 'NONE', #6008 ) ;
#6685 = ORIENTED_EDGE ( 'NONE', *, *, #6135, .T. ) ;
#6686 = VERTEX_POINT ( 'NONE', #3821 ) ;
#6687 = VERTEX_POINT ( 'NONE', #4460 ) ;
#6688 = CARTESIAN_POINT ( 'NONE',  ( -3.419593599177064291, 27.03837947678106701, 4.500000000000000888 ) ) ;
#6689 = CARTESIAN_POINT ( 'NONE',  ( 1.407292662289660878, 28.42110960131426012, 3.500000000000000000 ) ) ;
#6690 = DIRECTION ( 'NONE',  ( -0.000000000000000000, 0.000000000000000000, 1.000000000000000000 ) ) ;
#6691 = ADVANCED_FACE ( 'NONE', ( #781 ), #2178, .F. ) ;
#6692 = VECTOR ( 'NONE', #1897, 1000.000000000000000 ) ;
#6693 = DIRECTION ( 'NONE',  ( 1.000000000000000000, 0.000000000000000000, 0.000000000000000000 ) ) ;
#6694 = CARTESIAN_POINT ( 'NONE',  ( 12.51089434268247480, 27.75888022894411122, 1.500000000000000222 ) ) ;
#6695 = DIRECTION ( 'NONE',  ( 0.000000000000000000, -1.000000000000000000, 0.000000000000000000 ) ) ;
#6696 = EDGE_LOOP ( 'NONE', ( #4172, #6479, #533, #4713 ) ) ;
#6697 = CARTESIAN_POINT ( 'NONE',  ( 0.9565430530959354583, 27.03837947678106701, 3.500000000000000000 ) ) ;
#6698 = CARTESIAN_POINT ( 'NONE',  ( 2.617610307291112104, 24.84694095676116632, 3.500000000000000000 ) ) ;
#6699 = DIRECTION ( 'NONE',  ( -0.000000000000000000, -0.000000000000000000, -1.000000000000000000 ) ) ;
#6700 = EDGE_CURVE ( 'NONE', #3950, #5234, #992, .T. ) ;
#6701 = LINE ( 'NONE', #4127, #3824 ) ;
#6702 = CARTESIAN_POINT ( 'NONE',  ( 1.717287274565382216, -27.57172974345886729, 1.500000000000000000 ) ) ;
#6703 = CARTESIAN_POINT ( 'NONE',  ( 12.08267970536993197, 27.33290378156429412, 3.500000000000000000 ) ) ;
#6704 = CARTESIAN_POINT ( 'NONE',  ( -2.830660853371917529, 29.22981799680147574, 1.500000000000000000 ) ) ;
#6705 = CARTESIAN_POINT ( 'NONE',  ( -18.69005080010004249, 34.98089408179999538, 0.000000000000000000 ) ) ;
#6706 = VERTEX_POINT ( 'NONE', #2483 ) ;
#6707 = ADVANCED_FACE ( 'NONE', ( #6599 ), #4122, .F. ) ;
#6708 = CARTESIAN_POINT ( 'NONE',  ( -17.94749555500000326, 30.40006096009999936, 0.5000000000000004441 ) ) ;
#6709 = CARTESIAN_POINT ( 'NONE',  ( 1.516539567555081014, 24.83929566579594805, 1.500000000000000000 ) ) ;
#6710 = ORIENTED_EDGE ( 'NONE', *, *, #4270, .T. ) ;
#6711 = DIRECTION ( 'NONE',  ( 0.000000000000000000, 1.000000000000000000, -0.000000000000000000 ) ) ;
#6712 = CARTESIAN_POINT ( 'NONE',  ( -11.12886025725942929, 29.00439885057814848, 3.499999999999999556 ) ) ;
#6713 = ORIENTED_EDGE ( 'NONE', *, *, #3490, .T. ) ;
#6714 = AXIS2_PLACEMENT_3D ( 'NONE', #241, #1807, #5498 ) ;
#6715 = EDGE_CURVE ( 'NONE', #1307, #1723, #5825, .T. ) ;
#6716 = DIRECTION ( 'NONE',  ( -0.000000000000000000, -0.000000000000000000, -1.000000000000000000 ) ) ;
#6717 = DIRECTION ( 'NONE',  ( -0.000000000000000000, -0.000000000000000000, -1.000000000000000000 ) ) ;
#6718 = EDGE_CURVE ( 'NONE', #5414, #6638, #5035, .T. ) ;
#6719 = CARTESIAN_POINT ( 'NONE',  ( 12.58275109331547981, 26.67912700485846500, 1.500000000000000666 ) ) ;
#6720 = ORIENTED_EDGE ( 'NONE', *, *, #4847, .F. ) ;
#6721 = CARTESIAN_POINT ( 'NONE',  ( -3.027150567476751597, 29.95638537196183293, 1.500000000000000222 ) ) ;
#6722 = EDGE_LOOP ( 'NONE', ( #430, #485, #3258, #2183 ) ) ;
#6723 = CARTESIAN_POINT ( 'NONE',  ( -19.06859911666494511, 23.69371370696481449, 3.026125175905740594 ) ) ;
#6724 = DIRECTION ( 'NONE',  ( 0.000000000000000000, 0.000000000000000000, -1.000000000000000000 ) ) ;
#6725 = CARTESIAN_POINT ( 'NONE',  ( 9.910000000000000142, -10.50000000000000178, 13.50000000000000000 ) ) ;
#6726 = CARTESIAN_POINT ( 'NONE',  ( -14.38735839470000144, -35.27084328170000305, 13.33000000000000185 ) ) ;
#6727 = AXIS2_PLACEMENT_3D ( 'NONE', #4647, #2029, #2613 ) ;
#6728 = ORIENTED_EDGE ( 'NONE', *, *, #3417, .F. ) ;
#6729 = ORIENTED_EDGE ( 'NONE', *, *, #4387, .F. ) ;
#6730 = ORIENTED_EDGE ( 'NONE', *, *, #6640, .F. ) ;
#6731 = CC_DESIGN_DATE_AND_TIME_ASSIGNMENT ( #805, #1854, ( #6819 ) ) ;
#6732 = DIRECTION ( 'NONE',  ( -0.000000000000000000, -0.000000000000000000, -1.000000000000000000 ) ) ;
#6733 = VERTEX_POINT ( 'NONE', #2906 ) ;
#6734 = DIRECTION ( 'NONE',  ( 0.000000000000000000, 0.000000000000000000, -1.000000000000000000 ) ) ;
#6735 = CARTESIAN_POINT ( 'NONE',  ( -11.38003031523592945, 24.63512477755808661, 1.499999999999999778 ) ) ;
#6736 = ORIENTED_EDGE ( 'NONE', *, *, #6795, .F. ) ;
#6737 = DIRECTION ( 'NONE',  ( -0.000000000000000000, -0.000000000000000000, -1.000000000000000000 ) ) ;
#6738 = EDGE_CURVE ( 'NONE', #141, #4016, #3428, .T. ) ;
#6739 = CARTESIAN_POINT ( 'NONE',  ( -20.00000000000000000, -36.80000000000000426, 13.33000000000000007 ) ) ;
#6740 = CARTESIAN_POINT ( 'NONE',  ( -2.947495555000002376, 35.27089408180000163, 13.33000000000000007 ) ) ;
#6741 = CIRCLE ( 'NONE', #5441, 1.250000000000000222 ) ;
#6742 = DIRECTION ( 'NONE',  ( -1.000000000000000000, 0.000000000000000000, 0.000000000000000000 ) ) ;
#6743 = CARTESIAN_POINT ( 'NONE',  ( -12.39897225065147346, 28.42269224058237143, 1.500000000000000222 ) ) ;
#6744 = EDGE_CURVE ( 'NONE', #953, #6066, #1087, .T. ) ;
#6745 = VECTOR ( 'NONE', #3498, 1000.000000000000000 ) ;
#6746 = DIRECTION ( 'NONE',  ( 1.000000000000000000, 0.000000000000000000, -0.000000000000000000 ) ) ;
#6747 = CARTESIAN_POINT ( 'NONE',  ( 10.19265385566053439, 29.78837947678105635, 1.500000000000000000 ) ) ;
#6748 = EDGE_LOOP ( 'NONE', ( #606, #2536, #3661, #3355 ) ) ;
#6749 = ORIENTED_EDGE ( 'NONE', *, *, #6080, .T. ) ;
#6750 = ORIENTED_EDGE ( 'NONE', *, *, #5667, .F. ) ;
#6751 = EDGE_CURVE ( 'NONE', #5082, #1429, #5725, .T. ) ;
#6752 = AXIS2_PLACEMENT_3D ( 'NONE', #1874, #4028, #1910 ) ;
#6753 = ADVANCED_FACE ( 'NONE', ( #5519 ), #6142, .F. ) ;
#6754 = EDGE_LOOP ( 'NONE', ( #5789, #4021, #6212, #643 ) ) ;
#6755 = DIRECTION ( 'NONE',  ( -0.000000000000000000, -1.000000000000000000, -0.000000000000000000 ) ) ;
#6756 = CARTESIAN_POINT ( 'NONE',  ( 20.30000000000000071, 36.79999999999999005, 0.000000000000000000 ) ) ;
#6757 = ORIENTED_EDGE ( 'NONE', *, *, #5031, .T. ) ;
#6758 = DIRECTION ( 'NONE',  ( 0.000000000000000000, 0.000000000000000000, 1.000000000000000000 ) ) ;
#6759 = VERTEX_POINT ( 'NONE', #482 ) ;
#6760 = CARTESIAN_POINT ( 'NONE',  ( -20.30000000000000071, 36.29999999999999005, 13.33000000000000007 ) ) ;
#6761 = CARTESIAN_POINT ( 'NONE',  ( 1.007459242110654962, 28.72838296232148636, 1.500000000000000000 ) ) ;
#6762 = ORIENTED_EDGE ( 'NONE', *, *, #3536, .F. ) ;
#6763 = CARTESIAN_POINT ( 'NONE',  ( -9.275216799259183631, 24.36016483946657019, 1.499999999999999778 ) ) ;
#6764 = DIRECTION ( 'NONE',  ( 0.000000000000000000, 0.000000000000000000, -1.000000000000000000 ) ) ;
#6765 = CARTESIAN_POINT ( 'NONE',  ( -22.48465836929999995, -31.18623571250002868, 0.5000000000000000000 ) ) ;
#6766 = ORIENTED_EDGE ( 'NONE', *, *, #5018, .T. ) ;
#6767 = FACE_OUTER_BOUND ( 'NONE', #5760, .T. ) ;
#6768 = CARTESIAN_POINT ( 'NONE',  ( 12.02411822538980068, 27.62731222258596020, 3.500000000000000000 ) ) ;
#6769 = CARTESIAN_POINT ( 'NONE',  ( 5.229669765516815616, -35.27084328170000305, 7.686157047397998099 ) ) ;
#6770 = ORIENTED_EDGE ( 'NONE', *, *, #1294, .F. ) ;
#6771 = VERTEX_POINT ( 'NONE', #6788 ) ;
#6772 = ORIENTED_EDGE ( 'NONE', *, *, #1355, .F. ) ;
#6773 = VECTOR ( 'NONE', #3537, 1000.000000000000000 ) ;
#6774 = VECTOR ( 'NONE', #5308, 1000.000000000000000 ) ;
#6775 = ORIENTED_EDGE ( 'NONE', *, *, #3334, .F. ) ;
#6776 = PLANE ( 'NONE',  #5399 ) ;
#6777 = CARTESIAN_POINT ( 'NONE',  ( -22.77465836929999909, 26.90006096009999936, 1.500000000000000000 ) ) ;
#6778 = EDGE_CURVE ( 'NONE', #2477, #2537, #2184, .T. ) ;
#6779 = ORIENTED_EDGE ( 'NONE', *, *, #3382, .F. ) ;
#6780 = VERTEX_POINT ( 'NONE', #2676 ) ;
#6781 = VERTEX_POINT ( 'NONE', #4290 ) ;
#6782 = CARTESIAN_POINT ( 'NONE',  ( -3.714117903960224343, 29.28837947678107057, 3.500000000000000000 ) ) ;
#6783 = CYLINDRICAL_SURFACE ( 'NONE', #1016, 1.599999999980953547 ) ;
#6784 = FACE_OUTER_BOUND ( 'NONE', #871, .T. ) ;
#6785 = DIRECTION ( 'NONE',  ( -0.000000000000000000, -0.000000000000000000, -1.000000000000000000 ) ) ;
#6786 = CARTESIAN_POINT ( 'NONE',  ( 11.52268319091066395, 29.23746328776665138, 1.500000000000000000 ) ) ;
#6787 = EDGE_CURVE ( 'NONE', #1834, #746, #3789, .T. ) ;
#6788 = CARTESIAN_POINT ( 'NONE',  ( -24.30000000000000071, -32.80000000000001137, 0.000000000000000000 ) ) ;
#6789 = ORIENTED_EDGE ( 'NONE', *, *, #6590, .F. ) ;
#6790 = ORIENTED_EDGE ( 'NONE', *, *, #4317, .F. ) ;
#6791 = AXIS2_PLACEMENT_3D ( 'NONE', #1796, #1678, #2462 ) ;
#6792 = CIRCLE ( 'NONE', #2063, 1.600000000000000755 ) ;
#6793 = CYLINDRICAL_SURFACE ( 'NONE', #713, 3.794608839220212193 ) ;
#6794 = DIRECTION ( 'NONE',  ( -0.000000000000000000, -0.000000000000000000, -1.000000000000000000 ) ) ;
#6795 = EDGE_CURVE ( 'NONE', #1377, #2365, #2686, .T. ) ;
#6796 = EDGE_CURVE ( 'NONE', #2125, #4633, #2284, .T. ) ;
#6797 = ORIENTED_EDGE ( 'NONE', *, *, #1526, .T. ) ;
#6798 = CARTESIAN_POINT ( 'NONE',  ( -5.109597084717806936, 29.23746328776665138, 1.500000000000000000 ) ) ;
#6799 = ORIENTED_EDGE ( 'NONE', *, *, #5006, .T. ) ;
#6800 = DIRECTION ( 'NONE',  ( 0.000000000000000000, 0.000000000000000000, -1.000000000000000000 ) ) ;
#6801 = CARTESIAN_POINT ( 'NONE',  ( 15.91000000000000014, -13.50000000000000178, 13.33102500000000035 ) ) ;
#6802 = DIRECTION ( 'NONE',  ( -1.000000000000000000, 0.000000000000000000, 0.000000000000000000 ) ) ;
#6803 = EDGE_LOOP ( 'NONE', ( #4937, #786, #1682, #2103 ) ) ;
#6804 = EDGE_CURVE ( 'NONE', #6596, #6627, #43, .T. ) ;
#6805 = DIRECTION ( 'NONE',  ( -0.000000000000000000, -0.000000000000000000, -1.000000000000000000 ) ) ;
#6806 = CARTESIAN_POINT ( 'NONE',  ( -9.636465079500364794, 24.28845086472660952, 1.500000000000000222 ) ) ;
#6807 = CARTESIAN_POINT ( 'NONE',  ( 7.866660329089063985, 25.90523677694294591, 3.500000000000000000 ) ) ;
#6808 = CARTESIAN_POINT ( 'NONE',  ( -17.94749555500000326, -27.40006096009999936, 1.500000000000000000 ) ) ;
#6809 = CARTESIAN_POINT ( 'NONE',  ( -5.611032119197074230, 26.44944673097624488, 1.500000000000000000 ) ) ;
#6810 = ORIENTED_EDGE ( 'NONE', *, *, #1565, .T. ) ;
#6811 = DIRECTION ( 'NONE',  ( -2.602735897939695799E-16, -0.000000000000000000, 1.000000000000000000 ) ) ;
#6812 = CARTESIAN_POINT ( 'NONE',  ( -8.610765362734268180, 24.63546690577124210, 1.500000000000000000 ) ) ;
#6813 = CYLINDRICAL_SURFACE ( 'NONE', #4369, 2.999999999999999112 ) ;
#6814 = DIRECTION ( 'NONE',  ( -1.856308247812544377E-16, -1.000000000000000000, -0.000000000000000000 ) ) ;
#6815 = DIRECTION ( 'NONE',  ( -0.000000000000000000, -0.000000000000000000, 1.000000000000000000 ) ) ;
#6816 = AXIS2_PLACEMENT_3D ( 'NONE', #3123, #2165, #2196 ) ;
#6817 = CARTESIAN_POINT ( 'NONE',  ( 7.082679705369937295, 27.03837947678105991, 1.500000000000000000 ) ) ;
#6818 = CARTESIAN_POINT ( 'NONE',  ( -3.125069287903020854, 24.78837947678106701, 3.499999999999999556 ) ) ;
#6819 = SECURITY_CLASSIFICATION ( '', '', #5392 ) ;
#6820 = CARTESIAN_POINT ( 'NONE',  ( 3.795475798901239095, 29.22981799680085402, 1.500000000000156097 ) ) ;
#6821 = CARTESIAN_POINT ( 'NONE',  ( -15.90999999999999304, -10.49999999999999645, 13.33102500000000035 ) ) ;
#6822 = VERTEX_POINT ( 'NONE', #5339 ) ;
#6823 = LINE ( 'NONE', #1576, #1879 ) ;
ENDSEC;
END-ISO-10303-21;
