ISO-10303-21;
HEADER;
FILE_DESCRIPTION (( 'STEP AP203' ),
    '1' );
FILE_NAME ('下壳20240522.STEP',
    '2024-05-22T06:18:48',
    ( '' ),
    ( '' ),
    'SwSTEP 2.0',
    'SolidWorks 2020',
    '' );
FILE_SCHEMA (( 'CONFIG_CONTROL_DESIGN' ));
ENDSEC;

DATA;
#1 = ORIENTED_EDGE ( 'NONE', *, *, #3011, .T. ) ;
#2 = AXIS2_PLACEMENT_3D ( 'NONE', #4633, #359, #1798 ) ;
#3 = ORIENTED_EDGE ( 'NONE', *, *, #2635, .T. ) ;
#4 = VECTOR ( 'NONE', #830, 1000.000000000000000 ) ;
#5 = VECTOR ( 'NONE', #4434, 1000.000000000000000 ) ;
#6 = FACE_OUTER_BOUND ( 'NONE', #821, .T. ) ;
#7 = PERSON_AND_ORGANIZATION ( #976, #3406 ) ;
#8 = ORIENTED_EDGE ( 'NONE', *, *, #3585, .T. ) ;
#9 = ADVANCED_FACE ( 'NONE', ( #659 ), #3840, .T. ) ;
#10 = EDGE_LOOP ( 'NONE', ( #1573, #3539, #2712, #3214 ) ) ;
#11 = VECTOR ( 'NONE', #2994, 1000.000000000000000 ) ;
#12 = CARTESIAN_POINT ( 'NONE',  ( -19.54749555500000113, 30.40006096009999936, 10.89102500000000084 ) ) ;
#13 = AXIS2_PLACEMENT_3D ( 'NONE', #2475, #2122, #3557 ) ;
#14 = CARTESIAN_POINT ( 'NONE',  ( 7.487358394719997534, -35.27084328170000305, 7.389999999999999680 ) ) ;
#15 = DIRECTION ( 'NONE',  ( -1.000000000000000000, 0.000000000000000000, 0.000000000000000000 ) ) ;
#16 = CIRCLE ( 'NONE', #547, 3.099999999999995204 ) ;
#17 = CARTESIAN_POINT ( 'NONE',  ( -24.30000000000000071, -36.80000000000000426, 0.000000000000000000 ) ) ;
#18 = EDGE_CURVE ( 'NONE', #2632, #2850, #2004, .T. ) ;
#19 = EDGE_CURVE ( 'NONE', #3259, #1240, #2708, .T. ) ;
#20 = CARTESIAN_POINT ( 'NONE',  ( -22.77465836930000265, 0.000000000000000000, 5.000000000000000000 ) ) ;
#21 = EDGE_CURVE ( 'NONE', #2677, #323, #200, .T. ) ;
#22 = VECTOR ( 'NONE', #3808, 1000.000000000000000 ) ;
#23 = AXIS2_PLACEMENT_3D ( 'NONE', #2221, #3681, #452 ) ;
#24 = DIRECTION ( 'NONE',  ( 3.561451260254549034E-16, 1.000000000000000000, 0.000000000000000000 ) ) ;
#25 = DIRECTION ( 'NONE',  ( -0.000000000000000000, 1.000000000000000000, -0.000000000000000000 ) ) ;
#26 = LINE ( 'NONE', #2412, #1451 ) ;
#27 = VERTEX_POINT ( 'NONE', #2378 ) ;
#28 = VERTEX_POINT ( 'NONE', #3438 ) ;
#29 = CARTESIAN_POINT ( 'NONE',  ( -14.94749555500000326, -30.40006096009999936, 5.000000000000000000 ) ) ;
#30 = VECTOR ( 'NONE', #2591, 1000.000000000000000 ) ;
#31 = DIRECTION ( 'NONE',  ( 0.000000000000000000, -1.000000000000000000, 0.000000000000000000 ) ) ;
#32 = VERTEX_POINT ( 'NONE', #2737 ) ;
#33 = VERTEX_POINT ( 'NONE', #4171 ) ;
#34 = DIRECTION ( 'NONE',  ( 1.000000000000000000, -0.000000000000000000, -0.000000000000000000 ) ) ;
#35 = ORIENTED_EDGE ( 'NONE', *, *, #162, .F. ) ;
#36 = ORIENTED_EDGE ( 'NONE', *, *, #101, .F. ) ;
#37 = FACE_BOUND ( 'NONE', #4013, .T. ) ;
#38 = DIRECTION ( 'NONE',  ( 1.000000000000000000, 0.000000000000000000, -0.000000000000000000 ) ) ;
#39 = LINE ( 'NONE', #1928, #312 ) ;
#40 = CARTESIAN_POINT ( 'NONE',  ( 7.099466598943449114, 31.74086868171549369, 0.000000000000000000 ) ) ;
#41 = DIRECTION ( 'NONE',  ( -0.000000000000000000, -1.000000000000000000, -0.000000000000000000 ) ) ;
#42 = DIRECTION ( 'NONE',  ( 0.000000000000000000, 0.000000000000000000, -1.000000000000000000 ) ) ;
#43 = ADVANCED_FACE ( 'NONE', ( #1744 ), #3130, .F. ) ;
#44 = EDGE_CURVE ( 'NONE', #1272, #389, #4495, .T. ) ;
#45 = CARTESIAN_POINT ( 'NONE',  ( 17.94749555500000326, 30.40006096009999936, 1.500000000000000000 ) ) ;
#46 = DIRECTION ( 'NONE',  ( 0.000000000000000000, 0.000000000000000000, -1.000000000000000000 ) ) ;
#47 = AXIS2_PLACEMENT_3D ( 'NONE', #4466, #4069, #2613 ) ;
#48 = ORIENTED_EDGE ( 'NONE', *, *, #135, .F. ) ;
#49 = ORIENTED_EDGE ( 'NONE', *, *, #196, .F. ) ;
#50 = FACE_OUTER_BOUND ( 'NONE', #4266, .T. ) ;
#51 = AXIS2_PLACEMENT_3D ( 'NONE', #2751, #3790, #4580 ) ;
#52 = DIRECTION ( 'NONE',  ( 0.000000000000000000, 0.000000000000000000, -1.000000000000000000 ) ) ;
#53 = EDGE_CURVE ( 'NONE', #2670, #526, #730, .T. ) ;
#54 = DIRECTION ( 'NONE',  ( 1.000000000000000000, -2.168404344971009115E-16, 0.000000000000000000 ) ) ;
#55 = ORIENTED_EDGE ( 'NONE', *, *, #1840, .T. ) ;
#56 = ORIENTED_EDGE ( 'NONE', *, *, #2114, .T. ) ;
#57 = VECTOR ( 'NONE', #3604, 1000.000000000000000 ) ;
#58 = DIRECTION ( 'NONE',  ( -1.000000000000000000, 0.000000000000000000, 0.000000000000000000 ) ) ;
#59 = EDGE_LOOP ( 'NONE', ( #3114, #2460, #846, #4577, #820, #2434, #3607, #3513, #4552, #1217, #1519, #2829, #2027, #3071, #2745, #1522, #3179, #720, #2930 ) ) ;
#60 = ORIENTED_EDGE ( 'NONE', *, *, #3910, .F. ) ;
#61 = DIRECTION ( 'NONE',  ( 0.000000000000000000, -1.000000000000000000, 0.000000000000000000 ) ) ;
#62 = DIRECTION ( 'NONE',  ( 2.602085213965210642E-16, -1.000000000000000000, 0.000000000000000000 ) ) ;
#63 = CARTESIAN_POINT ( 'NONE',  ( 10.97297434595849452, 26.74086868171549369, 1.500000000000000000 ) ) ;
#64 = DIRECTION ( 'NONE',  ( -1.000000000000000000, -0.000000000000000000, -0.000000000000000000 ) ) ;
#65 = FACE_OUTER_BOUND ( 'NONE', #1008, .T. ) ;
#66 = LINE ( 'NONE', #3267, #2065 ) ;
#67 = LINE ( 'NONE', #492, #4072 ) ;
#68 = CARTESIAN_POINT ( 'NONE',  ( 17.94749555500000326, -30.40006096009999936, 10.89102500000000084 ) ) ;
#69 = VERTEX_POINT ( 'NONE', #4544 ) ;
#70 = EDGE_CURVE ( 'NONE', #1471, #1105, #284, .T. ) ;
#71 = EDGE_LOOP ( 'NONE', ( #2874, #2508, #4039, #2595 ) ) ;
#72 = CARTESIAN_POINT ( 'NONE',  ( -20.00000000000000000, 36.79999999999999005, 10.89000000000000057 ) ) ;
#73 = DIRECTION ( 'NONE',  ( 0.000000000000000000, 0.000000000000000000, -1.000000000000000000 ) ) ;
#74 = DIRECTION ( 'NONE',  ( -1.856308247812543884E-16, -1.000000000000000000, 0.000000000000000000 ) ) ;
#75 = VERTEX_POINT ( 'NONE', #4145 ) ;
#76 = EDGE_CURVE ( 'NONE', #3003, #355, #3488, .T. ) ;
#77 = ORIENTED_EDGE ( 'NONE', *, *, #2748, .T. ) ;
#78 = EDGE_CURVE ( 'NONE', #3655, #4367, #576, .T. ) ;
#79 = VECTOR ( 'NONE', #838, 1000.000000000000000 ) ;
#80 = CYLINDRICAL_SURFACE ( 'NONE', #694, 1.600000000000000755 ) ;
#81 = VERTEX_POINT ( 'NONE', #2912 ) ;
#82 = ORIENTED_EDGE ( 'NONE', *, *, #2180, .T. ) ;
#83 = CARTESIAN_POINT ( 'NONE',  ( 0.000000000000000000, 33.94086868171549298, -0.0009999999999999158867 ) ) ;
#84 = VECTOR ( 'NONE', #4097, 1000.000000000000000 ) ;
#85 = CIRCLE ( 'NONE', #2644, 1.600000000000000755 ) ;
#86 = DIRECTION ( 'NONE',  ( -1.000000000000000000, 0.000000000000000000, 0.000000000000000000 ) ) ;
#87 = CARTESIAN_POINT ( 'NONE',  ( 3.225958851927499982, 31.74086868171549369, 13.14817582284883635 ) ) ;
#88 = LINE ( 'NONE', #852, #1458 ) ;
#89 = VECTOR ( 'NONE', #1280, 1000.000000000000000 ) ;
#90 = VECTOR ( 'NONE', #1346, 1000.000000000000000 ) ;
#91 = DIRECTION ( 'NONE',  ( -1.000000000000000000, 0.000000000000000000, 0.000000000000000000 ) ) ;
#92 = FACE_OUTER_BOUND ( 'NONE', #310, .T. ) ;
#93 = CARTESIAN_POINT ( 'NONE',  ( 8.699466598943450535, 31.74086868171549369, 0.000000000000000000 ) ) ;
#94 = CARTESIAN_POINT ( 'NONE',  ( 17.94749555500000326, -30.40006096009999936, 5.000000000000000000 ) ) ;
#95 = ORIENTED_EDGE ( 'NONE', *, *, #510, .T. ) ;
#96 = VECTOR ( 'NONE', #2683, 1000.000000000000000 ) ;
#97 = EDGE_LOOP ( 'NONE', ( #3122, #1819, #1317, #2522 ) ) ;
#98 = CYLINDRICAL_SURFACE ( 'NONE', #660, 4.000000000000000000 ) ;
#99 = DIRECTION ( 'NONE',  ( -1.000000000000000000, 1.856308247812543884E-16, -0.000000000000000000 ) ) ;
#100 = DIRECTION ( 'NONE',  ( 0.000000000000000000, 0.000000000000000000, -1.000000000000000000 ) ) ;
#101 = EDGE_CURVE ( 'NONE', #627, #149, #4309, .T. ) ;
#102 = ORIENTED_EDGE ( 'NONE', *, *, #4329, .F. ) ;
#103 = VERTEX_POINT ( 'NONE', #1068 ) ;
#104 = EDGE_CURVE ( 'NONE', #2010, #2651, #3278, .T. ) ;
#105 = EDGE_CURVE ( 'NONE', #2583, #1727, #3244, .T. ) ;
#106 = PLANE ( 'NONE',  #317 ) ;
#107 = ORIENTED_EDGE ( 'NONE', *, *, #360, .F. ) ;
#108 = VERTEX_POINT ( 'NONE', #3648 ) ;
#109 = DIRECTION ( 'NONE',  ( 0.000000000000000000, 0.000000000000000000, -1.000000000000000000 ) ) ;
#110 = ADVANCED_FACE ( 'NONE', ( #2495 ), #1049, .T. ) ;
#111 = DIRECTION ( 'NONE',  ( -0.000000000000000000, -0.000000000000000000, 1.000000000000000000 ) ) ;
#112 = PLANE ( 'NONE',  #2731 ) ;
#113 = DIRECTION ( 'NONE',  ( 1.000000000000000000, 0.000000000000000000, 0.000000000000000000 ) ) ;
#114 = DIRECTION ( 'NONE',  ( 0.000000000000000000, 0.000000000000000000, 1.000000000000000000 ) ) ;
#115 = DIRECTION ( 'NONE',  ( -0.000000000000000000, -1.000000000000000000, -0.000000000000000000 ) ) ;
#116 = LINE ( 'NONE', #2663, #2801 ) ;
#117 = VERTEX_POINT ( 'NONE', #3599 ) ;
#118 = ORIENTED_EDGE ( 'NONE', *, *, #778, .F. ) ;
#119 = CARTESIAN_POINT ( 'NONE',  ( 16.34749555500000184, 30.40006096009999936, 2.500000000000000444 ) ) ;
#120 = CARTESIAN_POINT ( 'NONE',  ( 20.30000000000000071, -32.80000000000001137, 10.89000000000000057 ) ) ;
#121 = PLANE ( 'NONE',  #3086 ) ;
#122 = ORIENTED_EDGE ( 'NONE', *, *, #2073, .F. ) ;
#123 = ORIENTED_EDGE ( 'NONE', *, *, #2374, .T. ) ;
#124 = VECTOR ( 'NONE', #2937, 1000.000000000000000 ) ;
#125 = AXIS2_PLACEMENT_3D ( 'NONE', #1415, #2092, #4621 ) ;
#126 = DIRECTION ( 'NONE',  ( -0.000000000000000000, 0.000000000000000000, 1.000000000000000000 ) ) ;
#127 = EDGE_LOOP ( 'NONE', ( #2577, #4414 ) ) ;
#128 = ORIENTED_EDGE ( 'NONE', *, *, #152, .T. ) ;
#129 = EDGE_CURVE ( 'NONE', #3336, #294, #3431, .T. ) ;
#130 = EDGE_CURVE ( 'NONE', #612, #2248, #4328, .T. ) ;
#131 = CIRCLE ( 'NONE', #3967, 2.200000000000000622 ) ;
#132 = DIRECTION ( 'NONE',  ( -1.000000000000000000, 0.000000000000000000, 0.000000000000000000 ) ) ;
#133 = PLANE ( 'NONE',  #2132 ) ;
#134 = CARTESIAN_POINT ( 'NONE',  ( 0.000000000000000000, 27.24086868171549369, 0.000000000000000000 ) ) ;
#135 = EDGE_CURVE ( 'NONE', #2101, #612, #1115, .T. ) ;
#136 = EDGE_CURVE ( 'NONE', #2599, #3037, #2166, .T. ) ;
#137 = DIRECTION ( 'NONE',  ( 0.000000000000000000, -0.000000000000000000, 1.000000000000000000 ) ) ;
#138 = CARTESIAN_POINT ( 'NONE',  ( 10.29946659894345018, 31.74086868171549369, 1.499999999999999556 ) ) ;
#139 = DIRECTION ( 'NONE',  ( 0.000000000000000000, -1.000000000000000000, 0.000000000000000000 ) ) ;
#140 = EDGE_LOOP ( 'NONE', ( #4522, #4077, #3963, #588 ) ) ;
#141 = ORIENTED_EDGE ( 'NONE', *, *, #1332, .T. ) ;
#142 = DIRECTION ( 'NONE',  ( 1.000000000000000000, 0.000000000000000000, -0.000000000000000000 ) ) ;
#143 = DIRECTION ( 'NONE',  ( 1.000000000000000000, 0.000000000000000000, 0.000000000000000000 ) ) ;
#144 = CARTESIAN_POINT ( 'NONE',  ( -17.94749555500000326, -30.40006096009999936, 2.500000000000000444 ) ) ;
#145 = ORIENTED_EDGE ( 'NONE', *, *, #3152, .F. ) ;
#146 = ORIENTED_EDGE ( 'NONE', *, *, #1801, .F. ) ;
#147 = CARTESIAN_POINT ( 'NONE',  ( 22.27463296930000070, 27.40006096009999936, 5.000000000000000000 ) ) ;
#148 = VERTEX_POINT ( 'NONE', #3575 ) ;
#149 = VERTEX_POINT ( 'NONE', #3219 ) ;
#150 = AXIS2_PLACEMENT_3D ( 'NONE', #1062, #2074, #1766 ) ;
#151 = DIRECTION ( 'NONE',  ( 0.000000000000000000, 0.000000000000000000, -1.000000000000000000 ) ) ;
#152 = EDGE_CURVE ( 'NONE', #108, #27, #3132, .T. ) ;
#153 = DIRECTION ( 'NONE',  ( -0.000000000000000000, -0.000000000000000000, -1.000000000000000000 ) ) ;
#154 = ORIENTED_EDGE ( 'NONE', *, *, #3477, .T. ) ;
#155 = AXIS2_PLACEMENT_3D ( 'NONE', #4103, #479, #1496 ) ;
#156 = AXIS2_PLACEMENT_3D ( 'NONE', #2302, #1998, #4160 ) ;
#157 = CARTESIAN_POINT ( 'NONE',  ( 0.01264160530000009441, -35.27084328170000305, 5.000000000000000000 ) ) ;
#158 = FACE_OUTER_BOUND ( 'NONE', #1017, .T. ) ;
#159 = VECTOR ( 'NONE', #4492, 1000.000000000000000 ) ;
#160 = CARTESIAN_POINT ( 'NONE',  ( 14.38735839471999967, -36.30000000000000426, 10.89000000000000057 ) ) ;
#161 = VECTOR ( 'NONE', #2250, 1000.000000000000000 ) ;
#162 = EDGE_CURVE ( 'NONE', #2420, #1904, #2119, .T. ) ;
#164 = ADVANCED_FACE ( 'NONE', ( #1439 ), #1484, .F. ) ;
#163 = DIRECTION ( 'NONE',  ( -1.000000000000000000, 0.000000000000000000, 0.000000000000000000 ) ) ;
#165 = VERTEX_POINT ( 'NONE', #1792 ) ;
#166 = ADVANCED_FACE ( 'NONE', ( #2870 ), #3975, .F. ) ;
#167 = VERTEX_POINT ( 'NONE', #752 ) ;
#168 = DIRECTION ( 'NONE',  ( -1.000000000000000000, 0.000000000000000000, 0.000000000000000000 ) ) ;
#169 = AXIS2_PLACEMENT_3D ( 'NONE', #1866, #4380, #4005 ) ;
#170 = AXIS2_PLACEMENT_3D ( 'NONE', #980, #2404, #4496 ) ;
#171 = FACE_OUTER_BOUND ( 'NONE', #1502, .T. ) ;
#172 = DIRECTION ( 'NONE',  ( -0.000000000000000000, -0.000000000000000000, -1.000000000000000000 ) ) ;
#173 = AXIS2_PLACEMENT_3D ( 'NONE', #349, #3173, #4607 ) ;
#174 = VERTEX_POINT ( 'NONE', #2518 ) ;
#175 = ORIENTED_EDGE ( 'NONE', *, *, #891, .F. ) ;
#176 = CYLINDRICAL_SURFACE ( 'NONE', #3161, 4.084608839220205567 ) ;
#177 = DIRECTION ( 'NONE',  ( -1.000000000000000000, 0.000000000000000000, 0.000000000000000000 ) ) ;
#178 = ORIENTED_EDGE ( 'NONE', *, *, #1385, .T. ) ;
#179 = ORIENTED_EDGE ( 'NONE', *, *, #1900, .T. ) ;
#180 = CYLINDRICAL_SURFACE ( 'NONE', #3466, 0.9499999999999998446 ) ;
#181 = DIRECTION ( 'NONE',  ( -0.000000000000000000, -0.000000000000000000, -1.000000000000000000 ) ) ;
#182 = LINE ( 'NONE', #4536, #3515 ) ;
#183 = CARTESIAN_POINT ( 'NONE',  ( -18.69005080009999986, 35.27089408180000163, 10.89000000000000057 ) ) ;
#184 = CARTESIAN_POINT ( 'NONE',  ( 20.30000000000000071, -36.80000000000000426, 0.000000000000000000 ) ) ;
#185 = DIRECTION ( 'NONE',  ( -1.000000000000000000, 0.000000000000000000, 0.000000000000000000 ) ) ;
#186 = ORIENTED_EDGE ( 'NONE', *, *, #2474, .T. ) ;
#187 = ORIENTED_EDGE ( 'NONE', *, *, #222, .F. ) ;
#188 = FACE_BOUND ( 'NONE', #4318, .T. ) ;
#189 = EDGE_CURVE ( 'NONE', #3085, #833, #2187, .T. ) ;
#190 = ADVANCED_FACE ( 'NONE', ( #1420 ), #3623, .F. ) ;
#191 = DIRECTION ( 'NONE',  ( 1.000000000000000000, 0.000000000000000000, 0.000000000000000000 ) ) ;
#192 = FACE_BOUND ( 'NONE', #3474, .T. ) ;
#193 = EDGE_LOOP ( 'NONE', ( #4355, #4462, #1390, #2110 ) ) ;
#194 = VERTEX_POINT ( 'NONE', #399 ) ;
#195 = PLANE ( 'NONE',  #2536 ) ;
#196 = EDGE_CURVE ( 'NONE', #1733, #1655, #4337, .T. ) ;
#197 = DIRECTION ( 'NONE',  ( 1.000000000000000000, 0.000000000000000000, 0.000000000000000000 ) ) ;
#198 = DIRECTION ( 'NONE',  ( -0.000000000000000000, -0.000000000000000000, 1.000000000000000000 ) ) ;
#199 = ORIENTED_EDGE ( 'NONE', *, *, #2214, .T. ) ;
#200 = CIRCLE ( 'NONE', #3661, 1.600000000000000755 ) ;
#201 = VERTEX_POINT ( 'NONE', #3174 ) ;
#202 = AXIS2_PLACEMENT_3D ( 'NONE', #2931, #3308, #3721 ) ;
#203 = LINE ( 'NONE', #919, #3774 ) ;
#204 = CARTESIAN_POINT ( 'NONE',  ( -24.30000000000000071, -36.80000000000000426, 1.500000000000000000 ) ) ;
#205 = VERTEX_POINT ( 'NONE', #2235 ) ;
#206 = VECTOR ( 'NONE', #3680, 1000.000000000000000 ) ;
#207 = DIRECTION ( 'NONE',  ( -0.000000000000000000, -0.000000000000000000, 1.000000000000000000 ) ) ;
#208 = DIRECTION ( 'NONE',  ( 0.000000000000000000, -0.000000000000000000, -1.000000000000000000 ) ) ;
#209 = DIRECTION ( 'NONE',  ( 0.000000000000000000, 0.000000000000000000, -1.000000000000000000 ) ) ;
#210 = CARTESIAN_POINT ( 'NONE',  ( -17.94749555500000326, 30.40006096009998515, 0.5999999999999999778 ) ) ;
#211 = ORIENTED_EDGE ( 'NONE', *, *, #594, .F. ) ;
#212 = ORIENTED_EDGE ( 'NONE', *, *, #4080, .T. ) ;
#213 = DIRECTION ( 'NONE',  ( -0.000000000000000000, 1.000000000000000000, 0.000000000000000000 ) ) ;
#214 = CARTESIAN_POINT ( 'NONE',  ( -13.21601971390600383, -36.80100000000001614, 4.049999999999999822 ) ) ;
#215 = EDGE_CURVE ( 'NONE', #3101, #1087, #4095, .T. ) ;
#216 = ORIENTED_EDGE ( 'NONE', *, *, #1922, .T. ) ;
#217 = EDGE_LOOP ( 'NONE', ( #4535, #102 ) ) ;
#218 = FACE_BOUND ( 'NONE', #4061, .T. ) ;
#219 = DIRECTION ( 'NONE',  ( -1.000000000000000000, 0.000000000000000000, 0.000000000000000000 ) ) ;
#220 = CARTESIAN_POINT ( 'NONE',  ( 3.225958851927499094, 27.24086868171549369, 0.000000000000000000 ) ) ;
#221 = EDGE_CURVE ( 'NONE', #194, #604, #2633, .T. ) ;
#222 = EDGE_CURVE ( 'NONE', #4449, #2420, #4035, .T. ) ;
#223 = ORIENTED_EDGE ( 'NONE', *, *, #1494, .T. ) ;
#224 = ORIENTED_EDGE ( 'NONE', *, *, #924, .T. ) ;
#225 = EDGE_CURVE ( 'NONE', #1707, #3085, #3008, .T. ) ;
#226 = CARTESIAN_POINT ( 'NONE',  ( 14.38735839471999789, -20.05033252917354147, 7.890000000000001457 ) ) ;
#227 = CARTESIAN_POINT ( 'NONE',  ( 6.425958851927499715, 31.74086868171549369, 13.14817582284883635 ) ) ;
#228 = ORIENTED_EDGE ( 'NONE', *, *, #4390, .F. ) ;
#229 = CARTESIAN_POINT ( 'NONE',  ( -13.21601971390600383, -36.80000000000000426, 1.840000135221999900 ) ) ;
#230 = VECTOR ( 'NONE', #4208, 1000.000000000000000 ) ;
#231 = DIRECTION ( 'NONE',  ( -1.000000000000000000, 0.000000000000000000, 0.000000000000000000 ) ) ;
#232 = CARTESIAN_POINT ( 'NONE',  ( 6.425958851927499715, 31.74086868171549369, 13.14817582284883635 ) ) ;
#233 = LINE ( 'NONE', #1281, #4159 ) ;
#234 = VECTOR ( 'NONE', #3043, 1000.000000000000000 ) ;
#235 = CIRCLE ( 'NONE', #156, 3.099999999999995204 ) ;
#236 = ORIENTED_EDGE ( 'NONE', *, *, #952, .T. ) ;
#237 = ORIENTED_EDGE ( 'NONE', *, *, #1837, .T. ) ;
#238 = CIRCLE ( 'NONE', #536, 0.5000000000000004441 ) ;
#239 = AXIS2_PLACEMENT_3D ( 'NONE', #3311, #4372, #3973 ) ;
#240 = CARTESIAN_POINT ( 'NONE',  ( 17.94749555500000326, 30.40006096009999936, 11.22253967444162015 ) ) ;
#241 = FACE_OUTER_BOUND ( 'NONE', #885, .T. ) ;
#242 = ORIENTED_EDGE ( 'NONE', *, *, #3819, .T. ) ;
#243 = AXIS2_PLACEMENT_3D ( 'NONE', #220, #1640, #1944 ) ;
#244 = ORIENTED_EDGE ( 'NONE', *, *, #4538, .T. ) ;
#245 = LINE ( 'NONE', #1686, #2087 ) ;
#246 = EDGE_CURVE ( 'NONE', #1109, #4157, #1630, .T. ) ;
#247 = CARTESIAN_POINT ( 'NONE',  ( 17.94749555500000326, 30.40006096009999936, 0.5999999999999998668 ) ) ;
#248 = VECTOR ( 'NONE', #3866, 1000.000000000000000 ) ;
#249 = CIRCLE ( 'NONE', #857, 0.4999999999999995559 ) ;
#250 = LINE ( 'NONE', #3159, #3624 ) ;
#251 = EDGE_LOOP ( 'NONE', ( #3545, #4345, #818, #1607 ) ) ;
#252 = ORIENTED_EDGE ( 'NONE', *, *, #836, .T. ) ;
#253 = VECTOR ( 'NONE', #1207, 1000.000000000000000 ) ;
#254 = ADVANCED_FACE ( 'NONE', ( #826 ), #3340, .F. ) ;
#255 = EDGE_CURVE ( 'NONE', #3898, #627, #3672, .T. ) ;
#256 = DIRECTION ( 'NONE',  ( -1.000000000000000000, 0.000000000000000000, 0.000000000000000000 ) ) ;
#257 = APPROVAL_PERSON_ORGANIZATION ( #7, #792, #1456 ) ;
#258 = VERTEX_POINT ( 'NONE', #4023 ) ;
#259 = CARTESIAN_POINT ( 'NONE',  ( 24.30000000000000071, 36.80000000000000426, 10.89000000000000057 ) ) ;
#260 = ADVANCED_FACE ( 'NONE', ( #65 ), #1166, .T. ) ;
#261 = DIRECTION ( 'NONE',  ( 3.561451260254549034E-16, -1.000000000000000000, 0.000000000000000000 ) ) ;
#262 = DIRECTION ( 'NONE',  ( -0.000000000000000000, -0.000000000000000000, 1.000000000000000000 ) ) ;
#263 = CARTESIAN_POINT ( 'NONE',  ( 7.487358394719997534, -36.30000000000000426, 5.290000000000000924 ) ) ;
#264 = ORIENTED_EDGE ( 'NONE', *, *, #952, .F. ) ;
#265 = ORIENTED_EDGE ( 'NONE', *, *, #1182, .T. ) ;
#266 = FACE_OUTER_BOUND ( 'NONE', #1956, .T. ) ;
#267 = CARTESIAN_POINT ( 'NONE',  ( 9.787358394719998245, -36.30000000000000426, 7.890000000000001457 ) ) ;
#268 = ORIENTED_EDGE ( 'NONE', *, *, #924, .F. ) ;
#269 = ORIENTED_EDGE ( 'NONE', *, *, #1410, .F. ) ;
#270 = CYLINDRICAL_SURFACE ( 'NONE', #1048, 0.5000000000000004441 ) ;
#271 = CARTESIAN_POINT ( 'NONE',  ( -17.94749555500000326, -30.40006096009999936, 5.000000000000000000 ) ) ;
#272 = CARTESIAN_POINT ( 'NONE',  ( 14.38735839471999789, -36.30000000000000426, 7.890000000000001457 ) ) ;
#273 = ORIENTED_EDGE ( 'NONE', *, *, #2123, .F. ) ;
#274 = EDGE_LOOP ( 'NONE', ( #1563, #3191, #581, #2897 ) ) ;
#275 = CARTESIAN_POINT ( 'NONE',  ( 20.00000000000000000, 36.29999999999999005, 0.000000000000000000 ) ) ;
#276 = VERTEX_POINT ( 'NONE', #1508 ) ;
#277 = ADVANCED_FACE ( 'NONE', ( #1254 ), #442, .F. ) ;
#278 = DIRECTION ( 'NONE',  ( 1.000000000000000000, 3.561451260254549034E-16, -0.000000000000000000 ) ) ;
#279 = DIRECTION ( 'NONE',  ( 1.000000000000000000, 0.000000000000000000, -0.000000000000000000 ) ) ;
#280 = DIRECTION ( 'NONE',  ( 0.000000000000000000, -1.000000000000000000, 0.000000000000000000 ) ) ;
#281 = CARTESIAN_POINT ( 'NONE',  ( 12.57297434595849950, 31.74086868171549369, 13.14817582284883635 ) ) ;
#282 = AXIS2_PLACEMENT_3D ( 'NONE', #4641, #2841, #298 ) ;
#283 = EDGE_CURVE ( 'NONE', #205, #1690, #1934, .T. ) ;
#284 = LINE ( 'NONE', #1283, #1855 ) ;
#285 = VECTOR ( 'NONE', #2742, 1000.000000000000000 ) ;
#286 = CARTESIAN_POINT ( 'NONE',  ( 22.27463296929998293, -27.40006096009999936, 1.500000000000000000 ) ) ;
#287 = FACE_OUTER_BOUND ( 'NONE', #1711, .T. ) ;
#288 = ORIENTED_EDGE ( 'NONE', *, *, #21, .F. ) ;
#289 = ORIENTED_EDGE ( 'NONE', *, *, #2814, .T. ) ;
#290 = CARTESIAN_POINT ( 'NONE',  ( -22.77465836929999909, 26.90006096009999936, 10.89000000000000057 ) ) ;
#291 = DIRECTION ( 'NONE',  ( 0.000000000000000000, -0.000000000000000000, 1.000000000000000000 ) ) ;
#292 = CARTESIAN_POINT ( 'NONE',  ( -17.94749555500000326, -30.40006096009998515, 0.000000000000000000 ) ) ;
#293 = ORIENTED_EDGE ( 'NONE', *, *, #3417, .T. ) ;
#294 = VERTEX_POINT ( 'NONE', #1557 ) ;
#295 = CC_DESIGN_PERSON_AND_ORGANIZATION_ASSIGNMENT ( #4298, #4233, ( #1392 ) ) ;
#296 = DIRECTION ( 'NONE',  ( 0.000000000000000000, 0.000000000000000000, -1.000000000000000000 ) ) ;
#297 = ORIENTED_EDGE ( 'NONE', *, *, #1385, .F. ) ;
#298 = DIRECTION ( 'NONE',  ( -1.000000000000000000, 0.000000000000000000, 0.000000000000000000 ) ) ;
#299 = FACE_OUTER_BOUND ( 'NONE', #785, .T. ) ;
#300 = ADVANCED_FACE ( 'NONE', ( #4376 ), #3724, .F. ) ;
#301 = DIRECTION ( 'NONE',  ( 1.000000000000000000, 0.000000000000000000, 0.000000000000000000 ) ) ;
#302 = CARTESIAN_POINT ( 'NONE',  ( -17.94749555500000326, -30.40006096009998515, 0.000000000000000000 ) ) ;
#303 = CARTESIAN_POINT ( 'NONE',  ( -12.64001144162049961, 36.80100000000001614, 4.574999950747499433 ) ) ;
#304 = DIRECTION ( 'NONE',  ( -0.000000000000000000, -0.000000000000000000, 1.000000000000000000 ) ) ;
#305 = ADVANCED_FACE ( 'NONE', ( #490 ), #1578, .F. ) ;
#306 = CIRCLE ( 'NONE', #2936, 2.214995873498697865 ) ;
#307 = CARTESIAN_POINT ( 'NONE',  ( 14.94749555500000149, 34.77089408179999452, 5.000000000000000000 ) ) ;
#308 = ADVANCED_FACE ( 'NONE', ( #1536 ), #2659, .T. ) ;
#309 = ORIENTED_EDGE ( 'NONE', *, *, #1889, .T. ) ;
#310 = EDGE_LOOP ( 'NONE', ( #2896, #3000, #2252, #1663, #905, #1546, #2318, #3918 ) ) ;
#311 = DIRECTION ( 'NONE',  ( 0.000000000000000000, 0.000000000000000000, -1.000000000000000000 ) ) ;
#312 = VECTOR ( 'NONE', #4397, 1000.000000000000000 ) ;
#313 = EDGE_CURVE ( 'NONE', #2923, #436, #3887, .T. ) ;
#314 = DIRECTION ( 'NONE',  ( 0.000000000000000000, 0.000000000000000000, 1.000000000000000000 ) ) ;
#315 = VECTOR ( 'NONE', #1559, 1000.000000000000000 ) ;
#316 = DIRECTION ( 'NONE',  ( 0.000000000000000000, -1.000000000000000000, 0.000000000000000000 ) ) ;
#317 = AXIS2_PLACEMENT_3D ( 'NONE', #410, #3687, #2178 ) ;
#318 = ORIENTED_EDGE ( 'NONE', *, *, #502, .F. ) ;
#319 = ORIENTED_EDGE ( 'NONE', *, *, #2528, .F. ) ;
#320 = AXIS2_PLACEMENT_3D ( 'NONE', #3412, #587, #185 ) ;
#321 = CIRCLE ( 'NONE', #3552, 4.000000000000000000 ) ;
#322 = DIRECTION ( 'NONE',  ( -1.000000000000000000, 0.000000000000000000, 0.000000000000000000 ) ) ;
#323 = VERTEX_POINT ( 'NONE', #1951 ) ;
#324 = AXIS2_PLACEMENT_3D ( 'NONE', #1812, #2803, #2448 ) ;
#325 = VECTOR ( 'NONE', #213, 1000.000000000000000 ) ;
#326 = LINE ( 'NONE', #2861, #654 ) ;
#327 = AXIS2_PLACEMENT_3D ( 'NONE', #557, #1646, #3428 ) ;
#328 = DIRECTION ( 'NONE',  ( -0.000000000000000000, -0.000000000000000000, -1.000000000000000000 ) ) ;
#329 = CARTESIAN_POINT ( 'NONE',  ( 0.000000000000000000, -36.80000000000000426, 0.000000000000000000 ) ) ;
#330 = DIRECTION ( 'NONE',  ( 0.000000000000000000, 0.000000000000000000, -1.000000000000000000 ) ) ;
#331 = CARTESIAN_POINT ( 'NONE',  ( 3.225958851927498650, 26.74086868171549369, -0.0009999999999999158867 ) ) ;
#332 = DIRECTION ( 'NONE',  ( -0.000000000000000000, -0.000000000000000000, -1.000000000000000000 ) ) ;
#333 = LINE ( 'NONE', #307, #3470 ) ;
#334 = ORIENTED_EDGE ( 'NONE', *, *, #18, .F. ) ;
#335 = ADVANCED_FACE ( 'NONE', ( #4116 ), #3382, .T. ) ;
#336 = ORIENTED_EDGE ( 'NONE', *, *, #313, .T. ) ;
#337 = EDGE_CURVE ( 'NONE', #863, #3321, #3054, .T. ) ;
#338 = CARTESIAN_POINT ( 'NONE',  ( -5.226019910154001025, -35.27084328170000305, 4.049999999999999822 ) ) ;
#339 = CYLINDRICAL_SURFACE ( 'NONE', #2565, 2.200000000000000622 ) ;
#340 = VERTEX_POINT ( 'NONE', #4137 ) ;
#341 = EDGE_CURVE ( 'NONE', #1764, #645, #923, .T. ) ;
#342 = VERTEX_POINT ( 'NONE', #3075 ) ;
#343 = CARTESIAN_POINT ( 'NONE',  ( -0.6400114416205014978, 35.27089408179999452, 4.574999950747501209 ) ) ;
#344 = ORIENTED_EDGE ( 'NONE', *, *, #567, .F. ) ;
#345 = ORIENTED_EDGE ( 'NONE', *, *, #986, .F. ) ;
#346 = DIRECTION ( 'NONE',  ( -0.000000000000000000, -0.000000000000000000, 1.000000000000000000 ) ) ;
#347 = DIRECTION ( 'NONE',  ( 0.000000000000000000, 0.000000000000000000, 1.000000000000000000 ) ) ;
#348 = DIRECTION ( 'NONE',  ( 2.602085213965210149E-16, -1.000000000000000000, 0.000000000000000000 ) ) ;
#349 = CARTESIAN_POINT ( 'NONE',  ( 8.699466598943450535, 31.74086868171549369, 1.500000000000000000 ) ) ;
#350 = AXIS2_PLACEMENT_3D ( 'NONE', #3266, #2890, #4000 ) ;
#351 = CARTESIAN_POINT ( 'NONE',  ( 0.000000000000000000, 27.40006096009999936, 5.000000000000000000 ) ) ;
#352 = DIRECTION ( 'NONE',  ( 0.000000000000000000, 0.000000000000000000, -1.000000000000000000 ) ) ;
#353 = VECTOR ( 'NONE', #1302, 1000.000000000000000 ) ;
#354 = DIRECTION ( 'NONE',  ( 0.000000000000000000, 0.000000000000000000, -1.000000000000000000 ) ) ;
#355 = VERTEX_POINT ( 'NONE', #2703 ) ;
#356 = ORIENTED_EDGE ( 'NONE', *, *, #2295, .T. ) ;
#357 = VECTOR ( 'NONE', #4030, 1000.000000000000000 ) ;
#358 = PLANE ( 'NONE',  #1942 ) ;
#359 = DIRECTION ( 'NONE',  ( -0.000000000000000000, -0.000000000000000000, -1.000000000000000000 ) ) ;
#360 = EDGE_CURVE ( 'NONE', #2670, #1969, #1328, .T. ) ;
#361 = VERTEX_POINT ( 'NONE', #2798 ) ;
#362 = ORIENTED_EDGE ( 'NONE', *, *, #246, .T. ) ;
#363 = EDGE_CURVE ( 'NONE', #174, #1914, #3408, .T. ) ;
#364 = EDGE_CURVE ( 'NONE', #2031, #601, #971, .T. ) ;
#365 = DIRECTION ( 'NONE',  ( -1.000000000000000000, 0.000000000000000000, 0.000000000000000000 ) ) ;
#366 = COORDINATED_UNIVERSAL_TIME_OFFSET ( 8, 0, .AHEAD. ) ;
#367 = ORIENTED_EDGE ( 'NONE', *, *, #3469, .T. ) ;
#368 = ADVANCED_FACE ( 'NONE', ( #583 ), #2372, .F. ) ;
#369 = EDGE_LOOP ( 'NONE', ( #2676, #555, #2040, #565, #600, #2792 ) ) ;
#370 = DIRECTION ( 'NONE',  ( 0.000000000000000000, -0.000000000000000000, 1.000000000000000000 ) ) ;
#371 = DIRECTION ( 'NONE',  ( 0.000000000000000000, -1.000000000000000000, -0.000000000000000000 ) ) ;
#372 = DIRECTION ( 'NONE',  ( 1.000000000000000000, 0.000000000000000000, 0.000000000000000000 ) ) ;
#373 = DIRECTION ( 'NONE',  ( -0.000000000000000000, -0.000000000000000000, 1.000000000000000000 ) ) ;
#374 = CARTESIAN_POINT ( 'NONE',  ( 0.000000000000000000, 27.40006096009999936, 1.500000000000000000 ) ) ;
#375 = DIRECTION ( 'NONE',  ( 0.000000000000000000, 1.000000000000000000, 0.000000000000000000 ) ) ;
#376 = CARTESIAN_POINT ( 'NONE',  ( -20.14749555500000255, 30.40006096009999936, 0.5999999999999998668 ) ) ;
#377 = VERTEX_POINT ( 'NONE', #4165 ) ;
#378 = ORIENTED_EDGE ( 'NONE', *, *, #3213, .T. ) ;
#379 = DIRECTION ( 'NONE',  ( -1.000000000000000000, 0.000000000000000000, 0.000000000000000000 ) ) ;
#380 = AXIS2_PLACEMENT_3D ( 'NONE', #3239, #823, #62 ) ;
#381 = CARTESIAN_POINT ( 'NONE',  ( 10.29946659894345018, 31.74086868171549369, 13.14817582284883635 ) ) ;
#382 = ORIENTED_EDGE ( 'NONE', *, *, #1468, .T. ) ;
#383 = AXIS2_PLACEMENT_3D ( 'NONE', #3896, #2899, #3583 ) ;
#384 = VECTOR ( 'NONE', #1163, 1000.000000000000000 ) ;
#385 = VERTEX_POINT ( 'NONE', #1369 ) ;
#386 = CIRCLE ( 'NONE', #3621, 2.214995873498697865 ) ;
#387 = CIRCLE ( 'NONE', #1449, 2.200000000000000622 ) ;
#388 = LINE ( 'NONE', #1903, #3243 ) ;
#389 = VERTEX_POINT ( 'NONE', #2728 ) ;
#390 = EDGE_LOOP ( 'NONE', ( #4333, #4198, #4616, #2796 ) ) ;
#391 = AXIS2_PLACEMENT_3D ( 'NONE', #1238, #422, #1606 ) ;
#392 = LINE ( 'NONE', #12, #1636 ) ;
#393 = EDGE_CURVE ( 'NONE', #702, #2509, #1349, .T. ) ;
#394 = EDGE_CURVE ( 'NONE', #1446, #2089, #4487, .T. ) ;
#395 = CARTESIAN_POINT ( 'NONE',  ( 14.77297434595850056, 31.74086868171547948, 4.257074440788612080 ) ) ;
#396 = CARTESIAN_POINT ( 'NONE',  ( -24.30000000000000071, -32.79999999999999005, 10.89000000000000057 ) ) ;
#397 = VECTOR ( 'NONE', #3620, 1000.000000000000000 ) ;
#398 = CARTESIAN_POINT ( 'NONE',  ( 14.77297434595851122, 26.74086868171549369, 0.000000000000000000 ) ) ;
#399 = CARTESIAN_POINT ( 'NONE',  ( 18.69002286430000126, -35.27084328170000305, 5.000000000000000000 ) ) ;
#400 = CARTESIAN_POINT ( 'NONE',  ( -14.16601971390600312, -35.27084328170000305, 1.840000135221999900 ) ) ;
#401 = FACE_OUTER_BOUND ( 'NONE', #3402, .T. ) ;
#402 = CARTESIAN_POINT ( 'NONE',  ( -20.30000000000000071, -36.80000000000000426, 10.89000000000000057 ) ) ;
#403 = ORIENTED_EDGE ( 'NONE', *, *, #1326, .F. ) ;
#404 = ORIENTED_EDGE ( 'NONE', *, *, #129, .T. ) ;
#405 = DIRECTION ( 'NONE',  ( -0.000000000000000000, -0.000000000000000000, 1.000000000000000000 ) ) ;
#406 = FACE_OUTER_BOUND ( 'NONE', #1258, .T. ) ;
#407 = PLANE ( 'NONE',  #2112 ) ;
#408 = ORIENTED_EDGE ( 'NONE', *, *, #3937, .T. ) ;
#409 = ORIENTED_EDGE ( 'NONE', *, *, #2069, .T. ) ;
#410 = CARTESIAN_POINT ( 'NONE',  ( -18.69005080008499675, 31.18628651258499573, 2.500000000000000000 ) ) ;
#411 = ORIENTED_EDGE ( 'NONE', *, *, #4139, .F. ) ;
#412 = ORIENTED_EDGE ( 'NONE', *, *, #1660, .T. ) ;
#413 = DIRECTION ( 'NONE',  ( 0.000000000000000000, 0.000000000000000000, -1.000000000000000000 ) ) ;
#414 = FACE_OUTER_BOUND ( 'NONE', #3629, .T. ) ;
#415 = CYLINDRICAL_SURFACE ( 'NONE', #1897, 1.599999999999999867 ) ;
#416 = EDGE_CURVE ( 'NONE', #3806, #1921, #3430, .T. ) ;
#417 = FACE_OUTER_BOUND ( 'NONE', #4458, .T. ) ;
#418 = CARTESIAN_POINT ( 'NONE',  ( 4.825958851927500959, 31.74086868171549369, 1.500000000000000000 ) ) ;
#419 = CARTESIAN_POINT ( 'NONE',  ( 10.29946659894345018, 31.74086868171549369, 0.000000000000000000 ) ) ;
#420 = CARTESIAN_POINT ( 'NONE',  ( -18.69005080009999986, 35.27089408180000163, 1.500000000000000000 ) ) ;
#421 = EDGE_CURVE ( 'NONE', #3806, #3250, #182, .T. ) ;
#422 = DIRECTION ( 'NONE',  ( -0.000000000000000000, -0.000000000000000000, -1.000000000000000000 ) ) ;
#423 = AXIS2_PLACEMENT_3D ( 'NONE', #1601, #901, #2328 ) ;
#424 = ORIENTED_EDGE ( 'NONE', *, *, #393, .F. ) ;
#425 = EDGE_CURVE ( 'NONE', #2773, #2721, #947, .T. ) ;
#426 = ORIENTED_EDGE ( 'NONE', *, *, #2756, .F. ) ;
#427 = CARTESIAN_POINT ( 'NONE',  ( -20.00000000000000000, 36.29999999999999005, 0.000000000000000000 ) ) ;
#428 = CIRCLE ( 'NONE', #1195, 0.5000000000000004441 ) ;
#429 = PLANE ( 'NONE',  #3176 ) ;
#430 = DIRECTION ( 'NONE',  ( 0.000000000000000000, -0.000000000000000000, 1.000000000000000000 ) ) ;
#431 = VERTEX_POINT ( 'NONE', #1647 ) ;
#432 = AXIS2_PLACEMENT_3D ( 'NONE', #2596, #1891, #1076 ) ;
#433 = VERTEX_POINT ( 'NONE', #4510 ) ;
#434 = AXIS2_PLACEMENT_3D ( 'NONE', #2246, #2949, #1893 ) ;
#435 = CARTESIAN_POINT ( 'NONE',  ( 7.099466598943449114, 31.74086868171549369, 13.14817582284883635 ) ) ;
#436 = VERTEX_POINT ( 'NONE', #2072 ) ;
#437 = ORIENTED_EDGE ( 'NONE', *, *, #1517, .T. ) ;
#438 = CARTESIAN_POINT ( 'NONE',  ( 14.94749555500000326, 30.40006096009999936, 5.000000000000000000 ) ) ;
#439 = CARTESIAN_POINT ( 'NONE',  ( 24.30000000000000071, 32.79999999999999716, 10.89000000000000057 ) ) ;
#440 = DIRECTION ( 'NONE',  ( 0.000000000000000000, 0.000000000000000000, -1.000000000000000000 ) ) ;
#441 = LINE ( 'NONE', #4045, #3483 ) ;
#442 = PLANE ( 'NONE',  #3961 ) ;
#443 = EDGE_CURVE ( 'NONE', #377, #2377, #3810, .T. ) ;
#444 = CARTESIAN_POINT ( 'NONE',  ( -17.94749555500000326, 30.40006096009998515, 0.5999999999999999778 ) ) ;
#445 = DIRECTION ( 'NONE',  ( -0.000000000000000000, -0.000000000000000000, 1.000000000000000000 ) ) ;
#446 = DIRECTION ( 'NONE',  ( 1.000000000000000000, -0.000000000000000000, 0.000000000000000000 ) ) ;
#447 = ORIENTED_EDGE ( 'NONE', *, *, #2817, .F. ) ;
#448 = ORIENTED_EDGE ( 'NONE', *, *, #1007, .F. ) ;
#449 = LINE ( 'NONE', #2920, #1492 ) ;
#450 = ADVANCED_FACE ( 'NONE', ( #3104 ), #2398, .F. ) ;
#451 = EDGE_CURVE ( 'NONE', #4144, #2833, #1713, .T. ) ;
#452 = DIRECTION ( 'NONE',  ( 0.000000000000000000, -0.000000000000000000, -1.000000000000000000 ) ) ;
#453 = FACE_OUTER_BOUND ( 'NONE', #4322, .T. ) ;
#454 = ORIENTED_EDGE ( 'NONE', *, *, #1952, .F. ) ;
#455 = ORIENTED_EDGE ( 'NONE', *, *, #3958, .T. ) ;
#456 = AXIS2_PLACEMENT_3D ( 'NONE', #2470, #3506, #279 ) ;
#457 = EDGE_CURVE ( 'NONE', #3037, #1240, #2048, .T. ) ;
#458 = CIRCLE ( 'NONE', #4369, 2.200000000000000622 ) ;
#459 = FACE_OUTER_BOUND ( 'NONE', #794, .T. ) ;
#460 = ORIENTED_EDGE ( 'NONE', *, *, #647, .T. ) ;
#461 = ORIENTED_EDGE ( 'NONE', *, *, #589, .F. ) ;
#462 = CARTESIAN_POINT ( 'NONE',  ( -17.94749555500000326, -30.40006096009998515, 0.5999999999999999778 ) ) ;
#463 = VECTOR ( 'NONE', #209, 1000.000000000000000 ) ;
#464 = AXIS2_PLACEMENT_3D ( 'NONE', #3240, #15, #2471 ) ;
#465 = DIRECTION ( 'NONE',  ( 0.000000000000000000, 0.000000000000000000, -1.000000000000000000 ) ) ;
#466 = CARTESIAN_POINT ( 'NONE',  ( -14.44749555499999971, 34.77089408180000163, 1.499999999999999556 ) ) ;
#467 = LINE ( 'NONE', #4419, #253 ) ;
#468 = VECTOR ( 'NONE', #4541, 1000.000000000000000 ) ;
#469 = VECTOR ( 'NONE', #4156, 1000.000000000000000 ) ;
#470 = CARTESIAN_POINT ( 'NONE',  ( -0.6400114416205009427, 36.29999999999999005, 2.574999950747501654 ) ) ;
#471 = CARTESIAN_POINT ( 'NONE',  ( 15.74749555500000042, 28.21602799331584421, 0.5999999999999998668 ) ) ;
#472 = CARTESIAN_POINT ( 'NONE',  ( -13.21601971390600383, -36.30000000000000426, 5.000000000000000000 ) ) ;
#473 = DIRECTION ( 'NONE',  ( -1.000000000000000000, -0.000000000000000000, -0.000000000000000000 ) ) ;
#474 = ORIENTED_EDGE ( 'NONE', *, *, #4128, .T. ) ;
#475 = VECTOR ( 'NONE', #657, 1000.000000000000000 ) ;
#476 = ORIENTED_EDGE ( 'NONE', *, *, #3299, .F. ) ;
#477 = CARTESIAN_POINT ( 'NONE',  ( 14.44749555500000149, 35.27089408179999452, 10.89000000000000057 ) ) ;
#478 = FACE_OUTER_BOUND ( 'NONE', #3344, .T. ) ;
#479 = DIRECTION ( 'NONE',  ( -0.000000000000000000, -0.000000000000000000, 1.000000000000000000 ) ) ;
#480 = EDGE_CURVE ( 'NONE', #3084, #2578, #2388, .T. ) ;
#481 = EDGE_CURVE ( 'NONE', #4476, #1272, #1976, .T. ) ;
#482 = ORIENTED_EDGE ( 'NONE', *, *, #3908, .F. ) ;
#483 = ORIENTED_EDGE ( 'NONE', *, *, #2123, .T. ) ;
#484 = CARTESIAN_POINT ( 'NONE',  ( 14.77297434595850056, 28.21602799331584421, 0.000000000000000000 ) ) ;
#485 = EDGE_CURVE ( 'NONE', #2413, #786, #392, .T. ) ;
#486 = ORIENTED_EDGE ( 'NONE', *, *, #2842, .T. ) ;
#487 = EDGE_LOOP ( 'NONE', ( #3567, #1920, #3022, #3398 ) ) ;
#488 = DIRECTION ( 'NONE',  ( -0.000000000000000000, -0.000000000000000000, 1.000000000000000000 ) ) ;
#489 = FACE_OUTER_BOUND ( 'NONE', #3665, .T. ) ;
#490 = FACE_OUTER_BOUND ( 'NONE', #4058, .T. ) ;
#491 = LINE ( 'NONE', #1931, #1291 ) ;
#492 = CARTESIAN_POINT ( 'NONE',  ( -20.00000000000000000, -36.80000000000000426, 10.89000000000000057 ) ) ;
#493 = CARTESIAN_POINT ( 'NONE',  ( -0.000000000000000000, 26.74086868171549369, 1.500000000000000000 ) ) ;
#494 = ORIENTED_EDGE ( 'NONE', *, *, #3468, .T. ) ;
#495 = ORIENTED_EDGE ( 'NONE', *, *, #2177, .F. ) ;
#496 = DIRECTION ( 'NONE',  ( 0.000000000000000000, 0.000000000000000000, 1.000000000000000000 ) ) ;
#497 = CYLINDRICAL_SURFACE ( 'NONE', #4491, 1.599999999999999867 ) ;
#498 = CARTESIAN_POINT ( 'NONE',  ( 14.77297434595850056, 31.74086868171547948, 0.5999999999999998668 ) ) ;
#499 = EDGE_LOOP ( 'NONE', ( #2021, #82, #118, #2624, #1490, #3025, #2686, #1127, #3281, #3388, #1844, #145, #1642, #889, #1147, #2147, #2672, #3306, #2224, #1432, #3227, #2297 ) ) ;
#500 = ORIENTED_EDGE ( 'NONE', *, *, #21, .T. ) ;
#501 = AXIS2_PLACEMENT_3D ( 'NONE', #637, #2077, #3817 ) ;
#502 = EDGE_CURVE ( 'NONE', #1453, #2304, #428, .T. ) ;
#503 = AXIS2_PLACEMENT_3D ( 'NONE', #3873, #4268, #2830 ) ;
#504 = CYLINDRICAL_SURFACE ( 'NONE', #2948, 4.000000000000000000 ) ;
#505 = VERTEX_POINT ( 'NONE', #1765 ) ;
#506 = ORIENTED_EDGE ( 'NONE', *, *, #1015, .T. ) ;
#507 = AXIS2_PLACEMENT_3D ( 'NONE', #1585, #2667, #3390 ) ;
#508 = EDGE_CURVE ( 'NONE', #4170, #890, #326, .T. ) ;
#509 = PLANE ( 'NONE',  #1444 ) ;
#510 = EDGE_CURVE ( 'NONE', #1796, #276, #3904, .T. ) ;
#511 = ORIENTED_EDGE ( 'NONE', *, *, #3965, .T. ) ;
#512 = DIRECTION ( 'NONE',  ( 0.000000000000000000, 0.000000000000000000, -1.000000000000000000 ) ) ;
#513 = VECTOR ( 'NONE', #1623, 1000.000000000000000 ) ;
#514 = DIRECTION ( 'NONE',  ( 0.000000000000000000, 1.000000000000000000, 0.000000000000000000 ) ) ;
#515 = FACE_OUTER_BOUND ( 'NONE', #4087, .T. ) ;
#516 = CYLINDRICAL_SURFACE ( 'NONE', #1751, 1.599999999999999867 ) ;
#517 = ORIENTED_EDGE ( 'NONE', *, *, #393, .T. ) ;
#518 = VERTEX_POINT ( 'NONE', #4256 ) ;
#519 = PLANE ( 'NONE',  #3208 ) ;
#520 = DIRECTION ( 'NONE',  ( 0.000000000000000000, 0.000000000000000000, -1.000000000000000000 ) ) ;
#521 = DIRECTION ( 'NONE',  ( -2.081668171172168513E-15, 1.000000000000000000, 0.000000000000000000 ) ) ;
#522 = ORIENTED_EDGE ( 'NONE', *, *, #225, .T. ) ;
#523 = EDGE_LOOP ( 'NONE', ( #1347, #2666, #1424, #4472 ) ) ;
#524 = DIRECTION ( 'NONE',  ( -1.000000000000000000, 0.000000000000000000, 0.000000000000000000 ) ) ;
#525 = ORIENTED_EDGE ( 'NONE', *, *, #443, .F. ) ;
#526 = VERTEX_POINT ( 'NONE', #4323 ) ;
#527 = VECTOR ( 'NONE', #2822, 1000.000000000000000 ) ;
#528 = DIRECTION ( 'NONE',  ( -1.000000000000000000, 0.000000000000000000, 0.000000000000000000 ) ) ;
#529 =( NAMED_UNIT ( * ) SI_UNIT ( $, .STERADIAN. ) SOLID_ANGLE_UNIT ( ) );
#530 = ADVANCED_FACE ( 'NONE', ( #3613 ), #4604, .F. ) ;
#531 = ADVANCED_FACE ( 'NONE', ( #3595 ), #3192, .F. ) ;
#532 = AXIS2_PLACEMENT_3D ( 'NONE', #2647, #2247, #2669 ) ;
#533 = CIRCLE ( 'NONE', #764, 0.5000000000000000000 ) ;
#534 = DIRECTION ( 'NONE',  ( -0.000000000000000000, -1.000000000000000000, -0.000000000000000000 ) ) ;
#535 = LINE ( 'NONE', #948, #513 ) ;
#536 = AXIS2_PLACEMENT_3D ( 'NONE', #1816, #354, #1467 ) ;
#537 = DIRECTION ( 'NONE',  ( -3.561451260254549034E-16, 1.000000000000000000, 0.000000000000000000 ) ) ;
#538 = AXIS2_PLACEMENT_3D ( 'NONE', #2347, #151, #3787 ) ;
#539 = FACE_OUTER_BOUND ( 'NONE', #4206, .T. ) ;
#540 = ADVANCED_FACE ( 'NONE', ( #2535, #37 ), #1479, .F. ) ;
#541 = ORIENTED_EDGE ( 'NONE', *, *, #801, .T. ) ;
#542 = ORIENTED_EDGE ( 'NONE', *, *, #1697, .T. ) ;
#543 = CARTESIAN_POINT ( 'NONE',  ( -14.94749555500000326, -30.40006096009999936, 5.000000000000000000 ) ) ;
#544 = AXIS2_PLACEMENT_3D ( 'NONE', #4575, #2084, #3519 ) ;
#545 = CARTESIAN_POINT ( 'NONE',  ( -0.6400114416205012757, 36.29999999999999005, 4.574999950747501209 ) ) ;
#546 = LINE ( 'NONE', #1337, #3695 ) ;
#547 = AXIS2_PLACEMENT_3D ( 'NONE', #302, #1094, #4583 ) ;
#548 = AXIS2_PLACEMENT_3D ( 'NONE', #4386, #2293, #1173 ) ;
#549 = ORIENTED_EDGE ( 'NONE', *, *, #1468, .F. ) ;
#550 = ORIENTED_EDGE ( 'NONE', *, *, #2069, .F. ) ;
#551 = CARTESIAN_POINT ( 'NONE',  ( 7.099466598943449114, 31.74086868171549369, 1.500000000000000000 ) ) ;
#552 = CARTESIAN_POINT ( 'NONE',  ( -20.30000000000000071, -36.80000000000000426, 1.500000000000000000 ) ) ;
#553 = CARTESIAN_POINT ( 'NONE',  ( 14.94749555500000326, -30.40006096009999936, 1.500000000000000000 ) ) ;
#554 = ORIENTED_EDGE ( 'NONE', *, *, #421, .T. ) ;
#555 = ORIENTED_EDGE ( 'NONE', *, *, #3578, .T. ) ;
#556 = LINE ( 'NONE', #1275, #2793 ) ;
#557 = CARTESIAN_POINT ( 'NONE',  ( 0.000000000000000000, 0.000000000000000000, 0.000000000000000000 ) ) ;
#558 = ORIENTED_EDGE ( 'NONE', *, *, #2374, .F. ) ;
#559 = CARTESIAN_POINT ( 'NONE',  ( -16.34749555500000184, -30.40006096009999936, 10.89102500000000084 ) ) ;
#560 = CYLINDRICAL_SURFACE ( 'NONE', #2774, 3.100000000000000533 ) ;
#561 = ADVANCED_FACE ( 'NONE', ( #2821 ), #1061, .F. ) ;
#562 = CARTESIAN_POINT ( 'NONE',  ( 15.74749555500000042, 30.40006096009999936, 0.5999999999999998668 ) ) ;
#563 = CARTESIAN_POINT ( 'NONE',  ( -13.21601971390600383, -36.30000000000000426, 4.049999999999999822 ) ) ;
#564 = ORIENTED_EDGE ( 'NONE', *, *, #4480, .T. ) ;
#565 = ORIENTED_EDGE ( 'NONE', *, *, #481, .T. ) ;
#566 = LINE ( 'NONE', #3081, #703 ) ;
#567 = EDGE_CURVE ( 'NONE', #2031, #4203, #1042, .T. ) ;
#568 = LINE ( 'NONE', #3441, #849 ) ;
#569 = EDGE_CURVE ( 'NONE', #258, #2954, #2688, .T. ) ;
#570 = ORIENTED_EDGE ( 'NONE', *, *, #3359, .T. ) ;
#571 = ORIENTED_EDGE ( 'NONE', *, *, #341, .T. ) ;
#572 = FACE_OUTER_BOUND ( 'NONE', #2441, .T. ) ;
#573 = CARTESIAN_POINT ( 'NONE',  ( 9.787358394719998245, -35.27084328170000305, 7.389999999999999680 ) ) ;
#574 = CARTESIAN_POINT ( 'NONE',  ( 0.000000000000000000, 27.40006096009999936, 5.000000000000000000 ) ) ;
#575 = ORIENTED_EDGE ( 'NONE', *, *, #1214, .F. ) ;
#576 = CIRCLE ( 'NONE', #1114, 1.600000000000002531 ) ;
#577 = EDGE_LOOP ( 'NONE', ( #1670, #1171, #474, #2854 ) ) ;
#578 = VECTOR ( 'NONE', #413, 1000.000000000000000 ) ;
#579 = FACE_BOUND ( 'NONE', #3679, .T. ) ;
#580 = CYLINDRICAL_SURFACE ( 'NONE', #3251, 2.200000000000000622 ) ;
#581 = ORIENTED_EDGE ( 'NONE', *, *, #3098, .T. ) ;
#582 = VECTOR ( 'NONE', #1846, 1000.000000000000000 ) ;
#583 = FACE_OUTER_BOUND ( 'NONE', #993, .T. ) ;
#584 = CARTESIAN_POINT ( 'NONE',  ( -17.94749555500000326, 30.40006096009999936, 10.89102500000000084 ) ) ;
#585 = APPLICATION_CONTEXT ( 'configuration controlled 3d designs of mechanical parts and assemblies' ) ;
#586 = CARTESIAN_POINT ( 'NONE',  ( -14.94749555500001215, -5.323477688200406227E-15, 1.500000000000000000 ) ) ;
#587 = DIRECTION ( 'NONE',  ( -0.000000000000000000, -0.000000000000000000, -1.000000000000000000 ) ) ;
#588 = ORIENTED_EDGE ( 'NONE', *, *, #2096, .T. ) ;
#589 = EDGE_CURVE ( 'NONE', #4157, #1109, #2907, .T. ) ;
#590 = DIRECTION ( 'NONE',  ( -0.000000000000000000, -0.000000000000000000, 1.000000000000000000 ) ) ;
#591 = DIRECTION ( 'NONE',  ( -0.000000000000000000, -0.000000000000000000, -1.000000000000000000 ) ) ;
#592 = DIRECTION ( 'NONE',  ( -1.000000000000000000, 0.000000000000000000, 0.000000000000000000 ) ) ;
#593 = ORIENTED_EDGE ( 'NONE', *, *, #2276, .F. ) ;
#594 = EDGE_CURVE ( 'NONE', #361, #3350, #4627, .T. ) ;
#595 = ORIENTED_EDGE ( 'NONE', *, *, #1066, .F. ) ;
#596 = ADVANCED_FACE ( 'NONE', ( #1110 ), #2486, .T. ) ;
#597 = CARTESIAN_POINT ( 'NONE',  ( 14.17297434595849914, 26.74086868171549369, 1.499999999999999556 ) ) ;
#598 = FACE_OUTER_BOUND ( 'NONE', #696, .T. ) ;
#599 = DIRECTION ( 'NONE',  ( 1.000000000000000000, 0.000000000000000000, -0.000000000000000000 ) ) ;
#600 = ORIENTED_EDGE ( 'NONE', *, *, #44, .T. ) ;
#601 = VERTEX_POINT ( 'NONE', #2886 ) ;
#602 = DIRECTION ( 'NONE',  ( -1.204669080540017324E-16, 0.000000000000000000, 1.000000000000000000 ) ) ;
#603 = PERSON_AND_ORGANIZATION_ROLE ( 'design_owner' ) ;
#604 = VERTEX_POINT ( 'NONE', #2514 ) ;
#605 = DIRECTION ( 'NONE',  ( -0.000000000000000000, -1.000000000000000000, -0.000000000000000000 ) ) ;
#606 = AXIS2_PLACEMENT_3D ( 'NONE', #2424, #4237, #3193 ) ;
#607 = DIRECTION ( 'NONE',  ( -1.000000000000000000, 0.000000000000000000, 0.000000000000000000 ) ) ;
#608 = CARTESIAN_POINT ( 'NONE',  ( 6.530302260614516463, 33.13198821118272264, 0.000000000000000000 ) ) ;
#609 = LINE ( 'NONE', #2706, #3404 ) ;
#610 = CIRCLE ( 'NONE', #1442, 0.5000000000000004441 ) ;
#611 = VECTOR ( 'NONE', #877, 1000.000000000000000 ) ;
#612 = VERTEX_POINT ( 'NONE', #1737 ) ;
#613 = CARTESIAN_POINT ( 'NONE',  ( 14.77297434595856629, 3.075243048952492051E-14, 1.500000000000000000 ) ) ;
#614 = AXIS2_PLACEMENT_3D ( 'NONE', #4312, #2100, #2827 ) ;
#615 = VECTOR ( 'NONE', #3120, 1000.000000000000000 ) ;
#616 = DIRECTION ( 'NONE',  ( -1.000000000000000000, 0.000000000000000000, 0.000000000000000000 ) ) ;
#617 = PLANE ( 'NONE',  #1666 ) ;
#618 = ORIENTED_EDGE ( 'NONE', *, *, #4421, .T. ) ;
#619 = VECTOR ( 'NONE', #1843, 1000.000000000000000 ) ;
#620 = ORIENTED_EDGE ( 'NONE', *, *, #2551, .T. ) ;
#621 = LINE ( 'NONE', #3137, #2015 ) ;
#622 = LINE ( 'NONE', #1638, #2269 ) ;
#623 = AXIS2_PLACEMENT_3D ( 'NONE', #878, #1858, #2631 ) ;
#624 = EDGE_CURVE ( 'NONE', #3756, #3759, #3169, .T. ) ;
#625 = CARTESIAN_POINT ( 'NONE',  ( -14.94749555500001215, 5.323477688200406227E-15, 5.000000000000000000 ) ) ;
#626 = VERTEX_POINT ( 'NONE', #2467 ) ;
#627 = VERTEX_POINT ( 'NONE', #3215 ) ;
#628 = APPROVAL_PERSON_ORGANIZATION ( #723, #1968, #2158 ) ;
#629 = ADVANCED_FACE ( 'NONE', ( #2111 ), #1433, .F. ) ;
#630 = CARTESIAN_POINT ( 'NONE',  ( -14.94749555500000149, -34.77084328169999594, 1.500000000000000000 ) ) ;
#631 = VERTEX_POINT ( 'NONE', #551 ) ;
#632 = CARTESIAN_POINT ( 'NONE',  ( -14.94749555500000149, 34.77089408180000163, 5.000000000000000000 ) ) ;
#633 = CIRCLE ( 'NONE', #1393, 3.100000000000001865 ) ;
#634 = CYLINDRICAL_SURFACE ( 'NONE', #150, 0.4999999999999995559 ) ;
#635 = CARTESIAN_POINT ( 'NONE',  ( -20.00000000000000000, -36.80000000000000426, 10.89000000000000057 ) ) ;
#636 = DIRECTION ( 'NONE',  ( 1.000000000000000000, 0.000000000000000000, 0.000000000000000000 ) ) ;
#637 = CARTESIAN_POINT ( 'NONE',  ( -0.6400114416205011647, 36.80100000000001614, 4.574999950747501209 ) ) ;
#638 = LINE ( 'NONE', #661, #1084 ) ;
#639 = DIRECTION ( 'NONE',  ( 0.000000000000000000, 0.000000000000000000, -1.000000000000000000 ) ) ;
#640 = EDGE_LOOP ( 'NONE', ( #409, #1381 ) ) ;
#641 = VERTEX_POINT ( 'NONE', #2980 ) ;
#642 = LINE ( 'NONE', #1011, #2391 ) ;
#643 = CARTESIAN_POINT ( 'NONE',  ( 14.94749555500000326, 30.40006096009999936, 1.500000000000000000 ) ) ;
#644 = DIRECTION ( 'NONE',  ( -0.000000000000000000, -0.000000000000000000, -1.000000000000000000 ) ) ;
#645 = VERTEX_POINT ( 'NONE', #438 ) ;
#646 = ORIENTED_EDGE ( 'NONE', *, *, #2700, .T. ) ;
#647 = EDGE_CURVE ( 'NONE', #3296, #2060, #4394, .T. ) ;
#648 = AXIS2_PLACEMENT_3D ( 'NONE', #1882, #3314, #880 ) ;
#649 = LINE ( 'NONE', #4602, #3397 ) ;
#650 = ORIENTED_EDGE ( 'NONE', *, *, #4421, .F. ) ;
#651 = DIRECTION ( 'NONE',  ( -1.000000000000000000, 0.000000000000000000, 0.000000000000000000 ) ) ;
#652 = ADVANCED_FACE ( 'NONE', ( #4040 ), #195, .T. ) ;
#653 = EDGE_CURVE ( 'NONE', #2175, #1310, #1878, .T. ) ;
#654 = VECTOR ( 'NONE', #4302, 1000.000000000000000 ) ;
#655 = DIRECTION ( 'NONE',  ( 0.000000000000000000, 0.000000000000000000, -1.000000000000000000 ) ) ;
#656 = DIRECTION ( 'NONE',  ( 0.000000000000000000, 0.000000000000000000, -1.000000000000000000 ) ) ;
#657 = DIRECTION ( 'NONE',  ( 0.000000000000000000, -1.000000000000000000, 0.000000000000000000 ) ) ;
#658 = CIRCLE ( 'NONE', #3439, 2.200000000000000622 ) ;
#659 = FACE_OUTER_BOUND ( 'NONE', #3992, .T. ) ;
#660 = AXIS2_PLACEMENT_3D ( 'NONE', #1542, #4055, #886 ) ;
#661 = CARTESIAN_POINT ( 'NONE',  ( -21.04749555499999758, 30.40006096009998515, 0.5999999999999999778 ) ) ;
#662 = DIRECTION ( 'NONE',  ( 0.000000000000000000, 0.000000000000000000, -1.000000000000000000 ) ) ;
#663 = ORIENTED_EDGE ( 'NONE', *, *, #2989, .T. ) ;
#664 = ORIENTED_EDGE ( 'NONE', *, *, #1182, .F. ) ;
#665 = DIRECTION ( 'NONE',  ( -0.000000000000000000, -0.000000000000000000, -1.000000000000000000 ) ) ;
#666 = DIRECTION ( 'NONE',  ( -0.000000000000000000, -0.000000000000000000, 1.000000000000000000 ) ) ;
#667 = FACE_OUTER_BOUND ( 'NONE', #3160, .T. ) ;
#668 = ORIENTED_EDGE ( 'NONE', *, *, #4136, .T. ) ;
#669 = EDGE_LOOP ( 'NONE', ( #3421, #1541, #2996, #2387 ) ) ;
#670 = LINE ( 'NONE', #4297, #90 ) ;
#671 = DATE_AND_TIME ( #2511, #4460 ) ;
#672 = ORIENTED_EDGE ( 'NONE', *, *, #1271, .F. ) ;
#673 = CARTESIAN_POINT ( 'NONE',  ( 3.225958851927499982, 31.74086868171549369, 13.14817582284883635 ) ) ;
#674 = LINE ( 'NONE', #1435, #679 ) ;
#675 = FACE_OUTER_BOUND ( 'NONE', #3050, .T. ) ;
#676 = EDGE_CURVE ( 'NONE', #4389, #4157, #2605, .T. ) ;
#678 = EDGE_CURVE ( 'NONE', #1446, #4640, #4500, .T. ) ;
#677 = CYLINDRICAL_SURFACE ( 'NONE', #2956, 0.5000000000000000000 ) ;
#679 = VECTOR ( 'NONE', #4581, 1000.000000000000000 ) ;
#680 = MANIFOLD_SOLID_BREP ( '切除-拉伸12', #2606 ) ;
#681 = DIRECTION ( 'NONE',  ( 1.000000000000000000, 0.000000000000000000, 0.000000000000000000 ) ) ;
#682 = DIRECTION ( 'NONE',  ( -1.000000000000000000, 0.000000000000000000, 0.000000000000000000 ) ) ;
#683 = CIRCLE ( 'NONE', #532, 2.200000000000000622 ) ;
#684 = FACE_OUTER_BOUND ( 'NONE', #1131, .T. ) ;
#685 = ADVANCED_FACE ( 'NONE', ( #2011, #1160 ), #3446, .F. ) ;
#686 = EDGE_CURVE ( 'NONE', #1477, #2904, #1180, .T. ) ;
#687 = ORIENTED_EDGE ( 'NONE', *, *, #1697, .F. ) ;
#688 = EDGE_LOOP ( 'NONE', ( #224, #4028, #2126, #906 ) ) ;
#689 = VECTOR ( 'NONE', #2216, 1000.000000000000000 ) ;
#690 = DIRECTION ( 'NONE',  ( 0.000000000000000000, 0.000000000000000000, -1.000000000000000000 ) ) ;
#691 = VECTOR ( 'NONE', #132, 1000.000000000000000 ) ;
#692 = FACE_OUTER_BOUND ( 'NONE', #577, .T. ) ;
#693 = AXIS2_PLACEMENT_3D ( 'NONE', #2375, #262, #1700 ) ;
#694 = AXIS2_PLACEMENT_3D ( 'NONE', #3280, #2581, #4413 ) ;
#695 = ORIENTED_EDGE ( 'NONE', *, *, #766, .F. ) ;
#696 = EDGE_LOOP ( 'NONE', ( #2200, #1176, #244, #1915 ) ) ;
#697 = AXIS2_PLACEMENT_3D ( 'NONE', #962, #3829, #599 ) ;
#698 = LINE ( 'NONE', #3860, #1230 ) ;
#699 = DATE_AND_TIME ( #1735, #2882 ) ;
#700 = EDGE_LOOP ( 'NONE', ( #725, #1785, #1877, #3320, #1992, #1239, #1140, #3685 ) ) ;
#701 = CIRCLE ( 'NONE', #3332, 2.200000000000000622 ) ;
#702 = VERTEX_POINT ( 'NONE', #1288 ) ;
#703 = VECTOR ( 'NONE', #4172, 1000.000000000000000 ) ;
#704 = DIRECTION ( 'NONE',  ( -1.000000000000000000, 0.000000000000000000, 0.000000000000000000 ) ) ;
#705 = CARTESIAN_POINT ( 'NONE',  ( -17.94749555500000326, -30.40006096009999936, 5.000000000000000000 ) ) ;
#706 = CARTESIAN_POINT ( 'NONE',  ( 4.825958851927500071, 31.74086868171549369, 1.500000000000000000 ) ) ;
#707 = LINE ( 'NONE', #3218, #4007 ) ;
#708 = AXIS2_PLACEMENT_3D ( 'NONE', #4284, #352, #2236 ) ;
#709 = CARTESIAN_POINT ( 'NONE',  ( 17.94749555500000326, 30.40006096009999936, 0.5999999999999999778 ) ) ;
#710 = EDGE_CURVE ( 'NONE', #1651, #1707, #3815, .T. ) ;
#711 = DIRECTION ( 'NONE',  ( 0.000000000000000000, 0.000000000000000000, -1.000000000000000000 ) ) ;
#712 = CARTESIAN_POINT ( 'NONE',  ( -12.64001144162049961, 36.29999999999999005, 4.574999950747499433 ) ) ;
#713 = ORIENTED_EDGE ( 'NONE', *, *, #3476, .F. ) ;
#714 = ORIENTED_EDGE ( 'NONE', *, *, #2555, .F. ) ;
#715 = DIRECTION ( 'NONE',  ( 0.000000000000000000, 0.000000000000000000, -1.000000000000000000 ) ) ;
#716 = EDGE_CURVE ( 'NONE', #2321, #3759, #1043, .T. ) ;
#717 = EDGE_CURVE ( 'NONE', #3004, #33, #2364, .T. ) ;
#718 = DIRECTION ( 'NONE',  ( 2.168404344971009115E-16, 1.000000000000000000, 0.000000000000000000 ) ) ;
#719 = ADVANCED_FACE ( 'NONE', ( #572, #218 ), #1907, .T. ) ;
#720 = ORIENTED_EDGE ( 'NONE', *, *, #4390, .T. ) ;
#721 = EDGE_LOOP ( 'NONE', ( #1715, #832, #1478, #3199 ) ) ;
#722 = LINE ( 'NONE', #3500, #3096 ) ;
#723 = PERSON_AND_ORGANIZATION ( #976, #3406 ) ;
#724 = ORIENTED_EDGE ( 'NONE', *, *, #2214, .F. ) ;
#725 = ORIENTED_EDGE ( 'NONE', *, *, #1927, .F. ) ;
#726 = CARTESIAN_POINT ( 'NONE',  ( 8.699466598943450535, 31.74086868171549369, 5.542456227884499320 ) ) ;
#727 = DIRECTION ( 'NONE',  ( -1.000000000000000000, 0.000000000000000000, 0.000000000000000000 ) ) ;
#728 = DIRECTION ( 'NONE',  ( 0.000000000000000000, 0.000000000000000000, -1.000000000000000000 ) ) ;
#729 = LINE ( 'NONE', #1721, #1827 ) ;
#730 = CIRCLE ( 'NONE', #1262, 1.600000000000000755 ) ;
#731 = DIRECTION ( 'NONE',  ( -0.000000000000000000, -0.000000000000000000, -1.000000000000000000 ) ) ;
#732 = CARTESIAN_POINT ( 'NONE',  ( 14.94749555500000149, -34.77084328169999594, 5.000000000000000000 ) ) ;
#733 = VECTOR ( 'NONE', #1673, 1000.000000000000000 ) ;
#734 = DIRECTION ( 'NONE',  ( -1.000000000000000000, 0.000000000000000000, 0.000000000000000000 ) ) ;
#735 = ORIENTED_EDGE ( 'NONE', *, *, #862, .F. ) ;
#736 = EDGE_LOOP ( 'NONE', ( #1057, #1246 ) ) ;
#737 = CARTESIAN_POINT ( 'NONE',  ( 0.000000000000000000, -27.40006096009999936, 5.000000000000000000 ) ) ;
#738 = DIRECTION ( 'NONE',  ( -2.891205793294679805E-16, 0.000000000000000000, -1.000000000000000000 ) ) ;
#739 = EDGE_CURVE ( 'NONE', #4212, #3004, #1551, .T. ) ;
#740 = ADVANCED_FACE ( 'NONE', ( #3087 ), #2207, .T. ) ;
#741 = ORIENTED_EDGE ( 'NONE', *, *, #1863, .T. ) ;
#742 = VERTEX_POINT ( 'NONE', #2228 ) ;
#743 = VECTOR ( 'NONE', #4512, 1000.000000000000000 ) ;
#744 = DIRECTION ( 'NONE',  ( 1.000000000000000000, 0.000000000000000000, 0.000000000000000000 ) ) ;
#745 = ADVANCED_FACE ( 'NONE', ( #1530, #2961 ), #4417, .F. ) ;
#746 = EDGE_LOOP ( 'NONE', ( #3134, #3654, #4180, #4404 ) ) ;
#747 = ORIENTED_EDGE ( 'NONE', *, *, #4339, .F. ) ;
#748 = CARTESIAN_POINT ( 'NONE',  ( -17.94749555500000326, 30.40006096009998515, 0.5999999999999999778 ) ) ;
#749 = CARTESIAN_POINT ( 'NONE',  ( -16.34749555500000184, -30.40006096009999936, 2.500000000000000444 ) ) ;
#750 = LINE ( 'NONE', #3358, #1226 ) ;
#751 = LINE ( 'NONE', #1768, #397 ) ;
#752 = CARTESIAN_POINT ( 'NONE',  ( -21.04749555499999758, 30.40006096009998515, 0.000000000000000000 ) ) ;
#753 = CARTESIAN_POINT ( 'NONE',  ( 10.97297434595849452, 27.24086868171549369, 0.4999999999999995559 ) ) ;
#754 = DIRECTION ( 'NONE',  ( 1.000000000000000000, 0.000000000000000000, 0.000000000000000000 ) ) ;
#755 = LINE ( 'NONE', #1364, #4079 ) ;
#756 = EDGE_LOOP ( 'NONE', ( #1795, #4548, #884, #3809 ) ) ;
#757 = VERTEX_POINT ( 'NONE', #848 ) ;
#758 = DIRECTION ( 'NONE',  ( 0.000000000000000000, -0.000000000000000000, -1.000000000000000000 ) ) ;
#759 = VECTOR ( 'NONE', #261, 1000.000000000000000 ) ;
#760 = FACE_OUTER_BOUND ( 'NONE', #2386, .T. ) ;
#761 = DIRECTION ( 'NONE',  ( 2.781230391307005911E-16, 1.000000000000000000, -0.000000000000000000 ) ) ;
#762 = ORIENTED_EDGE ( 'NONE', *, *, #3356, .T. ) ;
#763 = AXIS2_PLACEMENT_3D ( 'NONE', #1872, #1544, #430 ) ;
#764 = AXIS2_PLACEMENT_3D ( 'NONE', #1620, #2725, #3099 ) ;
#765 = ORIENTED_EDGE ( 'NONE', *, *, #4471, .F. ) ;
#766 = EDGE_CURVE ( 'NONE', #841, #604, #966, .T. ) ;
#767 = AXIS2_PLACEMENT_3D ( 'NONE', #1358, #4149, #933 ) ;
#768 = VECTOR ( 'NONE', #3782, 1000.000000000000000 ) ;
#769 = CARTESIAN_POINT ( 'NONE',  ( 6.425958851927499715, 31.74086868171549369, 2.100000000000000089 ) ) ;
#770 = ORIENTED_EDGE ( 'NONE', *, *, #3878, .T. ) ;
#771 = ORIENTED_EDGE ( 'NONE', *, *, #2646, .F. ) ;
#772 = VECTOR ( 'NONE', #126, 1000.000000000000000 ) ;
#773 = DIRECTION ( 'NONE',  ( -1.000000000000000000, 0.000000000000000000, -1.204669080540017324E-16 ) ) ;
#774 = VECTOR ( 'NONE', #2498, 1000.000000000000000 ) ;
#775 = EDGE_CURVE ( 'NONE', #81, #3271, #893, .T. ) ;
#776 = FACE_OUTER_BOUND ( 'NONE', #4126, .T. ) ;
#777 = LINE ( 'NONE', #824, #2274 ) ;
#778 = EDGE_CURVE ( 'NONE', #2397, #3259, #245, .T. ) ;
#779 = AXIS2_PLACEMENT_3D ( 'NONE', #3670, #2285, #2303 ) ;
#780 = DIRECTION ( 'NONE',  ( -2.168404344971009115E-16, -1.000000000000000000, 0.000000000000000000 ) ) ;
#781 = DIRECTION ( 'NONE',  ( 1.000000000000000000, 0.000000000000000000, 0.000000000000000000 ) ) ;
#782 = LINE ( 'NONE', #2938, #1884 ) ;
#783 = CARTESIAN_POINT ( 'NONE',  ( 10.97297434595849452, 26.74086868171549369, 0.4999999999999995559 ) ) ;
#784 = FACE_OUTER_BOUND ( 'NONE', #1106, .T. ) ;
#785 = EDGE_LOOP ( 'NONE', ( #3569, #3831, #4191, #914 ) ) ;
#786 = VERTEX_POINT ( 'NONE', #3494 ) ;
#787 = CARTESIAN_POINT ( 'NONE',  ( -17.94749555500000326, -30.40006096009999936, 0.5999999999999998668 ) ) ;
#788 = PLANE ( 'NONE',  #23 ) ;
#789 = CARTESIAN_POINT ( 'NONE',  ( 14.77297434595856629, 3.075243048952492051E-14, -0.0009999999999999158867 ) ) ;
#790 = VERTEX_POINT ( 'NONE', #597 ) ;
#791 = EDGE_LOOP ( 'NONE', ( #3985, #946, #1961, #2570 ) ) ;
#792 = APPROVAL ( #2839, '未指定' ) ;
#793 = LINE ( 'NONE', #2532, #1152 ) ;
#794 = EDGE_LOOP ( 'NONE', ( #3566, #2280, #2976, #1905 ) ) ;
#795 = EDGE_CURVE ( 'NONE', #2986, #3728, #3279, .T. ) ;
#796 = ORIENTED_EDGE ( 'NONE', *, *, #3269, .T. ) ;
#797 = DIRECTION ( 'NONE',  ( -1.000000000000000000, 0.000000000000000000, -0.000000000000000000 ) ) ;
#798 = FACE_OUTER_BOUND ( 'NONE', #983, .T. ) ;
#799 = CARTESIAN_POINT ( 'NONE',  ( 12.57297434595849950, 31.74086868171549369, 0.4999999999999995559 ) ) ;
#800 = CARTESIAN_POINT ( 'NONE',  ( -5.226019910154001025, -35.27084328170000305, 1.840000135221999900 ) ) ;
#801 = EDGE_CURVE ( 'NONE', #3442, #3260, #658, .T. ) ;
#802 = DIRECTION ( 'NONE',  ( -1.000000000000000000, 0.000000000000000000, 0.000000000000000000 ) ) ;
#803 = ADVANCED_BREP_SHAPE_REPRESENTATION ( '下壳20240522', ( #680, #327 ), #3939 ) ;
#804 = DIRECTION ( 'NONE',  ( 1.000000000000000000, 0.000000000000000000, 0.000000000000000000 ) ) ;
#805 = CARTESIAN_POINT ( 'NONE',  ( -20.00000000000000000, -36.30000000000000426, 10.89000000000000057 ) ) ;
#806 = DESIGN_CONTEXT ( 'detailed design', #2927, 'design' ) ;
#807 = CARTESIAN_POINT ( 'NONE',  ( 0.000000000000000000, 27.24086868171549369, 0.5000000000000000000 ) ) ;
#808 = AXIS2_PLACEMENT_3D ( 'NONE', #3888, #1652, #3149 ) ;
#809 = EDGE_CURVE ( 'NONE', #2954, #108, #2479, .T. ) ;
#810 = ORIENTED_EDGE ( 'NONE', *, *, #2468, .F. ) ;
#811 = ORIENTED_EDGE ( 'NONE', *, *, #1577, .F. ) ;
#812 = CARTESIAN_POINT ( 'NONE',  ( 22.77463296929997583, -31.18623580853164157, 5.000000000000000000 ) ) ;
#813 = VECTOR ( 'NONE', #61, 1000.000000000000000 ) ;
#814 = DIRECTION ( 'NONE',  ( -1.000000000000000000, 0.000000000000000000, 0.000000000000000000 ) ) ;
#815 = DIRECTION ( 'NONE',  ( 2.168404344971009115E-16, 1.000000000000000000, 0.000000000000000000 ) ) ;
#816 = ORIENTED_EDGE ( 'NONE', *, *, #1612, .F. ) ;
#817 = AXIS2_PLACEMENT_3D ( 'NONE', #2851, #3273, #4356 ) ;
#818 = ORIENTED_EDGE ( 'NONE', *, *, #3154, .F. ) ;
#819 = DIRECTION ( 'NONE',  ( -0.000000000000000000, 0.000000000000000000, 1.000000000000000000 ) ) ;
#820 = ORIENTED_EDGE ( 'NONE', *, *, #4244, .F. ) ;
#821 = EDGE_LOOP ( 'NONE', ( #1414, #211 ) ) ;
#822 = DIRECTION ( 'NONE',  ( -0.000000000000000000, -0.000000000000000000, -1.000000000000000000 ) ) ;
#823 = DIRECTION ( 'NONE',  ( -1.000000000000000000, -2.602085213965210642E-16, 0.000000000000000000 ) ) ;
#824 = CARTESIAN_POINT ( 'NONE',  ( 14.17297434595849914, 26.74086868171549369, -0.0009999999999999158867 ) ) ;
#825 = PLANE ( 'NONE',  #3716 ) ;
#826 = FACE_OUTER_BOUND ( 'NONE', #3335, .T. ) ;
#827 = CARTESIAN_POINT ( 'NONE',  ( -17.94749555500000326, 30.40006096009999936, 0.5999999999999998668 ) ) ;
#828 = ADVANCED_FACE ( 'NONE', ( #1775 ), #270, .F. ) ;
#829 = ADVANCED_FACE ( 'NONE', ( #3895 ), #4591, .F. ) ;
#830 = DIRECTION ( 'NONE',  ( 0.000000000000000000, -1.000000000000000000, 0.000000000000000000 ) ) ;
#831 = DIRECTION ( 'NONE',  ( 0.000000000000000000, -0.000000000000000000, 1.000000000000000000 ) ) ;
#832 = ORIENTED_EDGE ( 'NONE', *, *, #1863, .F. ) ;
#833 = VERTEX_POINT ( 'NONE', #960 ) ;
#834 = LINE ( 'NONE', #4101, #1199 ) ;
#835 = CARTESIAN_POINT ( 'NONE',  ( 18.69002286007999558, 31.18628397257998941, 10.89000000000000057 ) ) ;
#836 = EDGE_CURVE ( 'NONE', #2625, #2453, #3667, .T. ) ;
#837 = EDGE_CURVE ( 'NONE', #3941, #3162, #621, .T. ) ;
#838 = DIRECTION ( 'NONE',  ( 1.000000000000000000, 0.000000000000000000, 0.000000000000000000 ) ) ;
#839 = VECTOR ( 'NONE', #4330, 1000.000000000000000 ) ;
#840 = EDGE_LOOP ( 'NONE', ( #3001, #3925 ) ) ;
#841 = VERTEX_POINT ( 'NONE', #2129 ) ;
#842 = CIRCLE ( 'NONE', #2263, 2.200000000000000622 ) ;
#843 = CIRCLE ( 'NONE', #4067, 4.084610109220005114 ) ;
#844 = FACE_OUTER_BOUND ( 'NONE', #791, .T. ) ;
#845 = VECTOR ( 'NONE', #1668, 1000.000000000000000 ) ;
#846 = ORIENTED_EDGE ( 'NONE', *, *, #4024, .F. ) ;
#847 = ORIENTED_EDGE ( 'NONE', *, *, #4539, .T. ) ;
#848 = CARTESIAN_POINT ( 'NONE',  ( 10.85869561427642260, 33.14352870813628016, 1.499999999999999556 ) ) ;
#849 = VECTOR ( 'NONE', #172, 1000.000000000000000 ) ;
#850 = CIRCLE ( 'NONE', #4447, 1.600000000000000755 ) ;
#851 = CARTESIAN_POINT ( 'NONE',  ( 14.17297434595850092, 31.74086868171549369, 0.000000000000000000 ) ) ;
#852 = CARTESIAN_POINT ( 'NONE',  ( -20.00000000000000000, -36.30000000000000426, 10.89000000000000057 ) ) ;
#853 = VECTOR ( 'NONE', #2203, 1000.000000000000000 ) ;
#854 = DIRECTION ( 'NONE',  ( -1.000000000000000000, 0.000000000000000000, 0.000000000000000000 ) ) ;
#855 = AXIS2_PLACEMENT_3D ( 'NONE', #3702, #4027, #4050 ) ;
#856 = DIRECTION ( 'NONE',  ( -0.000000000000000000, -0.000000000000000000, -1.000000000000000000 ) ) ;
#857 = AXIS2_PLACEMENT_3D ( 'NONE', #3247, #375, #2078 ) ;
#858 = LINE ( 'NONE', #2261, #689 ) ;
#859 = CARTESIAN_POINT ( 'NONE',  ( -6.176019910154001202, -36.30000000000000426, 1.840000135221999900 ) ) ;
#860 = EDGE_LOOP ( 'NONE', ( #2975, #2135, #236, #3824, #2655, #3688, #186, #762, #2223, #2582, #3612, #871, #1287, #1800 ) ) ;
#861 = AXIS2_PLACEMENT_3D ( 'NONE', #3598, #4307, #3528 ) ;
#862 = EDGE_CURVE ( 'NONE', #1208, #2569, #2103, .T. ) ;
#863 = VERTEX_POINT ( 'NONE', #338 ) ;
#864 = AXIS2_PLACEMENT_3D ( 'NONE', #4430, #73, #3708 ) ;
#865 = DIRECTION ( 'NONE',  ( -0.000000000000000000, -0.000000000000000000, 1.000000000000000000 ) ) ;
#866 = CARTESIAN_POINT ( 'NONE',  ( 22.77463296930000070, 31.18628397259999829, 10.89000000000000057 ) ) ;
#867 = DIRECTION ( 'NONE',  ( 1.000000000000000000, -1.856308247812543884E-16, 0.000000000000000000 ) ) ;
#868 = LOCAL_TIME ( 14, 18, 48.00000000000000000, #2749 ) ;
#869 = ORIENTED_EDGE ( 'NONE', *, *, #2073, .T. ) ;
#870 = EDGE_CURVE ( 'NONE', #3350, #361, #131, .T. ) ;
#871 = ORIENTED_EDGE ( 'NONE', *, *, #2258, .F. ) ;
#872 = EDGE_CURVE ( 'NONE', #1694, #2060, #3535, .T. ) ;
#873 = EDGE_CURVE ( 'NONE', #3059, #1343, #4567, .T. ) ;
#874 = CARTESIAN_POINT ( 'NONE',  ( 20.00000000000000000, -36.80000000000000426, 10.89000000000000057 ) ) ;
#875 = VERTEX_POINT ( 'NONE', #2062 ) ;
#876 = ORIENTED_EDGE ( 'NONE', *, *, #3879, .T. ) ;
#877 = DIRECTION ( 'NONE',  ( 0.000000000000000000, -1.000000000000000000, 0.000000000000000000 ) ) ;
#878 = CARTESIAN_POINT ( 'NONE',  ( -17.94749555500000326, -30.40006096009999936, 5.000000000000000000 ) ) ;
#879 = ORIENTED_EDGE ( 'NONE', *, *, #4637, .F. ) ;
#880 = DIRECTION ( 'NONE',  ( 0.000000000000000000, -0.000000000000000000, 1.000000000000000000 ) ) ;
#881 = CARTESIAN_POINT ( 'NONE',  ( 14.77297434595850056, 28.21602799331584421, 4.257074440788612080 ) ) ;
#882 = DIRECTION ( 'NONE',  ( 1.000000000000000000, 0.000000000000000000, 0.000000000000000000 ) ) ;
#883 = LINE ( 'NONE', #807, #1599 ) ;
#884 = ORIENTED_EDGE ( 'NONE', *, *, #4611, .T. ) ;
#885 = EDGE_LOOP ( 'NONE', ( #1345, #525, #2218, #1583 ) ) ;
#886 = DIRECTION ( 'NONE',  ( -1.000000000000000000, 0.000000000000000000, 0.000000000000000000 ) ) ;
#887 = CARTESIAN_POINT ( 'NONE',  ( -18.69005080008499675, 31.18628651258499573, 10.89000000000000057 ) ) ;
#888 = CARTESIAN_POINT ( 'NONE',  ( 10.29946659894344840, 26.74086868171549369, 1.499999999999999556 ) ) ;
#889 = ORIENTED_EDGE ( 'NONE', *, *, #3818, .T. ) ;
#890 = VERTEX_POINT ( 'NONE', #4221 ) ;
#891 = EDGE_CURVE ( 'NONE', #1295, #2153, #642, .T. ) ;
#892 = EDGE_CURVE ( 'NONE', #3442, #2900, #2436, .T. ) ;
#893 = CIRCLE ( 'NONE', #503, 1.600000000000002531 ) ;
#894 = LINE ( 'NONE', #2342, #1080 ) ;
#895 = VERTEX_POINT ( 'NONE', #1729 ) ;
#896 = ORIENTED_EDGE ( 'NONE', *, *, #678, .T. ) ;
#897 = AXIS2_PLACEMENT_3D ( 'NONE', #2572, #405, #3581 ) ;
#898 = EDGE_CURVE ( 'NONE', #4556, #4588, #3157, .T. ) ;
#899 = FACE_OUTER_BOUND ( 'NONE', #2444, .T. ) ;
#900 = CARTESIAN_POINT ( 'NONE',  ( -14.84749555500000717, 30.40006096009998515, 0.000000000000000000 ) ) ;
#901 = DIRECTION ( 'NONE',  ( 0.000000000000000000, 0.000000000000000000, -1.000000000000000000 ) ) ;
#902 = DIRECTION ( 'NONE',  ( -1.204669080540017324E-16, 0.000000000000000000, 1.000000000000000000 ) ) ;
#903 = CARTESIAN_POINT ( 'NONE',  ( -20.00000000000000000, -36.80000000000000426, 10.89000000000000057 ) ) ;
#904 = CARTESIAN_POINT ( 'NONE',  ( 14.17297434595849914, 27.24086868171549369, 0.000000000000000000 ) ) ;
#905 = ORIENTED_EDGE ( 'NONE', *, *, #1862, .F. ) ;
#906 = ORIENTED_EDGE ( 'NONE', *, *, #1016, .T. ) ;
#907 = DIRECTION ( 'NONE',  ( -1.000000000000000000, -0.000000000000000000, -0.000000000000000000 ) ) ;
#908 = DIRECTION ( 'NONE',  ( -1.000000000000000000, 2.168404344971009115E-16, -0.000000000000000000 ) ) ;
#909 = DIRECTION ( 'NONE',  ( 0.000000000000000000, 0.000000000000000000, -1.000000000000000000 ) ) ;
#910 = ORIENTED_EDGE ( 'NONE', *, *, #2381, .F. ) ;
#911 = ORIENTED_EDGE ( 'NONE', *, *, #3584, .F. ) ;
#912 = CARTESIAN_POINT ( 'NONE',  ( 20.29999999999999716, -36.80000000000000426, 0.000000000000000000 ) ) ;
#913 = LINE ( 'NONE', #574, #2277 ) ;
#914 = ORIENTED_EDGE ( 'NONE', *, *, #2090, .F. ) ;
#915 = AXIS2_PLACEMENT_3D ( 'NONE', #1341, #4574, #2014 ) ;
#916 = ORIENTED_EDGE ( 'NONE', *, *, #624, .T. ) ;
#917 = EDGE_CURVE ( 'NONE', #3530, #505, #4246, .T. ) ;
#918 = VECTOR ( 'NONE', #371, 1000.000000000000000 ) ;
#919 = CARTESIAN_POINT ( 'NONE',  ( 20.30000000000000071, 36.79999999999999005, 0.000000000000000000 ) ) ;
#920 = DIRECTION ( 'NONE',  ( -1.000000000000000000, 0.000000000000000000, 0.000000000000000000 ) ) ;
#921 = CIRCLE ( 'NONE', #1591, 4.084607569215004119 ) ;
#922 = VECTOR ( 'NONE', #3693, 1000.000000000000000 ) ;
#923 = LINE ( 'NONE', #1695, #1039 ) ;
#924 = EDGE_CURVE ( 'NONE', #3969, #103, #4335, .T. ) ;
#925 = EDGE_CURVE ( 'NONE', #2917, #2552, #3518, .T. ) ;
#926 = CARTESIAN_POINT ( 'NONE',  ( 14.94749555500000149, 34.77089408179999452, 5.000000000000000000 ) ) ;
#927 = AXIS2_PLACEMENT_3D ( 'NONE', #1072, #3891, #2848 ) ;
#928 = CARTESIAN_POINT ( 'NONE',  ( 0.000000000000000000, 26.74086868171549369, -0.0009999999999999158867 ) ) ;
#929 = DIRECTION ( 'NONE',  ( 0.000000000000000000, 0.000000000000000000, -1.000000000000000000 ) ) ;
#930 = EDGE_LOOP ( 'NONE', ( #4494, #3302, #2458, #4038 ) ) ;
#931 = ORIENTED_EDGE ( 'NONE', *, *, #795, .T. ) ;
#932 = LINE ( 'NONE', #1681, #2733 ) ;
#933 = DIRECTION ( 'NONE',  ( 0.000000000000000000, 0.000000000000000000, -1.000000000000000000 ) ) ;
#934 = VECTOR ( 'NONE', #1556, 1000.000000000000000 ) ;
#935 = AXIS2_PLACEMENT_3D ( 'NONE', #240, #591, #3489 ) ;
#936 = ORIENTED_EDGE ( 'NONE', *, *, #2068, .F. ) ;
#937 = ORIENTED_EDGE ( 'NONE', *, *, #891, .T. ) ;
#938 = CARTESIAN_POINT ( 'NONE',  ( 20.30000000000000071, -36.80000000000000426, 10.89000000000000057 ) ) ;
#939 = DIRECTION ( 'NONE',  ( -0.000000000000000000, -0.000000000000000000, -1.000000000000000000 ) ) ;
#940 = LINE ( 'NONE', #3758, #768 ) ;
#941 = VERTEX_POINT ( 'NONE', #812 ) ;
#942 = ORIENTED_EDGE ( 'NONE', *, *, #2808, .T. ) ;
#943 = LINE ( 'NONE', #3807, #3164 ) ;
#944 = ADVANCED_FACE ( 'NONE', ( #2245 ), #1472, .F. ) ;
#945 =( NAMED_UNIT ( * ) PLANE_ANGLE_UNIT ( ) SI_UNIT ( $, .RADIAN. ) );
#946 = ORIENTED_EDGE ( 'NONE', *, *, #1553, .T. ) ;
#947 = LINE ( 'NONE', #632, #3206 ) ;
#948 = CARTESIAN_POINT ( 'NONE',  ( 10.97297434595849630, 31.74086868171549369, 13.14817582284883635 ) ) ;
#949 = CARTESIAN_POINT ( 'NONE',  ( 20.30000000000000071, 36.79999999999999005, 0.000000000000000000 ) ) ;
#950 = ADVANCED_FACE ( 'NONE', ( #3224 ), #358, .F. ) ;
#952 = EDGE_CURVE ( 'NONE', #3303, #3003, #2524, .T. ) ;
#951 = CARTESIAN_POINT ( 'NONE',  ( 0.000000000000000000, 33.94086868171549298, 0.000000000000000000 ) ) ;
#953 = VERTEX_POINT ( 'NONE', #3960 ) ;
#954 = ORIENTED_EDGE ( 'NONE', *, *, #2492, .F. ) ;
#955 = LINE ( 'NONE', #3754, #2133 ) ;
#956 = FACE_OUTER_BOUND ( 'NONE', #756, .T. ) ;
#957 = EDGE_CURVE ( 'NONE', #3479, #3232, #2615, .T. ) ;
#958 = EDGE_LOOP ( 'NONE', ( #212, #482, #49, #506 ) ) ;
#959 = ORIENTED_EDGE ( 'NONE', *, *, #3675, .T. ) ;
#960 = CARTESIAN_POINT ( 'NONE',  ( 17.94749555500000326, -27.40006096009999936, 1.500000000000000000 ) ) ;
#961 = CARTESIAN_POINT ( 'NONE',  ( 14.94749555500001215, -5.323477688200406227E-15, 1.500000000000000000 ) ) ;
#962 = CARTESIAN_POINT ( 'NONE',  ( -5.226019910154001025, -36.80100000000001614, 5.000000000000000000 ) ) ;
#963 = EDGE_LOOP ( 'NONE', ( #2310, #382, #3594, #4354, #2925, #1685, #1761, #2600 ) ) ;
#964 = VECTOR ( 'NONE', #2429, 1000.000000000000000 ) ;
#965 = ORIENTED_EDGE ( 'NONE', *, *, #4133, .T. ) ;
#966 = CIRCLE ( 'NONE', #3587, 0.5000000000000004441 ) ;
#967 = CARTESIAN_POINT ( 'NONE',  ( -20.00000000000000000, 36.79999999999999005, 10.89000000000000057 ) ) ;
#968 = PERSON_AND_ORGANIZATION ( #976, #3406 ) ;
#969 = ORIENTED_EDGE ( 'NONE', *, *, #739, .T. ) ;
#970 = AXIS2_PLACEMENT_3D ( 'NONE', #4123, #2312, #1916 ) ;
#971 = LINE ( 'NONE', #1621, #3361 ) ;
#972 = CARTESIAN_POINT ( 'NONE',  ( 15.15245805012528102, 31.74086868171547948, 0.5999999999999999778 ) ) ;
#973 = DIRECTION ( 'NONE',  ( -1.000000000000000000, 0.000000000000000000, -0.000000000000000000 ) ) ;
#974 = LINE ( 'NONE', #1353, #248 ) ;
#975 = EDGE_LOOP ( 'NONE', ( #2604, #554, #2478, #1689 ) ) ;
#976 = PERSON ( '未指定', '未指定', '未指定', ('未指定'), ('未指定'), ('未指定') ) ;
#977 = EDGE_LOOP ( 'NONE', ( #2204, #1890, #2884, #2300 ) ) ;
#978 = EDGE_CURVE ( 'NONE', #1338, #3307, #1797, .T. ) ;
#979 = ADVANCED_FACE ( 'NONE', ( #50 ), #4009, .T. ) ;
#980 = CARTESIAN_POINT ( 'NONE',  ( -0.6400114416205011647, 36.80100000000001614, 4.574999950747501209 ) ) ;
#981 = DIRECTION ( 'NONE',  ( -1.000000000000000000, 0.000000000000000000, 0.000000000000000000 ) ) ;
#982 = VERTEX_POINT ( 'NONE', #1102 ) ;
#983 = EDGE_LOOP ( 'NONE', ( #3426, #3593, #1589, #2501 ) ) ;
#984 = DIRECTION ( 'NONE',  ( -1.000000000000000000, 0.000000000000000000, 0.000000000000000000 ) ) ;
#985 = EDGE_CURVE ( 'NONE', #117, #4640, #1716, .T. ) ;
#986 = EDGE_CURVE ( 'NONE', #1087, #4175, #2548, .T. ) ;
#987 = DIRECTION ( 'NONE',  ( -0.000000000000000000, -1.000000000000000000, -0.000000000000000000 ) ) ;
#988 = LINE ( 'NONE', #1014, #1454 ) ;
#989 = EDGE_LOOP ( 'NONE', ( #4589, #179, #3119, #1452 ) ) ;
#990 = VERTEX_POINT ( 'NONE', #3981 ) ;
#991 = LINE ( 'NONE', #1040, #615 ) ;
#992 = PERSON_AND_ORGANIZATION_ROLE ( 'creator' ) ;
#993 = EDGE_LOOP ( 'NONE', ( #2820, #2311, #55, #461 ) ) ;
#994 = DIRECTION ( 'NONE',  ( -0.000000000000000000, 1.000000000000000000, -0.000000000000000000 ) ) ;
#995 = CIRCLE ( 'NONE', #1067, 2.200000000000000622 ) ;
#996 = CARTESIAN_POINT ( 'NONE',  ( 20.30000000000000071, -32.80000000000001137, 0.000000000000000000 ) ) ;
#997 = CARTESIAN_POINT ( 'NONE',  ( 14.84749555500000184, -30.40006096009999936, 0.5999999999999999778 ) ) ;
#998 = CARTESIAN_POINT ( 'NONE',  ( 7.487358394719997534, -36.30000000000000426, 7.389999999999999680 ) ) ;
#999 = VECTOR ( 'NONE', #4057, 1000.000000000000000 ) ;
#1000 = AXIS2_PLACEMENT_3D ( 'NONE', #1372, #2800, #3885 ) ;
#1001 = VERTEX_POINT ( 'NONE', #2171 ) ;
#1002 = ORIENTED_EDGE ( 'NONE', *, *, #676, .T. ) ;
#1003 = AXIS2_PLACEMENT_3D ( 'NONE', #3221, #2894, #1029 ) ;
#1004 = AXIS2_PLACEMENT_3D ( 'NONE', #3544, #3189, #296 ) ;
#1005 = CARTESIAN_POINT ( 'NONE',  ( -17.94749555500000326, 27.40006096009999936, 5.000000000000000000 ) ) ;
#1006 = DIRECTION ( 'NONE',  ( 0.000000000000000000, -1.000000000000000000, 0.000000000000000000 ) ) ;
#1007 = EDGE_CURVE ( 'NONE', #1310, #3940, #2220, .T. ) ;
#1008 = EDGE_LOOP ( 'NONE', ( #2556, #2835, #542, #931 ) ) ;
#1009 = CIRCLE ( 'NONE', #1680, 2.999999999999999112 ) ;
#1010 = VERTEX_POINT ( 'NONE', #3253 ) ;
#1011 = CARTESIAN_POINT ( 'NONE',  ( -18.69005080010079567, -35.27084328169999594, 10.89000000000000057 ) ) ;
#1012 = CARTESIAN_POINT ( 'NONE',  ( -22.27465836929999909, 27.40006096009999936, 5.000000000000000000 ) ) ;
#1013 = CIRCLE ( 'NONE', #3785, 0.2999999999999999334 ) ;
#1014 = CARTESIAN_POINT ( 'NONE',  ( 15.74749555500000042, -30.40006096009999936, 11.22253967444162015 ) ) ;
#1015 = EDGE_CURVE ( 'NONE', #1733, #626, #449, .T. ) ;
#1016 = EDGE_CURVE ( 'NONE', #3372, #3969, #4289, .T. ) ;
#1017 = EDGE_LOOP ( 'NONE', ( #3986, #4276, #297, #1760, #2779, #1041, #35, #1750 ) ) ;
#1018 = ORIENTED_EDGE ( 'NONE', *, *, #1434, .T. ) ;
#1019 = ADVANCED_FACE ( 'NONE', ( #2947 ), #4385, .F. ) ;
#1020 = CARTESIAN_POINT ( 'NONE',  ( 14.77297434595850056, 31.74086868171547948, 0.5999999999999998668 ) ) ;
#1021 = SHAPE_DEFINITION_REPRESENTATION ( #4483, #803 ) ;
#1022 = EDGE_LOOP ( 'NONE', ( #264, #1074, #4321, #1339, #1355, #265, #4498, #2249, #2279, #4052, #1457, #3514, #4234, #486, #3330, #4192, #936, #1081, #1941, #60, #4427, #4341, #575, #3395, #2640, #593, #1678, #1282 ) ) ;
#1023 = DIRECTION ( 'NONE',  ( -0.000000000000000000, 0.000000000000000000, -1.000000000000000000 ) ) ;
#1024 = CARTESIAN_POINT ( 'NONE',  ( 16.34749555500000184, 30.40006096009999936, 10.89102500000000084 ) ) ;
#1025 = CARTESIAN_POINT ( 'NONE',  ( 0.000000000000000000, 0.000000000000000000, 0.000000000000000000 ) ) ;
#1026 = DIRECTION ( 'NONE',  ( -1.000000000000000000, 0.000000000000000000, 0.000000000000000000 ) ) ;
#1027 = EDGE_LOOP ( 'NONE', ( #454, #2810, #1925, #3066 ) ) ;
#1028 = DIRECTION ( 'NONE',  ( -0.000000000000000000, -0.000000000000000000, -1.000000000000000000 ) ) ;
#1029 = DIRECTION ( 'NONE',  ( -1.000000000000000000, 0.000000000000000000, -0.000000000000000000 ) ) ;
#1030 = ORIENTED_EDGE ( 'NONE', *, *, #2299, .F. ) ;
#1031 = ORIENTED_EDGE ( 'NONE', *, *, #1410, .T. ) ;
#1032 = CARTESIAN_POINT ( 'NONE',  ( 12.57297434595849950, 31.74086868171549369, 1.500000000000000000 ) ) ;
#1033 = LINE ( 'NONE', #2152, #3542 ) ;
#1034 = DIRECTION ( 'NONE',  ( -1.000000000000000000, 0.000000000000000000, 0.000000000000000000 ) ) ;
#1035 = ORIENTED_EDGE ( 'NONE', *, *, #3640, .F. ) ;
#1036 = ORIENTED_EDGE ( 'NONE', *, *, #1351, .F. ) ;
#1037 = EDGE_CURVE ( 'NONE', #1215, #148, #2540, .T. ) ;
#1038 = EDGE_CURVE ( 'NONE', #2153, #1904, #1569, .T. ) ;
#1039 = VECTOR ( 'NONE', #3124, 1000.000000000000000 ) ;
#1040 = CARTESIAN_POINT ( 'NONE',  ( 9.787358394719998245, -35.27084328170000305, 7.389999999999999680 ) ) ;
#1041 = ORIENTED_EDGE ( 'NONE', *, *, #3789, .T. ) ;
#1042 = LINE ( 'NONE', #3234, #1938 ) ;
#1043 = CIRCLE ( 'NONE', #3662, 1.599999999999999867 ) ;
#1044 = EDGE_CURVE ( 'NONE', #4111, #702, #1610, .T. ) ;
#1045 = FACE_OUTER_BOUND ( 'NONE', #3659, .T. ) ;
#1046 = LINE ( 'NONE', #3952, #3995 ) ;
#1047 = DIRECTION ( 'NONE',  ( -0.000000000000000000, -1.000000000000000000, -0.000000000000000000 ) ) ;
#1048 = AXIS2_PLACEMENT_3D ( 'NONE', #1340, #690, #984 ) ;
#1049 = CYLINDRICAL_SURFACE ( 'NONE', #350, 0.2999999999999999334 ) ;
#1050 = LINE ( 'NONE', #732, #2052 ) ;
#1051 = DIRECTION ( 'NONE',  ( 0.000000000000000000, -1.000000000000000000, 0.000000000000000000 ) ) ;
#1052 = ORIENTED_EDGE ( 'NONE', *, *, #3505, .F. ) ;
#1053 = ORIENTED_EDGE ( 'NONE', *, *, #3204, .F. ) ;
#1054 = CARTESIAN_POINT ( 'NONE',  ( 17.94749555500000326, 30.40006096009999936, 2.500000000000000444 ) ) ;
#1055 = DIRECTION ( 'NONE',  ( -0.000000000000000000, 0.000000000000000000, 1.000000000000000000 ) ) ;
#1056 = ORIENTED_EDGE ( 'NONE', *, *, #425, .F. ) ;
#1057 = ORIENTED_EDGE ( 'NONE', *, *, #2382, .F. ) ;
#1058 = LINE ( 'NONE', #3142, #4074 ) ;
#1059 = EDGE_LOOP ( 'NONE', ( #3719, #4059 ) ) ;
#1060 = ADVANCED_FACE ( 'NONE', ( #4451, #188 ), #519, .F. ) ;
#1061 = CYLINDRICAL_SURFACE ( 'NONE', #3964, 0.5000000000000004441 ) ;
#1062 = CARTESIAN_POINT ( 'NONE',  ( 10.28735839471999824, -20.05033252917354147, 7.389999999999999680 ) ) ;
#1063 = CARTESIAN_POINT ( 'NONE',  ( 14.84749555500000184, -30.40006096009999936, 0.000000000000000000 ) ) ;
#1064 = CARTESIAN_POINT ( 'NONE',  ( 2.625958851927501225, 26.74086868171549369, 1.500000000000000000 ) ) ;
#1065 = EDGE_CURVE ( 'NONE', #75, #1651, #834, .T. ) ;
#1066 = EDGE_CURVE ( 'NONE', #3256, #3059, #2292, .T. ) ;
#1067 = AXIS2_PLACEMENT_3D ( 'NONE', #247, #1687, #1363 ) ;
#1068 = CARTESIAN_POINT ( 'NONE',  ( -20.00000000000000000, 36.29999999999999005, 0.000000000000000000 ) ) ;
#1069 = ADVANCED_FACE ( 'NONE', ( #1260 ), #98, .T. ) ;
#1070 = DIRECTION ( 'NONE',  ( -0.000000000000000000, -0.000000000000000000, -1.000000000000000000 ) ) ;
#1071 = AXIS2_PLACEMENT_3D ( 'NONE', #4497, #1285, #592 ) ;
#1072 = CARTESIAN_POINT ( 'NONE',  ( 12.57297434595849950, 31.74086868171549369, -0.0009999999999999158867 ) ) ;
#1073 = ORIENTED_EDGE ( 'NONE', *, *, #104, .F. ) ;
#1074 = ORIENTED_EDGE ( 'NONE', *, *, #3799, .F. ) ;
#1075 = VECTOR ( 'NONE', #1605, 1000.000000000000000 ) ;
#1076 = DIRECTION ( 'NONE',  ( -1.000000000000000000, 0.000000000000000000, 0.000000000000000000 ) ) ;
#1077 = AXIS2_PLACEMENT_3D ( 'NONE', #4065, #2934, #2984 ) ;
#1078 = DIRECTION ( 'NONE',  ( -1.000000000000000000, 0.000000000000000000, 0.000000000000000000 ) ) ;
#1079 = VECTOR ( 'NONE', #2400, 1000.000000000000000 ) ;
#1080 = VECTOR ( 'NONE', #2278, 1000.000000000000000 ) ;
#1081 = ORIENTED_EDGE ( 'NONE', *, *, #2982, .F. ) ;
#1082 = EDGE_LOOP ( 'NONE', ( #4409, #2362 ) ) ;
#1083 = CIRCLE ( 'NONE', #1906, 1.599999999999999867 ) ;
#1084 = VECTOR ( 'NONE', #1748, 1000.000000000000000 ) ;
#1085 = LINE ( 'NONE', #1394, #3475 ) ;
#1086 = CALENDAR_DATE ( 2024, 22, 5 ) ;
#1087 = VERTEX_POINT ( 'NONE', #543 ) ;
#1088 = CIRCLE ( 'NONE', #173, 1.600000000000000755 ) ;
#1089 = ORIENTED_EDGE ( 'NONE', *, *, #4360, .T. ) ;
#1090 = DIRECTION ( 'NONE',  ( -1.000000000000000000, 0.000000000000000000, 0.000000000000000000 ) ) ;
#1091 = CARTESIAN_POINT ( 'NONE',  ( 14.94749555500001215, 5.323477688200406227E-15, 1.500000000000000000 ) ) ;
#1092 = ADVANCED_FACE ( 'NONE', ( #1958 ), #4429, .F. ) ;
#1093 = FACE_BOUND ( 'NONE', #640, .T. ) ;
#1094 = DIRECTION ( 'NONE',  ( 0.000000000000000000, 0.000000000000000000, -1.000000000000000000 ) ) ;
#1095 = DIRECTION ( 'NONE',  ( 0.000000000000000000, 0.000000000000000000, 1.000000000000000000 ) ) ;
#1096 = DIRECTION ( 'NONE',  ( -0.000000000000000000, -0.000000000000000000, -1.000000000000000000 ) ) ;
#1097 = ADVANCED_FACE ( 'NONE', ( #1987 ), #2972, .T. ) ;
#1098 = EDGE_CURVE ( 'NONE', #1850, #431, #2642, .T. ) ;
#1099 = CARTESIAN_POINT ( 'NONE',  ( -14.16601971390600312, -36.80000000000000426, 4.049999999999999822 ) ) ;
#1100 = ORIENTED_EDGE ( 'NONE', *, *, #1434, .F. ) ;
#1101 = ORIENTED_EDGE ( 'NONE', *, *, #2756, .T. ) ;
#1102 = CARTESIAN_POINT ( 'NONE',  ( -14.44749555499999971, -35.27084328170000305, 5.000000000000000000 ) ) ;
#1103 = EDGE_CURVE ( 'NONE', #3458, #103, #3415, .T. ) ;
#1104 = DIRECTION ( 'NONE',  ( -0.000000000000000000, -1.000000000000000000, 0.000000000000000000 ) ) ;
#1105 = VERTEX_POINT ( 'NONE', #3753 ) ;
#1106 = EDGE_LOOP ( 'NONE', ( #664, #3856, #2720, #2138 ) ) ;
#1107 = CARTESIAN_POINT ( 'NONE',  ( 7.487358394719997534, 36.80100000000000904, 5.290000000000000924 ) ) ;
#1108 = ORIENTED_EDGE ( 'NONE', *, *, #3682, .T. ) ;
#1109 = VERTEX_POINT ( 'NONE', #119 ) ;
#1110 = FACE_OUTER_BOUND ( 'NONE', #1799, .T. ) ;
#1111 = DIRECTION ( 'NONE',  ( -0.000000000000000000, 0.000000000000000000, 1.000000000000000000 ) ) ;
#1112 = CARTESIAN_POINT ( 'NONE',  ( 20.00000000000000000, -36.30000000000000426, 10.89000000000000057 ) ) ;
#1113 = LINE ( 'NONE', #3241, #1683 ) ;
#1114 = AXIS2_PLACEMENT_3D ( 'NONE', #4584, #2804, #4240 ) ;
#1115 = LINE ( 'NONE', #3196, #1411 ) ;
#1116 = LINE ( 'NONE', #2542, #3460 ) ;
#1117 = VECTOR ( 'NONE', #773, 1000.000000000000000 ) ;
#1118 = DIRECTION ( 'NONE',  ( -1.000000000000000000, 0.000000000000000000, 0.000000000000000000 ) ) ;
#1119 = CARTESIAN_POINT ( 'NONE',  ( -20.00000000000000000, 36.29999999999999005, 10.89000000000000057 ) ) ;
#1120 = ORIENTED_EDGE ( 'NONE', *, *, #3356, .F. ) ;
#1121 = ADVANCED_FACE ( 'NONE', ( #1218 ), #4078, .F. ) ;
#1122 = ORIENTED_EDGE ( 'NONE', *, *, #1901, .T. ) ;
#1123 = CARTESIAN_POINT ( 'NONE',  ( 12.57297434595849950, 31.74086868171549369, 13.14817582284883635 ) ) ;
#1124 = DIRECTION ( 'NONE',  ( -1.000000000000000000, 0.000000000000000000, 0.000000000000000000 ) ) ;
#1125 = ORIENTED_EDGE ( 'NONE', *, *, #3741, .T. ) ;
#1126 = ADVANCED_FACE ( 'NONE', ( #3730 ), #4406, .F. ) ;
#1127 = ORIENTED_EDGE ( 'NONE', *, *, #1289, .T. ) ;
#1128 = EDGE_CURVE ( 'NONE', #1322, #2693, #3706, .T. ) ;
#1129 = DIRECTION ( 'NONE',  ( 0.000000000000000000, 0.000000000000000000, -1.000000000000000000 ) ) ;
#1130 = VERTEX_POINT ( 'NONE', #1564 ) ;
#1131 = EDGE_LOOP ( 'NONE', ( #517, #3028, #3780, #4547 ) ) ;
#1132 = CARTESIAN_POINT ( 'NONE',  ( -22.27465836929999909, -26.90006096009999936, 10.89000000000000057 ) ) ;
#1133 = CARTESIAN_POINT ( 'NONE',  ( -5.226019910154001025, -36.30000000000000426, 5.000000000000000000 ) ) ;
#1134 = CARTESIAN_POINT ( 'NONE',  ( 10.39526739731508975, 33.14238916042499739, 0.000000000000000000 ) ) ;
#1135 = LINE ( 'NONE', #3288, #4089 ) ;
#1136 = CARTESIAN_POINT ( 'NONE',  ( 0.000000000000000000, 27.24086868171549369, 0.000000000000000000 ) ) ;
#1137 = CARTESIAN_POINT ( 'NONE',  ( 0.000000000000000000, 26.74086868171549369, 0.000000000000000000 ) ) ;
#1138 = DIRECTION ( 'NONE',  ( -1.000000000000000000, 0.000000000000000000, 0.000000000000000000 ) ) ;
#1139 = PLANE ( 'NONE',  #1159 ) ;
#1140 = ORIENTED_EDGE ( 'NONE', *, *, #624, .F. ) ;
#1141 = ORIENTED_EDGE ( 'NONE', *, *, #567, .T. ) ;
#1142 = DIRECTION ( 'NONE',  ( 0.000000000000000000, -1.000000000000000000, 0.000000000000000000 ) ) ;
#1143 = VECTOR ( 'NONE', #1397, 1000.000000000000000 ) ;
#1144 = CYLINDRICAL_SURFACE ( 'NONE', #2244, 2.999999999999999112 ) ;
#1145 = DIRECTION ( 'NONE',  ( -0.000000000000000000, -0.000000000000000000, -1.000000000000000000 ) ) ;
#1146 = ADVANCED_FACE ( 'NONE', ( #2997 ), #2622, .F. ) ;
#1147 = ORIENTED_EDGE ( 'NONE', *, *, #873, .F. ) ;
#1148 = VECTOR ( 'NONE', #3394, 1000.000000000000000 ) ;
#1149 = AXIS2_PLACEMENT_3D ( 'NONE', #226, #602, #2044 ) ;
#1150 = ORIENTED_EDGE ( 'NONE', *, *, #2154, .T. ) ;
#1151 = CIRCLE ( 'NONE', #3023, 3.100000000000001865 ) ;
#1152 = VECTOR ( 'NONE', #4391, 1000.000000000000000 ) ;
#1153 = EDGE_CURVE ( 'NONE', #3458, #1105, #3657, .T. ) ;
#1154 = EDGE_CURVE ( 'NONE', #2175, #3806, #1644, .T. ) ;
#1155 = CARTESIAN_POINT ( 'NONE',  ( 22.77463296930000070, 31.18628397259999829, 5.000000000000000000 ) ) ;
#1156 = ORIENTED_EDGE ( 'NONE', *, *, #2869, .F. ) ;
#1157 = ADVANCED_FACE ( 'NONE', ( #478 ), #1144, .T. ) ;
#1158 = EDGE_LOOP ( 'NONE', ( #1250, #426, #2685, #455 ) ) ;
#1159 = AXIS2_PLACEMENT_3D ( 'NONE', #2568, #1650, #3108 ) ;
#1160 = FACE_BOUND ( 'NONE', #499, .T. ) ;
#1161 = LINE ( 'NONE', #1810, #3386 ) ;
#1162 = ADVANCED_FACE ( 'NONE', ( #1219 ), #3300, .F. ) ;
#1163 = DIRECTION ( 'NONE',  ( 0.000000000000000000, 0.000000000000000000, -1.000000000000000000 ) ) ;
#1164 = VECTOR ( 'NONE', #3953, 1000.000000000000000 ) ;
#1165 = LINE ( 'NONE', #800, #22 ) ;
#1166 = CYLINDRICAL_SURFACE ( 'NONE', #4411, 1.600000000000002531 ) ;
#1167 = CARTESIAN_POINT ( 'NONE',  ( 22.27463296930000070, 26.90006096009999936, 10.89000000000000057 ) ) ;
#1168 = DIRECTION ( 'NONE',  ( -0.000000000000000000, -0.000000000000000000, -1.000000000000000000 ) ) ;
#1169 = FACE_OUTER_BOUND ( 'NONE', #736, .T. ) ;
#1170 = EDGE_LOOP ( 'NONE', ( #3784, #2750, #242, #2067, #3109 ) ) ;
#1171 = ORIENTED_EDGE ( 'NONE', *, *, #2781, .T. ) ;
#1172 = DIRECTION ( 'NONE',  ( -1.000000000000000000, 0.000000000000000000, 0.000000000000000000 ) ) ;
#1173 = DIRECTION ( 'NONE',  ( -1.000000000000000000, 0.000000000000000000, 0.000000000000000000 ) ) ;
#1174 = CARTESIAN_POINT ( 'NONE',  ( -20.14749555500000255, 30.40006096009999936, 2.500000000000000444 ) ) ;
#1175 = VERTEX_POINT ( 'NONE', #2645 ) ;
#1176 = ORIENTED_EDGE ( 'NONE', *, *, #3387, .F. ) ;
#1177 = PLANE ( 'NONE',  #1596 ) ;
#1178 = ORIENTED_EDGE ( 'NONE', *, *, #1214, .T. ) ;
#1179 = ORIENTED_EDGE ( 'NONE', *, *, #3264, .F. ) ;
#1180 = LINE ( 'NONE', #3802, #578 ) ;
#1181 = ADVANCED_FACE ( 'NONE', ( #2574 ), #497, .T. ) ;
#1182 = EDGE_CURVE ( 'NONE', #1921, #3014, #4270, .T. ) ;
#1183 = CARTESIAN_POINT ( 'NONE',  ( 12.57297434595849950, 31.74086868171549369, 0.000000000000000000 ) ) ;
#1184 = LINE ( 'NONE', #4326, #922 ) ;
#1185 = DIRECTION ( 'NONE',  ( -1.000000000000000000, 0.000000000000000000, 0.000000000000000000 ) ) ;
#1186 = CARTESIAN_POINT ( 'NONE',  ( 12.57297434595849950, 31.74086868171549369, 13.14817582284883635 ) ) ;
#1187 = ADVANCED_FACE ( 'NONE', ( #760 ), #1196, .T. ) ;
#1188 = CARTESIAN_POINT ( 'NONE',  ( -17.94749555500000326, 30.40006096009999936, 0.5999999999999998668 ) ) ;
#1189 = CARTESIAN_POINT ( 'NONE',  ( -14.94749555500000149, 34.77089408180000163, 1.500000000000000000 ) ) ;
#1190 = DIRECTION ( 'NONE',  ( -1.000000000000000000, 0.000000000000000000, 0.000000000000000000 ) ) ;
#1191 = VECTOR ( 'NONE', #2680, 1000.000000000000000 ) ;
#1192 = ORIENTED_EDGE ( 'NONE', *, *, #4308, .F. ) ;
#1193 = EDGE_LOOP ( 'NONE', ( #2345, #3521, #1122, #1498 ) ) ;
#1194 = CARTESIAN_POINT ( 'NONE',  ( -17.94749555500000326, 30.40006096009999936, 11.22253967444162015 ) ) ;
#1195 = AXIS2_PLACEMENT_3D ( 'NONE', #3971, #3548, #1396 ) ;
#1196 = CYLINDRICAL_SURFACE ( 'NONE', #864, 1.600000000000000755 ) ;
#1197 = CARTESIAN_POINT ( 'NONE',  ( -19.54749555500000113, 30.40006096009999936, 5.000000000000000000 ) ) ;
#1198 = ORIENTED_EDGE ( 'NONE', *, *, #2030, .T. ) ;
#1199 = VECTOR ( 'NONE', #496, 1000.000000000000000 ) ;
#1200 = EDGE_LOOP ( 'NONE', ( #319, #1895 ) ) ;
#1201 = PLANE ( 'NONE',  #3168 ) ;
#1202 = ORIENTED_EDGE ( 'NONE', *, *, #809, .T. ) ;
#1203 = EDGE_LOOP ( 'NONE', ( #4105, #724, #3367, #672 ) ) ;
#1204 = DIRECTION ( 'NONE',  ( 0.000000000000000000, 0.000000000000000000, -1.000000000000000000 ) ) ;
#1205 = LINE ( 'NONE', #2964, #4296 ) ;
#1206 = ADVANCED_FACE ( 'NONE', ( #406 ), #788, .F. ) ;
#1207 = DIRECTION ( 'NONE',  ( 0.000000000000000000, 0.000000000000000000, -1.000000000000000000 ) ) ;
#1208 = VERTEX_POINT ( 'NONE', #3347 ) ;
#1209 = DIRECTION ( 'NONE',  ( 0.000000000000000000, 0.000000000000000000, 1.000000000000000000 ) ) ;
#1210 = DIRECTION ( 'NONE',  ( -0.000000000000000000, 0.000000000000000000, -1.000000000000000000 ) ) ;
#1211 = DIRECTION ( 'NONE',  ( -0.000000000000000000, -0.000000000000000000, 1.000000000000000000 ) ) ;
#1212 = ADVANCED_FACE ( 'NONE', ( #3324 ), #429, .F. ) ;
#1214 = EDGE_CURVE ( 'NONE', #148, #1694, #4031, .T. ) ;
#1213 = DIRECTION ( 'NONE',  ( -1.000000000000000000, 0.000000000000000000, 0.000000000000000000 ) ) ;
#1215 = VERTEX_POINT ( 'NONE', #866 ) ;
#1216 = ADVANCED_FACE ( 'NONE', ( #1847 ), #1543, .F. ) ;
#1217 = ORIENTED_EDGE ( 'NONE', *, *, #2324, .T. ) ;
#1218 = FACE_OUTER_BOUND ( 'NONE', #975, .T. ) ;
#1219 = FACE_OUTER_BOUND ( 'NONE', #4008, .T. ) ;
#1220 = CARTESIAN_POINT ( 'NONE',  ( 14.17297434595850092, 31.74086868171549369, 1.499999999999999556 ) ) ;
#1221 = ORIENTED_EDGE ( 'NONE', *, *, #716, .F. ) ;
#1222 = ORIENTED_EDGE ( 'NONE', *, *, #2892, .F. ) ;
#1223 = VECTOR ( 'NONE', #38, 1000.000000000000000 ) ;
#1224 = CIRCLE ( 'NONE', #2417, 4.084608839220207344 ) ;
#1225 = LINE ( 'NONE', #2653, #469 ) ;
#1226 = VECTOR ( 'NONE', #3997, 1000.000000000000000 ) ;
#1227 = ORIENTED_EDGE ( 'NONE', *, *, #3351, .T. ) ;
#1228 = EDGE_LOOP ( 'NONE', ( #3376, #896, #2790, #2707 ) ) ;
#1229 = AXIS2_PLACEMENT_3D ( 'NONE', #3178, #1051, #4610 ) ;
#1230 = VECTOR ( 'NONE', #4638, 1000.000000000000000 ) ;
#1231 = FACE_OUTER_BOUND ( 'NONE', #3497, .T. ) ;
#1232 = LINE ( 'NONE', #2609, #3630 ) ;
#1233 = VECTOR ( 'NONE', #2617, 1000.000000000000000 ) ;
#1234 = DIRECTION ( 'NONE',  ( 0.000000000000000000, 0.000000000000000000, -1.000000000000000000 ) ) ;
#1235 = AXIS2_PLACEMENT_3D ( 'NONE', #204, #2327, #4555 ) ;
#1236 = LINE ( 'NONE', #2660, #2186 ) ;
#1237 = DIRECTION ( 'NONE',  ( -0.000000000000000000, 0.000000000000000000, 1.000000000000000000 ) ) ;
#1238 = CARTESIAN_POINT ( 'NONE',  ( -17.94749555500000326, -30.40006096009999936, 10.89102500000000084 ) ) ;
#1239 = ORIENTED_EDGE ( 'NONE', *, *, #1627, .F. ) ;
#1240 = VERTEX_POINT ( 'NONE', #3731 ) ;
#1241 = CARTESIAN_POINT ( 'NONE',  ( 24.30000000000000071, -36.80000000000000426, 1.500000000000000000 ) ) ;
#1242 = ADVANCED_FACE ( 'NONE', ( #2197 ), #2597, .T. ) ;
#1243 = ADVANCED_FACE ( 'NONE', ( #3020 ), #4453, .F. ) ;
#1244 = CARTESIAN_POINT ( 'NONE',  ( 0.000000000000000000, 26.74086868171549369, -0.0009999999999999158867 ) ) ;
#1245 = DIRECTION ( 'NONE',  ( 1.000000000000000000, 2.081668171172168513E-15, 0.000000000000000000 ) ) ;
#1246 = ORIENTED_EDGE ( 'NONE', *, *, #394, .F. ) ;
#1247 = EDGE_LOOP ( 'NONE', ( #810, #3924, #3641, #1141 ) ) ;
#1248 = ADVANCED_FACE ( 'NONE', ( #171 ), #4520, .T. ) ;
#1249 = CARTESIAN_POINT ( 'NONE',  ( 10.97297434595849452, 31.74086868171549369, 0.4999999999999995559 ) ) ;
#1250 = ORIENTED_EDGE ( 'NONE', *, *, #837, .F. ) ;
#1251 = VERTEX_POINT ( 'NONE', #4102 ) ;
#1252 = CARTESIAN_POINT ( 'NONE',  ( 15.74749555500000042, 30.40006096009999936, 2.500000000000000444 ) ) ;
#1253 = CARTESIAN_POINT ( 'NONE',  ( -15.74749555500000042, -30.40006096009999936, 0.5999999999999998668 ) ) ;
#1254 = FACE_OUTER_BOUND ( 'NONE', #3436, .T. ) ;
#1255 = DIRECTION ( 'NONE',  ( -0.000000000000000000, -0.000000000000000000, -1.000000000000000000 ) ) ;
#1256 = LINE ( 'NONE', #1675, #468 ) ;
#1257 = DIRECTION ( 'NONE',  ( 1.000000000000000000, 0.000000000000000000, -2.891205793294679805E-16 ) ) ;
#1258 = EDGE_LOOP ( 'NONE', ( #2959, #3464, #4099, #4485 ) ) ;
#1259 = EDGE_LOOP ( 'NONE', ( #1108, #4292, #448, #2477 ) ) ;
#1260 = FACE_OUTER_BOUND ( 'NONE', #4150, .T. ) ;
#1261 = FACE_OUTER_BOUND ( 'NONE', #140, .T. ) ;
#1262 = AXIS2_PLACEMENT_3D ( 'NONE', #2403, #2758, #3110 ) ;
#1263 = FACE_BOUND ( 'NONE', #1200, .T. ) ;
#1264 = ADVANCED_FACE ( 'NONE', ( #4545 ), #1988, .F. ) ;
#1265 = VERTEX_POINT ( 'NONE', #2709 ) ;
#1266 = ORIENTED_EDGE ( 'NONE', *, *, #4395, .T. ) ;
#1267 = AXIS2_PLACEMENT_3D ( 'NONE', #3503, #278, #4184 ) ;
#1268 = DIRECTION ( 'NONE',  ( 1.000000000000000000, 0.000000000000000000, 0.000000000000000000 ) ) ;
#1269 = VECTOR ( 'NONE', #865, 1000.000000000000000 ) ;
#1270 = DIRECTION ( 'NONE',  ( -0.000000000000000000, -0.000000000000000000, -1.000000000000000000 ) ) ;
#1271 = EDGE_CURVE ( 'NONE', #1477, #863, #3841, .T. ) ;
#1272 = VERTEX_POINT ( 'NONE', #1653 ) ;
#1273 = ORIENTED_EDGE ( 'NONE', *, *, #78, .T. ) ;
#1274 = EDGE_CURVE ( 'NONE', #436, #1921, #955, .T. ) ;
#1275 = CARTESIAN_POINT ( 'NONE',  ( 7.099466598943449114, 26.74086868171549369, 0.4999999999999995559 ) ) ;
#1276 = DIRECTION ( 'NONE',  ( -1.000000000000000000, 0.000000000000000000, 0.000000000000000000 ) ) ;
#1277 = ORIENTED_EDGE ( 'NONE', *, *, #2409, .T. ) ;
#1278 = DIRECTION ( 'NONE',  ( 0.000000000000000000, 0.000000000000000000, 1.000000000000000000 ) ) ;
#1279 = DIRECTION ( 'NONE',  ( 0.000000000000000000, 0.000000000000000000, -1.000000000000000000 ) ) ;
#1280 = DIRECTION ( 'NONE',  ( 0.000000000000000000, -1.000000000000000000, 0.000000000000000000 ) ) ;
#1281 = CARTESIAN_POINT ( 'NONE',  ( -0.000000000000000000, 26.74086868171549369, 1.500000000000000000 ) ) ;
#1282 = ORIENTED_EDGE ( 'NONE', *, *, #1900, .F. ) ;
#1283 = CARTESIAN_POINT ( 'NONE',  ( 20.00000000000000000, 36.79999999999999005, 10.89000000000000057 ) ) ;
#1284 = LINE ( 'NONE', #3131, #3103 ) ;
#1285 = DIRECTION ( 'NONE',  ( -0.000000000000000000, 0.000000000000000000, -1.000000000000000000 ) ) ;
#1286 = ORIENTED_EDGE ( 'NONE', *, *, #4187, .T. ) ;
#1287 = ORIENTED_EDGE ( 'NONE', *, *, #2068, .T. ) ;
#1288 = CARTESIAN_POINT ( 'NONE',  ( 17.94749555500000326, 27.40006096009999936, 1.500000000000000000 ) ) ;
#1289 = EDGE_CURVE ( 'NONE', #505, #2545, #566, .T. ) ;
#1290 = LINE ( 'NONE', #2390, #1815 ) ;
#1291 = VECTOR ( 'NONE', #24, 1000.000000000000000 ) ;
#1292 = CARTESIAN_POINT ( 'NONE',  ( -17.94749555500000326, -30.40006096009999936, 0.5999999999999998668 ) ) ;
#1293 = VERTEX_POINT ( 'NONE', #4124 ) ;
#1294 = CIRCLE ( 'NONE', #2339, 4.000000000000000000 ) ;
#1295 = VERTEX_POINT ( 'NONE', #3821 ) ;
#1296 = EDGE_CURVE ( 'NONE', #2553, #3458, #932, .T. ) ;
#1297 = ADVANCED_FACE ( 'NONE', ( #1261 ), #1959, .F. ) ;
#1298 = AXIS2_PLACEMENT_3D ( 'NONE', #3447, #987, #3158 ) ;
#1299 = CARTESIAN_POINT ( 'NONE',  ( 0.000000000000000000, 0.000000000000000000, 0.000000000000000000 ) ) ;
#1300 = FACE_OUTER_BOUND ( 'NONE', #2465, .T. ) ;
#1301 = CIRCLE ( 'NONE', #3242, 2.999999999999999112 ) ;
#1302 = DIRECTION ( 'NONE',  ( 1.000000000000000000, -0.000000000000000000, 0.000000000000000000 ) ) ;
#1303 = EDGE_CURVE ( 'NONE', #2101, #1499, #3797, .T. ) ;
#1304 = DIRECTION ( 'NONE',  ( 1.000000000000000000, 0.000000000000000000, 1.204669080540017324E-16 ) ) ;
#1305 = VECTOR ( 'NONE', #4119, 1000.000000000000000 ) ;
#1306 = LINE ( 'NONE', #3456, #2273 ) ;
#1307 = VECTOR ( 'NONE', #2678, 1000.000000000000000 ) ;
#1308 = FACE_OUTER_BOUND ( 'NONE', #71, .T. ) ;
#1309 = ORIENTED_EDGE ( 'NONE', *, *, #4306, .F. ) ;
#1310 = VERTEX_POINT ( 'NONE', #3393 ) ;
#1311 = VECTOR ( 'NONE', #1331, 1000.000000000000000 ) ;
#1312 = VECTOR ( 'NONE', #332, 1000.000000000000000 ) ;
#1313 = PLANE ( 'NONE',  #3481 ) ;
#1314 = FACE_OUTER_BOUND ( 'NONE', #1818, .T. ) ;
#1315 = AXIS2_PLACEMENT_3D ( 'NONE', #1535, #2965, #1482 ) ;
#1316 = ORIENTED_EDGE ( 'NONE', *, *, #1038, .T. ) ;
#1317 = ORIENTED_EDGE ( 'NONE', *, *, #4325, .F. ) ;
#1318 = DIRECTION ( 'NONE',  ( -0.000000000000000000, 1.000000000000000000, -0.000000000000000000 ) ) ;
#1319 = SECURITY_CLASSIFICATION ( '', '', #1413 ) ;
#1320 = CARTESIAN_POINT ( 'NONE',  ( -20.30000000000000071, -36.30000000000000426, 10.89000000000000057 ) ) ;
#1321 = CARTESIAN_POINT ( 'NONE',  ( -17.94749555500000326, 30.40006096009999936, 11.22253967444162015 ) ) ;
#1322 = VERTEX_POINT ( 'NONE', #1336 ) ;
#1323 = ORIENTED_EDGE ( 'NONE', *, *, #1303, .F. ) ;
#1324 = DIRECTION ( 'NONE',  ( -0.000000000000000000, 0.000000000000000000, -1.000000000000000000 ) ) ;
#1325 = ORIENTED_EDGE ( 'NONE', *, *, #898, .F. ) ;
#1326 = EDGE_CURVE ( 'NONE', #1796, #4092, #2007, .T. ) ;
#1327 = ADVANCED_FACE ( 'NONE', ( #2689 ), #1313, .F. ) ;
#1328 = LINE ( 'NONE', #559, #4263 ) ;
#1329 = PLANE ( 'NONE',  #2546 ) ;
#1330 = LINE ( 'NONE', #2753, #3095 ) ;
#1331 = DIRECTION ( 'NONE',  ( -1.000000000000000000, 0.000000000000000000, 0.000000000000000000 ) ) ;
#1332 = EDGE_CURVE ( 'NONE', #3037, #3345, #3328, .T. ) ;
#1333 = EDGE_CURVE ( 'NONE', #518, #3795, #3416, .T. ) ;
#1334 = ORIENTED_EDGE ( 'NONE', *, *, #4278, .T. ) ;
#1335 = ORIENTED_EDGE ( 'NONE', *, *, #1582, .T. ) ;
#1336 = CARTESIAN_POINT ( 'NONE',  ( 14.44749555500000149, 35.27089408179999452, 1.500000000000000000 ) ) ;
#1337 = CARTESIAN_POINT ( 'NONE',  ( 7.487358394719997534, -36.30000000000000426, 7.890000000000001457 ) ) ;
#1338 = VERTEX_POINT ( 'NONE', #2738 ) ;
#1339 = ORIENTED_EDGE ( 'NONE', *, *, #1154, .T. ) ;
#1340 = CARTESIAN_POINT ( 'NONE',  ( 14.44749555499999971, -34.77084328169999594, 10.89000000000000057 ) ) ;
#1341 = CARTESIAN_POINT ( 'NONE',  ( -18.69005080008499675, 31.18628651258499573, 2.500000000000000000 ) ) ;
#1342 = DIRECTION ( 'NONE',  ( -1.000000000000000000, 0.000000000000000000, 0.000000000000000000 ) ) ;
#1343 = VERTEX_POINT ( 'NONE', #4193 ) ;
#1344 = AXIS2_PLACEMENT_3D ( 'NONE', #3909, #3933, #1813 ) ;
#1345 = ORIENTED_EDGE ( 'NONE', *, *, #2208, .F. ) ;
#1346 = DIRECTION ( 'NONE',  ( 0.000000000000000000, -1.000000000000000000, 0.000000000000000000 ) ) ;
#1347 = ORIENTED_EDGE ( 'NONE', *, *, #4477, .T. ) ;
#1348 = AXIS2_PLACEMENT_3D ( 'NONE', #835, #2921, #4357 ) ;
#1349 = LINE ( 'NONE', #4236, #353 ) ;
#1350 = CARTESIAN_POINT ( 'NONE',  ( -14.94749555500000326, 30.40006096009999936, 1.500000000000000000 ) ) ;
#1351 = EDGE_CURVE ( 'NONE', #627, #4556, #3775, .T. ) ;
#1352 = CYLINDRICAL_SURFACE ( 'NONE', #1375, 0.4999999999999995559 ) ;
#1353 = CARTESIAN_POINT ( 'NONE',  ( -12.64001144162049961, 36.29999999999999005, 4.574999950747499433 ) ) ;
#1354 = ORIENTED_EDGE ( 'NONE', *, *, #1754, .F. ) ;
#1355 = ORIENTED_EDGE ( 'NONE', *, *, #416, .T. ) ;
#1356 = DIRECTION ( 'NONE',  ( 0.000000000000000000, -1.000000000000000000, 0.000000000000000000 ) ) ;
#1357 = ADVANCED_FACE ( 'NONE', ( #266 ), #3061, .F. ) ;
#1358 = CARTESIAN_POINT ( 'NONE',  ( -13.21601971390600383, -36.80100000000001614, 2.790000135221999855 ) ) ;
#1359 = EDGE_CURVE ( 'NONE', #1945, #3846, #1284, .T. ) ;
#1360 = ORIENTED_EDGE ( 'NONE', *, *, #457, .F. ) ;
#1361 = ORIENTED_EDGE ( 'NONE', *, *, #2814, .F. ) ;
#1362 = DIRECTION ( 'NONE',  ( -1.000000000000000000, 0.000000000000000000, 0.000000000000000000 ) ) ;
#1363 = DIRECTION ( 'NONE',  ( -1.000000000000000000, 0.000000000000000000, 0.000000000000000000 ) ) ;
#1364 = CARTESIAN_POINT ( 'NONE',  ( 14.77297434595850056, 31.74086868171547948, 0.000000000000000000 ) ) ;
#1365 = ORIENTED_EDGE ( 'NONE', *, *, #1840, .F. ) ;
#1366 = ORIENTED_EDGE ( 'NONE', *, *, #364, .T. ) ;
#1367 = DIRECTION ( 'NONE',  ( 0.000000000000000000, 0.000000000000000000, -1.000000000000000000 ) ) ;
#1368 = ORIENTED_EDGE ( 'NONE', *, *, #1065, .T. ) ;
#1369 = CARTESIAN_POINT ( 'NONE',  ( 1.387358394719997889, -36.30000000000000426, 10.89000000000000057 ) ) ;
#1370 = AXIS2_PLACEMENT_3D ( 'NONE', #4140, #514, #137 ) ;
#1371 = LINE ( 'NONE', #1024, #4290 ) ;
#1372 = CARTESIAN_POINT ( 'NONE',  ( 8.699466598943450535, 31.74086868171549369, 2.100000000000000089 ) ) ;
#1373 = LINE ( 'NONE', #4624, #1164 ) ;
#1374 = AXIS2_PLACEMENT_3D ( 'NONE', #789, #1245, #521 ) ;
#1375 = AXIS2_PLACEMENT_3D ( 'NONE', #3767, #1980, #3411 ) ;
#1376 = CARTESIAN_POINT ( 'NONE',  ( 14.38735839471999789, -36.30000000000000426, 5.800025400050999203 ) ) ;
#1377 = CIRCLE ( 'NONE', #3851, 2.200000000000002398 ) ;
#1378 = AXIS2_PLACEMENT_3D ( 'NONE', #1455, #3590, #365 ) ;
#1379 = CARTESIAN_POINT ( 'NONE',  ( -20.30000000000000071, -32.80000000000001137, 1.500000000000000000 ) ) ;
#1380 = DIRECTION ( 'NONE',  ( -0.000000000000000000, 0.000000000000000000, -1.000000000000000000 ) ) ;
#1381 = ORIENTED_EDGE ( 'NONE', *, *, #2090, .T. ) ;
#1382 = AXIS2_PLACEMENT_3D ( 'NONE', #281, #2356, #4562 ) ;
#1383 = ADVANCED_FACE ( 'NONE', ( #3889 ), #4648, .T. ) ;
#1384 = ORIENTED_EDGE ( 'NONE', *, *, #4244, .T. ) ;
#1385 = EDGE_CURVE ( 'NONE', #2291, #2569, #4262, .T. ) ;
#1386 = DIRECTION ( 'NONE',  ( -1.856308247812544131E-16, -1.000000000000000000, -0.000000000000000000 ) ) ;
#1387 = DIRECTION ( 'NONE',  ( -0.000000000000000000, -0.000000000000000000, 1.000000000000000000 ) ) ;
#1388 = CIRCLE ( 'NONE', #861, 1.599999999999999867 ) ;
#1389 = CARTESIAN_POINT ( 'NONE',  ( 15.74749555500000042, 28.21602799331584421, 4.257074440788612080 ) ) ;
#1390 = ORIENTED_EDGE ( 'NONE', *, *, #2696, .F. ) ;
#1391 = ORIENTED_EDGE ( 'NONE', *, *, #2005, .F. ) ;
#1392 = PRODUCT_DEFINITION_FORMATION_WITH_SPECIFIED_SOURCE ( '任何', '', #2379, .NOT_KNOWN. ) ;
#1393 = AXIS2_PLACEMENT_3D ( 'NONE', #4423, #1883, #3725 ) ;
#1394 = CARTESIAN_POINT ( 'NONE',  ( 0.01264160530000009441, -35.27084328170000305, 5.000000000000000000 ) ) ;
#1395 = ORIENTED_EDGE ( 'NONE', *, *, #4255, .T. ) ;
#1396 = DIRECTION ( 'NONE',  ( -1.000000000000000000, 0.000000000000000000, 0.000000000000000000 ) ) ;
#1397 = DIRECTION ( 'NONE',  ( 1.000000000000000000, -1.612686487929613474E-15, 0.000000000000000000 ) ) ;
#1398 = CARTESIAN_POINT ( 'NONE',  ( -14.84749555500000717, 30.40006096009998515, 0.5999999999999999778 ) ) ;
#1399 = FACE_OUTER_BOUND ( 'NONE', #746, .T. ) ;
#1400 = CARTESIAN_POINT ( 'NONE',  ( -0.6400114416205009427, 36.80100000000001614, 2.574999950747501654 ) ) ;
#1401 = CARTESIAN_POINT ( 'NONE',  ( -22.77465836930000265, 0.000000000000000000, 5.000000000000000000 ) ) ;
#1402 = DIRECTION ( 'NONE',  ( 0.000000000000000000, 1.000000000000000000, 0.000000000000000000 ) ) ;
#1403 = EDGE_LOOP ( 'NONE', ( #293, #1125 ) ) ;
#1404 = ORIENTED_EDGE ( 'NONE', *, *, #3098, .F. ) ;
#1405 = DIRECTION ( 'NONE',  ( 0.000000000000000000, 0.000000000000000000, -1.000000000000000000 ) ) ;
#1406 = CARTESIAN_POINT ( 'NONE',  ( -22.77465836930000265, 31.18628651260119256, 5.000000000000000000 ) ) ;
#1407 = EDGE_CURVE ( 'NONE', #2578, #167, #638, .T. ) ;
#1408 = ORIENTED_EDGE ( 'NONE', *, *, #1517, .F. ) ;
#1409 = ORIENTED_EDGE ( 'NONE', *, *, #1065, .F. ) ;
#1410 = EDGE_CURVE ( 'NONE', #953, #194, #4311, .T. ) ;
#1411 = VECTOR ( 'NONE', #4647, 1000.000000000000000 ) ;
#1412 = FACE_OUTER_BOUND ( 'NONE', #4015, .T. ) ;
#1413 = SECURITY_CLASSIFICATION_LEVEL ( 'unclassified' ) ;
#1414 = ORIENTED_EDGE ( 'NONE', *, *, #870, .F. ) ;
#1415 = CARTESIAN_POINT ( 'NONE',  ( 6.762712725435474859, 33.32168632883735171, 0.000000000000000000 ) ) ;
#1416 = VECTOR ( 'NONE', #1787, 1000.000000000000000 ) ;
#1417 = CARTESIAN_POINT ( 'NONE',  ( 8.699466598943450535, 31.74086868171549369, 0.000000000000000000 ) ) ;
#1418 = DIRECTION ( 'NONE',  ( 1.000000000000000000, 0.000000000000000000, 0.000000000000000000 ) ) ;
#1419 = CARTESIAN_POINT ( 'NONE',  ( 10.62651296072940710, 33.33350558933992858, 0.000000000000000000 ) ) ;
#1420 = FACE_OUTER_BOUND ( 'NONE', #251, .T. ) ;
#1421 = CARTESIAN_POINT ( 'NONE',  ( 20.00000000000000000, 36.79999999999999005, 10.89000000000000057 ) ) ;
#1422 = DIRECTION ( 'NONE',  ( 0.000000000000000000, 1.000000000000000000, -0.000000000000000000 ) ) ;
#1423 = ORIENTED_EDGE ( 'NONE', *, *, #3984, .T. ) ;
#1424 = ORIENTED_EDGE ( 'NONE', *, *, #1007, .T. ) ;
#1425 = DIRECTION ( 'NONE',  ( -0.000000000000000000, 0.000000000000000000, 1.000000000000000000 ) ) ;
#1426 = CARTESIAN_POINT ( 'NONE',  ( 22.77463296930000070, 31.18628397259999829, 1.500000000000000000 ) ) ;
#1427 = VERTEX_POINT ( 'NONE', #286 ) ;
#1428 = ORIENTED_EDGE ( 'NONE', *, *, #1271, .T. ) ;
#1429 = EDGE_CURVE ( 'NONE', #3084, #4612, #2782, .T. ) ;
#1430 = CARTESIAN_POINT ( 'NONE',  ( 20.00000000000000000, -36.30000000000000426, 0.000000000000000000 ) ) ;
#1431 = ORIENTED_EDGE ( 'NONE', *, *, #135, .T. ) ;
#1432 = ORIENTED_EDGE ( 'NONE', *, *, #44, .F. ) ;
#1433 = PLANE ( 'NONE',  #202 ) ;
#1434 = EDGE_CURVE ( 'NONE', #4212, #2031, #249, .T. ) ;
#1435 = CARTESIAN_POINT ( 'NONE',  ( 10.97297434595849630, 31.74086868171549369, 13.14817582284883635 ) ) ;
#1436 = DIRECTION ( 'NONE',  ( 0.000000000000000000, -0.000000000000000000, -1.000000000000000000 ) ) ;
#1437 = DIRECTION ( 'NONE',  ( -0.000000000000000000, -1.000000000000000000, -0.000000000000000000 ) ) ;
#1438 = AXIS2_PLACEMENT_3D ( 'NONE', #395, #1834, #291 ) ;
#1439 = FACE_OUTER_BOUND ( 'NONE', #2106, .T. ) ;
#1440 = EDGE_CURVE ( 'NONE', #3181, #323, #2872, .T. ) ;
#1441 = CARTESIAN_POINT ( 'NONE',  ( -14.94749555500001215, -5.323477688200406227E-15, 5.000000000000000000 ) ) ;
#1442 = AXIS2_PLACEMENT_3D ( 'NONE', #4011, #2315, #3732 ) ;
#1443 = DIRECTION ( 'NONE',  ( 0.000000000000000000, 0.000000000000000000, 1.000000000000000000 ) ) ;
#1444 = AXIS2_PLACEMENT_3D ( 'NONE', #1299, #4438, #2701 ) ;
#1445 = ORIENTED_EDGE ( 'NONE', *, *, #1576, .F. ) ;
#1446 = VERTEX_POINT ( 'NONE', #1770 ) ;
#1447 = CIRCLE ( 'NONE', #1896, 2.200000000000000622 ) ;
#1448 = CARTESIAN_POINT ( 'NONE',  ( 18.69002286007999558, 31.18628397257998941, 10.89000000000000057 ) ) ;
#1449 = AXIS2_PLACEMENT_3D ( 'NONE', #1292, #4130, #3737 ) ;
#1450 = CARTESIAN_POINT ( 'NONE',  ( -13.21601971390600383, -36.30000000000000426, 2.790000135221999855 ) ) ;
#1451 = VECTOR ( 'NONE', #1489, 1000.000000000000000 ) ;
#1452 = ORIENTED_EDGE ( 'NONE', *, *, #3556, .T. ) ;
#1453 = VERTEX_POINT ( 'NONE', #2099 ) ;
#1454 = VECTOR ( 'NONE', #2789, 1000.000000000000000 ) ;
#1455 = CARTESIAN_POINT ( 'NONE',  ( 17.94749555500000326, -30.40006096009999936, 5.000000000000000000 ) ) ;
#1456 = APPROVAL_ROLE ( '' ) ;
#1457 = ORIENTED_EDGE ( 'NONE', *, *, #2754, .F. ) ;
#1458 = VECTOR ( 'NONE', #4022, 1000.000000000000000 ) ;
#1459 = VERTEX_POINT ( 'NONE', #1793 ) ;
#1460 = DIRECTION ( 'NONE',  ( 0.000000000000000000, 0.000000000000000000, -1.000000000000000000 ) ) ;
#1461 = FACE_OUTER_BOUND ( 'NONE', #487, .T. ) ;
#1462 = DIRECTION ( 'NONE',  ( 0.000000000000000000, 0.000000000000000000, 1.000000000000000000 ) ) ;
#1463 = ADVANCED_FACE ( 'NONE', ( #4213 ), #2520, .F. ) ;
#1464 = CARTESIAN_POINT ( 'NONE',  ( 17.94749555500000326, 30.40006096009999936, 5.000000000000000000 ) ) ;
#1465 = DIRECTION ( 'NONE',  ( 0.000000000000000000, 0.000000000000000000, -1.000000000000000000 ) ) ;
#1466 = CYLINDRICAL_SURFACE ( 'NONE', #4288, 2.999999999999999112 ) ;
#1467 = DIRECTION ( 'NONE',  ( -1.000000000000000000, 0.000000000000000000, 0.000000000000000000 ) ) ;
#1468 = EDGE_CURVE ( 'NONE', #982, #3101, #4085, .T. ) ;
#1469 = DIRECTION ( 'NONE',  ( 1.000000000000000000, 0.000000000000000000, 0.000000000000000000 ) ) ;
#1470 = ORIENTED_EDGE ( 'NONE', *, *, #1103, .F. ) ;
#1471 = VERTEX_POINT ( 'NONE', #1421 ) ;
#1472 = CYLINDRICAL_SURFACE ( 'NONE', #817, 0.5000000000000004441 ) ;
#1473 = CARTESIAN_POINT ( 'NONE',  ( -6.176019910154001202, -36.80000000000000426, 5.000000000000000000 ) ) ;
#1474 = ORIENTED_EDGE ( 'NONE', *, *, #1627, .T. ) ;
#1475 = ORIENTED_EDGE ( 'NONE', *, *, #1440, .T. ) ;
#1476 = LINE ( 'NONE', #1107, #853 ) ;
#1477 = VERTEX_POINT ( 'NONE', #3220 ) ;
#1478 = ORIENTED_EDGE ( 'NONE', *, *, #3565, .F. ) ;
#1479 = PLANE ( 'NONE',  #3890 ) ;
#1480 = PLANE ( 'NONE',  #3609 ) ;
#1481 = DIRECTION ( 'NONE',  ( -1.000000000000000000, 0.000000000000000000, 0.000000000000000000 ) ) ;
#1482 = DIRECTION ( 'NONE',  ( 1.000000000000000000, 0.000000000000000000, 0.000000000000000000 ) ) ;
#1483 = AXIS2_PLACEMENT_3D ( 'NONE', #3033, #1910, #1860 ) ;
#1484 = PLANE ( 'NONE',  #3740 ) ;
#1485 = EDGE_CURVE ( 'NONE', #3232, #841, #1050, .T. ) ;
#1486 = DIRECTION ( 'NONE',  ( -1.000000000000000000, 0.000000000000000000, -0.000000000000000000 ) ) ;
#1487 = AXIS2_PLACEMENT_3D ( 'NONE', #2140, #1460, #3571 ) ;
#1488 = DIRECTION ( 'NONE',  ( 0.000000000000000000, 0.000000000000000000, 1.000000000000000000 ) ) ;
#1489 = DIRECTION ( 'NONE',  ( -0.000000000000000000, -0.000000000000000000, 1.000000000000000000 ) ) ;
#1490 = ORIENTED_EDGE ( 'NONE', *, *, #4420, .F. ) ;
#1491 = ORIENTED_EDGE ( 'NONE', *, *, #4133, .F. ) ;
#1492 = VECTOR ( 'NONE', #3656, 1000.000000000000000 ) ;
#1493 = CARTESIAN_POINT ( 'NONE',  ( 20.00000000000000000, -36.80000000000000426, 10.89000000000000057 ) ) ;
#1494 = EDGE_CURVE ( 'NONE', #2648, #953, #2167, .T. ) ;
#1495 = DIRECTION ( 'NONE',  ( 0.000000000000000000, -0.000000000000000000, -1.000000000000000000 ) ) ;
#1496 = DIRECTION ( 'NONE',  ( -1.000000000000000000, 0.000000000000000000, 0.000000000000000000 ) ) ;
#1497 = EDGE_CURVE ( 'NONE', #875, #1338, #321, .T. ) ;
#1498 = ORIENTED_EDGE ( 'NONE', *, *, #2490, .F. ) ;
#1499 = VERTEX_POINT ( 'NONE', #1005 ) ;
#1500 = EDGE_CURVE ( 'NONE', #4450, #4212, #4586, .T. ) ;
#1501 = CARTESIAN_POINT ( 'NONE',  ( 17.94749555500000326, -30.40006096009999936, 11.22253967444162015 ) ) ;
#1502 = EDGE_LOOP ( 'NONE', ( #1614, #3045, #2139, #1221 ) ) ;
#1503 = ORIENTED_EDGE ( 'NONE', *, *, #3714, .T. ) ;
#1504 = CARTESIAN_POINT ( 'NONE',  ( 22.27463296929998293, -26.90006096009999936, 5.000000000000000000 ) ) ;
#1505 = CARTESIAN_POINT ( 'NONE',  ( 14.38735839471999789, -35.27084328170000305, 5.800025400050999203 ) ) ;
#1506 = CARTESIAN_POINT ( 'NONE',  ( -17.94749555500000326, -30.40006096009999936, 2.500000000000000444 ) ) ;
#1507 = CARTESIAN_POINT ( 'NONE',  ( 22.27463296930000070, 26.90006096009999936, 1.499999999999999556 ) ) ;
#1508 = CARTESIAN_POINT ( 'NONE',  ( -14.16601971390600312, -35.27084328170000305, 2.790000135221999855 ) ) ;
#1509 = DIRECTION ( 'NONE',  ( 0.000000000000000000, 0.000000000000000000, -1.000000000000000000 ) ) ;
#1510 = CARTESIAN_POINT ( 'NONE',  ( 6.425958851927499715, 31.74086868171549369, 13.14817582284883635 ) ) ;
#1511 = DIRECTION ( 'NONE',  ( 0.000000000000000000, 0.000000000000000000, -1.000000000000000000 ) ) ;
#1512 = ORIENTED_EDGE ( 'NONE', *, *, #4593, .T. ) ;
#1513 = ORIENTED_EDGE ( 'NONE', *, *, #978, .F. ) ;
#1514 = DIRECTION ( 'NONE',  ( -0.000000000000000000, -1.000000000000000000, -0.000000000000000000 ) ) ;
#1515 = DIRECTION ( 'NONE',  ( 0.000000000000000000, -1.000000000000000000, 0.000000000000000000 ) ) ;
#1516 = DIRECTION ( 'NONE',  ( -0.000000000000000000, -0.000000000000000000, 1.000000000000000000 ) ) ;
#1517 = EDGE_CURVE ( 'NONE', #863, #294, #3600, .T. ) ;
#1518 = ADVANCED_FACE ( 'NONE', ( #2826 ), #3197, .T. ) ;
#1519 = ORIENTED_EDGE ( 'NONE', *, *, #3445, .T. ) ;
#1520 = CIRCLE ( 'NONE', #2939, 0.2999999999999999334 ) ;
#1521 = VECTOR ( 'NONE', #1857, 1000.000000000000000 ) ;
#1522 = ORIENTED_EDGE ( 'NONE', *, *, #457, .T. ) ;
#1523 = VECTOR ( 'NONE', #3558, 1000.000000000000000 ) ;
#1524 = VECTOR ( 'NONE', #2510, 1000.000000000000000 ) ;
#1525 = CARTESIAN_POINT ( 'NONE',  ( 10.97297434595849630, 31.74086868171549369, 13.14817582284883635 ) ) ;
#1526 = ADVANCED_FACE ( 'NONE', ( #2847, #4241 ), #2450, .F. ) ;
#1527 = ORIENTED_EDGE ( 'NONE', *, *, #2098, .F. ) ;
#1528 = ORIENTED_EDGE ( 'NONE', *, *, #4134, .F. ) ;
#1529 = AXIS2_PLACEMENT_3D ( 'NONE', #563, #3508, #929 ) ;
#1530 = FACE_BOUND ( 'NONE', #2440, .T. ) ;
#1531 = VECTOR ( 'NONE', #4609, 1000.000000000000000 ) ;
#1532 = DIRECTION ( 'NONE',  ( -0.000000000000000000, -0.000000000000000000, -1.000000000000000000 ) ) ;
#1533 = CARTESIAN_POINT ( 'NONE',  ( -14.44749555499999971, 35.27089408180000163, 5.000000000000000000 ) ) ;
#1534 = VECTOR ( 'NONE', #1437, 1000.000000000000000 ) ;
#1535 = CARTESIAN_POINT ( 'NONE',  ( 17.94749555500000326, -30.40006096009999936, 0.5999999999999999778 ) ) ;
#1536 = FACE_OUTER_BOUND ( 'NONE', #2337, .T. ) ;
#1537 = CARTESIAN_POINT ( 'NONE',  ( 14.17297434595850092, 31.74086868171549369, 0.4999999999999995559 ) ) ;
#1538 = DIRECTION ( 'NONE',  ( 0.000000000000000000, 0.000000000000000000, -1.000000000000000000 ) ) ;
#1539 = DIRECTION ( 'NONE',  ( -1.000000000000000000, 0.000000000000000000, 0.000000000000000000 ) ) ;
#1540 = ORIENTED_EDGE ( 'NONE', *, *, #3327, .T. ) ;
#1541 = ORIENTED_EDGE ( 'NONE', *, *, #255, .T. ) ;
#1542 = CARTESIAN_POINT ( 'NONE',  ( -20.30000000000000071, 32.79999999999999005, 1.500000000000000000 ) ) ;
#1543 = CYLINDRICAL_SURFACE ( 'NONE', #548, 3.099999999999995204 ) ;
#1544 = DIRECTION ( 'NONE',  ( 0.000000000000000000, 1.000000000000000000, 0.000000000000000000 ) ) ;
#1545 = EDGE_LOOP ( 'NONE', ( #3845, #2358, #1845, #1354 ) ) ;
#1546 = ORIENTED_EDGE ( 'NONE', *, *, #4415, .F. ) ;
#1547 = ADVANCED_FACE ( 'NONE', ( #2564, #4002 ), #4071, .T. ) ;
#1548 = FACE_OUTER_BOUND ( 'NONE', #4086, .T. ) ;
#1549 = VERTEX_POINT ( 'NONE', #3625 ) ;
#1550 = ORIENTED_EDGE ( 'NONE', *, *, #1837, .F. ) ;
#1551 = LINE ( 'NONE', #1657, #1117 ) ;
#1552 = ADVANCED_FACE ( 'NONE', ( #92 ), #4401, .T. ) ;
#1553 = EDGE_CURVE ( 'NONE', #361, #2651, #66, .T. ) ;
#1554 = DIRECTION ( 'NONE',  ( -0.000000000000000000, -0.000000000000000000, -1.000000000000000000 ) ) ;
#1555 = EDGE_CURVE ( 'NONE', #2578, #3084, #1762, .T. ) ;
#1556 = DIRECTION ( 'NONE',  ( -0.000000000000000000, -0.000000000000000000, 1.000000000000000000 ) ) ;
#1557 = CARTESIAN_POINT ( 'NONE',  ( -5.226019910154001025, -35.27084328170000305, 2.790000135221999855 ) ) ;
#1558 = CARTESIAN_POINT ( 'NONE',  ( 9.787358394719998245, -35.27084328170000305, 5.290000000000000924 ) ) ;
#1559 = DIRECTION ( 'NONE',  ( 1.000000000000000000, 0.000000000000000000, 0.000000000000000000 ) ) ;
#1560 = LINE ( 'NONE', #1933, #3858 ) ;
#1561 = AXIS2_PLACEMENT_3D ( 'NONE', #709, #2144, #2213 ) ;
#1562 = ORIENTED_EDGE ( 'NONE', *, *, #130, .T. ) ;
#1563 = ORIENTED_EDGE ( 'NONE', *, *, #3879, .F. ) ;
#1564 = CARTESIAN_POINT ( 'NONE',  ( 15.74749555500000042, 28.21602799331584421, 0.000000000000000000 ) ) ;
#1565 = AXIS2_PLACEMENT_3D ( 'NONE', #2282, #1204, #4063 ) ;
#1566 = CARTESIAN_POINT ( 'NONE',  ( 22.27463296929998293, -26.90006096009999936, 10.89000000000000057 ) ) ;
#1567 = CARTESIAN_POINT ( 'NONE',  ( 0.000000000000000000, 26.74086868171549369, -0.0009999999999999158867 ) ) ;
#1568 = ORIENTED_EDGE ( 'NONE', *, *, #1098, .F. ) ;
#1569 = CIRCLE ( 'NONE', #2767, 4.084607569209999234 ) ;
#1570 = ORIENTED_EDGE ( 'NONE', *, *, #1485, .T. ) ;
#1571 = CARTESIAN_POINT ( 'NONE',  ( 24.30000000000000071, -32.79999999999999005, 10.89000000000000057 ) ) ;
#1572 = ORIENTED_EDGE ( 'NONE', *, *, #739, .F. ) ;
#1573 = ORIENTED_EDGE ( 'NONE', *, *, #1154, .F. ) ;
#1574 = FACE_OUTER_BOUND ( 'NONE', #4603, .T. ) ;
#1575 = DIRECTION ( 'NONE',  ( 0.000000000000000000, 0.000000000000000000, -1.000000000000000000 ) ) ;
#1576 = EDGE_CURVE ( 'NONE', #1240, #3295, #3315, .T. ) ;
#1577 = EDGE_CURVE ( 'NONE', #276, #2833, #2913, .T. ) ;
#1578 = CYLINDRICAL_SURFACE ( 'NONE', #4260, 0.5000000000000000000 ) ;
#1579 = LINE ( 'NONE', #2373, #1867 ) ;
#1580 = DIRECTION ( 'NONE',  ( -1.000000000000000000, 1.856308247812543884E-16, -0.000000000000000000 ) ) ;
#1581 = LINE ( 'NONE', #3727, #3551 ) ;
#1582 = EDGE_CURVE ( 'NONE', #1703, #3058, #633, .T. ) ;
#1583 = ORIENTED_EDGE ( 'NONE', *, *, #510, .F. ) ;
#1584 = ORIENTED_EDGE ( 'NONE', *, *, #1153, .F. ) ;
#1585 = CARTESIAN_POINT ( 'NONE',  ( 4.825958851927500959, 31.74086868171549369, -0.0009999999999999158867 ) ) ;
#1586 = DIRECTION ( 'NONE',  ( 1.000000000000000000, 0.000000000000000000, 0.000000000000000000 ) ) ;
#1587 = LINE ( 'NONE', #1940, #2714 ) ;
#1588 = ORIENTED_EDGE ( 'NONE', *, *, #4108, .F. ) ;
#1589 = ORIENTED_EDGE ( 'NONE', *, *, #3529, .T. ) ;
#1590 = AXIS2_PLACEMENT_3D ( 'NONE', #1417, #2446, #4605 ) ;
#1591 = AXIS2_PLACEMENT_3D ( 'NONE', #4201, #2766, #197 ) ;
#1592 = LINE ( 'NONE', #874, #5 ) ;
#1593 = ORIENTED_EDGE ( 'NONE', *, *, #2041, .F. ) ;
#1594 = ORIENTED_EDGE ( 'NONE', *, *, #4279, .F. ) ;
#1595 = AXIS2_PLACEMENT_3D ( 'NONE', #2288, #1865, #3293 ) ;
#1596 = AXIS2_PLACEMENT_3D ( 'NONE', #1525, #2626, #819 ) ;
#1597 = PLANE ( 'NONE',  #3392 ) ;
#1598 = APPROVAL_DATE_TIME ( #3121, #2416 ) ;
#1599 = VECTOR ( 'NONE', #473, 1000.000000000000000 ) ;
#1600 = VECTOR ( 'NONE', #2028, 1000.000000000000000 ) ;
#1601 = CARTESIAN_POINT ( 'NONE',  ( 0.000000000000000000, 0.000000000000000000, 0.5000000000000000000 ) ) ;
#1602 = AXIS2_PLACEMENT_3D ( 'NONE', #3036, #4542, #2755 ) ;
#1603 = PLANE ( 'NONE',  #2108 ) ;
#1604 = ADVANCED_FACE ( 'NONE', ( #2287 ), #1466, .T. ) ;
#1605 = DIRECTION ( 'NONE',  ( 1.000000000000000000, -0.000000000000000000, -0.000000000000000000 ) ) ;
#1606 = DIRECTION ( 'NONE',  ( -1.000000000000000000, 0.000000000000000000, 0.000000000000000000 ) ) ;
#1607 = ORIENTED_EDGE ( 'NONE', *, *, #3477, .F. ) ;
#1608 = LOCAL_TIME ( 14, 18, 48.00000000000000000, #2464 ) ;
#1609 = EDGE_LOOP ( 'NONE', ( #2009, #1273 ) ) ;
#1610 = LINE ( 'NONE', #3346, #3060 ) ;
#1611 = DIRECTION ( 'NONE',  ( 1.000000000000000000, 0.000000000000000000, -0.000000000000000000 ) ) ;
#1612 = EDGE_CURVE ( 'NONE', #174, #2721, #491, .T. ) ;
#1613 = DIRECTION ( 'NONE',  ( 0.000000000000000000, 0.000000000000000000, -1.000000000000000000 ) ) ;
#1614 = ORIENTED_EDGE ( 'NONE', *, *, #3819, .F. ) ;
#1615 = VERTEX_POINT ( 'NONE', #4025 ) ;
#1616 = DIRECTION ( 'NONE',  ( -1.000000000000000000, 0.000000000000000000, 0.000000000000000000 ) ) ;
#1617 = FACE_OUTER_BOUND ( 'NONE', #10, .T. ) ;
#1618 = ORIENTED_EDGE ( 'NONE', *, *, #678, .F. ) ;
#1619 = ORIENTED_EDGE ( 'NONE', *, *, #4471, .T. ) ;
#1620 = CARTESIAN_POINT ( 'NONE',  ( 7.099466598943449114, 27.24086868171549369, 0.000000000000000000 ) ) ;
#1621 = CARTESIAN_POINT ( 'NONE',  ( 7.487358394719997534, -35.27084328170000305, 7.890000000000001457 ) ) ;
#1622 = CC_DESIGN_PERSON_AND_ORGANIZATION_ASSIGNMENT ( #4275, #1804, ( #1319 ) ) ;
#1623 = DIRECTION ( 'NONE',  ( 0.000000000000000000, 0.000000000000000000, -1.000000000000000000 ) ) ;
#1624 = LINE ( 'NONE', #2705, #4147 ) ;
#1625 = CARTESIAN_POINT ( 'NONE',  ( 12.31566768141935952, 33.94086868171549298, 1.500000000000000000 ) ) ;
#1626 = VERTEX_POINT ( 'NONE', #1537 ) ;
#1627 = EDGE_CURVE ( 'NONE', #3759, #1459, #782, .T. ) ;
#1628 = VERTEX_POINT ( 'NONE', #419 ) ;
#1629 = CARTESIAN_POINT ( 'NONE',  ( 10.29946659894344840, 27.24086868171549369, 0.000000000000000000 ) ) ;
#1630 = CIRCLE ( 'NONE', #1483, 1.600000000000000755 ) ;
#1631 = CARTESIAN_POINT ( 'NONE',  ( -22.77465836930000265, 26.90006096009999936, 5.000000000000000000 ) ) ;
#1632 = EDGE_LOOP ( 'NONE', ( #2960, #4405, #2620, #345 ) ) ;
#1633 = EDGE_CURVE ( 'NONE', #641, #2627, #2637, .T. ) ;
#1634 = EDGE_LOOP ( 'NONE', ( #4463, #2971, #796, #3678 ) ) ;
#1635 = ADVANCED_FACE ( 'NONE', ( #3341 ), #1861, .F. ) ;
#1636 = VECTOR ( 'NONE', #2161, 1000.000000000000000 ) ;
#1637 = CARTESIAN_POINT ( 'NONE',  ( 19.54749555500000113, 30.40006096009999936, 10.89102500000000084 ) ) ;
#1638 = CARTESIAN_POINT ( 'NONE',  ( 2.625958851927499893, 31.74086868171549369, -0.0009999999999999158867 ) ) ;
#1639 = VECTOR ( 'NONE', #3201, 1000.000000000000000 ) ;
#1640 = DIRECTION ( 'NONE',  ( 1.000000000000000000, -2.168404344971009115E-16, -0.000000000000000000 ) ) ;
#1641 = ORIENTED_EDGE ( 'NONE', *, *, #3844, .T. ) ;
#1642 = ORIENTED_EDGE ( 'NONE', *, *, #152, .F. ) ;
#1643 = EDGE_CURVE ( 'NONE', #2627, #641, #3228, .T. ) ;
#1644 = CIRCLE ( 'NONE', #2466, 4.000000000000000000 ) ;
#1645 = CARTESIAN_POINT ( 'NONE',  ( -6.176019910154001202, -36.80100000000001614, 4.049999999999999822 ) ) ;
#1646 = DIRECTION ( 'NONE',  ( 0.000000000000000000, 0.000000000000000000, 1.000000000000000000 ) ) ;
#1647 = CARTESIAN_POINT ( 'NONE',  ( -16.34749555500000184, 30.40006096009999936, 2.500000000000000444 ) ) ;
#1648 = CARTESIAN_POINT ( 'NONE',  ( 10.29946659894345018, 31.74086868171549369, 1.499999999999999556 ) ) ;
#1649 = LINE ( 'NONE', #586, #1671 ) ;
#1650 = DIRECTION ( 'NONE',  ( 0.000000000000000000, 0.000000000000000000, 1.000000000000000000 ) ) ;
#1651 = VERTEX_POINT ( 'NONE', #3698 ) ;
#1652 = DIRECTION ( 'NONE',  ( -1.000000000000000000, 0.000000000000000000, -0.000000000000000000 ) ) ;
#1653 = CARTESIAN_POINT ( 'NONE',  ( 14.77297434595851122, 26.74086868171549369, 1.500000000000000000 ) ) ;
#1654 = CARTESIAN_POINT ( 'NONE',  ( -17.94749555500000326, -30.40006096009999936, 1.500000000000000000 ) ) ;
#1655 = VERTEX_POINT ( 'NONE', #471 ) ;
#1656 = VERTEX_POINT ( 'NONE', #1558 ) ;
#1657 = CARTESIAN_POINT ( 'NONE',  ( 14.38735839471999789, -35.27084328170000305, 7.890000000000001457 ) ) ;
#1658 = DIRECTION ( 'NONE',  ( -1.000000000000000000, -0.000000000000000000, -0.000000000000000000 ) ) ;
#1659 = EDGE_CURVE ( 'NONE', #32, #2159, #2991, .T. ) ;
#1660 = EDGE_CURVE ( 'NONE', #3037, #2397, #1116, .T. ) ;
#1661 = AXIS2_PLACEMENT_3D ( 'NONE', #1188, #3673, #1841 ) ;
#1662 = FACE_OUTER_BOUND ( 'NONE', #1736, .T. ) ;
#1663 = ORIENTED_EDGE ( 'NONE', *, *, #1809, .T. ) ;
#1664 = VECTOR ( 'NONE', #3668, 1000.000000000000000 ) ;
#1665 = VERTEX_POINT ( 'NONE', #753 ) ;
#1666 = AXIS2_PLACEMENT_3D ( 'NONE', #4569, #2029, #3133 ) ;
#1667 = ADVANCED_FACE ( 'NONE', ( #2188 ), #560, .F. ) ;
#1668 = DIRECTION ( 'NONE',  ( -1.000000000000000000, 0.000000000000000000, 0.000000000000000000 ) ) ;
#1669 = DIRECTION ( 'NONE',  ( 0.000000000000000000, 0.000000000000000000, -1.000000000000000000 ) ) ;
#1670 = ORIENTED_EDGE ( 'NONE', *, *, #1440, .F. ) ;
#1671 = VECTOR ( 'NONE', #537, 1000.000000000000000 ) ;
#1672 = CIRCLE ( 'NONE', #1743, 1.599999999999999867 ) ;
#1673 = DIRECTION ( 'NONE',  ( -0.000000000000000000, -1.000000000000000000, -0.000000000000000000 ) ) ;
#1674 = LINE ( 'NONE', #3363, #4138 ) ;
#1675 = CARTESIAN_POINT ( 'NONE',  ( 3.225958851927499982, 31.74086868171549369, 1.499999999999999556 ) ) ;
#1676 = VECTOR ( 'NONE', #4090, 1000.000000000000000 ) ;
#1677 = CARTESIAN_POINT ( 'NONE',  ( 2.625958851927500337, 31.74086868171549369, 0.000000000000000000 ) ) ;
#1678 = ORIENTED_EDGE ( 'NONE', *, *, #1494, .F. ) ;
#1679 = DIRECTION ( 'NONE',  ( -2.081668171172168119E-15, 1.000000000000000000, 0.000000000000000000 ) ) ;
#1680 = AXIS2_PLACEMENT_3D ( 'NONE', #3027, #2320, #524 ) ;
#1681 = CARTESIAN_POINT ( 'NONE',  ( 20.00000000000000000, 36.79999999999999005, 0.000000000000000000 ) ) ;
#1682 = CARTESIAN_POINT ( 'NONE',  ( 10.28735839472000002, -36.30000000000000426, 7.889999999999999680 ) ) ;
#1683 = VECTOR ( 'NONE', #4239, 1000.000000000000000 ) ;
#1684 = EDGE_LOOP ( 'NONE', ( #2241, #1428, #437, #1198 ) ) ;
#1685 = ORIENTED_EDGE ( 'NONE', *, *, #222, .T. ) ;
#1686 = CARTESIAN_POINT ( 'NONE',  ( -0.000000000000000000, 26.74086868171549369, 1.500000000000000000 ) ) ;
#1687 = DIRECTION ( 'NONE',  ( -0.000000000000000000, -0.000000000000000000, 1.000000000000000000 ) ) ;
#1688 = LINE ( 'NONE', #272, #4528 ) ;
#1689 = ORIENTED_EDGE ( 'NONE', *, *, #1274, .T. ) ;
#1690 = VERTEX_POINT ( 'NONE', #3409 ) ;
#1691 = ADVANCED_FACE ( 'NONE', ( #2306 ), #1329, .T. ) ;
#1692 = PLANE ( 'NONE',  #1004 ) ;
#1693 = CALENDAR_DATE ( 2024, 22, 5 ) ;
#1694 = VERTEX_POINT ( 'NONE', #183 ) ;
#1695 = CARTESIAN_POINT ( 'NONE',  ( 14.94749555500001215, 5.323477688200406227E-15, 5.000000000000000000 ) ) ;
#1696 = EDGE_CURVE ( 'NONE', #2397, #2770, #3432, .T. ) ;
#1697 = EDGE_CURVE ( 'NONE', #4367, #2986, #535, .T. ) ;
#1698 = ADVANCED_FACE ( 'NONE', ( #2732 ), #2681, .T. ) ;
#1699 = DIRECTION ( 'NONE',  ( -1.000000000000000000, 0.000000000000000000, 0.000000000000000000 ) ) ;
#1700 = DIRECTION ( 'NONE',  ( -1.000000000000000000, 0.000000000000000000, 0.000000000000000000 ) ) ;
#1701 = LINE ( 'NONE', #2076, #96 ) ;
#1702 = ORIENTED_EDGE ( 'NONE', *, *, #4593, .F. ) ;
#1703 = VERTEX_POINT ( 'NONE', #4166 ) ;
#1704 = CARTESIAN_POINT ( 'NONE',  ( 0.000000000000000000, 0.000000000000000000, 0.5000000000000000000 ) ) ;
#1705 = DIRECTION ( 'NONE',  ( 0.000000000000000000, 0.000000000000000000, -1.000000000000000000 ) ) ;
#1706 = ORIENTED_EDGE ( 'NONE', *, *, #3761, .T. ) ;
#1707 = VERTEX_POINT ( 'NONE', #2000 ) ;
#1708 = DIRECTION ( 'NONE',  ( -1.000000000000000000, 0.000000000000000000, 0.000000000000000000 ) ) ;
#1709 = LINE ( 'NONE', #3089, #1892 ) ;
#1710 = CARTESIAN_POINT ( 'NONE',  ( 4.825958851927500071, 31.74086868171549369, 0.000000000000000000 ) ) ;
#1711 = EDGE_LOOP ( 'NONE', ( #476, #4183, #3757, #2736 ) ) ;
#1712 = VERTEX_POINT ( 'NONE', #3747 ) ;
#1713 = CIRCLE ( 'NONE', #2764, 0.9500000000000002887 ) ;
#1714 = CARTESIAN_POINT ( 'NONE',  ( -22.77465836930000265, 31.18628651260119256, 10.89000000000000057 ) ) ;
#1715 = ORIENTED_EDGE ( 'NONE', *, *, #196, .T. ) ;
#1716 = CIRCLE ( 'NONE', #2237, 2.200000000000000622 ) ;
#1717 = CARTESIAN_POINT ( 'NONE',  ( -13.21601971390600383, -35.27084328170000305, 4.049999999999999822 ) ) ;
#1718 = PLANE ( 'NONE',  #2791 ) ;
#1719 = DIRECTION ( 'NONE',  ( -1.000000000000000000, 0.000000000000000000, 0.000000000000000000 ) ) ;
#1720 = EDGE_CURVE ( 'NONE', #1651, #941, #1579, .T. ) ;
#1722 = ADVANCED_FACE ( 'NONE', ( #3106 ), #3455, .F. ) ;
#1721 = CARTESIAN_POINT ( 'NONE',  ( 22.77463296930000070, 31.18628397259999829, 10.89000000000000057 ) ) ;
#1723 = DIRECTION ( 'NONE',  ( 0.000000000000000000, 0.000000000000000000, -1.000000000000000000 ) ) ;
#1724 = CARTESIAN_POINT ( 'NONE',  ( 19.54749555500000113, -30.40006096009999936, 10.89102500000000084 ) ) ;
#1725 = CARTESIAN_POINT ( 'NONE',  ( 12.57297434595849950, 31.74086868171549369, 2.100000000000000089 ) ) ;
#1726 = EDGE_CURVE ( 'NONE', #3101, #3498, #1674, .T. ) ;
#1727 = VERTEX_POINT ( 'NONE', #2704 ) ;
#1728 = ORIENTED_EDGE ( 'NONE', *, *, #1756, .F. ) ;
#1729 = CARTESIAN_POINT ( 'NONE',  ( 3.225958851927499094, 27.24086868171549369, 0.4999999999999995559 ) ) ;
#1730 = DIRECTION ( 'NONE',  ( -0.000000000000000000, 0.000000000000000000, -1.000000000000000000 ) ) ;
#1731 = DIRECTION ( 'NONE',  ( -0.000000000000000000, -0.000000000000000000, -1.000000000000000000 ) ) ;
#1732 = ORIENTED_EDGE ( 'NONE', *, *, #1485, .F. ) ;
#1733 = VERTEX_POINT ( 'NONE', #972 ) ;
#1734 = LINE ( 'NONE', #2088, #1747 ) ;
#1735 = CALENDAR_DATE ( 2024, 22, 5 ) ;
#1736 = EDGE_LOOP ( 'NONE', ( #1528, #3140, #8, #4383 ) ) ;
#1737 = CARTESIAN_POINT ( 'NONE',  ( -22.27465836929999909, 27.40006096009999936, 1.500000000000000000 ) ) ;
#1738 = CIRCLE ( 'NONE', #4363, 0.5000000000000004441 ) ;
#1739 = CARTESIAN_POINT ( 'NONE',  ( -16.34749555500000184, 30.40006096009999936, 5.000000000000000000 ) ) ;
#1740 = CARTESIAN_POINT ( 'NONE',  ( -14.94749555500000149, -34.77084328169999594, 5.000000000000000000 ) ) ;
#1741 = DIRECTION ( 'NONE',  ( -1.000000000000000000, 0.000000000000000000, 0.000000000000000000 ) ) ;
#1742 = CIRCLE ( 'NONE', #383, 0.9499999999999998446 ) ;
#1743 = AXIS2_PLACEMENT_3D ( 'NONE', #706, #1462, #3865 ) ;
#1744 = FACE_OUTER_BOUND ( 'NONE', #2290, .T. ) ;
#1745 = ADVANCED_FACE ( 'NONE', ( #2399, #3055 ), #3836, .T. ) ;
#1746 = AXIS2_PLACEMENT_3D ( 'NONE', #4264, #25, #4587 ) ;
#1747 = VECTOR ( 'NONE', #4578, 1000.000000000000000 ) ;
#1748 = DIRECTION ( 'NONE',  ( -0.000000000000000000, -0.000000000000000000, -1.000000000000000000 ) ) ;
#1749 = PLANE ( 'NONE',  #1229 ) ;
#1750 = ORIENTED_EDGE ( 'NONE', *, *, #3793, .T. ) ;
#1751 = AXIS2_PLACEMENT_3D ( 'NONE', #1955, #3385, #163 ) ;
#1752 = ORIENTED_EDGE ( 'NONE', *, *, #4273, .T. ) ;
#1753 = DIRECTION ( 'NONE',  ( -1.000000000000000000, 0.000000000000000000, 0.000000000000000000 ) ) ;
#1754 = EDGE_CURVE ( 'NONE', #3898, #4250, #4443, .T. ) ;
#1755 = PLANE ( 'NONE',  #4143 ) ;
#1756 = EDGE_CURVE ( 'NONE', #604, #3479, #1236, .T. ) ;
#1757 = CIRCLE ( 'NONE', #779, 1.600000000000000755 ) ;
#1758 = AXIS2_PLACEMENT_3D ( 'NONE', #1244, #3633, #4568 ) ;
#1759 = DIRECTION ( 'NONE',  ( -3.561451260254549034E-16, -1.000000000000000000, 0.000000000000000000 ) ) ;
#1760 = ORIENTED_EDGE ( 'NONE', *, *, #3854, .F. ) ;
#1761 = ORIENTED_EDGE ( 'NONE', *, *, #162, .T. ) ;
#1762 = CIRCLE ( 'NONE', #3869, 3.099999999999995204 ) ;
#1763 = CARTESIAN_POINT ( 'NONE',  ( 17.94749555500000326, -30.40006096009999936, 1.500000000000000000 ) ) ;
#1764 = VERTEX_POINT ( 'NONE', #926 ) ;
#1765 = CARTESIAN_POINT ( 'NONE',  ( 6.425958851927499715, 26.74086868171549369, 1.499999999999999556 ) ) ;
#1766 = DIRECTION ( 'NONE',  ( 0.000000000000000000, 0.000000000000000000, 1.000000000000000000 ) ) ;
#1767 = LINE ( 'NONE', #3147, #1817 ) ;
#1768 = CARTESIAN_POINT ( 'NONE',  ( 0.000000000000000000, 26.74086868171549369, 0.000000000000000000 ) ) ;
#1769 = DIRECTION ( 'NONE',  ( 0.000000000000000000, -0.000000000000000000, 1.000000000000000000 ) ) ;
#1770 = CARTESIAN_POINT ( 'NONE',  ( -15.74749555500000042, -30.40006096009999936, 2.500000000000000444 ) ) ;
#1771 = CARTESIAN_POINT ( 'NONE',  ( 14.44749555499999971, 35.27089408180000163, 5.000000000000000000 ) ) ;
#1772 = ADVANCED_FACE ( 'NONE', ( #2329 ), #4490, .F. ) ;
#1773 = ORIENTED_EDGE ( 'NONE', *, *, #3608, .F. ) ;
#1774 = VERTEX_POINT ( 'NONE', #3383 ) ;
#1775 = FACE_OUTER_BOUND ( 'NONE', #4218, .T. ) ;
#1776 = LINE ( 'NONE', #381, #4515 ) ;
#1777 = ADVANCED_FACE ( 'NONE', ( #158 ), #1603, .T. ) ;
#1778 = ADVANCED_FACE ( 'NONE', ( #3766 ), #1978, .T. ) ;
#1779 = ORIENTED_EDGE ( 'NONE', *, *, #4336, .F. ) ;
#1780 = EDGE_LOOP ( 'NONE', ( #4162, #1588, #1052, #2809 ) ) ;
#1781 = VECTOR ( 'NONE', #1723, 1000.000000000000000 ) ;
#1782 = CARTESIAN_POINT ( 'NONE',  ( 6.425958851927499715, 31.74086868171549369, 13.14817582284883635 ) ) ;
#1783 = DATE_AND_TIME ( #1086, #1608 ) ;
#1784 = ADVANCED_FACE ( 'NONE', ( #1045 ), #2799, .F. ) ;
#1785 = ORIENTED_EDGE ( 'NONE', *, *, #3527, .T. ) ;
#1786 = ORIENTED_EDGE ( 'NONE', *, *, #2611, .F. ) ;
#1787 = DIRECTION ( 'NONE',  ( 0.000000000000000000, 0.000000000000000000, -1.000000000000000000 ) ) ;
#1788 = VECTOR ( 'NONE', #994, 1000.000000000000000 ) ;
#1789 = DIRECTION ( 'NONE',  ( 1.000000000000000000, 0.000000000000000000, -0.000000000000000000 ) ) ;
#1790 = FACE_OUTER_BOUND ( 'NONE', #721, .T. ) ;
#1791 = CARTESIAN_POINT ( 'NONE',  ( -22.27465836929999909, -27.40006096009999936, 5.000000000000000000 ) ) ;
#1792 = CARTESIAN_POINT ( 'NONE',  ( 20.14749555500000255, 30.40006096009999936, 0.5999999999999998668 ) ) ;
#1793 = CARTESIAN_POINT ( 'NONE',  ( 3.225958851927499982, 31.74086868171549369, 0.000000000000000000 ) ) ;
#1794 = FACE_OUTER_BOUND ( 'NONE', #860, .T. ) ;
#1795 = ORIENTED_EDGE ( 'NONE', *, *, #3649, .F. ) ;
#1796 = VERTEX_POINT ( 'NONE', #3928 ) ;
#1797 = LINE ( 'NONE', #3297, #357 ) ;
#1798 = DIRECTION ( 'NONE',  ( -1.000000000000000000, 0.000000000000000000, 0.000000000000000000 ) ) ;
#1799 = EDGE_LOOP ( 'NONE', ( #3094, #4565, #3135, #4076 ) ) ;
#1800 = ORIENTED_EDGE ( 'NONE', *, *, #4503, .F. ) ;
#1801 = EDGE_CURVE ( 'NONE', #3260, #3442, #842, .T. ) ;
#1802 = ADVANCED_FACE ( 'NONE', ( #3951 ), #634, .T. ) ;
#1803 = CARTESIAN_POINT ( 'NONE',  ( 20.30000000000000071, 36.79999999999999005, 10.89000000000000057 ) ) ;
#1804 = PERSON_AND_ORGANIZATION_ROLE ( 'classification_officer' ) ;
#1805 = ORIENTED_EDGE ( 'NONE', *, *, #589, .T. ) ;
#1806 = ORIENTED_EDGE ( 'NONE', *, *, #4611, .F. ) ;
#1807 = DIRECTION ( 'NONE',  ( 0.000000000000000000, 0.000000000000000000, -1.000000000000000000 ) ) ;
#1808 = ADVANCED_FACE ( 'NONE', ( #3170, #2113 ), #1718, .F. ) ;
#1809 = EDGE_CURVE ( 'NONE', #2917, #1628, #3905, .T. ) ;
#1810 = CARTESIAN_POINT ( 'NONE',  ( 14.17297434595850092, 31.74086868171549369, 13.14817582284883635 ) ) ;
#1811 = LINE ( 'NONE', #2164, #2494 ) ;
#1812 = CARTESIAN_POINT ( 'NONE',  ( 10.97297434595849630, 27.24086868171549369, 0.000000000000000000 ) ) ;
#1813 = DIRECTION ( 'NONE',  ( -1.000000000000000000, 0.000000000000000000, 0.000000000000000000 ) ) ;
#1814 = DIRECTION ( 'NONE',  ( -1.000000000000000000, 0.000000000000000000, 0.000000000000000000 ) ) ;
#1815 = VECTOR ( 'NONE', #3828, 1000.000000000000000 ) ;
#1816 = CARTESIAN_POINT ( 'NONE',  ( 14.44749555499999971, 34.77089408179999452, 5.000000000000000000 ) ) ;
#1817 = VECTOR ( 'NONE', #2115, 1000.000000000000000 ) ;
#1818 = EDGE_LOOP ( 'NONE', ( #403, #95, #2726, #3639 ) ) ;
#1819 = ORIENTED_EDGE ( 'NONE', *, *, #2492, .T. ) ;
#1820 = AXIS2_PLACEMENT_3D ( 'NONE', #2940, #1885, #4026 ) ;
#1821 = CARTESIAN_POINT ( 'NONE',  ( 8.699466598943450535, 31.74086868171549369, 0.4999999999999995559 ) ) ;
#1822 = VECTOR ( 'NONE', #2443, 1000.000000000000000 ) ;
#1823 = DIRECTION ( 'NONE',  ( -1.856308247812544131E-16, -1.000000000000000000, 0.000000000000000000 ) ) ;
#1824 = AXIS2_PLACEMENT_3D ( 'NONE', #1321, #3424, #3069 ) ;
#1825 = ORIENTED_EDGE ( 'NONE', *, *, #104, .T. ) ;
#1826 = ORIENTED_EDGE ( 'NONE', *, *, #3070, .T. ) ;
#1827 = VECTOR ( 'NONE', #3148, 1000.000000000000000 ) ;
#1828 = LINE ( 'NONE', #1803, #2497 ) ;
#1829 = ORIENTED_EDGE ( 'NONE', *, *, #2729, .T. ) ;
#1830 = LOCAL_TIME ( 14, 18, 48.00000000000000000, #1949 ) ;
#1831 = EDGE_CURVE ( 'NONE', #4476, #2149, #3525, .T. ) ;
#1832 = ORIENTED_EDGE ( 'NONE', *, *, #3437, .F. ) ;
#1833 = CARTESIAN_POINT ( 'NONE',  ( -14.16601971390600312, -35.27084328170000305, 2.790000135221999855 ) ) ;
#1834 = DIRECTION ( 'NONE',  ( 0.000000000000000000, 1.000000000000000000, 0.000000000000000000 ) ) ;
#1835 = DIRECTION ( 'NONE',  ( 0.000000000000000000, 0.000000000000000000, -1.000000000000000000 ) ) ;
#1836 = LINE ( 'NONE', #2589, #2579 ) ;
#1837 = EDGE_CURVE ( 'NONE', #2986, #3800, #674, .T. ) ;
#1838 = ADVANCED_FACE ( 'NONE', ( #299 ), #2776, .F. ) ;
#1839 = DIRECTION ( 'NONE',  ( 0.000000000000000000, 0.000000000000000000, -1.000000000000000000 ) ) ;
#1840 = EDGE_CURVE ( 'NONE', #2978, #1109, #1371, .T. ) ;
#1841 = DIRECTION ( 'NONE',  ( 1.000000000000000000, 0.000000000000000000, 0.000000000000000000 ) ) ;
#1842 = LINE ( 'NONE', #232, #463 ) ;
#1843 = DIRECTION ( 'NONE',  ( -0.000000000000000000, -0.000000000000000000, 1.000000000000000000 ) ) ;
#1844 = ORIENTED_EDGE ( 'NONE', *, *, #2963, .F. ) ;
#1845 = ORIENTED_EDGE ( 'NONE', *, *, #3608, .T. ) ;
#1846 = DIRECTION ( 'NONE',  ( 0.000000000000000000, 0.000000000000000000, -1.000000000000000000 ) ) ;
#1847 = FACE_OUTER_BOUND ( 'NONE', #3586, .T. ) ;
#1848 = CARTESIAN_POINT ( 'NONE',  ( 10.62651296072940710, 33.33350558933992858, 1.499999999999999556 ) ) ;
#1849 = ORIENTED_EDGE ( 'NONE', *, *, #3304, .F. ) ;
#1850 = VERTEX_POINT ( 'NONE', #1739 ) ;
#1851 = FACE_BOUND ( 'NONE', #4484, .T. ) ;
#1852 = ORIENTED_EDGE ( 'NONE', *, *, #394, .T. ) ;
#1853 = ORIENTED_EDGE ( 'NONE', *, *, #3298, .T. ) ;
#1854 = DIRECTION ( 'NONE',  ( 0.000000000000000000, -0.000000000000000000, -1.000000000000000000 ) ) ;
#1855 = VECTOR ( 'NONE', #2055, 1000.000000000000000 ) ;
#1856 = DIRECTION ( 'NONE',  ( 1.000000000000000000, 0.000000000000000000, 0.000000000000000000 ) ) ;
#1857 = DIRECTION ( 'NONE',  ( 0.000000000000000000, 0.000000000000000000, -1.000000000000000000 ) ) ;
#1858 = DIRECTION ( 'NONE',  ( 0.000000000000000000, 0.000000000000000000, -1.000000000000000000 ) ) ;
#1859 = VECTOR ( 'NONE', #3422, 1000.000000000000000 ) ;
#1860 = DIRECTION ( 'NONE',  ( -1.000000000000000000, 0.000000000000000000, 0.000000000000000000 ) ) ;
#1861 = CYLINDRICAL_SURFACE ( 'NONE', #2855, 0.5000000000000004441 ) ;
#1862 = EDGE_CURVE ( 'NONE', #4572, #1628, #2710, .T. ) ;
#1863 = EDGE_CURVE ( 'NONE', #990, #1655, #2141, .T. ) ;
#1864 = AXIS2_PLACEMENT_3D ( 'NONE', #1032, #4614, #4549 ) ;
#1865 = DIRECTION ( 'NONE',  ( 0.000000000000000000, 0.000000000000000000, -1.000000000000000000 ) ) ;
#1866 = CARTESIAN_POINT ( 'NONE',  ( 20.29999999999999716, 32.79999999999999716, 1.500000000000000000 ) ) ;
#1867 = VECTOR ( 'NONE', #3076, 1000.000000000000000 ) ;
#1868 = ORIENTED_EDGE ( 'NONE', *, *, #502, .T. ) ;
#1869 = ORIENTED_EDGE ( 'NONE', *, *, #3417, .F. ) ;
#1870 = DIRECTION ( 'NONE',  ( -1.000000000000000000, -0.000000000000000000, -0.000000000000000000 ) ) ;
#1871 = DIRECTION ( 'NONE',  ( 1.000000000000000000, 0.000000000000000000, 0.000000000000000000 ) ) ;
#1872 = CARTESIAN_POINT ( 'NONE',  ( 0.000000000000000000, 36.29999999999999005, 0.000000000000000000 ) ) ;
#1873 = ORIENTED_EDGE ( 'NONE', *, *, #3592, .F. ) ;
#1874 = ORIENTED_EDGE ( 'NONE', *, *, #1553, .F. ) ;
#1875 = DIRECTION ( 'NONE',  ( -0.000000000000000000, -0.000000000000000000, 1.000000000000000000 ) ) ;
#1876 = ORIENTED_EDGE ( 'NONE', *, *, #1333, .T. ) ;
#1877 = ORIENTED_EDGE ( 'NONE', *, *, #2859, .T. ) ;
#1878 = LINE ( 'NONE', #938, #2612 ) ;
#1879 = DIRECTION ( 'NONE',  ( -0.000000000000000000, 1.000000000000000000, -0.000000000000000000 ) ) ;
#1880 = CARTESIAN_POINT ( 'NONE',  ( 22.77463296929997583, -31.18623580853164157, 10.89000000000000057 ) ) ;
#1881 = DIRECTION ( 'NONE',  ( -0.000000000000000000, -0.000000000000000000, 1.000000000000000000 ) ) ;
#1882 = CARTESIAN_POINT ( 'NONE',  ( 0.000000000000000000, 36.79999999999999005, 0.000000000000000000 ) ) ;
#1883 = DIRECTION ( 'NONE',  ( -0.000000000000000000, 0.000000000000000000, -1.000000000000000000 ) ) ;
#1884 = VECTOR ( 'NONE', #2215, 1000.000000000000000 ) ;
#1885 = DIRECTION ( 'NONE',  ( 0.000000000000000000, 0.000000000000000000, -1.000000000000000000 ) ) ;
#1886 = PLANE ( 'NONE',  #3026 ) ;
#1887 = AXIS2_PLACEMENT_3D ( 'NONE', #881, #1953, #208 ) ;
#1888 = EDGE_LOOP ( 'NONE', ( #3711, #3155, #3979, #3945 ) ) ;
#1889 = EDGE_CURVE ( 'NONE', #1295, #28, #2515, .T. ) ;
#1890 = ORIENTED_EDGE ( 'NONE', *, *, #3123, .T. ) ;
#1891 = DIRECTION ( 'NONE',  ( 0.000000000000000000, 0.000000000000000000, -1.000000000000000000 ) ) ;
#1892 = VECTOR ( 'NONE', #3850, 1000.000000000000000 ) ;
#1893 = DIRECTION ( 'NONE',  ( 1.000000000000000000, 0.000000000000000000, 0.000000000000000000 ) ) ;
#1894 = PLANE ( 'NONE',  #3163 ) ;
#1895 = ORIENTED_EDGE ( 'NONE', *, *, #1582, .F. ) ;
#1896 = AXIS2_PLACEMENT_3D ( 'NONE', #2543, #1380, #754 ) ;
#1897 = AXIS2_PLACEMENT_3D ( 'NONE', #4043, #440, #1481 ) ;
#1898 = ADVANCED_FACE ( 'NONE', ( #4257 ), #3216, .T. ) ;
#1899 = ORIENTED_EDGE ( 'NONE', *, *, #3291, .T. ) ;
#1900 = EDGE_CURVE ( 'NONE', #3003, #2648, #3125, .T. ) ;
#1901 = EDGE_CURVE ( 'NONE', #1774, #2160, #4303, .T. ) ;
#1902 = AXIS2_PLACEMENT_3D ( 'NONE', #2463, #2070, #256 ) ;
#1903 = CARTESIAN_POINT ( 'NONE',  ( -5.226019910154001025, -36.30000000000000426, 1.840000135221999900 ) ) ;
#1904 = VERTEX_POINT ( 'NONE', #4559 ) ;
#1905 = ORIENTED_EDGE ( 'NONE', *, *, #1296, .T. ) ;
#1906 = AXIS2_PLACEMENT_3D ( 'NONE', #1710, #3139, #1342 ) ;
#1907 = PLANE ( 'NONE',  #2987 ) ;
#1908 = CARTESIAN_POINT ( 'NONE',  ( -20.00000000000000000, -36.80000000000000426, 0.000000000000000000 ) ) ;
#1909 = CARTESIAN_POINT ( 'NONE',  ( 12.57297434595849950, 31.74086868171549369, 0.000000000000000000 ) ) ;
#1910 = DIRECTION ( 'NONE',  ( -0.000000000000000000, -0.000000000000000000, 1.000000000000000000 ) ) ;
#1911 = CARTESIAN_POINT ( 'NONE',  ( -18.69005080008499675, 31.18628651258499573, 2.500000000000000000 ) ) ;
#1912 = LINE ( 'NONE', #420, #3699 ) ;
#1913 = CARTESIAN_POINT ( 'NONE',  ( 17.94749555500000326, 27.40006096009999936, 5.000000000000000000 ) ) ;
#1914 = VERTEX_POINT ( 'NONE', #1350 ) ;
#1915 = ORIENTED_EDGE ( 'NONE', *, *, #986, .T. ) ;
#1916 = DIRECTION ( 'NONE',  ( -1.000000000000000000, 0.000000000000000000, 0.000000000000000000 ) ) ;
#1917 = DIRECTION ( 'NONE',  ( 0.000000000000000000, 0.000000000000000000, 1.000000000000000000 ) ) ;
#1918 = CARTESIAN_POINT ( 'NONE',  ( 0.000000000000000000, 26.74086868171549369, 0.000000000000000000 ) ) ;
#1919 = EDGE_CURVE ( 'NONE', #3250, #2081, #4437, .T. ) ;
#1920 = ORIENTED_EDGE ( 'NONE', *, *, #1333, .F. ) ;
#1921 = VERTEX_POINT ( 'NONE', #439 ) ;
#1922 = EDGE_CURVE ( 'NONE', #1626, #3271, #1161, .T. ) ;
#1923 = ADVANCED_FACE ( 'NONE', ( #776 ), #1964, .F. ) ;
#1924 = CARTESIAN_POINT ( 'NONE',  ( 14.77297434595850056, 31.74086868171549369, 0.5999999999999998668 ) ) ;
#1925 = ORIENTED_EDGE ( 'NONE', *, *, #129, .F. ) ;
#1926 = EDGE_LOOP ( 'NONE', ( #1997, #1950, #3156, #3049 ) ) ;
#1927 = EDGE_CURVE ( 'NONE', #3689, #2194, #3229, .T. ) ;
#1928 = CARTESIAN_POINT ( 'NONE',  ( 14.17297434595850092, 26.74086868171549369, 0.4999999999999995559 ) ) ;
#1929 = DIRECTION ( 'NONE',  ( 2.781230391307005911E-16, 1.000000000000000000, -0.000000000000000000 ) ) ;
#1930 = DIRECTION ( 'NONE',  ( 1.445602896647339656E-16, -2.683484580108160578E-32, -1.000000000000000000 ) ) ;
#1931 = CARTESIAN_POINT ( 'NONE',  ( -14.94749555500001215, 5.323477688200406227E-15, 5.000000000000000000 ) ) ;
#1932 = LINE ( 'NONE', #783, #4 ) ;
#1933 = CARTESIAN_POINT ( 'NONE',  ( -15.74749555500000042, 30.40006096009999936, 11.22253967444162015 ) ) ;
#1934 = CIRCLE ( 'NONE', #4110, 1.600000000000000755 ) ;
#1935 = ORIENTED_EDGE ( 'NONE', *, *, #4454, .F. ) ;
#1936 = EDGE_LOOP ( 'NONE', ( #3252, #2368, #3463, #2945, #3805 ) ) ;
#1937 = DIRECTION ( 'NONE',  ( -0.000000000000000000, -0.000000000000000000, -1.000000000000000000 ) ) ;
#1938 = VECTOR ( 'NONE', #3524, 1000.000000000000000 ) ;
#1939 = CARTESIAN_POINT ( 'NONE',  ( 0.000000000000000000, 0.000000000000000000, 10.89000000000000057 ) ) ;
#1940 = CARTESIAN_POINT ( 'NONE',  ( 22.27463296929998293, -27.40006096009999936, 5.000000000000000000 ) ) ;
#1941 = ORIENTED_EDGE ( 'NONE', *, *, #1889, .F. ) ;
#1942 = AXIS2_PLACEMENT_3D ( 'NONE', #737, #1142, #758 ) ;
#1943 = ORIENTED_EDGE ( 'NONE', *, *, #78, .F. ) ;
#1944 = DIRECTION ( 'NONE',  ( 0.000000000000000000, -1.000000000000000000, 0.000000000000000000 ) ) ;
#1945 = VERTEX_POINT ( 'NONE', #2887 ) ;
#1946 = ORIENTED_EDGE ( 'NONE', *, *, #3154, .T. ) ;
#1947 = EDGE_CURVE ( 'NONE', #2648, #3373, #3692, .T. ) ;
#1948 = DIRECTION ( 'NONE',  ( 0.000000000000000000, 1.000000000000000000, -0.000000000000000000 ) ) ;
#1949 = COORDINATED_UNIVERSAL_TIME_OFFSET ( 8, 0, .AHEAD. ) ;
#1950 = ORIENTED_EDGE ( 'NONE', *, *, #2636, .F. ) ;
#1951 = CARTESIAN_POINT ( 'NONE',  ( 19.54749555500000113, -30.40006096009999936, 2.500000000000000444 ) ) ;
#1952 = EDGE_CURVE ( 'NONE', #2904, #4106, #2932, .T. ) ;
#1953 = DIRECTION ( 'NONE',  ( 0.000000000000000000, -1.000000000000000000, 0.000000000000000000 ) ) ;
#1954 = DIRECTION ( 'NONE',  ( -1.000000000000000000, 0.000000000000000000, -1.445602896647339656E-16 ) ) ;
#1955 = CARTESIAN_POINT ( 'NONE',  ( 4.825958851927500071, 31.74086868171549369, 13.14817582284883635 ) ) ;
#1956 = EDGE_LOOP ( 'NONE', ( #1036, #3771, #4571, #1325 ) ) ;
#1957 = EDGE_LOOP ( 'NONE', ( #3354, #1513, #2713, #3602 ) ) ;
#1958 = FACE_OUTER_BOUND ( 'NONE', #2955, .T. ) ;
#1959 = CYLINDRICAL_SURFACE ( 'NONE', #3626, 4.084607569215005896 ) ;
#1960 = CARTESIAN_POINT ( 'NONE',  ( 7.099466598943449114, 31.74086868171549369, 13.14817582284883635 ) ) ;
#1961 = ORIENTED_EDGE ( 'NONE', *, *, #2671, .T. ) ;
#1962 = ORIENTED_EDGE ( 'NONE', *, *, #4329, .T. ) ;
#1963 = AXIS2_PLACEMENT_3D ( 'NONE', #2694, #2908, #1268 ) ;
#1964 = PLANE ( 'NONE',  #380 ) ;
#1965 = CIRCLE ( 'NONE', #1298, 0.9499999999999998446 ) ;
#1966 = DIRECTION ( 'NONE',  ( 0.000000000000000000, 0.000000000000000000, -1.000000000000000000 ) ) ;
#1967 = VECTOR ( 'NONE', #348, 1000.000000000000000 ) ;
#1968 = APPROVAL ( #3947, '未指定' ) ;
#1969 = VERTEX_POINT ( 'NONE', #749 ) ;
#1970 = ORIENTED_EDGE ( 'NONE', *, *, #3585, .F. ) ;
#1971 = VECTOR ( 'NONE', #639, 1000.000000000000000 ) ;
#1972 = CIRCLE ( 'NONE', #1378, 2.999999999999999112 ) ;
#1973 = LINE ( 'NONE', #4135, #611 ) ;
#1974 = EDGE_CURVE ( 'NONE', #2721, #3296, #4511, .T. ) ;
#1975 = APPROVAL_STATUS ( 'not_yet_approved' ) ;
#1976 = LINE ( 'NONE', #4489, #4190 ) ;
#1977 = VECTOR ( 'NONE', #3265, 1000.000000000000000 ) ;
#1978 = PLANE ( 'NONE',  #456 ) ;
#1979 = VECTOR ( 'NONE', #99, 1000.000000000000000 ) ;
#1980 = DIRECTION ( 'NONE',  ( 0.000000000000000000, 1.000000000000000000, 0.000000000000000000 ) ) ;
#1981 = EDGE_CURVE ( 'NONE', #2763, #342, #3047, .T. ) ;
#1983 = ADVANCED_FACE ( 'NONE', ( #414 ), #176, .F. ) ;
#1982 = FACE_OUTER_BOUND ( 'NONE', #2840, .T. ) ;
#1984 = ORIENTED_EDGE ( 'NONE', *, *, #3991, .T. ) ;
#1985 = EDGE_CURVE ( 'NONE', #4314, #2929, #1294, .T. ) ;
#1986 = ORIENTED_EDGE ( 'NONE', *, *, #1497, .T. ) ;
#1987 = FACE_OUTER_BOUND ( 'NONE', #2816, .T. ) ;
#1988 = CYLINDRICAL_SURFACE ( 'NONE', #935, 2.200000000000000622 ) ;
#1989 = DIRECTION ( 'NONE',  ( 0.000000000000000000, 0.000000000000000000, 1.000000000000000000 ) ) ;
#1990 = ADVANCED_FACE ( 'NONE', ( #798 ), #1480, .F. ) ;
#1991 = ORIENTED_EDGE ( 'NONE', *, *, #717, .T. ) ;
#1992 = ORIENTED_EDGE ( 'NONE', *, *, #3965, .F. ) ;
#1993 = CARTESIAN_POINT ( 'NONE',  ( 0.000000000000000000, 35.27089408180000163, 5.000000000000000000 ) ) ;
#1994 = CARTESIAN_POINT ( 'NONE',  ( -18.69005080010079567, -35.27084328169999594, 5.000000000000000000 ) ) ;
#1995 = CARTESIAN_POINT ( 'NONE',  ( 3.225958851927499982, 31.74086868171549369, 0.4999999999999995559 ) ) ;
#1996 = ORIENTED_EDGE ( 'NONE', *, *, #3529, .F. ) ;
#1997 = ORIENTED_EDGE ( 'NONE', *, *, #4187, .F. ) ;
#1998 = DIRECTION ( 'NONE',  ( 0.000000000000000000, 0.000000000000000000, -1.000000000000000000 ) ) ;
#1999 = DIRECTION ( 'NONE',  ( -1.000000000000000000, 0.000000000000000000, 0.000000000000000000 ) ) ;
#2000 = CARTESIAN_POINT ( 'NONE',  ( 22.27463296929998293, -27.40006096009999936, 5.000000000000000000 ) ) ;
#2001 = DIRECTION ( 'NONE',  ( -0.000000000000000000, 0.000000000000000000, 1.000000000000000000 ) ) ;
#2002 = CYLINDRICAL_SURFACE ( 'NONE', #1382, 1.600000000000002531 ) ;
#2003 = EDGE_LOOP ( 'NONE', ( #4381, #146 ) ) ;
#2004 = LINE ( 'NONE', #303, #2760 ) ;
#2005 = EDGE_CURVE ( 'NONE', #3733, #4170, #4371, .T. ) ;
#2006 = EDGE_CURVE ( 'NONE', #433, #4170, #1738, .T. ) ;
#2007 = LINE ( 'NONE', #3111, #3859 ) ;
#2008 = CARTESIAN_POINT ( 'NONE',  ( 20.29999999999999716, 36.79999999999999005, 1.500000000000000000 ) ) ;
#2009 = ORIENTED_EDGE ( 'NONE', *, *, #2673, .T. ) ;
#2010 = VERTEX_POINT ( 'NONE', #2230 ) ;
#2011 = FACE_OUTER_BOUND ( 'NONE', #3276, .T. ) ;
#2012 = ADVANCED_FACE ( 'NONE', ( #2962 ), #3399, .F. ) ;
#2013 = EDGE_CURVE ( 'NONE', #1615, #1549, #306, .T. ) ;
#2014 = DIRECTION ( 'NONE',  ( -1.000000000000000000, 0.000000000000000000, -0.000000000000000000 ) ) ;
#2015 = VECTOR ( 'NONE', #665, 1000.000000000000000 ) ;
#2016 = CARTESIAN_POINT ( 'NONE',  ( 6.762712725435474859, 33.32168632883735171, 1.500000000000000000 ) ) ;
#2017 = ORIENTED_EDGE ( 'NONE', *, *, #2700, .F. ) ;
#2018 = ORIENTED_EDGE ( 'NONE', *, *, #3616, .T. ) ;
#2019 = PLANE ( 'NONE',  #1149 ) ;
#2020 = MECHANICAL_CONTEXT ( 'NONE', #585, 'mechanical' ) ;
#2021 = ORIENTED_EDGE ( 'NONE', *, *, #795, .F. ) ;
#2022 = CARTESIAN_POINT ( 'NONE',  ( -6.176019910154001202, -35.27084328170000305, 4.049999999999999822 ) ) ;
#2023 = DIRECTION ( 'NONE',  ( -0.000000000000000000, -0.000000000000000000, -1.000000000000000000 ) ) ;
#2024 = DIRECTION ( 'NONE',  ( 0.000000000000000000, -1.000000000000000000, 0.000000000000000000 ) ) ;
#2025 = CARTESIAN_POINT ( 'NONE',  ( -12.64001144162049961, 35.27089408180000163, 2.574999950747498545 ) ) ;
#2026 = ORIENTED_EDGE ( 'NONE', *, *, #1555, .F. ) ;
#2027 = ORIENTED_EDGE ( 'NONE', *, *, #3674, .T. ) ;
#2028 = DIRECTION ( 'NONE',  ( -0.000000000000000000, -0.000000000000000000, 1.000000000000000000 ) ) ;
#2029 = DIRECTION ( 'NONE',  ( 0.000000000000000000, 0.000000000000000000, -1.000000000000000000 ) ) ;
#2030 = EDGE_CURVE ( 'NONE', #294, #2904, #4042, .T. ) ;
#2031 = VERTEX_POINT ( 'NONE', #14 ) ;
#2032 = ORIENTED_EDGE ( 'NONE', *, *, #2924, .F. ) ;
#2033 = CARTESIAN_POINT ( 'NONE',  ( -0.6400114416205011647, 36.80100000000001614, 4.574999950747501209 ) ) ;
#2034 = CARTESIAN_POINT ( 'NONE',  ( -21.04749555499999758, -30.40006096009998515, 0.000000000000000000 ) ) ;
#2035 = LINE ( 'NONE', #3471, #1233 ) ;
#2036 = ADVANCED_FACE ( 'NONE', ( #1461 ), #3618, .F. ) ;
#2037 = ADVANCED_FACE ( 'NONE', ( #4527, #4177 ), #3116, .T. ) ;
#2038 = EDGE_LOOP ( 'NONE', ( #3855, #3502 ) ) ;
#2039 = VECTOR ( 'NONE', #4117, 1000.000000000000000 ) ;
#2040 = ORIENTED_EDGE ( 'NONE', *, *, #1831, .F. ) ;
#2041 = EDGE_CURVE ( 'NONE', #4612, #167, #3916, .T. ) ;
#2042 = AXIS2_PLACEMENT_3D ( 'NONE', #271, #939, #219 ) ;
#2043 = AXIS2_PLACEMENT_3D ( 'NONE', #329, #280, #1436 ) ;
#2044 = DIRECTION ( 'NONE',  ( 1.000000000000000000, 0.000000000000000000, 1.204669080540017324E-16 ) ) ;
#2045 = EDGE_LOOP ( 'NONE', ( #2594, #4127, #3637, #123 ) ) ;
#2046 = CIRCLE ( 'NONE', #2946, 1.600000000000000755 ) ;
#2047 = VECTOR ( 'NONE', #2771, 1000.000000000000000 ) ;
#2048 = LINE ( 'NONE', #3482, #2684 ) ;
#2049 = DIRECTION ( 'NONE',  ( -2.081668171172168513E-15, 1.000000000000000000, 0.000000000000000000 ) ) ;
#2050 = CARTESIAN_POINT ( 'NONE',  ( 4.825958851927500071, 31.74086868171549369, 2.100000000000000089 ) ) ;
#2051 = AXIS2_PLACEMENT_3D ( 'NONE', #4403, #1511, #1213 ) ;
#2052 = VECTOR ( 'NONE', #304, 1000.000000000000000 ) ;
#2053 = CARTESIAN_POINT ( 'NONE',  ( -0.000000000000000000, 33.94086868171549298, 1.500000000000000000 ) ) ;
#2054 = EDGE_LOOP ( 'NONE', ( #483, #1570, #4436, #2785 ) ) ;
#2055 = DIRECTION ( 'NONE',  ( -0.000000000000000000, -1.000000000000000000, -0.000000000000000000 ) ) ;
#2056 = VECTOR ( 'NONE', #1669, 1000.000000000000000 ) ;
#2057 = CARTESIAN_POINT ( 'NONE',  ( 14.77297434595850056, 31.74086868171549369, -0.0009999999999999158867 ) ) ;
#2058 = FACE_BOUND ( 'NONE', #59, .T. ) ;
#2059 = CIRCLE ( 'NONE', #3934, 0.5000000000000004441 ) ;
#2060 = VERTEX_POINT ( 'NONE', #3068 ) ;
#2061 = ORIENTED_EDGE ( 'NONE', *, *, #3735, .T. ) ;
#2062 = CARTESIAN_POINT ( 'NONE',  ( -20.30000000000000071, -36.80000000000000426, 0.000000000000000000 ) ) ;
#2063 = DIRECTION ( 'NONE',  ( 1.000000000000000000, 0.000000000000000000, 0.000000000000000000 ) ) ;
#2064 = CARTESIAN_POINT ( 'NONE',  ( 0.000000000000000000, 27.24086868171549369, 0.5000000000000000000 ) ) ;
#2065 = VECTOR ( 'NONE', #856, 1000.000000000000000 ) ;
#2066 = VERTEX_POINT ( 'NONE', #4154 ) ;
#2067 = ORIENTED_EDGE ( 'NONE', *, *, #2859, .F. ) ;
#2068 = EDGE_CURVE ( 'NONE', #385, #2784, #4594, .T. ) ;
#2069 = EDGE_CURVE ( 'NONE', #2900, #165, #995, .T. ) ;
#2070 = DIRECTION ( 'NONE',  ( 0.000000000000000000, 0.000000000000000000, -1.000000000000000000 ) ) ;
#2071 = EDGE_LOOP ( 'NONE', ( #4272, #4243 ) ) ;
#2072 = CARTESIAN_POINT ( 'NONE',  ( 24.30000000000000071, 32.79999999999999005, 0.000000000000000000 ) ) ;
#2073 = EDGE_CURVE ( 'NONE', #2413, #1850, #4064, .T. ) ;
#2074 = DIRECTION ( 'NONE',  ( 0.000000000000000000, 1.000000000000000000, 0.000000000000000000 ) ) ;
#2075 = DIRECTION ( 'NONE',  ( 0.000000000000000000, 0.000000000000000000, -1.000000000000000000 ) ) ;
#2076 = CARTESIAN_POINT ( 'NONE',  ( 7.099466598943449114, 26.74086868171549369, -0.0009999999999999158867 ) ) ;
#2077 = DIRECTION ( 'NONE',  ( -1.445602896647339656E-16, 2.683484580108160578E-32, 1.000000000000000000 ) ) ;
#2078 = DIRECTION ( 'NONE',  ( 0.000000000000000000, 0.000000000000000000, 1.000000000000000000 ) ) ;
#2079 = CARTESIAN_POINT ( 'NONE',  ( 6.425958851927499715, 31.74086868171549369, 1.499999999999999556 ) ) ;
#2080 = ORIENTED_EDGE ( 'NONE', *, *, #1720, .T. ) ;
#2081 = VERTEX_POINT ( 'NONE', #912 ) ;
#2082 = DIRECTION ( 'NONE',  ( -0.000000000000000000, -0.000000000000000000, 1.000000000000000000 ) ) ;
#2083 = FACE_OUTER_BOUND ( 'NONE', #2435, .T. ) ;
#2084 = DIRECTION ( 'NONE',  ( -0.000000000000000000, -0.000000000000000000, 1.000000000000000000 ) ) ;
#2085 = ORIENTED_EDGE ( 'NONE', *, *, #1296, .F. ) ;
#2086 = ORIENTED_EDGE ( 'NONE', *, *, #4134, .T. ) ;
#2087 = VECTOR ( 'NONE', #3183, 1000.000000000000000 ) ;
#2088 = CARTESIAN_POINT ( 'NONE',  ( -20.14749555500000255, 30.40006096009999936, 11.22253967444162015 ) ) ;
#2089 = VERTEX_POINT ( 'NONE', #3517 ) ;
#2090 = EDGE_CURVE ( 'NONE', #165, #2900, #4653, .T. ) ;
#2091 = AXIS2_PLACEMENT_3D ( 'NONE', #1448, #2505, #3942 ) ;
#2092 = DIRECTION ( 'NONE',  ( 0.000000000000000000, 0.000000000000000000, -1.000000000000000000 ) ) ;
#2093 = DIRECTION ( 'NONE',  ( -1.000000000000000000, 0.000000000000000000, -0.000000000000000000 ) ) ;
#2094 = PLANE ( 'NONE',  #464 ) ;
#2095 = DIRECTION ( 'NONE',  ( 1.000000000000000000, 0.000000000000000000, 0.000000000000000000 ) ) ;
#2096 = EDGE_CURVE ( 'NONE', #1694, #3561, #921, .T. ) ;
#2097 = EDGE_LOOP ( 'NONE', ( #541, #4630, #550, #3834 ) ) ;
#2098 = EDGE_CURVE ( 'NONE', #3004, #28, #1709, .T. ) ;
#2099 = CARTESIAN_POINT ( 'NONE',  ( -22.77465836929999909, -26.90006096009999936, 1.500000000000000000 ) ) ;
#2100 = DIRECTION ( 'NONE',  ( 0.000000000000000000, 0.000000000000000000, -1.000000000000000000 ) ) ;
#2101 = VERTEX_POINT ( 'NONE', #1012 ) ;
#2102 = ORIENTED_EDGE ( 'NONE', *, *, #2180, .F. ) ;
#2103 = LINE ( 'NONE', #290, #4118 ) ;
#2104 = DIRECTION ( 'NONE',  ( -0.000000000000000000, -0.000000000000000000, -1.000000000000000000 ) ) ;
#2105 = DIRECTION ( 'NONE',  ( 1.000000000000000000, 0.000000000000000000, 0.000000000000000000 ) ) ;
#2106 = EDGE_LOOP ( 'NONE', ( #1323, #1431, #1562, #2032 ) ) ;
#2107 = VERTEX_POINT ( 'NONE', #2340 ) ;
#2108 = AXIS2_PLACEMENT_3D ( 'NONE', #3034, #4467, #1279 ) ;
#2109 = CARTESIAN_POINT ( 'NONE',  ( -14.94749555500001215, 5.323477688200406227E-15, 1.500000000000000000 ) ) ;
#2110 = ORIENTED_EDGE ( 'NONE', *, *, #4455, .T. ) ;
#2111 = FACE_OUTER_BOUND ( 'NONE', #688, .T. ) ;
#2112 = AXIS2_PLACEMENT_3D ( 'NONE', #2832, #54, #718 ) ;
#2113 = FACE_OUTER_BOUND ( 'NONE', #963, .T. ) ;
#2114 = EDGE_CURVE ( 'NONE', #276, #377, #1965, .T. ) ;
#2115 = DIRECTION ( 'NONE',  ( 0.000000000000000000, 0.000000000000000000, -1.000000000000000000 ) ) ;
#2116 = DIRECTION ( 'NONE',  ( 1.000000000000000000, 0.000000000000000000, 0.000000000000000000 ) ) ;
#2117 = VECTOR ( 'NONE', #1168, 1000.000000000000000 ) ;
#2118 = AXIS2_PLACEMENT_3D ( 'NONE', #799, #2231, #2888 ) ;
#2119 = LINE ( 'NONE', #20, #2156 ) ;
#2120 = AXIS2_PLACEMENT_3D ( 'NONE', #3822, #3776, #1989 ) ;
#2121 = AXIS2_PLACEMENT_3D ( 'NONE', #3165, #3900, #3946 ) ;
#2122 = DIRECTION ( 'NONE',  ( 1.000000000000000000, -2.168404344971009115E-16, 0.000000000000000000 ) ) ;
#2123 = EDGE_CURVE ( 'NONE', #3846, #3232, #4129, .T. ) ;
#2124 = EDGE_CURVE ( 'NONE', #4034, #875, #3803, .T. ) ;
#2125 = CYLINDRICAL_SURFACE ( 'NONE', #3921, 2.214995873498697865 ) ;
#2126 = ORIENTED_EDGE ( 'NONE', *, *, #2748, .F. ) ;
#2127 = CIRCLE ( 'NONE', #3400, 4.084607569210001010 ) ;
#2128 = ORIENTED_EDGE ( 'NONE', *, *, #1128, .T. ) ;
#2129 = CARTESIAN_POINT ( 'NONE',  ( 14.94749555500000149, -34.77084328169999594, 5.000000000000000000 ) ) ;
#2130 = EDGE_CURVE ( 'NONE', #4265, #27, #622, .T. ) ;
#2131 = FACE_OUTER_BOUND ( 'NONE', #4174, .T. ) ;
#2132 = AXIS2_PLACEMENT_3D ( 'NONE', #3339, #3723, #1575 ) ;
#2133 = VECTOR ( 'NONE', #3461, 1000.000000000000000 ) ;
#2134 = ORIENTED_EDGE ( 'NONE', *, *, #2781, .F. ) ;
#2135 = ORIENTED_EDGE ( 'NONE', *, *, #3682, .F. ) ;
#2136 = AXIS2_PLACEMENT_3D ( 'NONE', #1379, #2806, #1814 ) ;
#2137 = DIRECTION ( 'NONE',  ( 0.000000000000000000, -1.000000000000000000, 0.000000000000000000 ) ) ;
#2138 = ORIENTED_EDGE ( 'NONE', *, *, #2526, .F. ) ;
#2139 = ORIENTED_EDGE ( 'NONE', *, *, #4163, .F. ) ;
#2140 = CARTESIAN_POINT ( 'NONE',  ( 8.699466598943450535, 31.74086868171549369, 13.14817582284883635 ) ) ;
#2141 = LINE ( 'NONE', #2843, #230 ) ;
#2142 = CARTESIAN_POINT ( 'NONE',  ( -17.94749555500000326, 30.40006096009999936, 5.000000000000000000 ) ) ;
#2143 = CARTESIAN_POINT ( 'NONE',  ( 10.97297434595849630, 31.74086868171549369, 2.100000000000000089 ) ) ;
#2144 = DIRECTION ( 'NONE',  ( 0.000000000000000000, 0.000000000000000000, -1.000000000000000000 ) ) ;
#2145 = DIRECTION ( 'NONE',  ( -1.000000000000000000, -3.561451260254549034E-16, 0.000000000000000000 ) ) ;
#2146 = DIRECTION ( 'NONE',  ( 0.000000000000000000, 0.000000000000000000, -1.000000000000000000 ) ) ;
#2147 = ORIENTED_EDGE ( 'NONE', *, *, #2176, .T. ) ;
#2148 = EDGE_CURVE ( 'NONE', #33, #4450, #1290, .T. ) ;
#2149 = VERTEX_POINT ( 'NONE', #4223 ) ;
#2150 = ADVANCED_FACE ( 'NONE', ( #598 ), #2437, .T. ) ;
#2151 = CARTESIAN_POINT ( 'NONE',  ( -20.30000000000000071, -36.30000000000000426, 10.89000000000000057 ) ) ;
#2152 = CARTESIAN_POINT ( 'NONE',  ( 10.97297434595849630, 31.74086868171549369, 1.499999999999999556 ) ) ;
#2153 = VERTEX_POINT ( 'NONE', #1994 ) ;
#2154 = EDGE_CURVE ( 'NONE', #3940, #3450, #3874, .T. ) ;
#2155 = VERTEX_POINT ( 'NONE', #573 ) ;
#2156 = VECTOR ( 'NONE', #2473, 1000.000000000000000 ) ;
#2157 = FACE_OUTER_BOUND ( 'NONE', #2265, .T. ) ;
#2158 = APPROVAL_ROLE ( '' ) ;
#2159 = VERTEX_POINT ( 'NONE', #2034 ) ;
#2160 = VERTEX_POINT ( 'NONE', #643 ) ;
#2161 = DIRECTION ( 'NONE',  ( -0.000000000000000000, -0.000000000000000000, -1.000000000000000000 ) ) ;
#2162 = AXIS2_PLACEMENT_3D ( 'NONE', #4277, #346, #1090 ) ;
#2163 = DIRECTION ( 'NONE',  ( -0.000000000000000000, -0.000000000000000000, -1.000000000000000000 ) ) ;
#2164 = CARTESIAN_POINT ( 'NONE',  ( 0.01264160530000009441, -35.27084328170000305, 1.500000000000000000 ) ) ;
#2165 = CARTESIAN_POINT ( 'NONE',  ( 10.28735839471999824, -36.80000000000000426, 7.890000000000001457 ) ) ;
#2166 = LINE ( 'NONE', #2846, #3582 ) ;
#2167 = LINE ( 'NONE', #3177, #2652 ) ;
#2168 = PLANE ( 'NONE',  #1003 ) ;
#2169 = VERTEX_POINT ( 'NONE', #3467 ) ;
#2170 = ORIENTED_EDGE ( 'NONE', *, *, #1326, .T. ) ;
#2171 = CARTESIAN_POINT ( 'NONE',  ( 6.425958851927499715, 31.74086868171549369, 0.000000000000000000 ) ) ;
#2172 = CARTESIAN_POINT ( 'NONE',  ( -20.00000000000000000, -36.80000000000000426, 10.89000000000000057 ) ) ;
#2173 = ADVANCED_FACE ( 'NONE', ( #2083 ), #2878, .F. ) ;
#2174 = VERTEX_POINT ( 'NONE', #4615 ) ;
#2175 = VERTEX_POINT ( 'NONE', #3983 ) ;
#2176 = EDGE_CURVE ( 'NONE', #3059, #757, #1520, .T. ) ;
#2177 = EDGE_CURVE ( 'NONE', #75, #890, #4654, .T. ) ;
#2178 = DIRECTION ( 'NONE',  ( -1.000000000000000000, 0.000000000000000000, -0.000000000000000000 ) ) ;
#2179 = ORIENTED_EDGE ( 'NONE', *, *, #1756, .T. ) ;
#2180 = EDGE_CURVE ( 'NONE', #2986, #3259, #1033, .T. ) ;
#2181 = ORIENTED_EDGE ( 'NONE', *, *, #2951, .F. ) ;
#2182 = DIRECTION ( 'NONE',  ( -0.000000000000000000, -0.000000000000000000, -1.000000000000000000 ) ) ;
#2183 = CARTESIAN_POINT ( 'NONE',  ( -5.226019910154001025, -36.80000000000000426, 2.790000135221999855 ) ) ;
#2184 = LINE ( 'NONE', #2587, #2567 ) ;
#2185 = DIRECTION ( 'NONE',  ( 0.000000000000000000, 0.000000000000000000, -1.000000000000000000 ) ) ;
#2186 = VECTOR ( 'NONE', #4096, 1000.000000000000000 ) ;
#2187 = LINE ( 'NONE', #3954, #2983 ) ;
#2188 = FACE_OUTER_BOUND ( 'NONE', #958, .T. ) ;
#2189 = CIRCLE ( 'NONE', #155, 2.200000000000000622 ) ;
#2190 = DIRECTION ( 'NONE',  ( 1.000000000000000000, 0.000000000000000000, 0.000000000000000000 ) ) ;
#2191 = CIRCLE ( 'NONE', #2118, 1.600000000000004086 ) ;
#2192 = CARTESIAN_POINT ( 'NONE',  ( -14.84749555500000717, -30.40006096009998515, 0.5999999999999999778 ) ) ;
#2193 = VERTEX_POINT ( 'NONE', #3275 ) ;
#2194 = VERTEX_POINT ( 'NONE', #2527 ) ;
#2195 = DIRECTION ( 'NONE',  ( 0.000000000000000000, 0.000000000000000000, -1.000000000000000000 ) ) ;
#2196 = CIRCLE ( 'NONE', #4598, 1.600000000000000755 ) ;
#2197 = FACE_OUTER_BOUND ( 'NONE', #1022, .T. ) ;
#2198 = DIRECTION ( 'NONE',  ( 0.000000000000000000, 0.000000000000000000, -1.000000000000000000 ) ) ;
#2199 = AXIS2_PLACEMENT_3D ( 'NONE', #68, #2217, #1190 ) ;
#2200 = ORIENTED_EDGE ( 'NONE', *, *, #2551, .F. ) ;
#2201 = ORIENTED_EDGE ( 'NONE', *, *, #3063, .F. ) ;
#2202 = AXIS2_PLACEMENT_3D ( 'NONE', #1464, #3574, #4327 ) ;
#2203 = DIRECTION ( 'NONE',  ( -0.000000000000000000, -1.000000000000000000, -0.000000000000000000 ) ) ;
#2204 = ORIENTED_EDGE ( 'NONE', *, *, #873, .T. ) ;
#2205 = AXIS2_PLACEMENT_3D ( 'NONE', #3743, #2370, #3453 ) ;
#2206 = VERTEX_POINT ( 'NONE', #3943 ) ;
#2207 = PLANE ( 'NONE',  #4115 ) ;
#2208 = EDGE_CURVE ( 'NONE', #2377, #1796, #3614, .T. ) ;
#2209 = ADVANCED_FACE ( 'NONE', ( #3634 ), #407, .T. ) ;
#2210 = DIRECTION ( 'NONE',  ( 0.000000000000000000, 0.000000000000000000, -1.000000000000000000 ) ) ;
#2211 = CARTESIAN_POINT ( 'NONE',  ( 0.000000000000000000, -27.40006096009999936, 5.000000000000000000 ) ) ;
#2212 = DIRECTION ( 'NONE',  ( -3.561451260254549034E-16, -1.000000000000000000, 0.000000000000000000 ) ) ;
#2213 = DIRECTION ( 'NONE',  ( -1.000000000000000000, 0.000000000000000000, 0.000000000000000000 ) ) ;
#2214 = EDGE_CURVE ( 'NONE', #3321, #342, #4317, .T. ) ;
#2215 = DIRECTION ( 'NONE',  ( 0.000000000000000000, 0.000000000000000000, -1.000000000000000000 ) ) ;
#2216 = DIRECTION ( 'NONE',  ( -1.000000000000000000, -0.000000000000000000, -0.000000000000000000 ) ) ;
#2217 = DIRECTION ( 'NONE',  ( -0.000000000000000000, -0.000000000000000000, -1.000000000000000000 ) ) ;
#2218 = ORIENTED_EDGE ( 'NONE', *, *, #2114, .F. ) ;
#2219 = ORIENTED_EDGE ( 'NONE', *, *, #1754, .T. ) ;
#2220 = LINE ( 'NONE', #1493, #582 ) ;
#2221 = CARTESIAN_POINT ( 'NONE',  ( 0.000000000000000000, 36.79999999999999005, 0.000000000000000000 ) ) ;
#2222 = LINE ( 'NONE', #498, #4590 ) ;
#2223 = ORIENTED_EDGE ( 'NONE', *, *, #2468, .T. ) ;
#2224 = ORIENTED_EDGE ( 'NONE', *, *, #4219, .F. ) ;
#2225 = DIRECTION ( 'NONE',  ( 0.000000000000000000, 0.000000000000000000, -1.000000000000000000 ) ) ;
#2226 = VERTEX_POINT ( 'NONE', #2549 ) ;
#2227 = ORIENTED_EDGE ( 'NONE', *, *, #2817, .T. ) ;
#2228 = CARTESIAN_POINT ( 'NONE',  ( -24.30000000000000071, 32.79999999999999005, 0.000000000000000000 ) ) ;
#2229 = AXIS2_PLACEMENT_3D ( 'NONE', #2022, #534, #3835 ) ;
#2230 = CARTESIAN_POINT ( 'NONE',  ( 15.74749555500000042, -30.40006096009999936, 0.5999999999999998668 ) ) ;
#2231 = DIRECTION ( 'NONE',  ( 0.000000000000000000, 0.000000000000000000, -1.000000000000000000 ) ) ;
#2232 = EDGE_CURVE ( 'NONE', #342, #1477, #1742, .T. ) ;
#2233 = CARTESIAN_POINT ( 'NONE',  ( 20.29999999999999716, -36.80000000000000426, 1.500000000000000000 ) ) ;
#2234 = VECTOR ( 'NONE', #2352, 1000.000000000000000 ) ;
#2235 = CARTESIAN_POINT ( 'NONE',  ( 10.29946659894345018, 31.74086868171549369, 2.100000000000000089 ) ) ;
#2236 = DIRECTION ( 'NONE',  ( -1.000000000000000000, 0.000000000000000000, -0.000000000000000000 ) ) ;
#2237 = AXIS2_PLACEMENT_3D ( 'NONE', #787, #4652, #1172 ) ;
#2238 = DIRECTION ( 'NONE',  ( 0.000000000000000000, 0.000000000000000000, -1.000000000000000000 ) ) ;
#2239 = ADVANCED_FACE ( 'NONE', ( #2131 ), #339, .F. ) ;
#2240 = DIRECTION ( 'NONE',  ( -0.000000000000000000, -0.000000000000000000, -1.000000000000000000 ) ) ;
#2241 = ORIENTED_EDGE ( 'NONE', *, *, #686, .F. ) ;
#2242 = EDGE_CURVE ( 'NONE', #205, #2770, #1776, .T. ) ;
#2243 = ORIENTED_EDGE ( 'NONE', *, *, #2528, .T. ) ;
#2244 = AXIS2_PLACEMENT_3D ( 'NONE', #2270, #3982, #814 ) ;
#2245 = FACE_OUTER_BOUND ( 'NONE', #390, .T. ) ;
#2246 = CARTESIAN_POINT ( 'NONE',  ( 20.29999999999999716, 32.79999999999999716, 10.89000000000000057 ) ) ;
#2247 = DIRECTION ( 'NONE',  ( -0.000000000000000000, -0.000000000000000000, 1.000000000000000000 ) ) ;
#2248 = VERTEX_POINT ( 'NONE', #4291 ) ;
#2249 = ORIENTED_EDGE ( 'NONE', *, *, #70, .T. ) ;
#2250 = DIRECTION ( 'NONE',  ( -0.000000000000000000, -0.000000000000000000, 1.000000000000000000 ) ) ;
#2251 = ORIENTED_EDGE ( 'NONE', *, *, #2500, .F. ) ;
#2252 = ORIENTED_EDGE ( 'NONE', *, *, #2381, .T. ) ;
#2253 = DIRECTION ( 'NONE',  ( -1.000000000000000000, 0.000000000000000000, 0.000000000000000000 ) ) ;
#2254 = DIRECTION ( 'NONE',  ( 0.000000000000000000, -0.000000000000000000, -1.000000000000000000 ) ) ;
#2255 = CARTESIAN_POINT ( 'NONE',  ( 24.30000000000000071, -32.80000000000001137, 0.000000000000000000 ) ) ;
#2256 = CARTESIAN_POINT ( 'NONE',  ( 14.94749555500001215, -5.323477688200406227E-15, 5.000000000000000000 ) ) ;
#2257 = CARTESIAN_POINT ( 'NONE',  ( 8.699466598943450535, 31.74086868171549369, 2.100000000000000089 ) ) ;
#2258 = EDGE_CURVE ( 'NONE', #385, #33, #4247, .T. ) ;
#2259 = DIRECTION ( 'NONE',  ( -0.000000000000000000, 0.000000000000000000, -1.000000000000000000 ) ) ;
#2260 = AXIS2_PLACEMENT_3D ( 'NONE', #827, #2259, #3292 ) ;
#2261 = CARTESIAN_POINT ( 'NONE',  ( 0.000000000000000000, 27.24086868171549369, 0.5000000000000000000 ) ) ;
#2262 = CYLINDRICAL_SURFACE ( 'NONE', #169, 4.000000000000000000 ) ;
#2263 = AXIS2_PLACEMENT_3D ( 'NONE', #4280, #3864, #1699 ) ;
#2264 = VERTEX_POINT ( 'NONE', #2172 ) ;
#2265 = EDGE_LOOP ( 'NONE', ( #4254, #4635, #3420, #2406 ) ) ;
#2266 = DIRECTION ( 'NONE',  ( -1.000000000000000000, 0.000000000000000000, 0.000000000000000000 ) ) ;
#2267 = ADVANCED_FACE ( 'NONE', ( #692 ), #2812, .F. ) ;
#2268 = ADVANCED_FACE ( 'NONE', ( #2456 ), #1755, .F. ) ;
#2269 = VECTOR ( 'NONE', #2743, 1000.000000000000000 ) ;
#2270 = CARTESIAN_POINT ( 'NONE',  ( 17.94749555500000326, 30.40006096009999936, 5.000000000000000000 ) ) ;
#2271 = PLANE ( 'NONE',  #763 ) ;
#2272 = ORIENTED_EDGE ( 'NONE', *, *, #4273, .F. ) ;
#2273 = VECTOR ( 'NONE', #3077, 1000.000000000000000 ) ;
#2274 = VECTOR ( 'NONE', #4021, 1000.000000000000000 ) ;
#2275 = ORIENTED_EDGE ( 'NONE', *, *, #1974, .T. ) ;
#2276 = EDGE_CURVE ( 'NONE', #953, #3205, #1224, .T. ) ;
#2277 = VECTOR ( 'NONE', #2697, 1000.000000000000000 ) ;
#2278 = DIRECTION ( 'NONE',  ( 0.000000000000000000, 0.000000000000000000, -1.000000000000000000 ) ) ;
#2279 = ORIENTED_EDGE ( 'NONE', *, *, #4278, .F. ) ;
#2280 = ORIENTED_EDGE ( 'NONE', *, *, #70, .F. ) ;
#2281 = AXIS2_PLACEMENT_3D ( 'NONE', #210, #2735, #4189 ) ;
#2282 = CARTESIAN_POINT ( 'NONE',  ( 17.94749555500000326, 30.40006096009999936, 5.000000000000000000 ) ) ;
#2283 = LINE ( 'NONE', #3338, #3615 ) ;
#2284 = VECTOR ( 'NONE', #2472, 1000.000000000000000 ) ;
#2285 = DIRECTION ( 'NONE',  ( -0.000000000000000000, -0.000000000000000000, 1.000000000000000000 ) ) ;
#2286 = DIRECTION ( 'NONE',  ( 0.000000000000000000, 0.000000000000000000, -1.000000000000000000 ) ) ;
#2287 = FACE_OUTER_BOUND ( 'NONE', #274, .T. ) ;
#2288 = CARTESIAN_POINT ( 'NONE',  ( 9.787358394719998245, 36.80100000000000904, 5.290000000000000924 ) ) ;
#2289 = CARTESIAN_POINT ( 'NONE',  ( -14.16601971390600312, -36.30000000000000426, 4.049999999999999822 ) ) ;
#2290 = EDGE_LOOP ( 'NONE', ( #2181, #3223, #3533, #334 ) ) ;
#2291 = VERTEX_POINT ( 'NONE', #1406 ) ;
#2292 = LINE ( 'NONE', #3772, #3748 ) ;
#2293 = DIRECTION ( 'NONE',  ( -0.000000000000000000, -0.000000000000000000, -1.000000000000000000 ) ) ;
#2294 = FACE_OUTER_BOUND ( 'NONE', #369, .T. ) ;
#2295 = EDGE_CURVE ( 'NONE', #1656, #2155, #2506, .T. ) ;
#2296 = ORIENTED_EDGE ( 'NONE', *, *, #2177, .T. ) ;
#2297 = ORIENTED_EDGE ( 'NONE', *, *, #2323, .T. ) ;
#2298 = DIRECTION ( 'NONE',  ( -1.000000000000000000, 0.000000000000000000, 0.000000000000000000 ) ) ;
#2299 = EDGE_CURVE ( 'NONE', #4470, #1727, #3564, .T. ) ;
#2300 = ORIENTED_EDGE ( 'NONE', *, *, #1066, .T. ) ;
#2301 = ORIENTED_EDGE ( 'NONE', *, *, #2130, .F. ) ;
#2302 = CARTESIAN_POINT ( 'NONE',  ( -17.94749555500000326, -30.40006096009998515, 0.5999999999999999778 ) ) ;
#2303 = DIRECTION ( 'NONE',  ( -1.000000000000000000, 0.000000000000000000, 0.000000000000000000 ) ) ;
#2304 = VERTEX_POINT ( 'NONE', #2598 ) ;
#2305 = CARTESIAN_POINT ( 'NONE',  ( 0.000000000000000000, -27.40006096009999936, 5.000000000000000000 ) ) ;
#2306 = FACE_OUTER_BOUND ( 'NONE', #930, .T. ) ;
#2307 = LINE ( 'NONE', #3433, #1079 ) ;
#2308 = LINE ( 'NONE', #3366, #2727 ) ;
#2309 = AXIS2_PLACEMENT_3D ( 'NONE', #1136, #781, #1465 ) ;
#2310 = ORIENTED_EDGE ( 'NONE', *, *, #3468, .F. ) ;
#2311 = ORIENTED_EDGE ( 'NONE', *, *, #4359, .T. ) ;
#2312 = DIRECTION ( 'NONE',  ( -0.000000000000000000, -0.000000000000000000, -1.000000000000000000 ) ) ;
#2313 = AXIS2_PLACEMENT_3D ( 'NONE', #748, #2182, #704 ) ;
#2314 = CARTESIAN_POINT ( 'NONE',  ( -5.226019910154001025, -36.80100000000001614, 1.840000135221999900 ) ) ;
#2315 = DIRECTION ( 'NONE',  ( 0.000000000000000000, 0.000000000000000000, -1.000000000000000000 ) ) ;
#2316 = VERTEX_POINT ( 'NONE', #1174 ) ;
#2317 = AXIS2_PLACEMENT_3D ( 'NONE', #2811, #1318, #2786 ) ;
#2318 = ORIENTED_EDGE ( 'NONE', *, *, #2409, .F. ) ;
#2319 = EDGE_CURVE ( 'NONE', #1707, #1427, #1587, .T. ) ;
#2320 = DIRECTION ( 'NONE',  ( 0.000000000000000000, 0.000000000000000000, -1.000000000000000000 ) ) ;
#2321 = VERTEX_POINT ( 'NONE', #4032 ) ;
#2322 = ORIENTED_EDGE ( 'NONE', *, *, #189, .T. ) ;
#2323 = EDGE_CURVE ( 'NONE', #790, #3728, #2575, .T. ) ;
#2324 = EDGE_CURVE ( 'NONE', #2954, #4265, #683, .T. ) ;
#2325 = DIRECTION ( 'NONE',  ( -0.000000000000000000, -0.000000000000000000, 1.000000000000000000 ) ) ;
#2326 = ADVANCED_FACE ( 'NONE', ( #3371, #453 ), #1894, .T. ) ;
#2327 = DIRECTION ( 'NONE',  ( 1.000000000000000000, 0.000000000000000000, 0.000000000000000000 ) ) ;
#2328 = DIRECTION ( 'NONE',  ( -1.000000000000000000, 0.000000000000000000, -0.000000000000000000 ) ) ;
#2329 = FACE_OUTER_BOUND ( 'NONE', #3611, .T. ) ;
#2330 = LINE ( 'NONE', #2355, #159 ) ;
#2331 = LINE ( 'NONE', #2053, #4235 ) ;
#2332 = ORIENTED_EDGE ( 'NONE', *, *, #3128, .F. ) ;
#2333 = ORIENTED_EDGE ( 'NONE', *, *, #508, .F. ) ;
#2334 = DIRECTION ( 'NONE',  ( 0.000000000000000000, 0.000000000000000000, 1.000000000000000000 ) ) ;
#2335 = DIRECTION ( 'NONE',  ( 0.000000000000000000, 1.000000000000000000, 0.000000000000000000 ) ) ;
#2336 = CARTESIAN_POINT ( 'NONE',  ( 20.00000000000000000, 36.79999999999999005, 0.000000000000000000 ) ) ;
#2337 = EDGE_LOOP ( 'NONE', ( #3277, #4362, #77, #1512 ) ) ;
#2338 = ORIENTED_EDGE ( 'NONE', *, *, #3152, .T. ) ;
#2339 = AXIS2_PLACEMENT_3D ( 'NONE', #2933, #1111, #1856 ) ;
#2340 = CARTESIAN_POINT ( 'NONE',  ( -22.77465836929999554, -31.18623571250000026, 10.89000000000000057 ) ) ;
#2341 = VECTOR ( 'NONE', #2411, 1000.000000000000000 ) ;
#2342 = CARTESIAN_POINT ( 'NONE',  ( -22.77465836929999909, -26.90006096009999936, 10.89000000000000057 ) ) ;
#2343 = VECTOR ( 'NONE', #3526, 1000.000000000000000 ) ;
#2344 = ORIENTED_EDGE ( 'NONE', *, *, #4194, .F. ) ;
#2345 = ORIENTED_EDGE ( 'NONE', *, *, #341, .F. ) ;
#2346 = AXIS2_PLACEMENT_3D ( 'NONE', #1510, #3268, #4379 ) ;
#2347 = CARTESIAN_POINT ( 'NONE',  ( 12.57297434595849950, 31.74086868171549369, 0.000000000000000000 ) ) ;
#2348 = CIRCLE ( 'NONE', #2952, 1.600000000000000755 ) ;
#2349 = ADVANCED_FACE ( 'NONE', ( #4456, #3348 ), #2271, .T. ) ;
#2350 = AXIS2_PLACEMENT_3D ( 'NONE', #3935, #3955, #3911 ) ;
#2351 = EDGE_CURVE ( 'NONE', #1251, #2316, #2189, .T. ) ;
#2352 = DIRECTION ( 'NONE',  ( -0.000000000000000000, -0.000000000000000000, -1.000000000000000000 ) ) ;
#2353 = CIRCLE ( 'NONE', #623, 2.999999999999999112 ) ;
#2354 = DIRECTION ( 'NONE',  ( -1.000000000000000000, 0.000000000000000000, 0.000000000000000000 ) ) ;
#2355 = CARTESIAN_POINT ( 'NONE',  ( -17.94749555500000326, 27.40006096009999936, 5.000000000000000000 ) ) ;
#2356 = DIRECTION ( 'NONE',  ( 0.000000000000000000, 0.000000000000000000, -1.000000000000000000 ) ) ;
#2357 = EDGE_CURVE ( 'NONE', #2316, #1251, #458, .T. ) ;
#2358 = ORIENTED_EDGE ( 'NONE', *, *, #18, .T. ) ;
#2359 = ORIENTED_EDGE ( 'NONE', *, *, #3151, .T. ) ;
#2360 = DIRECTION ( 'NONE',  ( -0.000000000000000000, -1.000000000000000000, -0.000000000000000000 ) ) ;
#2361 = CYLINDRICAL_SURFACE ( 'NONE', #3167, 0.9499999999999998446 ) ;
#2362 = ORIENTED_EDGE ( 'NONE', *, *, #1927, .T. ) ;
#2363 = ORIENTED_EDGE ( 'NONE', *, *, #255, .F. ) ;
#2364 = LINE ( 'NONE', #4525, #813 ) ;
#2365 = CARTESIAN_POINT ( 'NONE',  ( 20.00000000000000000, -36.80000000000000426, 0.000000000000000000 ) ) ;
#2366 = LINE ( 'NONE', #2718, #3779 ) ;
#2367 = ORIENTED_EDGE ( 'NONE', *, *, #2665, .T. ) ;
#2368 = ORIENTED_EDGE ( 'NONE', *, *, #4194, .T. ) ;
#2369 = DIRECTION ( 'NONE',  ( 0.000000000000000000, 0.000000000000000000, -1.000000000000000000 ) ) ;
#2370 = DIRECTION ( 'NONE',  ( -0.000000000000000000, -0.000000000000000000, 1.000000000000000000 ) ) ;
#2371 = ORIENTED_EDGE ( 'NONE', *, *, #2836, .T. ) ;
#2372 = CYLINDRICAL_SURFACE ( 'NONE', #51, 1.600000000000000755 ) ;
#2373 = CARTESIAN_POINT ( 'NONE',  ( 22.77463296930000070, 31.18628397259999829, 5.000000000000000000 ) ) ;
#2374 = EDGE_CURVE ( 'NONE', #2929, #742, #3021, .T. ) ;
#2375 = CARTESIAN_POINT ( 'NONE',  ( -22.27465836929999909, 26.90006096009999936, 1.500000000000000000 ) ) ;
#2376 = DIRECTION ( 'NONE',  ( 1.000000000000000000, 0.000000000000000000, 0.000000000000000000 ) ) ;
#2377 = VERTEX_POINT ( 'NONE', #4358 ) ;
#2378 = CARTESIAN_POINT ( 'NONE',  ( 2.625958851927499893, 31.74086868171549369, 1.500000000000000000 ) ) ;
#2379 = PRODUCT ( '下壳20240522', '下壳20240522', '', ( #2020 ) ) ;
#2380 = DIRECTION ( 'NONE',  ( -1.084202172485504927E-16, 0.000000000000000000, 1.000000000000000000 ) ) ;
#2381 = EDGE_CURVE ( 'NONE', #2770, #2917, #4408, .T. ) ;
#2382 = EDGE_CURVE ( 'NONE', #2089, #1446, #3313, .T. ) ;
#2383 = VECTOR ( 'NONE', #1679, 1000.000000000000000 ) ;
#2384 = CARTESIAN_POINT ( 'NONE',  ( 17.94749555500000326, -30.40006096009999936, 0.000000000000000000 ) ) ;
#2385 = ADVANCED_FACE ( 'NONE', ( #2294 ), #3301, .F. ) ;
#2386 = EDGE_LOOP ( 'NONE', ( #3143, #2332, #1503, #4216 ) ) ;
#2387 = ORIENTED_EDGE ( 'NONE', *, *, #2951, .T. ) ;
#2388 = CIRCLE ( 'NONE', #3435, 3.099999999999995204 ) ;
#2389 = DIRECTION ( 'NONE',  ( -0.000000000000000000, -0.000000000000000000, -1.000000000000000000 ) ) ;
#2390 = CARTESIAN_POINT ( 'NONE',  ( 14.38735839471999789, -36.30000000000000426, 7.890000000000001457 ) ) ;
#2391 = VECTOR ( 'NONE', #2389, 1000.000000000000000 ) ;
#2392 = LINE ( 'NONE', #2064, #3102 ) ;
#2393 = ORIENTED_EDGE ( 'NONE', *, *, #2918, .T. ) ;
#2394 = ORIENTED_EDGE ( 'NONE', *, *, #1659, .F. ) ;
#2395 = FACE_OUTER_BOUND ( 'NONE', #1203, .T. ) ;
#2396 =( LENGTH_UNIT ( ) NAMED_UNIT ( * ) SI_UNIT ( .MILLI., .METRE. ) );
#2397 = VERTEX_POINT ( 'NONE', #888 ) ;
#2398 = PLANE ( 'NONE',  #1267 ) ;
#2399 = FACE_OUTER_BOUND ( 'NONE', #2691, .T. ) ;
#2400 = DIRECTION ( 'NONE',  ( 1.000000000000000000, 0.000000000000000000, 0.000000000000000000 ) ) ;
#2401 = LINE ( 'NONE', #951, #4305 ) ;
#2402 = ORIENTED_EDGE ( 'NONE', *, *, #2926, .F. ) ;
#2403 = CARTESIAN_POINT ( 'NONE',  ( -17.94749555500000326, -30.40006096009999936, 5.000000000000000000 ) ) ;
#2404 = DIRECTION ( 'NONE',  ( 1.000000000000000000, -1.856308247812544131E-16, 1.084202172485504804E-16 ) ) ;
#2405 = CARTESIAN_POINT ( 'NONE',  ( 12.31566768141935952, 33.94086868171549298, 5.542456227884499320 ) ) ;
#2406 = ORIENTED_EDGE ( 'NONE', *, *, #4313, .T. ) ;
#2407 = EDGE_CURVE ( 'NONE', #2569, #2101, #610, .T. ) ;
#2408 = EDGE_LOOP ( 'NONE', ( #3580, #3, #344, #1100 ) ) ;
#2409 = EDGE_CURVE ( 'NONE', #631, #2552, #4387, .T. ) ;
#2410 = CARTESIAN_POINT ( 'NONE',  ( 8.699466598943450535, 31.74086868171549369, 1.499999999999999556 ) ) ;
#2411 = DIRECTION ( 'NONE',  ( -0.000000000000000000, 1.000000000000000000, -0.000000000000000000 ) ) ;
#2412 = CARTESIAN_POINT ( 'NONE',  ( 2.625958851927501225, 26.74086868171549369, -0.0009999999999999158867 ) ) ;
#2413 = VERTEX_POINT ( 'NONE', #1197 ) ;
#2414 = AXIS2_PLACEMENT_3D ( 'NONE', #3572, #347, #1789 ) ;
#2415 = ORIENTED_EDGE ( 'NONE', *, *, #3649, .T. ) ;
#2416 = APPROVAL ( #1975, '未指定' ) ;
#2417 = AXIS2_PLACEMENT_3D ( 'NONE', #3254, #314, #2480 ) ;
#2418 = CIRCLE ( 'NONE', #1077, 3.100000000000001865 ) ;
#2419 = DIRECTION ( 'NONE',  ( 3.561451260254549034E-16, 1.000000000000000000, 0.000000000000000000 ) ) ;
#2420 = VERTEX_POINT ( 'NONE', #3709 ) ;
#2421 = CIRCLE ( 'NONE', #2717, 1.600000000000000755 ) ;
#2422 = AXIS2_PLACEMENT_3D ( 'NONE', #3804, #3002, #4178 ) ;
#2423 = DIRECTION ( 'NONE',  ( 0.000000000000000000, 0.000000000000000000, -1.000000000000000000 ) ) ;
#2424 = CARTESIAN_POINT ( 'NONE',  ( -17.94749555500000326, -30.40006096009999936, 11.22253967444162015 ) ) ;
#2425 = FACE_OUTER_BOUND ( 'NONE', #2905, .T. ) ;
#2426 = VECTOR ( 'NONE', #644, 1000.000000000000000 ) ;
#2427 = CARTESIAN_POINT ( 'NONE',  ( 6.987358394719996646, -35.27084328170000305, 7.889999999999999680 ) ) ;
#2428 = ORIENTED_EDGE ( 'NONE', *, *, #2918, .F. ) ;
#2429 = DIRECTION ( 'NONE',  ( 0.000000000000000000, 0.000000000000000000, -1.000000000000000000 ) ) ;
#2430 = AXIS2_PLACEMENT_3D ( 'NONE', #4120, #2185, #1741 ) ;
#2431 = CARTESIAN_POINT ( 'NONE',  ( -5.226019910154001025, -35.27084328170000305, 1.840000135221999900 ) ) ;
#2432 = LINE ( 'NONE', #2008, #1971 ) ;
#2433 = CC_DESIGN_APPROVAL ( #792, ( #1319 ) ) ;
#2434 = ORIENTED_EDGE ( 'NONE', *, *, #2013, .F. ) ;
#2435 = EDGE_LOOP ( 'NONE', ( #937, #1316, #3913, #2481 ) ) ;
#2436 = LINE ( 'NONE', #3516, #2911 ) ;
#2437 = CYLINDRICAL_SURFACE ( 'NONE', #2042, 2.999999999999999112 ) ;
#2438 = ADVANCED_FACE ( 'NONE', ( #2623 ), #121, .F. ) ;
#2439 = DIRECTION ( 'NONE',  ( 0.000000000000000000, 0.000000000000000000, 1.000000000000000000 ) ) ;
#2440 = EDGE_LOOP ( 'NONE', ( #3473, #2698 ) ) ;
#2441 = EDGE_LOOP ( 'NONE', ( #1101, #4505 ) ) ;
#2442 = EDGE_CURVE ( 'NONE', #1733, #3795, #2222, .T. ) ;
#2443 = DIRECTION ( 'NONE',  ( 1.000000000000000000, -0.000000000000000000, 1.445602896647339410E-16 ) ) ;
#2444 = EDGE_LOOP ( 'NONE', ( #3349, #942 ) ) ;
#2445 = DIRECTION ( 'NONE',  ( 1.000000000000000000, 0.000000000000000000, 0.000000000000000000 ) ) ;
#2446 = DIRECTION ( 'NONE',  ( 0.000000000000000000, 0.000000000000000000, -1.000000000000000000 ) ) ;
#2447 = LINE ( 'NONE', #635, #2343 ) ;
#2448 = DIRECTION ( 'NONE',  ( 0.000000000000000000, 0.000000000000000000, 1.000000000000000000 ) ) ;
#2449 = DIRECTION ( 'NONE',  ( -1.856308247812544131E-16, -1.000000000000000000, -0.000000000000000000 ) ) ;
#2450 = PLANE ( 'NONE',  #708 ) ;
#2451 = CYLINDRICAL_SURFACE ( 'NONE', #927, 2.200000000000000622 ) ;
#2452 = ORIENTED_EDGE ( 'NONE', *, *, #872, .T. ) ;
#2453 = VERTEX_POINT ( 'NONE', #1682 ) ;
#2454 = CARTESIAN_POINT ( 'NONE',  ( 14.44749555499999971, -34.77084328169999594, 5.000000000000000000 ) ) ;
#2455 = AXIS2_PLACEMENT_3D ( 'NONE', #3746, #512, #91 ) ;
#2456 = FACE_OUTER_BOUND ( 'NONE', #1545, .T. ) ;
#2457 = LINE ( 'NONE', #1389, #3246 ) ;
#2458 = ORIENTED_EDGE ( 'NONE', *, *, #3556, .F. ) ;
#2459 = VECTOR ( 'NONE', #822, 1000.000000000000000 ) ;
#2460 = ORIENTED_EDGE ( 'NONE', *, *, #4080, .F. ) ;
#2461 = ADVANCED_FACE ( 'NONE', ( #956 ), #3112, .F. ) ;
#2462 = AXIS2_PLACEMENT_3D ( 'NONE', #1123, #2898, #379 ) ;
#2463 = CARTESIAN_POINT ( 'NONE',  ( -22.27465836929999909, 26.90006096009999936, 5.000000000000000000 ) ) ;
#2464 = COORDINATED_UNIVERSAL_TIME_OFFSET ( 8, 0, .AHEAD. ) ;
#2465 = EDGE_LOOP ( 'NONE', ( #2741, #4579, #959, #2243 ) ) ;
#2466 = AXIS2_PLACEMENT_3D ( 'NONE', #120, #3274, #1871 ) ;
#2467 = CARTESIAN_POINT ( 'NONE',  ( 15.15245805012528102, 31.74086868171547948, 0.000000000000000000 ) ) ;
#2468 = EDGE_CURVE ( 'NONE', #4299, #4203, #546, .T. ) ;
#2469 = ADVANCED_FACE ( 'NONE', ( #2058, #3462, #192, #3843, #1263 ), #617, .T. ) ;
#2470 = CARTESIAN_POINT ( 'NONE',  ( 8.699466598943450535, 31.74086868171549369, 2.100000000000000089 ) ) ;
#2471 = DIRECTION ( 'NONE',  ( 0.000000000000000000, 0.000000000000000000, 1.000000000000000000 ) ) ;
#2472 = DIRECTION ( 'NONE',  ( 0.000000000000000000, 0.000000000000000000, -1.000000000000000000 ) ) ;
#2473 = DIRECTION ( 'NONE',  ( 0.000000000000000000, -1.000000000000000000, 0.000000000000000000 ) ) ;
#2474 = EDGE_CURVE ( 'NONE', #2625, #1265, #4196, .T. ) ;
#2475 = CARTESIAN_POINT ( 'NONE',  ( 10.29946659894345018, 31.74086868171549369, 13.14817582284883635 ) ) ;
#2476 = CARTESIAN_POINT ( 'NONE',  ( 16.34749555500000184, -30.40006096009999936, 2.500000000000000444 ) ) ;
#2477 = ORIENTED_EDGE ( 'NONE', *, *, #3799, .T. ) ;
#2478 = ORIENTED_EDGE ( 'NONE', *, *, #2611, .T. ) ;
#2479 = LINE ( 'NONE', #3915, #285 ) ;
#2480 = DIRECTION ( 'NONE',  ( 1.000000000000000000, 0.000000000000000000, 0.000000000000000000 ) ) ;
#2481 = ORIENTED_EDGE ( 'NONE', *, *, #3910, .T. ) ;
#2482 = ORIENTED_EDGE ( 'NONE', *, *, #778, .T. ) ;
#2483 = VECTOR ( 'NONE', #1658, 1000.000000000000000 ) ;
#2484 = DIRECTION ( 'NONE',  ( -0.000000000000000000, -0.000000000000000000, -1.000000000000000000 ) ) ;
#2485 = ORIENTED_EDGE ( 'NONE', *, *, #1612, .T. ) ;
#2486 = CYLINDRICAL_SURFACE ( 'NONE', #1487, 1.600000000000000755 ) ;
#2487 = VECTOR ( 'NONE', #738, 1000.000000000000000 ) ;
#2488 = CARTESIAN_POINT ( 'NONE',  ( 17.94749555500000326, 30.40006096009999936, 11.22253967444162015 ) ) ;
#2489 = LINE ( 'NONE', #3573, #1967 ) ;
#2490 = EDGE_CURVE ( 'NONE', #645, #2160, #3418, .T. ) ;
#2492 = EDGE_CURVE ( 'NONE', #2174, #3733, #843, .T. ) ;
#2491 = CARTESIAN_POINT ( 'NONE',  ( -20.30000000000000071, 36.79999999999999005, 10.89000000000000057 ) ) ;
#2493 = VECTOR ( 'NONE', #115, 1000.000000000000000 ) ;
#2494 = VECTOR ( 'NONE', #301, 1000.000000000000000 ) ;
#2495 = FACE_OUTER_BOUND ( 'NONE', #3072, .T. ) ;
#2496 = AXIS2_PLACEMENT_3D ( 'NONE', #2050, #4513, #882 ) ;
#2497 = VECTOR ( 'NONE', #34, 1000.000000000000000 ) ;
#2498 = DIRECTION ( 'NONE',  ( -0.000000000000000000, -0.000000000000000000, -1.000000000000000000 ) ) ;
#2499 = LINE ( 'NONE', #1099, #1523 ) ;
#2500 = EDGE_CURVE ( 'NONE', #4245, #1549, #2711, .T. ) ;
#2501 = ORIENTED_EDGE ( 'NONE', *, *, #189, .F. ) ;
#2502 = AXIS2_PLACEMENT_3D ( 'NONE', #625, #3628, #1759 ) ;
#2503 = EDGE_LOOP ( 'NONE', ( #122, #2272 ) ) ;
#2504 = AXIS2_PLACEMENT_3D ( 'NONE', #1629, #908, #2335 ) ;
#2505 = DIRECTION ( 'NONE',  ( 0.000000000000000000, 0.000000000000000000, 1.000000000000000000 ) ) ;
#2506 = LINE ( 'NONE', #4269, #3018 ) ;
#2507 = CIRCLE ( 'NONE', #2430, 4.084607569215005896 ) ;
#2508 = ORIENTED_EDGE ( 'NONE', *, *, #1429, .T. ) ;
#2509 = VERTEX_POINT ( 'NONE', #3870 ) ;
#2510 = DIRECTION ( 'NONE',  ( -0.000000000000000000, -0.000000000000000000, -1.000000000000000000 ) ) ;
#2511 = CALENDAR_DATE ( 2024, 22, 5 ) ;
#2512 = ORIENTED_EDGE ( 'NONE', *, *, #3291, .F. ) ;
#2513 = ORIENTED_EDGE ( 'NONE', *, *, #2407, .F. ) ;
#2514 = CARTESIAN_POINT ( 'NONE',  ( 14.44749555499999971, -35.27084328170000305, 5.000000000000000000 ) ) ;
#2515 = LINE ( 'NONE', #3884, #1143 ) ;
#2516 = CYLINDRICAL_SURFACE ( 'NONE', #4068, 0.5000000000000004441 ) ;
#2517 = CARTESIAN_POINT ( 'NONE',  ( 19.54749555500000113, 30.40006096009999936, 5.000000000000000000 ) ) ;
#2518 = CARTESIAN_POINT ( 'NONE',  ( -14.94749555500000326, 30.40006096009999936, 5.000000000000000000 ) ) ;
#2519 = ADVANCED_FACE ( 'NONE', ( #241 ), #4173, .F. ) ;
#2520 = PLANE ( 'NONE',  #4003 ) ;
#2521 = DIRECTION ( 'NONE',  ( -1.000000000000000000, 0.000000000000000000, 0.000000000000000000 ) ) ;
#2522 = ORIENTED_EDGE ( 'NONE', *, *, #1037, .T. ) ;
#2523 = ORIENTED_EDGE ( 'NONE', *, *, #3592, .T. ) ;
#2524 = LINE ( 'NONE', #2151, #4631 ) ;
#2525 = ADVANCED_FACE ( 'NONE', ( #2783 ), #2361, .F. ) ;
#2526 = EDGE_CURVE ( 'NONE', #3014, #2923, #2432, .T. ) ;
#2527 = CARTESIAN_POINT ( 'NONE',  ( 3.225958851927499538, 31.74086868171549369, 2.100000000000000089 ) ) ;
#2528 = EDGE_CURVE ( 'NONE', #3058, #1703, #1151, .T. ) ;
#2529 = ORIENTED_EDGE ( 'NONE', *, *, #917, .T. ) ;
#2530 = ORIENTED_EDGE ( 'NONE', *, *, #451, .T. ) ;
#2531 = VECTOR ( 'NONE', #681, 1000.000000000000000 ) ;
#2532 = CARTESIAN_POINT ( 'NONE',  ( 14.84749555500000184, -30.40006096009999936, 0.5999999999999999778 ) ) ;
#2533 = ORIENTED_EDGE ( 'NONE', *, *, #3210, .F. ) ;
#2534 = ORIENTED_EDGE ( 'NONE', *, *, #3878, .F. ) ;
#2535 = FACE_OUTER_BOUND ( 'NONE', #2038, .T. ) ;
#2536 = AXIS2_PLACEMENT_3D ( 'NONE', #83, #4368, #1854 ) ;
#2537 = DIRECTION ( 'NONE',  ( 0.000000000000000000, -1.000000000000000000, 0.000000000000000000 ) ) ;
#2538 = DIRECTION ( 'NONE',  ( -1.000000000000000000, 0.000000000000000000, 0.000000000000000000 ) ) ;
#2539 = LINE ( 'NONE', #3974, #2284 ) ;
#2540 = CIRCLE ( 'NONE', #2091, 4.084610109220003338 ) ;
#2541 = DIRECTION ( 'NONE',  ( 1.000000000000000000, 0.000000000000000000, 0.000000000000000000 ) ) ;
#2542 = CARTESIAN_POINT ( 'NONE',  ( 10.29946659894344840, 26.74086868171549369, -0.0009999999999999158867 ) ) ;
#2543 = CARTESIAN_POINT ( 'NONE',  ( 17.94749555500000326, -30.40006096009999936, 0.5999999999999998668 ) ) ;
#2544 = DIRECTION ( 'NONE',  ( 0.000000000000000000, 0.000000000000000000, -1.000000000000000000 ) ) ;
#2545 = VERTEX_POINT ( 'NONE', #2079 ) ;
#2546 = AXIS2_PLACEMENT_3D ( 'NONE', #4186, #902, #1304 ) ;
#2547 = ORIENTED_EDGE ( 'NONE', *, *, #3304, .T. ) ;
#2548 = LINE ( 'NONE', #29, #206 ) ;
#2549 = CARTESIAN_POINT ( 'NONE',  ( 12.57297434595849950, 33.94086868171549298, 1.500000000000000000 ) ) ;
#2550 = EDGE_CURVE ( 'NONE', #148, #2174, #568, .T. ) ;
#2551 = EDGE_CURVE ( 'NONE', #3899, #4175, #1301, .T. ) ;
#2552 = VERTEX_POINT ( 'NONE', #4125 ) ;
#2553 = VERTEX_POINT ( 'NONE', #2336 ) ;
#2554 = DIRECTION ( 'NONE',  ( -1.000000000000000000, 0.000000000000000000, 0.000000000000000000 ) ) ;
#2555 = EDGE_CURVE ( 'NONE', #2155, #2169, #2649, .T. ) ;
#2556 = ORIENTED_EDGE ( 'NONE', *, *, #3187, .F. ) ;
#2557 = ORIENTED_EDGE ( 'NONE', *, *, #2006, .F. ) ;
#2558 = DIRECTION ( 'NONE',  ( -1.000000000000000000, 0.000000000000000000, 0.000000000000000000 ) ) ;
#2559 = CARTESIAN_POINT ( 'NONE',  ( 0.000000000000000000, -27.40006096009999936, 5.000000000000000000 ) ) ;
#2560 = LINE ( 'NONE', #87, #384 ) ;
#2561 = DIRECTION ( 'NONE',  ( -2.781230391307005911E-16, -1.000000000000000000, 0.000000000000000000 ) ) ;
#2562 = VECTOR ( 'NONE', #4644, 1000.000000000000000 ) ;
#2563 = DIRECTION ( 'NONE',  ( 1.000000000000000000, 0.000000000000000000, 0.000000000000000000 ) ) ;
#2564 = FACE_OUTER_BOUND ( 'NONE', #2003, .T. ) ;
#2565 = AXIS2_PLACEMENT_3D ( 'NONE', #2852, #3962, #1078 ) ;
#2566 = LINE ( 'NONE', #3342, #315 ) ;
#2567 = VECTOR ( 'NONE', #488, 1000.000000000000000 ) ;
#2568 = CARTESIAN_POINT ( 'NONE',  ( 4.825958851927500071, 31.74086868171549369, 2.100000000000000089 ) ) ;
#2569 = VERTEX_POINT ( 'NONE', #1631 ) ;
#2570 = ORIENTED_EDGE ( 'NONE', *, *, #3883, .F. ) ;
#2571 = CIRCLE ( 'NONE', #1820, 3.099999999999995204 ) ;
#2572 = CARTESIAN_POINT ( 'NONE',  ( 14.44749555499999971, -34.77084328169999594, 1.499999999999999556 ) ) ;
#2573 = VECTOR ( 'NONE', #4037, 1000.000000000000000 ) ;
#2574 = FACE_OUTER_BOUND ( 'NONE', #700, .T. ) ;
#2575 = LINE ( 'NONE', #1220, #2643 ) ;
#2576 = AXIS2_PLACEMENT_3D ( 'NONE', #292, #46, #1034 ) ;
#2577 = ORIENTED_EDGE ( 'NONE', *, *, #4486, .F. ) ;
#2578 = VERTEX_POINT ( 'NONE', #4521 ) ;
#2579 = VECTOR ( 'NONE', #3312, 1000.000000000000000 ) ;
#2580 = ADVANCED_FACE ( 'NONE', ( #1314 ), #3062, .F. ) ;
#2581 = DIRECTION ( 'NONE',  ( -0.000000000000000000, -0.000000000000000000, -1.000000000000000000 ) ) ;
#2582 = ORIENTED_EDGE ( 'NONE', *, *, #2635, .F. ) ;
#2583 = VERTEX_POINT ( 'NONE', #2873 ) ;
#2584 = DIRECTION ( 'NONE',  ( 0.000000000000000000, 0.000000000000000000, -1.000000000000000000 ) ) ;
#2585 = ADVANCED_FACE ( 'NONE', ( #3977 ), #2451, .F. ) ;
#2586 = CARTESIAN_POINT ( 'NONE',  ( 22.27463296930000070, 26.90006096009999936, 5.000000000000000000 ) ) ;
#2587 = CARTESIAN_POINT ( 'NONE',  ( -22.27465836929999909, -27.40006096009999936, 5.000000000000000000 ) ) ;
#2588 = EDGE_CURVE ( 'NONE', #1764, #1774, #333, .T. ) ;
#2589 = CARTESIAN_POINT ( 'NONE',  ( 20.00000000000000000, 36.79999999999999005, 0.000000000000000000 ) ) ;
#2590 = CARTESIAN_POINT ( 'NONE',  ( -0.6400114416205009427, 36.80100000000001614, 2.574999950747501654 ) ) ;
#2591 = DIRECTION ( 'NONE',  ( 1.000000000000000000, 0.000000000000000000, 0.000000000000000000 ) ) ;
#2592 = CARTESIAN_POINT ( 'NONE',  ( 17.94749555500000326, -30.40006096009999936, 5.000000000000000000 ) ) ;
#2593 = PLANE ( 'NONE',  #855 ) ;
#2594 = ORIENTED_EDGE ( 'NONE', *, *, #4336, .T. ) ;
#2595 = ORIENTED_EDGE ( 'NONE', *, *, #1407, .F. ) ;
#2596 = CARTESIAN_POINT ( 'NONE',  ( -14.44749555499999971, 34.77089408180000163, 10.89000000000000057 ) ) ;
#2597 = PLANE ( 'NONE',  #3786 ) ;
#2598 = CARTESIAN_POINT ( 'NONE',  ( -22.27465836929999909, -27.40006096009999936, 1.500000000000000000 ) ) ;
#2599 = VERTEX_POINT ( 'NONE', #2807 ) ;
#2600 = ORIENTED_EDGE ( 'NONE', *, *, #1038, .F. ) ;
#2601 = CARTESIAN_POINT ( 'NONE',  ( 20.00000000000000000, -36.30000000000000426, 10.89000000000000057 ) ) ;
#2602 = ORIENTED_EDGE ( 'NONE', *, *, #1103, .T. ) ;
#2603 = ADVANCED_FACE ( 'NONE', ( #287 ), #2168, .T. ) ;
#2604 = ORIENTED_EDGE ( 'NONE', *, *, #416, .F. ) ;
#2605 = LINE ( 'NONE', #1637, #2459 ) ;
#2606 = CLOSED_SHELL ( 'NONE', ( #1181, #3209, #1552, #1187, #4197, #260, #4229, #254, #1216, #3683, #1126, #3647, #4217, #4070, #190, #4636, #1264, #2674, #2349, #1691, #3987, #2580, #2461, #1327, #4044, #2525, #2519, #829, #3380, #3381, #4252, #3563, #2837, #3073, #1802, #3006, #2268, #43, #1357, #277, #2893, #2438, #1212, #2469, #740, #3410, #3015, #3653, #2209, #9, #1383, #4507, #2730, #685, #652, #1838, #1784, #4051, #2267, #1722, #368, #1745, #1777, #2173, #4479, #1983, #2326, #1297, #1146, #1121, #4642, #1242, #1518, #3826, #4053, #1069, #450, #1157, #2695, #745, #164, #1604, #4018, #1526, #3355, #1990, #1097, #300, #1463, #2150, #950, #1808, #1635, #944, #1019, #3504, #1162, #828, #3041, #561, #1547, #2037, #3853, #3617, #2239, #4104, #719, #2012, #1060, #4619, #540, #531, #3040, #1667, #2385, #1243, #1923, #1092, #2585, #979, #596, #4164, #2610, #530, #110, #1698, #4169, #1778, #1898, #1248, #2603, #335, #305, #4444, #166, #629, #308, #3646, #1206, #2957, #3046, #4502, #4081, #2036, #1772 ) ) ;
#2607 = DIRECTION ( 'NONE',  ( -2.781230391307005911E-16, -1.000000000000000000, 0.000000000000000000 ) ) ;
#2608 = CARTESIAN_POINT ( 'NONE',  ( 20.14749555500000255, 30.40006096009999936, 2.500000000000000444 ) ) ;
#2609 = CARTESIAN_POINT ( 'NONE',  ( -14.44749555499999971, -35.27084328170000305, 10.89000000000000057 ) ) ;
#2610 = ADVANCED_FACE ( 'NONE', ( #4242 ), #2125, .F. ) ;
#2611 = EDGE_CURVE ( 'NONE', #3250, #436, #3938, .T. ) ;
#2612 = VECTOR ( 'NONE', #4153, 1000.000000000000000 ) ;
#2613 = DIRECTION ( 'NONE',  ( 3.561451260254549034E-16, 1.000000000000000000, 0.000000000000000000 ) ) ;
#2614 = DIRECTION ( 'NONE',  ( -1.000000000000000000, 0.000000000000000000, 0.000000000000000000 ) ) ;
#2615 = CIRCLE ( 'NONE', #897, 0.5000000000000004441 ) ;
#2616 = DIRECTION ( 'NONE',  ( 0.000000000000000000, 0.000000000000000000, -1.000000000000000000 ) ) ;
#2617 = DIRECTION ( 'NONE',  ( -1.000000000000000000, 0.000000000000000000, -1.445602896647339410E-16 ) ) ;
#2618 = EDGE_CURVE ( 'NONE', #941, #194, #3778, .T. ) ;
#2619 = EDGE_LOOP ( 'NONE', ( #811, #56, #1806, #404, #1408, #2885, #3920, #2530 ) ) ;
#2620 = ORIENTED_EDGE ( 'NONE', *, *, #2892, .T. ) ;
#2621 = DIRECTION ( 'NONE',  ( -0.000000000000000000, -0.000000000000000000, -1.000000000000000000 ) ) ;
#2622 = CYLINDRICAL_SURFACE ( 'NONE', #1348, 4.084610109220005114 ) ;
#2623 = FACE_OUTER_BOUND ( 'NONE', #4416, .T. ) ;
#2624 = ORIENTED_EDGE ( 'NONE', *, *, #1696, .T. ) ;
#2625 = VERTEX_POINT ( 'NONE', #3601 ) ;
#2626 = DIRECTION ( 'NONE',  ( -1.000000000000000000, 0.000000000000000000, -0.000000000000000000 ) ) ;
#2627 = VERTEX_POINT ( 'NONE', #376 ) ;
#2628 = ORIENTED_EDGE ( 'NONE', *, *, #569, .F. ) ;
#2629 = DIRECTION ( 'NONE',  ( 0.000000000000000000, 0.000000000000000000, -1.000000000000000000 ) ) ;
#2630 = FACE_OUTER_BOUND ( 'NONE', #1634, .T. ) ;
#2631 = DIRECTION ( 'NONE',  ( -1.000000000000000000, 0.000000000000000000, 0.000000000000000000 ) ) ;
#2632 = VERTEX_POINT ( 'NONE', #712 ) ;
#2633 = LINE ( 'NONE', #157, #124 ) ;
#2634 = CARTESIAN_POINT ( 'NONE',  ( -21.04749555499999758, -30.40006096009998515, 0.5999999999999999778 ) ) ;
#2635 = EDGE_CURVE ( 'NONE', #4450, #4203, #3396, .T. ) ;
#2636 = EDGE_CURVE ( 'NONE', #2833, #4092, #2499, .T. ) ;
#2637 = CIRCLE ( 'NONE', #1661, 2.200000000000000622 ) ;
#2638 = LINE ( 'NONE', #2968, #2493 ) ;
#2639 = CARTESIAN_POINT ( 'NONE',  ( 19.54749555500000113, 30.40006096009999936, 2.500000000000000444 ) ) ;
#2640 = ORIENTED_EDGE ( 'NONE', *, *, #4480, .F. ) ;
#2641 = ORIENTED_EDGE ( 'NONE', *, *, #1974, .F. ) ;
#2642 = LINE ( 'NONE', #3039, #2692 ) ;
#2643 = VECTOR ( 'NONE', #815, 1000.000000000000000 ) ;
#2644 = AXIS2_PLACEMENT_3D ( 'NONE', #4093, #2325, #528 ) ;
#2645 = CARTESIAN_POINT ( 'NONE',  ( -19.54749555500000113, -30.40006096009999936, 2.500000000000000444 ) ) ;
#2646 = EDGE_CURVE ( 'NONE', #2174, #2693, #3512, .T. ) ;
#2647 = CARTESIAN_POINT ( 'NONE',  ( 4.825958851927500959, 31.74086868171549369, 0.000000000000000000 ) ) ;
#2648 = VERTEX_POINT ( 'NONE', #4649 ) ;
#2649 = CIRCLE ( 'NONE', #2120, 0.4999999999999995559 ) ;
#2650 = AXIS2_PLACEMENT_3D ( 'NONE', #1501, #4364, #2554 ) ;
#2651 = VERTEX_POINT ( 'NONE', #3956 ) ;
#2652 = VECTOR ( 'NONE', #3150, 1000.000000000000000 ) ;
#2653 = CARTESIAN_POINT ( 'NONE',  ( -22.77465836929999909, -31.18623571250000026, 10.89000000000000057 ) ) ;
#2654 = ORIENTED_EDGE ( 'NONE', *, *, #3187, .T. ) ;
#2655 = ORIENTED_EDGE ( 'NONE', *, *, #3936, .F. ) ;
#2656 = AXIS2_PLACEMENT_3D ( 'NONE', #3052, #153, #1276 ) ;
#2657 = DIRECTION ( 'NONE',  ( -1.000000000000000000, 0.000000000000000000, -0.000000000000000000 ) ) ;
#2658 = DIRECTION ( 'NONE',  ( 0.000000000000000000, -0.000000000000000000, 1.000000000000000000 ) ) ;
#2659 = PLANE ( 'NONE',  #648 ) ;
#2660 = CARTESIAN_POINT ( 'NONE',  ( 14.44749555499999971, -35.27084328170000305, 10.89000000000000057 ) ) ;
#2661 = CARTESIAN_POINT ( 'NONE',  ( -22.77465836929999909, -31.18623571250000026, 10.89000000000000057 ) ) ;
#2662 = VECTOR ( 'NONE', #114, 1000.000000000000000 ) ;
#2663 = CARTESIAN_POINT ( 'NONE',  ( 9.787358394719998245, -35.27084328170000305, 5.290000000000000924 ) ) ;
#2664 = ORIENTED_EDGE ( 'NONE', *, *, #53, .T. ) ;
#2665 = EDGE_CURVE ( 'NONE', #2693, #1764, #238, .T. ) ;
#2666 = ORIENTED_EDGE ( 'NONE', *, *, #653, .T. ) ;
#2667 = DIRECTION ( 'NONE',  ( -0.000000000000000000, -0.000000000000000000, 1.000000000000000000 ) ) ;
#2668 = DIRECTION ( 'NONE',  ( -1.000000000000000000, 0.000000000000000000, -0.000000000000000000 ) ) ;
#2669 = DIRECTION ( 'NONE',  ( -1.000000000000000000, 0.000000000000000000, 0.000000000000000000 ) ) ;
#2670 = VERTEX_POINT ( 'NONE', #4331 ) ;
#2671 = EDGE_CURVE ( 'NONE', #2651, #2010, #1447, .T. ) ;
#2672 = ORIENTED_EDGE ( 'NONE', *, *, #2836, .F. ) ;
#2673 = EDGE_CURVE ( 'NONE', #4367, #3655, #4518, .T. ) ;
#2674 = ADVANCED_FACE ( 'NONE', ( #3532, #1794 ), #1749, .T. ) ;
#2675 = DIRECTION ( 'NONE',  ( -0.000000000000000000, -0.000000000000000000, 1.000000000000000000 ) ) ;
#2676 = ORIENTED_EDGE ( 'NONE', *, *, #3565, .T. ) ;
#2677 = VERTEX_POINT ( 'NONE', #2476 ) ;
#2678 = DIRECTION ( 'NONE',  ( 2.602085213965210642E-16, -1.000000000000000000, 0.000000000000000000 ) ) ;
#2679 = FACE_OUTER_BOUND ( 'NONE', #2045, .T. ) ;
#2680 = DIRECTION ( 'NONE',  ( -3.561451260254549034E-16, 1.000000000000000000, 0.000000000000000000 ) ) ;
#2681 = CYLINDRICAL_SURFACE ( 'NONE', #3671, 0.2999999999999999334 ) ;
#2682 = LINE ( 'NONE', #3485, #89 ) ;
#2683 = DIRECTION ( 'NONE',  ( 0.000000000000000000, 0.000000000000000000, -1.000000000000000000 ) ) ;
#2684 = VECTOR ( 'NONE', #3053, 1000.000000000000000 ) ;
#2685 = ORIENTED_EDGE ( 'NONE', *, *, #1659, .T. ) ;
#2686 = ORIENTED_EDGE ( 'NONE', *, *, #4136, .F. ) ;
#2687 = CARTESIAN_POINT ( 'NONE',  ( -20.30000000000000071, 36.29999999999999005, 0.000000000000000000 ) ) ;
#2688 = CIRCLE ( 'NONE', #125, 0.2999999999999999334 ) ;
#2689 = FACE_OUTER_BOUND ( 'NONE', #1684, .T. ) ;
#2690 = DIRECTION ( 'NONE',  ( -1.000000000000000000, 0.000000000000000000, 0.000000000000000000 ) ) ;
#2691 = EDGE_LOOP ( 'NONE', ( #356, #4091, #2979, #4012, #223, #1031, #4121, #2179, #4388, #1619, #494, #175, #309, #1527, #1572, #1018, #1366, #965 ) ) ;
#2692 = VECTOR ( 'NONE', #3017, 1000.000000000000000 ) ;
#2693 = VERTEX_POINT ( 'NONE', #1771 ) ;
#2694 = CARTESIAN_POINT ( 'NONE',  ( 4.825958851927500071, 31.74086868171549369, 2.100000000000000089 ) ) ;
#2695 = ADVANCED_FACE ( 'NONE', ( #684 ), #3198, .F. ) ;
#2696 = EDGE_CURVE ( 'NONE', #3226, #2264, #67, .T. ) ;
#2697 = DIRECTION ( 'NONE',  ( 1.000000000000000000, -0.000000000000000000, 0.000000000000000000 ) ) ;
#2698 = ORIENTED_EDGE ( 'NONE', *, *, #4359, .F. ) ;
#2699 = EDGE_LOOP ( 'NONE', ( #3705, #570, #4506, #199 ) ) ;
#2700 = EDGE_CURVE ( 'NONE', #702, #2160, #4146, .T. ) ;
#2701 = DIRECTION ( 'NONE',  ( -1.000000000000000000, 0.000000000000000000, -0.000000000000000000 ) ) ;
#2702 = PLANE ( 'NONE',  #1235 ) ;
#2703 = CARTESIAN_POINT ( 'NONE',  ( 14.38735839471999789, -36.30000000000000426, 7.890000000000001457 ) ) ;
#2704 = CARTESIAN_POINT ( 'NONE',  ( 3.225958851927498650, 26.74086868171549369, 0.000000000000000000 ) ) ;
#2705 = CARTESIAN_POINT ( 'NONE',  ( 14.77297434595850056, 31.74086868171549369, -0.0009999999999999158867 ) ) ;
#2706 = CARTESIAN_POINT ( 'NONE',  ( -20.30000000000000071, 36.29999999999999005, 10.89000000000000057 ) ) ;
#2707 = ORIENTED_EDGE ( 'NONE', *, *, #3937, .F. ) ;
#2708 = LINE ( 'NONE', #3509, #964 ) ;
#2709 = CARTESIAN_POINT ( 'NONE',  ( 9.787358394719998245, -36.30000000000000426, 5.290000000000000924 ) ) ;
#2710 = CIRCLE ( 'NONE', #1590, 1.600000000000000755 ) ;
#2711 = LINE ( 'NONE', #2405, #3237 ) ;
#2712 = ORIENTED_EDGE ( 'NONE', *, *, #1919, .F. ) ;
#2713 = ORIENTED_EDGE ( 'NONE', *, *, #1497, .F. ) ;
#2714 = VECTOR ( 'NONE', #1145, 1000.000000000000000 ) ;
#2715 = DIRECTION ( 'NONE',  ( 0.000000000000000000, 0.000000000000000000, -1.000000000000000000 ) ) ;
#2716 = DIRECTION ( 'NONE',  ( 0.000000000000000000, 0.000000000000000000, -1.000000000000000000 ) ) ;
#2717 = AXIS2_PLACEMENT_3D ( 'NONE', #4004, #2238, #1138 ) ;
#2718 = CARTESIAN_POINT ( 'NONE',  ( -6.176019910154001202, -35.27084328170000305, 1.840000135221999900 ) ) ;
#2719 = CIRCLE ( 'NONE', #538, 1.600000000000002531 ) ;
#2720 = ORIENTED_EDGE ( 'NONE', *, *, #313, .F. ) ;
#2721 = VERTEX_POINT ( 'NONE', #2914 ) ;
#2722 = EDGE_CURVE ( 'NONE', #258, #3256, #1377, .T. ) ;
#2723 = CIRCLE ( 'NONE', #693, 0.5000000000000004441 ) ;
#2724 = VECTOR ( 'NONE', #2137, 1000.000000000000000 ) ;
#2725 = DIRECTION ( 'NONE',  ( 1.000000000000000000, 0.000000000000000000, 0.000000000000000000 ) ) ;
#2726 = ORIENTED_EDGE ( 'NONE', *, *, #1577, .T. ) ;
#2727 = VECTOR ( 'NONE', #139, 1000.000000000000000 ) ;
#2728 = CARTESIAN_POINT ( 'NONE',  ( 14.77297434595850056, 31.74086868171549369, 1.500000000000000000 ) ) ;
#2729 = EDGE_CURVE ( 'NONE', #3570, #103, #2638, .T. ) ;
#2730 = ADVANCED_FACE ( 'NONE', ( #4352 ), #4402, .T. ) ;
#2731 = AXIS2_PLACEMENT_3D ( 'NONE', #4439, #3998, #780 ) ;
#2732 = FACE_OUTER_BOUND ( 'NONE', #3959, .T. ) ;
#2733 = VECTOR ( 'NONE', #2360, 1000.000000000000000 ) ;
#2734 = CARTESIAN_POINT ( 'NONE',  ( 10.97297434595849630, 31.74086868171549369, 1.500000000000000000 ) ) ;
#2735 = DIRECTION ( 'NONE',  ( -0.000000000000000000, -0.000000000000000000, -1.000000000000000000 ) ) ;
#2736 = ORIENTED_EDGE ( 'NONE', *, *, #925, .F. ) ;
#2737 = CARTESIAN_POINT ( 'NONE',  ( -21.04749555499999758, -30.40006096009998515, 0.5999999999999999778 ) ) ;
#2738 = CARTESIAN_POINT ( 'NONE',  ( -24.30000000000000071, -32.80000000000001137, 0.000000000000000000 ) ) ;
#2739 = CARTESIAN_POINT ( 'NONE',  ( -14.16601971390600312, -36.80100000000001614, 1.840000135221999900 ) ) ;
#2740 = ORIENTED_EDGE ( 'NONE', *, *, #3445, .F. ) ;
#2741 = ORIENTED_EDGE ( 'NONE', *, *, #3451, .F. ) ;
#2742 = DIRECTION ( 'NONE',  ( -0.000000000000000000, -0.000000000000000000, 1.000000000000000000 ) ) ;
#2743 = DIRECTION ( 'NONE',  ( -0.000000000000000000, -0.000000000000000000, 1.000000000000000000 ) ) ;
#2744 = CARTESIAN_POINT ( 'NONE',  ( -22.77465836930000265, 31.18628651260119256, 10.89000000000000057 ) ) ;
#2745 = ORIENTED_EDGE ( 'NONE', *, *, #136, .T. ) ;
#2746 = ORIENTED_EDGE ( 'NONE', *, *, #2819, .T. ) ;
#2747 = LINE ( 'NONE', #3427, #845 ) ;
#2748 = EDGE_CURVE ( 'NONE', #3372, #3570, #3651, .T. ) ;
#2749 = COORDINATED_UNIVERSAL_TIME_OFFSET ( 8, 0, .AHEAD. ) ;
#2750 = ORIENTED_EDGE ( 'NONE', *, *, #3505, .T. ) ;
#2751 = CARTESIAN_POINT ( 'NONE',  ( 17.94749555500000326, 30.40006096009999936, 10.89102500000000084 ) ) ;
#2752 = DIRECTION ( 'NONE',  ( 0.000000000000000000, 0.000000000000000000, -1.000000000000000000 ) ) ;
#2753 = CARTESIAN_POINT ( 'NONE',  ( -0.6400114416205011647, 36.29999999999999005, 4.574999950747501209 ) ) ;
#2754 = EDGE_CURVE ( 'NONE', #4314, #3372, #2566, .T. ) ;
#2756 = EDGE_CURVE ( 'NONE', #32, #3941, #2571, .T. ) ;
#2755 = DIRECTION ( 'NONE',  ( -1.000000000000000000, 0.000000000000000000, 0.000000000000000000 ) ) ;
#2757 = ORIENTED_EDGE ( 'NONE', *, *, #4195, .T. ) ;
#2758 = DIRECTION ( 'NONE',  ( -0.000000000000000000, -0.000000000000000000, 1.000000000000000000 ) ) ;
#2759 = DIRECTION ( 'NONE',  ( -0.000000000000000000, -0.000000000000000000, -1.000000000000000000 ) ) ;
#2760 = VECTOR ( 'NONE', #2449, 1000.000000000000000 ) ;
#2761 = DIRECTION ( 'NONE',  ( 0.000000000000000000, 0.000000000000000000, 1.000000000000000000 ) ) ;
#2762 = ORIENTED_EDGE ( 'NONE', *, *, #3929, .F. ) ;
#2763 = VERTEX_POINT ( 'NONE', #472 ) ;
#2764 = AXIS2_PLACEMENT_3D ( 'NONE', #1717, #605, #1278 ) ;
#2765 = CARTESIAN_POINT ( 'NONE',  ( 17.94749555500000326, -30.40006096009999936, 2.500000000000000444 ) ) ;
#2766 = DIRECTION ( 'NONE',  ( 0.000000000000000000, 0.000000000000000000, 1.000000000000000000 ) ) ;
#2767 = AXIS2_PLACEMENT_3D ( 'NONE', #2877, #715, #4316 ) ;
#2768 = LINE ( 'NONE', #3538, #2426 ) ;
#2769 = ORIENTED_EDGE ( 'NONE', *, *, #3578, .F. ) ;
#2770 = VERTEX_POINT ( 'NONE', #138 ) ;
#2771 = DIRECTION ( 'NONE',  ( -1.084202172485504681E-16, -0.000000000000000000, 1.000000000000000000 ) ) ;
#2772 = PERSON_AND_ORGANIZATION ( #976, #3406 ) ;
#2773 = VERTEX_POINT ( 'NONE', #1189 ) ;
#2774 = AXIS2_PLACEMENT_3D ( 'NONE', #3812, #1255, #2354 ) ;
#2775 = CARTESIAN_POINT ( 'NONE',  ( -17.94749555500000326, -30.40006096009999936, 2.500000000000000444 ) ) ;
#2776 = CYLINDRICAL_SURFACE ( 'NONE', #3536, 2.200000000000000622 ) ;
#2777 = CARTESIAN_POINT ( 'NONE',  ( 12.57297434595849950, 33.94086868171549298, 0.000000000000000000 ) ) ;
#2778 = DIRECTION ( 'NONE',  ( 1.000000000000000000, 0.000000000000000000, 0.000000000000000000 ) ) ;
#2779 = ORIENTED_EDGE ( 'NONE', *, *, #2787, .T. ) ;
#2780 = ORIENTED_EDGE ( 'NONE', *, *, #4365, .T. ) ;
#2781 = EDGE_CURVE ( 'NONE', #3181, #2066, #2046, .T. ) ;
#2782 = LINE ( 'NONE', #3531, #774 ) ;
#2783 = FACE_OUTER_BOUND ( 'NONE', #1926, .T. ) ;
#2784 = VERTEX_POINT ( 'NONE', #805 ) ;
#2785 = ORIENTED_EDGE ( 'NONE', *, *, #1359, .T. ) ;
#2786 = DIRECTION ( 'NONE',  ( 0.000000000000000000, 0.000000000000000000, -1.000000000000000000 ) ) ;
#2787 = EDGE_CURVE ( 'NONE', #3561, #2107, #4048, .T. ) ;
#2788 = DIRECTION ( 'NONE',  ( -1.000000000000000000, 0.000000000000000000, 0.000000000000000000 ) ) ;
#2789 = DIRECTION ( 'NONE',  ( -0.000000000000000000, -0.000000000000000000, -1.000000000000000000 ) ) ;
#2790 = ORIENTED_EDGE ( 'NONE', *, *, #985, .F. ) ;
#2791 = AXIS2_PLACEMENT_3D ( 'NONE', #705, #655, #2093 ) ;
#2792 = ORIENTED_EDGE ( 'NONE', *, *, #3011, .F. ) ;
#2793 = VECTOR ( 'NONE', #3762, 1000.000000000000000 ) ;
#2794 = LINE ( 'NONE', #4232, #1822 ) ;
#2795 = DATE_TIME_ROLE ( 'classification_date' ) ;
#2796 = ORIENTED_EDGE ( 'NONE', *, *, #2588, .F. ) ;
#2797 = AXIS2_PLACEMENT_3D ( 'NONE', #2016, #2675, #3718 ) ;
#2798 = CARTESIAN_POINT ( 'NONE',  ( 20.14749555500000255, -30.40006096009999936, 2.500000000000000444 ) ) ;
#2799 = CYLINDRICAL_SURFACE ( 'NONE', #606, 2.200000000000000622 ) ;
#2800 = DIRECTION ( 'NONE',  ( 0.000000000000000000, 0.000000000000000000, 1.000000000000000000 ) ) ;
#2801 = VECTOR ( 'NONE', #446, 1000.000000000000000 ) ;
#2802 = VECTOR ( 'NONE', #1356, 1000.000000000000000 ) ;
#2803 = DIRECTION ( 'NONE',  ( 1.000000000000000000, 0.000000000000000000, 0.000000000000000000 ) ) ;
#2804 = DIRECTION ( 'NONE',  ( 0.000000000000000000, 0.000000000000000000, 1.000000000000000000 ) ) ;
#2805 = VECTOR ( 'NONE', #2095, 1000.000000000000000 ) ;
#2806 = DIRECTION ( 'NONE',  ( 0.000000000000000000, 0.000000000000000000, -1.000000000000000000 ) ) ;
#2807 = CARTESIAN_POINT ( 'NONE',  ( 7.099466598943449114, 26.74086868171549369, 0.000000000000000000 ) ) ;
#2808 = EDGE_CURVE ( 'NONE', #1628, #4572, #2421, .T. ) ;
#2809 = ORIENTED_EDGE ( 'NONE', *, *, #3674, .F. ) ;
#2810 = ORIENTED_EDGE ( 'NONE', *, *, #2030, .F. ) ;
#2811 = CARTESIAN_POINT ( 'NONE',  ( 10.28735839471999824, -36.30000000000000426, 7.389999999999999680 ) ) ;
#2812 = CYLINDRICAL_SURFACE ( 'NONE', #2, 1.600000000000000755 ) ;
#2813 = CARTESIAN_POINT ( 'NONE',  ( 14.38735839471999789, -36.80100000000001614, 5.800025400050999203 ) ) ;
#2814 = EDGE_CURVE ( 'NONE', #3800, #1665, #1932, .T. ) ;
#2815 = EDGE_LOOP ( 'NONE', ( #1946, #2061 ) ) ;
#2816 = EDGE_LOOP ( 'NONE', ( #713, #4340, #3703, #2322 ) ) ;
#2817 = EDGE_CURVE ( 'NONE', #201, #1665, #858, .T. ) ;
#2818 = CARTESIAN_POINT ( 'NONE',  ( 14.44749555499999616, -35.27084328170000305, 1.500000000000000000 ) ) ;
#2819 = EDGE_CURVE ( 'NONE', #1322, #1712, #1912, .T. ) ;
#2820 = ORIENTED_EDGE ( 'NONE', *, *, #676, .F. ) ;
#2821 = FACE_OUTER_BOUND ( 'NONE', #4300, .T. ) ;
#2822 = DIRECTION ( 'NONE',  ( 0.000000000000000000, 0.000000000000000000, -1.000000000000000000 ) ) ;
#2823 = PLANE ( 'NONE',  #2043 ) ;
#2824 = CARTESIAN_POINT ( 'NONE',  ( -14.44749555499999971, -34.77084328169999594, 1.499999999999999556 ) ) ;
#2825 = DIRECTION ( 'NONE',  ( -0.000000000000000000, 0.000000000000000000, -1.000000000000000000 ) ) ;
#2826 = FACE_OUTER_BOUND ( 'NONE', #1957, .T. ) ;
#2827 = DIRECTION ( 'NONE',  ( -1.000000000000000000, 0.000000000000000000, 0.000000000000000000 ) ) ;
#2828 = ORIENTED_EDGE ( 'NONE', *, *, #2500, .T. ) ;
#2829 = ORIENTED_EDGE ( 'NONE', *, *, #2299, .T. ) ;
#2830 = DIRECTION ( 'NONE',  ( -1.000000000000000000, 0.000000000000000000, 0.000000000000000000 ) ) ;
#2831 = VECTOR ( 'NONE', #4625, 1000.000000000000000 ) ;
#2832 = CARTESIAN_POINT ( 'NONE',  ( 14.17297434595850092, 31.74086868171549369, 13.14817582284883635 ) ) ;
#2833 = VERTEX_POINT ( 'NONE', #2993 ) ;
#2834 = AXIS2_PLACEMENT_3D ( 'NONE', #1504, #2584, #2253 ) ;
#2835 = ORIENTED_EDGE ( 'NONE', *, *, #2673, .F. ) ;
#2836 = EDGE_CURVE ( 'NONE', #4245, #757, #386, .T. ) ;
#2837 = ADVANCED_FACE ( 'NONE', ( #401 ), #3010, .F. ) ;
#2838 = CYLINDRICAL_SURFACE ( 'NONE', #1902, 0.5000000000000004441 ) ;
#2839 = APPROVAL_STATUS ( 'not_yet_approved' ) ;
#2840 = EDGE_LOOP ( 'NONE', ( #869, #4228, #1869, #3893 ) ) ;
#2841 = DIRECTION ( 'NONE',  ( -0.000000000000000000, -0.000000000000000000, 1.000000000000000000 ) ) ;
#2842 = EDGE_CURVE ( 'NONE', #3307, #4034, #4224, .T. ) ;
#2843 = CARTESIAN_POINT ( 'NONE',  ( 14.77297434595850056, 28.21602799331584421, 0.5999999999999998668 ) ) ;
#2844 = DIRECTION ( 'NONE',  ( 1.000000000000000000, 0.000000000000000000, 0.000000000000000000 ) ) ;
#2845 = DIRECTION ( 'NONE',  ( 0.000000000000000000, 0.000000000000000000, -1.000000000000000000 ) ) ;
#2846 = CARTESIAN_POINT ( 'NONE',  ( 0.000000000000000000, 26.74086868171549369, 0.000000000000000000 ) ) ;
#2847 = FACE_BOUND ( 'NONE', #2503, .T. ) ;
#2848 = DIRECTION ( 'NONE',  ( 1.000000000000000000, 0.000000000000000000, 0.000000000000000000 ) ) ;
#2849 = EDGE_LOOP ( 'NONE', ( #3990, #141, #3872, #910, #3520 ) ) ;
#2850 = VERTEX_POINT ( 'NONE', #3627 ) ;
#2851 = CARTESIAN_POINT ( 'NONE',  ( 14.44749555499999971, 34.77089408179999452, 5.000000000000000000 ) ) ;
#2852 = CARTESIAN_POINT ( 'NONE',  ( 17.94749555500000326, -30.40006096009999936, 11.22253967444162015 ) ) ;
#2853 = ORIENTED_EDGE ( 'NONE', *, *, #809, .F. ) ;
#2854 = ORIENTED_EDGE ( 'NONE', *, *, #4643, .F. ) ;
#2855 = AXIS2_PLACEMENT_3D ( 'NONE', #1167, #2967, #2614 ) ;
#2856 = AXIS2_PLACEMENT_3D ( 'NONE', #4020, #1879, #3286 ) ;
#2857 = DIRECTION ( 'NONE',  ( -1.000000000000000000, 0.000000000000000000, 0.000000000000000000 ) ) ;
#2858 = ORIENTED_EDGE ( 'NONE', *, *, #2208, .T. ) ;
#2859 = EDGE_CURVE ( 'NONE', #2545, #2321, #1842, .T. ) ;
#2860 = ORIENTED_EDGE ( 'NONE', *, *, #4365, .F. ) ;
#2861 = CARTESIAN_POINT ( 'NONE',  ( 22.77463296930000070, 26.90006096009999936, 10.89000000000000057 ) ) ;
#2862 = AXIS2_PLACEMENT_3D ( 'NONE', #3917, #2104, #1124 ) ;
#2863 = AXIS2_PLACEMENT_3D ( 'NONE', #4533, #1324, #4508 ) ;
#2864 = CARTESIAN_POINT ( 'NONE',  ( 14.77297434595856629, 3.075243048952492051E-14, 0.000000000000000000 ) ) ;
#2865 = CARTESIAN_POINT ( 'NONE',  ( -14.44749555499999971, -34.77084328169999594, 10.89000000000000057 ) ) ;
#2866 = LINE ( 'NONE', #2165, #475 ) ;
#2867 = AXIS2_PLACEMENT_3D ( 'NONE', #1725, #3912, #3153 ) ;
#2868 = AXIS2_PLACEMENT_3D ( 'NONE', #4281, #656, #3507 ) ;
#2869 = EDGE_CURVE ( 'NONE', #3940, #2081, #3837, .T. ) ;
#2870 = FACE_OUTER_BOUND ( 'NONE', #1780, .T. ) ;
#2871 = CIRCLE ( 'NONE', #3999, 2.999999999999999112 ) ;
#2872 = LINE ( 'NONE', #1724, #3172 ) ;
#2873 = CARTESIAN_POINT ( 'NONE',  ( 3.225958851927499094, 26.74086868171549369, 1.500000000000000000 ) ) ;
#2874 = ORIENTED_EDGE ( 'NONE', *, *, #480, .F. ) ;
#2875 = AXIS2_PLACEMENT_3D ( 'NONE', #3838, #1257, #3794 ) ;
#2876 = ORIENTED_EDGE ( 'NONE', *, *, #3675, .F. ) ;
#2877 = CARTESIAN_POINT ( 'NONE',  ( -18.69005080008999897, -31.18623571248999227, 5.000000000000000000 ) ) ;
#2878 = CYLINDRICAL_SURFACE ( 'NONE', #2862, 4.084607569209999234 ) ;
#2879 = VECTOR ( 'NONE', #2212, 1000.000000000000000 ) ;
#2880 = ORIENTED_EDGE ( 'NONE', *, *, #19, .T. ) ;
#2881 = ORIENTED_EDGE ( 'NONE', *, *, #3298, .F. ) ;
#2882 = LOCAL_TIME ( 14, 18, 48.00000000000000000, #3190 ) ;
#2883 = LINE ( 'NONE', #435, #3622 ) ;
#2884 = ORIENTED_EDGE ( 'NONE', *, *, #2722, .T. ) ;
#2885 = ORIENTED_EDGE ( 'NONE', *, *, #337, .T. ) ;
#2886 = CARTESIAN_POINT ( 'NONE',  ( 7.487358394719997534, -35.27084328170000305, 5.290000000000000924 ) ) ;
#2887 = CARTESIAN_POINT ( 'NONE',  ( 14.94749555500000326, -30.40006096009999936, 5.000000000000000000 ) ) ;
#2888 = DIRECTION ( 'NONE',  ( -1.000000000000000000, 0.000000000000000000, 0.000000000000000000 ) ) ;
#2889 = LINE ( 'NONE', #17, #4310 ) ;
#2890 = DIRECTION ( 'NONE',  ( 0.000000000000000000, 0.000000000000000000, -1.000000000000000000 ) ) ;
#2891 = DIRECTION ( 'NONE',  ( -1.000000000000000000, 0.000000000000000000, 0.000000000000000000 ) ) ;
#2892 = EDGE_CURVE ( 'NONE', #3498, #4175, #1649, .T. ) ;
#2893 = ADVANCED_FACE ( 'NONE', ( #515 ), #3056, .F. ) ;
#2894 = DIRECTION ( 'NONE',  ( 0.000000000000000000, 0.000000000000000000, -1.000000000000000000 ) ) ;
#2895 = DIRECTION ( 'NONE',  ( -1.000000000000000000, -0.000000000000000000, -0.000000000000000000 ) ) ;
#2896 = ORIENTED_EDGE ( 'NONE', *, *, #283, .F. ) ;
#2897 = ORIENTED_EDGE ( 'NONE', *, *, #2924, .T. ) ;
#2898 = DIRECTION ( 'NONE',  ( 0.000000000000000000, 0.000000000000000000, -1.000000000000000000 ) ) ;
#2899 = DIRECTION ( 'NONE',  ( -0.000000000000000000, 1.000000000000000000, -0.000000000000000000 ) ) ;
#2900 = VERTEX_POINT ( 'NONE', #562 ) ;
#2901 = ORIENTED_EDGE ( 'NONE', *, *, #1407, .T. ) ;
#2902 = VECTOR ( 'NONE', #1839, 1000.000000000000000 ) ;
#2903 = CARTESIAN_POINT ( 'NONE',  ( 14.17297434595850092, 31.74086868171549369, 1.499999999999999556 ) ) ;
#2904 = VERTEX_POINT ( 'NONE', #3107 ) ;
#2905 = EDGE_LOOP ( 'NONE', ( #650, #3272, #549, #765 ) ) ;
#2906 = CARTESIAN_POINT ( 'NONE',  ( -17.94749555500000326, 30.40006096009998515, 0.5999999999999999778 ) ) ;
#2907 = CIRCLE ( 'NONE', #282, 1.600000000000000755 ) ;
#2908 = DIRECTION ( 'NONE',  ( 0.000000000000000000, 0.000000000000000000, 1.000000000000000000 ) ) ;
#2909 = LINE ( 'NONE', #2211, #691 ) ;
#2910 = CARTESIAN_POINT ( 'NONE',  ( -0.6400114416205014978, 35.27089408179999452, 4.574999950747501209 ) ) ;
#2911 = VECTOR ( 'NONE', #3825, 1000.000000000000000 ) ;
#2912 = CARTESIAN_POINT ( 'NONE',  ( 10.97297434595849630, 31.74086868171549369, 0.000000000000000000 ) ) ;
#2913 = LINE ( 'NONE', #400, #2662 ) ;
#2914 = CARTESIAN_POINT ( 'NONE',  ( -14.94749555500000149, 34.77089408180000163, 5.000000000000000000 ) ) ;
#2915 = UNCERTAINTY_MEASURE_WITH_UNIT (LENGTH_MEASURE( 1.000000000000000082E-05 ), #2396, 'distance_accuracy_value', 'NONE');
#2916 = PLANE ( 'NONE',  #697 ) ;
#2917 = VERTEX_POINT ( 'NONE', #3035 ) ;
#2918 = EDGE_CURVE ( 'NONE', #3296, #1712, #1306, .T. ) ;
#2919 = ORIENTED_EDGE ( 'NONE', *, *, #508, .T. ) ;
#2920 = CARTESIAN_POINT ( 'NONE',  ( 15.15245805012528102, 31.74086868171547948, 0.5999999999999999778 ) ) ;
#2921 = DIRECTION ( 'NONE',  ( -0.000000000000000000, -0.000000000000000000, -1.000000000000000000 ) ) ;
#2922 = CARTESIAN_POINT ( 'NONE',  ( -18.69005080009999986, 35.27089408180000163, 10.89000000000000057 ) ) ;
#2923 = VERTEX_POINT ( 'NONE', #949 ) ;
#2924 = EDGE_CURVE ( 'NONE', #1499, #2248, #2330, .T. ) ;
#2925 = ORIENTED_EDGE ( 'NONE', *, *, #3210, .T. ) ;
#2926 = EDGE_CURVE ( 'NONE', #3756, #2583, #1256, .T. ) ;
#2927 = APPLICATION_CONTEXT ( 'configuration controlled 3d designs of mechanical parts and assemblies' ) ;
#2928 = LINE ( 'NONE', #2601, #3707 ) ;
#2929 = VERTEX_POINT ( 'NONE', #4167 ) ;
#2930 = ORIENTED_EDGE ( 'NONE', *, *, #1831, .T. ) ;
#2931 = CARTESIAN_POINT ( 'NONE',  ( -20.00000000000000000, 36.79999999999999005, 0.000000000000000000 ) ) ;
#2932 = CIRCLE ( 'NONE', #2856, 0.9499999999999998446 ) ;
#2933 = CARTESIAN_POINT ( 'NONE',  ( -20.30000000000000071, 32.79999999999999005, 10.89000000000000057 ) ) ;
#2934 = DIRECTION ( 'NONE',  ( -0.000000000000000000, 0.000000000000000000, -1.000000000000000000 ) ) ;
#2935 = DIRECTION ( 'NONE',  ( -0.000000000000000000, -0.000000000000000000, 1.000000000000000000 ) ) ;
#2936 = AXIS2_PLACEMENT_3D ( 'NONE', #1183, #3972, #3596 ) ;
#2937 = DIRECTION ( 'NONE',  ( -1.000000000000000000, 0.000000000000000000, 0.000000000000000000 ) ) ;
#2938 = CARTESIAN_POINT ( 'NONE',  ( 3.225958851927499982, 31.74086868171549369, 13.14817582284883635 ) ) ;
#2939 = AXIS2_PLACEMENT_3D ( 'NONE', #1848, #666, #3225 ) ;
#2940 = CARTESIAN_POINT ( 'NONE',  ( -17.94749555500000326, -30.40006096009998515, 0.5999999999999999778 ) ) ;
#2941 = CIRCLE ( 'NONE', #4370, 1.600000000000000755 ) ;
#2942 = PRODUCT_RELATED_PRODUCT_CATEGORY ( 'detail', '', ( #2379 ) ) ;
#2943 = CARTESIAN_POINT ( 'NONE',  ( 0.000000000000000000, -36.80000000000000426, 0.000000000000000000 ) ) ;
#2944 = ORIENTED_EDGE ( 'NONE', *, *, #4139, .T. ) ;
#2945 = ORIENTED_EDGE ( 'NONE', *, *, #4537, .F. ) ;
#2946 = AXIS2_PLACEMENT_3D ( 'NONE', #2592, #445, #3317 ) ;
#2947 = FACE_OUTER_BOUND ( 'NONE', #3729, .T. ) ;
#2948 = AXIS2_PLACEMENT_3D ( 'NONE', #4461, #3374, #177 ) ;
#2949 = DIRECTION ( 'NONE',  ( -0.000000000000000000, 0.000000000000000000, 1.000000000000000000 ) ) ;
#2950 = DIRECTION ( 'NONE',  ( -1.000000000000000000, 0.000000000000000000, 0.000000000000000000 ) ) ;
#2951 = EDGE_CURVE ( 'NONE', #4556, #2632, #1330, .T. ) ;
#2952 = AXIS2_PLACEMENT_3D ( 'NONE', #94, #4425, #1539 ) ;
#2953 = VECTOR ( 'NONE', #1070, 1000.000000000000000 ) ;
#2954 = VERTEX_POINT ( 'NONE', #608 ) ;
#2955 = EDGE_LOOP ( 'NONE', ( #3064, #1202, #128, #2301 ) ) ;
#2956 = AXIS2_PLACEMENT_3D ( 'NONE', #4259, #2116, #330 ) ;
#2957 = ADVANCED_FACE ( 'NONE', ( #3813 ), #4188, .F. ) ;
#2958 = CARTESIAN_POINT ( 'NONE',  ( 0.000000000000000000, 26.74086868171549369, 0.000000000000000000 ) ) ;
#2959 = ORIENTED_EDGE ( 'NONE', *, *, #2526, .T. ) ;
#2960 = ORIENTED_EDGE ( 'NONE', *, *, #215, .F. ) ;
#2961 = FACE_OUTER_BOUND ( 'NONE', #3970, .T. ) ;
#2962 = FACE_OUTER_BOUND ( 'NONE', #1158, .T. ) ;
#2963 = EDGE_CURVE ( 'NONE', #4393, #2583, #2307, .T. ) ;
#2964 = CARTESIAN_POINT ( 'NONE',  ( 20.14749555500000255, 30.40006096009999936, 11.22253967444162015 ) ) ;
#2965 = DIRECTION ( 'NONE',  ( -0.000000000000000000, 0.000000000000000000, -1.000000000000000000 ) ) ;
#2966 = CARTESIAN_POINT ( 'NONE',  ( -22.27465836929999909, -26.90006096009999936, 5.000000000000000000 ) ) ;
#2967 = DIRECTION ( 'NONE',  ( 0.000000000000000000, 0.000000000000000000, -1.000000000000000000 ) ) ;
#2968 = CARTESIAN_POINT ( 'NONE',  ( -20.00000000000000000, 36.79999999999999005, 0.000000000000000000 ) ) ;
#2969 = CARTESIAN_POINT ( 'NONE',  ( -13.21601971390600383, -35.27084328170000305, 5.000000000000000000 ) ) ;
#2970 = ORIENTED_EDGE ( 'NONE', *, *, #19, .F. ) ;
#2971 = ORIENTED_EDGE ( 'NONE', *, *, #2981, .F. ) ;
#2972 = CYLINDRICAL_SURFACE ( 'NONE', #970, 2.999999999999999112 ) ;
#2973 = CARTESIAN_POINT ( 'NONE',  ( 20.00000000000000000, 36.29999999999999005, 0.000000000000000000 ) ) ;
#2974 = DIRECTION ( 'NONE',  ( -0.000000000000000000, -0.000000000000000000, 1.000000000000000000 ) ) ;
#2975 = ORIENTED_EDGE ( 'NONE', *, *, #3063, .T. ) ;
#2976 = ORIENTED_EDGE ( 'NONE', *, *, #4563, .F. ) ;
#2977 = CYLINDRICAL_SURFACE ( 'NONE', #2650, 2.200000000000000622 ) ;
#2978 = VERTEX_POINT ( 'NONE', #4468 ) ;
#2979 = ORIENTED_EDGE ( 'NONE', *, *, #4561, .F. ) ;
#2980 = CARTESIAN_POINT ( 'NONE',  ( -15.74749555500000042, 30.40006096009999936, 0.5999999999999998668 ) ) ;
#2981 = EDGE_CURVE ( 'NONE', #2194, #3689, #4523, .T. ) ;
#2982 = EDGE_CURVE ( 'NONE', #28, #385, #2682, .T. ) ;
#2983 = VECTOR ( 'NONE', #731, 1000.000000000000000 ) ;
#2984 = DIRECTION ( 'NONE',  ( 1.000000000000000000, 0.000000000000000000, 0.000000000000000000 ) ) ;
#2985 = CARTESIAN_POINT ( 'NONE',  ( 22.77463296930000070, 31.18628397259999829, 10.89000000000000057 ) ) ;
#2986 = VERTEX_POINT ( 'NONE', #2734 ) ;
#2987 = AXIS2_PLACEMENT_3D ( 'NONE', #462, #109, #3993 ) ;
#2988 = DIRECTION ( 'NONE',  ( 0.000000000000000000, 0.000000000000000000, -1.000000000000000000 ) ) ;
#2989 = EDGE_CURVE ( 'NONE', #612, #1208, #2723, .T. ) ;
#2990 = EDGE_CURVE ( 'NONE', #1208, #1453, #3384, .T. ) ;
#2991 = LINE ( 'NONE', #2634, #839 ) ;
#2992 = VECTOR ( 'NONE', #907, 1000.000000000000000 ) ;
#2993 = CARTESIAN_POINT ( 'NONE',  ( -14.16601971390600312, -35.27084328170000305, 4.049999999999999822 ) ) ;
#2994 = DIRECTION ( 'NONE',  ( 1.000000000000000000, 0.000000000000000000, 0.000000000000000000 ) ) ;
#2995 = VERTEX_POINT ( 'NONE', #2777 ) ;
#2996 = ORIENTED_EDGE ( 'NONE', *, *, #1351, .T. ) ;
#2997 = FACE_OUTER_BOUND ( 'NONE', #97, .T. ) ;
#2998 = CARTESIAN_POINT ( 'NONE',  ( -18.69005080009999986, 35.27089408180000163, 10.89000000000000057 ) ) ;
#2999 = DIRECTION ( 'NONE',  ( 0.000000000000000000, -1.000000000000000000, 0.000000000000000000 ) ) ;
#3000 = ORIENTED_EDGE ( 'NONE', *, *, #2242, .T. ) ;
#3001 = ORIENTED_EDGE ( 'NONE', *, *, #775, .T. ) ;
#3002 = DIRECTION ( 'NONE',  ( 0.000000000000000000, 0.000000000000000000, -1.000000000000000000 ) ) ;
#3003 = VERTEX_POINT ( 'NONE', #160 ) ;
#3004 = VERTEX_POINT ( 'NONE', #3126 ) ;
#3005 = CARTESIAN_POINT ( 'NONE',  ( -17.94749555500000326, -27.40006096009999936, 5.000000000000000000 ) ) ;
#3006 = ADVANCED_FACE ( 'NONE', ( #4560 ), #1352, .T. ) ;
#3007 = CARTESIAN_POINT ( 'NONE',  ( -0.6400114416205012757, 36.29999999999999005, 4.574999950747501209 ) ) ;
#3008 = LINE ( 'NONE', #2305, #3511 ) ;
#3009 = CARTESIAN_POINT ( 'NONE',  ( -12.64001144162049961, 36.80100000000001614, 2.574999950747499877 ) ) ;
#3010 = PLANE ( 'NONE',  #1595 ) ;
#3011 = EDGE_CURVE ( 'NONE', #3795, #389, #1624, .T. ) ;
#3012 = FACE_OUTER_BOUND ( 'NONE', #3871, .T. ) ;
#3013 = VECTOR ( 'NONE', #2607, 1000.000000000000000 ) ;
#3014 = VERTEX_POINT ( 'NONE', #3217 ) ;
#3015 = ADVANCED_FACE ( 'NONE', ( #4623 ), #4238, .T. ) ;
#3016 = ORIENTED_EDGE ( 'NONE', *, *, #2407, .T. ) ;
#3017 = DIRECTION ( 'NONE',  ( -0.000000000000000000, -0.000000000000000000, -1.000000000000000000 ) ) ;
#3018 = VECTOR ( 'NONE', #1055, 1000.000000000000000 ) ;
#3019 = AXIS2_PLACEMENT_3D ( 'NONE', #3906, #3550, #3194 ) ;
#3020 = FACE_OUTER_BOUND ( 'NONE', #3212, .T. ) ;
#3021 = LINE ( 'NONE', #3325, #1148 ) ;
#3022 = ORIENTED_EDGE ( 'NONE', *, *, #4024, .T. ) ;
#3023 = AXIS2_PLACEMENT_3D ( 'NONE', #2384, #4475, #3798 ) ;
#3024 = CIRCLE ( 'NONE', #2797, 0.2999999999999999334 ) ;
#3025 = ORIENTED_EDGE ( 'NONE', *, *, #3929, .T. ) ;
#3026 = AXIS2_PLACEMENT_3D ( 'NONE', #2943, #4448, #831 ) ;
#3027 = CARTESIAN_POINT ( 'NONE',  ( 17.94749555500000326, 30.40006096009999936, 5.000000000000000000 ) ) ;
#3028 = ORIENTED_EDGE ( 'NONE', *, *, #3857, .T. ) ;
#3029 = ORIENTED_EDGE ( 'NONE', *, *, #2148, .T. ) ;
#3030 = AXIS2_PLACEMENT_3D ( 'NONE', #2824, #373, #1026 ) ;
#3031 = CARTESIAN_POINT ( 'NONE',  ( 15.74749555500000042, -30.40006096009999936, 2.500000000000000444 ) ) ;
#3032 = DATE_AND_TIME ( #3378, #1830 ) ;
#3033 = CARTESIAN_POINT ( 'NONE',  ( 17.94749555500000326, 30.40006096009999936, 2.500000000000000444 ) ) ;
#3034 = CARTESIAN_POINT ( 'NONE',  ( -22.77465836929999909, -31.18623571250000026, 10.89000000000000057 ) ) ;
#3035 = CARTESIAN_POINT ( 'NONE',  ( 10.29946659894345018, 31.74086868171549369, 0.4999999999999995559 ) ) ;
#3036 = CARTESIAN_POINT ( 'NONE',  ( -17.94749555500000326, 30.40006096009999936, 5.000000000000000000 ) ) ;
#3037 = VERTEX_POINT ( 'NONE', #4304 ) ;
#3038 = VERTEX_POINT ( 'NONE', #997 ) ;
#3039 = CARTESIAN_POINT ( 'NONE',  ( -16.34749555500000184, 30.40006096009999936, 10.89102500000000084 ) ) ;
#3040 = ADVANCED_FACE ( 'NONE', ( #1093, #1790 ), #4645, .T. ) ;
#3041 = ADVANCED_FACE ( 'NONE', ( #2425 ), #2516, .F. ) ;
#3042 = CARTESIAN_POINT ( 'NONE',  ( 0.000000000000000000, 27.40006096009999936, 5.000000000000000000 ) ) ;
#3043 = DIRECTION ( 'NONE',  ( -0.000000000000000000, -0.000000000000000000, -1.000000000000000000 ) ) ;
#3044 = ORIENTED_EDGE ( 'NONE', *, *, #766, .T. ) ;
#3045 = ORIENTED_EDGE ( 'NONE', *, *, #4108, .T. ) ;
#3046 = ADVANCED_FACE ( 'NONE', ( #675 ), #2823, .T. ) ;
#3047 = LINE ( 'NONE', #1133, #1223 ) ;
#3048 = CYLINDRICAL_SURFACE ( 'NONE', #1824, 2.200000000000000622 ) ;
#3049 = ORIENTED_EDGE ( 'NONE', *, *, #3359, .F. ) ;
#3050 = EDGE_LOOP ( 'NONE', ( #3777, #3734, #3389, #1089 ) ) ;
#3051 = CARTESIAN_POINT ( 'NONE',  ( 14.38735839471999789, -35.27084328170000305, 7.890000000000001457 ) ) ;
#3052 = CARTESIAN_POINT ( 'NONE',  ( 17.94749555500000326, -30.40006096009999936, 0.5999999999999999778 ) ) ;
#3053 = DIRECTION ( 'NONE',  ( 1.000000000000000000, 0.000000000000000000, 0.000000000000000000 ) ) ;
#3054 = CIRCLE ( 'NONE', #2229, 0.9500000000000002887 ) ;
#3055 = FACE_BOUND ( 'NONE', #2619, .T. ) ;
#3056 = PLANE ( 'NONE',  #4295 ) ;
#3057 = CYLINDRICAL_SURFACE ( 'NONE', #2281, 3.099999999999995204 ) ;
#3058 = VERTEX_POINT ( 'NONE', #1063 ) ;
#3059 = VERTEX_POINT ( 'NONE', #4209 ) ;
#3060 = VECTOR ( 'NONE', #1937, 1000.000000000000000 ) ;
#3061 = PLANE ( 'NONE',  #170 ) ;
#3062 = PLANE ( 'NONE',  #4445 ) ;
#3063 = EDGE_CURVE ( 'NONE', #69, #3450, #1046, .T. ) ;
#3064 = ORIENTED_EDGE ( 'NONE', *, *, #2324, .F. ) ;
#3065 = AXIS2_PLACEMENT_3D ( 'NONE', #1566, #1917, #143 ) ;
#3066 = ORIENTED_EDGE ( 'NONE', *, *, #3765, .F. ) ;
#3067 = CARTESIAN_POINT ( 'NONE',  ( 0.000000000000000000, 0.000000000000000000, 1.500000000000000000 ) ) ;
#3068 = CARTESIAN_POINT ( 'NONE',  ( -18.69005080008501096, 35.27089408180000163, 5.000000000000000000 ) ) ;
#3069 = DIRECTION ( 'NONE',  ( -1.000000000000000000, 0.000000000000000000, 0.000000000000000000 ) ) ;
#3070 = EDGE_CURVE ( 'NONE', #2193, #3479, #1811, .T. ) ;
#3071 = ORIENTED_EDGE ( 'NONE', *, *, #4426, .T. ) ;
#3072 = EDGE_LOOP ( 'NONE', ( #4294, #2853, #2628, #4366 ) ) ;
#3073 = ADVANCED_FACE ( 'NONE', ( #3597 ), #2094, .F. ) ;
#3074 = CARTESIAN_POINT ( 'NONE',  ( -6.176019910154001202, -35.27084328170000305, 1.840000135221999900 ) ) ;
#3075 = CARTESIAN_POINT ( 'NONE',  ( -6.176019910154001202, -36.30000000000000426, 5.000000000000000000 ) ) ;
#3076 = DIRECTION ( 'NONE',  ( -2.781230391307005911E-16, -1.000000000000000000, 0.000000000000000000 ) ) ;
#3077 = DIRECTION ( 'NONE',  ( 0.000000000000000000, 0.000000000000000000, -1.000000000000000000 ) ) ;
#3078 = CARTESIAN_POINT ( 'NONE',  ( 0.000000000000000000, -27.40006096009999936, 1.500000000000000000 ) ) ;
#3079 = ORIENTED_EDGE ( 'NONE', *, *, #1044, .F. ) ;
#3080 = CARTESIAN_POINT ( 'NONE',  ( 17.94749555500000326, -30.40006096009999936, 2.500000000000000444 ) ) ;
#3081 = CARTESIAN_POINT ( 'NONE',  ( 6.425958851927499715, 31.74086868171549369, 1.499999999999999556 ) ) ;
#3082 = AXIS2_PLACEMENT_3D ( 'NONE', #4396, #2163, #1616 ) ;
#3083 = DIRECTION ( 'NONE',  ( 0.000000000000000000, 0.000000000000000000, -1.000000000000000000 ) ) ;
#3084 = VERTEX_POINT ( 'NONE', #1398 ) ;
#3085 = VERTEX_POINT ( 'NONE', #3930 ) ;
#3086 = AXIS2_PLACEMENT_3D ( 'NONE', #1567, #2999, #4431 ) ;
#3087 = FACE_OUTER_BOUND ( 'NONE', #3493, .T. ) ;
#3088 = EDGE_CURVE ( 'NONE', #3756, #2545, #1672, .T. ) ;
#3089 = CARTESIAN_POINT ( 'NONE',  ( 1.387358394719997223, -35.27084328170000305, 10.89000000000000057 ) ) ;
#3090 = VECTOR ( 'NONE', #1118, 1000.000000000000000 ) ;
#3091 = DIRECTION ( 'NONE',  ( -1.000000000000000000, 0.000000000000000000, 0.000000000000000000 ) ) ;
#3092 = VECTOR ( 'NONE', #1418, 1000.000000000000000 ) ;
#3093 = ORIENTED_EDGE ( 'NONE', *, *, #775, .F. ) ;
#3094 = ORIENTED_EDGE ( 'NONE', *, *, #1809, .F. ) ;
#3095 = VECTOR ( 'NONE', #1954, 1000.000000000000000 ) ;
#3096 = VECTOR ( 'NONE', #2857, 1000.000000000000000 ) ;
#3097 = EDGE_CURVE ( 'NONE', #2264, #2784, #2447, .T. ) ;
#3098 = EDGE_CURVE ( 'NONE', #174, #1499, #4592, .T. ) ;
#3099 = DIRECTION ( 'NONE',  ( 0.000000000000000000, 0.000000000000000000, 1.000000000000000000 ) ) ;
#3100 = PERSON_AND_ORGANIZATION ( #976, #3406 ) ;
#3101 = VERTEX_POINT ( 'NONE', #1740 ) ;
#3102 = VECTOR ( 'NONE', #2895, 1000.000000000000000 ) ;
#3103 = VECTOR ( 'NONE', #1028, 1000.000000000000000 ) ;
#3104 = FACE_OUTER_BOUND ( 'NONE', #1193, .T. ) ;
#3105 = CIRCLE ( 'NONE', #2202, 1.600000000000000755 ) ;
#3106 = FACE_OUTER_BOUND ( 'NONE', #4428, .T. ) ;
#3107 = CARTESIAN_POINT ( 'NONE',  ( -5.226019910154001025, -36.30000000000000426, 2.790000135221999855 ) ) ;
#3108 = DIRECTION ( 'NONE',  ( 1.000000000000000000, 0.000000000000000000, -0.000000000000000000 ) ) ;
#3109 = ORIENTED_EDGE ( 'NONE', *, *, #1289, .F. ) ;
#3110 = DIRECTION ( 'NONE',  ( -1.000000000000000000, 0.000000000000000000, 0.000000000000000000 ) ) ;
#3111 = CARTESIAN_POINT ( 'NONE',  ( -14.16601971390600312, -36.30000000000000426, 1.840000135221999900 ) ) ;
#3112 = PLANE ( 'NONE',  #1071 ) ;
#3113 = ORIENTED_EDGE ( 'NONE', *, *, #2671, .F. ) ;
#3114 = ORIENTED_EDGE ( 'NONE', *, *, #3827, .F. ) ;
#3115 = DIRECTION ( 'NONE',  ( -1.000000000000000000, 0.000000000000000000, 0.000000000000000000 ) ) ;
#3116 = PLANE ( 'NONE',  #915 ) ;
#3117 = FACE_OUTER_BOUND ( 'NONE', #989, .T. ) ;
#3118 = ORIENTED_EDGE ( 'NONE', *, *, #2550, .F. ) ;
#3119 = ORIENTED_EDGE ( 'NONE', *, *, #1947, .T. ) ;
#3120 = DIRECTION ( 'NONE',  ( -0.000000000000000000, 1.000000000000000000, -0.000000000000000000 ) ) ;
#3121 = DATE_AND_TIME ( #1693, #868 ) ;
#3122 = ORIENTED_EDGE ( 'NONE', *, *, #2550, .T. ) ;
#3123 = EDGE_CURVE ( 'NONE', #1343, #258, #1767, .T. ) ;
#3124 = DIRECTION ( 'NONE',  ( 3.561451260254549034E-16, -1.000000000000000000, 0.000000000000000000 ) ) ;
#3125 = LINE ( 'NONE', #3484, #2562 ) ;
#3126 = CARTESIAN_POINT ( 'NONE',  ( 1.387358394719996335, -35.27084328170000305, 7.890000000000001457 ) ) ;
#3127 = CARTESIAN_POINT ( 'NONE',  ( 22.77463296930000070, 26.90006096009999936, 5.000000000000000000 ) ) ;
#3128 = EDGE_CURVE ( 'NONE', #1690, #205, #4441, .T. ) ;
#3129 = ORIENTED_EDGE ( 'NONE', *, *, #1633, .T. ) ;
#3130 = PLANE ( 'NONE',  #501 ) ;
#3131 = CARTESIAN_POINT ( 'NONE',  ( 14.94749555500000326, -30.40006096009999936, 5.000000000000000000 ) ) ;
#3132 = CIRCLE ( 'NONE', #4558, 2.200000000000000622 ) ;
#3133 = DIRECTION ( 'NONE',  ( -1.000000000000000000, 0.000000000000000000, -0.000000000000000000 ) ) ;
#3134 = ORIENTED_EDGE ( 'NONE', *, *, #3351, .F. ) ;
#3135 = ORIENTED_EDGE ( 'NONE', *, *, #4415, .T. ) ;
#3136 = VECTOR ( 'NONE', #4017, 1000.000000000000000 ) ;
#3137 = CARTESIAN_POINT ( 'NONE',  ( -14.84749555500000717, -30.40006096009998515, 0.5999999999999999778 ) ) ;
#3138 = DIRECTION ( 'NONE',  ( -1.000000000000000000, 0.000000000000000000, 0.000000000000000000 ) ) ;
#3139 = DIRECTION ( 'NONE',  ( 0.000000000000000000, 0.000000000000000000, -1.000000000000000000 ) ) ;
#3140 = ORIENTED_EDGE ( 'NONE', *, *, #2351, .T. ) ;
#3141 = ORIENTED_EDGE ( 'NONE', *, *, #4049, .F. ) ;
#3142 = CARTESIAN_POINT ( 'NONE',  ( 14.77297434595850056, 28.21602799331584421, 4.257074440788612080 ) ) ;
#3143 = ORIENTED_EDGE ( 'NONE', *, *, #2242, .F. ) ;
#3144 = CARTESIAN_POINT ( 'NONE',  ( -17.94749555500000326, 30.40006096009998515, 0.5999999999999999778 ) ) ;
#3145 = DIRECTION ( 'NONE',  ( -1.000000000000000000, 0.000000000000000000, 0.000000000000000000 ) ) ;
#3146 = EDGE_CURVE ( 'NONE', #875, #3226, #3171, .T. ) ;
#3147 = CARTESIAN_POINT ( 'NONE',  ( 6.995123190256432366, 33.13198821118272264, 5.542456227884499320 ) ) ;
#3148 = DIRECTION ( 'NONE',  ( -0.000000000000000000, -0.000000000000000000, -1.000000000000000000 ) ) ;
#3149 = DIRECTION ( 'NONE',  ( -0.000000000000000000, 0.000000000000000000, 1.000000000000000000 ) ) ;
#3150 = DIRECTION ( 'NONE',  ( 1.000000000000000000, -1.612686487929613474E-15, 0.000000000000000000 ) ) ;
#3151 = EDGE_CURVE ( 'NONE', #2978, #4389, #4222, .T. ) ;
#3152 = EDGE_CURVE ( 'NONE', #27, #4393, #2489, .T. ) ;
#3153 = DIRECTION ( 'NONE',  ( 1.000000000000000000, 0.000000000000000000, 0.000000000000000000 ) ) ;
#3154 = EDGE_CURVE ( 'NONE', #1175, #1969, #2941, .T. ) ;
#3155 = ORIENTED_EDGE ( 'NONE', *, *, #2258, .T. ) ;
#3156 = ORIENTED_EDGE ( 'NONE', *, *, #451, .F. ) ;
#3157 = LINE ( 'NONE', #2033, #3289 ) ;
#3158 = DIRECTION ( 'NONE',  ( 0.000000000000000000, 0.000000000000000000, 1.000000000000000000 ) ) ;
#3159 = CARTESIAN_POINT ( 'NONE',  ( 7.099466598943449114, 31.74086868171549369, 1.499999999999999556 ) ) ;
#3160 = EDGE_LOOP ( 'NONE', ( #367, #4530, #816, #3379 ) ) ;
#3161 = AXIS2_PLACEMENT_3D ( 'NONE', #4324, #1532, #727 ) ;
#3162 = VERTEX_POINT ( 'NONE', #3644 ) ;
#3163 = AXIS2_PLACEMENT_3D ( 'NONE', #2922, #74, #867 ) ;
#3164 = VECTOR ( 'NONE', #1948, 1000.000000000000000 ) ;
#3165 = CARTESIAN_POINT ( 'NONE',  ( 6.425958851927499715, 27.24086868171549369, 0.000000000000000000 ) ) ;
#3166 = ORIENTED_EDGE ( 'NONE', *, *, #3146, .F. ) ;
#3167 = AXIS2_PLACEMENT_3D ( 'NONE', #214, #1006, #3083 ) ;
#3168 = AXIS2_PLACEMENT_3D ( 'NONE', #4320, #744, #1129 ) ;
#3169 = LINE ( 'NONE', #673, #1416 ) ;
#3170 = FACE_BOUND ( 'NONE', #127, .T. ) ;
#3171 = LINE ( 'NONE', #4606, #3092 ) ;
#3172 = VECTOR ( 'NONE', #1096, 1000.000000000000000 ) ;
#3173 = DIRECTION ( 'NONE',  ( 0.000000000000000000, 0.000000000000000000, 1.000000000000000000 ) ) ;
#3174 = CARTESIAN_POINT ( 'NONE',  ( 14.17297434595850092, 27.24086868171549369, 0.4999999999999995559 ) ) ;
#3175 = CIRCLE ( 'NONE', #1602, 1.600000000000000755 ) ;
#3176 = AXIS2_PLACEMENT_3D ( 'NONE', #4082, #1515, #1495 ) ;
#3177 = CARTESIAN_POINT ( 'NONE',  ( -18.69005080010079567, -35.27084328169999594, 10.89000000000000057 ) ) ;
#3178 = CARTESIAN_POINT ( 'NONE',  ( 0.000000000000000000, -36.30000000000000426, 0.000000000000000000 ) ) ;
#3179 = ORIENTED_EDGE ( 'NONE', *, *, #1576, .T. ) ;
#3180 = EDGE_CURVE ( 'NONE', #3260, #165, #1205, .T. ) ;
#3181 = VERTEX_POINT ( 'NONE', #3263 ) ;
#3182 = EDGE_CURVE ( 'NONE', #3295, #790, #777, .T. ) ;
#3183 = DIRECTION ( 'NONE',  ( 1.000000000000000000, 0.000000000000000000, 0.000000000000000000 ) ) ;
#3184 = AXIS2_PLACEMENT_3D ( 'NONE', #4378, #1509, #3650 ) ;
#3185 = DIRECTION ( 'NONE',  ( -1.000000000000000000, 1.856308247812544131E-16, 0.000000000000000000 ) ) ;
#3186 = ORIENTED_EDGE ( 'NONE', *, *, #3715, .T. ) ;
#3187 = EDGE_CURVE ( 'NONE', #3655, #3728, #2283, .T. ) ;
#3188 = ORIENTED_EDGE ( 'NONE', *, *, #3182, .T. ) ;
#3189 = DIRECTION ( 'NONE',  ( 1.000000000000000000, -0.000000000000000000, 0.000000000000000000 ) ) ;
#3190 = COORDINATED_UNIVERSAL_TIME_OFFSET ( 8, 0, .AHEAD. ) ;
#3191 = ORIENTED_EDGE ( 'NONE', *, *, #363, .F. ) ;
#3192 = CYLINDRICAL_SURFACE ( 'NONE', #2313, 3.099999999999995204 ) ;
#3193 = DIRECTION ( 'NONE',  ( -1.000000000000000000, 0.000000000000000000, 0.000000000000000000 ) ) ;
#3194 = DIRECTION ( 'NONE',  ( -1.000000000000000000, 0.000000000000000000, 0.000000000000000000 ) ) ;
#3195 = CARTESIAN_POINT ( 'NONE',  ( 6.987358394719997534, -36.30000000000000426, 7.889999999999999680 ) ) ;
#3196 = CARTESIAN_POINT ( 'NONE',  ( -22.27465836929999909, 27.40006096009999936, 5.000000000000000000 ) ) ;
#3197 = CYLINDRICAL_SURFACE ( 'NONE', #2136, 4.000000000000000000 ) ;
#3198 = PLANE ( 'NONE',  #4596 ) ;
#3199 = ORIENTED_EDGE ( 'NONE', *, *, #2442, .F. ) ;
#3200 = ORIENTED_EDGE ( 'NONE', *, *, #3903, .F. ) ;
#3201 = DIRECTION ( 'NONE',  ( -0.000000000000000000, -0.000000000000000000, -1.000000000000000000 ) ) ;
#3202 = AXIS2_PLACEMENT_3D ( 'NONE', #4283, #41, #1095 ) ;
#3203 = CARTESIAN_POINT ( 'NONE',  ( 1.387358394719997223, -36.30000000000000426, 10.89000000000000057 ) ) ;
#3204 = EDGE_CURVE ( 'NONE', #201, #1626, #39, .T. ) ;
#3205 = VERTEX_POINT ( 'NONE', #1880 ) ;
#3206 = VECTOR ( 'NONE', #207, 1000.000000000000000 ) ;
#3207 = ORIENTED_EDGE ( 'NONE', *, *, #1500, .T. ) ;
#3208 = AXIS2_PLACEMENT_3D ( 'NONE', #4473, #3369, #142 ) ;
#3209 = ADVANCED_FACE ( 'NONE', ( #2630 ), #415, .T. ) ;
#3210 = EDGE_CURVE ( 'NONE', #4029, #4449, #2909, .T. ) ;
#3211 = CARTESIAN_POINT ( 'NONE',  ( 21.04749555500000469, -30.40006096009999936, 0.5999999999999999778 ) ) ;
#3212 = EDGE_LOOP ( 'NONE', ( #3282, #1030, #1984, #3892 ) ) ;
#3213 = EDGE_CURVE ( 'NONE', #3800, #81, #4348, .T. ) ;
#3214 = ORIENTED_EDGE ( 'NONE', *, *, #421, .F. ) ;
#3215 = CARTESIAN_POINT ( 'NONE',  ( -0.6400114416205009427, 36.29999999999999005, 2.574999950747501654 ) ) ;
#3216 = PLANE ( 'NONE',  #2414 ) ;
#3217 = CARTESIAN_POINT ( 'NONE',  ( 20.29999999999999716, 36.79999999999999005, 10.89000000000000057 ) ) ;
#3218 = CARTESIAN_POINT ( 'NONE',  ( -20.00000000000000000, -36.80000000000000426, 0.000000000000000000 ) ) ;
#3219 = CARTESIAN_POINT ( 'NONE',  ( -0.6400114416205012757, 35.27089408179999452, 2.574999950747501654 ) ) ;
#3220 = CARTESIAN_POINT ( 'NONE',  ( -5.226019910154001025, -36.30000000000000426, 4.049999999999999822 ) ) ;
#3221 = CARTESIAN_POINT ( 'NONE',  ( 0.000000000000000000, 0.000000000000000000, 0.5000000000000000000 ) ) ;
#3222 = ORIENTED_EDGE ( 'NONE', *, *, #2357, .F. ) ;
#3223 = ORIENTED_EDGE ( 'NONE', *, *, #898, .T. ) ;
#3224 = FACE_OUTER_BOUND ( 'NONE', #3368, .T. ) ;
#3225 = DIRECTION ( 'NONE',  ( -1.000000000000000000, 0.000000000000000000, 0.000000000000000000 ) ) ;
#3226 = VERTEX_POINT ( 'NONE', #1908 ) ;
#3227 = ORIENTED_EDGE ( 'NONE', *, *, #4255, .F. ) ;
#3228 = CIRCLE ( 'NONE', #2260, 2.200000000000000622 ) ;
#3229 = CIRCLE ( 'NONE', #1963, 1.599999999999999867 ) ;
#3230 = FACE_OUTER_BOUND ( 'NONE', #3713, .T. ) ;
#3231 = APPROVAL_DATE_TIME ( #1783, #1968 ) ;
#3232 = VERTEX_POINT ( 'NONE', #3287 ) ;
#3233 = ORIENTED_EDGE ( 'NONE', *, *, #3908, .T. ) ;
#3234 = CARTESIAN_POINT ( 'NONE',  ( 7.487358394719997534, -36.80000000000000426, 7.389999999999999680 ) ) ;
#3235 = EDGE_CURVE ( 'NONE', #3038, #340, #2418, .T. ) ;
#3236 = EDGE_CURVE ( 'NONE', #2304, #4449, #2184, .T. ) ;
#3237 = VECTOR ( 'NONE', #4215, 1000.000000000000000 ) ;
#3238 = AXIS2_PLACEMENT_3D ( 'NONE', #2142, #2075, #1719 ) ;
#3239 = CARTESIAN_POINT ( 'NONE',  ( 2.625958851927507887, 6.832968701081627416E-16, -0.0009999999999999158867 ) ) ;
#3240 = CARTESIAN_POINT ( 'NONE',  ( 7.487358394719997534, 36.80100000000000904, 7.890000000000001457 ) ) ;
#3241 = CARTESIAN_POINT ( 'NONE',  ( -5.226019910154001025, -35.27084328170000305, 5.000000000000000000 ) ) ;
#3242 = AXIS2_PLACEMENT_3D ( 'NONE', #1654, #1613, #2690 ) ;
#3243 = VECTOR ( 'NONE', #58, 1000.000000000000000 ) ;
#3244 = LINE ( 'NONE', #331, #2902 ) ;
#3245 = PRODUCT_DEFINITION ( '未知', '', #1392, #806 ) ;
#3246 = VECTOR ( 'NONE', #1731, 1000.000000000000000 ) ;
#3247 = CARTESIAN_POINT ( 'NONE',  ( 6.987358394719996646, -35.27084328170000305, 7.389999999999999680 ) ) ;
#3248 = CARTESIAN_POINT ( 'NONE',  ( 24.30000000000000071, -36.80000000000000426, 0.000000000000000000 ) ) ;
#3249 = DIRECTION ( 'NONE',  ( 1.000000000000000000, 0.000000000000000000, 0.000000000000000000 ) ) ;
#3250 = VERTEX_POINT ( 'NONE', #2255 ) ;
#3251 = AXIS2_PLACEMENT_3D ( 'NONE', #3407, #181, #920 ) ;
#3252 = ORIENTED_EDGE ( 'NONE', *, *, #3182, .F. ) ;
#3253 = CARTESIAN_POINT ( 'NONE',  ( -20.30000000000000071, 36.79999999999999005, 0.000000000000000000 ) ) ;
#3254 = CARTESIAN_POINT ( 'NONE',  ( 18.69002413007999763, -31.18623444247999643, 10.89000000000000057 ) ) ;
#3255 = CC_DESIGN_APPROVAL ( #1968, ( #1392 ) ) ;
#3256 = VERTEX_POINT ( 'NONE', #1134 ) ;
#3257 = ORIENTED_EDGE ( 'NONE', *, *, #2006, .T. ) ;
#3258 = DIRECTION ( 'NONE',  ( 0.000000000000000000, 0.000000000000000000, -1.000000000000000000 ) ) ;
#3259 = VERTEX_POINT ( 'NONE', #63 ) ;
#3260 = VERTEX_POINT ( 'NONE', #2608 ) ;
#3261 = DIRECTION ( 'NONE',  ( -0.000000000000000000, -0.000000000000000000, 1.000000000000000000 ) ) ;
#3262 = CARTESIAN_POINT ( 'NONE',  ( 22.77463296930000070, 31.18628397259999829, 5.000000000000000000 ) ) ;
#3263 = CARTESIAN_POINT ( 'NONE',  ( 19.54749555500000113, -30.40006096009999936, 5.000000000000000000 ) ) ;
#3264 = EDGE_CURVE ( 'NONE', #1427, #75, #3701, .T. ) ;
#3265 = DIRECTION ( 'NONE',  ( -1.000000000000000000, 0.000000000000000000, -1.204669080540017324E-16 ) ) ;
#3266 = CARTESIAN_POINT ( 'NONE',  ( 6.762712725435474859, 33.32168632883735171, -0.001000000000000024307 ) ) ;
#3267 = CARTESIAN_POINT ( 'NONE',  ( 20.14749555500000255, -30.40006096009999936, 11.22253967444162015 ) ) ;
#3268 = DIRECTION ( 'NONE',  ( 1.000000000000000000, 0.000000000000000000, 0.000000000000000000 ) ) ;
#3269 = EDGE_CURVE ( 'NONE', #2194, #3756, #2560, .T. ) ;
#3270 = FACE_OUTER_BOUND ( 'NONE', #2699, .T. ) ;
#3271 = VERTEX_POINT ( 'NONE', #851 ) ;
#3272 = ORIENTED_EDGE ( 'NONE', *, *, #1726, .F. ) ;
#3273 = DIRECTION ( 'NONE',  ( 0.000000000000000000, 0.000000000000000000, -1.000000000000000000 ) ) ;
#3274 = DIRECTION ( 'NONE',  ( -0.000000000000000000, 0.000000000000000000, 1.000000000000000000 ) ) ;
#3275 = CARTESIAN_POINT ( 'NONE',  ( -14.44749555499999616, -35.27084328170000305, 1.500000000000000000 ) ) ;
#3276 = EDGE_LOOP ( 'NONE', ( #2296, #4524, #424, #646, #4344, #1423, #2746, #2547, #3449, #876, #3796, #663, #4361, #1868, #3664, #620, #1222, #618, #1826, #3686, #273, #3541, #1996, #3444 ) ) ;
#3277 = ORIENTED_EDGE ( 'NONE', *, *, #3903, .T. ) ;
#3278 = CIRCLE ( 'NONE', #3357, 2.200000000000000622 ) ;
#3279 = CIRCLE ( 'NONE', #1864, 1.600000000000002531 ) ;
#3280 = CARTESIAN_POINT ( 'NONE',  ( 17.94749555500000326, 30.40006096009999936, 10.89102500000000084 ) ) ;
#3281 = ORIENTED_EDGE ( 'NONE', *, *, #3088, .F. ) ;
#3282 = ORIENTED_EDGE ( 'NONE', *, *, #105, .T. ) ;
#3283 = DIRECTION ( 'NONE',  ( 0.000000000000000000, 0.000000000000000000, -1.000000000000000000 ) ) ;
#3284 = AXIS2_PLACEMENT_3D ( 'NONE', #1241, #168, #2334 ) ;
#3285 = CC_DESIGN_PERSON_AND_ORGANIZATION_ASSIGNMENT ( #3591, #3901, ( #1392 ) ) ;
#3286 = DIRECTION ( 'NONE',  ( 0.000000000000000000, 0.000000000000000000, -1.000000000000000000 ) ) ;
#3287 = CARTESIAN_POINT ( 'NONE',  ( 14.94749555500000149, -34.77084328169999594, 1.500000000000000000 ) ) ;
#3288 = CARTESIAN_POINT ( 'NONE',  ( -20.30000000000000071, 36.79999999999999005, 0.000000000000000000 ) ) ;
#3289 = VECTOR ( 'NONE', #1386, 1000.000000000000000 ) ;
#3290 = DIRECTION ( 'NONE',  ( 1.000000000000000000, 0.000000000000000000, 0.000000000000000000 ) ) ;
#3291 = EDGE_CURVE ( 'NONE', #1626, #3800, #2191, .T. ) ;
#3292 = DIRECTION ( 'NONE',  ( 1.000000000000000000, 0.000000000000000000, 0.000000000000000000 ) ) ;
#3293 = DIRECTION ( 'NONE',  ( -1.000000000000000000, 0.000000000000000000, -0.000000000000000000 ) ) ;
#3294 = CYLINDRICAL_SURFACE ( 'NONE', #2199, 1.600000000000000755 ) ;
#3295 = VERTEX_POINT ( 'NONE', #3722 ) ;
#3296 = VERTEX_POINT ( 'NONE', #1533 ) ;
#3297 = CARTESIAN_POINT ( 'NONE',  ( -24.30000000000000071, -32.80000000000001137, 1.500000000000000000 ) ) ;
#3298 = EDGE_CURVE ( 'NONE', #3205, #941, #750, .T. ) ;
#3299 = EDGE_CURVE ( 'NONE', #3345, #2917, #1184, .T. ) ;
#3300 = CYLINDRICAL_SURFACE ( 'NONE', #3065, 0.5000000000000004441 ) ;
#3301 = PLANE ( 'NONE',  #1374 ) ;
#3302 = ORIENTED_EDGE ( 'NONE', *, *, #3936, .T. ) ;
#3303 = VERTEX_POINT ( 'NONE', #1112 ) ;
#3304 = EDGE_CURVE ( 'NONE', #1712, #2773, #4519, .T. ) ;
#3305 = CARTESIAN_POINT ( 'NONE',  ( 10.85869561427642260, 33.14352870813628016, 5.542456227884499320 ) ) ;
#3306 = ORIENTED_EDGE ( 'NONE', *, *, #4279, .T. ) ;
#3307 = VERTEX_POINT ( 'NONE', #396 ) ;
#3308 = DIRECTION ( 'NONE',  ( -1.000000000000000000, 0.000000000000000000, 0.000000000000000000 ) ) ;
#3309 = AXIS2_PLACEMENT_3D ( 'NONE', #996, #3310, #4481 ) ;
#3310 = DIRECTION ( 'NONE',  ( 0.000000000000000000, 0.000000000000000000, -1.000000000000000000 ) ) ;
#3311 = CARTESIAN_POINT ( 'NONE',  ( 22.27463296929998293, -26.90006096009999936, 1.499999999999999556 ) ) ;
#3312 = DIRECTION ( 'NONE',  ( 0.000000000000000000, 0.000000000000000000, 1.000000000000000000 ) ) ;
#3313 = CIRCLE ( 'NONE', #3391, 2.200000000000000622 ) ;
#3314 = DIRECTION ( 'NONE',  ( 0.000000000000000000, 1.000000000000000000, 0.000000000000000000 ) ) ;
#3315 = LINE ( 'NONE', #1137, #30 ) ;
#3316 = AXIS2_PLACEMENT_3D ( 'NONE', #4446, #1237, #2190 ) ;
#3317 = DIRECTION ( 'NONE',  ( -1.000000000000000000, 0.000000000000000000, 0.000000000000000000 ) ) ;
#3318 = AXIS2_PLACEMENT_3D ( 'NONE', #1025, #728, #4258 ) ;
#3319 = DIRECTION ( 'NONE',  ( -0.000000000000000000, -0.000000000000000000, -1.000000000000000000 ) ) ;
#3320 = ORIENTED_EDGE ( 'NONE', *, *, #4637, .T. ) ;
#3321 = VERTEX_POINT ( 'NONE', #4113 ) ;
#3322 = AXIS2_PLACEMENT_3D ( 'NONE', #903, #973, #2001 ) ;
#3323 = DIRECTION ( 'NONE',  ( -0.000000000000000000, -0.000000000000000000, 1.000000000000000000 ) ) ;
#3324 = FACE_OUTER_BOUND ( 'NONE', #4435, .T. ) ;
#3325 = CARTESIAN_POINT ( 'NONE',  ( -24.30000000000000071, 32.79999999999999005, 1.500000000000000000 ) ) ;
#3326 = CIRCLE ( 'NONE', #544, 0.5000000000000004441 ) ;
#3327 = EDGE_CURVE ( 'NONE', #2552, #3631, #556, .T. ) ;
#3328 = CIRCLE ( 'NONE', #2504, 0.5000000000000004441 ) ;
#3329 = EDGE_CURVE ( 'NONE', #3941, #32, #235, .T. ) ;
#3330 = ORIENTED_EDGE ( 'NONE', *, *, #4360, .F. ) ;
#3331 = ORIENTED_EDGE ( 'NONE', *, *, #1922, .F. ) ;
#3332 = AXIS2_PLACEMENT_3D ( 'NONE', #1909, #1881, #1185 ) ;
#3333 = DIRECTION ( 'NONE',  ( 1.000000000000000000, 0.000000000000000000, 0.000000000000000000 ) ) ;
#3334 = EDGE_CURVE ( 'NONE', #167, #4612, #3543, .T. ) ;
#3335 = EDGE_LOOP ( 'NONE', ( #4132, #3783, #1335, #2876 ) ) ;
#3336 = VERTEX_POINT ( 'NONE', #3074 ) ;
#3337 = CARTESIAN_POINT ( 'NONE',  ( -15.74749555500000042, -30.40006096009999936, 11.22253967444162015 ) ) ;
#3338 = CARTESIAN_POINT ( 'NONE',  ( 14.17297434595850092, 31.74086868171549369, 13.14817582284883635 ) ) ;
#3339 = CARTESIAN_POINT ( 'NONE',  ( 20.00000000000000000, -36.80000000000000426, 10.89000000000000057 ) ) ;
#3340 = CYLINDRICAL_SURFACE ( 'NONE', #4112, 3.100000000000000533 ) ;
#3341 = FACE_OUTER_BOUND ( 'NONE', #3830, .T. ) ;
#3342 = CARTESIAN_POINT ( 'NONE',  ( -20.30000000000000071, 36.79999999999999005, 10.89000000000000057 ) ) ;
#3343 = FACE_OUTER_BOUND ( 'NONE', #3948, .T. ) ;
#3344 = EDGE_LOOP ( 'NONE', ( #2017, #3079, #770, #3534 ) ) ;
#3345 = VERTEX_POINT ( 'NONE', #4181 ) ;
#3346 = CARTESIAN_POINT ( 'NONE',  ( 17.94749555500000326, 27.40006096009999936, 5.000000000000000000 ) ) ;
#3347 = CARTESIAN_POINT ( 'NONE',  ( -22.77465836929999909, 26.90006096009999936, 1.500000000000000000 ) ) ;
#3348 = FACE_OUTER_BOUND ( 'NONE', #3459, .T. ) ;
#3349 = ORIENTED_EDGE ( 'NONE', *, *, #1862, .T. ) ;
#3350 = VERTEX_POINT ( 'NONE', #3031 ) ;
#3351 = EDGE_CURVE ( 'NONE', #3631, #2599, #533, .T. ) ;
#3352 = LINE ( 'NONE', #484, #1676 ) ;
#3353 = ORIENTED_EDGE ( 'NONE', *, *, #3334, .T. ) ;
#3354 = ORIENTED_EDGE ( 'NONE', *, *, #2842, .F. ) ;
#3355 = ADVANCED_FACE ( 'NONE', ( #579, #1574 ), #1597, .F. ) ;
#3356 = EDGE_CURVE ( 'NONE', #1265, #4299, #2747, .T. ) ;
#3357 = AXIS2_PLACEMENT_3D ( 'NONE', #3554, #2825, #2563 ) ;
#3358 = CARTESIAN_POINT ( 'NONE',  ( 22.77463296929997583, -31.18623580853164157, 10.89000000000000057 ) ) ;
#3359 = EDGE_CURVE ( 'NONE', #2763, #4144, #943, .T. ) ;
#3360 = CARTESIAN_POINT ( 'NONE',  ( 2.625958851927501225, 26.74086868171549369, 0.000000000000000000 ) ) ;
#3361 = VECTOR ( 'NONE', #3863, 1000.000000000000000 ) ;
#3362 = DIRECTION ( 'NONE',  ( -1.000000000000000000, 0.000000000000000000, -1.445602896647339656E-16 ) ) ;
#3363 = CARTESIAN_POINT ( 'NONE',  ( -14.94749555500000149, -34.77084328169999594, 5.000000000000000000 ) ) ;
#3364 = VECTOR ( 'NONE', #4407, 1000.000000000000000 ) ;
#3365 = DIRECTION ( 'NONE',  ( -1.000000000000000000, 0.000000000000000000, 0.000000000000000000 ) ) ;
#3366 = CARTESIAN_POINT ( 'NONE',  ( 3.225958851927499094, 26.74086868171549369, 0.4999999999999995559 ) ) ;
#3367 = ORIENTED_EDGE ( 'NONE', *, *, #337, .F. ) ;
#3368 = EDGE_LOOP ( 'NONE', ( #2757, #4131, #2533, #3660 ) ) ;
#3369 = DIRECTION ( 'NONE',  ( 0.000000000000000000, -0.000000000000000000, 1.000000000000000000 ) ) ;
#3370 = DIRECTION ( 'NONE',  ( -0.000000000000000000, 0.000000000000000000, 1.000000000000000000 ) ) ;
#3371 = FACE_BOUND ( 'NONE', #3738, .T. ) ;
#3372 = VERTEX_POINT ( 'NONE', #967 ) ;
#3373 = VERTEX_POINT ( 'NONE', #3051 ) ;
#3374 = DIRECTION ( 'NONE',  ( 0.000000000000000000, 0.000000000000000000, -1.000000000000000000 ) ) ;
#3375 = ORIENTED_EDGE ( 'NONE', *, *, #4163, .T. ) ;
#3376 = ORIENTED_EDGE ( 'NONE', *, *, #2382, .T. ) ;
#3377 = LINE ( 'NONE', #3005, #3849 ) ;
#3378 = CALENDAR_DATE ( 2024, 22, 5 ) ;
#3379 = ORIENTED_EDGE ( 'NONE', *, *, #363, .T. ) ;
#3380 = ADVANCED_FACE ( 'NONE', ( #2395 ), #180, .F. ) ;
#3381 = ADVANCED_FACE ( 'NONE', ( #1231 ), #2019, .T. ) ;
#3382 = PLANE ( 'NONE',  #423 ) ;
#3383 = CARTESIAN_POINT ( 'NONE',  ( 14.94749555500000149, 34.77089408179999452, 1.500000000000000000 ) ) ;
#3384 = LINE ( 'NONE', #3749, #1305 ) ;
#3385 = DIRECTION ( 'NONE',  ( 0.000000000000000000, 0.000000000000000000, -1.000000000000000000 ) ) ;
#3386 = VECTOR ( 'NONE', #3643, 1000.000000000000000 ) ;
#3387 = EDGE_CURVE ( 'NONE', #4029, #3899, #3377, .T. ) ;
#3388 = ORIENTED_EDGE ( 'NONE', *, *, #2926, .T. ) ;
#3389 = ORIENTED_EDGE ( 'NONE', *, *, #2696, .T. ) ;
#3390 = DIRECTION ( 'NONE',  ( 1.000000000000000000, 0.000000000000000000, 0.000000000000000000 ) ) ;
#3391 = AXIS2_PLACEMENT_3D ( 'NONE', #144, #1516, #2950 ) ;
#3392 = AXIS2_PLACEMENT_3D ( 'NONE', #3452, #3478, #2657 ) ;
#3393 = CARTESIAN_POINT ( 'NONE',  ( 20.00000000000000000, -36.80000000000000426, 10.89000000000000057 ) ) ;
#3394 = DIRECTION ( 'NONE',  ( 0.000000000000000000, 0.000000000000000000, -1.000000000000000000 ) ) ;
#3395 = ORIENTED_EDGE ( 'NONE', *, *, #1037, .F. ) ;
#3396 = CIRCLE ( 'NONE', #1746, 0.4999999999999995559 ) ;
#3397 = VECTOR ( 'NONE', #3638, 1000.000000000000000 ) ;
#3398 = ORIENTED_EDGE ( 'NONE', *, *, #1015, .F. ) ;
#3399 = CYLINDRICAL_SURFACE ( 'NONE', #3082, 3.099999999999995204 ) ;
#3400 = AXIS2_PLACEMENT_3D ( 'NONE', #4551, #2439, #1469 ) ;
#3401 = DIRECTION ( 'NONE',  ( 0.000000000000000000, 1.000000000000000000, 0.000000000000000000 ) ) ;
#3402 = EDGE_LOOP ( 'NONE', ( #1120, #4033, #1491, #3186 ) ) ;
#3403 = ORIENTED_EDGE ( 'NONE', *, *, #2646, .T. ) ;
#3404 = VECTOR ( 'NONE', #636, 1000.000000000000000 ) ;
#3405 = CARTESIAN_POINT ( 'NONE',  ( 2.625958851927507887, 6.832968701081627416E-16, 0.000000000000000000 ) ) ;
#3406 = ORGANIZATION ( '未指定', '未指定', '' ) ;
#3407 = CARTESIAN_POINT ( 'NONE',  ( -17.94749555500000326, -30.40006096009999936, 11.22253967444162015 ) ) ;
#3408 = LINE ( 'NONE', #4557, #2234 ) ;
#3409 = CARTESIAN_POINT ( 'NONE',  ( 7.099466598943449114, 31.74086868171549369, 2.100000000000000089 ) ) ;
#3410 = ADVANCED_FACE ( 'NONE', ( #899 ), #509, .T. ) ;
#3411 = DIRECTION ( 'NONE',  ( 0.000000000000000000, 0.000000000000000000, 1.000000000000000000 ) ) ;
#3412 = CARTESIAN_POINT ( 'NONE',  ( -17.94749555500000326, 30.40006096009999936, 10.89102500000000084 ) ) ;
#3413 = ORIENTED_EDGE ( 'NONE', *, *, #2130, .T. ) ;
#3414 = ORIENTED_EDGE ( 'NONE', *, *, #3443, .F. ) ;
#3415 = LINE ( 'NONE', #2687, #2992 ) ;
#3416 = LINE ( 'NONE', #2057, #1600 ) ;
#3417 = EDGE_CURVE ( 'NONE', #786, #431, #85, .T. ) ;
#3418 = LINE ( 'NONE', #3491, #234 ) ;
#3419 = EDGE_CURVE ( 'NONE', #2929, #3307, #1973, .T. ) ;
#3420 = ORIENTED_EDGE ( 'NONE', *, *, #2295, .F. ) ;
#3421 = ORIENTED_EDGE ( 'NONE', *, *, #4248, .T. ) ;
#3422 = DIRECTION ( 'NONE',  ( -1.000000000000000000, 0.000000000000000000, 0.000000000000000000 ) ) ;
#3423 = DIRECTION ( 'NONE',  ( -0.000000000000000000, -0.000000000000000000, 1.000000000000000000 ) ) ;
#3424 = DIRECTION ( 'NONE',  ( -0.000000000000000000, -0.000000000000000000, -1.000000000000000000 ) ) ;
#3425 = ORIENTED_EDGE ( 'NONE', *, *, #246, .F. ) ;
#3426 = ORIENTED_EDGE ( 'NONE', *, *, #225, .F. ) ;
#3427 = CARTESIAN_POINT ( 'NONE',  ( 9.787358394719998245, -36.30000000000000426, 5.290000000000000924 ) ) ;
#3428 = DIRECTION ( 'NONE',  ( 1.000000000000000000, 0.000000000000000000, 0.000000000000000000 ) ) ;
#3429 = ORIENTED_EDGE ( 'NONE', *, *, #2013, .T. ) ;
#3430 = LINE ( 'NONE', #259, #1788 ) ;
#3431 = CIRCLE ( 'NONE', #3202, 0.9499999999999998446 ) ;
#3432 = LINE ( 'NONE', #1648, #743 ) ;
#3433 = CARTESIAN_POINT ( 'NONE',  ( -0.000000000000000000, 26.74086868171549369, 1.500000000000000000 ) ) ;
#3434 = CARTESIAN_POINT ( 'NONE',  ( 12.57297434595849950, 31.74086868171549369, 1.500000000000000000 ) ) ;
#3435 = AXIS2_PLACEMENT_3D ( 'NONE', #3144, #1023, #2445 ) ;
#3436 = EDGE_LOOP ( 'NONE', ( #2363, #2219, #2523, #36 ) ) ;
#3437 = EDGE_CURVE ( 'NONE', #2923, #2553, #203, .T. ) ;
#3438 = CARTESIAN_POINT ( 'NONE',  ( 1.387358394719997223, -35.27084328170000305, 10.89000000000000057 ) ) ;
#3439 = AXIS2_PLACEMENT_3D ( 'NONE', #1054, #2082, #3115 ) ;
#3440 = DIRECTION ( 'NONE',  ( 0.000000000000000000, 0.000000000000000000, 1.000000000000000000 ) ) ;
#3441 = CARTESIAN_POINT ( 'NONE',  ( 18.69002285999365753, 35.27089408179999452, 10.89000000000000057 ) ) ;
#3442 = VERTEX_POINT ( 'NONE', #1252 ) ;
#3443 = EDGE_CURVE ( 'NONE', #3271, #81, #2719, .T. ) ;
#3444 = ORIENTED_EDGE ( 'NONE', *, *, #3264, .T. ) ;
#3445 = EDGE_CURVE ( 'NONE', #4265, #4470, #4464, .T. ) ;
#3446 = PLANE ( 'NONE',  #4412 ) ;
#3447 = CARTESIAN_POINT ( 'NONE',  ( -13.21601971390600383, -35.27084328170000305, 2.790000135221999855 ) ) ;
#3448 = CARTESIAN_POINT ( 'NONE',  ( 3.225958851927499982, 31.74086868171549369, 1.500000000000000000 ) ) ;
#3449 = ORIENTED_EDGE ( 'NONE', *, *, #3469, .F. ) ;
#3450 = VERTEX_POINT ( 'NONE', #1430 ) ;
#3451 = EDGE_CURVE ( 'NONE', #340, #1703, #3522, .T. ) ;
#3452 = CARTESIAN_POINT ( 'NONE',  ( 18.69005080008499675, -31.18628651258499573, 5.000000000000000000 ) ) ;
#3453 = DIRECTION ( 'NONE',  ( -1.000000000000000000, 0.000000000000000000, 0.000000000000000000 ) ) ;
#3454 = DIRECTION ( 'NONE',  ( -0.000000000000000000, -0.000000000000000000, 1.000000000000000000 ) ) ;
#3455 = CYLINDRICAL_SURFACE ( 'NONE', #4214, 1.600000000000000755 ) ;
#3456 = CARTESIAN_POINT ( 'NONE',  ( -14.44749555499999971, 35.27089408180000163, 10.89000000000000057 ) ) ;
#3457 = DIRECTION ( 'NONE',  ( -1.000000000000000000, 2.168404344971009115E-16, -0.000000000000000000 ) ) ;
#3458 = VERTEX_POINT ( 'NONE', #275 ) ;
#3459 = EDGE_LOOP ( 'NONE', ( #1334, #1584, #2602, #268 ) ) ;
#3460 = VECTOR ( 'NONE', #3976, 1000.000000000000000 ) ;
#3461 = DIRECTION ( 'NONE',  ( -0.000000000000000000, -0.000000000000000000, 1.000000000000000000 ) ) ;
#3462 = FACE_OUTER_BOUND ( 'NONE', #4613, .T. ) ;
#3463 = ORIENTED_EDGE ( 'NONE', *, *, #3204, .T. ) ;
#3464 = ORIENTED_EDGE ( 'NONE', *, *, #3437, .T. ) ;
#3465 = CARTESIAN_POINT ( 'NONE',  ( -6.176019910154001202, -36.80100000000001614, 2.790000135221999855 ) ) ;
#3466 = AXIS2_PLACEMENT_3D ( 'NONE', #1645, #3832, #2369 ) ;
#3467 = CARTESIAN_POINT ( 'NONE',  ( 10.28735839471999824, -35.27084328170000305, 7.890000000000001457 ) ) ;
#3468 = EDGE_CURVE ( 'NONE', #982, #2153, #1085, .T. ) ;
#3469 = EDGE_CURVE ( 'NONE', #1914, #2773, #4618, .T. ) ;
#3470 = VECTOR ( 'NONE', #2146, 1000.000000000000000 ) ;
#3471 = CARTESIAN_POINT ( 'NONE',  ( -0.6400114416205014978, 35.27089408179999452, 4.574999950747501209 ) ) ;
#3472 = VECTOR ( 'NONE', #3880, 1000.000000000000000 ) ;
#3473 = ORIENTED_EDGE ( 'NONE', *, *, #3151, .F. ) ;
#3474 = EDGE_LOOP ( 'NONE', ( #3861, #1593 ) ) ;
#3475 = VECTOR ( 'NONE', #322, 1000.000000000000000 ) ;
#3476 = EDGE_CURVE ( 'NONE', #3846, #833, #2871, .T. ) ;
#3477 = EDGE_CURVE ( 'NONE', #526, #1175, #698, .T. ) ;
#3478 = DIRECTION ( 'NONE',  ( 0.000000000000000000, 0.000000000000000000, -1.000000000000000000 ) ) ;
#3479 = VERTEX_POINT ( 'NONE', #2818 ) ;
#3480 = CIRCLE ( 'NONE', #2576, 3.099999999999995204 ) ;
#3481 = AXIS2_PLACEMENT_3D ( 'NONE', #2314, #1611, #4474 ) ;
#3482 = CARTESIAN_POINT ( 'NONE',  ( 0.000000000000000000, 26.74086868171549369, 0.000000000000000000 ) ) ;
#3483 = VECTOR ( 'NONE', #1929, 1000.000000000000000 ) ;
#3484 = CARTESIAN_POINT ( 'NONE',  ( 14.38735839471999967, -36.80100000000001614, 10.89000000000000057 ) ) ;
#3485 = CARTESIAN_POINT ( 'NONE',  ( 1.387358394719997223, -31.96025421025350255, 10.89000000000000057 ) ) ;
#3486 = DIRECTION ( 'NONE',  ( 1.000000000000000000, 0.000000000000000000, 0.000000000000000000 ) ) ;
#3487 = EDGE_LOOP ( 'NONE', ( #879, #4334, #1474, #2860 ) ) ;
#3488 = LINE ( 'NONE', #1376, #1781 ) ;
#3489 = DIRECTION ( 'NONE',  ( -1.000000000000000000, 0.000000000000000000, 0.000000000000000000 ) ) ;
#3490 = AXIS2_PLACEMENT_3D ( 'NONE', #1911, #42, #1486 ) ;
#3491 = CARTESIAN_POINT ( 'NONE',  ( 14.94749555500000326, 30.40006096009999936, 5.000000000000000000 ) ) ;
#3492 = ORIENTED_EDGE ( 'NONE', *, *, #2618, .T. ) ;
#3493 = EDGE_LOOP ( 'NONE', ( #511, #2780 ) ) ;
#3494 = CARTESIAN_POINT ( 'NONE',  ( -19.54749555500000113, 30.40006096009999936, 2.500000000000000444 ) ) ;
#3495 = CARTESIAN_POINT ( 'NONE',  ( 17.94749555500000326, 30.40006096009999936, 0.5999999999999998668 ) ) ;
#3496 = CARTESIAN_POINT ( 'NONE',  ( -17.94749555500000326, -27.40006096009999936, 5.000000000000000000 ) ) ;
#3497 = EDGE_LOOP ( 'NONE', ( #1991, #3029, #3207, #969 ) ) ;
#3498 = VERTEX_POINT ( 'NONE', #630 ) ;
#3499 = EDGE_CURVE ( 'NONE', #2625, #2155, #991, .T. ) ;
#3500 = CARTESIAN_POINT ( 'NONE',  ( 0.000000000000000000, -27.40006096009999936, 1.500000000000000000 ) ) ;
#3501 = APPROVAL_DATE_TIME ( #699, #792 ) ;
#3502 = ORIENTED_EDGE ( 'NONE', *, *, #480, .T. ) ;
#3503 = CARTESIAN_POINT ( 'NONE',  ( 14.94749555500001215, 5.323477688200406227E-15, 5.000000000000000000 ) ) ;
#3504 = ADVANCED_FACE ( 'NONE', ( #1412 ), #2838, .F. ) ;
#3505 = EDGE_CURVE ( 'NONE', #3530, #2206, #4151, .T. ) ;
#3506 = DIRECTION ( 'NONE',  ( 0.000000000000000000, 0.000000000000000000, 1.000000000000000000 ) ) ;
#3507 = DIRECTION ( 'NONE',  ( -1.000000000000000000, 0.000000000000000000, -0.000000000000000000 ) ) ;
#3508 = DIRECTION ( 'NONE',  ( -0.000000000000000000, 1.000000000000000000, -0.000000000000000000 ) ) ;
#3509 = CARTESIAN_POINT ( 'NONE',  ( 10.97297434595849630, 26.74086868171549369, -0.0009999999999999158867 ) ) ;
#3510 = DIRECTION ( 'NONE',  ( 3.561451260254549034E-16, -1.000000000000000000, 0.000000000000000000 ) ) ;
#3511 = VECTOR ( 'NONE', #802, 1000.000000000000000 ) ;
#3512 = LINE ( 'NONE', #3577, #3090 ) ;
#3513 = ORIENTED_EDGE ( 'NONE', *, *, #2722, .F. ) ;
#3514 = ORIENTED_EDGE ( 'NONE', *, *, #1985, .T. ) ;
#3515 = VECTOR ( 'NONE', #2423, 1000.000000000000000 ) ;
#3516 = CARTESIAN_POINT ( 'NONE',  ( 15.74749555500000042, 30.40006096009999936, 11.22253967444162015 ) ) ;
#3517 = CARTESIAN_POINT ( 'NONE',  ( -20.14749555500000255, -30.40006096009999936, 2.500000000000000444 ) ) ;
#3518 = CIRCLE ( 'NONE', #3820, 1.600000000000000755 ) ;
#3519 = DIRECTION ( 'NONE',  ( -1.000000000000000000, 0.000000000000000000, 0.000000000000000000 ) ) ;
#3520 = ORIENTED_EDGE ( 'NONE', *, *, #1696, .F. ) ;
#3521 = ORIENTED_EDGE ( 'NONE', *, *, #2588, .T. ) ;
#3522 = LINE ( 'NONE', #3211, #1524 ) ;
#3523 = ORIENTED_EDGE ( 'NONE', *, *, #594, .T. ) ;
#3524 = DIRECTION ( 'NONE',  ( 0.000000000000000000, -1.000000000000000000, 0.000000000000000000 ) ) ;
#3525 = LINE ( 'NONE', #2864, #3988 ) ;
#3526 = DIRECTION ( 'NONE',  ( -0.000000000000000000, 1.000000000000000000, -0.000000000000000000 ) ) ;
#3527 = EDGE_CURVE ( 'NONE', #3689, #2545, #4253, .T. ) ;
#3529 = EDGE_CURVE ( 'NONE', #1427, #833, #722, .T. ) ;
#3528 = DIRECTION ( 'NONE',  ( -1.000000000000000000, 0.000000000000000000, 0.000000000000000000 ) ) ;
#3530 = VERTEX_POINT ( 'NONE', #3568 ) ;
#3531 = CARTESIAN_POINT ( 'NONE',  ( -14.84749555500000717, 30.40006096009998515, 0.5999999999999999778 ) ) ;
#3532 = FACE_BOUND ( 'NONE', #4287, .T. ) ;
#3533 = ORIENTED_EDGE ( 'NONE', *, *, #4049, .T. ) ;
#3534 = ORIENTED_EDGE ( 'NONE', *, *, #2490, .T. ) ;
#3535 = LINE ( 'NONE', #4573, #1639 ) ;
#3536 = AXIS2_PLACEMENT_3D ( 'NONE', #2488, #3549, #3145 ) ;
#3537 = DIRECTION ( 'NONE',  ( -0.000000000000000000, 1.000000000000000000, -0.000000000000000000 ) ) ;
#3538 = CARTESIAN_POINT ( 'NONE',  ( -20.14749555500000255, -30.40006096009999936, 11.22253967444162015 ) ) ;
#3539 = ORIENTED_EDGE ( 'NONE', *, *, #4477, .F. ) ;
#3540 = VECTOR ( 'NONE', #1104, 1000.000000000000000 ) ;
#3541 = ORIENTED_EDGE ( 'NONE', *, *, #3476, .T. ) ;
#3542 = VECTOR ( 'NONE', #31, 1000.000000000000000 ) ;
#3543 = CIRCLE ( 'NONE', #2863, 3.099999999999995204 ) ;
#3544 = CARTESIAN_POINT ( 'NONE',  ( 9.787358394719998245, 36.80100000000000904, 7.890000000000001457 ) ) ;
#3545 = ORIENTED_EDGE ( 'NONE', *, *, #4486, .T. ) ;
#3546 = VECTOR ( 'NONE', #1402, 1000.000000000000000 ) ;
#3547 = VECTOR ( 'NONE', #1270, 1000.000000000000000 ) ;
#3548 = DIRECTION ( 'NONE',  ( -0.000000000000000000, -0.000000000000000000, 1.000000000000000000 ) ) ;
#3549 = DIRECTION ( 'NONE',  ( -0.000000000000000000, -0.000000000000000000, -1.000000000000000000 ) ) ;
#3550 = DIRECTION ( 'NONE',  ( -0.000000000000000000, -0.000000000000000000, 1.000000000000000000 ) ) ;
#3551 = VECTOR ( 'NONE', #2240, 1000.000000000000000 ) ;
#3552 = AXIS2_PLACEMENT_3D ( 'NONE', #4626, #711, #682 ) ;
#3553 = LINE ( 'NONE', #3907, #1534 ) ;
#3554 = CARTESIAN_POINT ( 'NONE',  ( 17.94749555500000326, -30.40006096009999936, 0.5999999999999998668 ) ) ;
#3555 = CIRCLE ( 'NONE', #1315, 3.100000000000001865 ) ;
#3556 = EDGE_CURVE ( 'NONE', #3373, #355, #670, .T. ) ;
#3557 = DIRECTION ( 'NONE',  ( 2.168404344971009115E-16, 1.000000000000000000, 0.000000000000000000 ) ) ;
#3558 = DIRECTION ( 'NONE',  ( -0.000000000000000000, -1.000000000000000000, -0.000000000000000000 ) ) ;
#3559 = CC_DESIGN_APPROVAL ( #2416, ( #3245 ) ) ;
#3560 = ORIENTED_EDGE ( 'NONE', *, *, #2005, .T. ) ;
#3561 = VERTEX_POINT ( 'NONE', #1714 ) ;
#3562 = DIRECTION ( 'NONE',  ( -0.000000000000000000, -0.000000000000000000, 1.000000000000000000 ) ) ;
#3563 = ADVANCED_FACE ( 'NONE', ( #2157 ), #1692, .F. ) ;
#3564 = LINE ( 'NONE', #1918, #79 ) ;
#3565 = EDGE_CURVE ( 'NONE', #3795, #990, #4274, .T. ) ;
#3566 = ORIENTED_EDGE ( 'NONE', *, *, #1153, .T. ) ;
#3567 = ORIENTED_EDGE ( 'NONE', *, *, #2442, .T. ) ;
#3568 = CARTESIAN_POINT ( 'NONE',  ( 6.425958851927499715, 26.74086868171549369, 0.000000000000000000 ) ) ;
#3569 = ORIENTED_EDGE ( 'NONE', *, *, #3180, .F. ) ;
#3570 = VERTEX_POINT ( 'NONE', #4554 ) ;
#3571 = DIRECTION ( 'NONE',  ( -1.000000000000000000, 0.000000000000000000, 0.000000000000000000 ) ) ;
#3572 = CARTESIAN_POINT ( 'NONE',  ( 12.57297434595849950, 31.74086868171549369, 2.100000000000000089 ) ) ;
#3573 = CARTESIAN_POINT ( 'NONE',  ( 2.625958851927507887, 6.832968701081627416E-16, 1.500000000000000000 ) ) ;
#3574 = DIRECTION ( 'NONE',  ( -0.000000000000000000, -0.000000000000000000, 1.000000000000000000 ) ) ;
#3575 = CARTESIAN_POINT ( 'NONE',  ( 18.69002285999365753, 35.27089408179999452, 10.89000000000000057 ) ) ;
#3576 = CARTESIAN_POINT ( 'NONE',  ( 6.987358394719996646, -35.27084328170000305, 7.890000000000001457 ) ) ;
#3577 = CARTESIAN_POINT ( 'NONE',  ( 0.000000000000000000, 35.27089408180000163, 5.000000000000000000 ) ) ;
#3578 = EDGE_CURVE ( 'NONE', #990, #2149, #1058, .T. ) ;
#3579 = ORIENTED_EDGE ( 'NONE', *, *, #2618, .F. ) ;
#3580 = ORIENTED_EDGE ( 'NONE', *, *, #1500, .F. ) ;
#3581 = DIRECTION ( 'NONE',  ( -1.000000000000000000, 0.000000000000000000, 0.000000000000000000 ) ) ;
#3582 = VECTOR ( 'NONE', #4350, 1000.000000000000000 ) ;
#3583 = DIRECTION ( 'NONE',  ( 0.000000000000000000, 0.000000000000000000, -1.000000000000000000 ) ) ;
#3584 = EDGE_CURVE ( 'NONE', #149, #4588, #3923, .T. ) ;
#3585 = EDGE_CURVE ( 'NONE', #2316, #2627, #1734, .T. ) ;
#3586 = EDGE_LOOP ( 'NONE', ( #4599, #4433, #1962, #2394 ) ) ;
#3587 = AXIS2_PLACEMENT_3D ( 'NONE', #2454, #1405, #1753 ) ;
#3588 = EDGE_LOOP ( 'NONE', ( #460, #1192, #178, #3016, #3744, #1404, #2485, #2275 ) ) ;
#3589 = VECTOR ( 'NONE', #1514, 1000.000000000000000 ) ;
#3590 = DIRECTION ( 'NONE',  ( 0.000000000000000000, 0.000000000000000000, -1.000000000000000000 ) ) ;
#3591 = PERSON_AND_ORGANIZATION ( #976, #3406 ) ;
#3592 = EDGE_CURVE ( 'NONE', #4250, #149, #2794, .T. ) ;
#3593 = ORIENTED_EDGE ( 'NONE', *, *, #2319, .T. ) ;
#3594 = ORIENTED_EDGE ( 'NONE', *, *, #215, .T. ) ;
#3595 = FACE_OUTER_BOUND ( 'NONE', #3944, .T. ) ;
#3596 = DIRECTION ( 'NONE',  ( -1.000000000000000000, 0.000000000000000000, 0.000000000000000000 ) ) ;
#3597 = FACE_OUTER_BOUND ( 'NONE', #1247, .T. ) ;
#3598 = CARTESIAN_POINT ( 'NONE',  ( 4.825958851927500071, 31.74086868171549369, 0.000000000000000000 ) ) ;
#3599 = CARTESIAN_POINT ( 'NONE',  ( -20.14749555500000255, -30.40006096009999936, 0.5999999999999998668 ) ) ;
#3600 = LINE ( 'NONE', #2431, #1312 ) ;
#3601 = CARTESIAN_POINT ( 'NONE',  ( 9.787358394719998245, -36.30000000000000426, 7.389999999999999680 ) ) ;
#3602 = ORIENTED_EDGE ( 'NONE', *, *, #2124, .F. ) ;
#3603 = ORIENTED_EDGE ( 'NONE', *, *, #3736, .F. ) ;
#3604 = DIRECTION ( 'NONE',  ( -0.000000000000000000, -0.000000000000000000, -1.000000000000000000 ) ) ;
#3605 = CARTESIAN_POINT ( 'NONE',  ( -12.64001144162049961, 36.80100000000001614, 4.574999950747499433 ) ) ;
#3606 = ORIENTED_EDGE ( 'NONE', *, *, #647, .F. ) ;
#3607 = ORIENTED_EDGE ( 'NONE', *, *, #4454, .T. ) ;
#3608 = EDGE_CURVE ( 'NONE', #2850, #4250, #649, .T. ) ;
#3609 = AXIS2_PLACEMENT_3D ( 'NONE', #2559, #2537, #2254 ) ;
#3610 = CARTESIAN_POINT ( 'NONE',  ( 12.57297434595849950, 33.94086868171549298, -0.0009999999999999158867 ) ) ;
#3611 = EDGE_LOOP ( 'NONE', ( #741, #3233, #3980, #2769 ) ) ;
#3612 = ORIENTED_EDGE ( 'NONE', *, *, #2148, .F. ) ;
#3613 = FACE_OUTER_BOUND ( 'NONE', #977, .T. ) ;
#3614 = CIRCLE ( 'NONE', #4220, 0.9499999999999998446 ) ;
#3615 = VECTOR ( 'NONE', #1835, 1000.000000000000000 ) ;
#3616 = EDGE_CURVE ( 'NONE', #2995, #2226, #3989, .T. ) ;
#3617 = ADVANCED_FACE ( 'NONE', ( #6, #1851 ), #106, .T. ) ;
#3618 = PLANE ( 'NONE',  #1438 ) ;
#3619 = DIRECTION ( 'NONE',  ( -1.000000000000000000, 0.000000000000000000, 0.000000000000000000 ) ) ;
#3620 = DIRECTION ( 'NONE',  ( 1.000000000000000000, 0.000000000000000000, 0.000000000000000000 ) ) ;
#3621 = AXIS2_PLACEMENT_3D ( 'NONE', #4424, #1211, #4073 ) ;
#3622 = VECTOR ( 'NONE', #2225, 1000.000000000000000 ) ;
#3623 = CYLINDRICAL_SURFACE ( 'NONE', #1344, 1.600000000000000755 ) ;
#3624 = VECTOR ( 'NONE', #316, 1000.000000000000000 ) ;
#3625 = CARTESIAN_POINT ( 'NONE',  ( 12.31566768141935952, 33.94086868171549298, 0.000000000000000000 ) ) ;
#3626 = AXIS2_PLACEMENT_3D ( 'NONE', #887, #2759, #616 ) ;
#3627 = CARTESIAN_POINT ( 'NONE',  ( -12.64001144162049961, 35.27089408179999452, 4.574999950747499433 ) ) ;
#3628 = DIRECTION ( 'NONE',  ( -1.000000000000000000, 3.561451260254549034E-16, 0.000000000000000000 ) ) ;
#3629 = EDGE_LOOP ( 'NONE', ( #1853, #3492, #269, #4100 ) ) ;
#3630 = VECTOR ( 'NONE', #2658, 1000.000000000000000 ) ;
#3631 = VERTEX_POINT ( 'NONE', #4343 ) ;
#3632 = DIRECTION ( 'NONE',  ( -1.000000000000000000, 0.000000000000000000, 0.000000000000000000 ) ) ;
#3633 = DIRECTION ( 'NONE',  ( 0.000000000000000000, -1.000000000000000000, 0.000000000000000000 ) ) ;
#3634 = FACE_OUTER_BOUND ( 'NONE', #1936, .T. ) ;
#3635 = APPROVAL_PERSON_ORGANIZATION ( #968, #2416, #3833 ) ;
#3636 = ORIENTED_EDGE ( 'NONE', *, *, #2819, .F. ) ;
#3637 = ORIENTED_EDGE ( 'NONE', *, *, #3419, .F. ) ;
#3638 = DIRECTION ( 'NONE',  ( 0.000000000000000000, 0.000000000000000000, -1.000000000000000000 ) ) ;
#3639 = ORIENTED_EDGE ( 'NONE', *, *, #2636, .T. ) ;
#3640 = EDGE_CURVE ( 'NONE', #757, #1615, #3968, .T. ) ;
#3641 = ORIENTED_EDGE ( 'NONE', *, *, #364, .F. ) ;
#3642 = CARTESIAN_POINT ( 'NONE',  ( 0.000000000000000000, 0.000000000000000000, 0.000000000000000000 ) ) ;
#3643 = DIRECTION ( 'NONE',  ( 0.000000000000000000, 0.000000000000000000, -1.000000000000000000 ) ) ;
#3644 = CARTESIAN_POINT ( 'NONE',  ( -14.84749555500000717, -30.40006096009998515, 0.000000000000000000 ) ) ;
#3645 = FACE_OUTER_BOUND ( 'NONE', #1259, .T. ) ;
#3646 = ADVANCED_FACE ( 'NONE', ( #459 ), #1201, .F. ) ;
#3647 = ADVANCED_FACE ( 'NONE', ( #1548 ), #80, .F. ) ;
#3648 = CARTESIAN_POINT ( 'NONE',  ( 6.530302260614516463, 33.13198821118272264, 1.500000000000000000 ) ) ;
#3649 = EDGE_CURVE ( 'NONE', #4106, #2377, #388, .T. ) ;
#3650 = DIRECTION ( 'NONE',  ( -1.000000000000000000, 0.000000000000000000, 0.000000000000000000 ) ) ;
#3651 = LINE ( 'NONE', #3676, #2117 ) ;
#3652 = FACE_BOUND ( 'NONE', #2815, .T. ) ;
#3653 = ADVANCED_FACE ( 'NONE', ( #3230 ), #1177, .T. ) ;
#3654 = ORIENTED_EDGE ( 'NONE', *, *, #4019, .F. ) ;
#3655 = VERTEX_POINT ( 'NONE', #4060 ) ;
#3656 = DIRECTION ( 'NONE',  ( -0.000000000000000000, -0.000000000000000000, -1.000000000000000000 ) ) ;
#3657 = LINE ( 'NONE', #2973, #3364 ) ;
#3658 = DIRECTION ( 'NONE',  ( -1.000000000000000000, 0.000000000000000000, 0.000000000000000000 ) ) ;
#3659 = EDGE_LOOP ( 'NONE', ( #1618, #1852, #408, #3720 ) ) ;
#3660 = ORIENTED_EDGE ( 'NONE', *, *, #3387, .T. ) ;
#3661 = AXIS2_PLACEMENT_3D ( 'NONE', #3080, #590, #3867 ) ;
#3662 = AXIS2_PLACEMENT_3D ( 'NONE', #3690, #2715, #2558 ) ;
#3663 = CARTESIAN_POINT ( 'NONE',  ( -17.94749555500000326, -30.40006096009999936, 2.500000000000000444 ) ) ;
#3664 = ORIENTED_EDGE ( 'NONE', *, *, #4195, .F. ) ;
#3665 = EDGE_LOOP ( 'NONE', ( #3560, #2919, #495, #1368, #2080, #2881, #564, #3816 ) ) ;
#3666 = DIRECTION ( 'NONE',  ( -1.000000000000000000, 0.000000000000000000, -0.000000000000000000 ) ) ;
#3667 = CIRCLE ( 'NONE', #2317, 0.4999999999999995559 ) ;
#3668 = DIRECTION ( 'NONE',  ( 0.000000000000000000, 0.000000000000000000, -1.000000000000000000 ) ) ;
#3669 = DIRECTION ( 'NONE',  ( -0.000000000000000000, -0.000000000000000000, 1.000000000000000000 ) ) ;
#3670 = CARTESIAN_POINT ( 'NONE',  ( -17.94749555500000326, -30.40006096009999936, 5.000000000000000000 ) ) ;
#3671 = AXIS2_PLACEMENT_3D ( 'NONE', #3791, #2752, #607 ) ;
#3672 = LINE ( 'NONE', #470, #3811 ) ;
#3673 = DIRECTION ( 'NONE',  ( -0.000000000000000000, 0.000000000000000000, -1.000000000000000000 ) ) ;
#3674 = EDGE_CURVE ( 'NONE', #1727, #3530, #4014, .T. ) ;
#3675 = EDGE_CURVE ( 'NONE', #3038, #3058, #793, .T. ) ;
#3676 = CARTESIAN_POINT ( 'NONE',  ( -20.00000000000000000, 36.79999999999999005, 0.000000000000000000 ) ) ;
#3677 = CYLINDRICAL_SURFACE ( 'NONE', #391, 1.600000000000000755 ) ;
#3678 = ORIENTED_EDGE ( 'NONE', *, *, #3088, .T. ) ;
#3679 = EDGE_LOOP ( 'NONE', ( #411, #2134 ) ) ;
#3680 = DIRECTION ( 'NONE',  ( -0.000000000000000000, -0.000000000000000000, -1.000000000000000000 ) ) ;
#3681 = DIRECTION ( 'NONE',  ( 0.000000000000000000, -1.000000000000000000, 0.000000000000000000 ) ) ;
#3682 = EDGE_CURVE ( 'NONE', #3303, #3450, #2928, .T. ) ;
#3683 = ADVANCED_FACE ( 'NONE', ( #844 ), #2977, .F. ) ;
#3684 = CARTESIAN_POINT ( 'NONE',  ( -17.94749555500000326, 30.40006096009999936, 2.500000000000000444 ) ) ;
#3685 = ORIENTED_EDGE ( 'NONE', *, *, #3269, .F. ) ;
#3686 = ORIENTED_EDGE ( 'NONE', *, *, #957, .T. ) ;
#3687 = DIRECTION ( 'NONE',  ( 0.000000000000000000, 0.000000000000000000, -1.000000000000000000 ) ) ;
#3688 = ORIENTED_EDGE ( 'NONE', *, *, #836, .F. ) ;
#3689 = VERTEX_POINT ( 'NONE', #769 ) ;
#3690 = CARTESIAN_POINT ( 'NONE',  ( 4.825958851927500071, 31.74086868171549369, 0.4999999999999995559 ) ) ;
#3691 = AXIS2_PLACEMENT_3D ( 'NONE', #4501, #3423, #2788 ) ;
#3692 = LINE ( 'NONE', #1505, #1664 ) ;
#3693 = DIRECTION ( 'NONE',  ( -0.000000000000000000, 1.000000000000000000, 0.000000000000000000 ) ) ;
#3694 = DIRECTION ( 'NONE',  ( -1.000000000000000000, 2.781230391307005911E-16, 0.000000000000000000 ) ) ;
#3695 = VECTOR ( 'NONE', #2761, 1000.000000000000000 ) ;
#3696 = DIRECTION ( 'NONE',  ( 1.000000000000000000, 0.000000000000000000, 1.445602896647339656E-16 ) ) ;
#3697 = CC_DESIGN_DATE_AND_TIME_ASSIGNMENT ( #671, #2795, ( #1319 ) ) ;
#3698 = CARTESIAN_POINT ( 'NONE',  ( 22.77463296929998293, -26.90006096009999936, 5.000000000000000000 ) ) ;
#3699 = VECTOR ( 'NONE', #1580, 1000.000000000000000 ) ;
#3700 = DIRECTION ( 'NONE',  ( -1.000000000000000000, 0.000000000000000000, 0.000000000000000000 ) ) ;
#3701 = CIRCLE ( 'NONE', #239, 0.5000000000000004441 ) ;
#3702 = CARTESIAN_POINT ( 'NONE',  ( -18.69005080008499675, 31.18628651258499573, 2.500000000000000000 ) ) ;
#3703 = ORIENTED_EDGE ( 'NONE', *, *, #3704, .T. ) ;
#3704 = EDGE_CURVE ( 'NONE', #1945, #3085, #1972, .T. ) ;
#3705 = ORIENTED_EDGE ( 'NONE', *, *, #1981, .F. ) ;
#3706 = LINE ( 'NONE', #477, #1269 ) ;
#3707 = VECTOR ( 'NONE', #3258, 1000.000000000000000 ) ;
#3708 = DIRECTION ( 'NONE',  ( -1.000000000000000000, 0.000000000000000000, 0.000000000000000000 ) ) ;
#3709 = CARTESIAN_POINT ( 'NONE',  ( -22.77465836930000265, -26.90006096009999936, 5.000000000000000000 ) ) ;
#3710 = AXIS2_PLACEMENT_3D ( 'NONE', #904, #3457, #4210 ) ;
#3711 = ORIENTED_EDGE ( 'NONE', *, *, #2982, .T. ) ;
#3712 = EDGE_CURVE ( 'NONE', #1471, #3014, #1828, .T. ) ;
#3713 = EDGE_LOOP ( 'NONE', ( #237, #289, #1266, #2970, #2102 ) ) ;
#3714 = EDGE_CURVE ( 'NONE', #1690, #631, #2883, .T. ) ;
#3715 = EDGE_CURVE ( 'NONE', #601, #4299, #1476, .T. ) ;
#3716 = AXIS2_PLACEMENT_3D ( 'NONE', #2985, #3694, #2561 ) ;
#3717 = VECTOR ( 'NONE', #191, 1000.000000000000000 ) ;
#3718 = DIRECTION ( 'NONE',  ( -1.000000000000000000, 0.000000000000000000, 0.000000000000000000 ) ) ;
#3719 = ORIENTED_EDGE ( 'NONE', *, *, #3128, .T. ) ;
#3720 = ORIENTED_EDGE ( 'NONE', *, *, #3764, .F. ) ;
#3721 = DIRECTION ( 'NONE',  ( 0.000000000000000000, 0.000000000000000000, 1.000000000000000000 ) ) ;
#3722 = CARTESIAN_POINT ( 'NONE',  ( 14.17297434595849914, 26.74086868171549369, 0.000000000000000000 ) ) ;
#3723 = DIRECTION ( 'NONE',  ( 1.000000000000000000, 0.000000000000000000, 0.000000000000000000 ) ) ;
#3724 = PLANE ( 'NONE',  #47 ) ;
#3725 = DIRECTION ( 'NONE',  ( 1.000000000000000000, 0.000000000000000000, 0.000000000000000000 ) ) ;
#3726 = DIRECTION ( 'NONE',  ( -0.000000000000000000, -0.000000000000000000, 1.000000000000000000 ) ) ;
#3727 = CARTESIAN_POINT ( 'NONE',  ( 16.34749555500000184, -30.40006096009999936, 10.89102500000000084 ) ) ;
#3728 = VERTEX_POINT ( 'NONE', #2903 ) ;
#3729 = EDGE_LOOP ( 'NONE', ( #2641, #1056, #1849, #2428 ) ) ;
#3730 = FACE_OUTER_BOUND ( 'NONE', #4158, .T. ) ;
#3731 = CARTESIAN_POINT ( 'NONE',  ( 10.97297434595849630, 26.74086868171549369, 0.000000000000000000 ) ) ;
#3732 = DIRECTION ( 'NONE',  ( -1.000000000000000000, 0.000000000000000000, 0.000000000000000000 ) ) ;
#3733 = VERTEX_POINT ( 'NONE', #1155 ) ;
#3734 = ORIENTED_EDGE ( 'NONE', *, *, #3146, .T. ) ;
#3735 = EDGE_CURVE ( 'NONE', #1969, #1175, #850, .T. ) ;
#3736 = EDGE_CURVE ( 'NONE', #742, #1010, #4226, .T. ) ;
#3737 = DIRECTION ( 'NONE',  ( -1.000000000000000000, 0.000000000000000000, 0.000000000000000000 ) ) ;
#3738 = EDGE_LOOP ( 'NONE', ( #1773, #3141, #911, #1873 ) ) ;
#3739 = ORIENTED_EDGE ( 'NONE', *, *, #2176, .F. ) ;
#3740 = AXIS2_PLACEMENT_3D ( 'NONE', #351, #4608, #1769 ) ;
#3741 = EDGE_CURVE ( 'NONE', #431, #786, #2196, .T. ) ;
#3742 = DIRECTION ( 'NONE',  ( -1.000000000000000000, 0.000000000000000000, 0.000000000000000000 ) ) ;
#3743 = CARTESIAN_POINT ( 'NONE',  ( 17.94749555500000326, -30.40006096009999936, 2.500000000000000444 ) ) ;
#3744 = ORIENTED_EDGE ( 'NONE', *, *, #1303, .T. ) ;
#3745 = VECTOR ( 'NONE', #3927, 1000.000000000000000 ) ;
#3746 = CARTESIAN_POINT ( 'NONE',  ( 20.29999999999999716, 32.79999999999999716, 0.000000000000000000 ) ) ;
#3747 = CARTESIAN_POINT ( 'NONE',  ( -14.44749555499999971, 35.27089408180000163, 1.500000000000000000 ) ) ;
#3748 = VECTOR ( 'NONE', #3323, 1000.000000000000000 ) ;
#3749 = CARTESIAN_POINT ( 'NONE',  ( -22.77465836929999909, -31.18623571250000026, 1.500000000000000000 ) ) ;
#3750 = FACE_OUTER_BOUND ( 'NONE', #3487, .T. ) ;
#3751 = ORIENTED_EDGE ( 'NONE', *, *, #1720, .F. ) ;
#3752 = ORIENTED_EDGE ( 'NONE', *, *, #3741, .F. ) ;
#3753 = CARTESIAN_POINT ( 'NONE',  ( 20.00000000000000000, 36.29999999999999005, 10.89000000000000057 ) ) ;
#3754 = CARTESIAN_POINT ( 'NONE',  ( 24.30000000000000071, 32.79999999999999005, 1.500000000000000000 ) ) ;
#3755 = CARTESIAN_POINT ( 'NONE',  ( 10.29946659894345018, 31.74086868171549369, 13.14817582284883635 ) ) ;
#3756 = VERTEX_POINT ( 'NONE', #3448 ) ;
#3757 = ORIENTED_EDGE ( 'NONE', *, *, #3327, .F. ) ;
#3758 = CARTESIAN_POINT ( 'NONE',  ( 6.425958851927498827, 26.74086868171549369, 0.4999999999999995559 ) ) ;
#3759 = VERTEX_POINT ( 'NONE', #1995 ) ;
#3760 = EDGE_LOOP ( 'NONE', ( #1594, #2828, #1384, #2018 ) ) ;
#3761 = EDGE_CURVE ( 'NONE', #4111, #433, #913, .T. ) ;
#3762 = DIRECTION ( 'NONE',  ( 0.000000000000000000, -1.000000000000000000, 0.000000000000000000 ) ) ;
#3763 = DIRECTION ( 'NONE',  ( -0.000000000000000000, -0.000000000000000000, -1.000000000000000000 ) ) ;
#3764 = EDGE_CURVE ( 'NONE', #4640, #117, #387, .T. ) ;
#3765 = EDGE_CURVE ( 'NONE', #4106, #3336, #2366, .T. ) ;
#3766 = FACE_OUTER_BOUND ( 'NONE', #1059, .T. ) ;
#3767 = CARTESIAN_POINT ( 'NONE',  ( 6.987358394719996646, 36.80100000000000904, 7.389999999999999680 ) ) ;
#3768 = FACE_OUTER_BOUND ( 'NONE', #1888, .T. ) ;
#3769 = AXIS2_PLACEMENT_3D ( 'NONE', #4347, #2210, #86 ) ;
#3770 = ORIENTED_EDGE ( 'NONE', *, *, #957, .F. ) ;
#3771 = ORIENTED_EDGE ( 'NONE', *, *, #101, .T. ) ;
#3772 = CARTESIAN_POINT ( 'NONE',  ( 10.39526739731508975, 33.14238916042499739, 5.542456227884499320 ) ) ;
#3773 = VECTOR ( 'NONE', #2716, 1000.000000000000000 ) ;
#3774 = VECTOR ( 'NONE', #3742, 1000.000000000000000 ) ;
#3775 = LINE ( 'NONE', #545, #4231 ) ;
#3776 = DIRECTION ( 'NONE',  ( 0.000000000000000000, 1.000000000000000000, 0.000000000000000000 ) ) ;
#3777 = ORIENTED_EDGE ( 'NONE', *, *, #2124, .T. ) ;
#3778 = CIRCLE ( 'NONE', #614, 4.084608839220205567 ) ;
#3779 = VECTOR ( 'NONE', #3401, 1000.000000000000000 ) ;
#3780 = ORIENTED_EDGE ( 'NONE', *, *, #3761, .F. ) ;
#3781 = DIRECTION ( 'NONE',  ( -3.561451260254549034E-16, -1.000000000000000000, 0.000000000000000000 ) ) ;
#3782 = DIRECTION ( 'NONE',  ( -0.000000000000000000, 1.000000000000000000, 0.000000000000000000 ) ) ;
#3783 = ORIENTED_EDGE ( 'NONE', *, *, #3451, .T. ) ;
#3784 = ORIENTED_EDGE ( 'NONE', *, *, #917, .F. ) ;
#3785 = AXIS2_PLACEMENT_3D ( 'NONE', #1419, #2845, #4282 ) ;
#3786 = AXIS2_PLACEMENT_3D ( 'NONE', #1939, #3370, #1586 ) ;
#3787 = DIRECTION ( 'NONE',  ( -1.000000000000000000, 0.000000000000000000, 0.000000000000000000 ) ) ;
#3788 = CC_DESIGN_SECURITY_CLASSIFICATION ( #1319, ( #1392 ) ) ;
#3789 = EDGE_CURVE ( 'NONE', #2107, #1904, #1225, .T. ) ;
#3790 = DIRECTION ( 'NONE',  ( -0.000000000000000000, -0.000000000000000000, -1.000000000000000000 ) ) ;
#3791 = CARTESIAN_POINT ( 'NONE',  ( 10.62651296072940710, 33.33350558933992858, 5.542456227884499320 ) ) ;
#3792 = DIRECTION ( 'NONE',  ( 0.000000000000000000, -0.000000000000000000, -1.000000000000000000 ) ) ;
#3793 = EDGE_CURVE ( 'NONE', #2420, #1453, #894, .T. ) ;
#3794 = DIRECTION ( 'NONE',  ( -2.891205793294679805E-16, 0.000000000000000000, -1.000000000000000000 ) ) ;
#3795 = VERTEX_POINT ( 'NONE', #1924 ) ;
#3796 = ORIENTED_EDGE ( 'NONE', *, *, #130, .F. ) ;
#3797 = LINE ( 'NONE', #3042, #3717 ) ;
#3798 = DIRECTION ( 'NONE',  ( 1.000000000000000000, 0.000000000000000000, 0.000000000000000000 ) ) ;
#3799 = EDGE_CURVE ( 'NONE', #1310, #3303, #1592, .T. ) ;
#3800 = VERTEX_POINT ( 'NONE', #1249 ) ;
#3801 = ORIENTED_EDGE ( 'NONE', *, *, #2357, .T. ) ;
#3802 = CARTESIAN_POINT ( 'NONE',  ( -5.226019910154001025, -36.30000000000000426, 1.840000135221999900 ) ) ;
#3803 = LINE ( 'NONE', #552, #3773 ) ;
#3804 = CARTESIAN_POINT ( 'NONE',  ( -20.30000000000000071, 32.79999999999999005, 0.000000000000000000 ) ) ;
#3805 = ORIENTED_EDGE ( 'NONE', *, *, #2323, .F. ) ;
#3806 = VERTEX_POINT ( 'NONE', #1571 ) ;
#3807 = CARTESIAN_POINT ( 'NONE',  ( -13.21601971390600383, -35.27084328170000305, 5.000000000000000000 ) ) ;
#3808 = DIRECTION ( 'NONE',  ( -1.000000000000000000, 0.000000000000000000, 0.000000000000000000 ) ) ;
#3809 = ORIENTED_EDGE ( 'NONE', *, *, #443, .T. ) ;
#3810 = LINE ( 'NONE', #229, #733 ) ;
#3811 = VECTOR ( 'NONE', #3696, 1000.000000000000000 ) ;
#3812 = CARTESIAN_POINT ( 'NONE',  ( 17.94749555500000326, 30.40006096009999936, 0.5999999999999999778 ) ) ;
#3813 = FACE_OUTER_BOUND ( 'NONE', #193, .T. ) ;
#3814 = LINE ( 'NONE', #3078, #1311 ) ;
#3815 = CIRCLE ( 'NONE', #2834, 0.5000000000000004441 ) ;
#3816 = ORIENTED_EDGE ( 'NONE', *, *, #4325, .T. ) ;
#3817 = DIRECTION ( 'NONE',  ( 1.000000000000000000, 0.000000000000000000, 1.445602896647339656E-16 ) ) ;
#3818 = EDGE_CURVE ( 'NONE', #108, #1343, #3024, .T. ) ;
#3819 = EDGE_CURVE ( 'NONE', #2206, #2321, #940, .T. ) ;
#3820 = AXIS2_PLACEMENT_3D ( 'NONE', #1821, #2195, #3632 ) ;
#3821 = CARTESIAN_POINT ( 'NONE',  ( -18.69005080010079567, -35.27084328169999594, 10.89000000000000057 ) ) ;
#3822 = CARTESIAN_POINT ( 'NONE',  ( 10.28735839471999824, -35.27084328170000305, 7.389999999999999680 ) ) ;
#3823 = ORIENTED_EDGE ( 'NONE', *, *, #4595, .F. ) ;
#3824 = ORIENTED_EDGE ( 'NONE', *, *, #76, .T. ) ;
#3825 = DIRECTION ( 'NONE',  ( -0.000000000000000000, -0.000000000000000000, -1.000000000000000000 ) ) ;
#3826 = ADVANCED_FACE ( 'NONE', ( #1617 ), #504, .T. ) ;
#3827 = EDGE_CURVE ( 'NONE', #1130, #2149, #3352, .T. ) ;
#3828 = DIRECTION ( 'NONE',  ( 1.000000000000000000, 0.000000000000000000, 1.204669080540017324E-16 ) ) ;
#3829 = DIRECTION ( 'NONE',  ( 0.000000000000000000, 0.000000000000000000, 1.000000000000000000 ) ) ;
#3830 = EDGE_LOOP ( 'NONE', ( #2557, #4639, #3823, #2333 ) ) ;
#3831 = ORIENTED_EDGE ( 'NONE', *, *, #1801, .T. ) ;
#3832 = DIRECTION ( 'NONE',  ( 0.000000000000000000, -1.000000000000000000, 0.000000000000000000 ) ) ;
#3833 = APPROVAL_ROLE ( '' ) ;
#3834 = ORIENTED_EDGE ( 'NONE', *, *, #892, .F. ) ;
#3835 = DIRECTION ( 'NONE',  ( 0.000000000000000000, 0.000000000000000000, 1.000000000000000000 ) ) ;
#3836 = PLANE ( 'NONE',  #1370 ) ;
#3837 = LINE ( 'NONE', #184, #1075 ) ;
#3838 = CARTESIAN_POINT ( 'NONE',  ( 1.387358394719997223, -31.96025421025350255, 10.89000000000000057 ) ) ;
#3839 = ORIENTED_EDGE ( 'NONE', *, *, #4455, .F. ) ;
#3840 = PLANE ( 'NONE',  #808 ) ;
#3841 = LINE ( 'NONE', #4148, #325 ) ;
#3842 = AXIS2_PLACEMENT_3D ( 'NONE', #4550, #1730, #2063 ) ;
#3843 = FACE_BOUND ( 'NONE', #217, .T. ) ;
#3844 = EDGE_CURVE ( 'NONE', #895, #1727, #4375, .T. ) ;
#3845 = ORIENTED_EDGE ( 'NONE', *, *, #4248, .F. ) ;
#3846 = VERTEX_POINT ( 'NONE', #553 ) ;
#3847 = VECTOR ( 'NONE', #1705, 1000.000000000000000 ) ;
#3848 = DIRECTION ( 'NONE',  ( 0.000000000000000000, -1.000000000000000000, 0.000000000000000000 ) ) ;
#3849 = VECTOR ( 'NONE', #4488, 1000.000000000000000 ) ;
#3850 = DIRECTION ( 'NONE',  ( 2.891205793294679805E-16, -0.000000000000000000, 1.000000000000000000 ) ) ;
#3851 = AXIS2_PLACEMENT_3D ( 'NONE', #93, #1538, #3700 ) ;
#3852 = PLANE ( 'NONE',  #2502 ) ;
#3853 = ADVANCED_FACE ( 'NONE', ( #1662 ), #3048, .F. ) ;
#3854 = EDGE_CURVE ( 'NONE', #3561, #2291, #4529, .T. ) ;
#3855 = ORIENTED_EDGE ( 'NONE', *, *, #1555, .T. ) ;
#3856 = ORIENTED_EDGE ( 'NONE', *, *, #1274, .F. ) ;
#3857 = EDGE_CURVE ( 'NONE', #2509, #433, #4107, .T. ) ;
#3858 = VECTOR ( 'NONE', #3319, 1000.000000000000000 ) ;
#3859 = VECTOR ( 'NONE', #3440, 1000.000000000000000 ) ;
#3860 = CARTESIAN_POINT ( 'NONE',  ( -19.54749555500000113, -30.40006096009999936, 10.89102500000000084 ) ) ;
#3861 = ORIENTED_EDGE ( 'NONE', *, *, #3334, .F. ) ;
#3862 = CIRCLE ( 'NONE', #2205, 1.600000000000000755 ) ;
#3863 = DIRECTION ( 'NONE',  ( 0.000000000000000000, 0.000000000000000000, -1.000000000000000000 ) ) ;
#3864 = DIRECTION ( 'NONE',  ( -0.000000000000000000, -0.000000000000000000, 1.000000000000000000 ) ) ;
#3865 = DIRECTION ( 'NONE',  ( 1.000000000000000000, 0.000000000000000000, 0.000000000000000000 ) ) ;
#3866 = DIRECTION ( 'NONE',  ( 0.000000000000000000, 0.000000000000000000, -1.000000000000000000 ) ) ;
#3867 = DIRECTION ( 'NONE',  ( -1.000000000000000000, 0.000000000000000000, 0.000000000000000000 ) ) ;
#3868 = CARTESIAN_POINT ( 'NONE',  ( 18.69002286430000126, -35.27084328170000305, 10.89000000000000057 ) ) ;
#3869 = AXIS2_PLACEMENT_3D ( 'NONE', #444, #1210, #804 ) ;
#3870 = CARTESIAN_POINT ( 'NONE',  ( 22.27463296930000070, 27.40006096009999936, 1.500000000000000000 ) ) ;
#3871 = EDGE_LOOP ( 'NONE', ( #2944, #1475, #288, #4634 ) ) ;
#3872 = ORIENTED_EDGE ( 'NONE', *, *, #3299, .T. ) ;
#3873 = CARTESIAN_POINT ( 'NONE',  ( 12.57297434595849950, 31.74086868171549369, 0.000000000000000000 ) ) ;
#3874 = LINE ( 'NONE', #2365, #2341 ) ;
#3875 = DIRECTION ( 'NONE',  ( 1.000000000000000000, 0.000000000000000000, 1.204669080540017324E-16 ) ) ;
#3876 = ORIENTED_EDGE ( 'NONE', *, *, #4219, .T. ) ;
#3877 = EDGE_LOOP ( 'NONE', ( #4620, #252, #747, #714 ) ) ;
#3878 = EDGE_CURVE ( 'NONE', #4111, #645, #1009, .T. ) ;
#3879 = EDGE_CURVE ( 'NONE', #1914, #2248, #4601, .T. ) ;
#3880 = DIRECTION ( 'NONE',  ( 0.000000000000000000, 0.000000000000000000, -1.000000000000000000 ) ) ;
#3881 = ORIENTED_EDGE ( 'NONE', *, *, #3735, .F. ) ;
#3882 = DIRECTION ( 'NONE',  ( 0.000000000000000000, 0.000000000000000000, -1.000000000000000000 ) ) ;
#3883 = EDGE_CURVE ( 'NONE', #3350, #2010, #988, .T. ) ;
#3884 = CARTESIAN_POINT ( 'NONE',  ( -18.69005080010079567, -35.27084328169999594, 10.89000000000000057 ) ) ;
#3885 = DIRECTION ( 'NONE',  ( 1.000000000000000000, 0.000000000000000000, 0.000000000000000000 ) ) ;
#3886 = LINE ( 'NONE', #3932, #2805 ) ;
#3887 = CIRCLE ( 'NONE', #2455, 4.000000000000000000 ) ;
#3888 = CARTESIAN_POINT ( 'NONE',  ( 7.099466598943449114, 31.74086868171549369, 13.14817582284883635 ) ) ;
#3889 = FACE_OUTER_BOUND ( 'NONE', #2849, .T. ) ;
#3890 = AXIS2_PLACEMENT_3D ( 'NONE', #2906, #370, #4346 ) ;
#3891 = DIRECTION ( 'NONE',  ( -0.000000000000000000, -0.000000000000000000, 1.000000000000000000 ) ) ;
#3892 = ORIENTED_EDGE ( 'NONE', *, *, #2963, .T. ) ;
#3893 = ORIENTED_EDGE ( 'NONE', *, *, #485, .F. ) ;
#3894 = AXIS2_PLACEMENT_3D ( 'NONE', #1194, #2621, #2266 ) ;
#3895 = FACE_OUTER_BOUND ( 'NONE', #1027, .T. ) ;
#3896 = CARTESIAN_POINT ( 'NONE',  ( -6.176019910154001202, -36.30000000000000426, 4.049999999999999822 ) ) ;
#3897 = DIRECTION ( 'NONE',  ( -1.000000000000000000, 0.000000000000000000, 0.000000000000000000 ) ) ;
#3898 = VERTEX_POINT ( 'NONE', #4332 ) ;
#3899 = VERTEX_POINT ( 'NONE', #4225 ) ;
#3900 = DIRECTION ( 'NONE',  ( -1.000000000000000000, -0.000000000000000000, -0.000000000000000000 ) ) ;
#3901 = PERSON_AND_ORGANIZATION_ROLE ( 'design_supplier' ) ;
#3902 = ORIENTED_EDGE ( 'NONE', *, *, #3764, .T. ) ;
#3903 = EDGE_CURVE ( 'NONE', #1010, #4314, #4202, .T. ) ;
#3904 = LINE ( 'NONE', #1833, #3745 ) ;
#3905 = LINE ( 'NONE', #4622, #527 ) ;
#3906 = CARTESIAN_POINT ( 'NONE',  ( 17.94749555500000326, 30.40006096009999936, 5.000000000000000000 ) ) ;
#3907 = CARTESIAN_POINT ( 'NONE',  ( 9.787358394719998245, 36.80100000000000904, 5.290000000000000924 ) ) ;
#3908 = EDGE_CURVE ( 'NONE', #1655, #1130, #2457, .T. ) ;
#3909 = CARTESIAN_POINT ( 'NONE',  ( -17.94749555500000326, -30.40006096009999936, 10.89102500000000084 ) ) ;
#3910 = EDGE_CURVE ( 'NONE', #2107, #1295, #2127, .T. ) ;
#3911 = DIRECTION ( 'NONE',  ( -1.000000000000000000, 0.000000000000000000, 0.000000000000000000 ) ) ;
#3912 = DIRECTION ( 'NONE',  ( 0.000000000000000000, 0.000000000000000000, 1.000000000000000000 ) ) ;
#3913 = ORIENTED_EDGE ( 'NONE', *, *, #3789, .F. ) ;
#3914 = ORIENTED_EDGE ( 'NONE', *, *, #2319, .F. ) ;
#3915 = CARTESIAN_POINT ( 'NONE',  ( 6.530302260614516463, 33.13198821118272264, -0.0009999999999999158867 ) ) ;
#3916 = CIRCLE ( 'NONE', #3842, 3.099999999999995204 ) ;
#3917 = CARTESIAN_POINT ( 'NONE',  ( -18.69005080008999897, -31.18623571248999227, 10.89000000000000057 ) ) ;
#3918 = ORIENTED_EDGE ( 'NONE', *, *, #3714, .F. ) ;
#3919 = VECTOR ( 'NONE', #3781, 1000.000000000000000 ) ;
#3920 = ORIENTED_EDGE ( 'NONE', *, *, #4398, .F. ) ;
#3921 = AXIS2_PLACEMENT_3D ( 'NONE', #4285, #662, #2521 ) ;
#3922 = AXIS2_PLACEMENT_3D ( 'NONE', #466, #111, #2538 ) ;
#3923 = LINE ( 'NONE', #343, #2047 ) ;
#3924 = ORIENTED_EDGE ( 'NONE', *, *, #3715, .F. ) ;
#3925 = ORIENTED_EDGE ( 'NONE', *, *, #3443, .T. ) ;
#3926 = VECTOR ( 'NONE', #2419, 1000.000000000000000 ) ;
#3927 = DIRECTION ( 'NONE',  ( 0.000000000000000000, 1.000000000000000000, 0.000000000000000000 ) ) ;
#3928 = CARTESIAN_POINT ( 'NONE',  ( -14.16601971390600312, -36.30000000000000426, 2.790000135221999855 ) ) ;
#3929 = EDGE_CURVE ( 'NONE', #631, #1293, #250, .T. ) ;
#3930 = CARTESIAN_POINT ( 'NONE',  ( 17.94749555500000326, -27.40006096009999936, 5.000000000000000000 ) ) ;
#3931 = AXIS2_PLACEMENT_3D ( 'NONE', #3434, #4142, #4168 ) ;
#3932 = CARTESIAN_POINT ( 'NONE',  ( 0.000000000000000000, 26.74086868171549369, 0.000000000000000000 ) ) ;
#3933 = DIRECTION ( 'NONE',  ( -0.000000000000000000, -0.000000000000000000, -1.000000000000000000 ) ) ;
#3934 = AXIS2_PLACEMENT_3D ( 'NONE', #1507, #2935, #4373 ) ;
#3935 = CARTESIAN_POINT ( 'NONE',  ( -14.44749555499999971, -34.77084328169999594, 5.000000000000000000 ) ) ;
#3936 = EDGE_CURVE ( 'NONE', #2453, #355, #1688, .T. ) ;
#3937 = EDGE_CURVE ( 'NONE', #2089, #117, #2768, .T. ) ;
#3938 = LINE ( 'NONE', #3248, #3546 ) ;
#3939 =( GEOMETRIC_REPRESENTATION_CONTEXT ( 3 ) GLOBAL_UNCERTAINTY_ASSIGNED_CONTEXT ( ( #2915 ) ) GLOBAL_UNIT_ASSIGNED_CONTEXT ( ( #2396, #945, #529 ) ) REPRESENTATION_CONTEXT ( 'NONE', 'WORKASPACE' ) );
#3940 = VERTEX_POINT ( 'NONE', #3978 ) ;
#3941 = VERTEX_POINT ( 'NONE', #2192 ) ;
#3942 = DIRECTION ( 'NONE',  ( 1.000000000000000000, 0.000000000000000000, 0.000000000000000000 ) ) ;
#3943 = CARTESIAN_POINT ( 'NONE',  ( 6.425958851927498827, 27.24086868171549369, 0.4999999999999995559 ) ) ;
#3944 = EDGE_LOOP ( 'NONE', ( #4576, #2026, #2901, #3353 ) ) ;
#3945 = ORIENTED_EDGE ( 'NONE', *, *, #2098, .T. ) ;
#3946 = DIRECTION ( 'NONE',  ( 0.000000000000000000, 0.000000000000000000, -1.000000000000000000 ) ) ;
#3947 = APPROVAL_STATUS ( 'not_yet_approved' ) ;
#3948 = EDGE_LOOP ( 'NONE', ( #107, #2664, #154, #3881 ) ) ;
#3949 = ORIENTED_EDGE ( 'NONE', *, *, #710, .F. ) ;
#3950 = DIRECTION ( 'NONE',  ( -1.000000000000000000, 0.000000000000000000, 0.000000000000000000 ) ) ;
#3951 = FACE_OUTER_BOUND ( 'NONE', #3877, .T. ) ;
#3952 = CARTESIAN_POINT ( 'NONE',  ( -20.30000000000000071, -36.30000000000000426, 0.000000000000000000 ) ) ;
#3953 = DIRECTION ( 'NONE',  ( -1.000000000000000000, -0.000000000000000000, -0.000000000000000000 ) ) ;
#3954 = CARTESIAN_POINT ( 'NONE',  ( 17.94749555500000326, -27.40006096009999936, 5.000000000000000000 ) ) ;
#3955 = DIRECTION ( 'NONE',  ( 0.000000000000000000, 0.000000000000000000, -1.000000000000000000 ) ) ;
#3956 = CARTESIAN_POINT ( 'NONE',  ( 20.14749555500000255, -30.40006096009999936, 0.5999999999999998668 ) ) ;
#3957 = ORIENTED_EDGE ( 'NONE', *, *, #481, .F. ) ;
#3958 = EDGE_CURVE ( 'NONE', #2159, #3162, #3480, .T. ) ;
#3959 = EDGE_LOOP ( 'NONE', ( #3739, #595, #1935, #1035 ) ) ;
#3960 = CARTESIAN_POINT ( 'NONE',  ( 18.69002286430000126, -35.27084328170000305, 10.89000000000000057 ) ) ;
#3961 = AXIS2_PLACEMENT_3D ( 'NONE', #2590, #1930, #3362 ) ;
#3962 = DIRECTION ( 'NONE',  ( -0.000000000000000000, -0.000000000000000000, -1.000000000000000000 ) ) ;
#3963 = ORIENTED_EDGE ( 'NONE', *, *, #872, .F. ) ;
#3964 = AXIS2_PLACEMENT_3D ( 'NONE', #1132, #1807, #651 ) ;
#3965 = EDGE_CURVE ( 'NONE', #1459, #1001, #1083, .T. ) ;
#3966 = EDGE_LOOP ( 'NONE', ( #2371, #4531, #3429, #2251 ) ) ;
#3967 = AXIS2_PLACEMENT_3D ( 'NONE', #2765, #4200, #1708 ) ;
#3968 = LINE ( 'NONE', #3305, #2573 ) ;
#3969 = VERTEX_POINT ( 'NONE', #1119 ) ;
#3970 = EDGE_LOOP ( 'NONE', ( #1391, #954, #3403, #2367, #571, #2534, #1706, #3257 ) ) ;
#3971 = CARTESIAN_POINT ( 'NONE',  ( -22.27465836929999909, -26.90006096009999936, 1.499999999999999556 ) ) ;
#3972 = DIRECTION ( 'NONE',  ( 0.000000000000000000, 0.000000000000000000, -1.000000000000000000 ) ) ;
#3973 = DIRECTION ( 'NONE',  ( -1.000000000000000000, 0.000000000000000000, 0.000000000000000000 ) ) ;
#3974 = CARTESIAN_POINT ( 'NONE',  ( 7.099466598943449114, 31.74086868171549369, 13.14817582284883635 ) ) ;
#3975 = CYLINDRICAL_SURFACE ( 'NONE', #2309, 0.5000000000000000000 ) ;
#3976 = DIRECTION ( 'NONE',  ( 0.000000000000000000, 0.000000000000000000, 1.000000000000000000 ) ) ;
#3977 = FACE_OUTER_BOUND ( 'NONE', #4227, .T. ) ;
#3978 = CARTESIAN_POINT ( 'NONE',  ( 20.00000000000000000, -36.80000000000000426, 0.000000000000000000 ) ) ;
#3979 = ORIENTED_EDGE ( 'NONE', *, *, #717, .F. ) ;
#3980 = ORIENTED_EDGE ( 'NONE', *, *, #3827, .T. ) ;
#3981 = CARTESIAN_POINT ( 'NONE',  ( 14.77297434595850056, 28.21602799331584421, 0.5999999999999998668 ) ) ;
#3982 = DIRECTION ( 'NONE',  ( -0.000000000000000000, -0.000000000000000000, -1.000000000000000000 ) ) ;
#3983 = CARTESIAN_POINT ( 'NONE',  ( 20.30000000000000071, -36.80000000000000426, 10.89000000000000057 ) ) ;
#3984 = EDGE_CURVE ( 'NONE', #1774, #1322, #3326, .T. ) ;
#3985 = ORIENTED_EDGE ( 'NONE', *, *, #870, .T. ) ;
#3986 = ORIENTED_EDGE ( 'NONE', *, *, #2990, .F. ) ;
#3987 = ADVANCED_FACE ( 'NONE', ( #3117 ), #4597, .F. ) ;
#3988 = VECTOR ( 'NONE', #2049, 1000.000000000000000 ) ;
#3989 = LINE ( 'NONE', #3610, #161 ) ;
#3990 = ORIENTED_EDGE ( 'NONE', *, *, #1660, .F. ) ;
#3991 = EDGE_CURVE ( 'NONE', #4470, #4393, #26, .T. ) ;
#3992 = EDGE_LOOP ( 'NONE', ( #1277, #1540, #1227, #1309, #2762 ) ) ;
#3993 = DIRECTION ( 'NONE',  ( -1.000000000000000000, 0.000000000000000000, -0.000000000000000000 ) ) ;
#3994 = VECTOR ( 'NONE', #100, 1000.000000000000000 ) ;
#3995 = VECTOR ( 'NONE', #372, 1000.000000000000000 ) ;
#3996 = DIRECTION ( 'NONE',  ( -1.000000000000000000, 0.000000000000000000, 0.000000000000000000 ) ) ;
#3997 = DIRECTION ( 'NONE',  ( -0.000000000000000000, -0.000000000000000000, -1.000000000000000000 ) ) ;
#3998 = DIRECTION ( 'NONE',  ( -1.000000000000000000, 2.168404344971009115E-16, 0.000000000000000000 ) ) ;
#3999 = AXIS2_PLACEMENT_3D ( 'NONE', #1763, #1367, #4205 ) ;
#4000 = DIRECTION ( 'NONE',  ( -1.000000000000000000, 0.000000000000000000, 0.000000000000000000 ) ) ;
#4001 = AXIS2_PLACEMENT_3D ( 'NONE', #2813, #2105, #2544 ) ;
#4002 = FACE_BOUND ( 'NONE', #4651, .T. ) ;
#4003 = AXIS2_PLACEMENT_3D ( 'NONE', #1441, #2145, #3510 ) ;
#4004 = CARTESIAN_POINT ( 'NONE',  ( 8.699466598943450535, 31.74086868171549369, 0.000000000000000000 ) ) ;
#4005 = DIRECTION ( 'NONE',  ( -1.000000000000000000, 0.000000000000000000, 0.000000000000000000 ) ) ;
#4006 = EDGE_LOOP ( 'NONE', ( #3222, #4054 ) ) ;
#4007 = VECTOR ( 'NONE', #4646, 1000.000000000000000 ) ;
#4008 = EDGE_LOOP ( 'NONE', ( #1179, #3914, #3949, #1409 ) ) ;
#4009 = CYLINDRICAL_SURFACE ( 'NONE', #2462, 1.600000000000002531 ) ;
#4010 = CARTESIAN_POINT ( 'NONE',  ( 4.825958851927500071, 31.74086868171549369, 13.14817582284883635 ) ) ;
#4011 = CARTESIAN_POINT ( 'NONE',  ( -22.27465836929999909, 26.90006096009999936, 5.000000000000000000 ) ) ;
#4012 = ORIENTED_EDGE ( 'NONE', *, *, #1947, .F. ) ;
#4013 = EDGE_LOOP ( 'NONE', ( #4543, #4553 ) ) ;
#4014 = LINE ( 'NONE', #2958, #4301 ) ;
#4015 = EDGE_LOOP ( 'NONE', ( #2513, #735, #4516, #48 ) ) ;
#4016 = ORIENTED_EDGE ( 'NONE', *, *, #4537, .T. ) ;
#4017 = DIRECTION ( 'NONE',  ( -0.000000000000000000, -0.000000000000000000, -1.000000000000000000 ) ) ;
#4018 = ADVANCED_FACE ( 'NONE', ( #667 ), #3852, .F. ) ;
#4019 = EDGE_CURVE ( 'NONE', #3345, #3631, #2392, .T. ) ;
#4020 = CARTESIAN_POINT ( 'NONE',  ( -6.176019910154001202, -36.30000000000000426, 2.790000135221999855 ) ) ;
#4021 = DIRECTION ( 'NONE',  ( 0.000000000000000000, 0.000000000000000000, 1.000000000000000000 ) ) ;
#4022 = DIRECTION ( 'NONE',  ( -0.000000000000000000, -0.000000000000000000, 1.000000000000000000 ) ) ;
#4023 = CARTESIAN_POINT ( 'NONE',  ( 6.995123190256432366, 33.13198821118272264, 0.000000000000000000 ) ) ;
#4024 = EDGE_CURVE ( 'NONE', #518, #626, #755, .T. ) ;
#4025 = CARTESIAN_POINT ( 'NONE',  ( 10.85869561427642260, 33.14352870813628016, 0.000000000000000000 ) ) ;
#4026 = DIRECTION ( 'NONE',  ( -1.000000000000000000, 0.000000000000000000, 0.000000000000000000 ) ) ;
#4027 = DIRECTION ( 'NONE',  ( 0.000000000000000000, 0.000000000000000000, -1.000000000000000000 ) ) ;
#4028 = ORIENTED_EDGE ( 'NONE', *, *, #2729, .F. ) ;
#4029 = VERTEX_POINT ( 'NONE', #3496 ) ;
#4030 = DIRECTION ( 'NONE',  ( -0.000000000000000000, -0.000000000000000000, 1.000000000000000000 ) ) ;
#4031 = LINE ( 'NONE', #2998, #1979 ) ;
#4032 = CARTESIAN_POINT ( 'NONE',  ( 6.425958851927498827, 31.74086868171549369, 0.4999999999999995559 ) ) ;
#4033 = ORIENTED_EDGE ( 'NONE', *, *, #4313, .F. ) ;
#4034 = VERTEX_POINT ( 'NONE', #402 ) ;
#4035 = CIRCLE ( 'NONE', #4185, 0.5000000000000004441 ) ;
#4036 = AXIS2_PLACEMENT_3D ( 'NONE', #2775, #3454, #1999 ) ;
#4037 = DIRECTION ( 'NONE',  ( 0.000000000000000000, 0.000000000000000000, -1.000000000000000000 ) ) ;
#4038 = ORIENTED_EDGE ( 'NONE', *, *, #4561, .T. ) ;
#4039 = ORIENTED_EDGE ( 'NONE', *, *, #2041, .T. ) ;
#4040 = FACE_OUTER_BOUND ( 'NONE', #3760, .T. ) ;
#4041 = AXIS2_PLACEMENT_3D ( 'NONE', #3465, #3848, #311 ) ;
#4042 = LINE ( 'NONE', #2183, #918 ) ;
#4043 = CARTESIAN_POINT ( 'NONE',  ( 4.825958851927500071, 31.74086868171549369, 13.14817582284883635 ) ) ;
#4044 = ADVANCED_FACE ( 'NONE', ( #3270 ), #2916, .F. ) ;
#4045 = CARTESIAN_POINT ( 'NONE',  ( 22.77463296930000070, 31.18628397259999829, 10.89000000000000057 ) ) ;
#4046 = DIRECTION ( 'NONE',  ( -1.000000000000000000, 0.000000000000000000, 0.000000000000000000 ) ) ;
#4047 = DIRECTION ( 'NONE',  ( -0.000000000000000000, -0.000000000000000000, -1.000000000000000000 ) ) ;
#4048 = LINE ( 'NONE', #2661, #84 ) ;
#4049 = EDGE_CURVE ( 'NONE', #4588, #2850, #2035, .T. ) ;
#4051 = ADVANCED_FACE ( 'NONE', ( #3343 ), #3677, .F. ) ;
#4050 = DIRECTION ( 'NONE',  ( -1.000000000000000000, 0.000000000000000000, -0.000000000000000000 ) ) ;
#4052 = ORIENTED_EDGE ( 'NONE', *, *, #1016, .F. ) ;
#4053 = ADVANCED_FACE ( 'NONE', ( #784 ), #2262, .T. ) ;
#4054 = ORIENTED_EDGE ( 'NONE', *, *, #2351, .F. ) ;
#4055 = DIRECTION ( 'NONE',  ( 0.000000000000000000, 0.000000000000000000, -1.000000000000000000 ) ) ;
#4056 = DIRECTION ( 'NONE',  ( -1.000000000000000000, 0.000000000000000000, 0.000000000000000000 ) ) ;
#4057 = DIRECTION ( 'NONE',  ( 0.000000000000000000, 0.000000000000000000, -1.000000000000000000 ) ) ;
#4058 = EDGE_LOOP ( 'NONE', ( #4650, #447, #2344, #1445 ) ) ;
#4059 = ORIENTED_EDGE ( 'NONE', *, *, #283, .T. ) ;
#4060 = CARTESIAN_POINT ( 'NONE',  ( 14.17297434595850092, 31.74086868171549369, 2.100000000000000089 ) ) ;
#4061 = EDGE_LOOP ( 'NONE', ( #4517, #3902 ) ) ;
#4062 = ORIENTED_EDGE ( 'NONE', *, *, #221, .F. ) ;
#4063 = DIRECTION ( 'NONE',  ( -1.000000000000000000, 0.000000000000000000, -0.000000000000000000 ) ) ;
#4064 = CIRCLE ( 'NONE', #3691, 1.600000000000000755 ) ;
#4065 = CARTESIAN_POINT ( 'NONE',  ( 17.94749555500000326, -30.40006096009999936, 0.5999999999999999778 ) ) ;
#4066 = LINE ( 'NONE', #2256, #2879 ) ;
#4067 = AXIS2_PLACEMENT_3D ( 'NONE', #4546, #909, #981 ) ;
#4068 = AXIS2_PLACEMENT_3D ( 'NONE', #2865, #4582, #2844 ) ;
#4069 = DIRECTION ( 'NONE',  ( 1.000000000000000000, -3.561451260254549034E-16, 0.000000000000000000 ) ) ;
#4070 = ADVANCED_FACE ( 'NONE', ( #3012 ), #3294, .F. ) ;
#4071 = PLANE ( 'NONE',  #3490 ) ;
#4072 = VECTOR ( 'NONE', #3726, 1000.000000000000000 ) ;
#4073 = DIRECTION ( 'NONE',  ( -1.000000000000000000, 6.265378628400688948E-15, 0.000000000000000000 ) ) ;
#4074 = VECTOR ( 'NONE', #2484, 1000.000000000000000 ) ;
#4075 = FACE_OUTER_BOUND ( 'NONE', #523, .T. ) ;
#4076 = ORIENTED_EDGE ( 'NONE', *, *, #2808, .F. ) ;
#4077 = ORIENTED_EDGE ( 'NONE', *, *, #4308, .T. ) ;
#4078 = PLANE ( 'NONE',  #3284 ) ;
#4079 = VECTOR ( 'NONE', #3249, 1000.000000000000000 ) ;
#4080 = EDGE_CURVE ( 'NONE', #626, #1130, #4452, .T. ) ;
#4081 = ADVANCED_FACE ( 'NONE', ( #4075 ), #1886, .F. ) ;
#4082 = CARTESIAN_POINT ( 'NONE',  ( 0.000000000000000000, 26.74086868171549369, -0.0009999999999999158867 ) ) ;
#4083 = DIRECTION ( 'NONE',  ( -1.000000000000000000, 0.000000000000000000, 0.000000000000000000 ) ) ;
#4084 = AXIS2_PLACEMENT_3D ( 'NONE', #4482, #1966, #3897 ) ;
#4085 = CIRCLE ( 'NONE', #2350, 0.5000000000000004441 ) ;
#4086 = EDGE_LOOP ( 'NONE', ( #2359, #1002, #3425, #1365 ) ) ;
#4087 = EDGE_LOOP ( 'NONE', ( #228, #3188, #1395, #3957 ) ) ;
#4088 = CC_DESIGN_PERSON_AND_ORGANIZATION_ASSIGNMENT ( #3100, #603, ( #2379 ) ) ;
#4089 = VECTOR ( 'NONE', #64, 1000.000000000000000 ) ;
#4090 = DIRECTION ( 'NONE',  ( -1.000000000000000000, -0.000000000000000000, -0.000000000000000000 ) ) ;
#4091 = ORIENTED_EDGE ( 'NONE', *, *, #2555, .T. ) ;
#4092 = VERTEX_POINT ( 'NONE', #2289 ) ;
#4093 = CARTESIAN_POINT ( 'NONE',  ( -17.94749555500000326, 30.40006096009999936, 2.500000000000000444 ) ) ;
#4094 = CARTESIAN_POINT ( 'NONE',  ( 14.38735839471999789, -35.27084328170000305, 7.890000000000001457 ) ) ;
#4095 = LINE ( 'NONE', #4400, #1191 ) ;
#4096 = DIRECTION ( 'NONE',  ( 0.000000000000000000, 0.000000000000000000, -1.000000000000000000 ) ) ;
#4097 = DIRECTION ( 'NONE',  ( -0.000000000000000000, -1.000000000000000000, -0.000000000000000000 ) ) ;
#4098 = LINE ( 'NONE', #493, #11 ) ;
#4099 = ORIENTED_EDGE ( 'NONE', *, *, #4563, .T. ) ;
#4100 = ORIENTED_EDGE ( 'NONE', *, *, #2276, .T. ) ;
#4101 = CARTESIAN_POINT ( 'NONE',  ( 22.77463296929998293, -26.90006096009999936, 10.89000000000000057 ) ) ;
#4102 = CARTESIAN_POINT ( 'NONE',  ( -15.74749555500000042, 30.40006096009999936, 2.500000000000000444 ) ) ;
#4103 = CARTESIAN_POINT ( 'NONE',  ( -17.94749555500000326, 30.40006096009999936, 2.500000000000000444 ) ) ;
#4104 = ADVANCED_FACE ( 'NONE', ( #1169, #3652 ), #2593, .T. ) ;
#4105 = ORIENTED_EDGE ( 'NONE', *, *, #2232, .F. ) ;
#4106 = VERTEX_POINT ( 'NONE', #859 ) ;
#4107 = LINE ( 'NONE', #147, #772 ) ;
#4108 = EDGE_CURVE ( 'NONE', #2206, #895, #883, .T. ) ;
#4109 = ORIENTED_EDGE ( 'NONE', *, *, #1981, .T. ) ;
#4110 = AXIS2_PLACEMENT_3D ( 'NONE', #2257, #1209, #113 ) ;
#4111 = VERTEX_POINT ( 'NONE', #1913 ) ;
#4112 = AXIS2_PLACEMENT_3D ( 'NONE', #4422, #3763, #4046 ) ;
#4113 = CARTESIAN_POINT ( 'NONE',  ( -6.176019910154001202, -35.27084328170000305, 5.000000000000000000 ) ) ;
#4114 = LINE ( 'NONE', #227, #2056 ) ;
#4115 = AXIS2_PLACEMENT_3D ( 'NONE', #3642, #3283, #797 ) ;
#4116 = FACE_OUTER_BOUND ( 'NONE', #4152, .T. ) ;
#4117 = DIRECTION ( 'NONE',  ( -1.856308247812544131E-16, -1.000000000000000000, -0.000000000000000000 ) ) ;
#4118 = VECTOR ( 'NONE', #3562, 1000.000000000000000 ) ;
#4119 = DIRECTION ( 'NONE',  ( -0.000000000000000000, -1.000000000000000000, -0.000000000000000000 ) ) ;
#4120 = CARTESIAN_POINT ( 'NONE',  ( -18.69005080008499675, 31.18628651258499573, 5.000000000000000000 ) ) ;
#4121 = ORIENTED_EDGE ( 'NONE', *, *, #221, .T. ) ;
#4122 = ORIENTED_EDGE ( 'NONE', *, *, #3736, .T. ) ;
#4123 = CARTESIAN_POINT ( 'NONE',  ( 17.94749555500000326, -30.40006096009999936, 5.000000000000000000 ) ) ;
#4124 = CARTESIAN_POINT ( 'NONE',  ( 7.099466598943449114, 26.74086868171549369, 1.500000000000000000 ) ) ;
#4125 = CARTESIAN_POINT ( 'NONE',  ( 7.099466598943449114, 31.74086868171549369, 0.4999999999999995559 ) ) ;
#4126 = EDGE_LOOP ( 'NONE', ( #3413, #2338, #4211, #2740 ) ) ;
#4127 = ORIENTED_EDGE ( 'NONE', *, *, #978, .T. ) ;
#4128 = EDGE_CURVE ( 'NONE', #2066, #2677, #1581, .T. ) ;
#4129 = LINE ( 'NONE', #961, #3919 ) ;
#4130 = DIRECTION ( 'NONE',  ( -0.000000000000000000, -0.000000000000000000, 1.000000000000000000 ) ) ;
#4131 = ORIENTED_EDGE ( 'NONE', *, *, #3236, .T. ) ;
#4132 = ORIENTED_EDGE ( 'NONE', *, *, #4585, .F. ) ;
#4133 = EDGE_CURVE ( 'NONE', #601, #1656, #116, .T. ) ;
#4134 = EDGE_CURVE ( 'NONE', #1251, #641, #1560, .T. ) ;
#4135 = CARTESIAN_POINT ( 'NONE',  ( -24.30000000000000071, 36.80000000000000426, 10.89000000000000057 ) ) ;
#4136 = EDGE_CURVE ( 'NONE', #505, #1293, #4098, .T. ) ;
#4137 = CARTESIAN_POINT ( 'NONE',  ( 21.04749555500000469, -30.40006096009999936, 0.5999999999999999778 ) ) ;
#4138 = VECTOR ( 'NONE', #4540, 1000.000000000000000 ) ;
#4139 = EDGE_CURVE ( 'NONE', #2066, #3181, #2348, .T. ) ;
#4140 = CARTESIAN_POINT ( 'NONE',  ( 0.01264160530000009441, -35.27084328170000305, 10.89000000000000057 ) ) ;
#4141 = DIRECTION ( 'NONE',  ( -0.000000000000000000, -0.000000000000000000, 1.000000000000000000 ) ) ;
#4142 = DIRECTION ( 'NONE',  ( -0.000000000000000000, 0.000000000000000000, 1.000000000000000000 ) ) ;
#4143 = AXIS2_PLACEMENT_3D ( 'NONE', #3605, #3185, #1823 ) ;
#4144 = VERTEX_POINT ( 'NONE', #2969 ) ;
#4145 = CARTESIAN_POINT ( 'NONE',  ( 22.77463296929998293, -26.90006096009999936, 1.500000000000000000 ) ) ;
#4146 = CIRCLE ( 'NONE', #4374, 2.999999999999999112 ) ;
#4147 = VECTOR ( 'NONE', #4141, 1000.000000000000000 ) ;
#4148 = CARTESIAN_POINT ( 'NONE',  ( -5.226019910154001025, -35.27084328170000305, 4.049999999999999822 ) ) ;
#4149 = DIRECTION ( 'NONE',  ( 0.000000000000000000, -1.000000000000000000, 0.000000000000000000 ) ) ;
#4150 = EDGE_LOOP ( 'NONE', ( #4204, #3200, #3603, #558 ) ) ;
#4151 = CIRCLE ( 'NONE', #2121, 0.5000000000000000000 ) ;
#4152 = EDGE_LOOP ( 'NONE', ( #1053, #2227, #1361, #2512 ) ) ;
#4153 = DIRECTION ( 'NONE',  ( -1.000000000000000000, 0.000000000000000000, 0.000000000000000000 ) ) ;
#4154 = CARTESIAN_POINT ( 'NONE',  ( 16.34749555500000184, -30.40006096009999936, 5.000000000000000000 ) ) ;
#4155 = CIRCLE ( 'NONE', #3710, 0.5000000000000004441 ) ;
#4156 = DIRECTION ( 'NONE',  ( -0.000000000000000000, -0.000000000000000000, -1.000000000000000000 ) ) ;
#4157 = VERTEX_POINT ( 'NONE', #2639 ) ;
#4158 = EDGE_LOOP ( 'NONE', ( #3801, #2086, #3129, #1970 ) ) ;
#4159 = VECTOR ( 'NONE', #2778, 1000.000000000000000 ) ;
#4160 = DIRECTION ( 'NONE',  ( -1.000000000000000000, 0.000000000000000000, 0.000000000000000000 ) ) ;
#4161 = FACE_OUTER_BOUND ( 'NONE', #1228, .T. ) ;
#4162 = ORIENTED_EDGE ( 'NONE', *, *, #3844, .F. ) ;
#4163 = EDGE_CURVE ( 'NONE', #3759, #895, #2308, .T. ) ;
#4164 = ADVANCED_FACE ( 'NONE', ( #3750 ), #516, .T. ) ;
#4165 = CARTESIAN_POINT ( 'NONE',  ( -13.21601971390600383, -35.27084328170000305, 1.840000135221999900 ) ) ;
#4166 = CARTESIAN_POINT ( 'NONE',  ( 21.04749555500000469, -30.40006096009999936, 0.000000000000000000 ) ) ;
#4167 = CARTESIAN_POINT ( 'NONE',  ( -24.30000000000000071, 32.79999999999999005, 10.89000000000000057 ) ) ;
#4168 = DIRECTION ( 'NONE',  ( 1.000000000000000000, 0.000000000000000000, 0.000000000000000000 ) ) ;
#4169 = ADVANCED_FACE ( 'NONE', ( #4353 ), #1139, .T. ) ;
#4170 = VERTEX_POINT ( 'NONE', #3127 ) ;
#4171 = CARTESIAN_POINT ( 'NONE',  ( 1.387358394719996335, -36.30000000000000426, 7.889999999999999680 ) ) ;
#4172 = DIRECTION ( 'NONE',  ( -0.000000000000000000, 1.000000000000000000, 0.000000000000000000 ) ) ;
#4173 = CYLINDRICAL_SURFACE ( 'NONE', #767, 0.9499999999999998446 ) ;
#4174 = EDGE_LOOP ( 'NONE', ( #1874, #3523, #4617, #1825 ) ) ;
#4175 = VERTEX_POINT ( 'NONE', #4469 ) ;
#4176 = DIRECTION ( 'NONE',  ( -0.000000000000000000, -0.000000000000000000, 1.000000000000000000 ) ) ;
#4177 = FACE_BOUND ( 'NONE', #1403, .T. ) ;
#4178 = DIRECTION ( 'NONE',  ( -1.000000000000000000, 0.000000000000000000, 0.000000000000000000 ) ) ;
#4179 = ORIENTED_EDGE ( 'NONE', *, *, #4426, .F. ) ;
#4180 = ORIENTED_EDGE ( 'NONE', *, *, #1332, .F. ) ;
#4181 = CARTESIAN_POINT ( 'NONE',  ( 10.29946659894345018, 27.24086868171549369, 0.4999999999999995559 ) ) ;
#4182 = APPLICATION_PROTOCOL_DEFINITION ( 'international standard', 'config_control_design', 1994, #585 ) ;
#4183 = ORIENTED_EDGE ( 'NONE', *, *, #4019, .T. ) ;
#4184 = DIRECTION ( 'NONE',  ( -3.561451260254549034E-16, 1.000000000000000000, 0.000000000000000000 ) ) ;
#4185 = AXIS2_PLACEMENT_3D ( 'NONE', #2966, #2988, #854 ) ;
#4186 = CARTESIAN_POINT ( 'NONE',  ( 14.38735839471999789, -20.05033252917354147, 7.890000000000001457 ) ) ;
#4187 = EDGE_CURVE ( 'NONE', #4092, #2763, #4230, .T. ) ;
#4188 = PLANE ( 'NONE',  #3322 ) ;
#4189 = DIRECTION ( 'NONE',  ( -1.000000000000000000, 0.000000000000000000, 0.000000000000000000 ) ) ;
#4190 = VECTOR ( 'NONE', #3261, 1000.000000000000000 ) ;
#4191 = ORIENTED_EDGE ( 'NONE', *, *, #892, .T. ) ;
#4192 = ORIENTED_EDGE ( 'NONE', *, *, #3097, .T. ) ;
#4193 = CARTESIAN_POINT ( 'NONE',  ( 6.995123190256432366, 33.13198821118272264, 1.499999999999999556 ) ) ;
#4194 = EDGE_CURVE ( 'NONE', #3295, #201, #4155, .T. ) ;
#4195 = EDGE_CURVE ( 'NONE', #3899, #2304, #3814, .T. ) ;
#4196 = LINE ( 'NONE', #267, #3847 ) ;
#4197 = ADVANCED_FACE ( 'NONE', ( #539 ), #2002, .T. ) ;
#4198 = ORIENTED_EDGE ( 'NONE', *, *, #1128, .F. ) ;
#4199 = ORIENTED_EDGE ( 'NONE', *, *, #3616, .F. ) ;
#4200 = DIRECTION ( 'NONE',  ( -0.000000000000000000, -0.000000000000000000, 1.000000000000000000 ) ) ;
#4201 = CARTESIAN_POINT ( 'NONE',  ( -18.69005080008499675, 31.18628651258499573, 10.89000000000000057 ) ) ;
#4202 = LINE ( 'NONE', #4249, #619 ) ;
#4203 = VERTEX_POINT ( 'NONE', #998 ) ;
#4204 = ORIENTED_EDGE ( 'NONE', *, *, #1985, .F. ) ;
#4205 = DIRECTION ( 'NONE',  ( -1.000000000000000000, 0.000000000000000000, 0.000000000000000000 ) ) ;
#4206 = EDGE_LOOP ( 'NONE', ( #1943, #2654, #4016, #216, #3093, #4251, #1550, #687 ) ) ;
#4207 = DIRECTION ( 'NONE',  ( -0.000000000000000000, -0.000000000000000000, -1.000000000000000000 ) ) ;
#4208 = DIRECTION ( 'NONE',  ( 1.000000000000000000, 0.000000000000000000, 0.000000000000000000 ) ) ;
#4209 = CARTESIAN_POINT ( 'NONE',  ( 10.39526739731508975, 33.14238916042499739, 1.499999999999999556 ) ) ;
#4210 = DIRECTION ( 'NONE',  ( 0.000000000000000000, 1.000000000000000000, 0.000000000000000000 ) ) ;
#4211 = ORIENTED_EDGE ( 'NONE', *, *, #3991, .F. ) ;
#4212 = VERTEX_POINT ( 'NONE', #2427 ) ;
#4213 = FACE_OUTER_BOUND ( 'NONE', #1632, .T. ) ;
#4214 = AXIS2_PLACEMENT_3D ( 'NONE', #584, #2023, #231 ) ;
#4215 = DIRECTION ( 'NONE',  ( 0.000000000000000000, 0.000000000000000000, -1.000000000000000000 ) ) ;
#4216 = ORIENTED_EDGE ( 'NONE', *, *, #4420, .T. ) ;
#4217 = ADVANCED_FACE ( 'NONE', ( #1982 ), #4514, .F. ) ;
#4218 = EDGE_LOOP ( 'NONE', ( #695, #1732, #3770, #1728 ) ) ;
#4219 = EDGE_CURVE ( 'NONE', #389, #2226, #4377, .T. ) ;
#4220 = AXIS2_PLACEMENT_3D ( 'NONE', #1450, #3537, #2198 ) ;
#4221 = CARTESIAN_POINT ( 'NONE',  ( 22.77463296930000070, 26.90006096009999936, 1.500000000000000000 ) ) ;
#4222 = CIRCLE ( 'NONE', #3019, 1.600000000000000755 ) ;
#4223 = CARTESIAN_POINT ( 'NONE',  ( 14.77297434595850056, 28.21602799331584421, 0.000000000000000000 ) ) ;
#4224 = CIRCLE ( 'NONE', #3316, 4.000000000000000000 ) ;
#4225 = CARTESIAN_POINT ( 'NONE',  ( -17.94749555500000326, -27.40006096009999936, 1.500000000000000000 ) ) ;
#4226 = CIRCLE ( 'NONE', #2422, 4.000000000000000000 ) ;
#4227 = EDGE_LOOP ( 'NONE', ( #1876, #1, #3876, #4199, #4319 ) ) ;
#4228 = ORIENTED_EDGE ( 'NONE', *, *, #1098, .T. ) ;
#4229 = ADVANCED_FACE ( 'NONE', ( #1308 ), #3057, .F. ) ;
#4230 = CIRCLE ( 'NONE', #1529, 0.9499999999999998446 ) ;
#4231 = VECTOR ( 'NONE', #2380, 1000.000000000000000 ) ;
#4232 = CARTESIAN_POINT ( 'NONE',  ( -0.6400114416205012757, 35.27089408179999452, 2.574999950747501654 ) ) ;
#4233 = PERSON_AND_ORGANIZATION_ROLE ( 'creator' ) ;
#4234 = ORIENTED_EDGE ( 'NONE', *, *, #3419, .T. ) ;
#4235 = VECTOR ( 'NONE', #3486, 1000.000000000000000 ) ;
#4236 = CARTESIAN_POINT ( 'NONE',  ( 0.000000000000000000, 27.40006096009999936, 1.500000000000000000 ) ) ;
#4237 = DIRECTION ( 'NONE',  ( -0.000000000000000000, -0.000000000000000000, -1.000000000000000000 ) ) ;
#4238 = PLANE ( 'NONE',  #3318 ) ;
#4239 = DIRECTION ( 'NONE',  ( 1.000000000000000000, -0.000000000000000000, -0.000000000000000000 ) ) ;
#4240 = DIRECTION ( 'NONE',  ( 1.000000000000000000, 0.000000000000000000, 0.000000000000000000 ) ) ;
#4241 = FACE_OUTER_BOUND ( 'NONE', #3588, .T. ) ;
#4242 = FACE_OUTER_BOUND ( 'NONE', #3966, .T. ) ;
#4243 = ORIENTED_EDGE ( 'NONE', *, *, #4585, .T. ) ;
#4244 = EDGE_CURVE ( 'NONE', #1549, #2995, #2401, .T. ) ;
#4245 = VERTEX_POINT ( 'NONE', #1625 ) ;
#4246 = LINE ( 'NONE', #4632, #4267 ) ;
#4247 = LINE ( 'NONE', #3203, #2487 ) ;
#4248 = EDGE_CURVE ( 'NONE', #2632, #3898, #974, .T. ) ;
#4249 = CARTESIAN_POINT ( 'NONE',  ( -20.30000000000000071, 36.79999999999999005, 1.500000000000000000 ) ) ;
#4250 = VERTEX_POINT ( 'NONE', #2025 ) ;
#4251 = ORIENTED_EDGE ( 'NONE', *, *, #3213, .F. ) ;
#4252 = ADVANCED_FACE ( 'NONE', ( #3768 ), #4493, .T. ) ;
#4253 = LINE ( 'NONE', #1782, #3472 ) ;
#4254 = ORIENTED_EDGE ( 'NONE', *, *, #2474, .F. ) ;
#4255 = EDGE_CURVE ( 'NONE', #790, #1272, #233, .T. ) ;
#4256 = CARTESIAN_POINT ( 'NONE',  ( 14.77297434595850056, 31.74086868171547948, 0.000000000000000000 ) ) ;
#4257 = FACE_OUTER_BOUND ( 'NONE', #1609, .T. ) ;
#4258 = DIRECTION ( 'NONE',  ( -1.000000000000000000, 0.000000000000000000, -0.000000000000000000 ) ) ;
#4259 = CARTESIAN_POINT ( 'NONE',  ( 0.000000000000000000, 27.24086868171549369, 0.000000000000000000 ) ) ;
#4260 = AXIS2_PLACEMENT_3D ( 'NONE', #134, #3290, #1234 ) ;
#4261 = DIRECTION ( 'NONE',  ( -0.000000000000000000, 0.000000000000000000, 1.000000000000000000 ) ) ;
#4262 = LINE ( 'NONE', #1401, #2802 ) ;
#4263 = VECTOR ( 'NONE', #4207, 1000.000000000000000 ) ;
#4264 = CARTESIAN_POINT ( 'NONE',  ( 6.987358394719996646, -36.30000000000000426, 7.389999999999999680 ) ) ;
#4265 = VERTEX_POINT ( 'NONE', #1677 ) ;
#4266 = EDGE_LOOP ( 'NONE', ( #3331, #1899, #378, #3414 ) ) ;
#4267 = VECTOR ( 'NONE', #1425, 1000.000000000000000 ) ;
#4268 = DIRECTION ( 'NONE',  ( 0.000000000000000000, 0.000000000000000000, -1.000000000000000000 ) ) ;
#4269 = CARTESIAN_POINT ( 'NONE',  ( 9.787358394719998245, -35.27084328170000305, 7.890000000000001457 ) ) ;
#4270 = CIRCLE ( 'NONE', #434, 4.000000000000000000 ) ;
#4271 = ORIENTED_EDGE ( 'NONE', *, *, #3236, .F. ) ;
#4272 = ORIENTED_EDGE ( 'NONE', *, *, #3235, .T. ) ;
#4273 = EDGE_CURVE ( 'NONE', #1850, #2413, #3175, .T. ) ;
#4274 = LINE ( 'NONE', #1020, #2724 ) ;
#4275 = PERSON_AND_ORGANIZATION ( #976, #3406 ) ;
#4276 = ORIENTED_EDGE ( 'NONE', *, *, #862, .T. ) ;
#4277 = CARTESIAN_POINT ( 'NONE',  ( 17.94749555500000326, -30.40006096009999936, 2.500000000000000444 ) ) ;
#4278 = EDGE_CURVE ( 'NONE', #3969, #1105, #609, .T. ) ;
#4279 = EDGE_CURVE ( 'NONE', #4245, #2226, #2331, .T. ) ;
#4280 = CARTESIAN_POINT ( 'NONE',  ( 17.94749555500000326, 30.40006096009999936, 2.500000000000000444 ) ) ;
#4281 = CARTESIAN_POINT ( 'NONE',  ( 17.94749555500000326, 30.40006096009999936, 0.5999999999999999778 ) ) ;
#4282 = DIRECTION ( 'NONE',  ( -1.000000000000000000, 0.000000000000000000, 0.000000000000000000 ) ) ;
#4283 = CARTESIAN_POINT ( 'NONE',  ( -6.176019910154001202, -35.27084328170000305, 2.790000135221999855 ) ) ;
#4284 = CARTESIAN_POINT ( 'NONE',  ( -18.69005080008499675, 31.18628651258499573, 5.000000000000000000 ) ) ;
#4285 = CARTESIAN_POINT ( 'NONE',  ( 12.57297434595849950, 31.74086868171549369, 5.542456227884499320 ) ) ;
#4286 = ORIENTED_EDGE ( 'NONE', *, *, #4306, .T. ) ;
#4287 = EDGE_LOOP ( 'NONE', ( #2858, #2170, #1286, #4109, #4566, #4629, #4432, #2415 ) ) ;
#4288 = AXIS2_PLACEMENT_3D ( 'NONE', #4351, #4047, #2891 ) ;
#4289 = LINE ( 'NONE', #72, #3589 ) ;
#4290 = VECTOR ( 'NONE', #328, 1000.000000000000000 ) ;
#4291 = CARTESIAN_POINT ( 'NONE',  ( -17.94749555500000326, 27.40006096009999936, 1.500000000000000000 ) ) ;
#4292 = ORIENTED_EDGE ( 'NONE', *, *, #2154, .F. ) ;
#4293 = AXIS2_PLACEMENT_3D ( 'NONE', #3495, #1387, #3138 ) ;
#4294 = ORIENTED_EDGE ( 'NONE', *, *, #3818, .F. ) ;
#4295 = AXIS2_PLACEMENT_3D ( 'NONE', #928, #2024, #3792 ) ;
#4296 = VECTOR ( 'NONE', #1554, 1000.000000000000000 ) ;
#4297 = CARTESIAN_POINT ( 'NONE',  ( 14.38735839471999789, -20.05033252917354147, 7.890000000000001457 ) ) ;
#4298 = PERSON_AND_ORGANIZATION ( #976, #3406 ) ;
#4299 = VERTEX_POINT ( 'NONE', #263 ) ;
#4300 = EDGE_LOOP ( 'NONE', ( #187, #4271, #318, #4478 ) ) ;
#4301 = VECTOR ( 'NONE', #3333, 1000.000000000000000 ) ;
#4302 = DIRECTION ( 'NONE',  ( 0.000000000000000000, 0.000000000000000000, -1.000000000000000000 ) ) ;
#4303 = LINE ( 'NONE', #1091, #759 ) ;
#4304 = CARTESIAN_POINT ( 'NONE',  ( 10.29946659894344840, 26.74086868171549369, 0.000000000000000000 ) ) ;
#4305 = VECTOR ( 'NONE', #2376, 1000.000000000000000 ) ;
#4306 = EDGE_CURVE ( 'NONE', #1293, #2599, #1701, .T. ) ;
#4308 = EDGE_CURVE ( 'NONE', #2291, #2060, #2507, .T. ) ;
#4307 = DIRECTION ( 'NONE',  ( 0.000000000000000000, 0.000000000000000000, -1.000000000000000000 ) ) ;
#4309 = LINE ( 'NONE', #1400, #2831 ) ;
#4310 = VECTOR ( 'NONE', #1047, 1000.000000000000000 ) ;
#4311 = LINE ( 'NONE', #3868, #2953 ) ;
#4312 = CARTESIAN_POINT ( 'NONE',  ( 18.69002413007999763, -31.18623444247999643, 5.000000000000000000 ) ) ;
#4313 = EDGE_CURVE ( 'NONE', #1656, #1265, #3553, .T. ) ;
#4314 = VERTEX_POINT ( 'NONE', #2491 ) ;
#4315 = ORIENTED_EDGE ( 'NONE', *, *, #105, .F. ) ;
#4316 = DIRECTION ( 'NONE',  ( -1.000000000000000000, 0.000000000000000000, 0.000000000000000000 ) ) ;
#4317 = LINE ( 'NONE', #1473, #3540 ) ;
#4318 = EDGE_LOOP ( 'NONE', ( #1073, #3113 ) ) ;
#4319 = ORIENTED_EDGE ( 'NONE', *, *, #4532, .F. ) ;
#4320 = CARTESIAN_POINT ( 'NONE',  ( 20.00000000000000000, 36.79999999999999005, 0.000000000000000000 ) ) ;
#4321 = ORIENTED_EDGE ( 'NONE', *, *, #653, .F. ) ;
#4322 = EDGE_LOOP ( 'NONE', ( #3636, #2128, #771, #3118, #1178, #2452, #3606, #2393 ) ) ;
#4323 = CARTESIAN_POINT ( 'NONE',  ( -19.54749555500000113, -30.40006096009999936, 5.000000000000000000 ) ) ;
#4324 = CARTESIAN_POINT ( 'NONE',  ( 18.69002413007999763, -31.18623444247999643, 10.89000000000000057 ) ) ;
#4325 = EDGE_CURVE ( 'NONE', #1215, #3733, #729, .T. ) ;
#4326 = CARTESIAN_POINT ( 'NONE',  ( 10.29946659894345018, 26.74086868171549369, 0.4999999999999995559 ) ) ;
#4327 = DIRECTION ( 'NONE',  ( -1.000000000000000000, 0.000000000000000000, 0.000000000000000000 ) ) ;
#4328 = LINE ( 'NONE', #374, #2531 ) ;
#4329 = EDGE_CURVE ( 'NONE', #3162, #2159, #16, .T. ) ;
#4330 = DIRECTION ( 'NONE',  ( -0.000000000000000000, -0.000000000000000000, -1.000000000000000000 ) ) ;
#4331 = CARTESIAN_POINT ( 'NONE',  ( -16.34749555500000184, -30.40006096009999936, 5.000000000000000000 ) ) ;
#4332 = CARTESIAN_POINT ( 'NONE',  ( -12.64001144162049961, 36.29999999999999005, 2.574999950747499877 ) ) ;
#4333 = ORIENTED_EDGE ( 'NONE', *, *, #2665, .F. ) ;
#4334 = ORIENTED_EDGE ( 'NONE', *, *, #716, .T. ) ;
#4335 = LINE ( 'NONE', #427, #57 ) ;
#4336 = EDGE_CURVE ( 'NONE', #742, #1338, #2889, .T. ) ;
#4337 = CIRCLE ( 'NONE', #1561, 3.100000000000000533 ) ;
#4338 = DIRECTION ( 'NONE',  ( 0.000000000000000000, 0.000000000000000000, -1.000000000000000000 ) ) ;
#4339 = EDGE_CURVE ( 'NONE', #2169, #2453, #2866, .T. ) ;
#4340 = ORIENTED_EDGE ( 'NONE', *, *, #1359, .F. ) ;
#4341 = ORIENTED_EDGE ( 'NONE', *, *, #2096, .F. ) ;
#4342 = AXIS2_PLACEMENT_3D ( 'NONE', #2410, #4176, #1362 ) ;
#4343 = CARTESIAN_POINT ( 'NONE',  ( 7.099466598943449114, 27.24086868171549369, 0.4999999999999995559 ) ) ;
#4344 = ORIENTED_EDGE ( 'NONE', *, *, #1901, .F. ) ;
#4345 = ORIENTED_EDGE ( 'NONE', *, *, #360, .T. ) ;
#4346 = DIRECTION ( 'NONE',  ( 1.000000000000000000, 0.000000000000000000, -0.000000000000000000 ) ) ;
#4347 = CARTESIAN_POINT ( 'NONE',  ( -14.44749555499999971, 34.77089408180000163, 5.000000000000000000 ) ) ;
#4348 = LINE ( 'NONE', #4418, #1521 ) ;
#4349 = LINE ( 'NONE', #4094, #1977 ) ;
#4350 = DIRECTION ( 'NONE',  ( 1.000000000000000000, 0.000000000000000000, 0.000000000000000000 ) ) ;
#4351 = CARTESIAN_POINT ( 'NONE',  ( -17.94749555500000326, 30.40006096009999936, 5.000000000000000000 ) ) ;
#4352 = FACE_OUTER_BOUND ( 'NONE', #1170, .T. ) ;
#4353 = FACE_OUTER_BOUND ( 'NONE', #1082, .T. ) ;
#4354 = ORIENTED_EDGE ( 'NONE', *, *, #4538, .F. ) ;
#4355 = ORIENTED_EDGE ( 'NONE', *, *, #4503, .T. ) ;
#4356 = DIRECTION ( 'NONE',  ( -1.000000000000000000, 0.000000000000000000, 0.000000000000000000 ) ) ;
#4357 = DIRECTION ( 'NONE',  ( -1.000000000000000000, 0.000000000000000000, 0.000000000000000000 ) ) ;
#4358 = CARTESIAN_POINT ( 'NONE',  ( -13.21601971390600383, -36.30000000000000426, 1.840000135221999900 ) ) ;
#4359 = EDGE_CURVE ( 'NONE', #4389, #2978, #3105, .T. ) ;
#4360 = EDGE_CURVE ( 'NONE', #2264, #4034, #1373, .T. ) ;
#4361 = ORIENTED_EDGE ( 'NONE', *, *, #2990, .T. ) ;
#4362 = ORIENTED_EDGE ( 'NONE', *, *, #2754, .T. ) ;
#4363 = AXIS2_PLACEMENT_3D ( 'NONE', #2586, #465, #3996 ) ;
#4364 = DIRECTION ( 'NONE',  ( -0.000000000000000000, -0.000000000000000000, -1.000000000000000000 ) ) ;
#4365 = EDGE_CURVE ( 'NONE', #1001, #1459, #1388, .T. ) ;
#4366 = ORIENTED_EDGE ( 'NONE', *, *, #3123, .F. ) ;
#4367 = VERTEX_POINT ( 'NONE', #2143 ) ;
#4368 = DIRECTION ( 'NONE',  ( 0.000000000000000000, -1.000000000000000000, 0.000000000000000000 ) ) ;
#4369 = AXIS2_PLACEMENT_3D ( 'NONE', #3684, #2974, #4083 ) ;
#4370 = AXIS2_PLACEMENT_3D ( 'NONE', #1506, #3669, #3619 ) ;
#4371 = LINE ( 'NONE', #3262, #3013 ) ;
#4372 = DIRECTION ( 'NONE',  ( -0.000000000000000000, -0.000000000000000000, 1.000000000000000000 ) ) ;
#4373 = DIRECTION ( 'NONE',  ( -1.000000000000000000, 0.000000000000000000, 0.000000000000000000 ) ) ;
#4374 = AXIS2_PLACEMENT_3D ( 'NONE', #45, #2616, #3365 ) ;
#4375 = CIRCLE ( 'NONE', #243, 0.5000000000000004441 ) ;
#4376 = FACE_OUTER_BOUND ( 'NONE', #2054, .T. ) ;
#4377 = CIRCLE ( 'NONE', #3931, 2.200000000000000622 ) ;
#4378 = CARTESIAN_POINT ( 'NONE',  ( 8.699466598943450535, 31.74086868171549369, 13.14817582284883635 ) ) ;
#4379 = DIRECTION ( 'NONE',  ( 0.000000000000000000, 0.000000000000000000, -1.000000000000000000 ) ) ;
#4380 = DIRECTION ( 'NONE',  ( 0.000000000000000000, 0.000000000000000000, -1.000000000000000000 ) ) ;
#4381 = ORIENTED_EDGE ( 'NONE', *, *, #801, .F. ) ;
#4382 = CIRCLE ( 'NONE', #3030, 0.5000000000000004441 ) ;
#4383 = ORIENTED_EDGE ( 'NONE', *, *, #1643, .T. ) ;
#4384 = AXIS2_PLACEMENT_3D ( 'NONE', #1704, #520, #2668 ) ;
#4385 = CYLINDRICAL_SURFACE ( 'NONE', #432, 0.5000000000000004441 ) ;
#4386 = CARTESIAN_POINT ( 'NONE',  ( -17.94749555500000326, -30.40006096009998515, 0.5999999999999999778 ) ) ;
#4387 = LINE ( 'NONE', #1960, #3994 ) ;
#4388 = ORIENTED_EDGE ( 'NONE', *, *, #3070, .F. ) ;
#4389 = VERTEX_POINT ( 'NONE', #2517 ) ;
#4390 = EDGE_CURVE ( 'NONE', #3295, #4476, #751, .T. ) ;
#4391 = DIRECTION ( 'NONE',  ( -0.000000000000000000, -0.000000000000000000, -1.000000000000000000 ) ) ;
#4392 = ORIENTED_EDGE ( 'NONE', *, *, #4643, .T. ) ;
#4393 = VERTEX_POINT ( 'NONE', #1064 ) ;
#4394 = LINE ( 'NONE', #1993, #1859 ) ;
#4395 = EDGE_CURVE ( 'NONE', #1665, #1240, #4457, .T. ) ;
#4396 = CARTESIAN_POINT ( 'NONE',  ( -17.94749555500000326, -30.40006096009998515, 0.5999999999999999778 ) ) ;
#4397 = DIRECTION ( 'NONE',  ( -0.000000000000000000, 1.000000000000000000, 0.000000000000000000 ) ) ;
#4398 = EDGE_CURVE ( 'NONE', #4144, #3321, #1113, .T. ) ;
#4399 = LINE ( 'NONE', #2233, #934 ) ;
#4400 = CARTESIAN_POINT ( 'NONE',  ( -14.94749555500001215, -5.323477688200406227E-15, 5.000000000000000000 ) ) ;
#4401 = CYLINDRICAL_SURFACE ( 'NONE', #3184, 1.600000000000000755 ) ;
#4402 = PLANE ( 'NONE',  #2346 ) ;
#4403 = CARTESIAN_POINT ( 'NONE',  ( 17.94749555500000326, 30.40006096009999936, 0.000000000000000000 ) ) ;
#4404 = ORIENTED_EDGE ( 'NONE', *, *, #136, .F. ) ;
#4405 = ORIENTED_EDGE ( 'NONE', *, *, #1726, .T. ) ;
#4406 = CYLINDRICAL_SURFACE ( 'NONE', #3894, 2.200000000000000622 ) ;
#4407 = DIRECTION ( 'NONE',  ( 0.000000000000000000, 0.000000000000000000, 1.000000000000000000 ) ) ;
#4408 = LINE ( 'NONE', #3755, #999 ) ;
#4409 = ORIENTED_EDGE ( 'NONE', *, *, #2981, .T. ) ;
#4410 = ORIENTED_EDGE ( 'NONE', *, *, #485, .T. ) ;
#4411 = AXIS2_PLACEMENT_3D ( 'NONE', #1186, #2286, #4442 ) ;
#4412 = AXIS2_PLACEMENT_3D ( 'NONE', #3067, #2629, #3666 ) ;
#4413 = DIRECTION ( 'NONE',  ( -1.000000000000000000, 0.000000000000000000, 0.000000000000000000 ) ) ;
#4414 = ORIENTED_EDGE ( 'NONE', *, *, #53, .F. ) ;
#4415 = EDGE_CURVE ( 'NONE', #2552, #4572, #2539, .T. ) ;
#4416 = EDGE_LOOP ( 'NONE', ( #2880, #1360, #412, #2482 ) ) ;
#4417 = PLANE ( 'NONE',  #1565 ) ;
#4418 = CARTESIAN_POINT ( 'NONE',  ( 10.97297434595849630, 31.74086868171549369, 13.14817582284883635 ) ) ;
#4419 = CARTESIAN_POINT ( 'NONE',  ( 14.17297434595850092, 31.74086868171549369, 13.14817582284883635 ) ) ;
#4420 = EDGE_CURVE ( 'NONE', #631, #2770, #1088, .T. ) ;
#4421 = EDGE_CURVE ( 'NONE', #3498, #2193, #4382, .T. ) ;
#4422 = CARTESIAN_POINT ( 'NONE',  ( 17.94749555500000326, -30.40006096009999936, 0.5999999999999999778 ) ) ;
#4423 = CARTESIAN_POINT ( 'NONE',  ( 17.94749555500000326, -30.40006096009999936, 0.000000000000000000 ) ) ;
#4424 = CARTESIAN_POINT ( 'NONE',  ( 12.57297434595849950, 31.74086868171549369, 1.499999999999999556 ) ) ;
#4425 = DIRECTION ( 'NONE',  ( -0.000000000000000000, -0.000000000000000000, 1.000000000000000000 ) ) ;
#4426 = EDGE_CURVE ( 'NONE', #3530, #2599, #3886, .T. ) ;
#4427 = ORIENTED_EDGE ( 'NONE', *, *, #2787, .F. ) ;
#4428 = EDGE_LOOP ( 'NONE', ( #1568, #1752, #4410, #3752 ) ) ;
#4429 = CYLINDRICAL_SURFACE ( 'NONE', #507, 2.200000000000000622 ) ;
#4430 = CARTESIAN_POINT ( 'NONE',  ( 8.699466598943450535, 31.74086868171549369, 13.14817582284883635 ) ) ;
#4431 = DIRECTION ( 'NONE',  ( 0.000000000000000000, -0.000000000000000000, -1.000000000000000000 ) ) ;
#4432 = ORIENTED_EDGE ( 'NONE', *, *, #1952, .T. ) ;
#4433 = ORIENTED_EDGE ( 'NONE', *, *, #837, .T. ) ;
#4434 = DIRECTION ( 'NONE',  ( -0.000000000000000000, 1.000000000000000000, -0.000000000000000000 ) ) ;
#4435 = EDGE_LOOP ( 'NONE', ( #4286, #4179, #2529, #668 ) ) ;
#4436 = ORIENTED_EDGE ( 'NONE', *, *, #4539, .F. ) ;
#4437 = CIRCLE ( 'NONE', #3309, 4.000000000000000000 ) ;
#4438 = DIRECTION ( 'NONE',  ( 0.000000000000000000, 0.000000000000000000, -1.000000000000000000 ) ) ;
#4439 = CARTESIAN_POINT ( 'NONE',  ( 3.225958851927499982, 31.74086868171549369, 13.14817582284883635 ) ) ;
#4440 = VECTOR ( 'NONE', #761, 1000.000000000000000 ) ;
#4441 = CIRCLE ( 'NONE', #1000, 1.600000000000000755 ) ;
#4442 = DIRECTION ( 'NONE',  ( -1.000000000000000000, 0.000000000000000000, 0.000000000000000000 ) ) ;
#4443 = LINE ( 'NONE', #3009, #2039 ) ;
#4444 = ADVANCED_FACE ( 'NONE', ( #1399 ), #677, .F. ) ;
#4445 = AXIS2_PLACEMENT_3D ( 'NONE', #2739, #734, #1443 ) ;
#4446 = CARTESIAN_POINT ( 'NONE',  ( -20.30000000000000071, -32.80000000000001137, 10.89000000000000057 ) ) ;
#4447 = AXIS2_PLACEMENT_3D ( 'NONE', #3663, #1875, #2298 ) ;
#4448 = DIRECTION ( 'NONE',  ( 0.000000000000000000, 1.000000000000000000, 0.000000000000000000 ) ) ;
#4449 = VERTEX_POINT ( 'NONE', #1791 ) ;
#4450 = VERTEX_POINT ( 'NONE', #3195 ) ;
#4451 = FACE_OUTER_BOUND ( 'NONE', #2071, .T. ) ;
#4452 = CIRCLE ( 'NONE', #2051, 3.100000000000000533 ) ;
#4453 = PLANE ( 'NONE',  #1758 ) ;
#4454 = EDGE_CURVE ( 'NONE', #1615, #3256, #1013, .T. ) ;
#4455 = EDGE_CURVE ( 'NONE', #3226, #69, #707, .T. ) ;
#4456 = FACE_BOUND ( 'NONE', #669, .T. ) ;
#4457 = CIRCLE ( 'NONE', #324, 0.5000000000000000000 ) ;
#4458 = EDGE_LOOP ( 'NONE', ( #916, #3375, #1641, #4315, #2402 ) ) ;
#4459 = ORIENTED_EDGE ( 'NONE', *, *, #1919, .T. ) ;
#4460 = LOCAL_TIME ( 14, 18, 48.00000000000000000, #366 ) ;
#4461 = CARTESIAN_POINT ( 'NONE',  ( 20.30000000000000071, -32.80000000000001137, 1.500000000000000000 ) ) ;
#4462 = ORIENTED_EDGE ( 'NONE', *, *, #3097, .F. ) ;
#4463 = ORIENTED_EDGE ( 'NONE', *, *, #3527, .F. ) ;
#4464 = LINE ( 'NONE', #3405, #1307 ) ;
#4465 = DATE_TIME_ROLE ( 'creation_date' ) ;
#4466 = CARTESIAN_POINT ( 'NONE',  ( 14.94749555500001215, -5.323477688200406227E-15, 5.000000000000000000 ) ) ;
#4467 = DIRECTION ( 'NONE',  ( 1.000000000000000000, 0.000000000000000000, 0.000000000000000000 ) ) ;
#4468 = CARTESIAN_POINT ( 'NONE',  ( 16.34749555500000184, 30.40006096009999936, 5.000000000000000000 ) ) ;
#4469 = CARTESIAN_POINT ( 'NONE',  ( -14.94749555500000326, -30.40006096009999936, 1.500000000000000000 ) ) ;
#4470 = VERTEX_POINT ( 'NONE', #3360 ) ;
#4471 = EDGE_CURVE ( 'NONE', #2193, #982, #1232, .T. ) ;
#4472 = ORIENTED_EDGE ( 'NONE', *, *, #2869, .T. ) ;
#4473 = CARTESIAN_POINT ( 'NONE',  ( 17.94749555500000326, -30.40006096009999936, 0.5999999999999999778 ) ) ;
#4474 = DIRECTION ( 'NONE',  ( -0.000000000000000000, 0.000000000000000000, -1.000000000000000000 ) ) ;
#4475 = DIRECTION ( 'NONE',  ( -0.000000000000000000, 0.000000000000000000, -1.000000000000000000 ) ) ;
#4476 = VERTEX_POINT ( 'NONE', #398 ) ;
#4477 = EDGE_CURVE ( 'NONE', #2081, #2175, #4399, .T. ) ;
#4478 = ORIENTED_EDGE ( 'NONE', *, *, #3793, .F. ) ;
#4479 = ADVANCED_FACE ( 'NONE', ( #489 ), #825, .T. ) ;
#4480 = EDGE_CURVE ( 'NONE', #3205, #1215, #441, .T. ) ;
#4481 = DIRECTION ( 'NONE',  ( -1.000000000000000000, 0.000000000000000000, 0.000000000000000000 ) ) ;
#4482 = CARTESIAN_POINT ( 'NONE',  ( -17.94749555500000326, 30.40006096009999936, 1.500000000000000000 ) ) ;
#4483 = PRODUCT_DEFINITION_SHAPE ( 'NONE', 'NONE',  #3245 ) ;
#4484 = EDGE_LOOP ( 'NONE', ( #500, #4392 ) ) ;
#4485 = ORIENTED_EDGE ( 'NONE', *, *, #3712, .T. ) ;
#4486 = EDGE_CURVE ( 'NONE', #526, #2670, #1757, .T. ) ;
#4487 = CIRCLE ( 'NONE', #4036, 2.200000000000000622 ) ;
#4488 = DIRECTION ( 'NONE',  ( -0.000000000000000000, -0.000000000000000000, -1.000000000000000000 ) ) ;
#4489 = CARTESIAN_POINT ( 'NONE',  ( 14.77297434595851122, 26.74086868171549369, -0.0009999999999999158867 ) ) ;
#4490 = PLANE ( 'NONE',  #1887 ) ;
#4491 = AXIS2_PLACEMENT_3D ( 'NONE', #4010, #52, #4056 ) ;
#4492 = DIRECTION ( 'NONE',  ( -0.000000000000000000, -0.000000000000000000, -1.000000000000000000 ) ) ;
#4493 = PLANE ( 'NONE',  #2875 ) ;
#4494 = ORIENTED_EDGE ( 'NONE', *, *, #4339, .T. ) ;
#4495 = LINE ( 'NONE', #613, #2383 ) ;
#4496 = DIRECTION ( 'NONE',  ( 1.856308247812544131E-16, 1.000000000000000000, 0.000000000000000000 ) ) ;
#4497 = CARTESIAN_POINT ( 'NONE',  ( -5.226019910154001025, -36.80100000000001614, 1.840000135221999900 ) ) ;
#4498 = ORIENTED_EDGE ( 'NONE', *, *, #3712, .F. ) ;
#4499 = ORIENTED_EDGE ( 'NONE', *, *, #3704, .F. ) ;
#4500 = LINE ( 'NONE', #3337, #3136 ) ;
#4501 = CARTESIAN_POINT ( 'NONE',  ( -17.94749555500000326, 30.40006096009999936, 5.000000000000000000 ) ) ;
#4502 = ADVANCED_FACE ( 'NONE', ( #3645 ), #133, .F. ) ;
#4503 = EDGE_CURVE ( 'NONE', #69, #2784, #88, .T. ) ;
#4504 = CARTESIAN_POINT ( 'NONE',  ( -17.94749555500000326, 30.40006096009999936, 2.500000000000000444 ) ) ;
#4505 = ORIENTED_EDGE ( 'NONE', *, *, #3329, .T. ) ;
#4506 = ORIENTED_EDGE ( 'NONE', *, *, #4398, .T. ) ;
#4507 = ADVANCED_FACE ( 'NONE', ( #417 ), #112, .T. ) ;
#4508 = DIRECTION ( 'NONE',  ( 1.000000000000000000, 0.000000000000000000, 0.000000000000000000 ) ) ;
#4509 = CYLINDRICAL_SURFACE ( 'NONE', #2656, 3.100000000000000533 ) ;
#4510 = CARTESIAN_POINT ( 'NONE',  ( 22.27463296930000070, 27.40006096009999936, 5.000000000000000000 ) ) ;
#4511 = CIRCLE ( 'NONE', #3769, 0.5000000000000004441 ) ;
#4512 = DIRECTION ( 'NONE',  ( 2.168404344971009115E-16, 1.000000000000000000, 0.000000000000000000 ) ) ;
#4513 = DIRECTION ( 'NONE',  ( 0.000000000000000000, 0.000000000000000000, 1.000000000000000000 ) ) ;
#4514 = CYLINDRICAL_SURFACE ( 'NONE', #320, 1.600000000000000755 ) ;
#4515 = VECTOR ( 'NONE', #4338, 1000.000000000000000 ) ;
#4516 = ORIENTED_EDGE ( 'NONE', *, *, #2989, .F. ) ;
#4517 = ORIENTED_EDGE ( 'NONE', *, *, #985, .T. ) ;
#4518 = CIRCLE ( 'NONE', #2867, 1.600000000000002531 ) ;
#4519 = CIRCLE ( 'NONE', #3922, 0.5000000000000004441 ) ;
#4520 = PLANE ( 'NONE',  #4384 ) ;
#4521 = CARTESIAN_POINT ( 'NONE',  ( -21.04749555499999758, 30.40006096009998515, 0.5999999999999999778 ) ) ;
#4522 = ORIENTED_EDGE ( 'NONE', *, *, #3854, .T. ) ;
#4523 = CIRCLE ( 'NONE', #2496, 1.599999999999999867 ) ;
#4524 = ORIENTED_EDGE ( 'NONE', *, *, #4595, .T. ) ;
#4525 = CARTESIAN_POINT ( 'NONE',  ( 1.387358394719996335, -31.96025421025350255, 7.890000000000001457 ) ) ;
#4526 = CC_DESIGN_DATE_AND_TIME_ASSIGNMENT ( #3032, #4465, ( #3245 ) ) ;
#4527 = FACE_OUTER_BOUND ( 'NONE', #4006, .T. ) ;
#4528 = VECTOR ( 'NONE', #3875, 1000.000000000000000 ) ;
#4529 = LINE ( 'NONE', #2744, #3547 ) ;
#4530 = ORIENTED_EDGE ( 'NONE', *, *, #425, .T. ) ;
#4531 = ORIENTED_EDGE ( 'NONE', *, *, #3640, .T. ) ;
#4532 = EDGE_CURVE ( 'NONE', #518, #2995, #701, .T. ) ;
#4533 = CARTESIAN_POINT ( 'NONE',  ( -17.94749555500000326, 30.40006096009998515, 0.000000000000000000 ) ) ;
#4534 = APPLICATION_PROTOCOL_DEFINITION ( 'international standard', 'config_control_design', 1994, #2927 ) ;
#4535 = ORIENTED_EDGE ( 'NONE', *, *, #3958, .F. ) ;
#4536 = CARTESIAN_POINT ( 'NONE',  ( 24.30000000000000071, -32.80000000000001137, 1.500000000000000000 ) ) ;
#4537 = EDGE_CURVE ( 'NONE', #3728, #1626, #467, .T. ) ;
#4538 = EDGE_CURVE ( 'NONE', #4029, #1087, #2353, .T. ) ;
#4539 = EDGE_CURVE ( 'NONE', #1945, #841, #4066, .T. ) ;
#4540 = DIRECTION ( 'NONE',  ( -0.000000000000000000, -0.000000000000000000, -1.000000000000000000 ) ) ;
#4541 = DIRECTION ( 'NONE',  ( -2.168404344971009115E-16, -1.000000000000000000, 0.000000000000000000 ) ) ;
#4542 = DIRECTION ( 'NONE',  ( -0.000000000000000000, -0.000000000000000000, 1.000000000000000000 ) ) ;
#4543 = ORIENTED_EDGE ( 'NONE', *, *, #1643, .F. ) ;
#4544 = CARTESIAN_POINT ( 'NONE',  ( -20.00000000000000000, -36.30000000000000426, 0.000000000000000000 ) ) ;
#4545 = FACE_OUTER_BOUND ( 'NONE', #2097, .T. ) ;
#4546 = CARTESIAN_POINT ( 'NONE',  ( 18.69002286007999558, 31.18628397257998941, 5.000000000000000000 ) ) ;
#4547 = ORIENTED_EDGE ( 'NONE', *, *, #1044, .T. ) ;
#4548 = ORIENTED_EDGE ( 'NONE', *, *, #3765, .T. ) ;
#4549 = DIRECTION ( 'NONE',  ( 1.000000000000000000, 0.000000000000000000, 0.000000000000000000 ) ) ;
#4550 = CARTESIAN_POINT ( 'NONE',  ( -17.94749555500000326, 30.40006096009998515, 0.000000000000000000 ) ) ;
#4551 = CARTESIAN_POINT ( 'NONE',  ( -18.69005080008999897, -31.18623571248999227, 10.89000000000000057 ) ) ;
#4552 = ORIENTED_EDGE ( 'NONE', *, *, #569, .T. ) ;
#4553 = ORIENTED_EDGE ( 'NONE', *, *, #1633, .F. ) ;
#4554 = CARTESIAN_POINT ( 'NONE',  ( -20.00000000000000000, 36.79999999999999005, 0.000000000000000000 ) ) ;
#4555 = DIRECTION ( 'NONE',  ( 0.000000000000000000, 0.000000000000000000, -1.000000000000000000 ) ) ;
#4556 = VERTEX_POINT ( 'NONE', #3007 ) ;
#4557 = CARTESIAN_POINT ( 'NONE',  ( -14.94749555500000326, 30.40006096009999936, 5.000000000000000000 ) ) ;
#4558 = AXIS2_PLACEMENT_3D ( 'NONE', #418, #4261, #2541 ) ;
#4559 = CARTESIAN_POINT ( 'NONE',  ( -22.77465836914204900, -31.18626111254249622, 5.000000000000000000 ) ) ;
#4560 = FACE_OUTER_BOUND ( 'NONE', #2408, .T. ) ;
#4561 = EDGE_CURVE ( 'NONE', #3373, #2169, #4349, .T. ) ;
#4563 = EDGE_CURVE ( 'NONE', #2553, #1471, #1836, .T. ) ;
#4562 = DIRECTION ( 'NONE',  ( -1.000000000000000000, 0.000000000000000000, 0.000000000000000000 ) ) ;
#4564 = AXIS2_PLACEMENT_3D ( 'NONE', #726, #3882, #3950 ) ;
#4565 = ORIENTED_EDGE ( 'NONE', *, *, #925, .T. ) ;
#4566 = ORIENTED_EDGE ( 'NONE', *, *, #2232, .T. ) ;
#4567 = CIRCLE ( 'NONE', #4342, 2.200000000000002398 ) ;
#4568 = DIRECTION ( 'NONE',  ( 0.000000000000000000, -0.000000000000000000, -1.000000000000000000 ) ) ;
#4569 = CARTESIAN_POINT ( 'NONE',  ( 0.000000000000000000, 0.000000000000000000, 0.000000000000000000 ) ) ;
#4570 = CC_DESIGN_PERSON_AND_ORGANIZATION_ASSIGNMENT ( #2772, #992, ( #3245 ) ) ;
#4571 = ORIENTED_EDGE ( 'NONE', *, *, #3584, .T. ) ;
#4572 = VERTEX_POINT ( 'NONE', #40 ) ;
#4573 = CARTESIAN_POINT ( 'NONE',  ( -18.69005080009999986, 35.27089408180000163, 10.89000000000000057 ) ) ;
#4574 = DIRECTION ( 'NONE',  ( 0.000000000000000000, 0.000000000000000000, -1.000000000000000000 ) ) ;
#4575 = CARTESIAN_POINT ( 'NONE',  ( 14.44749555499999971, 34.77089408179999452, 1.500000000000000000 ) ) ;
#4576 = ORIENTED_EDGE ( 'NONE', *, *, #1429, .F. ) ;
#4577 = ORIENTED_EDGE ( 'NONE', *, *, #4532, .T. ) ;
#4578 = DIRECTION ( 'NONE',  ( -0.000000000000000000, -0.000000000000000000, -1.000000000000000000 ) ) ;
#4579 = ORIENTED_EDGE ( 'NONE', *, *, #3235, .F. ) ;
#4580 = DIRECTION ( 'NONE',  ( -1.000000000000000000, 0.000000000000000000, 0.000000000000000000 ) ) ;
#4581 = DIRECTION ( 'NONE',  ( 0.000000000000000000, 0.000000000000000000, -1.000000000000000000 ) ) ;
#4582 = DIRECTION ( 'NONE',  ( 0.000000000000000000, 0.000000000000000000, 1.000000000000000000 ) ) ;
#4583 = DIRECTION ( 'NONE',  ( -1.000000000000000000, 0.000000000000000000, 0.000000000000000000 ) ) ;
#4584 = CARTESIAN_POINT ( 'NONE',  ( 12.57297434595849950, 31.74086868171549369, 2.100000000000000089 ) ) ;
#4585 = EDGE_CURVE ( 'NONE', #340, #3038, #3555, .T. ) ;
#4586 = LINE ( 'NONE', #3576, #1531 ) ;
#4587 = DIRECTION ( 'NONE',  ( 0.000000000000000000, 0.000000000000000000, -1.000000000000000000 ) ) ;
#4588 = VERTEX_POINT ( 'NONE', #2910 ) ;
#4589 = ORIENTED_EDGE ( 'NONE', *, *, #76, .F. ) ;
#4590 = VECTOR ( 'NONE', #3658, 1000.000000000000000 ) ;
#4591 = CYLINDRICAL_SURFACE ( 'NONE', #4041, 0.9499999999999998446 ) ;
#4592 = CIRCLE ( 'NONE', #3238, 2.999999999999999112 ) ;
#4593 = EDGE_CURVE ( 'NONE', #3570, #1010, #1135, .T. ) ;
#4594 = LINE ( 'NONE', #1320, #2483 ) ;
#4595 = EDGE_CURVE ( 'NONE', #890, #2509, #2059, .T. ) ;
#4596 = AXIS2_PLACEMENT_3D ( 'NONE', #4628, #1422, #1488 ) ;
#4597 = PLANE ( 'NONE',  #4001 ) ;
#4598 = AXIS2_PLACEMENT_3D ( 'NONE', #4504, #198, #3091 ) ;
#4599 = ORIENTED_EDGE ( 'NONE', *, *, #3329, .F. ) ;
#4600 = ORIENTED_EDGE ( 'NONE', *, *, #710, .T. ) ;
#4601 = CIRCLE ( 'NONE', #4084, 2.999999999999999112 ) ;
#4602 = CARTESIAN_POINT ( 'NONE',  ( -12.64001144162049961, 35.27089408179999452, 4.574999950747499433 ) ) ;
#4603 = EDGE_LOOP ( 'NONE', ( #3751, #4600, #522, #4499, #847, #3044, #4062, #3579 ) ) ;
#4604 = CYLINDRICAL_SURFACE ( 'NONE', #4564, 2.200000000000002398 ) ;
#4605 = DIRECTION ( 'NONE',  ( -1.000000000000000000, 0.000000000000000000, 0.000000000000000000 ) ) ;
#4606 = CARTESIAN_POINT ( 'NONE',  ( -20.30000000000000071, -36.80000000000000426, 0.000000000000000000 ) ) ;
#4607 = DIRECTION ( 'NONE',  ( 1.000000000000000000, 0.000000000000000000, 0.000000000000000000 ) ) ;
#4608 = DIRECTION ( 'NONE',  ( 0.000000000000000000, 1.000000000000000000, 0.000000000000000000 ) ) ;
#4609 = DIRECTION ( 'NONE',  ( -0.000000000000000000, 1.000000000000000000, -0.000000000000000000 ) ) ;
#4610 = DIRECTION ( 'NONE',  ( 0.000000000000000000, -0.000000000000000000, -1.000000000000000000 ) ) ;
#4611 = EDGE_CURVE ( 'NONE', #3336, #377, #1165, .T. ) ;
#4612 = VERTEX_POINT ( 'NONE', #900 ) ;
#4613 = EDGE_LOOP ( 'NONE', ( #2201, #3839, #3166, #1986, #1779, #4122, #1702, #1829, #1470, #2085, #1832, #336, #1786, #4459, #1156, #1150 ) ) ;
#4614 = DIRECTION ( 'NONE',  ( 0.000000000000000000, 0.000000000000000000, 1.000000000000000000 ) ) ;
#4615 = CARTESIAN_POINT ( 'NONE',  ( 18.69002984501649323, 35.27089408179999452, 5.000000000000000000 ) ) ;
#4616 = ORIENTED_EDGE ( 'NONE', *, *, #3984, .F. ) ;
#4617 = ORIENTED_EDGE ( 'NONE', *, *, #3883, .T. ) ;
#4618 = LINE ( 'NONE', #2109, #3926 ) ;
#4619 = ADVANCED_FACE ( 'NONE', ( #1300 ), #4509, .F. ) ;
#4620 = ORIENTED_EDGE ( 'NONE', *, *, #3499, .F. ) ;
#4621 = DIRECTION ( 'NONE',  ( -1.000000000000000000, 0.000000000000000000, 0.000000000000000000 ) ) ;
#4622 = CARTESIAN_POINT ( 'NONE',  ( 10.29946659894345018, 31.74086868171549369, 13.14817582284883635 ) ) ;
#4623 = FACE_OUTER_BOUND ( 'NONE', #840, .T. ) ;
#4624 = CARTESIAN_POINT ( 'NONE',  ( -20.30000000000000071, -36.80000000000000426, 10.89000000000000057 ) ) ;
#4625 = DIRECTION ( 'NONE',  ( -1.856308247812544131E-16, -1.000000000000000000, -0.000000000000000000 ) ) ;
#4626 = CARTESIAN_POINT ( 'NONE',  ( -20.30000000000000071, -32.80000000000001137, 0.000000000000000000 ) ) ;
#4627 = CIRCLE ( 'NONE', #2162, 2.200000000000000622 ) ;
#4628 = CARTESIAN_POINT ( 'NONE',  ( 0.000000000000000000, 27.40006096009999936, 5.000000000000000000 ) ) ;
#4629 = ORIENTED_EDGE ( 'NONE', *, *, #686, .T. ) ;
#4630 = ORIENTED_EDGE ( 'NONE', *, *, #3180, .T. ) ;
#4631 = VECTOR ( 'NONE', #1870, 1000.000000000000000 ) ;
#4632 = CARTESIAN_POINT ( 'NONE',  ( 6.425958851927499715, 26.74086868171549369, -0.0009999999999999158867 ) ) ;
#4633 = CARTESIAN_POINT ( 'NONE',  ( 17.94749555500000326, -30.40006096009999936, 10.89102500000000084 ) ) ;
#4634 = ORIENTED_EDGE ( 'NONE', *, *, #4128, .F. ) ;
#4635 = ORIENTED_EDGE ( 'NONE', *, *, #3499, .T. ) ;
#4636 = ADVANCED_FACE ( 'NONE', ( #4161 ), #580, .F. ) ;
#4637 = EDGE_CURVE ( 'NONE', #2321, #1001, #4114, .T. ) ;
#4638 = DIRECTION ( 'NONE',  ( -0.000000000000000000, -0.000000000000000000, -1.000000000000000000 ) ) ;
#4639 = ORIENTED_EDGE ( 'NONE', *, *, #3857, .F. ) ;
#4640 = VERTEX_POINT ( 'NONE', #1253 ) ;
#4641 = CARTESIAN_POINT ( 'NONE',  ( 17.94749555500000326, 30.40006096009999936, 2.500000000000000444 ) ) ;
#4642 = ADVANCED_FACE ( 'NONE', ( #2679 ), #2702, .F. ) ;
#4643 = EDGE_CURVE ( 'NONE', #323, #2677, #3862, .T. ) ;
#4644 = DIRECTION ( 'NONE',  ( -0.000000000000000000, 1.000000000000000000, -0.000000000000000000 ) ) ;
#4645 = PLANE ( 'NONE',  #2868 ) ;
#4646 = DIRECTION ( 'NONE',  ( -0.000000000000000000, 1.000000000000000000, -0.000000000000000000 ) ) ;
#4647 = DIRECTION ( 'NONE',  ( 0.000000000000000000, 0.000000000000000000, -1.000000000000000000 ) ) ;
#4648 = PLANE ( 'NONE',  #13 ) ;
#4649 = CARTESIAN_POINT ( 'NONE',  ( 14.38735839471999967, -35.27084328170000305, 10.89000000000000057 ) ) ;
#4650 = ORIENTED_EDGE ( 'NONE', *, *, #4395, .F. ) ;
#4651 = EDGE_LOOP ( 'NONE', ( #362, #1805 ) ) ;
#4652 = DIRECTION ( 'NONE',  ( -0.000000000000000000, -0.000000000000000000, 1.000000000000000000 ) ) ;
#4653 = CIRCLE ( 'NONE', #4293, 2.200000000000000622 ) ;
#4654 = LINE ( 'NONE', #1426, #4440 ) ;
ENDSEC;
END-ISO-10303-21;
