ISO-10303-21;
HEADER;
FILE_DESCRIPTION(('imported part document'),'2;1');
FILE_NAME('imported part document','2024-12-13T12:21:30',(
    'Gilles Foucault'),('UJF'),'Open CASCADE STEP processor 7.6',
  'STEP CAF CONTROL WRITER','Unknown');
FILE_SCHEMA(('AUTOMOTIVE_DESIGN { 1 0 10303 214 1 1 1 1 }'));
ENDSEC;
DATA;
#1 = APPLICATION_PROTOCOL_DEFINITION('international standard',
  'automotive_design',2000,#2);
#2 = APPLICATION_CONTEXT(
  'core data for automotive mechanical design processes');
#3 = SHAPE_DEFINITION_REPRESENTATION(#4,#10);
#4 = PRODUCT_DEFINITION_SHAPE('','',#5);
#5 = PRODUCT_DEFINITION('design','',#6,#9);
#6 = PRODUCT_DEFINITION_FORMATION('','',#7);
#7 = PRODUCT('SOLID','SOLID','',(#8));
#8 = PRODUCT_CONTEXT('',#2,'mechanical');
#9 = PRODUCT_DEFINITION_CONTEXT('part definition',#2,'design');
#10 = ADVANCED_BREP_SHAPE_REPRESENTATION('',(#11,#15),#12141);
#11 = AXIS2_PLACEMENT_3D('',#12,#13,#14);
#12 = CARTESIAN_POINT('',(0.,0.,0.));
#13 = DIRECTION('',(0.,0.,1.));
#14 = DIRECTION('',(1.,0.,-0.));
#15 = MANIFOLD_SOLID_BREP('52@1_1_2',#16);
#16 = CLOSED_SHELL('52@',(#17,#137,#325,#379,#511,#616,#643,#719,#768,
    #927,#1302,#1329,#1356,#1680,#1729,#1779,#1937,#2014,#2124,#2175,
    #2261,#2330,#2357,#2518,#2646,#2673,#2722,#2857,#2884,#2933,#3011,
    #3088,#3193,#3354,#3430,#3618,#3742,#3818,#3867,#3916,#4014,#4021,
    #4048,#4206,#4469,#5750,#5777,#5916,#5923,#5972,#6049,#6098,#6324,
    #6378,#6454,#6503,#6552,#6579,#6655,#6682,#6736,#6927,#6954,#7091,
    #7167,#7194,#7221,#7270,#7297,#7462,#7538,#7565,#7636,#7687,#7860,
    #7887,#7992,#8097,#8207,#8256,#8334,#8444,#8493,#8567,#8594,#8621,
    #8675,#8897,#8946,#9028,#9077,#9172,#9199,#9248,#9353,#9402,#9474,
    #9501,#9577,#9653,#9702,#9784,#9833,#9928,#9955,#10004,#10109,#10158
    ,#10230,#10258,#10307,#10356,#10405,#10433,#10440,#10447,#10540,
    #10567,#10740,#10767,#10818,#10869,#10903,#10910,#10917,#10971,
    #11020,#11047,#11124,#11178,#11227,#11276,#11303,#11381,#11409,
    #11437,#11464,#11491,#11518,#11565,#11592,#11599,#11626,#11633,
    #11642,#11670,#11698,#11727,#11754,#11761,#11788,#11795,#11802,
    #11809,#11836,#11843,#11870,#11877,#11926,#11975,#12002,#12051,
    #12100,#12127,#12134));
#17 = ADVANCED_FACE('52@1_1_4',(#18),#32,.F.);
#18 = FACE_BOUND('',#19,.F.);
#19 = EDGE_LOOP('52@',(#20,#55,#83,#111));
#20 = ORIENTED_EDGE('',*,*,#21,.T.);
#21 = EDGE_CURVE('52@1_1_6',#22,#24,#26,.T.);
#22 = VERTEX_POINT('52@1_2_7',#23);
#23 = CARTESIAN_POINT('',(39.21484584,15.5,-27.99999962));
#24 = VERTEX_POINT('52@1_1_7',#25);
#25 = CARTESIAN_POINT('',(39.21484584,1.8,-27.99999962));
#26 = SURFACE_CURVE('',#27,(#31,#43),.PCURVE_S1.);
#27 = LINE('',#28,#29);
#28 = CARTESIAN_POINT('',(39.21484584,17.5,-27.99999962));
#29 = VECTOR('',#30,1.);
#30 = DIRECTION('',(0.,-1.,0.));
#31 = PCURVE('',#32,#37);
#32 = PLANE('',#33);
#33 = AXIS2_PLACEMENT_3D('',#34,#35,#36);
#34 = CARTESIAN_POINT('',(40.11484584,17.5,-27.09999962));
#35 = DIRECTION('',(-0.707106781187,0.,0.707106781187));
#36 = DIRECTION('',(0.,-1.,0.));
#37 = DEFINITIONAL_REPRESENTATION('',(#38),#42);
#38 = LINE('',#39,#40);
#39 = CARTESIAN_POINT('',(-0.,-1.272792206136));
#40 = VECTOR('',#41,1.);
#41 = DIRECTION('',(1.,0.));
#42 = ( GEOMETRIC_REPRESENTATION_CONTEXT(2) 
PARAMETRIC_REPRESENTATION_CONTEXT() REPRESENTATION_CONTEXT('2D SPACE',''
  ) );
#43 = PCURVE('',#44,#49);
#44 = PLANE('',#45);
#45 = AXIS2_PLACEMENT_3D('',#46,#47,#48);
#46 = CARTESIAN_POINT('',(0.,0.,-27.99999962));
#47 = DIRECTION('',(0.,-0.,-1.));
#48 = DIRECTION('',(1.,-0.,0.));
#49 = DEFINITIONAL_REPRESENTATION('',(#50),#54);
#50 = LINE('',#51,#52);
#51 = CARTESIAN_POINT('',(39.21484584,-17.5));
#52 = VECTOR('',#53,1.);
#53 = DIRECTION('',(0.,1.));
#54 = ( GEOMETRIC_REPRESENTATION_CONTEXT(2) 
PARAMETRIC_REPRESENTATION_CONTEXT() REPRESENTATION_CONTEXT('2D SPACE',''
  ) );
#55 = ORIENTED_EDGE('',*,*,#56,.F.);
#56 = EDGE_CURVE('52@1_2_6',#57,#24,#59,.T.);
#57 = VERTEX_POINT('52@1_3_7',#58);
#58 = CARTESIAN_POINT('',(41.01484584,1.7763568394E-15,-26.19999962));
#59 = SURFACE_CURVE('',#60,(#64,#71),.PCURVE_S1.);
#60 = LINE('',#61,#62);
#61 = CARTESIAN_POINT('',(33.01804312,7.99680272,-34.19680234));
#62 = VECTOR('',#63,1.);
#63 = DIRECTION('',(-0.57735026919,0.57735026919,-0.57735026919));
#64 = PCURVE('',#32,#65);
#65 = DEFINITIONAL_REPRESENTATION('',(#66),#70);
#66 = LINE('',#67,#68);
#67 = CARTESIAN_POINT('',(9.50319728,-10.03639465611));
#68 = VECTOR('',#69,1.);
#69 = DIRECTION('',(-0.57735026919,-0.816496580928));
#70 = ( GEOMETRIC_REPRESENTATION_CONTEXT(2) 
PARAMETRIC_REPRESENTATION_CONTEXT() REPRESENTATION_CONTEXT('2D SPACE',''
  ) );
#71 = PCURVE('',#72,#77);
#72 = PLANE('',#73);
#73 = AXIS2_PLACEMENT_3D('',#74,#75,#76);
#74 = CARTESIAN_POINT('',(14.13402952,0.9,-27.09999962));
#75 = DIRECTION('',(0.,0.707106781187,0.707106781187));
#76 = DIRECTION('',(1.,0.,-0.));
#77 = DEFINITIONAL_REPRESENTATION('',(#78),#82);
#78 = LINE('',#79,#80);
#79 = CARTESIAN_POINT('',(18.8840136,10.03639465611));
#80 = VECTOR('',#81,1.);
#81 = DIRECTION('',(-0.57735026919,0.816496580928));
#82 = ( GEOMETRIC_REPRESENTATION_CONTEXT(2) 
PARAMETRIC_REPRESENTATION_CONTEXT() REPRESENTATION_CONTEXT('2D SPACE',''
  ) );
#83 = ORIENTED_EDGE('',*,*,#84,.F.);
#84 = EDGE_CURVE('52@1_4_6',#85,#57,#87,.T.);
#85 = VERTEX_POINT('52@1_4_7',#86);
#86 = CARTESIAN_POINT('',(41.01484584,17.3,-26.19999962));
#87 = SURFACE_CURVE('',#88,(#92,#99),.PCURVE_S1.);
#88 = LINE('',#89,#90);
#89 = CARTESIAN_POINT('',(41.01484584,17.5,-26.19999962));
#90 = VECTOR('',#91,1.);
#91 = DIRECTION('',(0.,-1.,0.));
#92 = PCURVE('',#32,#93);
#93 = DEFINITIONAL_REPRESENTATION('',(#94),#98);
#94 = LINE('',#95,#96);
#95 = CARTESIAN_POINT('',(0.,1.272792206136));
#96 = VECTOR('',#97,1.);
#97 = DIRECTION('',(1.,0.));
#98 = ( GEOMETRIC_REPRESENTATION_CONTEXT(2) 
PARAMETRIC_REPRESENTATION_CONTEXT() REPRESENTATION_CONTEXT('2D SPACE',''
  ) );
#99 = PCURVE('',#100,#105);
#100 = PLANE('',#101);
#101 = AXIS2_PLACEMENT_3D('',#102,#103,#104);
#102 = CARTESIAN_POINT('',(41.01484584,17.5,-25.99999962));
#103 = DIRECTION('',(-1.,-0.,0.));
#104 = DIRECTION('',(0.,-1.,0.));
#105 = DEFINITIONAL_REPRESENTATION('',(#106),#110);
#106 = LINE('',#107,#108);
#107 = CARTESIAN_POINT('',(0.,-0.2));
#108 = VECTOR('',#109,1.);
#109 = DIRECTION('',(1.,0.));
#110 = ( GEOMETRIC_REPRESENTATION_CONTEXT(2) 
PARAMETRIC_REPRESENTATION_CONTEXT() REPRESENTATION_CONTEXT('2D SPACE',''
  ) );
#111 = ORIENTED_EDGE('',*,*,#112,.F.);
#112 = EDGE_CURVE('52@1_3_6',#22,#85,#113,.T.);
#113 = SURFACE_CURVE('',#114,(#118,#125),.PCURVE_S1.);
#114 = LINE('',#115,#116);
#115 = CARTESIAN_POINT('',(36.001376453333,12.286530613333,
    -31.21346900666));
#116 = VECTOR('',#117,1.);
#117 = DIRECTION('',(0.57735026919,0.57735026919,0.57735026919));
#118 = PCURVE('',#32,#119);
#119 = DEFINITIONAL_REPRESENTATION('',(#120),#124);
#120 = LINE('',#121,#122);
#121 = CARTESIAN_POINT('',(5.213469386667,-5.817324195031));
#122 = VECTOR('',#123,1.);
#123 = DIRECTION('',(-0.57735026919,0.816496580928));
#124 = ( GEOMETRIC_REPRESENTATION_CONTEXT(2) 
PARAMETRIC_REPRESENTATION_CONTEXT() REPRESENTATION_CONTEXT('2D SPACE',''
  ) );
#125 = PCURVE('',#126,#131);
#126 = PLANE('',#127);
#127 = AXIS2_PLACEMENT_3D('',#128,#129,#130);
#128 = CARTESIAN_POINT('',(14.13402952,16.5,-26.99999962));
#129 = DIRECTION('',(0.,0.707106781187,-0.707106781187));
#130 = DIRECTION('',(-1.,0.,-0.));
#131 = DEFINITIONAL_REPRESENTATION('',(#132),#136);
#132 = LINE('',#133,#134);
#133 = CARTESIAN_POINT('',(-21.86734693333,-5.958745551268));
#134 = VECTOR('',#135,1.);
#135 = DIRECTION('',(-0.57735026919,0.816496580928));
#136 = ( GEOMETRIC_REPRESENTATION_CONTEXT(2) 
PARAMETRIC_REPRESENTATION_CONTEXT() REPRESENTATION_CONTEXT('2D SPACE',''
  ) );
#137 = ADVANCED_FACE('52@1_2_4',(#138),#44,.T.);
#138 = FACE_BOUND('',#139,.T.);
#139 = EDGE_LOOP('52@',(#140,#163,#191,#214,#242,#270,#303,#324));
#140 = ORIENTED_EDGE('',*,*,#141,.F.);
#141 = EDGE_CURVE('52@1_5_6',#142,#24,#144,.T.);
#142 = VERTEX_POINT('52@1_5_7',#143);
#143 = CARTESIAN_POINT('',(14.13402952,1.8,-27.99999962));
#144 = SURFACE_CURVE('',#145,(#149,#156),.PCURVE_S1.);
#145 = LINE('',#146,#147);
#146 = CARTESIAN_POINT('',(14.13402952,1.8,-27.99999962));
#147 = VECTOR('',#148,1.);
#148 = DIRECTION('',(1.,0.,0.));
#149 = PCURVE('',#44,#150);
#150 = DEFINITIONAL_REPRESENTATION('',(#151),#155);
#151 = LINE('',#152,#153);
#152 = CARTESIAN_POINT('',(14.13402952,-1.8));
#153 = VECTOR('',#154,1.);
#154 = DIRECTION('',(1.,0.));
#155 = ( GEOMETRIC_REPRESENTATION_CONTEXT(2) 
PARAMETRIC_REPRESENTATION_CONTEXT() REPRESENTATION_CONTEXT('2D SPACE',''
  ) );
#156 = PCURVE('',#72,#157);
#157 = DEFINITIONAL_REPRESENTATION('',(#158),#162);
#158 = LINE('',#159,#160);
#159 = CARTESIAN_POINT('',(0.,1.272792206136));
#160 = VECTOR('',#161,1.);
#161 = DIRECTION('',(1.,0.));
#162 = ( GEOMETRIC_REPRESENTATION_CONTEXT(2) 
PARAMETRIC_REPRESENTATION_CONTEXT() REPRESENTATION_CONTEXT('2D SPACE',''
  ) );
#163 = ORIENTED_EDGE('',*,*,#164,.T.);
#164 = EDGE_CURVE('52@1_6_6',#142,#165,#167,.T.);
#165 = VERTEX_POINT('52@1_6_7',#166);
#166 = CARTESIAN_POINT('',(14.13402952,15.5,-27.99999962));
#167 = SURFACE_CURVE('',#168,(#172,#179),.PCURVE_S1.);
#168 = LINE('',#169,#170);
#169 = CARTESIAN_POINT('',(14.13402952,0.,-27.99999962));
#170 = VECTOR('',#171,1.);
#171 = DIRECTION('',(0.,1.,0.));
#172 = PCURVE('',#44,#173);
#173 = DEFINITIONAL_REPRESENTATION('',(#174),#178);
#174 = LINE('',#175,#176);
#175 = CARTESIAN_POINT('',(14.13402952,0.));
#176 = VECTOR('',#177,1.);
#177 = DIRECTION('',(0.,-1.));
#178 = ( GEOMETRIC_REPRESENTATION_CONTEXT(2) 
PARAMETRIC_REPRESENTATION_CONTEXT() REPRESENTATION_CONTEXT('2D SPACE',''
  ) );
#179 = PCURVE('',#180,#185);
#180 = PLANE('',#181);
#181 = AXIS2_PLACEMENT_3D('',#182,#183,#184);
#182 = CARTESIAN_POINT('',(13.23402952,0.,-27.09999962));
#183 = DIRECTION('',(0.707106781187,0.,0.707106781187));
#184 = DIRECTION('',(0.,-1.,-0.));
#185 = DEFINITIONAL_REPRESENTATION('',(#186),#190);
#186 = LINE('',#187,#188);
#187 = CARTESIAN_POINT('',(-0.,1.272792206136));
#188 = VECTOR('',#189,1.);
#189 = DIRECTION('',(-1.,0.));
#190 = ( GEOMETRIC_REPRESENTATION_CONTEXT(2) 
PARAMETRIC_REPRESENTATION_CONTEXT() REPRESENTATION_CONTEXT('2D SPACE',''
  ) );
#191 = ORIENTED_EDGE('',*,*,#192,.T.);
#192 = EDGE_CURVE('52@1_7_6',#165,#193,#195,.T.);
#193 = VERTEX_POINT('52@1_7_7',#194);
#194 = CARTESIAN_POINT('',(22.53500531,15.5,-27.99999962));
#195 = SURFACE_CURVE('',#196,(#200,#207),.PCURVE_S1.);
#196 = LINE('',#197,#198);
#197 = CARTESIAN_POINT('',(14.13402952,15.5,-27.99999962));
#198 = VECTOR('',#199,1.);
#199 = DIRECTION('',(1.,-0.,0.));
#200 = PCURVE('',#44,#201);
#201 = DEFINITIONAL_REPRESENTATION('',(#202),#206);
#202 = LINE('',#203,#204);
#203 = CARTESIAN_POINT('',(14.13402952,-15.5));
#204 = VECTOR('',#205,1.);
#205 = DIRECTION('',(1.,0.));
#206 = ( GEOMETRIC_REPRESENTATION_CONTEXT(2) 
PARAMETRIC_REPRESENTATION_CONTEXT() REPRESENTATION_CONTEXT('2D SPACE',''
  ) );
#207 = PCURVE('',#126,#208);
#208 = DEFINITIONAL_REPRESENTATION('',(#209),#213);
#209 = LINE('',#210,#211);
#210 = CARTESIAN_POINT('',(-0.,-1.414213562373));
#211 = VECTOR('',#212,1.);
#212 = DIRECTION('',(-1.,0.));
#213 = ( GEOMETRIC_REPRESENTATION_CONTEXT(2) 
PARAMETRIC_REPRESENTATION_CONTEXT() REPRESENTATION_CONTEXT('2D SPACE',''
  ) );
#214 = ORIENTED_EDGE('',*,*,#215,.T.);
#215 = EDGE_CURVE('52@1_8_6',#193,#216,#218,.T.);
#216 = VERTEX_POINT('52@1_8_7',#217);
#217 = CARTESIAN_POINT('',(22.53500531,3.46297689,-27.99999962));
#218 = SURFACE_CURVE('',#219,(#223,#230),.PCURVE_S1.);
#219 = LINE('',#220,#221);
#220 = CARTESIAN_POINT('',(22.53500531,7.75,-27.99999962));
#221 = VECTOR('',#222,1.);
#222 = DIRECTION('',(0.,-1.,0.));
#223 = PCURVE('',#44,#224);
#224 = DEFINITIONAL_REPRESENTATION('',(#225),#229);
#225 = LINE('',#226,#227);
#226 = CARTESIAN_POINT('',(22.53500531,-7.75));
#227 = VECTOR('',#228,1.);
#228 = DIRECTION('',(0.,1.));
#229 = ( GEOMETRIC_REPRESENTATION_CONTEXT(2) 
PARAMETRIC_REPRESENTATION_CONTEXT() REPRESENTATION_CONTEXT('2D SPACE',''
  ) );
#230 = PCURVE('',#231,#236);
#231 = PLANE('',#232);
#232 = AXIS2_PLACEMENT_3D('',#233,#234,#235);
#233 = CARTESIAN_POINT('',(22.53500531,15.5,-76.));
#234 = DIRECTION('',(1.,0.,0.));
#235 = DIRECTION('',(0.,-1.,0.));
#236 = DEFINITIONAL_REPRESENTATION('',(#237),#241);
#237 = LINE('',#238,#239);
#238 = CARTESIAN_POINT('',(7.75,-48.00000038));
#239 = VECTOR('',#240,1.);
#240 = DIRECTION('',(1.,0.));
#241 = ( GEOMETRIC_REPRESENTATION_CONTEXT(2) 
PARAMETRIC_REPRESENTATION_CONTEXT() REPRESENTATION_CONTEXT('2D SPACE',''
  ) );
#242 = ORIENTED_EDGE('',*,*,#243,.T.);
#243 = EDGE_CURVE('52@1_9_6',#216,#244,#246,.T.);
#244 = VERTEX_POINT('52@1_9_7',#245);
#245 = CARTESIAN_POINT('',(32.92314969,3.4629769,-27.99999962));
#246 = SURFACE_CURVE('',#247,(#251,#258),.PCURVE_S1.);
#247 = LINE('',#248,#249);
#248 = CARTESIAN_POINT('',(11.267502653333,3.462976879153,-27.99999962)
  );
#249 = VECTOR('',#250,1.);
#250 = DIRECTION('',(1.,9.626358253624E-10,0.));
#251 = PCURVE('',#44,#252);
#252 = DEFINITIONAL_REPRESENTATION('',(#253),#257);
#253 = LINE('',#254,#255);
#254 = CARTESIAN_POINT('',(11.267502653333,-3.462976879153));
#255 = VECTOR('',#256,1.);
#256 = DIRECTION('',(1.,-9.626358253624E-10));
#257 = ( GEOMETRIC_REPRESENTATION_CONTEXT(2) 
PARAMETRIC_REPRESENTATION_CONTEXT() REPRESENTATION_CONTEXT('2D SPACE',''
  ) );
#258 = PCURVE('',#259,#264);
#259 = PLANE('',#260);
#260 = AXIS2_PLACEMENT_3D('',#261,#262,#263);
#261 = CARTESIAN_POINT('',(22.53500531,3.46297689,-76.));
#262 = DIRECTION('',(-9.626358253624E-10,1.,0.));
#263 = DIRECTION('',(1.,9.626358253624E-10,0.));
#264 = DEFINITIONAL_REPRESENTATION('',(#265),#269);
#265 = LINE('',#266,#267);
#266 = CARTESIAN_POINT('',(-11.26750265666,-48.00000038));
#267 = VECTOR('',#268,1.);
#268 = DIRECTION('',(1.,0.));
#269 = ( GEOMETRIC_REPRESENTATION_CONTEXT(2) 
PARAMETRIC_REPRESENTATION_CONTEXT() REPRESENTATION_CONTEXT('2D SPACE',''
  ) );
#270 = ORIENTED_EDGE('',*,*,#271,.T.);
#271 = EDGE_CURVE('52@1_10_6',#244,#272,#274,.T.);
#272 = VERTEX_POINT('52@1_10_7',#273);
#273 = CARTESIAN_POINT('',(32.92314969,15.5,-27.99999962));
#274 = SURFACE_CURVE('',#275,(#280,#291),.PCURVE_S1.);
#275 = CIRCLE('',#276,6.01851155);
#276 = AXIS2_PLACEMENT_3D('',#277,#278,#279);
#277 = CARTESIAN_POINT('',(32.92314969,9.48148845,-27.99999962));
#278 = DIRECTION('',(-0.,0.,1.));
#279 = DIRECTION('',(1.,-1.110223024625E-16,0.));
#280 = PCURVE('',#44,#281);
#281 = DEFINITIONAL_REPRESENTATION('',(#282),#290);
#282 = ( BOUNDED_CURVE() B_SPLINE_CURVE(2,(#283,#284,#285,#286,#287,#288
,#289),.UNSPECIFIED.,.T.,.F.) B_SPLINE_CURVE_WITH_KNOTS((1,2,2,2,2,1),(
    -2.094395102393,0.,2.094395102393,4.188790204786,6.28318530718,
8.377580409573),.UNSPECIFIED.) CURVE() GEOMETRIC_REPRESENTATION_ITEM() 
RATIONAL_B_SPLINE_CURVE((1.,0.5,1.,0.5,1.,0.5,1.)) REPRESENTATION_ITEM(
  '') );
#283 = CARTESIAN_POINT('',(38.94166124,-9.48148845));
#284 = CARTESIAN_POINT('',(38.94166124,-19.90585624054));
#285 = CARTESIAN_POINT('',(29.913893915,-14.69367234527));
#286 = CARTESIAN_POINT('',(20.88612659,-9.48148845));
#287 = CARTESIAN_POINT('',(29.913893915,-4.26930455473));
#288 = CARTESIAN_POINT('',(38.94166124,0.94287934054));
#289 = CARTESIAN_POINT('',(38.94166124,-9.48148845));
#290 = ( GEOMETRIC_REPRESENTATION_CONTEXT(2) 
PARAMETRIC_REPRESENTATION_CONTEXT() REPRESENTATION_CONTEXT('2D SPACE',''
  ) );
#291 = PCURVE('',#292,#297);
#292 = CYLINDRICAL_SURFACE('',#293,6.01851155);
#293 = AXIS2_PLACEMENT_3D('',#294,#295,#296);
#294 = CARTESIAN_POINT('',(32.92314969,9.48148845,-76.));
#295 = DIRECTION('',(0.,0.,-1.));
#296 = DIRECTION('',(1.,0.,0.));
#297 = DEFINITIONAL_REPRESENTATION('',(#298),#302);
#298 = LINE('',#299,#300);
#299 = CARTESIAN_POINT('',(6.28318530718,-48.00000038));
#300 = VECTOR('',#301,1.);
#301 = DIRECTION('',(-1.,-0.));
#302 = ( GEOMETRIC_REPRESENTATION_CONTEXT(2) 
PARAMETRIC_REPRESENTATION_CONTEXT() REPRESENTATION_CONTEXT('2D SPACE',''
  ) );
#303 = ORIENTED_EDGE('',*,*,#304,.T.);
#304 = EDGE_CURVE('52@1_11_6',#272,#22,#305,.T.);
#305 = SURFACE_CURVE('',#306,(#310,#317),.PCURVE_S1.);
#306 = LINE('',#307,#308);
#307 = CARTESIAN_POINT('',(14.13402952,15.5,-27.99999962));
#308 = VECTOR('',#309,1.);
#309 = DIRECTION('',(1.,-0.,0.));
#310 = PCURVE('',#44,#311);
#311 = DEFINITIONAL_REPRESENTATION('',(#312),#316);
#312 = LINE('',#313,#314);
#313 = CARTESIAN_POINT('',(14.13402952,-15.5));
#314 = VECTOR('',#315,1.);
#315 = DIRECTION('',(1.,0.));
#316 = ( GEOMETRIC_REPRESENTATION_CONTEXT(2) 
PARAMETRIC_REPRESENTATION_CONTEXT() REPRESENTATION_CONTEXT('2D SPACE',''
  ) );
#317 = PCURVE('',#126,#318);
#318 = DEFINITIONAL_REPRESENTATION('',(#319),#323);
#319 = LINE('',#320,#321);
#320 = CARTESIAN_POINT('',(-0.,-1.414213562373));
#321 = VECTOR('',#322,1.);
#322 = DIRECTION('',(-1.,0.));
#323 = ( GEOMETRIC_REPRESENTATION_CONTEXT(2) 
PARAMETRIC_REPRESENTATION_CONTEXT() REPRESENTATION_CONTEXT('2D SPACE',''
  ) );
#324 = ORIENTED_EDGE('',*,*,#21,.T.);
#325 = ADVANCED_FACE('52@1_3_4',(#326),#72,.F.);
#326 = FACE_BOUND('',#327,.F.);
#327 = EDGE_LOOP('52@',(#328,#351,#377,#378));
#328 = ORIENTED_EDGE('',*,*,#329,.F.);
#329 = EDGE_CURVE('52@1_12_6',#330,#142,#332,.T.);
#330 = VERTEX_POINT('52@1_11_7',#331);
#331 = CARTESIAN_POINT('',(12.33402952,1.7763568394E-15,-26.19999962));
#332 = SURFACE_CURVE('',#333,(#337,#344),.PCURVE_S1.);
#333 = LINE('',#334,#335);
#334 = CARTESIAN_POINT('',(13.23402952,0.9,-27.09999962));
#335 = VECTOR('',#336,1.);
#336 = DIRECTION('',(0.57735026919,0.57735026919,-0.57735026919));
#337 = PCURVE('',#72,#338);
#338 = DEFINITIONAL_REPRESENTATION('',(#339),#343);
#339 = LINE('',#340,#341);
#340 = CARTESIAN_POINT('',(-0.9,-1.570092458684E-16));
#341 = VECTOR('',#342,1.);
#342 = DIRECTION('',(0.57735026919,0.816496580928));
#343 = ( GEOMETRIC_REPRESENTATION_CONTEXT(2) 
PARAMETRIC_REPRESENTATION_CONTEXT() REPRESENTATION_CONTEXT('2D SPACE',''
  ) );
#344 = PCURVE('',#180,#345);
#345 = DEFINITIONAL_REPRESENTATION('',(#346),#350);
#346 = LINE('',#347,#348);
#347 = CARTESIAN_POINT('',(-0.9,0.));
#348 = VECTOR('',#349,1.);
#349 = DIRECTION('',(-0.57735026919,0.816496580928));
#350 = ( GEOMETRIC_REPRESENTATION_CONTEXT(2) 
PARAMETRIC_REPRESENTATION_CONTEXT() REPRESENTATION_CONTEXT('2D SPACE',''
  ) );
#351 = ORIENTED_EDGE('',*,*,#352,.T.);
#352 = EDGE_CURVE('52@1_13_6',#330,#57,#353,.T.);
#353 = SURFACE_CURVE('',#354,(#358,#365),.PCURVE_S1.);
#354 = LINE('',#355,#356);
#355 = CARTESIAN_POINT('',(14.13402952,0.,-26.19999962));
#356 = VECTOR('',#357,1.);
#357 = DIRECTION('',(1.,0.,0.));
#358 = PCURVE('',#72,#359);
#359 = DEFINITIONAL_REPRESENTATION('',(#360),#364);
#360 = LINE('',#361,#362);
#361 = CARTESIAN_POINT('',(0.,-1.272792206136));
#362 = VECTOR('',#363,1.);
#363 = DIRECTION('',(1.,0.));
#364 = ( GEOMETRIC_REPRESENTATION_CONTEXT(2) 
PARAMETRIC_REPRESENTATION_CONTEXT() REPRESENTATION_CONTEXT('2D SPACE',''
  ) );
#365 = PCURVE('',#366,#371);
#366 = PLANE('',#367);
#367 = AXIS2_PLACEMENT_3D('',#368,#369,#370);
#368 = CARTESIAN_POINT('',(0.,0.,0.));
#369 = DIRECTION('',(0.,1.,0.));
#370 = DIRECTION('',(1.,0.,0.));
#371 = DEFINITIONAL_REPRESENTATION('',(#372),#376);
#372 = LINE('',#373,#374);
#373 = CARTESIAN_POINT('',(14.13402952,26.19999962));
#374 = VECTOR('',#375,1.);
#375 = DIRECTION('',(1.,0.));
#376 = ( GEOMETRIC_REPRESENTATION_CONTEXT(2) 
PARAMETRIC_REPRESENTATION_CONTEXT() REPRESENTATION_CONTEXT('2D SPACE',''
  ) );
#377 = ORIENTED_EDGE('',*,*,#56,.T.);
#378 = ORIENTED_EDGE('',*,*,#141,.F.);
#379 = ADVANCED_FACE('52@1_4_4',(#380),#126,.T.);
#380 = FACE_BOUND('',#381,.F.);
#381 = EDGE_LOOP('52@',(#382,#405,#406,#432,#433,#434,#457,#485));
#382 = ORIENTED_EDGE('',*,*,#383,.F.);
#383 = EDGE_CURVE('52@1_14_6',#165,#384,#386,.T.);
#384 = VERTEX_POINT('52@1_12_7',#385);
#385 = CARTESIAN_POINT('',(12.33402952,17.3,-26.19999962));
#386 = SURFACE_CURVE('',#387,(#391,#398),.PCURVE_S1.);
#387 = LINE('',#388,#389);
#388 = CARTESIAN_POINT('',(16.08402952,13.55,-29.94999962));
#389 = VECTOR('',#390,1.);
#390 = DIRECTION('',(-0.57735026919,0.57735026919,0.57735026919));
#391 = PCURVE('',#126,#392);
#392 = DEFINITIONAL_REPRESENTATION('',(#393),#397);
#393 = LINE('',#394,#395);
#394 = CARTESIAN_POINT('',(-1.95,-4.171930009001));
#395 = VECTOR('',#396,1.);
#396 = DIRECTION('',(0.57735026919,0.816496580928));
#397 = ( GEOMETRIC_REPRESENTATION_CONTEXT(2) 
PARAMETRIC_REPRESENTATION_CONTEXT() REPRESENTATION_CONTEXT('2D SPACE',''
  ) );
#398 = PCURVE('',#180,#399);
#399 = DEFINITIONAL_REPRESENTATION('',(#400),#404);
#400 = LINE('',#401,#402);
#401 = CARTESIAN_POINT('',(-13.55,4.030508652763));
#402 = VECTOR('',#403,1.);
#403 = DIRECTION('',(-0.57735026919,-0.816496580928));
#404 = ( GEOMETRIC_REPRESENTATION_CONTEXT(2) 
PARAMETRIC_REPRESENTATION_CONTEXT() REPRESENTATION_CONTEXT('2D SPACE',''
  ) );
#405 = ORIENTED_EDGE('',*,*,#192,.T.);
#406 = ORIENTED_EDGE('',*,*,#407,.T.);
#407 = EDGE_CURVE('52@1_15_6',#193,#272,#408,.T.);
#408 = SURFACE_CURVE('',#409,(#413,#420),.PCURVE_S1.);
#409 = LINE('',#410,#411);
#410 = CARTESIAN_POINT('',(14.13402952,15.5,-27.99999962));
#411 = VECTOR('',#412,1.);
#412 = DIRECTION('',(1.,-0.,0.));
#413 = PCURVE('',#126,#414);
#414 = DEFINITIONAL_REPRESENTATION('',(#415),#419);
#415 = LINE('',#416,#417);
#416 = CARTESIAN_POINT('',(-0.,-1.414213562373));
#417 = VECTOR('',#418,1.);
#418 = DIRECTION('',(-1.,0.));
#419 = ( GEOMETRIC_REPRESENTATION_CONTEXT(2) 
PARAMETRIC_REPRESENTATION_CONTEXT() REPRESENTATION_CONTEXT('2D SPACE',''
  ) );
#420 = PCURVE('',#421,#426);
#421 = PLANE('',#422);
#422 = AXIS2_PLACEMENT_3D('',#423,#424,#425);
#423 = CARTESIAN_POINT('',(32.92314969,15.5,-76.));
#424 = DIRECTION('',(-0.,-1.,-0.));
#425 = DIRECTION('',(-1.,0.,0.));
#426 = DEFINITIONAL_REPRESENTATION('',(#427),#431);
#427 = LINE('',#428,#429);
#428 = CARTESIAN_POINT('',(18.78912017,-48.00000038));
#429 = VECTOR('',#430,1.);
#430 = DIRECTION('',(-1.,0.));
#431 = ( GEOMETRIC_REPRESENTATION_CONTEXT(2) 
PARAMETRIC_REPRESENTATION_CONTEXT() REPRESENTATION_CONTEXT('2D SPACE',''
  ) );
#432 = ORIENTED_EDGE('',*,*,#304,.T.);
#433 = ORIENTED_EDGE('',*,*,#112,.T.);
#434 = ORIENTED_EDGE('',*,*,#435,.T.);
#435 = EDGE_CURVE('52@1_18_6',#85,#436,#438,.T.);
#436 = VERTEX_POINT('52@1_14_7',#437);
#437 = CARTESIAN_POINT('',(41.01484584,17.5,-25.99999962));
#438 = SURFACE_CURVE('',#439,(#443,#450),.PCURVE_S1.);
#439 = LINE('',#440,#441);
#440 = CARTESIAN_POINT('',(41.01484584,17.,-26.49999962));
#441 = VECTOR('',#442,1.);
#442 = DIRECTION('',(-0.,0.707106781187,0.707106781187));
#443 = PCURVE('',#126,#444);
#444 = DEFINITIONAL_REPRESENTATION('',(#445),#449);
#445 = LINE('',#446,#447);
#446 = CARTESIAN_POINT('',(-26.88081632,0.707106781187));
#447 = VECTOR('',#448,1.);
#448 = DIRECTION('',(-0.,1.));
#449 = ( GEOMETRIC_REPRESENTATION_CONTEXT(2) 
PARAMETRIC_REPRESENTATION_CONTEXT() REPRESENTATION_CONTEXT('2D SPACE',''
  ) );
#450 = PCURVE('',#100,#451);
#451 = DEFINITIONAL_REPRESENTATION('',(#452),#456);
#452 = LINE('',#453,#454);
#453 = CARTESIAN_POINT('',(0.5,-0.5));
#454 = VECTOR('',#455,1.);
#455 = DIRECTION('',(-0.707106781187,0.707106781187));
#456 = ( GEOMETRIC_REPRESENTATION_CONTEXT(2) 
PARAMETRIC_REPRESENTATION_CONTEXT() REPRESENTATION_CONTEXT('2D SPACE',''
  ) );
#457 = ORIENTED_EDGE('',*,*,#458,.F.);
#458 = EDGE_CURVE('52@1_17_6',#459,#436,#461,.T.);
#459 = VERTEX_POINT('52@1_13_7',#460);
#460 = CARTESIAN_POINT('',(12.33402952,17.5,-25.99999962));
#461 = SURFACE_CURVE('',#462,(#466,#473),.PCURVE_S1.);
#462 = LINE('',#463,#464);
#463 = CARTESIAN_POINT('',(14.13402952,17.5,-25.99999962));
#464 = VECTOR('',#465,1.);
#465 = DIRECTION('',(1.,-0.,0.));
#466 = PCURVE('',#126,#467);
#467 = DEFINITIONAL_REPRESENTATION('',(#468),#472);
#468 = LINE('',#469,#470);
#469 = CARTESIAN_POINT('',(-0.,1.414213562373));
#470 = VECTOR('',#471,1.);
#471 = DIRECTION('',(-1.,0.));
#472 = ( GEOMETRIC_REPRESENTATION_CONTEXT(2) 
PARAMETRIC_REPRESENTATION_CONTEXT() REPRESENTATION_CONTEXT('2D SPACE',''
  ) );
#473 = PCURVE('',#474,#479);
#474 = PLANE('',#475);
#475 = AXIS2_PLACEMENT_3D('',#476,#477,#478);
#476 = CARTESIAN_POINT('',(0.,17.5,0.));
#477 = DIRECTION('',(0.,1.,0.));
#478 = DIRECTION('',(1.,0.,0.));
#479 = DEFINITIONAL_REPRESENTATION('',(#480),#484);
#480 = LINE('',#481,#482);
#481 = CARTESIAN_POINT('',(14.13402952,25.99999962));
#482 = VECTOR('',#483,1.);
#483 = DIRECTION('',(1.,0.));
#484 = ( GEOMETRIC_REPRESENTATION_CONTEXT(2) 
PARAMETRIC_REPRESENTATION_CONTEXT() REPRESENTATION_CONTEXT('2D SPACE',''
  ) );
#485 = ORIENTED_EDGE('',*,*,#486,.F.);
#486 = EDGE_CURVE('52@1_16_6',#384,#459,#487,.T.);
#487 = SURFACE_CURVE('',#488,(#492,#499),.PCURVE_S1.);
#488 = LINE('',#489,#490);
#489 = CARTESIAN_POINT('',(12.33402952,12.625,-30.87499962));
#490 = VECTOR('',#491,1.);
#491 = DIRECTION('',(0.,0.707106781187,0.707106781187));
#492 = PCURVE('',#126,#493);
#493 = DEFINITIONAL_REPRESENTATION('',(#494),#498);
#494 = LINE('',#495,#496);
#495 = CARTESIAN_POINT('',(1.8,-5.480077554196));
#496 = VECTOR('',#497,1.);
#497 = DIRECTION('',(-0.,1.));
#498 = ( GEOMETRIC_REPRESENTATION_CONTEXT(2) 
PARAMETRIC_REPRESENTATION_CONTEXT() REPRESENTATION_CONTEXT('2D SPACE',''
  ) );
#499 = PCURVE('',#500,#505);
#500 = PLANE('',#501);
#501 = AXIS2_PLACEMENT_3D('',#502,#503,#504);
#502 = CARTESIAN_POINT('',(12.33402952,0.,-25.99999962));
#503 = DIRECTION('',(1.,-0.,0.));
#504 = DIRECTION('',(0.,1.,0.));
#505 = DEFINITIONAL_REPRESENTATION('',(#506),#510);
#506 = LINE('',#507,#508);
#507 = CARTESIAN_POINT('',(12.625,-4.875));
#508 = VECTOR('',#509,1.);
#509 = DIRECTION('',(0.707106781187,0.707106781187));
#510 = ( GEOMETRIC_REPRESENTATION_CONTEXT(2) 
PARAMETRIC_REPRESENTATION_CONTEXT() REPRESENTATION_CONTEXT('2D SPACE',''
  ) );
#511 = ADVANCED_FACE('52@1_5_4',(#512),#100,.F.);
#512 = FACE_BOUND('',#513,.F.);
#513 = EDGE_LOOP('52@',(#514,#515,#538,#566,#594,#615));
#514 = ORIENTED_EDGE('',*,*,#84,.T.);
#515 = ORIENTED_EDGE('',*,*,#516,.F.);
#516 = EDGE_CURVE('52@1_19_6',#517,#57,#519,.T.);
#517 = VERTEX_POINT('52@1_15_7',#518);
#518 = CARTESIAN_POINT('',(41.01484584,0.,-25.99999962));
#519 = SURFACE_CURVE('',#520,(#524,#531),.PCURVE_S1.);
#520 = LINE('',#521,#522);
#521 = CARTESIAN_POINT('',(41.01484584,0.,-25.99999962));
#522 = VECTOR('',#523,1.);
#523 = DIRECTION('',(0.,-0.,-1.));
#524 = PCURVE('',#100,#525);
#525 = DEFINITIONAL_REPRESENTATION('',(#526),#530);
#526 = LINE('',#527,#528);
#527 = CARTESIAN_POINT('',(17.5,0.));
#528 = VECTOR('',#529,1.);
#529 = DIRECTION('',(0.,-1.));
#530 = ( GEOMETRIC_REPRESENTATION_CONTEXT(2) 
PARAMETRIC_REPRESENTATION_CONTEXT() REPRESENTATION_CONTEXT('2D SPACE',''
  ) );
#531 = PCURVE('',#366,#532);
#532 = DEFINITIONAL_REPRESENTATION('',(#533),#537);
#533 = LINE('',#534,#535);
#534 = CARTESIAN_POINT('',(41.01484584,25.99999962));
#535 = VECTOR('',#536,1.);
#536 = DIRECTION('',(0.,1.));
#537 = ( GEOMETRIC_REPRESENTATION_CONTEXT(2) 
PARAMETRIC_REPRESENTATION_CONTEXT() REPRESENTATION_CONTEXT('2D SPACE',''
  ) );
#538 = ORIENTED_EDGE('',*,*,#539,.F.);
#539 = EDGE_CURVE('52@1_21_6',#540,#517,#542,.T.);
#540 = VERTEX_POINT('52@1_17_7',#541);
#541 = CARTESIAN_POINT('',(41.01484584,15.5,-25.99999962));
#542 = SURFACE_CURVE('',#543,(#547,#554),.PCURVE_S1.);
#543 = LINE('',#544,#545);
#544 = CARTESIAN_POINT('',(41.01484584,17.5,-25.99999962));
#545 = VECTOR('',#546,1.);
#546 = DIRECTION('',(0.,-1.,0.));
#547 = PCURVE('',#100,#548);
#548 = DEFINITIONAL_REPRESENTATION('',(#549),#553);
#549 = LINE('',#550,#551);
#550 = CARTESIAN_POINT('',(0.,0.));
#551 = VECTOR('',#552,1.);
#552 = DIRECTION('',(1.,0.));
#553 = ( GEOMETRIC_REPRESENTATION_CONTEXT(2) 
PARAMETRIC_REPRESENTATION_CONTEXT() REPRESENTATION_CONTEXT('2D SPACE',''
  ) );
#554 = PCURVE('',#555,#560);
#555 = PLANE('',#556);
#556 = AXIS2_PLACEMENT_3D('',#557,#558,#559);
#557 = CARTESIAN_POINT('',(47.50000594,0.,-25.99999962));
#558 = DIRECTION('',(-0.,0.,1.));
#559 = DIRECTION('',(-1.,0.,-0.));
#560 = DEFINITIONAL_REPRESENTATION('',(#561),#565);
#561 = LINE('',#562,#563);
#562 = CARTESIAN_POINT('',(6.4851601,-17.5));
#563 = VECTOR('',#564,1.);
#564 = DIRECTION('',(-0.,1.));
#565 = ( GEOMETRIC_REPRESENTATION_CONTEXT(2) 
PARAMETRIC_REPRESENTATION_CONTEXT() REPRESENTATION_CONTEXT('2D SPACE',''
  ) );
#566 = ORIENTED_EDGE('',*,*,#567,.T.);
#567 = EDGE_CURVE('52@1_22_6',#540,#568,#570,.T.);
#568 = VERTEX_POINT('52@1_16_7',#569);
#569 = CARTESIAN_POINT('',(41.01484584,17.5,-23.99999962));
#570 = SURFACE_CURVE('',#571,(#575,#582),.PCURVE_S1.);
#571 = LINE('',#572,#573);
#572 = CARTESIAN_POINT('',(41.01484584,16.5,-24.99999962));
#573 = VECTOR('',#574,1.);
#574 = DIRECTION('',(0.,0.707106781187,0.707106781187));
#575 = PCURVE('',#100,#576);
#576 = DEFINITIONAL_REPRESENTATION('',(#577),#581);
#577 = LINE('',#578,#579);
#578 = CARTESIAN_POINT('',(1.,1.));
#579 = VECTOR('',#580,1.);
#580 = DIRECTION('',(-0.707106781187,0.707106781187));
#581 = ( GEOMETRIC_REPRESENTATION_CONTEXT(2) 
PARAMETRIC_REPRESENTATION_CONTEXT() REPRESENTATION_CONTEXT('2D SPACE',''
  ) );
#582 = PCURVE('',#583,#588);
#583 = PLANE('',#584);
#584 = AXIS2_PLACEMENT_3D('',#585,#586,#587);
#585 = CARTESIAN_POINT('',(44.50000594,16.5,-24.99999962));
#586 = DIRECTION('',(0.,-0.707106781187,0.707106781187));
#587 = DIRECTION('',(1.,-0.,-0.));
#588 = DEFINITIONAL_REPRESENTATION('',(#589),#593);
#589 = LINE('',#590,#591);
#590 = CARTESIAN_POINT('',(-3.4851601,-2.512147933894E-15));
#591 = VECTOR('',#592,1.);
#592 = DIRECTION('',(-0.,1.));
#593 = ( GEOMETRIC_REPRESENTATION_CONTEXT(2) 
PARAMETRIC_REPRESENTATION_CONTEXT() REPRESENTATION_CONTEXT('2D SPACE',''
  ) );
#594 = ORIENTED_EDGE('',*,*,#595,.F.);
#595 = EDGE_CURVE('52@1_20_6',#436,#568,#596,.T.);
#596 = SURFACE_CURVE('',#597,(#601,#608),.PCURVE_S1.);
#597 = LINE('',#598,#599);
#598 = CARTESIAN_POINT('',(41.01484584,17.5,-12.99999981));
#599 = VECTOR('',#600,1.);
#600 = DIRECTION('',(0.,-0.,1.));
#601 = PCURVE('',#100,#602);
#602 = DEFINITIONAL_REPRESENTATION('',(#603),#607);
#603 = LINE('',#604,#605);
#604 = CARTESIAN_POINT('',(0.,12.99999981));
#605 = VECTOR('',#606,1.);
#606 = DIRECTION('',(0.,1.));
#607 = ( GEOMETRIC_REPRESENTATION_CONTEXT(2) 
PARAMETRIC_REPRESENTATION_CONTEXT() REPRESENTATION_CONTEXT('2D SPACE',''
  ) );
#608 = PCURVE('',#474,#609);
#609 = DEFINITIONAL_REPRESENTATION('',(#610),#614);
#610 = LINE('',#611,#612);
#611 = CARTESIAN_POINT('',(41.01484584,12.99999981));
#612 = VECTOR('',#613,1.);
#613 = DIRECTION('',(0.,-1.));
#614 = ( GEOMETRIC_REPRESENTATION_CONTEXT(2) 
PARAMETRIC_REPRESENTATION_CONTEXT() REPRESENTATION_CONTEXT('2D SPACE',''
  ) );
#615 = ORIENTED_EDGE('',*,*,#435,.F.);
#616 = ADVANCED_FACE('52@1_6_4',(#617),#180,.F.);
#617 = FACE_BOUND('',#618,.T.);
#618 = EDGE_LOOP('52@',(#619,#620,#621,#642));
#619 = ORIENTED_EDGE('',*,*,#164,.F.);
#620 = ORIENTED_EDGE('',*,*,#329,.F.);
#621 = ORIENTED_EDGE('',*,*,#622,.T.);
#622 = EDGE_CURVE('52@1_23_6',#330,#384,#623,.T.);
#623 = SURFACE_CURVE('',#624,(#628,#635),.PCURVE_S1.);
#624 = LINE('',#625,#626);
#625 = CARTESIAN_POINT('',(12.33402952,0.,-26.19999962));
#626 = VECTOR('',#627,1.);
#627 = DIRECTION('',(0.,1.,0.));
#628 = PCURVE('',#180,#629);
#629 = DEFINITIONAL_REPRESENTATION('',(#630),#634);
#630 = LINE('',#631,#632);
#631 = CARTESIAN_POINT('',(-0.,-1.272792206136));
#632 = VECTOR('',#633,1.);
#633 = DIRECTION('',(-1.,0.));
#634 = ( GEOMETRIC_REPRESENTATION_CONTEXT(2) 
PARAMETRIC_REPRESENTATION_CONTEXT() REPRESENTATION_CONTEXT('2D SPACE',''
  ) );
#635 = PCURVE('',#500,#636);
#636 = DEFINITIONAL_REPRESENTATION('',(#637),#641);
#637 = LINE('',#638,#639);
#638 = CARTESIAN_POINT('',(0.,-0.2));
#639 = VECTOR('',#640,1.);
#640 = DIRECTION('',(1.,0.));
#641 = ( GEOMETRIC_REPRESENTATION_CONTEXT(2) 
PARAMETRIC_REPRESENTATION_CONTEXT() REPRESENTATION_CONTEXT('2D SPACE',''
  ) );
#642 = ORIENTED_EDGE('',*,*,#383,.F.);
#643 = ADVANCED_FACE('52@1_7_4',(#644),#231,.T.);
#644 = FACE_BOUND('',#645,.T.);
#645 = EDGE_LOOP('52@',(#646,#647,#670,#698));
#646 = ORIENTED_EDGE('',*,*,#215,.F.);
#647 = ORIENTED_EDGE('',*,*,#648,.T.);
#648 = EDGE_CURVE('52@1_26_6',#193,#649,#651,.T.);
#649 = VERTEX_POINT('52@1_19_7',#650);
#650 = CARTESIAN_POINT('',(22.53500531,15.5,-25.99999962));
#651 = SURFACE_CURVE('',#652,(#656,#663),.PCURVE_S1.);
#652 = LINE('',#653,#654);
#653 = CARTESIAN_POINT('',(22.53500531,15.5,-76.));
#654 = VECTOR('',#655,1.);
#655 = DIRECTION('',(-0.,-0.,1.));
#656 = PCURVE('',#231,#657);
#657 = DEFINITIONAL_REPRESENTATION('',(#658),#662);
#658 = LINE('',#659,#660);
#659 = CARTESIAN_POINT('',(0.,0.));
#660 = VECTOR('',#661,1.);
#661 = DIRECTION('',(0.,-1.));
#662 = ( GEOMETRIC_REPRESENTATION_CONTEXT(2) 
PARAMETRIC_REPRESENTATION_CONTEXT() REPRESENTATION_CONTEXT('2D SPACE',''
  ) );
#663 = PCURVE('',#421,#664);
#664 = DEFINITIONAL_REPRESENTATION('',(#665),#669);
#665 = LINE('',#666,#667);
#666 = CARTESIAN_POINT('',(10.38814438,0.));
#667 = VECTOR('',#668,1.);
#668 = DIRECTION('',(0.,-1.));
#669 = ( GEOMETRIC_REPRESENTATION_CONTEXT(2) 
PARAMETRIC_REPRESENTATION_CONTEXT() REPRESENTATION_CONTEXT('2D SPACE',''
  ) );
#670 = ORIENTED_EDGE('',*,*,#671,.T.);
#671 = EDGE_CURVE('52@1_25_6',#649,#672,#674,.T.);
#672 = VERTEX_POINT('52@1_18_7',#673);
#673 = CARTESIAN_POINT('',(22.53500531,3.46297689,-25.99999962));
#674 = SURFACE_CURVE('',#675,(#679,#686),.PCURVE_S1.);
#675 = LINE('',#676,#677);
#676 = CARTESIAN_POINT('',(22.53500531,7.75,-25.99999962));
#677 = VECTOR('',#678,1.);
#678 = DIRECTION('',(0.,-1.,0.));
#679 = PCURVE('',#231,#680);
#680 = DEFINITIONAL_REPRESENTATION('',(#681),#685);
#681 = LINE('',#682,#683);
#682 = CARTESIAN_POINT('',(7.75,-50.00000038));
#683 = VECTOR('',#684,1.);
#684 = DIRECTION('',(1.,0.));
#685 = ( GEOMETRIC_REPRESENTATION_CONTEXT(2) 
PARAMETRIC_REPRESENTATION_CONTEXT() REPRESENTATION_CONTEXT('2D SPACE',''
  ) );
#686 = PCURVE('',#687,#692);
#687 = PLANE('',#688);
#688 = AXIS2_PLACEMENT_3D('',#689,#690,#691);
#689 = CARTESIAN_POINT('',(0.,0.,-25.99999962));
#690 = DIRECTION('',(0.,-0.,-1.));
#691 = DIRECTION('',(1.,-0.,0.));
#692 = DEFINITIONAL_REPRESENTATION('',(#693),#697);
#693 = LINE('',#694,#695);
#694 = CARTESIAN_POINT('',(22.53500531,-7.75));
#695 = VECTOR('',#696,1.);
#696 = DIRECTION('',(0.,1.));
#697 = ( GEOMETRIC_REPRESENTATION_CONTEXT(2) 
PARAMETRIC_REPRESENTATION_CONTEXT() REPRESENTATION_CONTEXT('2D SPACE',''
  ) );
#698 = ORIENTED_EDGE('',*,*,#699,.F.);
#699 = EDGE_CURVE('52@1_24_6',#216,#672,#700,.T.);
#700 = SURFACE_CURVE('',#701,(#705,#712),.PCURVE_S1.);
#701 = LINE('',#702,#703);
#702 = CARTESIAN_POINT('',(22.53500531,3.46297689,-76.));
#703 = VECTOR('',#704,1.);
#704 = DIRECTION('',(-0.,-0.,1.));
#705 = PCURVE('',#231,#706);
#706 = DEFINITIONAL_REPRESENTATION('',(#707),#711);
#707 = LINE('',#708,#709);
#708 = CARTESIAN_POINT('',(12.03702311,0.));
#709 = VECTOR('',#710,1.);
#710 = DIRECTION('',(0.,-1.));
#711 = ( GEOMETRIC_REPRESENTATION_CONTEXT(2) 
PARAMETRIC_REPRESENTATION_CONTEXT() REPRESENTATION_CONTEXT('2D SPACE',''
  ) );
#712 = PCURVE('',#259,#713);
#713 = DEFINITIONAL_REPRESENTATION('',(#714),#718);
#714 = LINE('',#715,#716);
#715 = CARTESIAN_POINT('',(0.,0.));
#716 = VECTOR('',#717,1.);
#717 = DIRECTION('',(0.,-1.));
#718 = ( GEOMETRIC_REPRESENTATION_CONTEXT(2) 
PARAMETRIC_REPRESENTATION_CONTEXT() REPRESENTATION_CONTEXT('2D SPACE',''
  ) );
#719 = ADVANCED_FACE('52@1_8_4',(#720),#259,.T.);
#720 = FACE_BOUND('',#721,.T.);
#721 = EDGE_LOOP('52@',(#722,#723,#724,#747));
#722 = ORIENTED_EDGE('',*,*,#243,.F.);
#723 = ORIENTED_EDGE('',*,*,#699,.T.);
#724 = ORIENTED_EDGE('',*,*,#725,.T.);
#725 = EDGE_CURVE('52@1_28_6',#672,#726,#728,.T.);
#726 = VERTEX_POINT('52@1_20_7',#727);
#727 = CARTESIAN_POINT('',(32.92314969,3.4629769,-25.99999962));
#728 = SURFACE_CURVE('',#729,(#733,#740),.PCURVE_S1.);
#729 = LINE('',#730,#731);
#730 = CARTESIAN_POINT('',(11.267502653333,3.462976879153,-25.99999962)
  );
#731 = VECTOR('',#732,1.);
#732 = DIRECTION('',(1.,9.626358253624E-10,0.));
#733 = PCURVE('',#259,#734);
#734 = DEFINITIONAL_REPRESENTATION('',(#735),#739);
#735 = LINE('',#736,#737);
#736 = CARTESIAN_POINT('',(-11.26750265666,-50.00000038));
#737 = VECTOR('',#738,1.);
#738 = DIRECTION('',(1.,0.));
#739 = ( GEOMETRIC_REPRESENTATION_CONTEXT(2) 
PARAMETRIC_REPRESENTATION_CONTEXT() REPRESENTATION_CONTEXT('2D SPACE',''
  ) );
#740 = PCURVE('',#687,#741);
#741 = DEFINITIONAL_REPRESENTATION('',(#742),#746);
#742 = LINE('',#743,#744);
#743 = CARTESIAN_POINT('',(11.267502653333,-3.462976879153));
#744 = VECTOR('',#745,1.);
#745 = DIRECTION('',(1.,-9.626358253624E-10));
#746 = ( GEOMETRIC_REPRESENTATION_CONTEXT(2) 
PARAMETRIC_REPRESENTATION_CONTEXT() REPRESENTATION_CONTEXT('2D SPACE',''
  ) );
#747 = ORIENTED_EDGE('',*,*,#748,.F.);
#748 = EDGE_CURVE('52@1_27_6',#244,#726,#749,.T.);
#749 = SURFACE_CURVE('',#750,(#754,#761),.PCURVE_S1.);
#750 = LINE('',#751,#752);
#751 = CARTESIAN_POINT('',(32.92314969,3.4629769,-76.));
#752 = VECTOR('',#753,1.);
#753 = DIRECTION('',(-0.,-0.,1.));
#754 = PCURVE('',#259,#755);
#755 = DEFINITIONAL_REPRESENTATION('',(#756),#760);
#756 = LINE('',#757,#758);
#757 = CARTESIAN_POINT('',(10.38814438,0.));
#758 = VECTOR('',#759,1.);
#759 = DIRECTION('',(0.,-1.));
#760 = ( GEOMETRIC_REPRESENTATION_CONTEXT(2) 
PARAMETRIC_REPRESENTATION_CONTEXT() REPRESENTATION_CONTEXT('2D SPACE',''
  ) );
#761 = PCURVE('',#292,#762);
#762 = DEFINITIONAL_REPRESENTATION('',(#763),#767);
#763 = LINE('',#764,#765);
#764 = CARTESIAN_POINT('',(7.853981633974,0.));
#765 = VECTOR('',#766,1.);
#766 = DIRECTION('',(0.,-1.));
#767 = ( GEOMETRIC_REPRESENTATION_CONTEXT(2) 
PARAMETRIC_REPRESENTATION_CONTEXT() REPRESENTATION_CONTEXT('2D SPACE',''
  ) );
#768 = ADVANCED_FACE('52@1_9_4',(#769),#292,.F.);
#769 = FACE_BOUND('',#770,.F.);
#770 = EDGE_LOOP('52@',(#771,#794,#818,#846,#875,#903,#925,#926));
#771 = ORIENTED_EDGE('',*,*,#772,.T.);
#772 = EDGE_CURVE('52@1_29_6',#272,#773,#775,.T.);
#773 = VERTEX_POINT('52@1_21_7',#774);
#774 = CARTESIAN_POINT('',(32.92314969,15.5,-25.99999962));
#775 = SURFACE_CURVE('',#776,(#780,#787),.PCURVE_S1.);
#776 = LINE('',#777,#778);
#777 = CARTESIAN_POINT('',(32.92314969,15.5,-76.));
#778 = VECTOR('',#779,1.);
#779 = DIRECTION('',(-0.,-0.,1.));
#780 = PCURVE('',#292,#781);
#781 = DEFINITIONAL_REPRESENTATION('',(#782),#786);
#782 = LINE('',#783,#784);
#783 = CARTESIAN_POINT('',(4.712388980385,0.));
#784 = VECTOR('',#785,1.);
#785 = DIRECTION('',(0.,-1.));
#786 = ( GEOMETRIC_REPRESENTATION_CONTEXT(2) 
PARAMETRIC_REPRESENTATION_CONTEXT() REPRESENTATION_CONTEXT('2D SPACE',''
  ) );
#787 = PCURVE('',#421,#788);
#788 = DEFINITIONAL_REPRESENTATION('',(#789),#793);
#789 = LINE('',#790,#791);
#790 = CARTESIAN_POINT('',(-3.552713678801E-14,0.));
#791 = VECTOR('',#792,1.);
#792 = DIRECTION('',(0.,-1.));
#793 = ( GEOMETRIC_REPRESENTATION_CONTEXT(2) 
PARAMETRIC_REPRESENTATION_CONTEXT() REPRESENTATION_CONTEXT('2D SPACE',''
  ) );
#794 = ORIENTED_EDGE('',*,*,#795,.T.);
#795 = EDGE_CURVE('52@1_30_6',#773,#796,#798,.T.);
#796 = VERTEX_POINT('52@1_22_7',#797);
#797 = CARTESIAN_POINT('',(38.85923952,10.474120712046,-25.99999962));
#798 = SURFACE_CURVE('',#799,(#804,#811),.PCURVE_S1.);
#799 = CIRCLE('',#800,6.01851155);
#800 = AXIS2_PLACEMENT_3D('',#801,#802,#803);
#801 = CARTESIAN_POINT('',(32.92314969,9.48148845,-25.99999962));
#802 = DIRECTION('',(0.,0.,-1.));
#803 = DIRECTION('',(1.,0.,0.));
#804 = PCURVE('',#292,#805);
#805 = DEFINITIONAL_REPRESENTATION('',(#806),#810);
#806 = LINE('',#807,#808);
#807 = CARTESIAN_POINT('',(0.,-50.00000038));
#808 = VECTOR('',#809,1.);
#809 = DIRECTION('',(1.,0.));
#810 = ( GEOMETRIC_REPRESENTATION_CONTEXT(2) 
PARAMETRIC_REPRESENTATION_CONTEXT() REPRESENTATION_CONTEXT('2D SPACE',''
  ) );
#811 = PCURVE('',#687,#812);
#812 = DEFINITIONAL_REPRESENTATION('',(#813),#817);
#813 = CIRCLE('',#814,6.01851155);
#814 = AXIS2_PLACEMENT_2D('',#815,#816);
#815 = CARTESIAN_POINT('',(32.92314969,-9.48148845));
#816 = DIRECTION('',(1.,0.));
#817 = ( GEOMETRIC_REPRESENTATION_CONTEXT(2) 
PARAMETRIC_REPRESENTATION_CONTEXT() REPRESENTATION_CONTEXT('2D SPACE',''
  ) );
#818 = ORIENTED_EDGE('',*,*,#819,.F.);
#819 = EDGE_CURVE('52@1_31_6',#820,#796,#822,.T.);
#820 = VERTEX_POINT('52@1_23_7',#821);
#821 = CARTESIAN_POINT('',(38.85923952,10.474120712046,-24.));
#822 = SURFACE_CURVE('',#823,(#827,#834),.PCURVE_S1.);
#823 = LINE('',#824,#825);
#824 = CARTESIAN_POINT('',(38.85923952,10.474120712046,-76.));
#825 = VECTOR('',#826,1.);
#826 = DIRECTION('',(0.,0.,-1.));
#827 = PCURVE('',#292,#828);
#828 = DEFINITIONAL_REPRESENTATION('',(#829),#833);
#829 = LINE('',#830,#831);
#830 = CARTESIAN_POINT('',(6.11749841107,0.));
#831 = VECTOR('',#832,1.);
#832 = DIRECTION('',(0.,1.));
#833 = ( GEOMETRIC_REPRESENTATION_CONTEXT(2) 
PARAMETRIC_REPRESENTATION_CONTEXT() REPRESENTATION_CONTEXT('2D SPACE',''
  ) );
#834 = PCURVE('',#835,#840);
#835 = PLANE('',#836);
#836 = AXIS2_PLACEMENT_3D('',#837,#838,#839);
#837 = CARTESIAN_POINT('',(38.85923952,0.,-24.));
#838 = DIRECTION('',(-1.,0.,0.));
#839 = DIRECTION('',(0.,0.,-1.));
#840 = DEFINITIONAL_REPRESENTATION('',(#841),#845);
#841 = LINE('',#842,#843);
#842 = CARTESIAN_POINT('',(52.,-10.47412071204));
#843 = VECTOR('',#844,1.);
#844 = DIRECTION('',(1.,0.));
#845 = ( GEOMETRIC_REPRESENTATION_CONTEXT(2) 
PARAMETRIC_REPRESENTATION_CONTEXT() REPRESENTATION_CONTEXT('2D SPACE',''
  ) );
#846 = ORIENTED_EDGE('',*,*,#847,.F.);
#847 = EDGE_CURVE('52@1_32_6',#848,#820,#850,.T.);
#848 = VERTEX_POINT('52@1_24_7',#849);
#849 = CARTESIAN_POINT('',(38.85923952,8.488856187954,-24.));
#850 = SURFACE_CURVE('',#851,(#856,#863),.PCURVE_S1.);
#851 = CIRCLE('',#852,6.01851155);
#852 = AXIS2_PLACEMENT_3D('',#853,#854,#855);
#853 = CARTESIAN_POINT('',(32.92314969,9.48148845,-24.));
#854 = DIRECTION('',(0.,0.,1.));
#855 = DIRECTION('',(1.,0.,0.));
#856 = PCURVE('',#292,#857);
#857 = DEFINITIONAL_REPRESENTATION('',(#858),#862);
#858 = LINE('',#859,#860);
#859 = CARTESIAN_POINT('',(6.28318530718,-52.));
#860 = VECTOR('',#861,1.);
#861 = DIRECTION('',(-1.,-0.));
#862 = ( GEOMETRIC_REPRESENTATION_CONTEXT(2) 
PARAMETRIC_REPRESENTATION_CONTEXT() REPRESENTATION_CONTEXT('2D SPACE',''
  ) );
#863 = PCURVE('',#864,#869);
#864 = PLANE('',#865);
#865 = AXIS2_PLACEMENT_3D('',#866,#867,#868);
#866 = CARTESIAN_POINT('',(45.5,0.,-24.));
#867 = DIRECTION('',(-0.,0.,1.));
#868 = DIRECTION('',(-1.,0.,-0.));
#869 = DEFINITIONAL_REPRESENTATION('',(#870),#874);
#870 = CIRCLE('',#871,6.01851155);
#871 = AXIS2_PLACEMENT_2D('',#872,#873);
#872 = CARTESIAN_POINT('',(12.57685031,-9.48148845));
#873 = DIRECTION('',(-1.,-0.));
#874 = ( GEOMETRIC_REPRESENTATION_CONTEXT(2) 
PARAMETRIC_REPRESENTATION_CONTEXT() REPRESENTATION_CONTEXT('2D SPACE',''
  ) );
#875 = ORIENTED_EDGE('',*,*,#876,.T.);
#876 = EDGE_CURVE('52@1_33_6',#848,#877,#879,.T.);
#877 = VERTEX_POINT('52@1_25_7',#878);
#878 = CARTESIAN_POINT('',(38.85923952,8.488856187954,-25.99999962));
#879 = SURFACE_CURVE('',#880,(#884,#891),.PCURVE_S1.);
#880 = LINE('',#881,#882);
#881 = CARTESIAN_POINT('',(38.85923952,8.488856187954,-76.));
#882 = VECTOR('',#883,1.);
#883 = DIRECTION('',(0.,0.,-1.));
#884 = PCURVE('',#292,#885);
#885 = DEFINITIONAL_REPRESENTATION('',(#886),#890);
#886 = LINE('',#887,#888);
#887 = CARTESIAN_POINT('',(6.448872203289,0.));
#888 = VECTOR('',#889,1.);
#889 = DIRECTION('',(0.,1.));
#890 = ( GEOMETRIC_REPRESENTATION_CONTEXT(2) 
PARAMETRIC_REPRESENTATION_CONTEXT() REPRESENTATION_CONTEXT('2D SPACE',''
  ) );
#891 = PCURVE('',#892,#897);
#892 = PLANE('',#893);
#893 = AXIS2_PLACEMENT_3D('',#894,#895,#896);
#894 = CARTESIAN_POINT('',(38.85923952,0.,-24.));
#895 = DIRECTION('',(-1.,0.,0.));
#896 = DIRECTION('',(0.,0.,-1.));
#897 = DEFINITIONAL_REPRESENTATION('',(#898),#902);
#898 = LINE('',#899,#900);
#899 = CARTESIAN_POINT('',(52.,-8.488856187954));
#900 = VECTOR('',#901,1.);
#901 = DIRECTION('',(1.,0.));
#902 = ( GEOMETRIC_REPRESENTATION_CONTEXT(2) 
PARAMETRIC_REPRESENTATION_CONTEXT() REPRESENTATION_CONTEXT('2D SPACE',''
  ) );
#903 = ORIENTED_EDGE('',*,*,#904,.T.);
#904 = EDGE_CURVE('52@1_34_6',#877,#726,#905,.T.);
#905 = SURFACE_CURVE('',#906,(#911,#918),.PCURVE_S1.);
#906 = CIRCLE('',#907,6.01851155);
#907 = AXIS2_PLACEMENT_3D('',#908,#909,#910);
#908 = CARTESIAN_POINT('',(32.92314969,9.48148845,-25.99999962));
#909 = DIRECTION('',(0.,0.,-1.));
#910 = DIRECTION('',(1.,0.,0.));
#911 = PCURVE('',#292,#912);
#912 = DEFINITIONAL_REPRESENTATION('',(#913),#917);
#913 = LINE('',#914,#915);
#914 = CARTESIAN_POINT('',(6.28318530718,-50.00000038));
#915 = VECTOR('',#916,1.);
#916 = DIRECTION('',(1.,0.));
#917 = ( GEOMETRIC_REPRESENTATION_CONTEXT(2) 
PARAMETRIC_REPRESENTATION_CONTEXT() REPRESENTATION_CONTEXT('2D SPACE',''
  ) );
#918 = PCURVE('',#687,#919);
#919 = DEFINITIONAL_REPRESENTATION('',(#920),#924);
#920 = CIRCLE('',#921,6.01851155);
#921 = AXIS2_PLACEMENT_2D('',#922,#923);
#922 = CARTESIAN_POINT('',(32.92314969,-9.48148845));
#923 = DIRECTION('',(1.,0.));
#924 = ( GEOMETRIC_REPRESENTATION_CONTEXT(2) 
PARAMETRIC_REPRESENTATION_CONTEXT() REPRESENTATION_CONTEXT('2D SPACE',''
  ) );
#925 = ORIENTED_EDGE('',*,*,#748,.F.);
#926 = ORIENTED_EDGE('',*,*,#271,.T.);
#927 = ADVANCED_FACE('52@1_10_4',(#928),#366,.F.);
#928 = FACE_BOUND('',#929,.F.);
#929 = EDGE_LOOP('52@',(#930,#960,#988,#1016,#1044,#1072,#1100,#1123,
    #1146,#1174,#1202,#1223,#1224,#1225,#1248,#1276));
#930 = ORIENTED_EDGE('',*,*,#931,.T.);
#931 = EDGE_CURVE('52@1_35_6',#932,#934,#936,.T.);
#932 = VERTEX_POINT('52@1_26_7',#933);
#933 = CARTESIAN_POINT('',(-14.02496164,1.7763568394E-15,-26.19999962));
#934 = VERTEX_POINT('52@1_27_7',#935);
#935 = CARTESIAN_POINT('',(-43.53328311,1.7763568394E-15,-26.19999962));
#936 = SURFACE_CURVE('',#937,(#941,#948),.PCURVE_S1.);
#937 = LINE('',#938,#939);
#938 = CARTESIAN_POINT('',(-15.82496164,0.,-26.19999962));
#939 = VECTOR('',#940,1.);
#940 = DIRECTION('',(-1.,0.,0.));
#941 = PCURVE('',#366,#942);
#942 = DEFINITIONAL_REPRESENTATION('',(#943),#947);
#943 = LINE('',#944,#945);
#944 = CARTESIAN_POINT('',(-15.82496164,26.19999962));
#945 = VECTOR('',#946,1.);
#946 = DIRECTION('',(-1.,0.));
#947 = ( GEOMETRIC_REPRESENTATION_CONTEXT(2) 
PARAMETRIC_REPRESENTATION_CONTEXT() REPRESENTATION_CONTEXT('2D SPACE',''
  ) );
#948 = PCURVE('',#949,#954);
#949 = PLANE('',#950);
#950 = AXIS2_PLACEMENT_3D('',#951,#952,#953);
#951 = CARTESIAN_POINT('',(-15.82496164,0.9,-27.09999962));
#952 = DIRECTION('',(0.,0.707106781187,0.707106781187));
#953 = DIRECTION('',(1.,-0.,-0.));
#954 = DEFINITIONAL_REPRESENTATION('',(#955),#959);
#955 = LINE('',#956,#957);
#956 = CARTESIAN_POINT('',(-0.,-1.272792206136));
#957 = VECTOR('',#958,1.);
#958 = DIRECTION('',(-1.,0.));
#959 = ( GEOMETRIC_REPRESENTATION_CONTEXT(2) 
PARAMETRIC_REPRESENTATION_CONTEXT() REPRESENTATION_CONTEXT('2D SPACE',''
  ) );
#960 = ORIENTED_EDGE('',*,*,#961,.F.);
#961 = EDGE_CURVE('52@1_36_6',#962,#934,#964,.T.);
#962 = VERTEX_POINT('52@1_28_7',#963);
#963 = CARTESIAN_POINT('',(-43.53328311,0.,-25.99999962));
#964 = SURFACE_CURVE('',#965,(#969,#976),.PCURVE_S1.);
#965 = LINE('',#966,#967);
#966 = CARTESIAN_POINT('',(-43.53328311,0.,-25.99999962));
#967 = VECTOR('',#968,1.);
#968 = DIRECTION('',(0.,-0.,-1.));
#969 = PCURVE('',#366,#970);
#970 = DEFINITIONAL_REPRESENTATION('',(#971),#975);
#971 = LINE('',#972,#973);
#972 = CARTESIAN_POINT('',(-43.53328311,25.99999962));
#973 = VECTOR('',#974,1.);
#974 = DIRECTION('',(0.,1.));
#975 = ( GEOMETRIC_REPRESENTATION_CONTEXT(2) 
PARAMETRIC_REPRESENTATION_CONTEXT() REPRESENTATION_CONTEXT('2D SPACE',''
  ) );
#976 = PCURVE('',#977,#982);
#977 = PLANE('',#978);
#978 = AXIS2_PLACEMENT_3D('',#979,#980,#981);
#979 = CARTESIAN_POINT('',(-43.53328311,0.,-25.99999962));
#980 = DIRECTION('',(1.,-0.,0.));
#981 = DIRECTION('',(0.,1.,0.));
#982 = DEFINITIONAL_REPRESENTATION('',(#983),#987);
#983 = LINE('',#984,#985);
#984 = CARTESIAN_POINT('',(0.,0.));
#985 = VECTOR('',#986,1.);
#986 = DIRECTION('',(0.,-1.));
#987 = ( GEOMETRIC_REPRESENTATION_CONTEXT(2) 
PARAMETRIC_REPRESENTATION_CONTEXT() REPRESENTATION_CONTEXT('2D SPACE',''
  ) );
#988 = ORIENTED_EDGE('',*,*,#989,.T.);
#989 = EDGE_CURVE('52@1_37_6',#962,#990,#992,.T.);
#990 = VERTEX_POINT('52@1_29_7',#991);
#991 = CARTESIAN_POINT('',(-44.49999406,0.,-25.99999962));
#992 = SURFACE_CURVE('',#993,(#997,#1004),.PCURVE_S1.);
#993 = LINE('',#994,#995);
#994 = CARTESIAN_POINT('',(47.50000594,0.,-25.99999962));
#995 = VECTOR('',#996,1.);
#996 = DIRECTION('',(-1.,0.,-0.));
#997 = PCURVE('',#366,#998);
#998 = DEFINITIONAL_REPRESENTATION('',(#999),#1003);
#999 = LINE('',#1000,#1001);
#1000 = CARTESIAN_POINT('',(47.50000594,25.99999962));
#1001 = VECTOR('',#1002,1.);
#1002 = DIRECTION('',(-1.,0.));
#1003 = ( GEOMETRIC_REPRESENTATION_CONTEXT(2) 
PARAMETRIC_REPRESENTATION_CONTEXT() REPRESENTATION_CONTEXT('2D SPACE',''
  ) );
#1004 = PCURVE('',#1005,#1010);
#1005 = PLANE('',#1006);
#1006 = AXIS2_PLACEMENT_3D('',#1007,#1008,#1009);
#1007 = CARTESIAN_POINT('',(47.50000594,0.,-25.99999962));
#1008 = DIRECTION('',(-0.,0.,1.));
#1009 = DIRECTION('',(-1.,0.,-0.));
#1010 = DEFINITIONAL_REPRESENTATION('',(#1011),#1015);
#1011 = LINE('',#1012,#1013);
#1012 = CARTESIAN_POINT('',(0.,0.));
#1013 = VECTOR('',#1014,1.);
#1014 = DIRECTION('',(1.,0.));
#1015 = ( GEOMETRIC_REPRESENTATION_CONTEXT(2) 
PARAMETRIC_REPRESENTATION_CONTEXT() REPRESENTATION_CONTEXT('2D SPACE',''
  ) );
#1016 = ORIENTED_EDGE('',*,*,#1017,.T.);
#1017 = EDGE_CURVE('52@1_38_6',#990,#1018,#1020,.T.);
#1018 = VERTEX_POINT('52@1_30_7',#1019);
#1019 = CARTESIAN_POINT('',(-45.49956637,8.881784197001E-16,-25.00042731
    ));
#1020 = SURFACE_CURVE('',#1021,(#1025,#1032),.PCURVE_S1.);
#1021 = LINE('',#1022,#1023);
#1022 = CARTESIAN_POINT('',(-40.62499545,1.7763568394E-15,-29.87499823)
  );
#1023 = VECTOR('',#1024,1.);
#1024 = DIRECTION('',(-0.707106781187,-0.,0.707106781187));
#1025 = PCURVE('',#366,#1026);
#1026 = DEFINITIONAL_REPRESENTATION('',(#1027),#1031);
#1027 = LINE('',#1028,#1029);
#1028 = CARTESIAN_POINT('',(-40.62499545,29.87499823));
#1029 = VECTOR('',#1030,1.);
#1030 = DIRECTION('',(-0.707106781187,-0.707106781187));
#1031 = ( GEOMETRIC_REPRESENTATION_CONTEXT(2) 
PARAMETRIC_REPRESENTATION_CONTEXT() REPRESENTATION_CONTEXT('2D SPACE',''
  ) );
#1032 = PCURVE('',#1033,#1038);
#1033 = PLANE('',#1034);
#1034 = AXIS2_PLACEMENT_3D('',#1035,#1036,#1037);
#1035 = CARTESIAN_POINT('',(-45.99999406,17.5,-24.49999962));
#1036 = DIRECTION('',(-0.707106781187,0.,-0.707106781187));
#1037 = DIRECTION('',(0.,-1.,-0.));
#1038 = DEFINITIONAL_REPRESENTATION('',(#1039),#1043);
#1039 = LINE('',#1040,#1041);
#1040 = CARTESIAN_POINT('',(17.5,-7.601395931999));
#1041 = VECTOR('',#1042,1.);
#1042 = DIRECTION('',(0.,1.));
#1043 = ( GEOMETRIC_REPRESENTATION_CONTEXT(2) 
PARAMETRIC_REPRESENTATION_CONTEXT() REPRESENTATION_CONTEXT('2D SPACE',''
  ) );
#1044 = ORIENTED_EDGE('',*,*,#1045,.F.);
#1045 = EDGE_CURVE('52@1_39_6',#1046,#1018,#1048,.T.);
#1046 = VERTEX_POINT('52@1_31_7',#1047);
#1047 = CARTESIAN_POINT('',(38.85923767,0.,-25.00042731));
#1048 = SURFACE_CURVE('',#1049,(#1053,#1060),.PCURVE_S1.);
#1049 = LINE('',#1050,#1051);
#1050 = CARTESIAN_POINT('',(38.85923767,0.,-25.00042731));
#1051 = VECTOR('',#1052,1.);
#1052 = DIRECTION('',(-1.,1.052858003154E-17,-8.422864025232E-17));
#1053 = PCURVE('',#366,#1054);
#1054 = DEFINITIONAL_REPRESENTATION('',(#1055),#1059);
#1055 = LINE('',#1056,#1057);
#1056 = CARTESIAN_POINT('',(38.85923767,25.00042731));
#1057 = VECTOR('',#1058,1.);
#1058 = DIRECTION('',(-1.,8.422864025232E-17));
#1059 = ( GEOMETRIC_REPRESENTATION_CONTEXT(2) 
PARAMETRIC_REPRESENTATION_CONTEXT() REPRESENTATION_CONTEXT('2D SPACE',''
  ) );
#1060 = PCURVE('',#1061,#1066);
#1061 = PLANE('',#1062);
#1062 = AXIS2_PLACEMENT_3D('',#1063,#1064,#1065);
#1063 = CARTESIAN_POINT('',(45.5,0.,-25.00042731));
#1064 = DIRECTION('',(0.,-0.,1.));
#1065 = DIRECTION('',(-1.,0.,0.));
#1066 = DEFINITIONAL_REPRESENTATION('',(#1067),#1071);
#1067 = LINE('',#1068,#1069);
#1068 = CARTESIAN_POINT('',(6.64076233,0.));
#1069 = VECTOR('',#1070,1.);
#1070 = DIRECTION('',(1.,-1.052858003154E-17));
#1071 = ( GEOMETRIC_REPRESENTATION_CONTEXT(2) 
PARAMETRIC_REPRESENTATION_CONTEXT() REPRESENTATION_CONTEXT('2D SPACE',''
  ) );
#1072 = ORIENTED_EDGE('',*,*,#1073,.F.);
#1073 = EDGE_CURVE('52@1_40_6',#1074,#1046,#1076,.T.);
#1074 = VERTEX_POINT('52@1_32_7',#1075);
#1075 = CARTESIAN_POINT('',(38.85923767,0.,-25.99999962));
#1076 = SURFACE_CURVE('',#1077,(#1081,#1088),.PCURVE_S1.);
#1077 = LINE('',#1078,#1079);
#1078 = CARTESIAN_POINT('',(38.85923767,0.,-25.99999962));
#1079 = VECTOR('',#1080,1.);
#1080 = DIRECTION('',(-0.,0.,1.));
#1081 = PCURVE('',#366,#1082);
#1082 = DEFINITIONAL_REPRESENTATION('',(#1083),#1087);
#1083 = LINE('',#1084,#1085);
#1084 = CARTESIAN_POINT('',(38.85923767,25.99999962));
#1085 = VECTOR('',#1086,1.);
#1086 = DIRECTION('',(0.,-1.));
#1087 = ( GEOMETRIC_REPRESENTATION_CONTEXT(2) 
PARAMETRIC_REPRESENTATION_CONTEXT() REPRESENTATION_CONTEXT('2D SPACE',''
  ) );
#1088 = PCURVE('',#1089,#1094);
#1089 = PLANE('',#1090);
#1090 = AXIS2_PLACEMENT_3D('',#1091,#1092,#1093);
#1091 = CARTESIAN_POINT('',(38.85923767,0.,-25.99999962));
#1092 = DIRECTION('',(1.,-0.,0.));
#1093 = DIRECTION('',(-0.,0.,1.));
#1094 = DEFINITIONAL_REPRESENTATION('',(#1095),#1099);
#1095 = LINE('',#1096,#1097);
#1096 = CARTESIAN_POINT('',(0.,0.));
#1097 = VECTOR('',#1098,1.);
#1098 = DIRECTION('',(1.,0.));
#1099 = ( GEOMETRIC_REPRESENTATION_CONTEXT(2) 
PARAMETRIC_REPRESENTATION_CONTEXT() REPRESENTATION_CONTEXT('2D SPACE',''
  ) );
#1100 = ORIENTED_EDGE('',*,*,#1101,.F.);
#1101 = EDGE_CURVE('52@1_41_6',#1102,#1074,#1104,.T.);
#1102 = VERTEX_POINT('52@1_33_7',#1103);
#1103 = CARTESIAN_POINT('',(38.85923952,0.,-25.99999962));
#1104 = SURFACE_CURVE('',#1105,(#1109,#1116),.PCURVE_S1.);
#1105 = LINE('',#1106,#1107);
#1106 = CARTESIAN_POINT('',(41.01484584,0.,-25.99999962));
#1107 = VECTOR('',#1108,1.);
#1108 = DIRECTION('',(-1.,0.,0.));
#1109 = PCURVE('',#366,#1110);
#1110 = DEFINITIONAL_REPRESENTATION('',(#1111),#1115);
#1111 = LINE('',#1112,#1113);
#1112 = CARTESIAN_POINT('',(41.01484584,25.99999962));
#1113 = VECTOR('',#1114,1.);
#1114 = DIRECTION('',(-1.,0.));
#1115 = ( GEOMETRIC_REPRESENTATION_CONTEXT(2) 
PARAMETRIC_REPRESENTATION_CONTEXT() REPRESENTATION_CONTEXT('2D SPACE',''
  ) );
#1116 = PCURVE('',#687,#1117);
#1117 = DEFINITIONAL_REPRESENTATION('',(#1118),#1122);
#1118 = LINE('',#1119,#1120);
#1119 = CARTESIAN_POINT('',(41.01484584,0.));
#1120 = VECTOR('',#1121,1.);
#1121 = DIRECTION('',(-1.,0.));
#1122 = ( GEOMETRIC_REPRESENTATION_CONTEXT(2) 
PARAMETRIC_REPRESENTATION_CONTEXT() REPRESENTATION_CONTEXT('2D SPACE',''
  ) );
#1123 = ORIENTED_EDGE('',*,*,#1124,.F.);
#1124 = EDGE_CURVE('52@1_42_6',#1125,#1102,#1127,.T.);
#1125 = VERTEX_POINT('52@1_34_7',#1126);
#1126 = CARTESIAN_POINT('',(38.85923952,0.,-25.00042731));
#1127 = SURFACE_CURVE('',#1128,(#1132,#1139),.PCURVE_S1.);
#1128 = LINE('',#1129,#1130);
#1129 = CARTESIAN_POINT('',(38.85923952,0.,-24.));
#1130 = VECTOR('',#1131,1.);
#1131 = DIRECTION('',(0.,0.,-1.));
#1132 = PCURVE('',#366,#1133);
#1133 = DEFINITIONAL_REPRESENTATION('',(#1134),#1138);
#1134 = LINE('',#1135,#1136);
#1135 = CARTESIAN_POINT('',(38.85923952,24.));
#1136 = VECTOR('',#1137,1.);
#1137 = DIRECTION('',(0.,1.));
#1138 = ( GEOMETRIC_REPRESENTATION_CONTEXT(2) 
PARAMETRIC_REPRESENTATION_CONTEXT() REPRESENTATION_CONTEXT('2D SPACE',''
  ) );
#1139 = PCURVE('',#892,#1140);
#1140 = DEFINITIONAL_REPRESENTATION('',(#1141),#1145);
#1141 = LINE('',#1142,#1143);
#1142 = CARTESIAN_POINT('',(0.,-0.));
#1143 = VECTOR('',#1144,1.);
#1144 = DIRECTION('',(1.,0.));
#1145 = ( GEOMETRIC_REPRESENTATION_CONTEXT(2) 
PARAMETRIC_REPRESENTATION_CONTEXT() REPRESENTATION_CONTEXT('2D SPACE',''
  ) );
#1146 = ORIENTED_EDGE('',*,*,#1147,.F.);
#1147 = EDGE_CURVE('52@1_43_6',#1148,#1125,#1150,.T.);
#1148 = VERTEX_POINT('52@1_35_7',#1149);
#1149 = CARTESIAN_POINT('',(45.49957825,8.881784197001E-16,-25.00042731)
  );
#1150 = SURFACE_CURVE('',#1151,(#1155,#1162),.PCURVE_S1.);
#1151 = LINE('',#1152,#1153);
#1152 = CARTESIAN_POINT('',(45.5,0.,-25.00042731));
#1153 = VECTOR('',#1154,1.);
#1154 = DIRECTION('',(-1.,0.,0.));
#1155 = PCURVE('',#366,#1156);
#1156 = DEFINITIONAL_REPRESENTATION('',(#1157),#1161);
#1157 = LINE('',#1158,#1159);
#1158 = CARTESIAN_POINT('',(45.5,25.00042731));
#1159 = VECTOR('',#1160,1.);
#1160 = DIRECTION('',(-1.,0.));
#1161 = ( GEOMETRIC_REPRESENTATION_CONTEXT(2) 
PARAMETRIC_REPRESENTATION_CONTEXT() REPRESENTATION_CONTEXT('2D SPACE',''
  ) );
#1162 = PCURVE('',#1163,#1168);
#1163 = PLANE('',#1164);
#1164 = AXIS2_PLACEMENT_3D('',#1165,#1166,#1167);
#1165 = CARTESIAN_POINT('',(45.5,0.,-25.00042731));
#1166 = DIRECTION('',(0.,-0.,1.));
#1167 = DIRECTION('',(-1.,0.,0.));
#1168 = DEFINITIONAL_REPRESENTATION('',(#1169),#1173);
#1169 = LINE('',#1170,#1171);
#1170 = CARTESIAN_POINT('',(0.,0.));
#1171 = VECTOR('',#1172,1.);
#1172 = DIRECTION('',(1.,0.));
#1173 = ( GEOMETRIC_REPRESENTATION_CONTEXT(2) 
PARAMETRIC_REPRESENTATION_CONTEXT() REPRESENTATION_CONTEXT('2D SPACE',''
  ) );
#1174 = ORIENTED_EDGE('',*,*,#1175,.T.);
#1175 = EDGE_CURVE('52@1_44_6',#1148,#1176,#1178,.T.);
#1176 = VERTEX_POINT('52@1_36_7',#1177);
#1177 = CARTESIAN_POINT('',(44.50000594,0.,-25.99999962));
#1178 = SURFACE_CURVE('',#1179,(#1183,#1190),.PCURVE_S1.);
#1179 = LINE('',#1180,#1181);
#1180 = CARTESIAN_POINT('',(40.62500436,1.7763568394E-15,-29.8750012));
#1181 = VECTOR('',#1182,1.);
#1182 = DIRECTION('',(-0.707106781187,0.,-0.707106781187));
#1183 = PCURVE('',#366,#1184);
#1184 = DEFINITIONAL_REPRESENTATION('',(#1185),#1189);
#1185 = LINE('',#1186,#1187);
#1186 = CARTESIAN_POINT('',(40.62500436,29.8750012));
#1187 = VECTOR('',#1188,1.);
#1188 = DIRECTION('',(-0.707106781187,0.707106781187));
#1189 = ( GEOMETRIC_REPRESENTATION_CONTEXT(2) 
PARAMETRIC_REPRESENTATION_CONTEXT() REPRESENTATION_CONTEXT('2D SPACE',''
  ) );
#1190 = PCURVE('',#1191,#1196);
#1191 = PLANE('',#1192);
#1192 = AXIS2_PLACEMENT_3D('',#1193,#1194,#1195);
#1193 = CARTESIAN_POINT('',(46.00000594,17.5,-24.49999962));
#1194 = DIRECTION('',(0.707106781187,0.,-0.707106781187));
#1195 = DIRECTION('',(0.,-1.,0.));
#1196 = DEFINITIONAL_REPRESENTATION('',(#1197),#1201);
#1197 = LINE('',#1198,#1199);
#1198 = CARTESIAN_POINT('',(17.5,7.601400132213));
#1199 = VECTOR('',#1200,1.);
#1200 = DIRECTION('',(-0.,1.));
#1201 = ( GEOMETRIC_REPRESENTATION_CONTEXT(2) 
PARAMETRIC_REPRESENTATION_CONTEXT() REPRESENTATION_CONTEXT('2D SPACE',''
  ) );
#1202 = ORIENTED_EDGE('',*,*,#1203,.T.);
#1203 = EDGE_CURVE('52@1_45_6',#1176,#517,#1204,.T.);
#1204 = SURFACE_CURVE('',#1205,(#1209,#1216),.PCURVE_S1.);
#1205 = LINE('',#1206,#1207);
#1206 = CARTESIAN_POINT('',(47.50000594,0.,-25.99999962));
#1207 = VECTOR('',#1208,1.);
#1208 = DIRECTION('',(-1.,0.,-0.));
#1209 = PCURVE('',#366,#1210);
#1210 = DEFINITIONAL_REPRESENTATION('',(#1211),#1215);
#1211 = LINE('',#1212,#1213);
#1212 = CARTESIAN_POINT('',(47.50000594,25.99999962));
#1213 = VECTOR('',#1214,1.);
#1214 = DIRECTION('',(-1.,0.));
#1215 = ( GEOMETRIC_REPRESENTATION_CONTEXT(2) 
PARAMETRIC_REPRESENTATION_CONTEXT() REPRESENTATION_CONTEXT('2D SPACE',''
  ) );
#1216 = PCURVE('',#555,#1217);
#1217 = DEFINITIONAL_REPRESENTATION('',(#1218),#1222);
#1218 = LINE('',#1219,#1220);
#1219 = CARTESIAN_POINT('',(0.,0.));
#1220 = VECTOR('',#1221,1.);
#1221 = DIRECTION('',(1.,0.));
#1222 = ( GEOMETRIC_REPRESENTATION_CONTEXT(2) 
PARAMETRIC_REPRESENTATION_CONTEXT() REPRESENTATION_CONTEXT('2D SPACE',''
  ) );
#1223 = ORIENTED_EDGE('',*,*,#516,.T.);
#1224 = ORIENTED_EDGE('',*,*,#352,.F.);
#1225 = ORIENTED_EDGE('',*,*,#1226,.F.);
#1226 = EDGE_CURVE('52@1_46_6',#1227,#330,#1229,.T.);
#1227 = VERTEX_POINT('52@1_37_7',#1228);
#1228 = CARTESIAN_POINT('',(12.33402952,0.,-25.99999962));
#1229 = SURFACE_CURVE('',#1230,(#1234,#1241),.PCURVE_S1.);
#1230 = LINE('',#1231,#1232);
#1231 = CARTESIAN_POINT('',(12.33402952,0.,-25.99999962));
#1232 = VECTOR('',#1233,1.);
#1233 = DIRECTION('',(0.,-0.,-1.));
#1234 = PCURVE('',#366,#1235);
#1235 = DEFINITIONAL_REPRESENTATION('',(#1236),#1240);
#1236 = LINE('',#1237,#1238);
#1237 = CARTESIAN_POINT('',(12.33402952,25.99999962));
#1238 = VECTOR('',#1239,1.);
#1239 = DIRECTION('',(0.,1.));
#1240 = ( GEOMETRIC_REPRESENTATION_CONTEXT(2) 
PARAMETRIC_REPRESENTATION_CONTEXT() REPRESENTATION_CONTEXT('2D SPACE',''
  ) );
#1241 = PCURVE('',#500,#1242);
#1242 = DEFINITIONAL_REPRESENTATION('',(#1243),#1247);
#1243 = LINE('',#1244,#1245);
#1244 = CARTESIAN_POINT('',(0.,0.));
#1245 = VECTOR('',#1246,1.);
#1246 = DIRECTION('',(0.,-1.));
#1247 = ( GEOMETRIC_REPRESENTATION_CONTEXT(2) 
PARAMETRIC_REPRESENTATION_CONTEXT() REPRESENTATION_CONTEXT('2D SPACE',''
  ) );
#1248 = ORIENTED_EDGE('',*,*,#1249,.T.);
#1249 = EDGE_CURVE('52@1_47_6',#1227,#1250,#1252,.T.);
#1250 = VERTEX_POINT('52@1_38_7',#1251);
#1251 = CARTESIAN_POINT('',(-14.02496164,0.,-25.99999962));
#1252 = SURFACE_CURVE('',#1253,(#1257,#1264),.PCURVE_S1.);
#1253 = LINE('',#1254,#1255);
#1254 = CARTESIAN_POINT('',(47.50000594,0.,-25.99999962));
#1255 = VECTOR('',#1256,1.);
#1256 = DIRECTION('',(-1.,0.,-0.));
#1257 = PCURVE('',#366,#1258);
#1258 = DEFINITIONAL_REPRESENTATION('',(#1259),#1263);
#1259 = LINE('',#1260,#1261);
#1260 = CARTESIAN_POINT('',(47.50000594,25.99999962));
#1261 = VECTOR('',#1262,1.);
#1262 = DIRECTION('',(-1.,0.));
#1263 = ( GEOMETRIC_REPRESENTATION_CONTEXT(2) 
PARAMETRIC_REPRESENTATION_CONTEXT() REPRESENTATION_CONTEXT('2D SPACE',''
  ) );
#1264 = PCURVE('',#1265,#1270);
#1265 = PLANE('',#1266);
#1266 = AXIS2_PLACEMENT_3D('',#1267,#1268,#1269);
#1267 = CARTESIAN_POINT('',(47.50000594,0.,-25.99999962));
#1268 = DIRECTION('',(-0.,0.,1.));
#1269 = DIRECTION('',(-1.,0.,-0.));
#1270 = DEFINITIONAL_REPRESENTATION('',(#1271),#1275);
#1271 = LINE('',#1272,#1273);
#1272 = CARTESIAN_POINT('',(0.,0.));
#1273 = VECTOR('',#1274,1.);
#1274 = DIRECTION('',(1.,0.));
#1275 = ( GEOMETRIC_REPRESENTATION_CONTEXT(2) 
PARAMETRIC_REPRESENTATION_CONTEXT() REPRESENTATION_CONTEXT('2D SPACE',''
  ) );
#1276 = ORIENTED_EDGE('',*,*,#1277,.T.);
#1277 = EDGE_CURVE('52@1_48_6',#1250,#932,#1278,.T.);
#1278 = SURFACE_CURVE('',#1279,(#1283,#1290),.PCURVE_S1.);
#1279 = LINE('',#1280,#1281);
#1280 = CARTESIAN_POINT('',(-14.02496164,0.,-25.99999962));
#1281 = VECTOR('',#1282,1.);
#1282 = DIRECTION('',(0.,-0.,-1.));
#1283 = PCURVE('',#366,#1284);
#1284 = DEFINITIONAL_REPRESENTATION('',(#1285),#1289);
#1285 = LINE('',#1286,#1287);
#1286 = CARTESIAN_POINT('',(-14.02496164,25.99999962));
#1287 = VECTOR('',#1288,1.);
#1288 = DIRECTION('',(0.,1.));
#1289 = ( GEOMETRIC_REPRESENTATION_CONTEXT(2) 
PARAMETRIC_REPRESENTATION_CONTEXT() REPRESENTATION_CONTEXT('2D SPACE',''
  ) );
#1290 = PCURVE('',#1291,#1296);
#1291 = PLANE('',#1292);
#1292 = AXIS2_PLACEMENT_3D('',#1293,#1294,#1295);
#1293 = CARTESIAN_POINT('',(-14.02496164,17.5,-25.99999962));
#1294 = DIRECTION('',(-1.,-0.,0.));
#1295 = DIRECTION('',(0.,-1.,0.));
#1296 = DEFINITIONAL_REPRESENTATION('',(#1297),#1301);
#1297 = LINE('',#1298,#1299);
#1298 = CARTESIAN_POINT('',(17.5,0.));
#1299 = VECTOR('',#1300,1.);
#1300 = DIRECTION('',(0.,-1.));
#1301 = ( GEOMETRIC_REPRESENTATION_CONTEXT(2) 
PARAMETRIC_REPRESENTATION_CONTEXT() REPRESENTATION_CONTEXT('2D SPACE',''
  ) );
#1302 = ADVANCED_FACE('52@1_11_4',(#1303),#421,.T.);
#1303 = FACE_BOUND('',#1304,.T.);
#1304 = EDGE_LOOP('52@',(#1305,#1306,#1307,#1328));
#1305 = ORIENTED_EDGE('',*,*,#407,.T.);
#1306 = ORIENTED_EDGE('',*,*,#772,.T.);
#1307 = ORIENTED_EDGE('',*,*,#1308,.T.);
#1308 = EDGE_CURVE('52@1_49_6',#773,#649,#1309,.T.);
#1309 = SURFACE_CURVE('',#1310,(#1314,#1321),.PCURVE_S1.);
#1310 = LINE('',#1311,#1312);
#1311 = CARTESIAN_POINT('',(16.461574845,15.5,-25.99999962));
#1312 = VECTOR('',#1313,1.);
#1313 = DIRECTION('',(-1.,0.,-0.));
#1314 = PCURVE('',#421,#1315);
#1315 = DEFINITIONAL_REPRESENTATION('',(#1316),#1320);
#1316 = LINE('',#1317,#1318);
#1317 = CARTESIAN_POINT('',(16.461574845,-50.00000038));
#1318 = VECTOR('',#1319,1.);
#1319 = DIRECTION('',(1.,0.));
#1320 = ( GEOMETRIC_REPRESENTATION_CONTEXT(2) 
PARAMETRIC_REPRESENTATION_CONTEXT() REPRESENTATION_CONTEXT('2D SPACE',''
  ) );
#1321 = PCURVE('',#687,#1322);
#1322 = DEFINITIONAL_REPRESENTATION('',(#1323),#1327);
#1323 = LINE('',#1324,#1325);
#1324 = CARTESIAN_POINT('',(16.461574845,-15.5));
#1325 = VECTOR('',#1326,1.);
#1326 = DIRECTION('',(-1.,0.));
#1327 = ( GEOMETRIC_REPRESENTATION_CONTEXT(2) 
PARAMETRIC_REPRESENTATION_CONTEXT() REPRESENTATION_CONTEXT('2D SPACE',''
  ) );
#1328 = ORIENTED_EDGE('',*,*,#648,.F.);
#1329 = ADVANCED_FACE('52@1_12_4',(#1330),#500,.F.);
#1330 = FACE_BOUND('',#1331,.F.);
#1331 = EDGE_LOOP('52@',(#1332,#1333,#1334,#1355));
#1332 = ORIENTED_EDGE('',*,*,#622,.T.);
#1333 = ORIENTED_EDGE('',*,*,#486,.T.);
#1334 = ORIENTED_EDGE('',*,*,#1335,.F.);
#1335 = EDGE_CURVE('52@1_50_6',#1227,#459,#1336,.T.);
#1336 = SURFACE_CURVE('',#1337,(#1341,#1348),.PCURVE_S1.);
#1337 = LINE('',#1338,#1339);
#1338 = CARTESIAN_POINT('',(12.33402952,0.,-25.99999962));
#1339 = VECTOR('',#1340,1.);
#1340 = DIRECTION('',(0.,1.,0.));
#1341 = PCURVE('',#500,#1342);
#1342 = DEFINITIONAL_REPRESENTATION('',(#1343),#1347);
#1343 = LINE('',#1344,#1345);
#1344 = CARTESIAN_POINT('',(0.,0.));
#1345 = VECTOR('',#1346,1.);
#1346 = DIRECTION('',(1.,0.));
#1347 = ( GEOMETRIC_REPRESENTATION_CONTEXT(2) 
PARAMETRIC_REPRESENTATION_CONTEXT() REPRESENTATION_CONTEXT('2D SPACE',''
  ) );
#1348 = PCURVE('',#1265,#1349);
#1349 = DEFINITIONAL_REPRESENTATION('',(#1350),#1354);
#1350 = LINE('',#1351,#1352);
#1351 = CARTESIAN_POINT('',(35.16597642,0.));
#1352 = VECTOR('',#1353,1.);
#1353 = DIRECTION('',(0.,-1.));
#1354 = ( GEOMETRIC_REPRESENTATION_CONTEXT(2) 
PARAMETRIC_REPRESENTATION_CONTEXT() REPRESENTATION_CONTEXT('2D SPACE',''
  ) );
#1355 = ORIENTED_EDGE('',*,*,#1226,.T.);
#1356 = ADVANCED_FACE('52@1_13_4',(#1357),#474,.T.);
#1357 = FACE_BOUND('',#1358,.T.);
#1358 = EDGE_LOOP('52@',(#1359,#1389,#1410,#1411,#1412,#1435,#1463,#1486
    ,#1514,#1542,#1570,#1598,#1626,#1654));
#1359 = ORIENTED_EDGE('',*,*,#1360,.T.);
#1360 = EDGE_CURVE('52@1_51_6',#1361,#1363,#1365,.T.);
#1361 = VERTEX_POINT('52@1_39_7',#1362);
#1362 = CARTESIAN_POINT('',(44.50000594,17.5,24.00000038));
#1363 = VERTEX_POINT('52@1_40_7',#1364);
#1364 = CARTESIAN_POINT('',(44.50000594,17.5,-23.99999962));
#1365 = SURFACE_CURVE('',#1366,(#1370,#1377),.PCURVE_S1.);
#1366 = LINE('',#1367,#1368);
#1367 = CARTESIAN_POINT('',(44.50000594,17.5,26.00000038));
#1368 = VECTOR('',#1369,1.);
#1369 = DIRECTION('',(0.,0.,-1.));
#1370 = PCURVE('',#474,#1371);
#1371 = DEFINITIONAL_REPRESENTATION('',(#1372),#1376);
#1372 = LINE('',#1373,#1374);
#1373 = CARTESIAN_POINT('',(44.50000594,-26.00000038));
#1374 = VECTOR('',#1375,1.);
#1375 = DIRECTION('',(0.,1.));
#1376 = ( GEOMETRIC_REPRESENTATION_CONTEXT(2) 
PARAMETRIC_REPRESENTATION_CONTEXT() REPRESENTATION_CONTEXT('2D SPACE',''
  ) );
#1377 = PCURVE('',#1378,#1383);
#1378 = PLANE('',#1379);
#1379 = AXIS2_PLACEMENT_3D('',#1380,#1381,#1382);
#1380 = CARTESIAN_POINT('',(46.00000594,16.,26.00000038));
#1381 = DIRECTION('',(-0.707106781187,-0.707106781187,0.));
#1382 = DIRECTION('',(-0.,0.,-1.));
#1383 = DEFINITIONAL_REPRESENTATION('',(#1384),#1388);
#1384 = LINE('',#1385,#1386);
#1385 = CARTESIAN_POINT('',(0.,-2.12132034356));
#1386 = VECTOR('',#1387,1.);
#1387 = DIRECTION('',(1.,0.));
#1388 = ( GEOMETRIC_REPRESENTATION_CONTEXT(2) 
PARAMETRIC_REPRESENTATION_CONTEXT() REPRESENTATION_CONTEXT('2D SPACE',''
  ) );
#1389 = ORIENTED_EDGE('',*,*,#1390,.T.);
#1390 = EDGE_CURVE('52@1_53_6',#1363,#568,#1391,.T.);
#1391 = SURFACE_CURVE('',#1392,(#1396,#1403),.PCURVE_S1.);
#1392 = LINE('',#1393,#1394);
#1393 = CARTESIAN_POINT('',(44.50000594,17.5,-23.99999962));
#1394 = VECTOR('',#1395,1.);
#1395 = DIRECTION('',(-1.,0.,-0.));
#1396 = PCURVE('',#474,#1397);
#1397 = DEFINITIONAL_REPRESENTATION('',(#1398),#1402);
#1398 = LINE('',#1399,#1400);
#1399 = CARTESIAN_POINT('',(44.50000594,23.99999962));
#1400 = VECTOR('',#1401,1.);
#1401 = DIRECTION('',(-1.,0.));
#1402 = ( GEOMETRIC_REPRESENTATION_CONTEXT(2) 
PARAMETRIC_REPRESENTATION_CONTEXT() REPRESENTATION_CONTEXT('2D SPACE',''
  ) );
#1403 = PCURVE('',#583,#1404);
#1404 = DEFINITIONAL_REPRESENTATION('',(#1405),#1409);
#1405 = LINE('',#1406,#1407);
#1406 = CARTESIAN_POINT('',(-0.,1.414213562373));
#1407 = VECTOR('',#1408,1.);
#1408 = DIRECTION('',(-1.,0.));
#1409 = ( GEOMETRIC_REPRESENTATION_CONTEXT(2) 
PARAMETRIC_REPRESENTATION_CONTEXT() REPRESENTATION_CONTEXT('2D SPACE',''
  ) );
#1410 = ORIENTED_EDGE('',*,*,#595,.F.);
#1411 = ORIENTED_EDGE('',*,*,#458,.F.);
#1412 = ORIENTED_EDGE('',*,*,#1413,.T.);
#1413 = EDGE_CURVE('52@1_57_6',#459,#1414,#1416,.T.);
#1414 = VERTEX_POINT('52@1_45_7',#1415);
#1415 = CARTESIAN_POINT('',(-14.02496164,17.5,-25.99999962));
#1416 = SURFACE_CURVE('',#1417,(#1421,#1428),.PCURVE_S1.);
#1417 = LINE('',#1418,#1419);
#1418 = CARTESIAN_POINT('',(47.50000594,17.5,-25.99999962));
#1419 = VECTOR('',#1420,1.);
#1420 = DIRECTION('',(-1.,0.,-0.));
#1421 = PCURVE('',#474,#1422);
#1422 = DEFINITIONAL_REPRESENTATION('',(#1423),#1427);
#1423 = LINE('',#1424,#1425);
#1424 = CARTESIAN_POINT('',(47.50000594,25.99999962));
#1425 = VECTOR('',#1426,1.);
#1426 = DIRECTION('',(-1.,0.));
#1427 = ( GEOMETRIC_REPRESENTATION_CONTEXT(2) 
PARAMETRIC_REPRESENTATION_CONTEXT() REPRESENTATION_CONTEXT('2D SPACE',''
  ) );
#1428 = PCURVE('',#1265,#1429);
#1429 = DEFINITIONAL_REPRESENTATION('',(#1430),#1434);
#1430 = LINE('',#1431,#1432);
#1431 = CARTESIAN_POINT('',(0.,-17.5));
#1432 = VECTOR('',#1433,1.);
#1433 = DIRECTION('',(1.,0.));
#1434 = ( GEOMETRIC_REPRESENTATION_CONTEXT(2) 
PARAMETRIC_REPRESENTATION_CONTEXT() REPRESENTATION_CONTEXT('2D SPACE',''
  ) );
#1435 = ORIENTED_EDGE('',*,*,#1436,.F.);
#1436 = EDGE_CURVE('52@1_59_6',#1437,#1414,#1439,.T.);
#1437 = VERTEX_POINT('52@1_47_7',#1438);
#1438 = CARTESIAN_POINT('',(-43.53328311,17.5,-25.99999962));
#1439 = SURFACE_CURVE('',#1440,(#1444,#1451),.PCURVE_S1.);
#1440 = LINE('',#1441,#1442);
#1441 = CARTESIAN_POINT('',(-41.73328311,17.5,-25.99999962));
#1442 = VECTOR('',#1443,1.);
#1443 = DIRECTION('',(1.,-0.,0.));
#1444 = PCURVE('',#474,#1445);
#1445 = DEFINITIONAL_REPRESENTATION('',(#1446),#1450);
#1446 = LINE('',#1447,#1448);
#1447 = CARTESIAN_POINT('',(-41.73328311,25.99999962));
#1448 = VECTOR('',#1449,1.);
#1449 = DIRECTION('',(1.,0.));
#1450 = ( GEOMETRIC_REPRESENTATION_CONTEXT(2) 
PARAMETRIC_REPRESENTATION_CONTEXT() REPRESENTATION_CONTEXT('2D SPACE',''
  ) );
#1451 = PCURVE('',#1452,#1457);
#1452 = PLANE('',#1453);
#1453 = AXIS2_PLACEMENT_3D('',#1454,#1455,#1456);
#1454 = CARTESIAN_POINT('',(-41.73328311,16.5,-26.99999962));
#1455 = DIRECTION('',(0.,0.707106781187,-0.707106781187));
#1456 = DIRECTION('',(-1.,0.,-0.));
#1457 = DEFINITIONAL_REPRESENTATION('',(#1458),#1462);
#1458 = LINE('',#1459,#1460);
#1459 = CARTESIAN_POINT('',(-0.,1.414213562373));
#1460 = VECTOR('',#1461,1.);
#1461 = DIRECTION('',(-1.,0.));
#1462 = ( GEOMETRIC_REPRESENTATION_CONTEXT(2) 
PARAMETRIC_REPRESENTATION_CONTEXT() REPRESENTATION_CONTEXT('2D SPACE',''
  ) );
#1463 = ORIENTED_EDGE('',*,*,#1464,.T.);
#1464 = EDGE_CURVE('52@1_61_6',#1437,#1465,#1467,.T.);
#1465 = VERTEX_POINT('52@1_49_7',#1466);
#1466 = CARTESIAN_POINT('',(-44.49999406,17.5,-25.99999962));
#1467 = SURFACE_CURVE('',#1468,(#1472,#1479),.PCURVE_S1.);
#1468 = LINE('',#1469,#1470);
#1469 = CARTESIAN_POINT('',(47.50000594,17.5,-25.99999962));
#1470 = VECTOR('',#1471,1.);
#1471 = DIRECTION('',(-1.,0.,-0.));
#1472 = PCURVE('',#474,#1473);
#1473 = DEFINITIONAL_REPRESENTATION('',(#1474),#1478);
#1474 = LINE('',#1475,#1476);
#1475 = CARTESIAN_POINT('',(47.50000594,25.99999962));
#1476 = VECTOR('',#1477,1.);
#1477 = DIRECTION('',(-1.,0.));
#1478 = ( GEOMETRIC_REPRESENTATION_CONTEXT(2) 
PARAMETRIC_REPRESENTATION_CONTEXT() REPRESENTATION_CONTEXT('2D SPACE',''
  ) );
#1479 = PCURVE('',#1005,#1480);
#1480 = DEFINITIONAL_REPRESENTATION('',(#1481),#1485);
#1481 = LINE('',#1482,#1483);
#1482 = CARTESIAN_POINT('',(0.,-17.5));
#1483 = VECTOR('',#1484,1.);
#1484 = DIRECTION('',(1.,0.));
#1485 = ( GEOMETRIC_REPRESENTATION_CONTEXT(2) 
PARAMETRIC_REPRESENTATION_CONTEXT() REPRESENTATION_CONTEXT('2D SPACE',''
  ) );
#1486 = ORIENTED_EDGE('',*,*,#1487,.T.);
#1487 = EDGE_CURVE('52@1_62_6',#1465,#1488,#1490,.T.);
#1488 = VERTEX_POINT('52@1_48_7',#1489);
#1489 = CARTESIAN_POINT('',(-44.49999406,17.5,26.00000038));
#1490 = SURFACE_CURVE('',#1491,(#1495,#1502),.PCURVE_S1.);
#1491 = LINE('',#1492,#1493);
#1492 = CARTESIAN_POINT('',(-44.49999406,17.5,-25.99999962));
#1493 = VECTOR('',#1494,1.);
#1494 = DIRECTION('',(0.,0.,1.));
#1495 = PCURVE('',#474,#1496);
#1496 = DEFINITIONAL_REPRESENTATION('',(#1497),#1501);
#1497 = LINE('',#1498,#1499);
#1498 = CARTESIAN_POINT('',(-44.49999406,25.99999962));
#1499 = VECTOR('',#1500,1.);
#1500 = DIRECTION('',(0.,-1.));
#1501 = ( GEOMETRIC_REPRESENTATION_CONTEXT(2) 
PARAMETRIC_REPRESENTATION_CONTEXT() REPRESENTATION_CONTEXT('2D SPACE',''
  ) );
#1502 = PCURVE('',#1503,#1508);
#1503 = PLANE('',#1504);
#1504 = AXIS2_PLACEMENT_3D('',#1505,#1506,#1507);
#1505 = CARTESIAN_POINT('',(-45.99999406,16.,-25.99999962));
#1506 = DIRECTION('',(0.707106781187,-0.707106781187,0.));
#1507 = DIRECTION('',(0.,0.,1.));
#1508 = DEFINITIONAL_REPRESENTATION('',(#1509),#1513);
#1509 = LINE('',#1510,#1511);
#1510 = CARTESIAN_POINT('',(0.,-2.12132034356));
#1511 = VECTOR('',#1512,1.);
#1512 = DIRECTION('',(1.,0.));
#1513 = ( GEOMETRIC_REPRESENTATION_CONTEXT(2) 
PARAMETRIC_REPRESENTATION_CONTEXT() REPRESENTATION_CONTEXT('2D SPACE',''
  ) );
#1514 = ORIENTED_EDGE('',*,*,#1515,.T.);
#1515 = EDGE_CURVE('52@1_60_6',#1488,#1516,#1518,.T.);
#1516 = VERTEX_POINT('52@1_46_7',#1517);
#1517 = CARTESIAN_POINT('',(-43.51716824,17.5,26.00000038));
#1518 = SURFACE_CURVE('',#1519,(#1523,#1530),.PCURVE_S1.);
#1519 = LINE('',#1520,#1521);
#1520 = CARTESIAN_POINT('',(-47.49999406,17.5,26.00000038));
#1521 = VECTOR('',#1522,1.);
#1522 = DIRECTION('',(1.,0.,0.));
#1523 = PCURVE('',#474,#1524);
#1524 = DEFINITIONAL_REPRESENTATION('',(#1525),#1529);
#1525 = LINE('',#1526,#1527);
#1526 = CARTESIAN_POINT('',(-47.49999406,-26.00000038));
#1527 = VECTOR('',#1528,1.);
#1528 = DIRECTION('',(1.,0.));
#1529 = ( GEOMETRIC_REPRESENTATION_CONTEXT(2) 
PARAMETRIC_REPRESENTATION_CONTEXT() REPRESENTATION_CONTEXT('2D SPACE',''
  ) );
#1530 = PCURVE('',#1531,#1536);
#1531 = PLANE('',#1532);
#1532 = AXIS2_PLACEMENT_3D('',#1533,#1534,#1535);
#1533 = CARTESIAN_POINT('',(-47.49999406,0.,26.00000038));
#1534 = DIRECTION('',(0.,0.,-1.));
#1535 = DIRECTION('',(1.,0.,0.));
#1536 = DEFINITIONAL_REPRESENTATION('',(#1537),#1541);
#1537 = LINE('',#1538,#1539);
#1538 = CARTESIAN_POINT('',(0.,-17.5));
#1539 = VECTOR('',#1540,1.);
#1540 = DIRECTION('',(1.,0.));
#1541 = ( GEOMETRIC_REPRESENTATION_CONTEXT(2) 
PARAMETRIC_REPRESENTATION_CONTEXT() REPRESENTATION_CONTEXT('2D SPACE',''
  ) );
#1542 = ORIENTED_EDGE('',*,*,#1543,.F.);
#1543 = EDGE_CURVE('52@1_58_6',#1544,#1516,#1546,.T.);
#1544 = VERTEX_POINT('52@1_44_7',#1545);
#1545 = CARTESIAN_POINT('',(-14.02496164,17.5,26.00000038));
#1546 = SURFACE_CURVE('',#1547,(#1551,#1558),.PCURVE_S1.);
#1547 = LINE('',#1548,#1549);
#1548 = CARTESIAN_POINT('',(-15.82496164,17.5,26.00000038));
#1549 = VECTOR('',#1550,1.);
#1550 = DIRECTION('',(-1.,0.,0.));
#1551 = PCURVE('',#474,#1552);
#1552 = DEFINITIONAL_REPRESENTATION('',(#1553),#1557);
#1553 = LINE('',#1554,#1555);
#1554 = CARTESIAN_POINT('',(-15.82496164,-26.00000038));
#1555 = VECTOR('',#1556,1.);
#1556 = DIRECTION('',(-1.,0.));
#1557 = ( GEOMETRIC_REPRESENTATION_CONTEXT(2) 
PARAMETRIC_REPRESENTATION_CONTEXT() REPRESENTATION_CONTEXT('2D SPACE',''
  ) );
#1558 = PCURVE('',#1559,#1564);
#1559 = PLANE('',#1560);
#1560 = AXIS2_PLACEMENT_3D('',#1561,#1562,#1563);
#1561 = CARTESIAN_POINT('',(-15.82496164,16.5,27.00000038));
#1562 = DIRECTION('',(0.,0.707106781187,0.707106781187));
#1563 = DIRECTION('',(-1.,0.,0.));
#1564 = DEFINITIONAL_REPRESENTATION('',(#1565),#1569);
#1565 = LINE('',#1566,#1567);
#1566 = CARTESIAN_POINT('',(0.,-1.414213562373));
#1567 = VECTOR('',#1568,1.);
#1568 = DIRECTION('',(1.,0.));
#1569 = ( GEOMETRIC_REPRESENTATION_CONTEXT(2) 
PARAMETRIC_REPRESENTATION_CONTEXT() REPRESENTATION_CONTEXT('2D SPACE',''
  ) );
#1570 = ORIENTED_EDGE('',*,*,#1571,.T.);
#1571 = EDGE_CURVE('52@1_56_6',#1544,#1572,#1574,.T.);
#1572 = VERTEX_POINT('52@1_43_7',#1573);
#1573 = CARTESIAN_POINT('',(12.33402952,17.5,26.00000038));
#1574 = SURFACE_CURVE('',#1575,(#1579,#1586),.PCURVE_S1.);
#1575 = LINE('',#1576,#1577);
#1576 = CARTESIAN_POINT('',(-47.49999406,17.5,26.00000038));
#1577 = VECTOR('',#1578,1.);
#1578 = DIRECTION('',(1.,0.,0.));
#1579 = PCURVE('',#474,#1580);
#1580 = DEFINITIONAL_REPRESENTATION('',(#1581),#1585);
#1581 = LINE('',#1582,#1583);
#1582 = CARTESIAN_POINT('',(-47.49999406,-26.00000038));
#1583 = VECTOR('',#1584,1.);
#1584 = DIRECTION('',(1.,0.));
#1585 = ( GEOMETRIC_REPRESENTATION_CONTEXT(2) 
PARAMETRIC_REPRESENTATION_CONTEXT() REPRESENTATION_CONTEXT('2D SPACE',''
  ) );
#1586 = PCURVE('',#1587,#1592);
#1587 = PLANE('',#1588);
#1588 = AXIS2_PLACEMENT_3D('',#1589,#1590,#1591);
#1589 = CARTESIAN_POINT('',(-47.49999406,0.,26.00000038));
#1590 = DIRECTION('',(0.,0.,-1.));
#1591 = DIRECTION('',(1.,0.,0.));
#1592 = DEFINITIONAL_REPRESENTATION('',(#1593),#1597);
#1593 = LINE('',#1594,#1595);
#1594 = CARTESIAN_POINT('',(0.,-17.5));
#1595 = VECTOR('',#1596,1.);
#1596 = DIRECTION('',(1.,0.));
#1597 = ( GEOMETRIC_REPRESENTATION_CONTEXT(2) 
PARAMETRIC_REPRESENTATION_CONTEXT() REPRESENTATION_CONTEXT('2D SPACE',''
  ) );
#1598 = ORIENTED_EDGE('',*,*,#1599,.F.);
#1599 = EDGE_CURVE('52@1_55_6',#1600,#1572,#1602,.T.);
#1600 = VERTEX_POINT('52@1_42_7',#1601);
#1601 = CARTESIAN_POINT('',(41.01484584,17.5,26.00000038));
#1602 = SURFACE_CURVE('',#1603,(#1607,#1614),.PCURVE_S1.);
#1603 = LINE('',#1604,#1605);
#1604 = CARTESIAN_POINT('',(39.21484584,17.5,26.00000038));
#1605 = VECTOR('',#1606,1.);
#1606 = DIRECTION('',(-1.,0.,0.));
#1607 = PCURVE('',#474,#1608);
#1608 = DEFINITIONAL_REPRESENTATION('',(#1609),#1613);
#1609 = LINE('',#1610,#1611);
#1610 = CARTESIAN_POINT('',(39.21484584,-26.00000038));
#1611 = VECTOR('',#1612,1.);
#1612 = DIRECTION('',(-1.,0.));
#1613 = ( GEOMETRIC_REPRESENTATION_CONTEXT(2) 
PARAMETRIC_REPRESENTATION_CONTEXT() REPRESENTATION_CONTEXT('2D SPACE',''
  ) );
#1614 = PCURVE('',#1615,#1620);
#1615 = PLANE('',#1616);
#1616 = AXIS2_PLACEMENT_3D('',#1617,#1618,#1619);
#1617 = CARTESIAN_POINT('',(39.21484584,16.5,27.00000038));
#1618 = DIRECTION('',(0.,0.707106781187,0.707106781187));
#1619 = DIRECTION('',(-1.,0.,0.));
#1620 = DEFINITIONAL_REPRESENTATION('',(#1621),#1625);
#1621 = LINE('',#1622,#1623);
#1622 = CARTESIAN_POINT('',(0.,-1.414213562373));
#1623 = VECTOR('',#1624,1.);
#1624 = DIRECTION('',(1.,0.));
#1625 = ( GEOMETRIC_REPRESENTATION_CONTEXT(2) 
PARAMETRIC_REPRESENTATION_CONTEXT() REPRESENTATION_CONTEXT('2D SPACE',''
  ) );
#1626 = ORIENTED_EDGE('',*,*,#1627,.T.);
#1627 = EDGE_CURVE('52@1_54_6',#1600,#1628,#1630,.T.);
#1628 = VERTEX_POINT('52@1_41_7',#1629);
#1629 = CARTESIAN_POINT('',(41.01484584,17.5,24.00000038));
#1630 = SURFACE_CURVE('',#1631,(#1635,#1642),.PCURVE_S1.);
#1631 = LINE('',#1632,#1633);
#1632 = CARTESIAN_POINT('',(41.01484584,17.5,13.00000019));
#1633 = VECTOR('',#1634,1.);
#1634 = DIRECTION('',(-0.,0.,-1.));
#1635 = PCURVE('',#474,#1636);
#1636 = DEFINITIONAL_REPRESENTATION('',(#1637),#1641);
#1637 = LINE('',#1638,#1639);
#1638 = CARTESIAN_POINT('',(41.01484584,-13.00000019));
#1639 = VECTOR('',#1640,1.);
#1640 = DIRECTION('',(0.,1.));
#1641 = ( GEOMETRIC_REPRESENTATION_CONTEXT(2) 
PARAMETRIC_REPRESENTATION_CONTEXT() REPRESENTATION_CONTEXT('2D SPACE',''
  ) );
#1642 = PCURVE('',#1643,#1648);
#1643 = PLANE('',#1644);
#1644 = AXIS2_PLACEMENT_3D('',#1645,#1646,#1647);
#1645 = CARTESIAN_POINT('',(41.01484584,0.,26.00000038));
#1646 = DIRECTION('',(-1.,0.,0.));
#1647 = DIRECTION('',(0.,1.,0.));
#1648 = DEFINITIONAL_REPRESENTATION('',(#1649),#1653);
#1649 = LINE('',#1650,#1651);
#1650 = CARTESIAN_POINT('',(17.5,13.00000019));
#1651 = VECTOR('',#1652,1.);
#1652 = DIRECTION('',(0.,1.));
#1653 = ( GEOMETRIC_REPRESENTATION_CONTEXT(2) 
PARAMETRIC_REPRESENTATION_CONTEXT() REPRESENTATION_CONTEXT('2D SPACE',''
  ) );
#1654 = ORIENTED_EDGE('',*,*,#1655,.T.);
#1655 = EDGE_CURVE('52@1_52_6',#1628,#1361,#1656,.T.);
#1656 = SURFACE_CURVE('',#1657,(#1661,#1668),.PCURVE_S1.);
#1657 = LINE('',#1658,#1659);
#1658 = CARTESIAN_POINT('',(41.01484584,17.5,24.00000038));
#1659 = VECTOR('',#1660,1.);
#1660 = DIRECTION('',(1.,0.,0.));
#1661 = PCURVE('',#474,#1662);
#1662 = DEFINITIONAL_REPRESENTATION('',(#1663),#1667);
#1663 = LINE('',#1664,#1665);
#1664 = CARTESIAN_POINT('',(41.01484584,-24.00000038));
#1665 = VECTOR('',#1666,1.);
#1666 = DIRECTION('',(1.,0.));
#1667 = ( GEOMETRIC_REPRESENTATION_CONTEXT(2) 
PARAMETRIC_REPRESENTATION_CONTEXT() REPRESENTATION_CONTEXT('2D SPACE',''
  ) );
#1668 = PCURVE('',#1669,#1674);
#1669 = PLANE('',#1670);
#1670 = AXIS2_PLACEMENT_3D('',#1671,#1672,#1673);
#1671 = CARTESIAN_POINT('',(41.01484584,16.5,25.00000038));
#1672 = DIRECTION('',(0.,-0.707106781187,-0.707106781187));
#1673 = DIRECTION('',(1.,0.,0.));
#1674 = DEFINITIONAL_REPRESENTATION('',(#1675),#1679);
#1675 = LINE('',#1676,#1677);
#1676 = CARTESIAN_POINT('',(0.,-1.414213562373));
#1677 = VECTOR('',#1678,1.);
#1678 = DIRECTION('',(1.,0.));
#1679 = ( GEOMETRIC_REPRESENTATION_CONTEXT(2) 
PARAMETRIC_REPRESENTATION_CONTEXT() REPRESENTATION_CONTEXT('2D SPACE',''
  ) );
#1680 = ADVANCED_FACE('52@1_14_4',(#1681),#555,.F.);
#1681 = FACE_BOUND('',#1682,.F.);
#1682 = EDGE_LOOP('52@',(#1683,#1706,#1727,#1728));
#1683 = ORIENTED_EDGE('',*,*,#1684,.F.);
#1684 = EDGE_CURVE('52@1_63_6',#1685,#1176,#1687,.T.);
#1685 = VERTEX_POINT('52@1_50_7',#1686);
#1686 = CARTESIAN_POINT('',(44.50000594,15.5,-25.99999962));
#1687 = SURFACE_CURVE('',#1688,(#1692,#1699),.PCURVE_S1.);
#1688 = LINE('',#1689,#1690);
#1689 = CARTESIAN_POINT('',(44.50000594,17.5,-25.99999962));
#1690 = VECTOR('',#1691,1.);
#1691 = DIRECTION('',(0.,-1.,0.));
#1692 = PCURVE('',#555,#1693);
#1693 = DEFINITIONAL_REPRESENTATION('',(#1694),#1698);
#1694 = LINE('',#1695,#1696);
#1695 = CARTESIAN_POINT('',(3.,-17.5));
#1696 = VECTOR('',#1697,1.);
#1697 = DIRECTION('',(-0.,1.));
#1698 = ( GEOMETRIC_REPRESENTATION_CONTEXT(2) 
PARAMETRIC_REPRESENTATION_CONTEXT() REPRESENTATION_CONTEXT('2D SPACE',''
  ) );
#1699 = PCURVE('',#1191,#1700);
#1700 = DEFINITIONAL_REPRESENTATION('',(#1701),#1705);
#1701 = LINE('',#1702,#1703);
#1702 = CARTESIAN_POINT('',(-0.,2.12132034356));
#1703 = VECTOR('',#1704,1.);
#1704 = DIRECTION('',(1.,0.));
#1705 = ( GEOMETRIC_REPRESENTATION_CONTEXT(2) 
PARAMETRIC_REPRESENTATION_CONTEXT() REPRESENTATION_CONTEXT('2D SPACE',''
  ) );
#1706 = ORIENTED_EDGE('',*,*,#1707,.T.);
#1707 = EDGE_CURVE('52@1_64_6',#1685,#540,#1708,.T.);
#1708 = SURFACE_CURVE('',#1709,(#1713,#1720),.PCURVE_S1.);
#1709 = LINE('',#1710,#1711);
#1710 = CARTESIAN_POINT('',(44.50000594,15.5,-25.99999962));
#1711 = VECTOR('',#1712,1.);
#1712 = DIRECTION('',(-1.,0.,-0.));
#1713 = PCURVE('',#555,#1714);
#1714 = DEFINITIONAL_REPRESENTATION('',(#1715),#1719);
#1715 = LINE('',#1716,#1717);
#1716 = CARTESIAN_POINT('',(3.,-15.5));
#1717 = VECTOR('',#1718,1.);
#1718 = DIRECTION('',(1.,0.));
#1719 = ( GEOMETRIC_REPRESENTATION_CONTEXT(2) 
PARAMETRIC_REPRESENTATION_CONTEXT() REPRESENTATION_CONTEXT('2D SPACE',''
  ) );
#1720 = PCURVE('',#583,#1721);
#1721 = DEFINITIONAL_REPRESENTATION('',(#1722),#1726);
#1722 = LINE('',#1723,#1724);
#1723 = CARTESIAN_POINT('',(-0.,-1.414213562373));
#1724 = VECTOR('',#1725,1.);
#1725 = DIRECTION('',(-1.,0.));
#1726 = ( GEOMETRIC_REPRESENTATION_CONTEXT(2) 
PARAMETRIC_REPRESENTATION_CONTEXT() REPRESENTATION_CONTEXT('2D SPACE',''
  ) );
#1727 = ORIENTED_EDGE('',*,*,#539,.T.);
#1728 = ORIENTED_EDGE('',*,*,#1203,.F.);
#1729 = ADVANCED_FACE('52@1_15_4',(#1730),#583,.F.);
#1730 = FACE_BOUND('',#1731,.T.);
#1731 = EDGE_LOOP('52@',(#1732,#1755,#1756,#1757,#1758));
#1732 = ORIENTED_EDGE('',*,*,#1733,.F.);
#1733 = EDGE_CURVE('52@1_65_6',#1685,#1734,#1736,.T.);
#1734 = VERTEX_POINT('52@1_51_7',#1735);
#1735 = CARTESIAN_POINT('',(45.50000594,16.5,-24.99999962));
#1736 = SURFACE_CURVE('',#1737,(#1741,#1748),.PCURVE_S1.);
#1737 = LINE('',#1738,#1739);
#1738 = CARTESIAN_POINT('',(45.666672606667,16.666666666667,
    -24.83333295333));
#1739 = VECTOR('',#1740,1.);
#1740 = DIRECTION('',(0.57735026919,0.57735026919,0.57735026919));
#1741 = PCURVE('',#583,#1742);
#1742 = DEFINITIONAL_REPRESENTATION('',(#1743),#1747);
#1743 = LINE('',#1744,#1745);
#1744 = CARTESIAN_POINT('',(1.166666666667,0.235702260396));
#1745 = VECTOR('',#1746,1.);
#1746 = DIRECTION('',(0.57735026919,0.816496580928));
#1747 = ( GEOMETRIC_REPRESENTATION_CONTEXT(2) 
PARAMETRIC_REPRESENTATION_CONTEXT() REPRESENTATION_CONTEXT('2D SPACE',''
  ) );
#1748 = PCURVE('',#1191,#1749);
#1749 = DEFINITIONAL_REPRESENTATION('',(#1750),#1754);
#1750 = LINE('',#1751,#1752);
#1751 = CARTESIAN_POINT('',(0.833333333333,0.471404520791));
#1752 = VECTOR('',#1753,1.);
#1753 = DIRECTION('',(-0.57735026919,-0.816496580928));
#1754 = ( GEOMETRIC_REPRESENTATION_CONTEXT(2) 
PARAMETRIC_REPRESENTATION_CONTEXT() REPRESENTATION_CONTEXT('2D SPACE',''
  ) );
#1755 = ORIENTED_EDGE('',*,*,#1707,.T.);
#1756 = ORIENTED_EDGE('',*,*,#567,.T.);
#1757 = ORIENTED_EDGE('',*,*,#1390,.F.);
#1758 = ORIENTED_EDGE('',*,*,#1759,.F.);
#1759 = EDGE_CURVE('52@1_66_6',#1734,#1363,#1760,.T.);
#1760 = SURFACE_CURVE('',#1761,(#1765,#1772),.PCURVE_S1.);
#1761 = LINE('',#1762,#1763);
#1762 = CARTESIAN_POINT('',(37.00000594,25.,-16.49999962));
#1763 = VECTOR('',#1764,1.);
#1764 = DIRECTION('',(-0.57735026919,0.57735026919,0.57735026919));
#1765 = PCURVE('',#583,#1766);
#1766 = DEFINITIONAL_REPRESENTATION('',(#1767),#1771);
#1767 = LINE('',#1768,#1769);
#1768 = CARTESIAN_POINT('',(-7.5,12.020815280171));
#1769 = VECTOR('',#1770,1.);
#1770 = DIRECTION('',(-0.57735026919,0.816496580928));
#1771 = ( GEOMETRIC_REPRESENTATION_CONTEXT(2) 
PARAMETRIC_REPRESENTATION_CONTEXT() REPRESENTATION_CONTEXT('2D SPACE',''
  ) );
#1772 = PCURVE('',#1378,#1773);
#1773 = DEFINITIONAL_REPRESENTATION('',(#1774),#1778);
#1774 = LINE('',#1775,#1776);
#1775 = CARTESIAN_POINT('',(42.5,-12.72792206135));
#1776 = VECTOR('',#1777,1.);
#1777 = DIRECTION('',(-0.57735026919,-0.816496580928));
#1778 = ( GEOMETRIC_REPRESENTATION_CONTEXT(2) 
PARAMETRIC_REPRESENTATION_CONTEXT() REPRESENTATION_CONTEXT('2D SPACE',''
  ) );
#1779 = ADVANCED_FACE('52@1_16_4',(#1780),#687,.F.);
#1780 = FACE_BOUND('',#1781,.F.);
#1781 = EDGE_LOOP('52@',(#1782,#1812,#1833,#1834,#1835,#1836,#1837,#1838
    ,#1859,#1860,#1883,#1911));
#1782 = ORIENTED_EDGE('',*,*,#1783,.T.);
#1783 = EDGE_CURVE('52@1_67_6',#1784,#1786,#1788,.T.);
#1784 = VERTEX_POINT('52@1_52_7',#1785);
#1785 = CARTESIAN_POINT('',(14.30875714,16.,-25.99999962));
#1786 = VERTEX_POINT('52@1_53_7',#1787);
#1787 = CARTESIAN_POINT('',(38.85923952,16.,-25.99999962));
#1788 = SURFACE_CURVE('',#1789,(#1793,#1800),.PCURVE_S1.);
#1789 = LINE('',#1790,#1791);
#1790 = CARTESIAN_POINT('',(23.75000297,16.,-25.99999962));
#1791 = VECTOR('',#1792,1.);
#1792 = DIRECTION('',(1.,-0.,0.));
#1793 = PCURVE('',#687,#1794);
#1794 = DEFINITIONAL_REPRESENTATION('',(#1795),#1799);
#1795 = LINE('',#1796,#1797);
#1796 = CARTESIAN_POINT('',(23.75000297,-16.));
#1797 = VECTOR('',#1798,1.);
#1798 = DIRECTION('',(1.,0.));
#1799 = ( GEOMETRIC_REPRESENTATION_CONTEXT(2) 
PARAMETRIC_REPRESENTATION_CONTEXT() REPRESENTATION_CONTEXT('2D SPACE',''
  ) );
#1800 = PCURVE('',#1801,#1806);
#1801 = PLANE('',#1802);
#1802 = AXIS2_PLACEMENT_3D('',#1803,#1804,#1805);
#1803 = CARTESIAN_POINT('',(0.,16.,0.));
#1804 = DIRECTION('',(-0.,-1.,-0.));
#1805 = DIRECTION('',(-1.,0.,0.));
#1806 = DEFINITIONAL_REPRESENTATION('',(#1807),#1811);
#1807 = LINE('',#1808,#1809);
#1808 = CARTESIAN_POINT('',(-23.75000297,25.99999962));
#1809 = VECTOR('',#1810,1.);
#1810 = DIRECTION('',(-1.,0.));
#1811 = ( GEOMETRIC_REPRESENTATION_CONTEXT(2) 
PARAMETRIC_REPRESENTATION_CONTEXT() REPRESENTATION_CONTEXT('2D SPACE',''
  ) );
#1812 = ORIENTED_EDGE('',*,*,#1813,.T.);
#1813 = EDGE_CURVE('52@1_72_6',#1786,#796,#1814,.T.);
#1814 = SURFACE_CURVE('',#1815,(#1819,#1826),.PCURVE_S1.);
#1815 = LINE('',#1816,#1817);
#1816 = CARTESIAN_POINT('',(38.85923952,0.,-25.99999962));
#1817 = VECTOR('',#1818,1.);
#1818 = DIRECTION('',(0.,-1.,0.));
#1819 = PCURVE('',#687,#1820);
#1820 = DEFINITIONAL_REPRESENTATION('',(#1821),#1825);
#1821 = LINE('',#1822,#1823);
#1822 = CARTESIAN_POINT('',(38.85923952,0.));
#1823 = VECTOR('',#1824,1.);
#1824 = DIRECTION('',(0.,1.));
#1825 = ( GEOMETRIC_REPRESENTATION_CONTEXT(2) 
PARAMETRIC_REPRESENTATION_CONTEXT() REPRESENTATION_CONTEXT('2D SPACE',''
  ) );
#1826 = PCURVE('',#835,#1827);
#1827 = DEFINITIONAL_REPRESENTATION('',(#1828),#1832);
#1828 = LINE('',#1829,#1830);
#1829 = CARTESIAN_POINT('',(1.99999962,0.));
#1830 = VECTOR('',#1831,1.);
#1831 = DIRECTION('',(0.,1.));
#1832 = ( GEOMETRIC_REPRESENTATION_CONTEXT(2) 
PARAMETRIC_REPRESENTATION_CONTEXT() REPRESENTATION_CONTEXT('2D SPACE',''
  ) );
#1833 = ORIENTED_EDGE('',*,*,#795,.F.);
#1834 = ORIENTED_EDGE('',*,*,#1308,.T.);
#1835 = ORIENTED_EDGE('',*,*,#671,.T.);
#1836 = ORIENTED_EDGE('',*,*,#725,.T.);
#1837 = ORIENTED_EDGE('',*,*,#904,.F.);
#1838 = ORIENTED_EDGE('',*,*,#1839,.T.);
#1839 = EDGE_CURVE('52@1_71_6',#877,#1102,#1840,.T.);
#1840 = SURFACE_CURVE('',#1841,(#1845,#1852),.PCURVE_S1.);
#1841 = LINE('',#1842,#1843);
#1842 = CARTESIAN_POINT('',(38.85923952,0.,-25.99999962));
#1843 = VECTOR('',#1844,1.);
#1844 = DIRECTION('',(0.,-1.,0.));
#1845 = PCURVE('',#687,#1846);
#1846 = DEFINITIONAL_REPRESENTATION('',(#1847),#1851);
#1847 = LINE('',#1848,#1849);
#1848 = CARTESIAN_POINT('',(38.85923952,0.));
#1849 = VECTOR('',#1850,1.);
#1850 = DIRECTION('',(0.,1.));
#1851 = ( GEOMETRIC_REPRESENTATION_CONTEXT(2) 
PARAMETRIC_REPRESENTATION_CONTEXT() REPRESENTATION_CONTEXT('2D SPACE',''
  ) );
#1852 = PCURVE('',#892,#1853);
#1853 = DEFINITIONAL_REPRESENTATION('',(#1854),#1858);
#1854 = LINE('',#1855,#1856);
#1855 = CARTESIAN_POINT('',(1.99999962,0.));
#1856 = VECTOR('',#1857,1.);
#1857 = DIRECTION('',(0.,1.));
#1858 = ( GEOMETRIC_REPRESENTATION_CONTEXT(2) 
PARAMETRIC_REPRESENTATION_CONTEXT() REPRESENTATION_CONTEXT('2D SPACE',''
  ) );
#1859 = ORIENTED_EDGE('',*,*,#1101,.T.);
#1860 = ORIENTED_EDGE('',*,*,#1861,.T.);
#1861 = EDGE_CURVE('52@1_70_6',#1074,#1862,#1864,.T.);
#1862 = VERTEX_POINT('52@1_55_7',#1863);
#1863 = CARTESIAN_POINT('',(38.85923767,3.,-25.99999962));
#1864 = SURFACE_CURVE('',#1865,(#1869,#1876),.PCURVE_S1.);
#1865 = LINE('',#1866,#1867);
#1866 = CARTESIAN_POINT('',(38.85923767,0.,-25.99999962));
#1867 = VECTOR('',#1868,1.);
#1868 = DIRECTION('',(0.,1.,0.));
#1869 = PCURVE('',#687,#1870);
#1870 = DEFINITIONAL_REPRESENTATION('',(#1871),#1875);
#1871 = LINE('',#1872,#1873);
#1872 = CARTESIAN_POINT('',(38.85923767,0.));
#1873 = VECTOR('',#1874,1.);
#1874 = DIRECTION('',(0.,-1.));
#1875 = ( GEOMETRIC_REPRESENTATION_CONTEXT(2) 
PARAMETRIC_REPRESENTATION_CONTEXT() REPRESENTATION_CONTEXT('2D SPACE',''
  ) );
#1876 = PCURVE('',#1089,#1877);
#1877 = DEFINITIONAL_REPRESENTATION('',(#1878),#1882);
#1878 = LINE('',#1879,#1880);
#1879 = CARTESIAN_POINT('',(0.,0.));
#1880 = VECTOR('',#1881,1.);
#1881 = DIRECTION('',(0.,-1.));
#1882 = ( GEOMETRIC_REPRESENTATION_CONTEXT(2) 
PARAMETRIC_REPRESENTATION_CONTEXT() REPRESENTATION_CONTEXT('2D SPACE',''
  ) );
#1883 = ORIENTED_EDGE('',*,*,#1884,.F.);
#1884 = EDGE_CURVE('52@1_69_6',#1885,#1862,#1887,.T.);
#1885 = VERTEX_POINT('52@1_54_7',#1886);
#1886 = CARTESIAN_POINT('',(14.30875683,3.,-25.99999962));
#1887 = SURFACE_CURVE('',#1888,(#1892,#1899),.PCURVE_S1.);
#1888 = LINE('',#1889,#1890);
#1889 = CARTESIAN_POINT('',(14.30875683,3.,-25.99999962));
#1890 = VECTOR('',#1891,1.);
#1891 = DIRECTION('',(1.,0.,-0.));
#1892 = PCURVE('',#687,#1893);
#1893 = DEFINITIONAL_REPRESENTATION('',(#1894),#1898);
#1894 = LINE('',#1895,#1896);
#1895 = CARTESIAN_POINT('',(14.30875683,-3.));
#1896 = VECTOR('',#1897,1.);
#1897 = DIRECTION('',(1.,0.));
#1898 = ( GEOMETRIC_REPRESENTATION_CONTEXT(2) 
PARAMETRIC_REPRESENTATION_CONTEXT() REPRESENTATION_CONTEXT('2D SPACE',''
  ) );
#1899 = PCURVE('',#1900,#1905);
#1900 = PLANE('',#1901);
#1901 = AXIS2_PLACEMENT_3D('',#1902,#1903,#1904);
#1902 = CARTESIAN_POINT('',(0.,3.,0.));
#1903 = DIRECTION('',(-0.,-1.,-0.));
#1904 = DIRECTION('',(-1.,0.,0.));
#1905 = DEFINITIONAL_REPRESENTATION('',(#1906),#1910);
#1906 = LINE('',#1907,#1908);
#1907 = CARTESIAN_POINT('',(-14.30875683,25.99999962));
#1908 = VECTOR('',#1909,1.);
#1909 = DIRECTION('',(-1.,0.));
#1910 = ( GEOMETRIC_REPRESENTATION_CONTEXT(2) 
PARAMETRIC_REPRESENTATION_CONTEXT() REPRESENTATION_CONTEXT('2D SPACE',''
  ) );
#1911 = ORIENTED_EDGE('',*,*,#1912,.T.);
#1912 = EDGE_CURVE('52@1_68_6',#1885,#1784,#1913,.T.);
#1913 = SURFACE_CURVE('',#1914,(#1918,#1925),.PCURVE_S1.);
#1914 = LINE('',#1915,#1916);
#1915 = CARTESIAN_POINT('',(14.30875714,0.,-25.99999962));
#1916 = VECTOR('',#1917,1.);
#1917 = DIRECTION('',(0.,1.,0.));
#1918 = PCURVE('',#687,#1919);
#1919 = DEFINITIONAL_REPRESENTATION('',(#1920),#1924);
#1920 = LINE('',#1921,#1922);
#1921 = CARTESIAN_POINT('',(14.30875714,0.));
#1922 = VECTOR('',#1923,1.);
#1923 = DIRECTION('',(0.,-1.));
#1924 = ( GEOMETRIC_REPRESENTATION_CONTEXT(2) 
PARAMETRIC_REPRESENTATION_CONTEXT() REPRESENTATION_CONTEXT('2D SPACE',''
  ) );
#1925 = PCURVE('',#1926,#1931);
#1926 = PLANE('',#1927);
#1927 = AXIS2_PLACEMENT_3D('',#1928,#1929,#1930);
#1928 = CARTESIAN_POINT('',(14.30875714,0.,-28.69704292));
#1929 = DIRECTION('',(1.,-0.,0.));
#1930 = DIRECTION('',(-0.,0.,1.));
#1931 = DEFINITIONAL_REPRESENTATION('',(#1932),#1936);
#1932 = LINE('',#1933,#1934);
#1933 = CARTESIAN_POINT('',(2.6970433,0.));
#1934 = VECTOR('',#1935,1.);
#1935 = DIRECTION('',(0.,-1.));
#1936 = ( GEOMETRIC_REPRESENTATION_CONTEXT(2) 
PARAMETRIC_REPRESENTATION_CONTEXT() REPRESENTATION_CONTEXT('2D SPACE',''
  ) );
#1937 = ADVANCED_FACE('52@1_17_4',(#1938),#835,.T.);
#1938 = FACE_BOUND('',#1939,.T.);
#1939 = EDGE_LOOP('52@',(#1940,#1941,#1964,#1992,#2013));
#1940 = ORIENTED_EDGE('',*,*,#819,.F.);
#1941 = ORIENTED_EDGE('',*,*,#1942,.T.);
#1942 = EDGE_CURVE('52@1_75_6',#820,#1943,#1945,.T.);
#1943 = VERTEX_POINT('52@1_57_7',#1944);
#1944 = CARTESIAN_POINT('',(38.85923952,15.5,-24.));
#1945 = SURFACE_CURVE('',#1946,(#1950,#1957),.PCURVE_S1.);
#1946 = LINE('',#1947,#1948);
#1947 = CARTESIAN_POINT('',(38.85923952,0.,-24.));
#1948 = VECTOR('',#1949,1.);
#1949 = DIRECTION('',(0.,1.,0.));
#1950 = PCURVE('',#835,#1951);
#1951 = DEFINITIONAL_REPRESENTATION('',(#1952),#1956);
#1952 = LINE('',#1953,#1954);
#1953 = CARTESIAN_POINT('',(0.,-0.));
#1954 = VECTOR('',#1955,1.);
#1955 = DIRECTION('',(0.,-1.));
#1956 = ( GEOMETRIC_REPRESENTATION_CONTEXT(2) 
PARAMETRIC_REPRESENTATION_CONTEXT() REPRESENTATION_CONTEXT('2D SPACE',''
  ) );
#1957 = PCURVE('',#864,#1958);
#1958 = DEFINITIONAL_REPRESENTATION('',(#1959),#1963);
#1959 = LINE('',#1960,#1961);
#1960 = CARTESIAN_POINT('',(6.64076048,0.));
#1961 = VECTOR('',#1962,1.);
#1962 = DIRECTION('',(0.,-1.));
#1963 = ( GEOMETRIC_REPRESENTATION_CONTEXT(2) 
PARAMETRIC_REPRESENTATION_CONTEXT() REPRESENTATION_CONTEXT('2D SPACE',''
  ) );
#1964 = ORIENTED_EDGE('',*,*,#1965,.T.);
#1965 = EDGE_CURVE('52@1_74_6',#1943,#1966,#1968,.T.);
#1966 = VERTEX_POINT('52@1_56_7',#1967);
#1967 = CARTESIAN_POINT('',(38.85923952,16.,-24.));
#1968 = SURFACE_CURVE('',#1969,(#1973,#1980),.PCURVE_S1.);
#1969 = LINE('',#1970,#1971);
#1970 = CARTESIAN_POINT('',(38.85923952,0.,-24.));
#1971 = VECTOR('',#1972,1.);
#1972 = DIRECTION('',(0.,1.,0.));
#1973 = PCURVE('',#835,#1974);
#1974 = DEFINITIONAL_REPRESENTATION('',(#1975),#1979);
#1975 = LINE('',#1976,#1977);
#1976 = CARTESIAN_POINT('',(0.,-0.));
#1977 = VECTOR('',#1978,1.);
#1978 = DIRECTION('',(0.,-1.));
#1979 = ( GEOMETRIC_REPRESENTATION_CONTEXT(2) 
PARAMETRIC_REPRESENTATION_CONTEXT() REPRESENTATION_CONTEXT('2D SPACE',''
  ) );
#1980 = PCURVE('',#1981,#1986);
#1981 = PLANE('',#1982);
#1982 = AXIS2_PLACEMENT_3D('',#1983,#1984,#1985);
#1983 = CARTESIAN_POINT('',(14.30875714,0.,-24.));
#1984 = DIRECTION('',(-0.,0.,-1.));
#1985 = DIRECTION('',(1.,0.,-0.));
#1986 = DEFINITIONAL_REPRESENTATION('',(#1987),#1991);
#1987 = LINE('',#1988,#1989);
#1988 = CARTESIAN_POINT('',(24.55048238,0.));
#1989 = VECTOR('',#1990,1.);
#1990 = DIRECTION('',(0.,-1.));
#1991 = ( GEOMETRIC_REPRESENTATION_CONTEXT(2) 
PARAMETRIC_REPRESENTATION_CONTEXT() REPRESENTATION_CONTEXT('2D SPACE',''
  ) );
#1992 = ORIENTED_EDGE('',*,*,#1993,.T.);
#1993 = EDGE_CURVE('52@1_73_6',#1966,#1786,#1994,.T.);
#1994 = SURFACE_CURVE('',#1995,(#1999,#2006),.PCURVE_S1.);
#1995 = LINE('',#1996,#1997);
#1996 = CARTESIAN_POINT('',(38.85923952,16.,-24.));
#1997 = VECTOR('',#1998,1.);
#1998 = DIRECTION('',(0.,0.,-1.));
#1999 = PCURVE('',#835,#2000);
#2000 = DEFINITIONAL_REPRESENTATION('',(#2001),#2005);
#2001 = LINE('',#2002,#2003);
#2002 = CARTESIAN_POINT('',(0.,-16.));
#2003 = VECTOR('',#2004,1.);
#2004 = DIRECTION('',(1.,0.));
#2005 = ( GEOMETRIC_REPRESENTATION_CONTEXT(2) 
PARAMETRIC_REPRESENTATION_CONTEXT() REPRESENTATION_CONTEXT('2D SPACE',''
  ) );
#2006 = PCURVE('',#1801,#2007);
#2007 = DEFINITIONAL_REPRESENTATION('',(#2008),#2012);
#2008 = LINE('',#2009,#2010);
#2009 = CARTESIAN_POINT('',(-38.85923952,24.));
#2010 = VECTOR('',#2011,1.);
#2011 = DIRECTION('',(0.,1.));
#2012 = ( GEOMETRIC_REPRESENTATION_CONTEXT(2) 
PARAMETRIC_REPRESENTATION_CONTEXT() REPRESENTATION_CONTEXT('2D SPACE',''
  ) );
#2013 = ORIENTED_EDGE('',*,*,#1813,.T.);
#2014 = ADVANCED_FACE('52@1_18_4',(#2015),#864,.T.);
#2015 = FACE_BOUND('',#2016,.T.);
#2016 = EDGE_LOOP('52@',(#2017,#2040,#2068,#2096,#2122,#2123));
#2017 = ORIENTED_EDGE('',*,*,#2018,.F.);
#2018 = EDGE_CURVE('52@1_76_6',#2019,#848,#2021,.T.);
#2019 = VERTEX_POINT('52@1_58_7',#2020);
#2020 = CARTESIAN_POINT('',(38.85923952,3.,-24.));
#2021 = SURFACE_CURVE('',#2022,(#2026,#2033),.PCURVE_S1.);
#2022 = LINE('',#2023,#2024);
#2023 = CARTESIAN_POINT('',(38.85923952,0.,-24.));
#2024 = VECTOR('',#2025,1.);
#2025 = DIRECTION('',(0.,1.,0.));
#2026 = PCURVE('',#864,#2027);
#2027 = DEFINITIONAL_REPRESENTATION('',(#2028),#2032);
#2028 = LINE('',#2029,#2030);
#2029 = CARTESIAN_POINT('',(6.64076048,0.));
#2030 = VECTOR('',#2031,1.);
#2031 = DIRECTION('',(0.,-1.));
#2032 = ( GEOMETRIC_REPRESENTATION_CONTEXT(2) 
PARAMETRIC_REPRESENTATION_CONTEXT() REPRESENTATION_CONTEXT('2D SPACE',''
  ) );
#2033 = PCURVE('',#892,#2034);
#2034 = DEFINITIONAL_REPRESENTATION('',(#2035),#2039);
#2035 = LINE('',#2036,#2037);
#2036 = CARTESIAN_POINT('',(0.,-0.));
#2037 = VECTOR('',#2038,1.);
#2038 = DIRECTION('',(0.,-1.));
#2039 = ( GEOMETRIC_REPRESENTATION_CONTEXT(2) 
PARAMETRIC_REPRESENTATION_CONTEXT() REPRESENTATION_CONTEXT('2D SPACE',''
  ) );
#2040 = ORIENTED_EDGE('',*,*,#2041,.T.);
#2041 = EDGE_CURVE('52@1_77_6',#2019,#2042,#2044,.T.);
#2042 = VERTEX_POINT('52@1_59_7',#2043);
#2043 = CARTESIAN_POINT('',(45.5,3.,-24.));
#2044 = SURFACE_CURVE('',#2045,(#2049,#2056),.PCURVE_S1.);
#2045 = LINE('',#2046,#2047);
#2046 = CARTESIAN_POINT('',(-46.60854381,3.,-24.));
#2047 = VECTOR('',#2048,1.);
#2048 = DIRECTION('',(1.,0.,-0.));
#2049 = PCURVE('',#864,#2050);
#2050 = DEFINITIONAL_REPRESENTATION('',(#2051),#2055);
#2051 = LINE('',#2052,#2053);
#2052 = CARTESIAN_POINT('',(92.10854381,-3.));
#2053 = VECTOR('',#2054,1.);
#2054 = DIRECTION('',(-1.,-0.));
#2055 = ( GEOMETRIC_REPRESENTATION_CONTEXT(2) 
PARAMETRIC_REPRESENTATION_CONTEXT() REPRESENTATION_CONTEXT('2D SPACE',''
  ) );
#2056 = PCURVE('',#2057,#2062);
#2057 = PLANE('',#2058);
#2058 = AXIS2_PLACEMENT_3D('',#2059,#2060,#2061);
#2059 = CARTESIAN_POINT('',(0.,3.,0.));
#2060 = DIRECTION('',(-0.,-1.,-0.));
#2061 = DIRECTION('',(-1.,0.,0.));
#2062 = DEFINITIONAL_REPRESENTATION('',(#2063),#2067);
#2063 = LINE('',#2064,#2065);
#2064 = CARTESIAN_POINT('',(46.60854381,24.));
#2065 = VECTOR('',#2066,1.);
#2066 = DIRECTION('',(-1.,0.));
#2067 = ( GEOMETRIC_REPRESENTATION_CONTEXT(2) 
PARAMETRIC_REPRESENTATION_CONTEXT() REPRESENTATION_CONTEXT('2D SPACE',''
  ) );
#2068 = ORIENTED_EDGE('',*,*,#2069,.T.);
#2069 = EDGE_CURVE('52@1_78_6',#2042,#2070,#2072,.T.);
#2070 = VERTEX_POINT('52@1_60_7',#2071);
#2071 = CARTESIAN_POINT('',(45.5,15.5,-24.));
#2072 = SURFACE_CURVE('',#2073,(#2077,#2084),.PCURVE_S1.);
#2073 = LINE('',#2074,#2075);
#2074 = CARTESIAN_POINT('',(45.5,0.,-24.));
#2075 = VECTOR('',#2076,1.);
#2076 = DIRECTION('',(0.,1.,0.));
#2077 = PCURVE('',#864,#2078);
#2078 = DEFINITIONAL_REPRESENTATION('',(#2079),#2083);
#2079 = LINE('',#2080,#2081);
#2080 = CARTESIAN_POINT('',(0.,0.));
#2081 = VECTOR('',#2082,1.);
#2082 = DIRECTION('',(0.,-1.));
#2083 = ( GEOMETRIC_REPRESENTATION_CONTEXT(2) 
PARAMETRIC_REPRESENTATION_CONTEXT() REPRESENTATION_CONTEXT('2D SPACE',''
  ) );
#2084 = PCURVE('',#2085,#2090);
#2085 = PLANE('',#2086);
#2086 = AXIS2_PLACEMENT_3D('',#2087,#2088,#2089);
#2087 = CARTESIAN_POINT('',(45.5,0.,24.));
#2088 = DIRECTION('',(-1.,0.,0.));
#2089 = DIRECTION('',(0.,0.,-1.));
#2090 = DEFINITIONAL_REPRESENTATION('',(#2091),#2095);
#2091 = LINE('',#2092,#2093);
#2092 = CARTESIAN_POINT('',(48.,0.));
#2093 = VECTOR('',#2094,1.);
#2094 = DIRECTION('',(0.,-1.));
#2095 = ( GEOMETRIC_REPRESENTATION_CONTEXT(2) 
PARAMETRIC_REPRESENTATION_CONTEXT() REPRESENTATION_CONTEXT('2D SPACE',''
  ) );
#2096 = ORIENTED_EDGE('',*,*,#2097,.T.);
#2097 = EDGE_CURVE('52@1_79_6',#2070,#1943,#2098,.T.);
#2098 = SURFACE_CURVE('',#2099,(#2103,#2110),.PCURVE_S1.);
#2099 = LINE('',#2100,#2101);
#2100 = CARTESIAN_POINT('',(45.5,15.5,-24.));
#2101 = VECTOR('',#2102,1.);
#2102 = DIRECTION('',(-1.,0.,-0.));
#2103 = PCURVE('',#864,#2104);
#2104 = DEFINITIONAL_REPRESENTATION('',(#2105),#2109);
#2105 = LINE('',#2106,#2107);
#2106 = CARTESIAN_POINT('',(0.,-15.5));
#2107 = VECTOR('',#2108,1.);
#2108 = DIRECTION('',(1.,0.));
#2109 = ( GEOMETRIC_REPRESENTATION_CONTEXT(2) 
PARAMETRIC_REPRESENTATION_CONTEXT() REPRESENTATION_CONTEXT('2D SPACE',''
  ) );
#2110 = PCURVE('',#2111,#2116);
#2111 = PLANE('',#2112);
#2112 = AXIS2_PLACEMENT_3D('',#2113,#2114,#2115);
#2113 = CARTESIAN_POINT('',(0.,15.5,0.));
#2114 = DIRECTION('',(0.,1.,0.));
#2115 = DIRECTION('',(1.,0.,0.));
#2116 = DEFINITIONAL_REPRESENTATION('',(#2117),#2121);
#2117 = LINE('',#2118,#2119);
#2118 = CARTESIAN_POINT('',(45.5,24.));
#2119 = VECTOR('',#2120,1.);
#2120 = DIRECTION('',(-1.,0.));
#2121 = ( GEOMETRIC_REPRESENTATION_CONTEXT(2) 
PARAMETRIC_REPRESENTATION_CONTEXT() REPRESENTATION_CONTEXT('2D SPACE',''
  ) );
#2122 = ORIENTED_EDGE('',*,*,#1942,.F.);
#2123 = ORIENTED_EDGE('',*,*,#847,.F.);
#2124 = ADVANCED_FACE('52@1_19_4',(#2125),#892,.T.);
#2125 = FACE_BOUND('',#2126,.T.);
#2126 = EDGE_LOOP('52@',(#2127,#2150,#2151,#2152,#2153,#2154));
#2127 = ORIENTED_EDGE('',*,*,#2128,.F.);
#2128 = EDGE_CURVE('52@1_80_6',#2019,#2129,#2131,.T.);
#2129 = VERTEX_POINT('52@1_61_7',#2130);
#2130 = CARTESIAN_POINT('',(38.85923952,3.,-25.00042731));
#2131 = SURFACE_CURVE('',#2132,(#2136,#2143),.PCURVE_S1.);
#2132 = LINE('',#2133,#2134);
#2133 = CARTESIAN_POINT('',(38.85923952,3.,-12.));
#2134 = VECTOR('',#2135,1.);
#2135 = DIRECTION('',(0.,0.,-1.));
#2136 = PCURVE('',#892,#2137);
#2137 = DEFINITIONAL_REPRESENTATION('',(#2138),#2142);
#2138 = LINE('',#2139,#2140);
#2139 = CARTESIAN_POINT('',(-12.,-3.));
#2140 = VECTOR('',#2141,1.);
#2141 = DIRECTION('',(1.,0.));
#2142 = ( GEOMETRIC_REPRESENTATION_CONTEXT(2) 
PARAMETRIC_REPRESENTATION_CONTEXT() REPRESENTATION_CONTEXT('2D SPACE',''
  ) );
#2143 = PCURVE('',#2057,#2144);
#2144 = DEFINITIONAL_REPRESENTATION('',(#2145),#2149);
#2145 = LINE('',#2146,#2147);
#2146 = CARTESIAN_POINT('',(-38.85923952,12.));
#2147 = VECTOR('',#2148,1.);
#2148 = DIRECTION('',(0.,1.));
#2149 = ( GEOMETRIC_REPRESENTATION_CONTEXT(2) 
PARAMETRIC_REPRESENTATION_CONTEXT() REPRESENTATION_CONTEXT('2D SPACE',''
  ) );
#2150 = ORIENTED_EDGE('',*,*,#2018,.T.);
#2151 = ORIENTED_EDGE('',*,*,#876,.T.);
#2152 = ORIENTED_EDGE('',*,*,#1839,.T.);
#2153 = ORIENTED_EDGE('',*,*,#1124,.F.);
#2154 = ORIENTED_EDGE('',*,*,#2155,.F.);
#2155 = EDGE_CURVE('52@1_81_6',#2129,#1125,#2156,.T.);
#2156 = SURFACE_CURVE('',#2157,(#2161,#2168),.PCURVE_S1.);
#2157 = LINE('',#2158,#2159);
#2158 = CARTESIAN_POINT('',(38.85923952,0.,-25.00042731));
#2159 = VECTOR('',#2160,1.);
#2160 = DIRECTION('',(-0.,-1.,0.));
#2161 = PCURVE('',#892,#2162);
#2162 = DEFINITIONAL_REPRESENTATION('',(#2163),#2167);
#2163 = LINE('',#2164,#2165);
#2164 = CARTESIAN_POINT('',(1.00042731,0.));
#2165 = VECTOR('',#2166,1.);
#2166 = DIRECTION('',(0.,1.));
#2167 = ( GEOMETRIC_REPRESENTATION_CONTEXT(2) 
PARAMETRIC_REPRESENTATION_CONTEXT() REPRESENTATION_CONTEXT('2D SPACE',''
  ) );
#2168 = PCURVE('',#1163,#2169);
#2169 = DEFINITIONAL_REPRESENTATION('',(#2170),#2174);
#2170 = LINE('',#2171,#2172);
#2171 = CARTESIAN_POINT('',(6.64076048,0.));
#2172 = VECTOR('',#2173,1.);
#2173 = DIRECTION('',(0.,1.));
#2174 = ( GEOMETRIC_REPRESENTATION_CONTEXT(2) 
PARAMETRIC_REPRESENTATION_CONTEXT() REPRESENTATION_CONTEXT('2D SPACE',''
  ) );
#2175 = ADVANCED_FACE('52@1_20_4',(#2176),#949,.F.);
#2176 = FACE_BOUND('',#2177,.T.);
#2177 = EDGE_LOOP('52@',(#2178,#2206,#2207,#2235));
#2178 = ORIENTED_EDGE('',*,*,#2179,.F.);
#2179 = EDGE_CURVE('52@1_82_6',#932,#2180,#2182,.T.);
#2180 = VERTEX_POINT('52@1_62_7',#2181);
#2181 = CARTESIAN_POINT('',(-15.82496164,1.8,-27.99999962));
#2182 = SURFACE_CURVE('',#2183,(#2187,#2194),.PCURVE_S1.);
#2183 = LINE('',#2184,#2185);
#2184 = CARTESIAN_POINT('',(-17.84162830666,3.816666666667,
    -30.01666628666));
#2185 = VECTOR('',#2186,1.);
#2186 = DIRECTION('',(-0.57735026919,0.57735026919,-0.57735026919));
#2187 = PCURVE('',#949,#2188);
#2188 = DEFINITIONAL_REPRESENTATION('',(#2189),#2193);
#2189 = LINE('',#2190,#2191);
#2190 = CARTESIAN_POINT('',(-2.016666666667,4.124789556922));
#2191 = VECTOR('',#2192,1.);
#2192 = DIRECTION('',(-0.57735026919,0.816496580928));
#2193 = ( GEOMETRIC_REPRESENTATION_CONTEXT(2) 
PARAMETRIC_REPRESENTATION_CONTEXT() REPRESENTATION_CONTEXT('2D SPACE',''
  ) );
#2194 = PCURVE('',#2195,#2200);
#2195 = PLANE('',#2196);
#2196 = AXIS2_PLACEMENT_3D('',#2197,#2198,#2199);
#2197 = CARTESIAN_POINT('',(-14.92496164,17.5,-27.09999962));
#2198 = DIRECTION('',(-0.707106781187,0.,0.707106781187));
#2199 = DIRECTION('',(0.,-1.,0.));
#2200 = DEFINITIONAL_REPRESENTATION('',(#2201),#2205);
#2201 = LINE('',#2202,#2203);
#2202 = CARTESIAN_POINT('',(13.683333333333,-4.124789556922));
#2203 = VECTOR('',#2204,1.);
#2204 = DIRECTION('',(-0.57735026919,-0.816496580928));
#2205 = ( GEOMETRIC_REPRESENTATION_CONTEXT(2) 
PARAMETRIC_REPRESENTATION_CONTEXT() REPRESENTATION_CONTEXT('2D SPACE',''
  ) );
#2206 = ORIENTED_EDGE('',*,*,#931,.T.);
#2207 = ORIENTED_EDGE('',*,*,#2208,.T.);
#2208 = EDGE_CURVE('52@1_84_6',#934,#2209,#2211,.T.);
#2209 = VERTEX_POINT('52@1_63_7',#2210);
#2210 = CARTESIAN_POINT('',(-41.73328311,1.8,-27.99999962));
#2211 = SURFACE_CURVE('',#2212,(#2216,#2223),.PCURVE_S1.);
#2212 = LINE('',#2213,#2214);
#2213 = CARTESIAN_POINT('',(-38.31522953166,5.218053578333,
    -31.41805319833));
#2214 = VECTOR('',#2215,1.);
#2215 = DIRECTION('',(0.57735026919,0.57735026919,-0.57735026919));
#2216 = PCURVE('',#949,#2217);
#2217 = DEFINITIONAL_REPRESENTATION('',(#2218),#2222);
#2218 = LINE('',#2219,#2220);
#2219 = CARTESIAN_POINT('',(-22.49026789166,6.106649933533));
#2220 = VECTOR('',#2221,1.);
#2221 = DIRECTION('',(0.57735026919,0.816496580928));
#2222 = ( GEOMETRIC_REPRESENTATION_CONTEXT(2) 
PARAMETRIC_REPRESENTATION_CONTEXT() REPRESENTATION_CONTEXT('2D SPACE',''
  ) );
#2223 = PCURVE('',#2224,#2229);
#2224 = PLANE('',#2225);
#2225 = AXIS2_PLACEMENT_3D('',#2226,#2227,#2228);
#2226 = CARTESIAN_POINT('',(-42.63328311,0.,-27.09999962));
#2227 = DIRECTION('',(0.707106781187,0.,0.707106781187));
#2228 = DIRECTION('',(-0.,1.,0.));
#2229 = DEFINITIONAL_REPRESENTATION('',(#2230),#2234);
#2230 = LINE('',#2231,#2232);
#2231 = CARTESIAN_POINT('',(5.218053578333,-6.106649933533));
#2232 = VECTOR('',#2233,1.);
#2233 = DIRECTION('',(0.57735026919,-0.816496580928));
#2234 = ( GEOMETRIC_REPRESENTATION_CONTEXT(2) 
PARAMETRIC_REPRESENTATION_CONTEXT() REPRESENTATION_CONTEXT('2D SPACE',''
  ) );
#2235 = ORIENTED_EDGE('',*,*,#2236,.F.);
#2236 = EDGE_CURVE('52@1_83_6',#2180,#2209,#2237,.T.);
#2237 = SURFACE_CURVE('',#2238,(#2242,#2249),.PCURVE_S1.);
#2238 = LINE('',#2239,#2240);
#2239 = CARTESIAN_POINT('',(-15.82496164,1.8,-27.99999962));
#2240 = VECTOR('',#2241,1.);
#2241 = DIRECTION('',(-1.,0.,0.));
#2242 = PCURVE('',#949,#2243);
#2243 = DEFINITIONAL_REPRESENTATION('',(#2244),#2248);
#2244 = LINE('',#2245,#2246);
#2245 = CARTESIAN_POINT('',(-0.,1.272792206136));
#2246 = VECTOR('',#2247,1.);
#2247 = DIRECTION('',(-1.,0.));
#2248 = ( GEOMETRIC_REPRESENTATION_CONTEXT(2) 
PARAMETRIC_REPRESENTATION_CONTEXT() REPRESENTATION_CONTEXT('2D SPACE',''
  ) );
#2249 = PCURVE('',#2250,#2255);
#2250 = PLANE('',#2251);
#2251 = AXIS2_PLACEMENT_3D('',#2252,#2253,#2254);
#2252 = CARTESIAN_POINT('',(0.,0.,-27.99999962));
#2253 = DIRECTION('',(0.,-0.,-1.));
#2254 = DIRECTION('',(1.,-0.,0.));
#2255 = DEFINITIONAL_REPRESENTATION('',(#2256),#2260);
#2256 = LINE('',#2257,#2258);
#2257 = CARTESIAN_POINT('',(-15.82496164,-1.8));
#2258 = VECTOR('',#2259,1.);
#2259 = DIRECTION('',(-1.,0.));
#2260 = ( GEOMETRIC_REPRESENTATION_CONTEXT(2) 
PARAMETRIC_REPRESENTATION_CONTEXT() REPRESENTATION_CONTEXT('2D SPACE',''
  ) );
#2261 = ADVANCED_FACE('52@1_21_4',(#2262),#977,.F.);
#2262 = FACE_BOUND('',#2263,.F.);
#2263 = EDGE_LOOP('52@',(#2264,#2287,#2308,#2329));
#2264 = ORIENTED_EDGE('',*,*,#2265,.T.);
#2265 = EDGE_CURVE('52@1_85_6',#934,#2266,#2268,.T.);
#2266 = VERTEX_POINT('52@1_64_7',#2267);
#2267 = CARTESIAN_POINT('',(-43.53328311,17.3,-26.19999962));
#2268 = SURFACE_CURVE('',#2269,(#2273,#2280),.PCURVE_S1.);
#2269 = LINE('',#2270,#2271);
#2270 = CARTESIAN_POINT('',(-43.53328311,0.,-26.19999962));
#2271 = VECTOR('',#2272,1.);
#2272 = DIRECTION('',(0.,1.,0.));
#2273 = PCURVE('',#977,#2274);
#2274 = DEFINITIONAL_REPRESENTATION('',(#2275),#2279);
#2275 = LINE('',#2276,#2277);
#2276 = CARTESIAN_POINT('',(0.,-0.2));
#2277 = VECTOR('',#2278,1.);
#2278 = DIRECTION('',(1.,0.));
#2279 = ( GEOMETRIC_REPRESENTATION_CONTEXT(2) 
PARAMETRIC_REPRESENTATION_CONTEXT() REPRESENTATION_CONTEXT('2D SPACE',''
  ) );
#2280 = PCURVE('',#2224,#2281);
#2281 = DEFINITIONAL_REPRESENTATION('',(#2282),#2286);
#2282 = LINE('',#2283,#2284);
#2283 = CARTESIAN_POINT('',(0.,1.272792206136));
#2284 = VECTOR('',#2285,1.);
#2285 = DIRECTION('',(1.,0.));
#2286 = ( GEOMETRIC_REPRESENTATION_CONTEXT(2) 
PARAMETRIC_REPRESENTATION_CONTEXT() REPRESENTATION_CONTEXT('2D SPACE',''
  ) );
#2287 = ORIENTED_EDGE('',*,*,#2288,.T.);
#2288 = EDGE_CURVE('52@1_86_6',#2266,#1437,#2289,.T.);
#2289 = SURFACE_CURVE('',#2290,(#2294,#2301),.PCURVE_S1.);
#2290 = LINE('',#2291,#2292);
#2291 = CARTESIAN_POINT('',(-43.53328311,12.625,-30.87499962));
#2292 = VECTOR('',#2293,1.);
#2293 = DIRECTION('',(0.,0.707106781187,0.707106781187));
#2294 = PCURVE('',#977,#2295);
#2295 = DEFINITIONAL_REPRESENTATION('',(#2296),#2300);
#2296 = LINE('',#2297,#2298);
#2297 = CARTESIAN_POINT('',(12.625,-4.875));
#2298 = VECTOR('',#2299,1.);
#2299 = DIRECTION('',(0.707106781187,0.707106781187));
#2300 = ( GEOMETRIC_REPRESENTATION_CONTEXT(2) 
PARAMETRIC_REPRESENTATION_CONTEXT() REPRESENTATION_CONTEXT('2D SPACE',''
  ) );
#2301 = PCURVE('',#1452,#2302);
#2302 = DEFINITIONAL_REPRESENTATION('',(#2303),#2307);
#2303 = LINE('',#2304,#2305);
#2304 = CARTESIAN_POINT('',(1.8,-5.480077554196));
#2305 = VECTOR('',#2306,1.);
#2306 = DIRECTION('',(-0.,1.));
#2307 = ( GEOMETRIC_REPRESENTATION_CONTEXT(2) 
PARAMETRIC_REPRESENTATION_CONTEXT() REPRESENTATION_CONTEXT('2D SPACE',''
  ) );
#2308 = ORIENTED_EDGE('',*,*,#2309,.F.);
#2309 = EDGE_CURVE('52@1_87_6',#962,#1437,#2310,.T.);
#2310 = SURFACE_CURVE('',#2311,(#2315,#2322),.PCURVE_S1.);
#2311 = LINE('',#2312,#2313);
#2312 = CARTESIAN_POINT('',(-43.53328311,0.,-25.99999962));
#2313 = VECTOR('',#2314,1.);
#2314 = DIRECTION('',(0.,1.,0.));
#2315 = PCURVE('',#977,#2316);
#2316 = DEFINITIONAL_REPRESENTATION('',(#2317),#2321);
#2317 = LINE('',#2318,#2319);
#2318 = CARTESIAN_POINT('',(0.,0.));
#2319 = VECTOR('',#2320,1.);
#2320 = DIRECTION('',(1.,0.));
#2321 = ( GEOMETRIC_REPRESENTATION_CONTEXT(2) 
PARAMETRIC_REPRESENTATION_CONTEXT() REPRESENTATION_CONTEXT('2D SPACE',''
  ) );
#2322 = PCURVE('',#1005,#2323);
#2323 = DEFINITIONAL_REPRESENTATION('',(#2324),#2328);
#2324 = LINE('',#2325,#2326);
#2325 = CARTESIAN_POINT('',(91.03328905,0.));
#2326 = VECTOR('',#2327,1.);
#2327 = DIRECTION('',(0.,-1.));
#2328 = ( GEOMETRIC_REPRESENTATION_CONTEXT(2) 
PARAMETRIC_REPRESENTATION_CONTEXT() REPRESENTATION_CONTEXT('2D SPACE',''
  ) );
#2329 = ORIENTED_EDGE('',*,*,#961,.T.);
#2330 = ADVANCED_FACE('52@1_22_4',(#2331),#1005,.F.);
#2331 = FACE_BOUND('',#2332,.F.);
#2332 = EDGE_LOOP('52@',(#2333,#2334,#2335,#2356));
#2333 = ORIENTED_EDGE('',*,*,#2309,.T.);
#2334 = ORIENTED_EDGE('',*,*,#1464,.T.);
#2335 = ORIENTED_EDGE('',*,*,#2336,.T.);
#2336 = EDGE_CURVE('52@1_88_6',#1465,#990,#2337,.T.);
#2337 = SURFACE_CURVE('',#2338,(#2342,#2349),.PCURVE_S1.);
#2338 = LINE('',#2339,#2340);
#2339 = CARTESIAN_POINT('',(-44.49999406,17.5,-25.99999962));
#2340 = VECTOR('',#2341,1.);
#2341 = DIRECTION('',(0.,-1.,0.));
#2342 = PCURVE('',#1005,#2343);
#2343 = DEFINITIONAL_REPRESENTATION('',(#2344),#2348);
#2344 = LINE('',#2345,#2346);
#2345 = CARTESIAN_POINT('',(92.,-17.5));
#2346 = VECTOR('',#2347,1.);
#2347 = DIRECTION('',(-0.,1.));
#2348 = ( GEOMETRIC_REPRESENTATION_CONTEXT(2) 
PARAMETRIC_REPRESENTATION_CONTEXT() REPRESENTATION_CONTEXT('2D SPACE',''
  ) );
#2349 = PCURVE('',#1033,#2350);
#2350 = DEFINITIONAL_REPRESENTATION('',(#2351),#2355);
#2351 = LINE('',#2352,#2353);
#2352 = CARTESIAN_POINT('',(0.,-2.12132034356));
#2353 = VECTOR('',#2354,1.);
#2354 = DIRECTION('',(1.,0.));
#2355 = ( GEOMETRIC_REPRESENTATION_CONTEXT(2) 
PARAMETRIC_REPRESENTATION_CONTEXT() REPRESENTATION_CONTEXT('2D SPACE',''
  ) );
#2356 = ORIENTED_EDGE('',*,*,#989,.F.);
#2357 = ADVANCED_FACE('52@1_23_4',(#2358),#1033,.T.);
#2358 = FACE_BOUND('',#2359,.T.);
#2359 = EDGE_LOOP('52@',(#2360,#2383,#2384,#2385,#2408,#2436,#2464,#2492
    ));
#2360 = ORIENTED_EDGE('',*,*,#2361,.F.);
#2361 = EDGE_CURVE('52@1_89_6',#1465,#2362,#2364,.T.);
#2362 = VERTEX_POINT('52@1_65_7',#2363);
#2363 = CARTESIAN_POINT('',(-47.49999406,14.5,-22.99999962));
#2364 = SURFACE_CURVE('',#2365,(#2369,#2376),.PCURVE_S1.);
#2365 = LINE('',#2366,#2367);
#2366 = CARTESIAN_POINT('',(-45.49999406,16.5,-24.99999962));
#2367 = VECTOR('',#2368,1.);
#2368 = DIRECTION('',(-0.57735026919,-0.57735026919,0.57735026919));
#2369 = PCURVE('',#1033,#2370);
#2370 = DEFINITIONAL_REPRESENTATION('',(#2371),#2375);
#2371 = LINE('',#2372,#2373);
#2372 = CARTESIAN_POINT('',(1.,-0.707106781187));
#2373 = VECTOR('',#2374,1.);
#2374 = DIRECTION('',(0.57735026919,0.816496580928));
#2375 = ( GEOMETRIC_REPRESENTATION_CONTEXT(2) 
PARAMETRIC_REPRESENTATION_CONTEXT() REPRESENTATION_CONTEXT('2D SPACE',''
  ) );
#2376 = PCURVE('',#1503,#2377);
#2377 = DEFINITIONAL_REPRESENTATION('',(#2378),#2382);
#2378 = LINE('',#2379,#2380);
#2379 = CARTESIAN_POINT('',(1.,-0.707106781187));
#2380 = VECTOR('',#2381,1.);
#2381 = DIRECTION('',(0.57735026919,0.816496580928));
#2382 = ( GEOMETRIC_REPRESENTATION_CONTEXT(2) 
PARAMETRIC_REPRESENTATION_CONTEXT() REPRESENTATION_CONTEXT('2D SPACE',''
  ) );
#2383 = ORIENTED_EDGE('',*,*,#2336,.T.);
#2384 = ORIENTED_EDGE('',*,*,#1017,.T.);
#2385 = ORIENTED_EDGE('',*,*,#2386,.T.);
#2386 = EDGE_CURVE('52@1_94_6',#1018,#2387,#2389,.T.);
#2387 = VERTEX_POINT('52@1_69_7',#2388);
#2388 = CARTESIAN_POINT('',(-45.49956637,3.,-25.00042731));
#2389 = SURFACE_CURVE('',#2390,(#2394,#2401),.PCURVE_S1.);
#2390 = LINE('',#2391,#2392);
#2391 = CARTESIAN_POINT('',(-45.49956637,8.75,-25.00042731));
#2392 = VECTOR('',#2393,1.);
#2393 = DIRECTION('',(0.,1.,0.));
#2394 = PCURVE('',#1033,#2395);
#2395 = DEFINITIONAL_REPRESENTATION('',(#2396),#2400);
#2396 = LINE('',#2397,#2398);
#2397 = CARTESIAN_POINT('',(8.75,-0.707711626185));
#2398 = VECTOR('',#2399,1.);
#2399 = DIRECTION('',(-1.,0.));
#2400 = ( GEOMETRIC_REPRESENTATION_CONTEXT(2) 
PARAMETRIC_REPRESENTATION_CONTEXT() REPRESENTATION_CONTEXT('2D SPACE',''
  ) );
#2401 = PCURVE('',#1061,#2402);
#2402 = DEFINITIONAL_REPRESENTATION('',(#2403),#2407);
#2403 = LINE('',#2404,#2405);
#2404 = CARTESIAN_POINT('',(90.99956637,-8.75));
#2405 = VECTOR('',#2406,1.);
#2406 = DIRECTION('',(0.,-1.));
#2407 = ( GEOMETRIC_REPRESENTATION_CONTEXT(2) 
PARAMETRIC_REPRESENTATION_CONTEXT() REPRESENTATION_CONTEXT('2D SPACE',''
  ) );
#2408 = ORIENTED_EDGE('',*,*,#2409,.T.);
#2409 = EDGE_CURVE('52@1_93_6',#2387,#2410,#2412,.T.);
#2410 = VERTEX_POINT('52@1_68_7',#2411);
#2411 = CARTESIAN_POINT('',(-46.49999368,3.,-24.));
#2412 = SURFACE_CURVE('',#2413,(#2417,#2424),.PCURVE_S1.);
#2413 = LINE('',#2414,#2415);
#2414 = CARTESIAN_POINT('',(-40.62499545,3.,-29.87499823));
#2415 = VECTOR('',#2416,1.);
#2416 = DIRECTION('',(-0.707106781187,0.,0.707106781187));
#2417 = PCURVE('',#1033,#2418);
#2418 = DEFINITIONAL_REPRESENTATION('',(#2419),#2423);
#2419 = LINE('',#2420,#2421);
#2420 = CARTESIAN_POINT('',(14.5,-7.601395931999));
#2421 = VECTOR('',#2422,1.);
#2422 = DIRECTION('',(-0.,1.));
#2423 = ( GEOMETRIC_REPRESENTATION_CONTEXT(2) 
PARAMETRIC_REPRESENTATION_CONTEXT() REPRESENTATION_CONTEXT('2D SPACE',''
  ) );
#2424 = PCURVE('',#2425,#2430);
#2425 = PLANE('',#2426);
#2426 = AXIS2_PLACEMENT_3D('',#2427,#2428,#2429);
#2427 = CARTESIAN_POINT('',(0.,3.,0.));
#2428 = DIRECTION('',(-0.,-1.,-0.));
#2429 = DIRECTION('',(-1.,0.,0.));
#2430 = DEFINITIONAL_REPRESENTATION('',(#2431),#2435);
#2431 = LINE('',#2432,#2433);
#2432 = CARTESIAN_POINT('',(40.62499545,29.87499823));
#2433 = VECTOR('',#2434,1.);
#2434 = DIRECTION('',(0.707106781187,-0.707106781187));
#2435 = ( GEOMETRIC_REPRESENTATION_CONTEXT(2) 
PARAMETRIC_REPRESENTATION_CONTEXT() REPRESENTATION_CONTEXT('2D SPACE',''
  ) );
#2436 = ORIENTED_EDGE('',*,*,#2437,.T.);
#2437 = EDGE_CURVE('52@1_92_6',#2410,#2438,#2440,.T.);
#2438 = VERTEX_POINT('52@1_67_7',#2439);
#2439 = CARTESIAN_POINT('',(-46.49999368,8.881784197001E-16,-24.));
#2440 = SURFACE_CURVE('',#2441,(#2445,#2452),.PCURVE_S1.);
#2441 = LINE('',#2442,#2443);
#2442 = CARTESIAN_POINT('',(-46.49999368,8.75,-24.));
#2443 = VECTOR('',#2444,1.);
#2444 = DIRECTION('',(0.,-1.,0.));
#2445 = PCURVE('',#1033,#2446);
#2446 = DEFINITIONAL_REPRESENTATION('',(#2447),#2451);
#2447 = LINE('',#2448,#2449);
#2448 = CARTESIAN_POINT('',(8.75,0.707106243785));
#2449 = VECTOR('',#2450,1.);
#2450 = DIRECTION('',(1.,0.));
#2451 = ( GEOMETRIC_REPRESENTATION_CONTEXT(2) 
PARAMETRIC_REPRESENTATION_CONTEXT() REPRESENTATION_CONTEXT('2D SPACE',''
  ) );
#2452 = PCURVE('',#2453,#2458);
#2453 = PLANE('',#2454);
#2454 = AXIS2_PLACEMENT_3D('',#2455,#2456,#2457);
#2455 = CARTESIAN_POINT('',(-46.60854381,0.,-24.));
#2456 = DIRECTION('',(-0.,0.,-1.));
#2457 = DIRECTION('',(1.,0.,-0.));
#2458 = DEFINITIONAL_REPRESENTATION('',(#2459),#2463);
#2459 = LINE('',#2460,#2461);
#2460 = CARTESIAN_POINT('',(0.10855013,-8.75));
#2461 = VECTOR('',#2462,1.);
#2462 = DIRECTION('',(0.,1.));
#2463 = ( GEOMETRIC_REPRESENTATION_CONTEXT(2) 
PARAMETRIC_REPRESENTATION_CONTEXT() REPRESENTATION_CONTEXT('2D SPACE',''
  ) );
#2464 = ORIENTED_EDGE('',*,*,#2465,.T.);
#2465 = EDGE_CURVE('52@1_91_6',#2438,#2466,#2468,.T.);
#2466 = VERTEX_POINT('52@1_66_7',#2467);
#2467 = CARTESIAN_POINT('',(-47.49999406,0.,-22.99999962));
#2468 = SURFACE_CURVE('',#2469,(#2473,#2480),.PCURVE_S1.);
#2469 = LINE('',#2470,#2471);
#2470 = CARTESIAN_POINT('',(-40.62499545,1.7763568394E-15,-29.87499823)
  );
#2471 = VECTOR('',#2472,1.);
#2472 = DIRECTION('',(-0.707106781187,-0.,0.707106781187));
#2473 = PCURVE('',#1033,#2474);
#2474 = DEFINITIONAL_REPRESENTATION('',(#2475),#2479);
#2475 = LINE('',#2476,#2477);
#2476 = CARTESIAN_POINT('',(17.5,-7.601395931999));
#2477 = VECTOR('',#2478,1.);
#2478 = DIRECTION('',(0.,1.));
#2479 = ( GEOMETRIC_REPRESENTATION_CONTEXT(2) 
PARAMETRIC_REPRESENTATION_CONTEXT() REPRESENTATION_CONTEXT('2D SPACE',''
  ) );
#2480 = PCURVE('',#2481,#2486);
#2481 = PLANE('',#2482);
#2482 = AXIS2_PLACEMENT_3D('',#2483,#2484,#2485);
#2483 = CARTESIAN_POINT('',(0.,0.,0.));
#2484 = DIRECTION('',(0.,1.,0.));
#2485 = DIRECTION('',(1.,0.,0.));
#2486 = DEFINITIONAL_REPRESENTATION('',(#2487),#2491);
#2487 = LINE('',#2488,#2489);
#2488 = CARTESIAN_POINT('',(-40.62499545,29.87499823));
#2489 = VECTOR('',#2490,1.);
#2490 = DIRECTION('',(-0.707106781187,-0.707106781187));
#2491 = ( GEOMETRIC_REPRESENTATION_CONTEXT(2) 
PARAMETRIC_REPRESENTATION_CONTEXT() REPRESENTATION_CONTEXT('2D SPACE',''
  ) );
#2492 = ORIENTED_EDGE('',*,*,#2493,.F.);
#2493 = EDGE_CURVE('52@1_90_6',#2362,#2466,#2494,.T.);
#2494 = SURFACE_CURVE('',#2495,(#2499,#2506),.PCURVE_S1.);
#2495 = LINE('',#2496,#2497);
#2496 = CARTESIAN_POINT('',(-47.49999406,17.5,-22.99999962));
#2497 = VECTOR('',#2498,1.);
#2498 = DIRECTION('',(0.,-1.,0.));
#2499 = PCURVE('',#1033,#2500);
#2500 = DEFINITIONAL_REPRESENTATION('',(#2501),#2505);
#2501 = LINE('',#2502,#2503);
#2502 = CARTESIAN_POINT('',(-0.,2.12132034356));
#2503 = VECTOR('',#2504,1.);
#2504 = DIRECTION('',(1.,0.));
#2505 = ( GEOMETRIC_REPRESENTATION_CONTEXT(2) 
PARAMETRIC_REPRESENTATION_CONTEXT() REPRESENTATION_CONTEXT('2D SPACE',''
  ) );
#2506 = PCURVE('',#2507,#2512);
#2507 = PLANE('',#2508);
#2508 = AXIS2_PLACEMENT_3D('',#2509,#2510,#2511);
#2509 = CARTESIAN_POINT('',(-47.49999406,0.,-25.99999962));
#2510 = DIRECTION('',(1.,0.,0.));
#2511 = DIRECTION('',(0.,0.,1.));
#2512 = DEFINITIONAL_REPRESENTATION('',(#2513),#2517);
#2513 = LINE('',#2514,#2515);
#2514 = CARTESIAN_POINT('',(3.,-17.5));
#2515 = VECTOR('',#2516,1.);
#2516 = DIRECTION('',(0.,1.));
#2517 = ( GEOMETRIC_REPRESENTATION_CONTEXT(2) 
PARAMETRIC_REPRESENTATION_CONTEXT() REPRESENTATION_CONTEXT('2D SPACE',''
  ) );
#2518 = ADVANCED_FACE('52@1_24_4',(#2519),#1061,.T.);
#2519 = FACE_BOUND('',#2520,.T.);
#2520 = EDGE_LOOP('52@',(#2521,#2522,#2545,#2568,#2596,#2624,#2645));
#2521 = ORIENTED_EDGE('',*,*,#1045,.F.);
#2522 = ORIENTED_EDGE('',*,*,#2523,.T.);
#2523 = EDGE_CURVE('52@1_95_6',#1046,#2524,#2526,.T.);
#2524 = VERTEX_POINT('52@1_70_7',#2525);
#2525 = CARTESIAN_POINT('',(38.85923767,3.,-25.00042731));
#2526 = SURFACE_CURVE('',#2527,(#2531,#2538),.PCURVE_S1.);
#2527 = LINE('',#2528,#2529);
#2528 = CARTESIAN_POINT('',(38.85923767,0.,-25.00042731));
#2529 = VECTOR('',#2530,1.);
#2530 = DIRECTION('',(0.,1.,0.));
#2531 = PCURVE('',#1061,#2532);
#2532 = DEFINITIONAL_REPRESENTATION('',(#2533),#2537);
#2533 = LINE('',#2534,#2535);
#2534 = CARTESIAN_POINT('',(6.64076233,0.));
#2535 = VECTOR('',#2536,1.);
#2536 = DIRECTION('',(0.,-1.));
#2537 = ( GEOMETRIC_REPRESENTATION_CONTEXT(2) 
PARAMETRIC_REPRESENTATION_CONTEXT() REPRESENTATION_CONTEXT('2D SPACE',''
  ) );
#2538 = PCURVE('',#1089,#2539);
#2539 = DEFINITIONAL_REPRESENTATION('',(#2540),#2544);
#2540 = LINE('',#2541,#2542);
#2541 = CARTESIAN_POINT('',(0.99957231,0.));
#2542 = VECTOR('',#2543,1.);
#2543 = DIRECTION('',(0.,-1.));
#2544 = ( GEOMETRIC_REPRESENTATION_CONTEXT(2) 
PARAMETRIC_REPRESENTATION_CONTEXT() REPRESENTATION_CONTEXT('2D SPACE',''
  ) );
#2545 = ORIENTED_EDGE('',*,*,#2546,.T.);
#2546 = EDGE_CURVE('52@1_96_6',#2524,#2547,#2549,.T.);
#2547 = VERTEX_POINT('52@1_71_7',#2548);
#2548 = CARTESIAN_POINT('',(14.30875714,3.,-25.00042731));
#2549 = SURFACE_CURVE('',#2550,(#2554,#2561),.PCURVE_S1.);
#2550 = LINE('',#2551,#2552);
#2551 = CARTESIAN_POINT('',(38.85923767,3.,-25.00042731));
#2552 = VECTOR('',#2553,1.);
#2553 = DIRECTION('',(-1.,0.,0.));
#2554 = PCURVE('',#1061,#2555);
#2555 = DEFINITIONAL_REPRESENTATION('',(#2556),#2560);
#2556 = LINE('',#2557,#2558);
#2557 = CARTESIAN_POINT('',(6.64076233,-3.));
#2558 = VECTOR('',#2559,1.);
#2559 = DIRECTION('',(1.,0.));
#2560 = ( GEOMETRIC_REPRESENTATION_CONTEXT(2) 
PARAMETRIC_REPRESENTATION_CONTEXT() REPRESENTATION_CONTEXT('2D SPACE',''
  ) );
#2561 = PCURVE('',#1900,#2562);
#2562 = DEFINITIONAL_REPRESENTATION('',(#2563),#2567);
#2563 = LINE('',#2564,#2565);
#2564 = CARTESIAN_POINT('',(-38.85923767,25.00042731));
#2565 = VECTOR('',#2566,1.);
#2566 = DIRECTION('',(1.,0.));
#2567 = ( GEOMETRIC_REPRESENTATION_CONTEXT(2) 
PARAMETRIC_REPRESENTATION_CONTEXT() REPRESENTATION_CONTEXT('2D SPACE',''
  ) );
#2568 = ORIENTED_EDGE('',*,*,#2569,.T.);
#2569 = EDGE_CURVE('52@1_97_6',#2547,#2570,#2572,.T.);
#2570 = VERTEX_POINT('52@1_72_7',#2571);
#2571 = CARTESIAN_POINT('',(-16.18272407,3.,-25.00042731));
#2572 = SURFACE_CURVE('',#2573,(#2577,#2584),.PCURVE_S1.);
#2573 = LINE('',#2574,#2575);
#2574 = CARTESIAN_POINT('',(45.5,3.,-25.00042731));
#2575 = VECTOR('',#2576,1.);
#2576 = DIRECTION('',(-1.,0.,0.));
#2577 = PCURVE('',#1061,#2578);
#2578 = DEFINITIONAL_REPRESENTATION('',(#2579),#2583);
#2579 = LINE('',#2580,#2581);
#2580 = CARTESIAN_POINT('',(0.,-3.));
#2581 = VECTOR('',#2582,1.);
#2582 = DIRECTION('',(1.,0.));
#2583 = ( GEOMETRIC_REPRESENTATION_CONTEXT(2) 
PARAMETRIC_REPRESENTATION_CONTEXT() REPRESENTATION_CONTEXT('2D SPACE',''
  ) );
#2584 = PCURVE('',#2585,#2590);
#2585 = PLANE('',#2586);
#2586 = AXIS2_PLACEMENT_3D('',#2587,#2588,#2589);
#2587 = CARTESIAN_POINT('',(0.,3.,0.));
#2588 = DIRECTION('',(-0.,-1.,-0.));
#2589 = DIRECTION('',(-1.,0.,0.));
#2590 = DEFINITIONAL_REPRESENTATION('',(#2591),#2595);
#2591 = LINE('',#2592,#2593);
#2592 = CARTESIAN_POINT('',(-45.5,25.00042731));
#2593 = VECTOR('',#2594,1.);
#2594 = DIRECTION('',(1.,0.));
#2595 = ( GEOMETRIC_REPRESENTATION_CONTEXT(2) 
PARAMETRIC_REPRESENTATION_CONTEXT() REPRESENTATION_CONTEXT('2D SPACE',''
  ) );
#2596 = ORIENTED_EDGE('',*,*,#2597,.F.);
#2597 = EDGE_CURVE('52@1_98_6',#2598,#2570,#2600,.T.);
#2598 = VERTEX_POINT('52@1_73_7',#2599);
#2599 = CARTESIAN_POINT('',(-41.46754456,3.,-25.00042731));
#2600 = SURFACE_CURVE('',#2601,(#2605,#2612),.PCURVE_S1.);
#2601 = LINE('',#2602,#2603);
#2602 = CARTESIAN_POINT('',(-41.46754456,3.,-25.00042731));
#2603 = VECTOR('',#2604,1.);
#2604 = DIRECTION('',(1.,0.,-0.));
#2605 = PCURVE('',#1061,#2606);
#2606 = DEFINITIONAL_REPRESENTATION('',(#2607),#2611);
#2607 = LINE('',#2608,#2609);
#2608 = CARTESIAN_POINT('',(86.96754456,-3.));
#2609 = VECTOR('',#2610,1.);
#2610 = DIRECTION('',(-1.,-0.));
#2611 = ( GEOMETRIC_REPRESENTATION_CONTEXT(2) 
PARAMETRIC_REPRESENTATION_CONTEXT() REPRESENTATION_CONTEXT('2D SPACE',''
  ) );
#2612 = PCURVE('',#2613,#2618);
#2613 = PLANE('',#2614);
#2614 = AXIS2_PLACEMENT_3D('',#2615,#2616,#2617);
#2615 = CARTESIAN_POINT('',(0.,3.,0.));
#2616 = DIRECTION('',(-0.,-1.,-0.));
#2617 = DIRECTION('',(-1.,0.,0.));
#2618 = DEFINITIONAL_REPRESENTATION('',(#2619),#2623);
#2619 = LINE('',#2620,#2621);
#2620 = CARTESIAN_POINT('',(41.46754456,25.00042731));
#2621 = VECTOR('',#2622,1.);
#2622 = DIRECTION('',(-1.,0.));
#2623 = ( GEOMETRIC_REPRESENTATION_CONTEXT(2) 
PARAMETRIC_REPRESENTATION_CONTEXT() REPRESENTATION_CONTEXT('2D SPACE',''
  ) );
#2624 = ORIENTED_EDGE('',*,*,#2625,.T.);
#2625 = EDGE_CURVE('52@1_99_6',#2598,#2387,#2626,.T.);
#2626 = SURFACE_CURVE('',#2627,(#2631,#2638),.PCURVE_S1.);
#2627 = LINE('',#2628,#2629);
#2628 = CARTESIAN_POINT('',(45.5,3.,-25.00042731));
#2629 = VECTOR('',#2630,1.);
#2630 = DIRECTION('',(-1.,0.,0.));
#2631 = PCURVE('',#1061,#2632);
#2632 = DEFINITIONAL_REPRESENTATION('',(#2633),#2637);
#2633 = LINE('',#2634,#2635);
#2634 = CARTESIAN_POINT('',(0.,-3.));
#2635 = VECTOR('',#2636,1.);
#2636 = DIRECTION('',(1.,0.));
#2637 = ( GEOMETRIC_REPRESENTATION_CONTEXT(2) 
PARAMETRIC_REPRESENTATION_CONTEXT() REPRESENTATION_CONTEXT('2D SPACE',''
  ) );
#2638 = PCURVE('',#2425,#2639);
#2639 = DEFINITIONAL_REPRESENTATION('',(#2640),#2644);
#2640 = LINE('',#2641,#2642);
#2641 = CARTESIAN_POINT('',(-45.5,25.00042731));
#2642 = VECTOR('',#2643,1.);
#2643 = DIRECTION('',(1.,0.));
#2644 = ( GEOMETRIC_REPRESENTATION_CONTEXT(2) 
PARAMETRIC_REPRESENTATION_CONTEXT() REPRESENTATION_CONTEXT('2D SPACE',''
  ) );
#2645 = ORIENTED_EDGE('',*,*,#2386,.F.);
#2646 = ADVANCED_FACE('52@1_25_4',(#2647),#1089,.T.);
#2647 = FACE_BOUND('',#2648,.T.);
#2648 = EDGE_LOOP('52@',(#2649,#2650,#2671,#2672));
#2649 = ORIENTED_EDGE('',*,*,#1861,.T.);
#2650 = ORIENTED_EDGE('',*,*,#2651,.T.);
#2651 = EDGE_CURVE('52@1_100_6',#1862,#2524,#2652,.T.);
#2652 = SURFACE_CURVE('',#2653,(#2657,#2664),.PCURVE_S1.);
#2653 = LINE('',#2654,#2655);
#2654 = CARTESIAN_POINT('',(38.85923767,3.,-25.99999962));
#2655 = VECTOR('',#2656,1.);
#2656 = DIRECTION('',(-0.,0.,1.));
#2657 = PCURVE('',#1089,#2658);
#2658 = DEFINITIONAL_REPRESENTATION('',(#2659),#2663);
#2659 = LINE('',#2660,#2661);
#2660 = CARTESIAN_POINT('',(0.,-3.));
#2661 = VECTOR('',#2662,1.);
#2662 = DIRECTION('',(1.,0.));
#2663 = ( GEOMETRIC_REPRESENTATION_CONTEXT(2) 
PARAMETRIC_REPRESENTATION_CONTEXT() REPRESENTATION_CONTEXT('2D SPACE',''
  ) );
#2664 = PCURVE('',#1900,#2665);
#2665 = DEFINITIONAL_REPRESENTATION('',(#2666),#2670);
#2666 = LINE('',#2667,#2668);
#2667 = CARTESIAN_POINT('',(-38.85923767,25.99999962));
#2668 = VECTOR('',#2669,1.);
#2669 = DIRECTION('',(0.,-1.));
#2670 = ( GEOMETRIC_REPRESENTATION_CONTEXT(2) 
PARAMETRIC_REPRESENTATION_CONTEXT() REPRESENTATION_CONTEXT('2D SPACE',''
  ) );
#2671 = ORIENTED_EDGE('',*,*,#2523,.F.);
#2672 = ORIENTED_EDGE('',*,*,#1073,.F.);
#2673 = ADVANCED_FACE('52@1_26_4',(#2674),#1163,.T.);
#2674 = FACE_BOUND('',#2675,.T.);
#2675 = EDGE_LOOP('52@',(#2676,#2677,#2700,#2721));
#2676 = ORIENTED_EDGE('',*,*,#1147,.F.);
#2677 = ORIENTED_EDGE('',*,*,#2678,.F.);
#2678 = EDGE_CURVE('52@1_102_6',#2679,#1148,#2681,.T.);
#2679 = VERTEX_POINT('52@1_74_7',#2680);
#2680 = CARTESIAN_POINT('',(45.49957825,3.,-25.00042731));
#2681 = SURFACE_CURVE('',#2682,(#2686,#2693),.PCURVE_S1.);
#2682 = LINE('',#2683,#2684);
#2683 = CARTESIAN_POINT('',(45.49957825,8.75,-25.00042731));
#2684 = VECTOR('',#2685,1.);
#2685 = DIRECTION('',(0.,-1.,-0.));
#2686 = PCURVE('',#1163,#2687);
#2687 = DEFINITIONAL_REPRESENTATION('',(#2688),#2692);
#2688 = LINE('',#2689,#2690);
#2689 = CARTESIAN_POINT('',(4.217499999939E-04,-8.75));
#2690 = VECTOR('',#2691,1.);
#2691 = DIRECTION('',(-0.,1.));
#2692 = ( GEOMETRIC_REPRESENTATION_CONTEXT(2) 
PARAMETRIC_REPRESENTATION_CONTEXT() REPRESENTATION_CONTEXT('2D SPACE',''
  ) );
#2693 = PCURVE('',#1191,#2694);
#2694 = DEFINITIONAL_REPRESENTATION('',(#2695),#2699);
#2695 = LINE('',#2696,#2697);
#2696 = CARTESIAN_POINT('',(8.75,0.707711626185));
#2697 = VECTOR('',#2698,1.);
#2698 = DIRECTION('',(1.,0.));
#2699 = ( GEOMETRIC_REPRESENTATION_CONTEXT(2) 
PARAMETRIC_REPRESENTATION_CONTEXT() REPRESENTATION_CONTEXT('2D SPACE',''
  ) );
#2700 = ORIENTED_EDGE('',*,*,#2701,.T.);
#2701 = EDGE_CURVE('52@1_101_6',#2679,#2129,#2702,.T.);
#2702 = SURFACE_CURVE('',#2703,(#2707,#2714),.PCURVE_S1.);
#2703 = LINE('',#2704,#2705);
#2704 = CARTESIAN_POINT('',(45.5,3.,-25.00042731));
#2705 = VECTOR('',#2706,1.);
#2706 = DIRECTION('',(-1.,0.,0.));
#2707 = PCURVE('',#1163,#2708);
#2708 = DEFINITIONAL_REPRESENTATION('',(#2709),#2713);
#2709 = LINE('',#2710,#2711);
#2710 = CARTESIAN_POINT('',(0.,-3.));
#2711 = VECTOR('',#2712,1.);
#2712 = DIRECTION('',(1.,0.));
#2713 = ( GEOMETRIC_REPRESENTATION_CONTEXT(2) 
PARAMETRIC_REPRESENTATION_CONTEXT() REPRESENTATION_CONTEXT('2D SPACE',''
  ) );
#2714 = PCURVE('',#2057,#2715);
#2715 = DEFINITIONAL_REPRESENTATION('',(#2716),#2720);
#2716 = LINE('',#2717,#2718);
#2717 = CARTESIAN_POINT('',(-45.5,25.00042731));
#2718 = VECTOR('',#2719,1.);
#2719 = DIRECTION('',(1.,0.));
#2720 = ( GEOMETRIC_REPRESENTATION_CONTEXT(2) 
PARAMETRIC_REPRESENTATION_CONTEXT() REPRESENTATION_CONTEXT('2D SPACE',''
  ) );
#2721 = ORIENTED_EDGE('',*,*,#2155,.T.);
#2722 = ADVANCED_FACE('52@1_27_4',(#2723),#1191,.T.);
#2723 = FACE_BOUND('',#2724,.T.);
#2724 = EDGE_LOOP('52@',(#2725,#2748,#2776,#2804,#2832,#2853,#2854,#2855
    ,#2856));
#2725 = ORIENTED_EDGE('',*,*,#2726,.F.);
#2726 = EDGE_CURVE('52@1_103_6',#2727,#1734,#2729,.T.);
#2727 = VERTEX_POINT('52@1_75_7',#2728);
#2728 = CARTESIAN_POINT('',(47.50000594,14.5,-22.99999962));
#2729 = SURFACE_CURVE('',#2730,(#2734,#2741),.PCURVE_S1.);
#2730 = LINE('',#2731,#2732);
#2731 = CARTESIAN_POINT('',(54.166672606667,7.833333333333,
    -16.33333295333));
#2732 = VECTOR('',#2733,1.);
#2733 = DIRECTION('',(-0.57735026919,0.57735026919,-0.57735026919));
#2734 = PCURVE('',#1191,#2735);
#2735 = DEFINITIONAL_REPRESENTATION('',(#2736),#2740);
#2736 = LINE('',#2737,#2738);
#2737 = CARTESIAN_POINT('',(9.666666666667,-11.54941075938));
#2738 = VECTOR('',#2739,1.);
#2739 = DIRECTION('',(-0.57735026919,0.816496580928));
#2740 = ( GEOMETRIC_REPRESENTATION_CONTEXT(2) 
PARAMETRIC_REPRESENTATION_CONTEXT() REPRESENTATION_CONTEXT('2D SPACE',''
  ) );
#2741 = PCURVE('',#1378,#2742);
#2742 = DEFINITIONAL_REPRESENTATION('',(#2743),#2747);
#2743 = LINE('',#2744,#2745);
#2744 = CARTESIAN_POINT('',(42.333333333333,11.54941075938));
#2745 = VECTOR('',#2746,1.);
#2746 = DIRECTION('',(0.57735026919,-0.816496580928));
#2747 = ( GEOMETRIC_REPRESENTATION_CONTEXT(2) 
PARAMETRIC_REPRESENTATION_CONTEXT() REPRESENTATION_CONTEXT('2D SPACE',''
  ) );
#2748 = ORIENTED_EDGE('',*,*,#2749,.T.);
#2749 = EDGE_CURVE('52@1_104_6',#2727,#2750,#2752,.T.);
#2750 = VERTEX_POINT('52@1_76_7',#2751);
#2751 = CARTESIAN_POINT('',(47.50000594,0.,-22.99999962));
#2752 = SURFACE_CURVE('',#2753,(#2757,#2764),.PCURVE_S1.);
#2753 = LINE('',#2754,#2755);
#2754 = CARTESIAN_POINT('',(47.50000594,17.5,-22.99999962));
#2755 = VECTOR('',#2756,1.);
#2756 = DIRECTION('',(0.,-1.,0.));
#2757 = PCURVE('',#1191,#2758);
#2758 = DEFINITIONAL_REPRESENTATION('',(#2759),#2763);
#2759 = LINE('',#2760,#2761);
#2760 = CARTESIAN_POINT('',(0.,-2.12132034356));
#2761 = VECTOR('',#2762,1.);
#2762 = DIRECTION('',(1.,0.));
#2763 = ( GEOMETRIC_REPRESENTATION_CONTEXT(2) 
PARAMETRIC_REPRESENTATION_CONTEXT() REPRESENTATION_CONTEXT('2D SPACE',''
  ) );
#2764 = PCURVE('',#2765,#2770);
#2765 = PLANE('',#2766);
#2766 = AXIS2_PLACEMENT_3D('',#2767,#2768,#2769);
#2767 = CARTESIAN_POINT('',(47.50000594,0.,26.00000038));
#2768 = DIRECTION('',(-1.,0.,0.));
#2769 = DIRECTION('',(0.,0.,-1.));
#2770 = DEFINITIONAL_REPRESENTATION('',(#2771),#2775);
#2771 = LINE('',#2772,#2773);
#2772 = CARTESIAN_POINT('',(49.,-17.5));
#2773 = VECTOR('',#2774,1.);
#2774 = DIRECTION('',(0.,1.));
#2775 = ( GEOMETRIC_REPRESENTATION_CONTEXT(2) 
PARAMETRIC_REPRESENTATION_CONTEXT() REPRESENTATION_CONTEXT('2D SPACE',''
  ) );
#2776 = ORIENTED_EDGE('',*,*,#2777,.T.);
#2777 = EDGE_CURVE('52@1_105_6',#2750,#2778,#2780,.T.);
#2778 = VERTEX_POINT('52@1_77_7',#2779);
#2779 = CARTESIAN_POINT('',(46.5053085,8.881784197001E-16,-23.99469706)
  );
#2780 = SURFACE_CURVE('',#2781,(#2785,#2792),.PCURVE_S1.);
#2781 = LINE('',#2782,#2783);
#2782 = CARTESIAN_POINT('',(40.62500436,1.7763568394E-15,-29.8750012));
#2783 = VECTOR('',#2784,1.);
#2784 = DIRECTION('',(-0.707106781187,0.,-0.707106781187));
#2785 = PCURVE('',#1191,#2786);
#2786 = DEFINITIONAL_REPRESENTATION('',(#2787),#2791);
#2787 = LINE('',#2788,#2789);
#2788 = CARTESIAN_POINT('',(17.5,7.601400132213));
#2789 = VECTOR('',#2790,1.);
#2790 = DIRECTION('',(-0.,1.));
#2791 = ( GEOMETRIC_REPRESENTATION_CONTEXT(2) 
PARAMETRIC_REPRESENTATION_CONTEXT() REPRESENTATION_CONTEXT('2D SPACE',''
  ) );
#2792 = PCURVE('',#2793,#2798);
#2793 = PLANE('',#2794);
#2794 = AXIS2_PLACEMENT_3D('',#2795,#2796,#2797);
#2795 = CARTESIAN_POINT('',(0.,0.,0.));
#2796 = DIRECTION('',(0.,1.,0.));
#2797 = DIRECTION('',(1.,0.,0.));
#2798 = DEFINITIONAL_REPRESENTATION('',(#2799),#2803);
#2799 = LINE('',#2800,#2801);
#2800 = CARTESIAN_POINT('',(40.62500436,29.8750012));
#2801 = VECTOR('',#2802,1.);
#2802 = DIRECTION('',(-0.707106781187,0.707106781187));
#2803 = ( GEOMETRIC_REPRESENTATION_CONTEXT(2) 
PARAMETRIC_REPRESENTATION_CONTEXT() REPRESENTATION_CONTEXT('2D SPACE',''
  ) );
#2804 = ORIENTED_EDGE('',*,*,#2805,.F.);
#2805 = EDGE_CURVE('52@1_106_6',#2806,#2778,#2808,.T.);
#2806 = VERTEX_POINT('52@1_78_7',#2807);
#2807 = CARTESIAN_POINT('',(46.5053085,3.,-23.99469706));
#2808 = SURFACE_CURVE('',#2809,(#2813,#2820),.PCURVE_S1.);
#2809 = LINE('',#2810,#2811);
#2810 = CARTESIAN_POINT('',(46.5053085,8.75,-23.99469706));
#2811 = VECTOR('',#2812,1.);
#2812 = DIRECTION('',(0.,-1.,-0.));
#2813 = PCURVE('',#1191,#2814);
#2814 = DEFINITIONAL_REPRESENTATION('',(#2815),#2819);
#2815 = LINE('',#2816,#2817);
#2816 = CARTESIAN_POINT('',(8.75,-0.714605733454));
#2817 = VECTOR('',#2818,1.);
#2818 = DIRECTION('',(1.,0.));
#2819 = ( GEOMETRIC_REPRESENTATION_CONTEXT(2) 
PARAMETRIC_REPRESENTATION_CONTEXT() REPRESENTATION_CONTEXT('2D SPACE',''
  ) );
#2820 = PCURVE('',#2821,#2826);
#2821 = PLANE('',#2822);
#2822 = AXIS2_PLACEMENT_3D('',#2823,#2824,#2825);
#2823 = CARTESIAN_POINT('',(46.5053085,0.,-25.00042731));
#2824 = DIRECTION('',(1.,-0.,0.));
#2825 = DIRECTION('',(-0.,0.,1.));
#2826 = DEFINITIONAL_REPRESENTATION('',(#2827),#2831);
#2827 = LINE('',#2828,#2829);
#2828 = CARTESIAN_POINT('',(1.00573025,-8.75));
#2829 = VECTOR('',#2830,1.);
#2830 = DIRECTION('',(-0.,1.));
#2831 = ( GEOMETRIC_REPRESENTATION_CONTEXT(2) 
PARAMETRIC_REPRESENTATION_CONTEXT() REPRESENTATION_CONTEXT('2D SPACE',''
  ) );
#2832 = ORIENTED_EDGE('',*,*,#2833,.T.);
#2833 = EDGE_CURVE('52@1_107_6',#2806,#2679,#2834,.T.);
#2834 = SURFACE_CURVE('',#2835,(#2839,#2846),.PCURVE_S1.);
#2835 = LINE('',#2836,#2837);
#2836 = CARTESIAN_POINT('',(40.62500436,3.,-29.8750012));
#2837 = VECTOR('',#2838,1.);
#2838 = DIRECTION('',(-0.707106781187,0.,-0.707106781187));
#2839 = PCURVE('',#1191,#2840);
#2840 = DEFINITIONAL_REPRESENTATION('',(#2841),#2845);
#2841 = LINE('',#2842,#2843);
#2842 = CARTESIAN_POINT('',(14.5,7.601400132213));
#2843 = VECTOR('',#2844,1.);
#2844 = DIRECTION('',(-0.,1.));
#2845 = ( GEOMETRIC_REPRESENTATION_CONTEXT(2) 
PARAMETRIC_REPRESENTATION_CONTEXT() REPRESENTATION_CONTEXT('2D SPACE',''
  ) );
#2846 = PCURVE('',#2057,#2847);
#2847 = DEFINITIONAL_REPRESENTATION('',(#2848),#2852);
#2848 = LINE('',#2849,#2850);
#2849 = CARTESIAN_POINT('',(-40.62500436,29.8750012));
#2850 = VECTOR('',#2851,1.);
#2851 = DIRECTION('',(0.707106781187,0.707106781187));
#2852 = ( GEOMETRIC_REPRESENTATION_CONTEXT(2) 
PARAMETRIC_REPRESENTATION_CONTEXT() REPRESENTATION_CONTEXT('2D SPACE',''
  ) );
#2853 = ORIENTED_EDGE('',*,*,#2678,.T.);
#2854 = ORIENTED_EDGE('',*,*,#1175,.T.);
#2855 = ORIENTED_EDGE('',*,*,#1684,.F.);
#2856 = ORIENTED_EDGE('',*,*,#1733,.T.);
#2857 = ADVANCED_FACE('52@1_28_4',(#2858),#1265,.F.);
#2858 = FACE_BOUND('',#2859,.F.);
#2859 = EDGE_LOOP('52@',(#2860,#2861,#2862,#2883));
#2860 = ORIENTED_EDGE('',*,*,#1335,.T.);
#2861 = ORIENTED_EDGE('',*,*,#1413,.T.);
#2862 = ORIENTED_EDGE('',*,*,#2863,.T.);
#2863 = EDGE_CURVE('52@1_108_6',#1414,#1250,#2864,.T.);
#2864 = SURFACE_CURVE('',#2865,(#2869,#2876),.PCURVE_S1.);
#2865 = LINE('',#2866,#2867);
#2866 = CARTESIAN_POINT('',(-14.02496164,17.5,-25.99999962));
#2867 = VECTOR('',#2868,1.);
#2868 = DIRECTION('',(0.,-1.,0.));
#2869 = PCURVE('',#1265,#2870);
#2870 = DEFINITIONAL_REPRESENTATION('',(#2871),#2875);
#2871 = LINE('',#2872,#2873);
#2872 = CARTESIAN_POINT('',(61.52496758,-17.5));
#2873 = VECTOR('',#2874,1.);
#2874 = DIRECTION('',(-0.,1.));
#2875 = ( GEOMETRIC_REPRESENTATION_CONTEXT(2) 
PARAMETRIC_REPRESENTATION_CONTEXT() REPRESENTATION_CONTEXT('2D SPACE',''
  ) );
#2876 = PCURVE('',#1291,#2877);
#2877 = DEFINITIONAL_REPRESENTATION('',(#2878),#2882);
#2878 = LINE('',#2879,#2880);
#2879 = CARTESIAN_POINT('',(0.,0.));
#2880 = VECTOR('',#2881,1.);
#2881 = DIRECTION('',(1.,0.));
#2882 = ( GEOMETRIC_REPRESENTATION_CONTEXT(2) 
PARAMETRIC_REPRESENTATION_CONTEXT() REPRESENTATION_CONTEXT('2D SPACE',''
  ) );
#2883 = ORIENTED_EDGE('',*,*,#1249,.F.);
#2884 = ADVANCED_FACE('52@1_29_4',(#2885),#1291,.F.);
#2885 = FACE_BOUND('',#2886,.F.);
#2886 = EDGE_LOOP('52@',(#2887,#2910,#2911,#2912));
#2887 = ORIENTED_EDGE('',*,*,#2888,.T.);
#2888 = EDGE_CURVE('52@1_109_6',#2889,#932,#2891,.T.);
#2889 = VERTEX_POINT('52@1_79_7',#2890);
#2890 = CARTESIAN_POINT('',(-14.02496164,17.3,-26.19999962));
#2891 = SURFACE_CURVE('',#2892,(#2896,#2903),.PCURVE_S1.);
#2892 = LINE('',#2893,#2894);
#2893 = CARTESIAN_POINT('',(-14.02496164,17.5,-26.19999962));
#2894 = VECTOR('',#2895,1.);
#2895 = DIRECTION('',(0.,-1.,0.));
#2896 = PCURVE('',#1291,#2897);
#2897 = DEFINITIONAL_REPRESENTATION('',(#2898),#2902);
#2898 = LINE('',#2899,#2900);
#2899 = CARTESIAN_POINT('',(0.,-0.2));
#2900 = VECTOR('',#2901,1.);
#2901 = DIRECTION('',(1.,0.));
#2902 = ( GEOMETRIC_REPRESENTATION_CONTEXT(2) 
PARAMETRIC_REPRESENTATION_CONTEXT() REPRESENTATION_CONTEXT('2D SPACE',''
  ) );
#2903 = PCURVE('',#2195,#2904);
#2904 = DEFINITIONAL_REPRESENTATION('',(#2905),#2909);
#2905 = LINE('',#2906,#2907);
#2906 = CARTESIAN_POINT('',(0.,1.272792206136));
#2907 = VECTOR('',#2908,1.);
#2908 = DIRECTION('',(1.,0.));
#2909 = ( GEOMETRIC_REPRESENTATION_CONTEXT(2) 
PARAMETRIC_REPRESENTATION_CONTEXT() REPRESENTATION_CONTEXT('2D SPACE',''
  ) );
#2910 = ORIENTED_EDGE('',*,*,#1277,.F.);
#2911 = ORIENTED_EDGE('',*,*,#2863,.F.);
#2912 = ORIENTED_EDGE('',*,*,#2913,.F.);
#2913 = EDGE_CURVE('52@1_110_6',#2889,#1414,#2914,.T.);
#2914 = SURFACE_CURVE('',#2915,(#2919,#2926),.PCURVE_S1.);
#2915 = LINE('',#2916,#2917);
#2916 = CARTESIAN_POINT('',(-14.02496164,17.,-26.49999962));
#2917 = VECTOR('',#2918,1.);
#2918 = DIRECTION('',(-0.,0.707106781187,0.707106781187));
#2919 = PCURVE('',#1291,#2920);
#2920 = DEFINITIONAL_REPRESENTATION('',(#2921),#2925);
#2921 = LINE('',#2922,#2923);
#2922 = CARTESIAN_POINT('',(0.5,-0.5));
#2923 = VECTOR('',#2924,1.);
#2924 = DIRECTION('',(-0.707106781187,0.707106781187));
#2925 = ( GEOMETRIC_REPRESENTATION_CONTEXT(2) 
PARAMETRIC_REPRESENTATION_CONTEXT() REPRESENTATION_CONTEXT('2D SPACE',''
  ) );
#2926 = PCURVE('',#1452,#2927);
#2927 = DEFINITIONAL_REPRESENTATION('',(#2928),#2932);
#2928 = LINE('',#2929,#2930);
#2929 = CARTESIAN_POINT('',(-27.70832147,0.707106781187));
#2930 = VECTOR('',#2931,1.);
#2931 = DIRECTION('',(-0.,1.));
#2932 = ( GEOMETRIC_REPRESENTATION_CONTEXT(2) 
PARAMETRIC_REPRESENTATION_CONTEXT() REPRESENTATION_CONTEXT('2D SPACE',''
  ) );
#2933 = ADVANCED_FACE('52@1_30_4',(#2934),#1378,.F.);
#2934 = FACE_BOUND('',#2935,.F.);
#2935 = EDGE_LOOP('52@',(#2936,#2966,#2987,#2988,#2989,#2990));
#2936 = ORIENTED_EDGE('',*,*,#2937,.T.);
#2937 = EDGE_CURVE('52@1_111_6',#2938,#2940,#2942,.T.);
#2938 = VERTEX_POINT('52@1_81_7',#2939);
#2939 = CARTESIAN_POINT('',(47.50000594,14.5,23.00000038));
#2940 = VERTEX_POINT('52@1_80_7',#2941);
#2941 = CARTESIAN_POINT('',(45.50000594,16.5,25.00000038));
#2942 = SURFACE_CURVE('',#2943,(#2947,#2954),.PCURVE_S1.);
#2943 = LINE('',#2944,#2945);
#2944 = CARTESIAN_POINT('',(48.416672606667,13.583333333333,
    22.083333713333));
#2945 = VECTOR('',#2946,1.);
#2946 = DIRECTION('',(-0.57735026919,0.57735026919,0.57735026919));
#2947 = PCURVE('',#1378,#2948);
#2948 = DEFINITIONAL_REPRESENTATION('',(#2949),#2953);
#2949 = LINE('',#2950,#2951);
#2950 = CARTESIAN_POINT('',(3.916666666667,3.417682775735));
#2951 = VECTOR('',#2952,1.);
#2952 = DIRECTION('',(-0.57735026919,-0.816496580928));
#2953 = ( GEOMETRIC_REPRESENTATION_CONTEXT(2) 
PARAMETRIC_REPRESENTATION_CONTEXT() REPRESENTATION_CONTEXT('2D SPACE',''
  ) );
#2954 = PCURVE('',#2955,#2960);
#2955 = PLANE('',#2956);
#2956 = AXIS2_PLACEMENT_3D('',#2957,#2958,#2959);
#2957 = CARTESIAN_POINT('',(46.00000594,0.,24.50000038));
#2958 = DIRECTION('',(0.707106781187,0.,0.707106781187));
#2959 = DIRECTION('',(-0.,1.,0.));
#2960 = DEFINITIONAL_REPRESENTATION('',(#2961),#2965);
#2961 = LINE('',#2962,#2963);
#2962 = CARTESIAN_POINT('',(13.583333333333,-3.417682775735));
#2963 = VECTOR('',#2964,1.);
#2964 = DIRECTION('',(0.57735026919,0.816496580928));
#2965 = ( GEOMETRIC_REPRESENTATION_CONTEXT(2) 
PARAMETRIC_REPRESENTATION_CONTEXT() REPRESENTATION_CONTEXT('2D SPACE',''
  ) );
#2966 = ORIENTED_EDGE('',*,*,#2967,.F.);
#2967 = EDGE_CURVE('52@1_112_6',#1361,#2940,#2968,.T.);
#2968 = SURFACE_CURVE('',#2969,(#2973,#2980),.PCURVE_S1.);
#2969 = LINE('',#2970,#2971);
#2970 = CARTESIAN_POINT('',(45.08581259,16.91419335,24.58580703));
#2971 = VECTOR('',#2972,1.);
#2972 = DIRECTION('',(0.57735026919,-0.57735026919,0.57735026919));
#2973 = PCURVE('',#1378,#2974);
#2974 = DEFINITIONAL_REPRESENTATION('',(#2975),#2979);
#2975 = LINE('',#2976,#2977);
#2976 = CARTESIAN_POINT('',(1.41419335,-1.292864634201));
#2977 = VECTOR('',#2978,1.);
#2978 = DIRECTION('',(-0.57735026919,0.816496580928));
#2979 = ( GEOMETRIC_REPRESENTATION_CONTEXT(2) 
PARAMETRIC_REPRESENTATION_CONTEXT() REPRESENTATION_CONTEXT('2D SPACE',''
  ) );
#2980 = PCURVE('',#1669,#2981);
#2981 = DEFINITIONAL_REPRESENTATION('',(#2982),#2986);
#2982 = LINE('',#2983,#2984);
#2983 = CARTESIAN_POINT('',(4.07096675,-0.585757853015));
#2984 = VECTOR('',#2985,1.);
#2985 = DIRECTION('',(0.57735026919,0.816496580928));
#2986 = ( GEOMETRIC_REPRESENTATION_CONTEXT(2) 
PARAMETRIC_REPRESENTATION_CONTEXT() REPRESENTATION_CONTEXT('2D SPACE',''
  ) );
#2987 = ORIENTED_EDGE('',*,*,#1360,.T.);
#2988 = ORIENTED_EDGE('',*,*,#1759,.F.);
#2989 = ORIENTED_EDGE('',*,*,#2726,.F.);
#2990 = ORIENTED_EDGE('',*,*,#2991,.F.);
#2991 = EDGE_CURVE('52@1_113_6',#2938,#2727,#2992,.T.);
#2992 = SURFACE_CURVE('',#2993,(#2997,#3004),.PCURVE_S1.);
#2993 = LINE('',#2994,#2995);
#2994 = CARTESIAN_POINT('',(47.50000594,14.5,26.00000038));
#2995 = VECTOR('',#2996,1.);
#2996 = DIRECTION('',(0.,0.,-1.));
#2997 = PCURVE('',#1378,#2998);
#2998 = DEFINITIONAL_REPRESENTATION('',(#2999),#3003);
#2999 = LINE('',#3000,#3001);
#3000 = CARTESIAN_POINT('',(-0.,2.12132034356));
#3001 = VECTOR('',#3002,1.);
#3002 = DIRECTION('',(1.,0.));
#3003 = ( GEOMETRIC_REPRESENTATION_CONTEXT(2) 
PARAMETRIC_REPRESENTATION_CONTEXT() REPRESENTATION_CONTEXT('2D SPACE',''
  ) );
#3004 = PCURVE('',#2765,#3005);
#3005 = DEFINITIONAL_REPRESENTATION('',(#3006),#3010);
#3006 = LINE('',#3007,#3008);
#3007 = CARTESIAN_POINT('',(0.,-14.5));
#3008 = VECTOR('',#3009,1.);
#3009 = DIRECTION('',(1.,0.));
#3010 = ( GEOMETRIC_REPRESENTATION_CONTEXT(2) 
PARAMETRIC_REPRESENTATION_CONTEXT() REPRESENTATION_CONTEXT('2D SPACE',''
  ) );
#3011 = ADVANCED_FACE('52@1_31_4',(#3012),#1669,.F.);
#3012 = FACE_BOUND('',#3013,.F.);
#3013 = EDGE_LOOP('52@',(#3014,#3015,#3038,#3066,#3087));
#3014 = ORIENTED_EDGE('',*,*,#2967,.T.);
#3015 = ORIENTED_EDGE('',*,*,#3016,.T.);
#3016 = EDGE_CURVE('52@1_114_6',#2940,#3017,#3019,.T.);
#3017 = VERTEX_POINT('52@1_82_7',#3018);
#3018 = CARTESIAN_POINT('',(44.50000594,15.5,26.00000038));
#3019 = SURFACE_CURVE('',#3020,(#3024,#3031),.PCURVE_S1.);
#3020 = LINE('',#3021,#3022);
#3021 = CARTESIAN_POINT('',(42.169145923333,13.169139983333,
    28.330860396667));
#3022 = VECTOR('',#3023,1.);
#3023 = DIRECTION('',(-0.57735026919,-0.57735026919,0.57735026919));
#3024 = PCURVE('',#1669,#3025);
#3025 = DEFINITIONAL_REPRESENTATION('',(#3026),#3030);
#3026 = LINE('',#3027,#3028);
#3027 = CARTESIAN_POINT('',(1.154300083333,4.710547409936));
#3028 = VECTOR('',#3029,1.);
#3029 = DIRECTION('',(-0.57735026919,0.816496580928));
#3030 = ( GEOMETRIC_REPRESENTATION_CONTEXT(2) 
PARAMETRIC_REPRESENTATION_CONTEXT() REPRESENTATION_CONTEXT('2D SPACE',''
  ) );
#3031 = PCURVE('',#2955,#3032);
#3032 = DEFINITIONAL_REPRESENTATION('',(#3033),#3037);
#3033 = LINE('',#3034,#3035);
#3034 = CARTESIAN_POINT('',(13.169139983333,5.417654191123));
#3035 = VECTOR('',#3036,1.);
#3036 = DIRECTION('',(-0.57735026919,0.816496580928));
#3037 = ( GEOMETRIC_REPRESENTATION_CONTEXT(2) 
PARAMETRIC_REPRESENTATION_CONTEXT() REPRESENTATION_CONTEXT('2D SPACE',''
  ) );
#3038 = ORIENTED_EDGE('',*,*,#3039,.F.);
#3039 = EDGE_CURVE('52@1_116_6',#3040,#3017,#3042,.T.);
#3040 = VERTEX_POINT('52@1_83_7',#3041);
#3041 = CARTESIAN_POINT('',(41.01484584,15.5,26.00000038));
#3042 = SURFACE_CURVE('',#3043,(#3047,#3054),.PCURVE_S1.);
#3043 = LINE('',#3044,#3045);
#3044 = CARTESIAN_POINT('',(41.01484584,15.5,26.00000038));
#3045 = VECTOR('',#3046,1.);
#3046 = DIRECTION('',(1.,0.,0.));
#3047 = PCURVE('',#1669,#3048);
#3048 = DEFINITIONAL_REPRESENTATION('',(#3049),#3053);
#3049 = LINE('',#3050,#3051);
#3050 = CARTESIAN_POINT('',(0.,1.414213562373));
#3051 = VECTOR('',#3052,1.);
#3052 = DIRECTION('',(1.,0.));
#3053 = ( GEOMETRIC_REPRESENTATION_CONTEXT(2) 
PARAMETRIC_REPRESENTATION_CONTEXT() REPRESENTATION_CONTEXT('2D SPACE',''
  ) );
#3054 = PCURVE('',#3055,#3060);
#3055 = PLANE('',#3056);
#3056 = AXIS2_PLACEMENT_3D('',#3057,#3058,#3059);
#3057 = CARTESIAN_POINT('',(-47.49999406,0.,26.00000038));
#3058 = DIRECTION('',(0.,0.,-1.));
#3059 = DIRECTION('',(1.,0.,0.));
#3060 = DEFINITIONAL_REPRESENTATION('',(#3061),#3065);
#3061 = LINE('',#3062,#3063);
#3062 = CARTESIAN_POINT('',(88.5148399,-15.5));
#3063 = VECTOR('',#3064,1.);
#3064 = DIRECTION('',(1.,0.));
#3065 = ( GEOMETRIC_REPRESENTATION_CONTEXT(2) 
PARAMETRIC_REPRESENTATION_CONTEXT() REPRESENTATION_CONTEXT('2D SPACE',''
  ) );
#3066 = ORIENTED_EDGE('',*,*,#3067,.F.);
#3067 = EDGE_CURVE('52@1_115_6',#1628,#3040,#3068,.T.);
#3068 = SURFACE_CURVE('',#3069,(#3073,#3080),.PCURVE_S1.);
#3069 = LINE('',#3070,#3071);
#3070 = CARTESIAN_POINT('',(41.01484584,12.125,29.37500038));
#3071 = VECTOR('',#3072,1.);
#3072 = DIRECTION('',(-0.,-0.707106781187,0.707106781187));
#3073 = PCURVE('',#1669,#3074);
#3074 = DEFINITIONAL_REPRESENTATION('',(#3075),#3079);
#3075 = LINE('',#3076,#3077);
#3076 = CARTESIAN_POINT('',(7.105427357601E-15,6.187184335382));
#3077 = VECTOR('',#3078,1.);
#3078 = DIRECTION('',(0.,1.));
#3079 = ( GEOMETRIC_REPRESENTATION_CONTEXT(2) 
PARAMETRIC_REPRESENTATION_CONTEXT() REPRESENTATION_CONTEXT('2D SPACE',''
  ) );
#3080 = PCURVE('',#1643,#3081);
#3081 = DEFINITIONAL_REPRESENTATION('',(#3082),#3086);
#3082 = LINE('',#3083,#3084);
#3083 = CARTESIAN_POINT('',(12.125,-3.375));
#3084 = VECTOR('',#3085,1.);
#3085 = DIRECTION('',(-0.707106781187,-0.707106781187));
#3086 = ( GEOMETRIC_REPRESENTATION_CONTEXT(2) 
PARAMETRIC_REPRESENTATION_CONTEXT() REPRESENTATION_CONTEXT('2D SPACE',''
  ) );
#3087 = ORIENTED_EDGE('',*,*,#1655,.T.);
#3088 = ADVANCED_FACE('52@1_32_4',(#3089),#1643,.F.);
#3089 = FACE_BOUND('',#3090,.F.);
#3090 = EDGE_LOOP('52@',(#3091,#3121,#3142,#3143,#3144,#3167));
#3091 = ORIENTED_EDGE('',*,*,#3092,.T.);
#3092 = EDGE_CURVE('52@1_117_6',#3093,#3095,#3097,.T.);
#3093 = VERTEX_POINT('52@1_85_7',#3094);
#3094 = CARTESIAN_POINT('',(41.01484584,1.887379141863E-15,26.20000038)
  );
#3095 = VERTEX_POINT('52@1_84_7',#3096);
#3096 = CARTESIAN_POINT('',(41.01484584,17.3,26.20000038));
#3097 = SURFACE_CURVE('',#3098,(#3102,#3109),.PCURVE_S1.);
#3098 = LINE('',#3099,#3100);
#3099 = CARTESIAN_POINT('',(41.01484584,0.,26.20000038));
#3100 = VECTOR('',#3101,1.);
#3101 = DIRECTION('',(0.,1.,0.));
#3102 = PCURVE('',#1643,#3103);
#3103 = DEFINITIONAL_REPRESENTATION('',(#3104),#3108);
#3104 = LINE('',#3105,#3106);
#3105 = CARTESIAN_POINT('',(0.,-0.2));
#3106 = VECTOR('',#3107,1.);
#3107 = DIRECTION('',(1.,0.));
#3108 = ( GEOMETRIC_REPRESENTATION_CONTEXT(2) 
PARAMETRIC_REPRESENTATION_CONTEXT() REPRESENTATION_CONTEXT('2D SPACE',''
  ) );
#3109 = PCURVE('',#3110,#3115);
#3110 = PLANE('',#3111);
#3111 = AXIS2_PLACEMENT_3D('',#3112,#3113,#3114);
#3112 = CARTESIAN_POINT('',(40.11484584,0.,27.10000038));
#3113 = DIRECTION('',(-0.707106781187,0.,-0.707106781187));
#3114 = DIRECTION('',(-0.,-1.,-0.));
#3115 = DEFINITIONAL_REPRESENTATION('',(#3116),#3120);
#3116 = LINE('',#3117,#3118);
#3117 = CARTESIAN_POINT('',(-0.,-1.272792206136));
#3118 = VECTOR('',#3119,1.);
#3119 = DIRECTION('',(-1.,0.));
#3120 = ( GEOMETRIC_REPRESENTATION_CONTEXT(2) 
PARAMETRIC_REPRESENTATION_CONTEXT() REPRESENTATION_CONTEXT('2D SPACE',''
  ) );
#3121 = ORIENTED_EDGE('',*,*,#3122,.F.);
#3122 = EDGE_CURVE('52@1_118_6',#1600,#3095,#3123,.T.);
#3123 = SURFACE_CURVE('',#3124,(#3128,#3135),.PCURVE_S1.);
#3124 = LINE('',#3125,#3126);
#3125 = CARTESIAN_POINT('',(41.01484584,12.625,30.87500038));
#3126 = VECTOR('',#3127,1.);
#3127 = DIRECTION('',(0.,-0.707106781187,0.707106781187));
#3128 = PCURVE('',#1643,#3129);
#3129 = DEFINITIONAL_REPRESENTATION('',(#3130),#3134);
#3130 = LINE('',#3131,#3132);
#3131 = CARTESIAN_POINT('',(12.625,-4.875));
#3132 = VECTOR('',#3133,1.);
#3133 = DIRECTION('',(-0.707106781187,-0.707106781187));
#3134 = ( GEOMETRIC_REPRESENTATION_CONTEXT(2) 
PARAMETRIC_REPRESENTATION_CONTEXT() REPRESENTATION_CONTEXT('2D SPACE',''
  ) );
#3135 = PCURVE('',#1615,#3136);
#3136 = DEFINITIONAL_REPRESENTATION('',(#3137),#3141);
#3137 = LINE('',#3138,#3139);
#3138 = CARTESIAN_POINT('',(-1.8,5.480077554196));
#3139 = VECTOR('',#3140,1.);
#3140 = DIRECTION('',(0.,1.));
#3141 = ( GEOMETRIC_REPRESENTATION_CONTEXT(2) 
PARAMETRIC_REPRESENTATION_CONTEXT() REPRESENTATION_CONTEXT('2D SPACE',''
  ) );
#3142 = ORIENTED_EDGE('',*,*,#1627,.T.);
#3143 = ORIENTED_EDGE('',*,*,#3067,.T.);
#3144 = ORIENTED_EDGE('',*,*,#3145,.F.);
#3145 = EDGE_CURVE('52@1_120_6',#3146,#3040,#3148,.T.);
#3146 = VERTEX_POINT('52@1_86_7',#3147);
#3147 = CARTESIAN_POINT('',(41.01484584,0.,26.00000038));
#3148 = SURFACE_CURVE('',#3149,(#3153,#3160),.PCURVE_S1.);
#3149 = LINE('',#3150,#3151);
#3150 = CARTESIAN_POINT('',(41.01484584,0.,26.00000038));
#3151 = VECTOR('',#3152,1.);
#3152 = DIRECTION('',(0.,1.,0.));
#3153 = PCURVE('',#1643,#3154);
#3154 = DEFINITIONAL_REPRESENTATION('',(#3155),#3159);
#3155 = LINE('',#3156,#3157);
#3156 = CARTESIAN_POINT('',(0.,0.));
#3157 = VECTOR('',#3158,1.);
#3158 = DIRECTION('',(1.,0.));
#3159 = ( GEOMETRIC_REPRESENTATION_CONTEXT(2) 
PARAMETRIC_REPRESENTATION_CONTEXT() REPRESENTATION_CONTEXT('2D SPACE',''
  ) );
#3160 = PCURVE('',#3055,#3161);
#3161 = DEFINITIONAL_REPRESENTATION('',(#3162),#3166);
#3162 = LINE('',#3163,#3164);
#3163 = CARTESIAN_POINT('',(88.5148399,0.));
#3164 = VECTOR('',#3165,1.);
#3165 = DIRECTION('',(0.,-1.));
#3166 = ( GEOMETRIC_REPRESENTATION_CONTEXT(2) 
PARAMETRIC_REPRESENTATION_CONTEXT() REPRESENTATION_CONTEXT('2D SPACE',''
  ) );
#3167 = ORIENTED_EDGE('',*,*,#3168,.T.);
#3168 = EDGE_CURVE('52@1_119_6',#3146,#3093,#3169,.T.);
#3169 = SURFACE_CURVE('',#3170,(#3174,#3181),.PCURVE_S1.);
#3170 = LINE('',#3171,#3172);
#3171 = CARTESIAN_POINT('',(41.01484584,0.,26.00000038));
#3172 = VECTOR('',#3173,1.);
#3173 = DIRECTION('',(-0.,-0.,1.));
#3174 = PCURVE('',#1643,#3175);
#3175 = DEFINITIONAL_REPRESENTATION('',(#3176),#3180);
#3176 = LINE('',#3177,#3178);
#3177 = CARTESIAN_POINT('',(0.,0.));
#3178 = VECTOR('',#3179,1.);
#3179 = DIRECTION('',(0.,-1.));
#3180 = ( GEOMETRIC_REPRESENTATION_CONTEXT(2) 
PARAMETRIC_REPRESENTATION_CONTEXT() REPRESENTATION_CONTEXT('2D SPACE',''
  ) );
#3181 = PCURVE('',#3182,#3187);
#3182 = PLANE('',#3183);
#3183 = AXIS2_PLACEMENT_3D('',#3184,#3185,#3186);
#3184 = CARTESIAN_POINT('',(0.,0.,0.));
#3185 = DIRECTION('',(0.,1.,0.));
#3186 = DIRECTION('',(1.,0.,0.));
#3187 = DEFINITIONAL_REPRESENTATION('',(#3188),#3192);
#3188 = LINE('',#3189,#3190);
#3189 = CARTESIAN_POINT('',(41.01484584,-26.00000038));
#3190 = VECTOR('',#3191,1.);
#3191 = DIRECTION('',(0.,-1.));
#3192 = ( GEOMETRIC_REPRESENTATION_CONTEXT(2) 
PARAMETRIC_REPRESENTATION_CONTEXT() REPRESENTATION_CONTEXT('2D SPACE',''
  ) );
#3193 = ADVANCED_FACE('52@1_33_4',(#3194),#1615,.T.);
#3194 = FACE_BOUND('',#3195,.T.);
#3195 = EDGE_LOOP('52@',(#3196,#3197,#3198,#3226,#3254,#3282,#3310,#3333
    ));
#3196 = ORIENTED_EDGE('',*,*,#3122,.F.);
#3197 = ORIENTED_EDGE('',*,*,#1599,.T.);
#3198 = ORIENTED_EDGE('',*,*,#3199,.T.);
#3199 = EDGE_CURVE('52@1_122_6',#1572,#3200,#3202,.T.);
#3200 = VERTEX_POINT('52@1_88_7',#3201);
#3201 = CARTESIAN_POINT('',(12.33402952,17.3,26.20000038));
#3202 = SURFACE_CURVE('',#3203,(#3207,#3214),.PCURVE_S1.);
#3203 = LINE('',#3204,#3205);
#3204 = CARTESIAN_POINT('',(12.33402952,17.,26.50000038));
#3205 = VECTOR('',#3206,1.);
#3206 = DIRECTION('',(-0.,-0.707106781187,0.707106781187));
#3207 = PCURVE('',#1615,#3208);
#3208 = DEFINITIONAL_REPRESENTATION('',(#3209),#3213);
#3209 = LINE('',#3210,#3211);
#3210 = CARTESIAN_POINT('',(26.88081632,-0.707106781187));
#3211 = VECTOR('',#3212,1.);
#3212 = DIRECTION('',(0.,1.));
#3213 = ( GEOMETRIC_REPRESENTATION_CONTEXT(2) 
PARAMETRIC_REPRESENTATION_CONTEXT() REPRESENTATION_CONTEXT('2D SPACE',''
  ) );
#3214 = PCURVE('',#3215,#3220);
#3215 = PLANE('',#3216);
#3216 = AXIS2_PLACEMENT_3D('',#3217,#3218,#3219);
#3217 = CARTESIAN_POINT('',(12.33402952,17.5,26.00000038));
#3218 = DIRECTION('',(1.,0.,0.));
#3219 = DIRECTION('',(0.,-1.,0.));
#3220 = DEFINITIONAL_REPRESENTATION('',(#3221),#3225);
#3221 = LINE('',#3222,#3223);
#3222 = CARTESIAN_POINT('',(0.5,-0.5));
#3223 = VECTOR('',#3224,1.);
#3224 = DIRECTION('',(0.707106781187,-0.707106781187));
#3225 = ( GEOMETRIC_REPRESENTATION_CONTEXT(2) 
PARAMETRIC_REPRESENTATION_CONTEXT() REPRESENTATION_CONTEXT('2D SPACE',''
  ) );
#3226 = ORIENTED_EDGE('',*,*,#3227,.T.);
#3227 = EDGE_CURVE('52@1_126_6',#3200,#3228,#3230,.T.);
#3228 = VERTEX_POINT('52@1_91_7',#3229);
#3229 = CARTESIAN_POINT('',(14.13402952,15.5,28.00000038));
#3230 = SURFACE_CURVE('',#3231,(#3235,#3242),.PCURVE_S1.);
#3231 = LINE('',#3232,#3233);
#3232 = CARTESIAN_POINT('',(17.347498906667,12.286530613333,
    31.213469766667));
#3233 = VECTOR('',#3234,1.);
#3234 = DIRECTION('',(0.57735026919,-0.57735026919,0.57735026919));
#3235 = PCURVE('',#1615,#3236);
#3236 = DEFINITIONAL_REPRESENTATION('',(#3237),#3241);
#3237 = LINE('',#3238,#3239);
#3238 = CARTESIAN_POINT('',(21.867346933333,5.958745551268));
#3239 = VECTOR('',#3240,1.);
#3240 = DIRECTION('',(-0.57735026919,0.816496580928));
#3241 = ( GEOMETRIC_REPRESENTATION_CONTEXT(2) 
PARAMETRIC_REPRESENTATION_CONTEXT() REPRESENTATION_CONTEXT('2D SPACE',''
  ) );
#3242 = PCURVE('',#3243,#3248);
#3243 = PLANE('',#3244);
#3244 = AXIS2_PLACEMENT_3D('',#3245,#3246,#3247);
#3245 = CARTESIAN_POINT('',(13.23402952,17.5,27.10000038));
#3246 = DIRECTION('',(0.707106781187,0.,-0.707106781187));
#3247 = DIRECTION('',(0.,-1.,0.));
#3248 = DEFINITIONAL_REPRESENTATION('',(#3249),#3253);
#3249 = LINE('',#3250,#3251);
#3250 = CARTESIAN_POINT('',(5.213469386667,-5.817324195031));
#3251 = VECTOR('',#3252,1.);
#3252 = DIRECTION('',(0.57735026919,-0.816496580928));
#3253 = ( GEOMETRIC_REPRESENTATION_CONTEXT(2) 
PARAMETRIC_REPRESENTATION_CONTEXT() REPRESENTATION_CONTEXT('2D SPACE',''
  ) );
#3254 = ORIENTED_EDGE('',*,*,#3255,.F.);
#3255 = EDGE_CURVE('52@1_125_6',#3256,#3228,#3258,.T.);
#3256 = VERTEX_POINT('52@1_90_7',#3257);
#3257 = CARTESIAN_POINT('',(22.53500531,15.5,28.00000038));
#3258 = SURFACE_CURVE('',#3259,(#3263,#3270),.PCURVE_S1.);
#3259 = LINE('',#3260,#3261);
#3260 = CARTESIAN_POINT('',(39.21484584,15.5,28.00000038));
#3261 = VECTOR('',#3262,1.);
#3262 = DIRECTION('',(-1.,0.,0.));
#3263 = PCURVE('',#1615,#3264);
#3264 = DEFINITIONAL_REPRESENTATION('',(#3265),#3269);
#3265 = LINE('',#3266,#3267);
#3266 = CARTESIAN_POINT('',(0.,1.414213562373));
#3267 = VECTOR('',#3268,1.);
#3268 = DIRECTION('',(1.,0.));
#3269 = ( GEOMETRIC_REPRESENTATION_CONTEXT(2) 
PARAMETRIC_REPRESENTATION_CONTEXT() REPRESENTATION_CONTEXT('2D SPACE',''
  ) );
#3270 = PCURVE('',#3271,#3276);
#3271 = PLANE('',#3272);
#3272 = AXIS2_PLACEMENT_3D('',#3273,#3274,#3275);
#3273 = CARTESIAN_POINT('',(0.,0.,28.00000038));
#3274 = DIRECTION('',(-0.,-0.,1.));
#3275 = DIRECTION('',(-1.,0.,-0.));
#3276 = DEFINITIONAL_REPRESENTATION('',(#3277),#3281);
#3277 = LINE('',#3278,#3279);
#3278 = CARTESIAN_POINT('',(-39.21484584,-15.5));
#3279 = VECTOR('',#3280,1.);
#3280 = DIRECTION('',(1.,-0.));
#3281 = ( GEOMETRIC_REPRESENTATION_CONTEXT(2) 
PARAMETRIC_REPRESENTATION_CONTEXT() REPRESENTATION_CONTEXT('2D SPACE',''
  ) );
#3282 = ORIENTED_EDGE('',*,*,#3283,.F.);
#3283 = EDGE_CURVE('52@1_124_6',#3284,#3256,#3286,.T.);
#3284 = VERTEX_POINT('52@1_89_7',#3285);
#3285 = CARTESIAN_POINT('',(32.92314969,15.5,28.00000038));
#3286 = SURFACE_CURVE('',#3287,(#3291,#3298),.PCURVE_S1.);
#3287 = LINE('',#3288,#3289);
#3288 = CARTESIAN_POINT('',(39.21484584,15.5,28.00000038));
#3289 = VECTOR('',#3290,1.);
#3290 = DIRECTION('',(-1.,0.,0.));
#3291 = PCURVE('',#1615,#3292);
#3292 = DEFINITIONAL_REPRESENTATION('',(#3293),#3297);
#3293 = LINE('',#3294,#3295);
#3294 = CARTESIAN_POINT('',(0.,1.414213562373));
#3295 = VECTOR('',#3296,1.);
#3296 = DIRECTION('',(1.,0.));
#3297 = ( GEOMETRIC_REPRESENTATION_CONTEXT(2) 
PARAMETRIC_REPRESENTATION_CONTEXT() REPRESENTATION_CONTEXT('2D SPACE',''
  ) );
#3298 = PCURVE('',#3299,#3304);
#3299 = PLANE('',#3300);
#3300 = AXIS2_PLACEMENT_3D('',#3301,#3302,#3303);
#3301 = CARTESIAN_POINT('',(32.92314969,15.5,-76.));
#3302 = DIRECTION('',(-0.,-1.,-0.));
#3303 = DIRECTION('',(-1.,0.,0.));
#3304 = DEFINITIONAL_REPRESENTATION('',(#3305),#3309);
#3305 = LINE('',#3306,#3307);
#3306 = CARTESIAN_POINT('',(-6.29169615,-104.00000038));
#3307 = VECTOR('',#3308,1.);
#3308 = DIRECTION('',(1.,0.));
#3309 = ( GEOMETRIC_REPRESENTATION_CONTEXT(2) 
PARAMETRIC_REPRESENTATION_CONTEXT() REPRESENTATION_CONTEXT('2D SPACE',''
  ) );
#3310 = ORIENTED_EDGE('',*,*,#3311,.F.);
#3311 = EDGE_CURVE('52@1_123_6',#3312,#3284,#3314,.T.);
#3312 = VERTEX_POINT('52@1_87_7',#3313);
#3313 = CARTESIAN_POINT('',(39.21484584,15.5,28.00000038));
#3314 = SURFACE_CURVE('',#3315,(#3319,#3326),.PCURVE_S1.);
#3315 = LINE('',#3316,#3317);
#3316 = CARTESIAN_POINT('',(39.21484584,15.5,28.00000038));
#3317 = VECTOR('',#3318,1.);
#3318 = DIRECTION('',(-1.,0.,0.));
#3319 = PCURVE('',#1615,#3320);
#3320 = DEFINITIONAL_REPRESENTATION('',(#3321),#3325);
#3321 = LINE('',#3322,#3323);
#3322 = CARTESIAN_POINT('',(0.,1.414213562373));
#3323 = VECTOR('',#3324,1.);
#3324 = DIRECTION('',(1.,0.));
#3325 = ( GEOMETRIC_REPRESENTATION_CONTEXT(2) 
PARAMETRIC_REPRESENTATION_CONTEXT() REPRESENTATION_CONTEXT('2D SPACE',''
  ) );
#3326 = PCURVE('',#3271,#3327);
#3327 = DEFINITIONAL_REPRESENTATION('',(#3328),#3332);
#3328 = LINE('',#3329,#3330);
#3329 = CARTESIAN_POINT('',(-39.21484584,-15.5));
#3330 = VECTOR('',#3331,1.);
#3331 = DIRECTION('',(1.,-0.));
#3332 = ( GEOMETRIC_REPRESENTATION_CONTEXT(2) 
PARAMETRIC_REPRESENTATION_CONTEXT() REPRESENTATION_CONTEXT('2D SPACE',''
  ) );
#3333 = ORIENTED_EDGE('',*,*,#3334,.F.);
#3334 = EDGE_CURVE('52@1_121_6',#3095,#3312,#3335,.T.);
#3335 = SURFACE_CURVE('',#3336,(#3340,#3347),.PCURVE_S1.);
#3336 = LINE('',#3337,#3338);
#3337 = CARTESIAN_POINT('',(37.26484584,13.55,29.95000038));
#3338 = VECTOR('',#3339,1.);
#3339 = DIRECTION('',(-0.57735026919,-0.57735026919,0.57735026919));
#3340 = PCURVE('',#1615,#3341);
#3341 = DEFINITIONAL_REPRESENTATION('',(#3342),#3346);
#3342 = LINE('',#3343,#3344);
#3343 = CARTESIAN_POINT('',(1.95,4.171930009001));
#3344 = VECTOR('',#3345,1.);
#3345 = DIRECTION('',(0.57735026919,0.816496580928));
#3346 = ( GEOMETRIC_REPRESENTATION_CONTEXT(2) 
PARAMETRIC_REPRESENTATION_CONTEXT() REPRESENTATION_CONTEXT('2D SPACE',''
  ) );
#3347 = PCURVE('',#3110,#3348);
#3348 = DEFINITIONAL_REPRESENTATION('',(#3349),#3353);
#3349 = LINE('',#3350,#3351);
#3350 = CARTESIAN_POINT('',(-13.55,4.030508652763));
#3351 = VECTOR('',#3352,1.);
#3352 = DIRECTION('',(0.57735026919,0.816496580928));
#3353 = ( GEOMETRIC_REPRESENTATION_CONTEXT(2) 
PARAMETRIC_REPRESENTATION_CONTEXT() REPRESENTATION_CONTEXT('2D SPACE',''
  ) );
#3354 = ADVANCED_FACE('52@1_34_4',(#3355),#1587,.F.);
#3355 = FACE_BOUND('',#3356,.F.);
#3356 = EDGE_LOOP('52@',(#3357,#3385,#3386,#3409));
#3357 = ORIENTED_EDGE('',*,*,#3358,.T.);
#3358 = EDGE_CURVE('52@1_127_6',#3359,#1544,#3361,.T.);
#3359 = VERTEX_POINT('52@1_92_7',#3360);
#3360 = CARTESIAN_POINT('',(-14.02496164,0.,26.00000038));
#3361 = SURFACE_CURVE('',#3362,(#3366,#3373),.PCURVE_S1.);
#3362 = LINE('',#3363,#3364);
#3363 = CARTESIAN_POINT('',(-14.02496164,0.,26.00000038));
#3364 = VECTOR('',#3365,1.);
#3365 = DIRECTION('',(0.,1.,0.));
#3366 = PCURVE('',#1587,#3367);
#3367 = DEFINITIONAL_REPRESENTATION('',(#3368),#3372);
#3368 = LINE('',#3369,#3370);
#3369 = CARTESIAN_POINT('',(33.47503242,0.));
#3370 = VECTOR('',#3371,1.);
#3371 = DIRECTION('',(0.,-1.));
#3372 = ( GEOMETRIC_REPRESENTATION_CONTEXT(2) 
PARAMETRIC_REPRESENTATION_CONTEXT() REPRESENTATION_CONTEXT('2D SPACE',''
  ) );
#3373 = PCURVE('',#3374,#3379);
#3374 = PLANE('',#3375);
#3375 = AXIS2_PLACEMENT_3D('',#3376,#3377,#3378);
#3376 = CARTESIAN_POINT('',(-14.02496164,0.,26.00000038));
#3377 = DIRECTION('',(-1.,0.,0.));
#3378 = DIRECTION('',(0.,1.,0.));
#3379 = DEFINITIONAL_REPRESENTATION('',(#3380),#3384);
#3380 = LINE('',#3381,#3382);
#3381 = CARTESIAN_POINT('',(0.,0.));
#3382 = VECTOR('',#3383,1.);
#3383 = DIRECTION('',(1.,0.));
#3384 = ( GEOMETRIC_REPRESENTATION_CONTEXT(2) 
PARAMETRIC_REPRESENTATION_CONTEXT() REPRESENTATION_CONTEXT('2D SPACE',''
  ) );
#3385 = ORIENTED_EDGE('',*,*,#1571,.T.);
#3386 = ORIENTED_EDGE('',*,*,#3387,.T.);
#3387 = EDGE_CURVE('52@1_129_6',#1572,#3388,#3390,.T.);
#3388 = VERTEX_POINT('52@1_93_7',#3389);
#3389 = CARTESIAN_POINT('',(12.33402952,0.,26.00000038));
#3390 = SURFACE_CURVE('',#3391,(#3395,#3402),.PCURVE_S1.);
#3391 = LINE('',#3392,#3393);
#3392 = CARTESIAN_POINT('',(12.33402952,17.5,26.00000038));
#3393 = VECTOR('',#3394,1.);
#3394 = DIRECTION('',(-0.,-1.,0.));
#3395 = PCURVE('',#1587,#3396);
#3396 = DEFINITIONAL_REPRESENTATION('',(#3397),#3401);
#3397 = LINE('',#3398,#3399);
#3398 = CARTESIAN_POINT('',(59.83402358,-17.5));
#3399 = VECTOR('',#3400,1.);
#3400 = DIRECTION('',(0.,1.));
#3401 = ( GEOMETRIC_REPRESENTATION_CONTEXT(2) 
PARAMETRIC_REPRESENTATION_CONTEXT() REPRESENTATION_CONTEXT('2D SPACE',''
  ) );
#3402 = PCURVE('',#3215,#3403);
#3403 = DEFINITIONAL_REPRESENTATION('',(#3404),#3408);
#3404 = LINE('',#3405,#3406);
#3405 = CARTESIAN_POINT('',(0.,0.));
#3406 = VECTOR('',#3407,1.);
#3407 = DIRECTION('',(1.,-0.));
#3408 = ( GEOMETRIC_REPRESENTATION_CONTEXT(2) 
PARAMETRIC_REPRESENTATION_CONTEXT() REPRESENTATION_CONTEXT('2D SPACE',''
  ) );
#3409 = ORIENTED_EDGE('',*,*,#3410,.F.);
#3410 = EDGE_CURVE('52@1_128_6',#3359,#3388,#3411,.T.);
#3411 = SURFACE_CURVE('',#3412,(#3416,#3423),.PCURVE_S1.);
#3412 = LINE('',#3413,#3414);
#3413 = CARTESIAN_POINT('',(-47.49999406,0.,26.00000038));
#3414 = VECTOR('',#3415,1.);
#3415 = DIRECTION('',(1.,0.,0.));
#3416 = PCURVE('',#1587,#3417);
#3417 = DEFINITIONAL_REPRESENTATION('',(#3418),#3422);
#3418 = LINE('',#3419,#3420);
#3419 = CARTESIAN_POINT('',(0.,0.));
#3420 = VECTOR('',#3421,1.);
#3421 = DIRECTION('',(1.,0.));
#3422 = ( GEOMETRIC_REPRESENTATION_CONTEXT(2) 
PARAMETRIC_REPRESENTATION_CONTEXT() REPRESENTATION_CONTEXT('2D SPACE',''
  ) );
#3423 = PCURVE('',#3182,#3424);
#3424 = DEFINITIONAL_REPRESENTATION('',(#3425),#3429);
#3425 = LINE('',#3426,#3427);
#3426 = CARTESIAN_POINT('',(-47.49999406,-26.00000038));
#3427 = VECTOR('',#3428,1.);
#3428 = DIRECTION('',(1.,0.));
#3429 = ( GEOMETRIC_REPRESENTATION_CONTEXT(2) 
PARAMETRIC_REPRESENTATION_CONTEXT() REPRESENTATION_CONTEXT('2D SPACE',''
  ) );
#3430 = ADVANCED_FACE('52@1_35_4',(#3431),#1559,.T.);
#3431 = FACE_BOUND('',#3432,.T.);
#3432 = EDGE_LOOP('52@',(#3433,#3456,#3457,#3485,#3513,#3541,#3569,#3592
    ));
#3433 = ORIENTED_EDGE('',*,*,#3434,.F.);
#3434 = EDGE_CURVE('52@1_130_6',#1544,#3435,#3437,.T.);
#3435 = VERTEX_POINT('52@1_94_7',#3436);
#3436 = CARTESIAN_POINT('',(-14.02496164,17.3,26.20000038));
#3437 = SURFACE_CURVE('',#3438,(#3442,#3449),.PCURVE_S1.);
#3438 = LINE('',#3439,#3440);
#3439 = CARTESIAN_POINT('',(-14.02496164,12.625,30.87500038));
#3440 = VECTOR('',#3441,1.);
#3441 = DIRECTION('',(0.,-0.707106781187,0.707106781187));
#3442 = PCURVE('',#1559,#3443);
#3443 = DEFINITIONAL_REPRESENTATION('',(#3444),#3448);
#3444 = LINE('',#3445,#3446);
#3445 = CARTESIAN_POINT('',(-1.8,5.480077554196));
#3446 = VECTOR('',#3447,1.);
#3447 = DIRECTION('',(0.,1.));
#3448 = ( GEOMETRIC_REPRESENTATION_CONTEXT(2) 
PARAMETRIC_REPRESENTATION_CONTEXT() REPRESENTATION_CONTEXT('2D SPACE',''
  ) );
#3449 = PCURVE('',#3374,#3450);
#3450 = DEFINITIONAL_REPRESENTATION('',(#3451),#3455);
#3451 = LINE('',#3452,#3453);
#3452 = CARTESIAN_POINT('',(12.625,-4.875));
#3453 = VECTOR('',#3454,1.);
#3454 = DIRECTION('',(-0.707106781187,-0.707106781187));
#3455 = ( GEOMETRIC_REPRESENTATION_CONTEXT(2) 
PARAMETRIC_REPRESENTATION_CONTEXT() REPRESENTATION_CONTEXT('2D SPACE',''
  ) );
#3456 = ORIENTED_EDGE('',*,*,#1543,.T.);
#3457 = ORIENTED_EDGE('',*,*,#3458,.T.);
#3458 = EDGE_CURVE('52@1_131_6',#1516,#3459,#3461,.T.);
#3459 = VERTEX_POINT('52@1_95_7',#3460);
#3460 = CARTESIAN_POINT('',(-43.51716824,17.3,26.20000038));
#3461 = SURFACE_CURVE('',#3462,(#3466,#3473),.PCURVE_S1.);
#3462 = LINE('',#3463,#3464);
#3463 = CARTESIAN_POINT('',(-43.51716824,17.,26.50000038));
#3464 = VECTOR('',#3465,1.);
#3465 = DIRECTION('',(-0.,-0.707106781187,0.707106781187));
#3466 = PCURVE('',#1559,#3467);
#3467 = DEFINITIONAL_REPRESENTATION('',(#3468),#3472);
#3468 = LINE('',#3469,#3470);
#3469 = CARTESIAN_POINT('',(27.6922066,-0.707106781187));
#3470 = VECTOR('',#3471,1.);
#3471 = DIRECTION('',(0.,1.));
#3472 = ( GEOMETRIC_REPRESENTATION_CONTEXT(2) 
PARAMETRIC_REPRESENTATION_CONTEXT() REPRESENTATION_CONTEXT('2D SPACE',''
  ) );
#3473 = PCURVE('',#3474,#3479);
#3474 = PLANE('',#3475);
#3475 = AXIS2_PLACEMENT_3D('',#3476,#3477,#3478);
#3476 = CARTESIAN_POINT('',(-43.51716824,17.5,26.00000038));
#3477 = DIRECTION('',(1.,0.,0.));
#3478 = DIRECTION('',(0.,-1.,0.));
#3479 = DEFINITIONAL_REPRESENTATION('',(#3480),#3484);
#3480 = LINE('',#3481,#3482);
#3481 = CARTESIAN_POINT('',(0.5,-0.5));
#3482 = VECTOR('',#3483,1.);
#3483 = DIRECTION('',(0.707106781187,-0.707106781187));
#3484 = ( GEOMETRIC_REPRESENTATION_CONTEXT(2) 
PARAMETRIC_REPRESENTATION_CONTEXT() REPRESENTATION_CONTEXT('2D SPACE',''
  ) );
#3485 = ORIENTED_EDGE('',*,*,#3486,.T.);
#3486 = EDGE_CURVE('52@1_132_6',#3459,#3487,#3489,.T.);
#3487 = VERTEX_POINT('52@1_96_7',#3488);
#3488 = CARTESIAN_POINT('',(-41.71716824,15.5,28.00000038));
#3489 = SURFACE_CURVE('',#3490,(#3494,#3501),.PCURVE_S1.);
#3490 = LINE('',#3491,#3492);
#3491 = CARTESIAN_POINT('',(-38.36846714,12.1512989,31.34870148));
#3492 = VECTOR('',#3493,1.);
#3493 = DIRECTION('',(0.57735026919,-0.57735026919,0.57735026919));
#3494 = PCURVE('',#1559,#3495);
#3495 = DEFINITIONAL_REPRESENTATION('',(#3496),#3500);
#3496 = LINE('',#3497,#3498);
#3497 = CARTESIAN_POINT('',(22.5435055,6.149992074327));
#3498 = VECTOR('',#3499,1.);
#3499 = DIRECTION('',(-0.57735026919,0.816496580928));
#3500 = ( GEOMETRIC_REPRESENTATION_CONTEXT(2) 
PARAMETRIC_REPRESENTATION_CONTEXT() REPRESENTATION_CONTEXT('2D SPACE',''
  ) );
#3501 = PCURVE('',#3502,#3507);
#3502 = PLANE('',#3503);
#3503 = AXIS2_PLACEMENT_3D('',#3504,#3505,#3506);
#3504 = CARTESIAN_POINT('',(-42.61716824,17.5,27.10000038));
#3505 = DIRECTION('',(0.707106781187,0.,-0.707106781187));
#3506 = DIRECTION('',(0.,-1.,0.));
#3507 = DEFINITIONAL_REPRESENTATION('',(#3508),#3512);
#3508 = LINE('',#3509,#3510);
#3509 = CARTESIAN_POINT('',(5.3487011,-6.008570718089));
#3510 = VECTOR('',#3511,1.);
#3511 = DIRECTION('',(0.57735026919,-0.816496580928));
#3512 = ( GEOMETRIC_REPRESENTATION_CONTEXT(2) 
PARAMETRIC_REPRESENTATION_CONTEXT() REPRESENTATION_CONTEXT('2D SPACE',''
  ) );
#3513 = ORIENTED_EDGE('',*,*,#3514,.F.);
#3514 = EDGE_CURVE('52@1_133_6',#3515,#3487,#3517,.T.);
#3515 = VERTEX_POINT('52@1_97_7',#3516);
#3516 = CARTESIAN_POINT('',(-34.43163859,15.5,28.00000038));
#3517 = SURFACE_CURVE('',#3518,(#3522,#3529),.PCURVE_S1.);
#3518 = LINE('',#3519,#3520);
#3519 = CARTESIAN_POINT('',(-15.82496164,15.5,28.00000038));
#3520 = VECTOR('',#3521,1.);
#3521 = DIRECTION('',(-1.,0.,0.));
#3522 = PCURVE('',#1559,#3523);
#3523 = DEFINITIONAL_REPRESENTATION('',(#3524),#3528);
#3524 = LINE('',#3525,#3526);
#3525 = CARTESIAN_POINT('',(0.,1.414213562373));
#3526 = VECTOR('',#3527,1.);
#3527 = DIRECTION('',(1.,0.));
#3528 = ( GEOMETRIC_REPRESENTATION_CONTEXT(2) 
PARAMETRIC_REPRESENTATION_CONTEXT() REPRESENTATION_CONTEXT('2D SPACE',''
  ) );
#3529 = PCURVE('',#3530,#3535);
#3530 = PLANE('',#3531);
#3531 = AXIS2_PLACEMENT_3D('',#3532,#3533,#3534);
#3532 = CARTESIAN_POINT('',(0.,0.,28.00000038));
#3533 = DIRECTION('',(-0.,-0.,1.));
#3534 = DIRECTION('',(-1.,0.,-0.));
#3535 = DEFINITIONAL_REPRESENTATION('',(#3536),#3540);
#3536 = LINE('',#3537,#3538);
#3537 = CARTESIAN_POINT('',(15.82496164,-15.5));
#3538 = VECTOR('',#3539,1.);
#3539 = DIRECTION('',(1.,-0.));
#3540 = ( GEOMETRIC_REPRESENTATION_CONTEXT(2) 
PARAMETRIC_REPRESENTATION_CONTEXT() REPRESENTATION_CONTEXT('2D SPACE',''
  ) );
#3541 = ORIENTED_EDGE('',*,*,#3542,.T.);
#3542 = EDGE_CURVE('52@1_134_6',#3515,#3543,#3545,.T.);
#3543 = VERTEX_POINT('52@1_98_7',#3544);
#3544 = CARTESIAN_POINT('',(-24.22066836,15.5,28.00000038));
#3545 = SURFACE_CURVE('',#3546,(#3550,#3557),.PCURVE_S1.);
#3546 = LINE('',#3547,#3548);
#3547 = CARTESIAN_POINT('',(-34.43163859,15.5,28.00000038));
#3548 = VECTOR('',#3549,1.);
#3549 = DIRECTION('',(1.,0.,0.));
#3550 = PCURVE('',#1559,#3551);
#3551 = DEFINITIONAL_REPRESENTATION('',(#3552),#3556);
#3552 = LINE('',#3553,#3554);
#3553 = CARTESIAN_POINT('',(18.60667695,1.414213562373));
#3554 = VECTOR('',#3555,1.);
#3555 = DIRECTION('',(-1.,0.));
#3556 = ( GEOMETRIC_REPRESENTATION_CONTEXT(2) 
PARAMETRIC_REPRESENTATION_CONTEXT() REPRESENTATION_CONTEXT('2D SPACE',''
  ) );
#3557 = PCURVE('',#3558,#3563);
#3558 = PLANE('',#3559);
#3559 = AXIS2_PLACEMENT_3D('',#3560,#3561,#3562);
#3560 = CARTESIAN_POINT('',(-32.44163814,15.5,-76.));
#3561 = DIRECTION('',(-0.,1.,0.));
#3562 = DIRECTION('',(1.,0.,0.));
#3563 = DEFINITIONAL_REPRESENTATION('',(#3564),#3568);
#3564 = LINE('',#3565,#3566);
#3565 = CARTESIAN_POINT('',(-1.99000045,-104.00000038));
#3566 = VECTOR('',#3567,1.);
#3567 = DIRECTION('',(1.,0.));
#3568 = ( GEOMETRIC_REPRESENTATION_CONTEXT(2) 
PARAMETRIC_REPRESENTATION_CONTEXT() REPRESENTATION_CONTEXT('2D SPACE',''
  ) );
#3569 = ORIENTED_EDGE('',*,*,#3570,.F.);
#3570 = EDGE_CURVE('52@1_135_6',#3571,#3543,#3573,.T.);
#3571 = VERTEX_POINT('52@1_99_7',#3572);
#3572 = CARTESIAN_POINT('',(-15.82496164,15.5,28.00000038));
#3573 = SURFACE_CURVE('',#3574,(#3578,#3585),.PCURVE_S1.);
#3574 = LINE('',#3575,#3576);
#3575 = CARTESIAN_POINT('',(-15.82496164,15.5,28.00000038));
#3576 = VECTOR('',#3577,1.);
#3577 = DIRECTION('',(-1.,0.,0.));
#3578 = PCURVE('',#1559,#3579);
#3579 = DEFINITIONAL_REPRESENTATION('',(#3580),#3584);
#3580 = LINE('',#3581,#3582);
#3581 = CARTESIAN_POINT('',(0.,1.414213562373));
#3582 = VECTOR('',#3583,1.);
#3583 = DIRECTION('',(1.,0.));
#3584 = ( GEOMETRIC_REPRESENTATION_CONTEXT(2) 
PARAMETRIC_REPRESENTATION_CONTEXT() REPRESENTATION_CONTEXT('2D SPACE',''
  ) );
#3585 = PCURVE('',#3530,#3586);
#3586 = DEFINITIONAL_REPRESENTATION('',(#3587),#3591);
#3587 = LINE('',#3588,#3589);
#3588 = CARTESIAN_POINT('',(15.82496164,-15.5));
#3589 = VECTOR('',#3590,1.);
#3590 = DIRECTION('',(1.,-0.));
#3591 = ( GEOMETRIC_REPRESENTATION_CONTEXT(2) 
PARAMETRIC_REPRESENTATION_CONTEXT() REPRESENTATION_CONTEXT('2D SPACE',''
  ) );
#3592 = ORIENTED_EDGE('',*,*,#3593,.F.);
#3593 = EDGE_CURVE('52@1_136_6',#3435,#3571,#3594,.T.);
#3594 = SURFACE_CURVE('',#3595,(#3599,#3606),.PCURVE_S1.);
#3595 = LINE('',#3596,#3597);
#3596 = CARTESIAN_POINT('',(-17.77496164,13.55,29.95000038));
#3597 = VECTOR('',#3598,1.);
#3598 = DIRECTION('',(-0.57735026919,-0.57735026919,0.57735026919));
#3599 = PCURVE('',#1559,#3600);
#3600 = DEFINITIONAL_REPRESENTATION('',(#3601),#3605);
#3601 = LINE('',#3602,#3603);
#3602 = CARTESIAN_POINT('',(1.95,4.171930009001));
#3603 = VECTOR('',#3604,1.);
#3604 = DIRECTION('',(0.57735026919,0.816496580928));
#3605 = ( GEOMETRIC_REPRESENTATION_CONTEXT(2) 
PARAMETRIC_REPRESENTATION_CONTEXT() REPRESENTATION_CONTEXT('2D SPACE',''
  ) );
#3606 = PCURVE('',#3607,#3612);
#3607 = PLANE('',#3608);
#3608 = AXIS2_PLACEMENT_3D('',#3609,#3610,#3611);
#3609 = CARTESIAN_POINT('',(-14.92496164,0.,27.10000038));
#3610 = DIRECTION('',(-0.707106781187,0.,-0.707106781187));
#3611 = DIRECTION('',(-0.,-1.,-0.));
#3612 = DEFINITIONAL_REPRESENTATION('',(#3613),#3617);
#3613 = LINE('',#3614,#3615);
#3614 = CARTESIAN_POINT('',(-13.55,4.030508652763));
#3615 = VECTOR('',#3616,1.);
#3616 = DIRECTION('',(0.57735026919,0.816496580928));
#3617 = ( GEOMETRIC_REPRESENTATION_CONTEXT(2) 
PARAMETRIC_REPRESENTATION_CONTEXT() REPRESENTATION_CONTEXT('2D SPACE',''
  ) );
#3618 = ADVANCED_FACE('52@1_36_4',(#3619),#1452,.T.);
#3619 = FACE_BOUND('',#3620,.F.);
#3620 = EDGE_LOOP('52@',(#3621,#3644,#3667,#3695,#3718,#3739,#3740,#3741
    ));
#3621 = ORIENTED_EDGE('',*,*,#3622,.F.);
#3622 = EDGE_CURVE('52@1_137_6',#3623,#2266,#3625,.T.);
#3623 = VERTEX_POINT('52@1_100_7',#3624);
#3624 = CARTESIAN_POINT('',(-41.73328311,15.5,-27.99999962));
#3625 = SURFACE_CURVE('',#3626,(#3630,#3637),.PCURVE_S1.);
#3626 = LINE('',#3627,#3628);
#3627 = CARTESIAN_POINT('',(-39.78328311,13.55,-29.94999962));
#3628 = VECTOR('',#3629,1.);
#3629 = DIRECTION('',(-0.57735026919,0.57735026919,0.57735026919));
#3630 = PCURVE('',#1452,#3631);
#3631 = DEFINITIONAL_REPRESENTATION('',(#3632),#3636);
#3632 = LINE('',#3633,#3634);
#3633 = CARTESIAN_POINT('',(-1.95,-4.171930009001));
#3634 = VECTOR('',#3635,1.);
#3635 = DIRECTION('',(0.57735026919,0.816496580928));
#3636 = ( GEOMETRIC_REPRESENTATION_CONTEXT(2) 
PARAMETRIC_REPRESENTATION_CONTEXT() REPRESENTATION_CONTEXT('2D SPACE',''
  ) );
#3637 = PCURVE('',#2224,#3638);
#3638 = DEFINITIONAL_REPRESENTATION('',(#3639),#3643);
#3639 = LINE('',#3640,#3641);
#3640 = CARTESIAN_POINT('',(13.55,-4.030508652763));
#3641 = VECTOR('',#3642,1.);
#3642 = DIRECTION('',(0.57735026919,0.816496580928));
#3643 = ( GEOMETRIC_REPRESENTATION_CONTEXT(2) 
PARAMETRIC_REPRESENTATION_CONTEXT() REPRESENTATION_CONTEXT('2D SPACE',''
  ) );
#3644 = ORIENTED_EDGE('',*,*,#3645,.T.);
#3645 = EDGE_CURVE('52@1_138_6',#3623,#3646,#3648,.T.);
#3646 = VERTEX_POINT('52@1_101_7',#3647);
#3647 = CARTESIAN_POINT('',(-34.43163859,15.5,-27.99999962));
#3648 = SURFACE_CURVE('',#3649,(#3653,#3660),.PCURVE_S1.);
#3649 = LINE('',#3650,#3651);
#3650 = CARTESIAN_POINT('',(-41.73328311,15.5,-27.99999962));
#3651 = VECTOR('',#3652,1.);
#3652 = DIRECTION('',(1.,-0.,0.));
#3653 = PCURVE('',#1452,#3654);
#3654 = DEFINITIONAL_REPRESENTATION('',(#3655),#3659);
#3655 = LINE('',#3656,#3657);
#3656 = CARTESIAN_POINT('',(-0.,-1.414213562373));
#3657 = VECTOR('',#3658,1.);
#3658 = DIRECTION('',(-1.,0.));
#3659 = ( GEOMETRIC_REPRESENTATION_CONTEXT(2) 
PARAMETRIC_REPRESENTATION_CONTEXT() REPRESENTATION_CONTEXT('2D SPACE',''
  ) );
#3660 = PCURVE('',#2250,#3661);
#3661 = DEFINITIONAL_REPRESENTATION('',(#3662),#3666);
#3662 = LINE('',#3663,#3664);
#3663 = CARTESIAN_POINT('',(-41.73328311,-15.5));
#3664 = VECTOR('',#3665,1.);
#3665 = DIRECTION('',(1.,0.));
#3666 = ( GEOMETRIC_REPRESENTATION_CONTEXT(2) 
PARAMETRIC_REPRESENTATION_CONTEXT() REPRESENTATION_CONTEXT('2D SPACE',''
  ) );
#3667 = ORIENTED_EDGE('',*,*,#3668,.F.);
#3668 = EDGE_CURVE('52@1_139_6',#3669,#3646,#3671,.T.);
#3669 = VERTEX_POINT('52@1_102_7',#3670);
#3670 = CARTESIAN_POINT('',(-24.22066836,15.5,-27.99999962));
#3671 = SURFACE_CURVE('',#3672,(#3676,#3683),.PCURVE_S1.);
#3672 = LINE('',#3673,#3674);
#3673 = CARTESIAN_POINT('',(-24.22066836,15.5,-27.99999962));
#3674 = VECTOR('',#3675,1.);
#3675 = DIRECTION('',(-1.,0.,0.));
#3676 = PCURVE('',#1452,#3677);
#3677 = DEFINITIONAL_REPRESENTATION('',(#3678),#3682);
#3678 = LINE('',#3679,#3680);
#3679 = CARTESIAN_POINT('',(-17.51261475,-1.414213562373));
#3680 = VECTOR('',#3681,1.);
#3681 = DIRECTION('',(1.,-0.));
#3682 = ( GEOMETRIC_REPRESENTATION_CONTEXT(2) 
PARAMETRIC_REPRESENTATION_CONTEXT() REPRESENTATION_CONTEXT('2D SPACE',''
  ) );
#3683 = PCURVE('',#3684,#3689);
#3684 = PLANE('',#3685);
#3685 = AXIS2_PLACEMENT_3D('',#3686,#3687,#3688);
#3686 = CARTESIAN_POINT('',(-34.43163859,15.5,-76.));
#3687 = DIRECTION('',(-0.,1.,0.));
#3688 = DIRECTION('',(1.,0.,0.));
#3689 = DEFINITIONAL_REPRESENTATION('',(#3690),#3694);
#3690 = LINE('',#3691,#3692);
#3691 = CARTESIAN_POINT('',(10.21097023,-48.00000038));
#3692 = VECTOR('',#3693,1.);
#3693 = DIRECTION('',(-1.,0.));
#3694 = ( GEOMETRIC_REPRESENTATION_CONTEXT(2) 
PARAMETRIC_REPRESENTATION_CONTEXT() REPRESENTATION_CONTEXT('2D SPACE',''
  ) );
#3695 = ORIENTED_EDGE('',*,*,#3696,.T.);
#3696 = EDGE_CURVE('52@1_140_6',#3669,#3697,#3699,.T.);
#3697 = VERTEX_POINT('52@1_103_7',#3698);
#3698 = CARTESIAN_POINT('',(-15.82496164,15.5,-27.99999962));
#3699 = SURFACE_CURVE('',#3700,(#3704,#3711),.PCURVE_S1.);
#3700 = LINE('',#3701,#3702);
#3701 = CARTESIAN_POINT('',(-41.73328311,15.5,-27.99999962));
#3702 = VECTOR('',#3703,1.);
#3703 = DIRECTION('',(1.,-0.,0.));
#3704 = PCURVE('',#1452,#3705);
#3705 = DEFINITIONAL_REPRESENTATION('',(#3706),#3710);
#3706 = LINE('',#3707,#3708);
#3707 = CARTESIAN_POINT('',(-0.,-1.414213562373));
#3708 = VECTOR('',#3709,1.);
#3709 = DIRECTION('',(-1.,0.));
#3710 = ( GEOMETRIC_REPRESENTATION_CONTEXT(2) 
PARAMETRIC_REPRESENTATION_CONTEXT() REPRESENTATION_CONTEXT('2D SPACE',''
  ) );
#3711 = PCURVE('',#2250,#3712);
#3712 = DEFINITIONAL_REPRESENTATION('',(#3713),#3717);
#3713 = LINE('',#3714,#3715);
#3714 = CARTESIAN_POINT('',(-41.73328311,-15.5));
#3715 = VECTOR('',#3716,1.);
#3716 = DIRECTION('',(1.,0.));
#3717 = ( GEOMETRIC_REPRESENTATION_CONTEXT(2) 
PARAMETRIC_REPRESENTATION_CONTEXT() REPRESENTATION_CONTEXT('2D SPACE',''
  ) );
#3718 = ORIENTED_EDGE('',*,*,#3719,.T.);
#3719 = EDGE_CURVE('52@1_141_6',#3697,#2889,#3720,.T.);
#3720 = SURFACE_CURVE('',#3721,(#3725,#3732),.PCURVE_S1.);
#3721 = LINE('',#3722,#3723);
#3722 = CARTESIAN_POINT('',(-19.17634855166,12.148613088333,
    -31.35138653166));
#3723 = VECTOR('',#3724,1.);
#3724 = DIRECTION('',(0.57735026919,0.57735026919,0.57735026919));
#3725 = PCURVE('',#1452,#3726);
#3726 = DEFINITIONAL_REPRESENTATION('',(#3727),#3731);
#3727 = LINE('',#3728,#3729);
#3728 = CARTESIAN_POINT('',(-22.55693455833,-6.153790385612));
#3729 = VECTOR('',#3730,1.);
#3730 = DIRECTION('',(-0.57735026919,0.816496580928));
#3731 = ( GEOMETRIC_REPRESENTATION_CONTEXT(2) 
PARAMETRIC_REPRESENTATION_CONTEXT() REPRESENTATION_CONTEXT('2D SPACE',''
  ) );
#3732 = PCURVE('',#2195,#3733);
#3733 = DEFINITIONAL_REPRESENTATION('',(#3734),#3738);
#3734 = LINE('',#3735,#3736);
#3735 = CARTESIAN_POINT('',(5.351386911667,-6.012369029374));
#3736 = VECTOR('',#3737,1.);
#3737 = DIRECTION('',(-0.57735026919,0.816496580928));
#3738 = ( GEOMETRIC_REPRESENTATION_CONTEXT(2) 
PARAMETRIC_REPRESENTATION_CONTEXT() REPRESENTATION_CONTEXT('2D SPACE',''
  ) );
#3739 = ORIENTED_EDGE('',*,*,#2913,.T.);
#3740 = ORIENTED_EDGE('',*,*,#1436,.F.);
#3741 = ORIENTED_EDGE('',*,*,#2288,.F.);
#3742 = ADVANCED_FACE('52@1_37_4',(#3743),#1531,.F.);
#3743 = FACE_BOUND('',#3744,.F.);
#3744 = EDGE_LOOP('52@',(#3745,#3770,#3796,#3797));
#3745 = ORIENTED_EDGE('',*,*,#3746,.F.);
#3746 = EDGE_CURVE('52@1_142_6',#3747,#3749,#3751,.T.);
#3747 = VERTEX_POINT('52@1_104_7',#3748);
#3748 = CARTESIAN_POINT('',(-44.49999406,0.,26.00000038));
#3749 = VERTEX_POINT('52@1_105_7',#3750);
#3750 = CARTESIAN_POINT('',(-43.51716824,0.,26.00000038));
#3751 = SURFACE_CURVE('',#3752,(#3756,#3763),.PCURVE_S1.);
#3752 = LINE('',#3753,#3754);
#3753 = CARTESIAN_POINT('',(-47.49999406,0.,26.00000038));
#3754 = VECTOR('',#3755,1.);
#3755 = DIRECTION('',(1.,0.,0.));
#3756 = PCURVE('',#1531,#3757);
#3757 = DEFINITIONAL_REPRESENTATION('',(#3758),#3762);
#3758 = LINE('',#3759,#3760);
#3759 = CARTESIAN_POINT('',(0.,0.));
#3760 = VECTOR('',#3761,1.);
#3761 = DIRECTION('',(1.,0.));
#3762 = ( GEOMETRIC_REPRESENTATION_CONTEXT(2) 
PARAMETRIC_REPRESENTATION_CONTEXT() REPRESENTATION_CONTEXT('2D SPACE',''
  ) );
#3763 = PCURVE('',#3182,#3764);
#3764 = DEFINITIONAL_REPRESENTATION('',(#3765),#3769);
#3765 = LINE('',#3766,#3767);
#3766 = CARTESIAN_POINT('',(-47.49999406,-26.00000038));
#3767 = VECTOR('',#3768,1.);
#3768 = DIRECTION('',(1.,0.));
#3769 = ( GEOMETRIC_REPRESENTATION_CONTEXT(2) 
PARAMETRIC_REPRESENTATION_CONTEXT() REPRESENTATION_CONTEXT('2D SPACE',''
  ) );
#3770 = ORIENTED_EDGE('',*,*,#3771,.T.);
#3771 = EDGE_CURVE('52@1_144_6',#3747,#1488,#3772,.T.);
#3772 = SURFACE_CURVE('',#3773,(#3777,#3784),.PCURVE_S1.);
#3773 = LINE('',#3774,#3775);
#3774 = CARTESIAN_POINT('',(-44.49999406,0.,26.00000038));
#3775 = VECTOR('',#3776,1.);
#3776 = DIRECTION('',(0.,1.,0.));
#3777 = PCURVE('',#1531,#3778);
#3778 = DEFINITIONAL_REPRESENTATION('',(#3779),#3783);
#3779 = LINE('',#3780,#3781);
#3780 = CARTESIAN_POINT('',(3.,0.));
#3781 = VECTOR('',#3782,1.);
#3782 = DIRECTION('',(0.,-1.));
#3783 = ( GEOMETRIC_REPRESENTATION_CONTEXT(2) 
PARAMETRIC_REPRESENTATION_CONTEXT() REPRESENTATION_CONTEXT('2D SPACE',''
  ) );
#3784 = PCURVE('',#3785,#3790);
#3785 = PLANE('',#3786);
#3786 = AXIS2_PLACEMENT_3D('',#3787,#3788,#3789);
#3787 = CARTESIAN_POINT('',(-45.99999406,0.,24.50000038));
#3788 = DIRECTION('',(-0.707106781187,0.,0.707106781187));
#3789 = DIRECTION('',(0.,1.,0.));
#3790 = DEFINITIONAL_REPRESENTATION('',(#3791),#3795);
#3791 = LINE('',#3792,#3793);
#3792 = CARTESIAN_POINT('',(0.,-2.12132034356));
#3793 = VECTOR('',#3794,1.);
#3794 = DIRECTION('',(1.,0.));
#3795 = ( GEOMETRIC_REPRESENTATION_CONTEXT(2) 
PARAMETRIC_REPRESENTATION_CONTEXT() REPRESENTATION_CONTEXT('2D SPACE',''
  ) );
#3796 = ORIENTED_EDGE('',*,*,#1515,.T.);
#3797 = ORIENTED_EDGE('',*,*,#3798,.T.);
#3798 = EDGE_CURVE('52@1_143_6',#1516,#3749,#3799,.T.);
#3799 = SURFACE_CURVE('',#3800,(#3804,#3811),.PCURVE_S1.);
#3800 = LINE('',#3801,#3802);
#3801 = CARTESIAN_POINT('',(-43.51716824,17.5,26.00000038));
#3802 = VECTOR('',#3803,1.);
#3803 = DIRECTION('',(-0.,-1.,0.));
#3804 = PCURVE('',#1531,#3805);
#3805 = DEFINITIONAL_REPRESENTATION('',(#3806),#3810);
#3806 = LINE('',#3807,#3808);
#3807 = CARTESIAN_POINT('',(3.98282582,-17.5));
#3808 = VECTOR('',#3809,1.);
#3809 = DIRECTION('',(0.,1.));
#3810 = ( GEOMETRIC_REPRESENTATION_CONTEXT(2) 
PARAMETRIC_REPRESENTATION_CONTEXT() REPRESENTATION_CONTEXT('2D SPACE',''
  ) );
#3811 = PCURVE('',#3474,#3812);
#3812 = DEFINITIONAL_REPRESENTATION('',(#3813),#3817);
#3813 = LINE('',#3814,#3815);
#3814 = CARTESIAN_POINT('',(0.,0.));
#3815 = VECTOR('',#3816,1.);
#3816 = DIRECTION('',(1.,-0.));
#3817 = ( GEOMETRIC_REPRESENTATION_CONTEXT(2) 
PARAMETRIC_REPRESENTATION_CONTEXT() REPRESENTATION_CONTEXT('2D SPACE',''
  ) );
#3818 = ADVANCED_FACE('52@1_38_4',(#3819),#1503,.F.);
#3819 = FACE_BOUND('',#3820,.F.);
#3820 = EDGE_LOOP('52@',(#3821,#3822,#3823,#3846));
#3821 = ORIENTED_EDGE('',*,*,#2361,.F.);
#3822 = ORIENTED_EDGE('',*,*,#1487,.T.);
#3823 = ORIENTED_EDGE('',*,*,#3824,.T.);
#3824 = EDGE_CURVE('52@1_146_6',#1488,#3825,#3827,.T.);
#3825 = VERTEX_POINT('52@1_106_7',#3826);
#3826 = CARTESIAN_POINT('',(-47.49999406,14.5,23.00000038));
#3827 = SURFACE_CURVE('',#3828,(#3832,#3839),.PCURVE_S1.);
#3828 = LINE('',#3829,#3830);
#3829 = CARTESIAN_POINT('',(-57.08332739333,4.916666666667,
    13.416667046667));
#3830 = VECTOR('',#3831,1.);
#3831 = DIRECTION('',(-0.57735026919,-0.57735026919,-0.57735026919));
#3832 = PCURVE('',#1503,#3833);
#3833 = DEFINITIONAL_REPRESENTATION('',(#3834),#3838);
#3834 = LINE('',#3835,#3836);
#3835 = CARTESIAN_POINT('',(39.416666666667,15.674200316302));
#3836 = VECTOR('',#3837,1.);
#3837 = DIRECTION('',(-0.57735026919,0.816496580928));
#3838 = ( GEOMETRIC_REPRESENTATION_CONTEXT(2) 
PARAMETRIC_REPRESENTATION_CONTEXT() REPRESENTATION_CONTEXT('2D SPACE',''
  ) );
#3839 = PCURVE('',#3785,#3840);
#3840 = DEFINITIONAL_REPRESENTATION('',(#3841),#3845);
#3841 = LINE('',#3842,#3843);
#3842 = CARTESIAN_POINT('',(4.916666666667,15.674200316302));
#3843 = VECTOR('',#3844,1.);
#3844 = DIRECTION('',(-0.57735026919,0.816496580928));
#3845 = ( GEOMETRIC_REPRESENTATION_CONTEXT(2) 
PARAMETRIC_REPRESENTATION_CONTEXT() REPRESENTATION_CONTEXT('2D SPACE',''
  ) );
#3846 = ORIENTED_EDGE('',*,*,#3847,.F.);
#3847 = EDGE_CURVE('52@1_145_6',#2362,#3825,#3848,.T.);
#3848 = SURFACE_CURVE('',#3849,(#3853,#3860),.PCURVE_S1.);
#3849 = LINE('',#3850,#3851);
#3850 = CARTESIAN_POINT('',(-47.49999406,14.5,-25.99999962));
#3851 = VECTOR('',#3852,1.);
#3852 = DIRECTION('',(0.,0.,1.));
#3853 = PCURVE('',#1503,#3854);
#3854 = DEFINITIONAL_REPRESENTATION('',(#3855),#3859);
#3855 = LINE('',#3856,#3857);
#3856 = CARTESIAN_POINT('',(0.,2.12132034356));
#3857 = VECTOR('',#3858,1.);
#3858 = DIRECTION('',(1.,0.));
#3859 = ( GEOMETRIC_REPRESENTATION_CONTEXT(2) 
PARAMETRIC_REPRESENTATION_CONTEXT() REPRESENTATION_CONTEXT('2D SPACE',''
  ) );
#3860 = PCURVE('',#2507,#3861);
#3861 = DEFINITIONAL_REPRESENTATION('',(#3862),#3866);
#3862 = LINE('',#3863,#3864);
#3863 = CARTESIAN_POINT('',(0.,-14.5));
#3864 = VECTOR('',#3865,1.);
#3865 = DIRECTION('',(1.,0.));
#3866 = ( GEOMETRIC_REPRESENTATION_CONTEXT(2) 
PARAMETRIC_REPRESENTATION_CONTEXT() REPRESENTATION_CONTEXT('2D SPACE',''
  ) );
#3867 = ADVANCED_FACE('52@1_39_4',(#3868),#1801,.T.);
#3868 = FACE_BOUND('',#3869,.T.);
#3869 = EDGE_LOOP('52@',(#3870,#3871,#3894,#3915));
#3870 = ORIENTED_EDGE('',*,*,#1993,.F.);
#3871 = ORIENTED_EDGE('',*,*,#3872,.F.);
#3872 = EDGE_CURVE('52@1_148_6',#3873,#1966,#3875,.T.);
#3873 = VERTEX_POINT('52@1_107_7',#3874);
#3874 = CARTESIAN_POINT('',(14.30875714,16.,-24.));
#3875 = SURFACE_CURVE('',#3876,(#3880,#3887),.PCURVE_S1.);
#3876 = LINE('',#3877,#3878);
#3877 = CARTESIAN_POINT('',(14.30875714,16.,-24.));
#3878 = VECTOR('',#3879,1.);
#3879 = DIRECTION('',(1.,0.,-0.));
#3880 = PCURVE('',#1801,#3881);
#3881 = DEFINITIONAL_REPRESENTATION('',(#3882),#3886);
#3882 = LINE('',#3883,#3884);
#3883 = CARTESIAN_POINT('',(-14.30875714,24.));
#3884 = VECTOR('',#3885,1.);
#3885 = DIRECTION('',(-1.,0.));
#3886 = ( GEOMETRIC_REPRESENTATION_CONTEXT(2) 
PARAMETRIC_REPRESENTATION_CONTEXT() REPRESENTATION_CONTEXT('2D SPACE',''
  ) );
#3887 = PCURVE('',#1981,#3888);
#3888 = DEFINITIONAL_REPRESENTATION('',(#3889),#3893);
#3889 = LINE('',#3890,#3891);
#3890 = CARTESIAN_POINT('',(0.,-16.));
#3891 = VECTOR('',#3892,1.);
#3892 = DIRECTION('',(1.,0.));
#3893 = ( GEOMETRIC_REPRESENTATION_CONTEXT(2) 
PARAMETRIC_REPRESENTATION_CONTEXT() REPRESENTATION_CONTEXT('2D SPACE',''
  ) );
#3894 = ORIENTED_EDGE('',*,*,#3895,.F.);
#3895 = EDGE_CURVE('52@1_147_6',#1784,#3873,#3896,.T.);
#3896 = SURFACE_CURVE('',#3897,(#3901,#3908),.PCURVE_S1.);
#3897 = LINE('',#3898,#3899);
#3898 = CARTESIAN_POINT('',(14.30875714,16.,-28.69704292));
#3899 = VECTOR('',#3900,1.);
#3900 = DIRECTION('',(-0.,0.,1.));
#3901 = PCURVE('',#1801,#3902);
#3902 = DEFINITIONAL_REPRESENTATION('',(#3903),#3907);
#3903 = LINE('',#3904,#3905);
#3904 = CARTESIAN_POINT('',(-14.30875714,28.69704292));
#3905 = VECTOR('',#3906,1.);
#3906 = DIRECTION('',(0.,-1.));
#3907 = ( GEOMETRIC_REPRESENTATION_CONTEXT(2) 
PARAMETRIC_REPRESENTATION_CONTEXT() REPRESENTATION_CONTEXT('2D SPACE',''
  ) );
#3908 = PCURVE('',#1926,#3909);
#3909 = DEFINITIONAL_REPRESENTATION('',(#3910),#3914);
#3910 = LINE('',#3911,#3912);
#3911 = CARTESIAN_POINT('',(0.,-16.));
#3912 = VECTOR('',#3913,1.);
#3913 = DIRECTION('',(1.,0.));
#3914 = ( GEOMETRIC_REPRESENTATION_CONTEXT(2) 
PARAMETRIC_REPRESENTATION_CONTEXT() REPRESENTATION_CONTEXT('2D SPACE',''
  ) );
#3915 = ORIENTED_EDGE('',*,*,#1783,.T.);
#3916 = ADVANCED_FACE('52@1_40_4',(#3917),#1926,.T.);
#3917 = FACE_BOUND('',#3918,.T.);
#3918 = EDGE_LOOP('52@',(#3919,#3940,#3941,#3942,#3965,#3993));
#3919 = ORIENTED_EDGE('',*,*,#3920,.T.);
#3920 = EDGE_CURVE('52@1_149_6',#2547,#1885,#3921,.T.);
#3921 = SURFACE_CURVE('',#3922,(#3926,#3933),.PCURVE_S1.);
#3922 = LINE('',#3923,#3924);
#3923 = CARTESIAN_POINT('',(14.30875683,3.,-25.00042731));
#3924 = VECTOR('',#3925,1.);
#3925 = DIRECTION('',(0.,0.,-1.));
#3926 = PCURVE('',#1926,#3927);
#3927 = DEFINITIONAL_REPRESENTATION('',(#3928),#3932);
#3928 = LINE('',#3929,#3930);
#3929 = CARTESIAN_POINT('',(3.69661561,-3.));
#3930 = VECTOR('',#3931,1.);
#3931 = DIRECTION('',(-1.,-0.));
#3932 = ( GEOMETRIC_REPRESENTATION_CONTEXT(2) 
PARAMETRIC_REPRESENTATION_CONTEXT() REPRESENTATION_CONTEXT('2D SPACE',''
  ) );
#3933 = PCURVE('',#1900,#3934);
#3934 = DEFINITIONAL_REPRESENTATION('',(#3935),#3939);
#3935 = LINE('',#3936,#3937);
#3936 = CARTESIAN_POINT('',(-14.30875683,25.00042731));
#3937 = VECTOR('',#3938,1.);
#3938 = DIRECTION('',(0.,1.));
#3939 = ( GEOMETRIC_REPRESENTATION_CONTEXT(2) 
PARAMETRIC_REPRESENTATION_CONTEXT() REPRESENTATION_CONTEXT('2D SPACE',''
  ) );
#3940 = ORIENTED_EDGE('',*,*,#1912,.T.);
#3941 = ORIENTED_EDGE('',*,*,#3895,.T.);
#3942 = ORIENTED_EDGE('',*,*,#3943,.F.);
#3943 = EDGE_CURVE('52@1_152_6',#3944,#3873,#3946,.T.);
#3944 = VERTEX_POINT('52@1_109_7',#3945);
#3945 = CARTESIAN_POINT('',(14.30875714,15.5,-24.));
#3946 = SURFACE_CURVE('',#3947,(#3951,#3958),.PCURVE_S1.);
#3947 = LINE('',#3948,#3949);
#3948 = CARTESIAN_POINT('',(14.30875714,0.,-24.));
#3949 = VECTOR('',#3950,1.);
#3950 = DIRECTION('',(0.,1.,0.));
#3951 = PCURVE('',#1926,#3952);
#3952 = DEFINITIONAL_REPRESENTATION('',(#3953),#3957);
#3953 = LINE('',#3954,#3955);
#3954 = CARTESIAN_POINT('',(4.69704292,0.));
#3955 = VECTOR('',#3956,1.);
#3956 = DIRECTION('',(0.,-1.));
#3957 = ( GEOMETRIC_REPRESENTATION_CONTEXT(2) 
PARAMETRIC_REPRESENTATION_CONTEXT() REPRESENTATION_CONTEXT('2D SPACE',''
  ) );
#3958 = PCURVE('',#1981,#3959);
#3959 = DEFINITIONAL_REPRESENTATION('',(#3960),#3964);
#3960 = LINE('',#3961,#3962);
#3961 = CARTESIAN_POINT('',(0.,0.));
#3962 = VECTOR('',#3963,1.);
#3963 = DIRECTION('',(0.,-1.));
#3964 = ( GEOMETRIC_REPRESENTATION_CONTEXT(2) 
PARAMETRIC_REPRESENTATION_CONTEXT() REPRESENTATION_CONTEXT('2D SPACE',''
  ) );
#3965 = ORIENTED_EDGE('',*,*,#3966,.F.);
#3966 = EDGE_CURVE('52@1_151_6',#3967,#3944,#3969,.T.);
#3967 = VERTEX_POINT('52@1_108_7',#3968);
#3968 = CARTESIAN_POINT('',(14.30875714,3.,-24.));
#3969 = SURFACE_CURVE('',#3970,(#3974,#3981),.PCURVE_S1.);
#3970 = LINE('',#3971,#3972);
#3971 = CARTESIAN_POINT('',(14.30875714,0.,-24.));
#3972 = VECTOR('',#3973,1.);
#3973 = DIRECTION('',(0.,1.,0.));
#3974 = PCURVE('',#1926,#3975);
#3975 = DEFINITIONAL_REPRESENTATION('',(#3976),#3980);
#3976 = LINE('',#3977,#3978);
#3977 = CARTESIAN_POINT('',(4.69704292,0.));
#3978 = VECTOR('',#3979,1.);
#3979 = DIRECTION('',(0.,-1.));
#3980 = ( GEOMETRIC_REPRESENTATION_CONTEXT(2) 
PARAMETRIC_REPRESENTATION_CONTEXT() REPRESENTATION_CONTEXT('2D SPACE',''
  ) );
#3981 = PCURVE('',#3982,#3987);
#3982 = PLANE('',#3983);
#3983 = AXIS2_PLACEMENT_3D('',#3984,#3985,#3986);
#3984 = CARTESIAN_POINT('',(45.5,0.,-24.));
#3985 = DIRECTION('',(-0.,0.,1.));
#3986 = DIRECTION('',(-1.,0.,-0.));
#3987 = DEFINITIONAL_REPRESENTATION('',(#3988),#3992);
#3988 = LINE('',#3989,#3990);
#3989 = CARTESIAN_POINT('',(31.19124286,0.));
#3990 = VECTOR('',#3991,1.);
#3991 = DIRECTION('',(0.,-1.));
#3992 = ( GEOMETRIC_REPRESENTATION_CONTEXT(2) 
PARAMETRIC_REPRESENTATION_CONTEXT() REPRESENTATION_CONTEXT('2D SPACE',''
  ) );
#3993 = ORIENTED_EDGE('',*,*,#3994,.F.);
#3994 = EDGE_CURVE('52@1_150_6',#2547,#3967,#3995,.T.);
#3995 = SURFACE_CURVE('',#3996,(#4000,#4007),.PCURVE_S1.);
#3996 = LINE('',#3997,#3998);
#3997 = CARTESIAN_POINT('',(14.30875714,3.,-14.34852146));
#3998 = VECTOR('',#3999,1.);
#3999 = DIRECTION('',(-0.,0.,1.));
#4000 = PCURVE('',#1926,#4001);
#4001 = DEFINITIONAL_REPRESENTATION('',(#4002),#4006);
#4002 = LINE('',#4003,#4004);
#4003 = CARTESIAN_POINT('',(14.34852146,-3.));
#4004 = VECTOR('',#4005,1.);
#4005 = DIRECTION('',(1.,0.));
#4006 = ( GEOMETRIC_REPRESENTATION_CONTEXT(2) 
PARAMETRIC_REPRESENTATION_CONTEXT() REPRESENTATION_CONTEXT('2D SPACE',''
  ) );
#4007 = PCURVE('',#2585,#4008);
#4008 = DEFINITIONAL_REPRESENTATION('',(#4009),#4013);
#4009 = LINE('',#4010,#4011);
#4010 = CARTESIAN_POINT('',(-14.30875714,14.34852146));
#4011 = VECTOR('',#4012,1.);
#4012 = DIRECTION('',(0.,-1.));
#4013 = ( GEOMETRIC_REPRESENTATION_CONTEXT(2) 
PARAMETRIC_REPRESENTATION_CONTEXT() REPRESENTATION_CONTEXT('2D SPACE',''
  ) );
#4014 = ADVANCED_FACE('52@1_41_4',(#4015),#1900,.F.);
#4015 = FACE_BOUND('',#4016,.F.);
#4016 = EDGE_LOOP('52@',(#4017,#4018,#4019,#4020));
#4017 = ORIENTED_EDGE('',*,*,#2651,.T.);
#4018 = ORIENTED_EDGE('',*,*,#2546,.T.);
#4019 = ORIENTED_EDGE('',*,*,#3920,.T.);
#4020 = ORIENTED_EDGE('',*,*,#1884,.T.);
#4021 = ADVANCED_FACE('52@1_42_4',(#4022),#1981,.T.);
#4022 = FACE_BOUND('',#4023,.T.);
#4023 = EDGE_LOOP('52@',(#4024,#4045,#4046,#4047));
#4024 = ORIENTED_EDGE('',*,*,#4025,.F.);
#4025 = EDGE_CURVE('52@1_153_6',#3944,#1943,#4026,.T.);
#4026 = SURFACE_CURVE('',#4027,(#4031,#4038),.PCURVE_S1.);
#4027 = LINE('',#4028,#4029);
#4028 = CARTESIAN_POINT('',(14.30875714,15.5,-24.));
#4029 = VECTOR('',#4030,1.);
#4030 = DIRECTION('',(1.,0.,0.));
#4031 = PCURVE('',#1981,#4032);
#4032 = DEFINITIONAL_REPRESENTATION('',(#4033),#4037);
#4033 = LINE('',#4034,#4035);
#4034 = CARTESIAN_POINT('',(0.,-15.5));
#4035 = VECTOR('',#4036,1.);
#4036 = DIRECTION('',(1.,0.));
#4037 = ( GEOMETRIC_REPRESENTATION_CONTEXT(2) 
PARAMETRIC_REPRESENTATION_CONTEXT() REPRESENTATION_CONTEXT('2D SPACE',''
  ) );
#4038 = PCURVE('',#2111,#4039);
#4039 = DEFINITIONAL_REPRESENTATION('',(#4040),#4044);
#4040 = LINE('',#4041,#4042);
#4041 = CARTESIAN_POINT('',(14.30875714,24.));
#4042 = VECTOR('',#4043,1.);
#4043 = DIRECTION('',(1.,0.));
#4044 = ( GEOMETRIC_REPRESENTATION_CONTEXT(2) 
PARAMETRIC_REPRESENTATION_CONTEXT() REPRESENTATION_CONTEXT('2D SPACE',''
  ) );
#4045 = ORIENTED_EDGE('',*,*,#3943,.T.);
#4046 = ORIENTED_EDGE('',*,*,#3872,.T.);
#4047 = ORIENTED_EDGE('',*,*,#1965,.F.);
#4048 = ADVANCED_FACE('52@1_43_4',(#4049),#2057,.T.);
#4049 = FACE_BOUND('',#4050,.T.);
#4050 = EDGE_LOOP('52@',(#4051,#4052,#4075,#4098,#4126,#4154,#4182,#4203
    ,#4204,#4205));
#4051 = ORIENTED_EDGE('',*,*,#2833,.F.);
#4052 = ORIENTED_EDGE('',*,*,#4053,.T.);
#4053 = EDGE_CURVE('52@1_159_6',#2806,#4054,#4056,.T.);
#4054 = VERTEX_POINT('52@1_114_7',#4055);
#4055 = CARTESIAN_POINT('',(46.5053085,3.,23.99469782));
#4056 = SURFACE_CURVE('',#4057,(#4061,#4068),.PCURVE_S1.);
#4057 = LINE('',#4058,#4059);
#4058 = CARTESIAN_POINT('',(46.5053085,3.,-25.00042731));
#4059 = VECTOR('',#4060,1.);
#4060 = DIRECTION('',(-0.,0.,1.));
#4061 = PCURVE('',#2057,#4062);
#4062 = DEFINITIONAL_REPRESENTATION('',(#4063),#4067);
#4063 = LINE('',#4064,#4065);
#4064 = CARTESIAN_POINT('',(-46.5053085,25.00042731));
#4065 = VECTOR('',#4066,1.);
#4066 = DIRECTION('',(0.,-1.));
#4067 = ( GEOMETRIC_REPRESENTATION_CONTEXT(2) 
PARAMETRIC_REPRESENTATION_CONTEXT() REPRESENTATION_CONTEXT('2D SPACE',''
  ) );
#4068 = PCURVE('',#2821,#4069);
#4069 = DEFINITIONAL_REPRESENTATION('',(#4070),#4074);
#4070 = LINE('',#4071,#4072);
#4071 = CARTESIAN_POINT('',(0.,-3.));
#4072 = VECTOR('',#4073,1.);
#4073 = DIRECTION('',(1.,0.));
#4074 = ( GEOMETRIC_REPRESENTATION_CONTEXT(2) 
PARAMETRIC_REPRESENTATION_CONTEXT() REPRESENTATION_CONTEXT('2D SPACE',''
  ) );
#4075 = ORIENTED_EDGE('',*,*,#4076,.F.);
#4076 = EDGE_CURVE('52@1_158_6',#4077,#4054,#4079,.T.);
#4077 = VERTEX_POINT('52@1_113_7',#4078);
#4078 = CARTESIAN_POINT('',(45.50463862,3.,24.9953677));
#4079 = SURFACE_CURVE('',#4080,(#4084,#4091),.PCURVE_S1.);
#4080 = LINE('',#4081,#4082);
#4081 = CARTESIAN_POINT('',(40.62500455,3.,29.87500177));
#4082 = VECTOR('',#4083,1.);
#4083 = DIRECTION('',(0.707106781187,0.,-0.707106781187));
#4084 = PCURVE('',#2057,#4085);
#4085 = DEFINITIONAL_REPRESENTATION('',(#4086),#4090);
#4086 = LINE('',#4087,#4088);
#4087 = CARTESIAN_POINT('',(-40.62500455,-29.87500177));
#4088 = VECTOR('',#4089,1.);
#4089 = DIRECTION('',(-0.707106781187,0.707106781187));
#4090 = ( GEOMETRIC_REPRESENTATION_CONTEXT(2) 
PARAMETRIC_REPRESENTATION_CONTEXT() REPRESENTATION_CONTEXT('2D SPACE',''
  ) );
#4091 = PCURVE('',#2955,#4092);
#4092 = DEFINITIONAL_REPRESENTATION('',(#4093),#4097);
#4093 = LINE('',#4094,#4095);
#4094 = CARTESIAN_POINT('',(3.,7.601399863512));
#4095 = VECTOR('',#4096,1.);
#4096 = DIRECTION('',(0.,-1.));
#4097 = ( GEOMETRIC_REPRESENTATION_CONTEXT(2) 
PARAMETRIC_REPRESENTATION_CONTEXT() REPRESENTATION_CONTEXT('2D SPACE',''
  ) );
#4098 = ORIENTED_EDGE('',*,*,#4099,.F.);
#4099 = EDGE_CURVE('52@1_157_6',#4100,#4077,#4102,.T.);
#4100 = VERTEX_POINT('52@1_112_7',#4101);
#4101 = CARTESIAN_POINT('',(38.947166,3.,24.9953677));
#4102 = SURFACE_CURVE('',#4103,(#4107,#4114),.PCURVE_S1.);
#4103 = LINE('',#4104,#4105);
#4104 = CARTESIAN_POINT('',(-45.5,3.,24.9953677));
#4105 = VECTOR('',#4106,1.);
#4106 = DIRECTION('',(1.,0.,-0.));
#4107 = PCURVE('',#2057,#4108);
#4108 = DEFINITIONAL_REPRESENTATION('',(#4109),#4113);
#4109 = LINE('',#4110,#4111);
#4110 = CARTESIAN_POINT('',(45.5,-24.9953677));
#4111 = VECTOR('',#4112,1.);
#4112 = DIRECTION('',(-1.,0.));
#4113 = ( GEOMETRIC_REPRESENTATION_CONTEXT(2) 
PARAMETRIC_REPRESENTATION_CONTEXT() REPRESENTATION_CONTEXT('2D SPACE',''
  ) );
#4114 = PCURVE('',#4115,#4120);
#4115 = PLANE('',#4116);
#4116 = AXIS2_PLACEMENT_3D('',#4117,#4118,#4119);
#4117 = CARTESIAN_POINT('',(-45.5,0.,24.9953677));
#4118 = DIRECTION('',(-0.,0.,-1.));
#4119 = DIRECTION('',(1.,0.,-0.));
#4120 = DEFINITIONAL_REPRESENTATION('',(#4121),#4125);
#4121 = LINE('',#4122,#4123);
#4122 = CARTESIAN_POINT('',(0.,-3.));
#4123 = VECTOR('',#4124,1.);
#4124 = DIRECTION('',(1.,0.));
#4125 = ( GEOMETRIC_REPRESENTATION_CONTEXT(2) 
PARAMETRIC_REPRESENTATION_CONTEXT() REPRESENTATION_CONTEXT('2D SPACE',''
  ) );
#4126 = ORIENTED_EDGE('',*,*,#4127,.F.);
#4127 = EDGE_CURVE('52@1_156_6',#4128,#4100,#4130,.T.);
#4128 = VERTEX_POINT('52@1_111_7',#4129);
#4129 = CARTESIAN_POINT('',(38.947166,3.,24.));
#4130 = SURFACE_CURVE('',#4131,(#4135,#4142),.PCURVE_S1.);
#4131 = LINE('',#4132,#4133);
#4132 = CARTESIAN_POINT('',(38.947166,3.,12.));
#4133 = VECTOR('',#4134,1.);
#4134 = DIRECTION('',(-0.,0.,1.));
#4135 = PCURVE('',#2057,#4136);
#4136 = DEFINITIONAL_REPRESENTATION('',(#4137),#4141);
#4137 = LINE('',#4138,#4139);
#4138 = CARTESIAN_POINT('',(-38.947166,-12.));
#4139 = VECTOR('',#4140,1.);
#4140 = DIRECTION('',(0.,-1.));
#4141 = ( GEOMETRIC_REPRESENTATION_CONTEXT(2) 
PARAMETRIC_REPRESENTATION_CONTEXT() REPRESENTATION_CONTEXT('2D SPACE',''
  ) );
#4142 = PCURVE('',#4143,#4148);
#4143 = PLANE('',#4144);
#4144 = AXIS2_PLACEMENT_3D('',#4145,#4146,#4147);
#4145 = CARTESIAN_POINT('',(38.947166,0.,24.));
#4146 = DIRECTION('',(1.,-0.,0.));
#4147 = DIRECTION('',(-0.,0.,1.));
#4148 = DEFINITIONAL_REPRESENTATION('',(#4149),#4153);
#4149 = LINE('',#4150,#4151);
#4150 = CARTESIAN_POINT('',(-12.,-3.));
#4151 = VECTOR('',#4152,1.);
#4152 = DIRECTION('',(1.,0.));
#4153 = ( GEOMETRIC_REPRESENTATION_CONTEXT(2) 
PARAMETRIC_REPRESENTATION_CONTEXT() REPRESENTATION_CONTEXT('2D SPACE',''
  ) );
#4154 = ORIENTED_EDGE('',*,*,#4155,.F.);
#4155 = EDGE_CURVE('52@1_155_6',#4156,#4128,#4158,.T.);
#4156 = VERTEX_POINT('52@1_110_7',#4157);
#4157 = CARTESIAN_POINT('',(45.5,3.,24.));
#4158 = SURFACE_CURVE('',#4159,(#4163,#4170),.PCURVE_S1.);
#4159 = LINE('',#4160,#4161);
#4160 = CARTESIAN_POINT('',(46.81750035,3.,24.));
#4161 = VECTOR('',#4162,1.);
#4162 = DIRECTION('',(-1.,0.,0.));
#4163 = PCURVE('',#2057,#4164);
#4164 = DEFINITIONAL_REPRESENTATION('',(#4165),#4169);
#4165 = LINE('',#4166,#4167);
#4166 = CARTESIAN_POINT('',(-46.81750035,-24.));
#4167 = VECTOR('',#4168,1.);
#4168 = DIRECTION('',(1.,0.));
#4169 = ( GEOMETRIC_REPRESENTATION_CONTEXT(2) 
PARAMETRIC_REPRESENTATION_CONTEXT() REPRESENTATION_CONTEXT('2D SPACE',''
  ) );
#4170 = PCURVE('',#4171,#4176);
#4171 = PLANE('',#4172);
#4172 = AXIS2_PLACEMENT_3D('',#4173,#4174,#4175);
#4173 = CARTESIAN_POINT('',(-45.5,0.,24.));
#4174 = DIRECTION('',(0.,0.,-1.));
#4175 = DIRECTION('',(1.,0.,0.));
#4176 = DEFINITIONAL_REPRESENTATION('',(#4177),#4181);
#4177 = LINE('',#4178,#4179);
#4178 = CARTESIAN_POINT('',(92.31750035,-3.));
#4179 = VECTOR('',#4180,1.);
#4180 = DIRECTION('',(-1.,0.));
#4181 = ( GEOMETRIC_REPRESENTATION_CONTEXT(2) 
PARAMETRIC_REPRESENTATION_CONTEXT() REPRESENTATION_CONTEXT('2D SPACE',''
  ) );
#4182 = ORIENTED_EDGE('',*,*,#4183,.T.);
#4183 = EDGE_CURVE('52@1_154_6',#4156,#2042,#4184,.T.);
#4184 = SURFACE_CURVE('',#4185,(#4189,#4196),.PCURVE_S1.);
#4185 = LINE('',#4186,#4187);
#4186 = CARTESIAN_POINT('',(45.5,3.,24.));
#4187 = VECTOR('',#4188,1.);
#4188 = DIRECTION('',(0.,0.,-1.));
#4189 = PCURVE('',#2057,#4190);
#4190 = DEFINITIONAL_REPRESENTATION('',(#4191),#4195);
#4191 = LINE('',#4192,#4193);
#4192 = CARTESIAN_POINT('',(-45.5,-24.));
#4193 = VECTOR('',#4194,1.);
#4194 = DIRECTION('',(0.,1.));
#4195 = ( GEOMETRIC_REPRESENTATION_CONTEXT(2) 
PARAMETRIC_REPRESENTATION_CONTEXT() REPRESENTATION_CONTEXT('2D SPACE',''
  ) );
#4196 = PCURVE('',#2085,#4197);
#4197 = DEFINITIONAL_REPRESENTATION('',(#4198),#4202);
#4198 = LINE('',#4199,#4200);
#4199 = CARTESIAN_POINT('',(0.,-3.));
#4200 = VECTOR('',#4201,1.);
#4201 = DIRECTION('',(1.,0.));
#4202 = ( GEOMETRIC_REPRESENTATION_CONTEXT(2) 
PARAMETRIC_REPRESENTATION_CONTEXT() REPRESENTATION_CONTEXT('2D SPACE',''
  ) );
#4203 = ORIENTED_EDGE('',*,*,#2041,.F.);
#4204 = ORIENTED_EDGE('',*,*,#2128,.T.);
#4205 = ORIENTED_EDGE('',*,*,#2701,.F.);
#4206 = ADVANCED_FACE('52@1_44_4',(#4207),#2085,.T.);
#4207 = FACE_BOUND('',#4208,.T.);
#4208 = EDGE_LOOP('52@',(#4209,#4210,#4233,#4256,#4284,#4312,#4340,#4363
    ,#4391,#4419,#4447,#4468));
#4209 = ORIENTED_EDGE('',*,*,#4183,.F.);
#4210 = ORIENTED_EDGE('',*,*,#4211,.T.);
#4211 = EDGE_CURVE('52@1_160_6',#4156,#4212,#4214,.T.);
#4212 = VERTEX_POINT('52@1_115_7',#4213);
#4213 = CARTESIAN_POINT('',(45.5,15.5,24.));
#4214 = SURFACE_CURVE('',#4215,(#4219,#4226),.PCURVE_S1.);
#4215 = LINE('',#4216,#4217);
#4216 = CARTESIAN_POINT('',(45.5,0.,24.));
#4217 = VECTOR('',#4218,1.);
#4218 = DIRECTION('',(0.,1.,0.));
#4219 = PCURVE('',#2085,#4220);
#4220 = DEFINITIONAL_REPRESENTATION('',(#4221),#4225);
#4221 = LINE('',#4222,#4223);
#4222 = CARTESIAN_POINT('',(0.,-0.));
#4223 = VECTOR('',#4224,1.);
#4224 = DIRECTION('',(0.,-1.));
#4225 = ( GEOMETRIC_REPRESENTATION_CONTEXT(2) 
PARAMETRIC_REPRESENTATION_CONTEXT() REPRESENTATION_CONTEXT('2D SPACE',''
  ) );
#4226 = PCURVE('',#4171,#4227);
#4227 = DEFINITIONAL_REPRESENTATION('',(#4228),#4232);
#4228 = LINE('',#4229,#4230);
#4229 = CARTESIAN_POINT('',(91.,0.));
#4230 = VECTOR('',#4231,1.);
#4231 = DIRECTION('',(0.,-1.));
#4232 = ( GEOMETRIC_REPRESENTATION_CONTEXT(2) 
PARAMETRIC_REPRESENTATION_CONTEXT() REPRESENTATION_CONTEXT('2D SPACE',''
  ) );
#4233 = ORIENTED_EDGE('',*,*,#4234,.T.);
#4234 = EDGE_CURVE('52@1_161_6',#4212,#4235,#4237,.T.);
#4235 = VERTEX_POINT('52@1_116_7',#4236);
#4236 = CARTESIAN_POINT('',(45.5,15.5,10.48459524));
#4237 = SURFACE_CURVE('',#4238,(#4242,#4249),.PCURVE_S1.);
#4238 = LINE('',#4239,#4240);
#4239 = CARTESIAN_POINT('',(45.5,15.5,24.));
#4240 = VECTOR('',#4241,1.);
#4241 = DIRECTION('',(0.,0.,-1.));
#4242 = PCURVE('',#2085,#4243);
#4243 = DEFINITIONAL_REPRESENTATION('',(#4244),#4248);
#4244 = LINE('',#4245,#4246);
#4245 = CARTESIAN_POINT('',(0.,-15.5));
#4246 = VECTOR('',#4247,1.);
#4247 = DIRECTION('',(1.,0.));
#4248 = ( GEOMETRIC_REPRESENTATION_CONTEXT(2) 
PARAMETRIC_REPRESENTATION_CONTEXT() REPRESENTATION_CONTEXT('2D SPACE',''
  ) );
#4249 = PCURVE('',#2111,#4250);
#4250 = DEFINITIONAL_REPRESENTATION('',(#4251),#4255);
#4251 = LINE('',#4252,#4253);
#4252 = CARTESIAN_POINT('',(45.5,-24.));
#4253 = VECTOR('',#4254,1.);
#4254 = DIRECTION('',(0.,1.));
#4255 = ( GEOMETRIC_REPRESENTATION_CONTEXT(2) 
PARAMETRIC_REPRESENTATION_CONTEXT() REPRESENTATION_CONTEXT('2D SPACE',''
  ) );
#4256 = ORIENTED_EDGE('',*,*,#4257,.F.);
#4257 = EDGE_CURVE('52@1_162_6',#4258,#4235,#4260,.T.);
#4258 = VERTEX_POINT('52@1_117_7',#4259);
#4259 = CARTESIAN_POINT('',(45.5,6.5,10.48459524));
#4260 = SURFACE_CURVE('',#4261,(#4265,#4272),.PCURVE_S1.);
#4261 = LINE('',#4262,#4263);
#4262 = CARTESIAN_POINT('',(45.5,6.5,10.48459524));
#4263 = VECTOR('',#4264,1.);
#4264 = DIRECTION('',(0.,1.,0.));
#4265 = PCURVE('',#2085,#4266);
#4266 = DEFINITIONAL_REPRESENTATION('',(#4267),#4271);
#4267 = LINE('',#4268,#4269);
#4268 = CARTESIAN_POINT('',(13.51540476,-6.5));
#4269 = VECTOR('',#4270,1.);
#4270 = DIRECTION('',(0.,-1.));
#4271 = ( GEOMETRIC_REPRESENTATION_CONTEXT(2) 
PARAMETRIC_REPRESENTATION_CONTEXT() REPRESENTATION_CONTEXT('2D SPACE',''
  ) );
#4272 = PCURVE('',#4273,#4278);
#4273 = PLANE('',#4274);
#4274 = AXIS2_PLACEMENT_3D('',#4275,#4276,#4277);
#4275 = CARTESIAN_POINT('',(45.5,6.5,10.48459524));
#4276 = DIRECTION('',(0.,-0.,1.));
#4277 = DIRECTION('',(-1.,0.,0.));
#4278 = DEFINITIONAL_REPRESENTATION('',(#4279),#4283);
#4279 = LINE('',#4280,#4281);
#4280 = CARTESIAN_POINT('',(0.,0.));
#4281 = VECTOR('',#4282,1.);
#4282 = DIRECTION('',(0.,-1.));
#4283 = ( GEOMETRIC_REPRESENTATION_CONTEXT(2) 
PARAMETRIC_REPRESENTATION_CONTEXT() REPRESENTATION_CONTEXT('2D SPACE',''
  ) );
#4284 = ORIENTED_EDGE('',*,*,#4285,.T.);
#4285 = EDGE_CURVE('52@1_163_6',#4258,#4286,#4288,.T.);
#4286 = VERTEX_POINT('52@1_118_7',#4287);
#4287 = CARTESIAN_POINT('',(45.5,6.5,7.08673905));
#4288 = SURFACE_CURVE('',#4289,(#4293,#4300),.PCURVE_S1.);
#4289 = LINE('',#4290,#4291);
#4290 = CARTESIAN_POINT('',(45.5,6.5,16.50500254));
#4291 = VECTOR('',#4292,1.);
#4292 = DIRECTION('',(0.,0.,-1.));
#4293 = PCURVE('',#2085,#4294);
#4294 = DEFINITIONAL_REPRESENTATION('',(#4295),#4299);
#4295 = LINE('',#4296,#4297);
#4296 = CARTESIAN_POINT('',(7.49499746,-6.5));
#4297 = VECTOR('',#4298,1.);
#4298 = DIRECTION('',(1.,0.));
#4299 = ( GEOMETRIC_REPRESENTATION_CONTEXT(2) 
PARAMETRIC_REPRESENTATION_CONTEXT() REPRESENTATION_CONTEXT('2D SPACE',''
  ) );
#4300 = PCURVE('',#4301,#4306);
#4301 = PLANE('',#4302);
#4302 = AXIS2_PLACEMENT_3D('',#4303,#4304,#4305);
#4303 = CARTESIAN_POINT('',(0.,6.5,0.));
#4304 = DIRECTION('',(-0.,-1.,-0.));
#4305 = DIRECTION('',(-1.,0.,0.));
#4306 = DEFINITIONAL_REPRESENTATION('',(#4307),#4311);
#4307 = LINE('',#4308,#4309);
#4308 = CARTESIAN_POINT('',(-45.5,-16.50500254));
#4309 = VECTOR('',#4310,1.);
#4310 = DIRECTION('',(0.,1.));
#4311 = ( GEOMETRIC_REPRESENTATION_CONTEXT(2) 
PARAMETRIC_REPRESENTATION_CONTEXT() REPRESENTATION_CONTEXT('2D SPACE',''
  ) );
#4312 = ORIENTED_EDGE('',*,*,#4313,.F.);
#4313 = EDGE_CURVE('52@1_164_6',#4314,#4286,#4316,.T.);
#4314 = VERTEX_POINT('52@1_119_7',#4315);
#4315 = CARTESIAN_POINT('',(45.5,15.5,7.08673905));
#4316 = SURFACE_CURVE('',#4317,(#4321,#4328),.PCURVE_S1.);
#4317 = LINE('',#4318,#4319);
#4318 = CARTESIAN_POINT('',(45.5,15.5,7.08673905));
#4319 = VECTOR('',#4320,1.);
#4320 = DIRECTION('',(-0.,-1.,-0.));
#4321 = PCURVE('',#2085,#4322);
#4322 = DEFINITIONAL_REPRESENTATION('',(#4323),#4327);
#4323 = LINE('',#4324,#4325);
#4324 = CARTESIAN_POINT('',(16.91326095,-15.5));
#4325 = VECTOR('',#4326,1.);
#4326 = DIRECTION('',(0.,1.));
#4327 = ( GEOMETRIC_REPRESENTATION_CONTEXT(2) 
PARAMETRIC_REPRESENTATION_CONTEXT() REPRESENTATION_CONTEXT('2D SPACE',''
  ) );
#4328 = PCURVE('',#4329,#4334);
#4329 = PLANE('',#4330);
#4330 = AXIS2_PLACEMENT_3D('',#4331,#4332,#4333);
#4331 = CARTESIAN_POINT('',(45.5,15.5,7.08673905));
#4332 = DIRECTION('',(0.,0.,-1.));
#4333 = DIRECTION('',(-1.,0.,0.));
#4334 = DEFINITIONAL_REPRESENTATION('',(#4335),#4339);
#4335 = LINE('',#4336,#4337);
#4336 = CARTESIAN_POINT('',(0.,0.));
#4337 = VECTOR('',#4338,1.);
#4338 = DIRECTION('',(0.,-1.));
#4339 = ( GEOMETRIC_REPRESENTATION_CONTEXT(2) 
PARAMETRIC_REPRESENTATION_CONTEXT() REPRESENTATION_CONTEXT('2D SPACE',''
  ) );
#4340 = ORIENTED_EDGE('',*,*,#4341,.T.);
#4341 = EDGE_CURVE('52@1_165_6',#4314,#4342,#4344,.T.);
#4342 = VERTEX_POINT('52@1_120_7',#4343);
#4343 = CARTESIAN_POINT('',(45.5,15.5,-7.05230064));
#4344 = SURFACE_CURVE('',#4345,(#4349,#4356),.PCURVE_S1.);
#4345 = LINE('',#4346,#4347);
#4346 = CARTESIAN_POINT('',(45.5,15.5,24.));
#4347 = VECTOR('',#4348,1.);
#4348 = DIRECTION('',(0.,0.,-1.));
#4349 = PCURVE('',#2085,#4350);
#4350 = DEFINITIONAL_REPRESENTATION('',(#4351),#4355);
#4351 = LINE('',#4352,#4353);
#4352 = CARTESIAN_POINT('',(0.,-15.5));
#4353 = VECTOR('',#4354,1.);
#4354 = DIRECTION('',(1.,0.));
#4355 = ( GEOMETRIC_REPRESENTATION_CONTEXT(2) 
PARAMETRIC_REPRESENTATION_CONTEXT() REPRESENTATION_CONTEXT('2D SPACE',''
  ) );
#4356 = PCURVE('',#2111,#4357);
#4357 = DEFINITIONAL_REPRESENTATION('',(#4358),#4362);
#4358 = LINE('',#4359,#4360);
#4359 = CARTESIAN_POINT('',(45.5,-24.));
#4360 = VECTOR('',#4361,1.);
#4361 = DIRECTION('',(0.,1.));
#4362 = ( GEOMETRIC_REPRESENTATION_CONTEXT(2) 
PARAMETRIC_REPRESENTATION_CONTEXT() REPRESENTATION_CONTEXT('2D SPACE',''
  ) );
#4363 = ORIENTED_EDGE('',*,*,#4364,.T.);
#4364 = EDGE_CURVE('52@1_166_6',#4342,#4365,#4367,.T.);
#4365 = VERTEX_POINT('52@1_121_7',#4366);
#4366 = CARTESIAN_POINT('',(45.5,6.5,-7.05230064));
#4367 = SURFACE_CURVE('',#4368,(#4372,#4379),.PCURVE_S1.);
#4368 = LINE('',#4369,#4370);
#4369 = CARTESIAN_POINT('',(45.5,15.5,-7.05230064));
#4370 = VECTOR('',#4371,1.);
#4371 = DIRECTION('',(-0.,-1.,-0.));
#4372 = PCURVE('',#2085,#4373);
#4373 = DEFINITIONAL_REPRESENTATION('',(#4374),#4378);
#4374 = LINE('',#4375,#4376);
#4375 = CARTESIAN_POINT('',(31.05230064,-15.5));
#4376 = VECTOR('',#4377,1.);
#4377 = DIRECTION('',(0.,1.));
#4378 = ( GEOMETRIC_REPRESENTATION_CONTEXT(2) 
PARAMETRIC_REPRESENTATION_CONTEXT() REPRESENTATION_CONTEXT('2D SPACE',''
  ) );
#4379 = PCURVE('',#4380,#4385);
#4380 = PLANE('',#4381);
#4381 = AXIS2_PLACEMENT_3D('',#4382,#4383,#4384);
#4382 = CARTESIAN_POINT('',(38.85923952,15.5,-7.05230064));
#4383 = DIRECTION('',(0.,-0.,1.));
#4384 = DIRECTION('',(1.,0.,0.));
#4385 = DEFINITIONAL_REPRESENTATION('',(#4386),#4390);
#4386 = LINE('',#4387,#4388);
#4387 = CARTESIAN_POINT('',(6.64076048,0.));
#4388 = VECTOR('',#4389,1.);
#4389 = DIRECTION('',(-0.,-1.));
#4390 = ( GEOMETRIC_REPRESENTATION_CONTEXT(2) 
PARAMETRIC_REPRESENTATION_CONTEXT() REPRESENTATION_CONTEXT('2D SPACE',''
  ) );
#4391 = ORIENTED_EDGE('',*,*,#4392,.T.);
#4392 = EDGE_CURVE('52@1_167_6',#4365,#4393,#4395,.T.);
#4393 = VERTEX_POINT('52@1_122_7',#4394);
#4394 = CARTESIAN_POINT('',(45.5,6.5,-10.96103201));
#4395 = SURFACE_CURVE('',#4396,(#4400,#4407),.PCURVE_S1.);
#4396 = LINE('',#4397,#4398);
#4397 = CARTESIAN_POINT('',(45.5,6.5,-7.05230064));
#4398 = VECTOR('',#4399,1.);
#4399 = DIRECTION('',(0.,0.,-1.));
#4400 = PCURVE('',#2085,#4401);
#4401 = DEFINITIONAL_REPRESENTATION('',(#4402),#4406);
#4402 = LINE('',#4403,#4404);
#4403 = CARTESIAN_POINT('',(31.05230064,-6.5));
#4404 = VECTOR('',#4405,1.);
#4405 = DIRECTION('',(1.,0.));
#4406 = ( GEOMETRIC_REPRESENTATION_CONTEXT(2) 
PARAMETRIC_REPRESENTATION_CONTEXT() REPRESENTATION_CONTEXT('2D SPACE',''
  ) );
#4407 = PCURVE('',#4408,#4413);
#4408 = PLANE('',#4409);
#4409 = AXIS2_PLACEMENT_3D('',#4410,#4411,#4412);
#4410 = CARTESIAN_POINT('',(0.,6.5,0.));
#4411 = DIRECTION('',(-0.,-1.,-0.));
#4412 = DIRECTION('',(-1.,0.,0.));
#4413 = DEFINITIONAL_REPRESENTATION('',(#4414),#4418);
#4414 = LINE('',#4415,#4416);
#4415 = CARTESIAN_POINT('',(-45.5,7.05230064));
#4416 = VECTOR('',#4417,1.);
#4417 = DIRECTION('',(0.,1.));
#4418 = ( GEOMETRIC_REPRESENTATION_CONTEXT(2) 
PARAMETRIC_REPRESENTATION_CONTEXT() REPRESENTATION_CONTEXT('2D SPACE',''
  ) );
#4419 = ORIENTED_EDGE('',*,*,#4420,.T.);
#4420 = EDGE_CURVE('52@1_168_6',#4393,#4421,#4423,.T.);
#4421 = VERTEX_POINT('52@1_123_7',#4422);
#4422 = CARTESIAN_POINT('',(45.5,15.5,-10.96103201));
#4423 = SURFACE_CURVE('',#4424,(#4428,#4435),.PCURVE_S1.);
#4424 = LINE('',#4425,#4426);
#4425 = CARTESIAN_POINT('',(45.5,6.5,-10.96103201));
#4426 = VECTOR('',#4427,1.);
#4427 = DIRECTION('',(0.,1.,0.));
#4428 = PCURVE('',#2085,#4429);
#4429 = DEFINITIONAL_REPRESENTATION('',(#4430),#4434);
#4430 = LINE('',#4431,#4432);
#4431 = CARTESIAN_POINT('',(34.96103201,-6.5));
#4432 = VECTOR('',#4433,1.);
#4433 = DIRECTION('',(0.,-1.));
#4434 = ( GEOMETRIC_REPRESENTATION_CONTEXT(2) 
PARAMETRIC_REPRESENTATION_CONTEXT() REPRESENTATION_CONTEXT('2D SPACE',''
  ) );
#4435 = PCURVE('',#4436,#4441);
#4436 = PLANE('',#4437);
#4437 = AXIS2_PLACEMENT_3D('',#4438,#4439,#4440);
#4438 = CARTESIAN_POINT('',(45.5,6.5,-10.96103201));
#4439 = DIRECTION('',(0.,-0.,1.));
#4440 = DIRECTION('',(-1.,0.,0.));
#4441 = DEFINITIONAL_REPRESENTATION('',(#4442),#4446);
#4442 = LINE('',#4443,#4444);
#4443 = CARTESIAN_POINT('',(0.,0.));
#4444 = VECTOR('',#4445,1.);
#4445 = DIRECTION('',(0.,-1.));
#4446 = ( GEOMETRIC_REPRESENTATION_CONTEXT(2) 
PARAMETRIC_REPRESENTATION_CONTEXT() REPRESENTATION_CONTEXT('2D SPACE',''
  ) );
#4447 = ORIENTED_EDGE('',*,*,#4448,.T.);
#4448 = EDGE_CURVE('52@1_169_6',#4421,#2070,#4449,.T.);
#4449 = SURFACE_CURVE('',#4450,(#4454,#4461),.PCURVE_S1.);
#4450 = LINE('',#4451,#4452);
#4451 = CARTESIAN_POINT('',(45.5,15.5,-10.96103201));
#4452 = VECTOR('',#4453,1.);
#4453 = DIRECTION('',(0.,0.,-1.));
#4454 = PCURVE('',#2085,#4455);
#4455 = DEFINITIONAL_REPRESENTATION('',(#4456),#4460);
#4456 = LINE('',#4457,#4458);
#4457 = CARTESIAN_POINT('',(34.96103201,-15.5));
#4458 = VECTOR('',#4459,1.);
#4459 = DIRECTION('',(1.,0.));
#4460 = ( GEOMETRIC_REPRESENTATION_CONTEXT(2) 
PARAMETRIC_REPRESENTATION_CONTEXT() REPRESENTATION_CONTEXT('2D SPACE',''
  ) );
#4461 = PCURVE('',#2111,#4462);
#4462 = DEFINITIONAL_REPRESENTATION('',(#4463),#4467);
#4463 = LINE('',#4464,#4465);
#4464 = CARTESIAN_POINT('',(45.5,10.96103201));
#4465 = VECTOR('',#4466,1.);
#4466 = DIRECTION('',(0.,1.));
#4467 = ( GEOMETRIC_REPRESENTATION_CONTEXT(2) 
PARAMETRIC_REPRESENTATION_CONTEXT() REPRESENTATION_CONTEXT('2D SPACE',''
  ) );
#4468 = ORIENTED_EDGE('',*,*,#2069,.F.);
#4469 = ADVANCED_FACE('52@1_45_4',(#4470),#2111,.F.);
#4470 = FACE_BOUND('',#4471,.F.);
#4471 = EDGE_LOOP('52@',(#4472,#4473,#4496,#4524,#4547,#4575,#4603,#4631
    ,#4659,#4682,#4710,#4738,#4766,#4794,#4822,#4845,#4873,#4901,#4929,
    #4957,#4985,#5013,#5036,#5064,#5092,#5120,#5143,#5171,#5199,#5227,
    #5255,#5283,#5311,#5339,#5367,#5390,#5418,#5446,#5474,#5502,#5530,
    #5553,#5581,#5602,#5603,#5626,#5654,#5675,#5676,#5699,#5727,#5748,
    #5749));
#4472 = ORIENTED_EDGE('',*,*,#4025,.F.);
#4473 = ORIENTED_EDGE('',*,*,#4474,.T.);
#4474 = EDGE_CURVE('52@1_170_6',#3944,#4475,#4477,.T.);
#4475 = VERTEX_POINT('52@1_124_7',#4476);
#4476 = CARTESIAN_POINT('',(10.52009541,15.5,-24.));
#4477 = SURFACE_CURVE('',#4478,(#4482,#4489),.PCURVE_S1.);
#4478 = LINE('',#4479,#4480);
#4479 = CARTESIAN_POINT('',(45.5,15.5,-24.));
#4480 = VECTOR('',#4481,1.);
#4481 = DIRECTION('',(-1.,0.,-0.));
#4482 = PCURVE('',#2111,#4483);
#4483 = DEFINITIONAL_REPRESENTATION('',(#4484),#4488);
#4484 = LINE('',#4485,#4486);
#4485 = CARTESIAN_POINT('',(45.5,24.));
#4486 = VECTOR('',#4487,1.);
#4487 = DIRECTION('',(-1.,0.));
#4488 = ( GEOMETRIC_REPRESENTATION_CONTEXT(2) 
PARAMETRIC_REPRESENTATION_CONTEXT() REPRESENTATION_CONTEXT('2D SPACE',''
  ) );
#4489 = PCURVE('',#3982,#4490);
#4490 = DEFINITIONAL_REPRESENTATION('',(#4491),#4495);
#4491 = LINE('',#4492,#4493);
#4492 = CARTESIAN_POINT('',(0.,-15.5));
#4493 = VECTOR('',#4494,1.);
#4494 = DIRECTION('',(1.,0.));
#4495 = ( GEOMETRIC_REPRESENTATION_CONTEXT(2) 
PARAMETRIC_REPRESENTATION_CONTEXT() REPRESENTATION_CONTEXT('2D SPACE',''
  ) );
#4496 = ORIENTED_EDGE('',*,*,#4497,.T.);
#4497 = EDGE_CURVE('52@1_171_6',#4475,#4498,#4500,.T.);
#4498 = VERTEX_POINT('52@1_125_7',#4499);
#4499 = CARTESIAN_POINT('',(10.520095649813,15.5,-16.70788181));
#4500 = SURFACE_CURVE('',#4501,(#4505,#4512),.PCURVE_S1.);
#4501 = LINE('',#4502,#4503);
#4502 = CARTESIAN_POINT('',(10.52009541,15.5,-24.));
#4503 = VECTOR('',#4504,1.);
#4504 = DIRECTION('',(-0.,0.,1.));
#4505 = PCURVE('',#2111,#4506);
#4506 = DEFINITIONAL_REPRESENTATION('',(#4507),#4511);
#4507 = LINE('',#4508,#4509);
#4508 = CARTESIAN_POINT('',(10.52009541,24.));
#4509 = VECTOR('',#4510,1.);
#4510 = DIRECTION('',(0.,-1.));
#4511 = ( GEOMETRIC_REPRESENTATION_CONTEXT(2) 
PARAMETRIC_REPRESENTATION_CONTEXT() REPRESENTATION_CONTEXT('2D SPACE',''
  ) );
#4512 = PCURVE('',#4513,#4518);
#4513 = PLANE('',#4514);
#4514 = AXIS2_PLACEMENT_3D('',#4515,#4516,#4517);
#4515 = CARTESIAN_POINT('',(10.52009541,15.5,-24.));
#4516 = DIRECTION('',(-1.,0.,-0.));
#4517 = DIRECTION('',(0.,0.,1.));
#4518 = DEFINITIONAL_REPRESENTATION('',(#4519),#4523);
#4519 = LINE('',#4520,#4521);
#4520 = CARTESIAN_POINT('',(0.,0.));
#4521 = VECTOR('',#4522,1.);
#4522 = DIRECTION('',(1.,0.));
#4523 = ( GEOMETRIC_REPRESENTATION_CONTEXT(2) 
PARAMETRIC_REPRESENTATION_CONTEXT() REPRESENTATION_CONTEXT('2D SPACE',''
  ) );
#4524 = ORIENTED_EDGE('',*,*,#4525,.F.);
#4525 = EDGE_CURVE('52@1_172_6',#4526,#4498,#4528,.T.);
#4526 = VERTEX_POINT('52@1_126_7',#4527);
#4527 = CARTESIAN_POINT('',(10.52009565,15.5,-10.67584271));
#4528 = SURFACE_CURVE('',#4529,(#4533,#4540),.PCURVE_S1.);
#4529 = LINE('',#4530,#4531);
#4530 = CARTESIAN_POINT('',(10.52009565,15.5,-10.67584271));
#4531 = VECTOR('',#4532,1.);
#4532 = DIRECTION('',(0.,0.,-1.));
#4533 = PCURVE('',#2111,#4534);
#4534 = DEFINITIONAL_REPRESENTATION('',(#4535),#4539);
#4535 = LINE('',#4536,#4537);
#4536 = CARTESIAN_POINT('',(10.52009565,10.67584271));
#4537 = VECTOR('',#4538,1.);
#4538 = DIRECTION('',(0.,1.));
#4539 = ( GEOMETRIC_REPRESENTATION_CONTEXT(2) 
PARAMETRIC_REPRESENTATION_CONTEXT() REPRESENTATION_CONTEXT('2D SPACE',''
  ) );
#4540 = PCURVE('',#4513,#4541);
#4541 = DEFINITIONAL_REPRESENTATION('',(#4542),#4546);
#4542 = LINE('',#4543,#4544);
#4543 = CARTESIAN_POINT('',(13.32415729,0.));
#4544 = VECTOR('',#4545,1.);
#4545 = DIRECTION('',(-1.,0.));
#4546 = ( GEOMETRIC_REPRESENTATION_CONTEXT(2) 
PARAMETRIC_REPRESENTATION_CONTEXT() REPRESENTATION_CONTEXT('2D SPACE',''
  ) );
#4547 = ORIENTED_EDGE('',*,*,#4548,.F.);
#4548 = EDGE_CURVE('52@1_173_6',#4549,#4526,#4551,.T.);
#4549 = VERTEX_POINT('52@1_127_7',#4550);
#4550 = CARTESIAN_POINT('',(14.30875714,15.5,-10.67584271));
#4551 = SURFACE_CURVE('',#4552,(#4556,#4563),.PCURVE_S1.);
#4552 = LINE('',#4553,#4554);
#4553 = CARTESIAN_POINT('',(14.30875714,15.5,-10.67584271));
#4554 = VECTOR('',#4555,1.);
#4555 = DIRECTION('',(-1.,0.,0.));
#4556 = PCURVE('',#2111,#4557);
#4557 = DEFINITIONAL_REPRESENTATION('',(#4558),#4562);
#4558 = LINE('',#4559,#4560);
#4559 = CARTESIAN_POINT('',(14.30875714,10.67584271));
#4560 = VECTOR('',#4561,1.);
#4561 = DIRECTION('',(-1.,0.));
#4562 = ( GEOMETRIC_REPRESENTATION_CONTEXT(2) 
PARAMETRIC_REPRESENTATION_CONTEXT() REPRESENTATION_CONTEXT('2D SPACE',''
  ) );
#4563 = PCURVE('',#4564,#4569);
#4564 = PLANE('',#4565);
#4565 = AXIS2_PLACEMENT_3D('',#4566,#4567,#4568);
#4566 = CARTESIAN_POINT('',(14.30875714,6.5,-10.67584271));
#4567 = DIRECTION('',(0.,-0.,1.));
#4568 = DIRECTION('',(-1.,0.,0.));
#4569 = DEFINITIONAL_REPRESENTATION('',(#4570),#4574);
#4570 = LINE('',#4571,#4572);
#4571 = CARTESIAN_POINT('',(0.,-9.));
#4572 = VECTOR('',#4573,1.);
#4573 = DIRECTION('',(1.,0.));
#4574 = ( GEOMETRIC_REPRESENTATION_CONTEXT(2) 
PARAMETRIC_REPRESENTATION_CONTEXT() REPRESENTATION_CONTEXT('2D SPACE',''
  ) );
#4575 = ORIENTED_EDGE('',*,*,#4576,.F.);
#4576 = EDGE_CURVE('52@1_174_6',#4577,#4549,#4579,.T.);
#4577 = VERTEX_POINT('52@1_128_7',#4578);
#4578 = CARTESIAN_POINT('',(14.30875714,15.5,-7.00270659));
#4579 = SURFACE_CURVE('',#4580,(#4584,#4591),.PCURVE_S1.);
#4580 = LINE('',#4581,#4582);
#4581 = CARTESIAN_POINT('',(14.30875714,15.5,-7.00270659));
#4582 = VECTOR('',#4583,1.);
#4583 = DIRECTION('',(0.,0.,-1.));
#4584 = PCURVE('',#2111,#4585);
#4585 = DEFINITIONAL_REPRESENTATION('',(#4586),#4590);
#4586 = LINE('',#4587,#4588);
#4587 = CARTESIAN_POINT('',(14.30875714,7.00270659));
#4588 = VECTOR('',#4589,1.);
#4589 = DIRECTION('',(0.,1.));
#4590 = ( GEOMETRIC_REPRESENTATION_CONTEXT(2) 
PARAMETRIC_REPRESENTATION_CONTEXT() REPRESENTATION_CONTEXT('2D SPACE',''
  ) );
#4591 = PCURVE('',#4592,#4597);
#4592 = PLANE('',#4593);
#4593 = AXIS2_PLACEMENT_3D('',#4594,#4595,#4596);
#4594 = CARTESIAN_POINT('',(14.30875714,15.5,-7.00270659));
#4595 = DIRECTION('',(1.,-0.,0.));
#4596 = DIRECTION('',(0.,0.,-1.));
#4597 = DEFINITIONAL_REPRESENTATION('',(#4598),#4602);
#4598 = LINE('',#4599,#4600);
#4599 = CARTESIAN_POINT('',(0.,0.));
#4600 = VECTOR('',#4601,1.);
#4601 = DIRECTION('',(1.,0.));
#4602 = ( GEOMETRIC_REPRESENTATION_CONTEXT(2) 
PARAMETRIC_REPRESENTATION_CONTEXT() REPRESENTATION_CONTEXT('2D SPACE',''
  ) );
#4603 = ORIENTED_EDGE('',*,*,#4604,.F.);
#4604 = EDGE_CURVE('52@1_175_6',#4605,#4577,#4607,.T.);
#4605 = VERTEX_POINT('52@1_129_7',#4606);
#4606 = CARTESIAN_POINT('',(8.5085125,15.5,-7.00270659));
#4607 = SURFACE_CURVE('',#4608,(#4612,#4619),.PCURVE_S1.);
#4608 = LINE('',#4609,#4610);
#4609 = CARTESIAN_POINT('',(8.5085125,15.5,-7.00270659));
#4610 = VECTOR('',#4611,1.);
#4611 = DIRECTION('',(1.,0.,0.));
#4612 = PCURVE('',#2111,#4613);
#4613 = DEFINITIONAL_REPRESENTATION('',(#4614),#4618);
#4614 = LINE('',#4615,#4616);
#4615 = CARTESIAN_POINT('',(8.5085125,7.00270659));
#4616 = VECTOR('',#4617,1.);
#4617 = DIRECTION('',(1.,0.));
#4618 = ( GEOMETRIC_REPRESENTATION_CONTEXT(2) 
PARAMETRIC_REPRESENTATION_CONTEXT() REPRESENTATION_CONTEXT('2D SPACE',''
  ) );
#4619 = PCURVE('',#4620,#4625);
#4620 = PLANE('',#4621);
#4621 = AXIS2_PLACEMENT_3D('',#4622,#4623,#4624);
#4622 = CARTESIAN_POINT('',(10.52009541,15.5,-7.00270659));
#4623 = DIRECTION('',(0.,0.,-1.));
#4624 = DIRECTION('',(-1.,0.,0.));
#4625 = DEFINITIONAL_REPRESENTATION('',(#4626),#4630);
#4626 = LINE('',#4627,#4628);
#4627 = CARTESIAN_POINT('',(2.01158291,0.));
#4628 = VECTOR('',#4629,1.);
#4629 = DIRECTION('',(-1.,0.));
#4630 = ( GEOMETRIC_REPRESENTATION_CONTEXT(2) 
PARAMETRIC_REPRESENTATION_CONTEXT() REPRESENTATION_CONTEXT('2D SPACE',''
  ) );
#4631 = ORIENTED_EDGE('',*,*,#4632,.T.);
#4632 = EDGE_CURVE('52@1_176_6',#4605,#4633,#4635,.T.);
#4633 = VERTEX_POINT('52@1_130_7',#4634);
#4634 = CARTESIAN_POINT('',(8.5085125,15.5,-24.));
#4635 = SURFACE_CURVE('',#4636,(#4640,#4647),.PCURVE_S1.);
#4636 = LINE('',#4637,#4638);
#4637 = CARTESIAN_POINT('',(8.5085125,15.5,-7.00270659));
#4638 = VECTOR('',#4639,1.);
#4639 = DIRECTION('',(0.,0.,-1.));
#4640 = PCURVE('',#2111,#4641);
#4641 = DEFINITIONAL_REPRESENTATION('',(#4642),#4646);
#4642 = LINE('',#4643,#4644);
#4643 = CARTESIAN_POINT('',(8.5085125,7.00270659));
#4644 = VECTOR('',#4645,1.);
#4645 = DIRECTION('',(0.,1.));
#4646 = ( GEOMETRIC_REPRESENTATION_CONTEXT(2) 
PARAMETRIC_REPRESENTATION_CONTEXT() REPRESENTATION_CONTEXT('2D SPACE',''
  ) );
#4647 = PCURVE('',#4648,#4653);
#4648 = PLANE('',#4649);
#4649 = AXIS2_PLACEMENT_3D('',#4650,#4651,#4652);
#4650 = CARTESIAN_POINT('',(8.5085125,15.5,-7.00270659));
#4651 = DIRECTION('',(1.,-0.,0.));
#4652 = DIRECTION('',(0.,0.,-1.));
#4653 = DEFINITIONAL_REPRESENTATION('',(#4654),#4658);
#4654 = LINE('',#4655,#4656);
#4655 = CARTESIAN_POINT('',(0.,0.));
#4656 = VECTOR('',#4657,1.);
#4657 = DIRECTION('',(1.,0.));
#4658 = ( GEOMETRIC_REPRESENTATION_CONTEXT(2) 
PARAMETRIC_REPRESENTATION_CONTEXT() REPRESENTATION_CONTEXT('2D SPACE',''
  ) );
#4659 = ORIENTED_EDGE('',*,*,#4660,.T.);
#4660 = EDGE_CURVE('52@1_177_6',#4633,#4661,#4663,.T.);
#4661 = VERTEX_POINT('52@1_131_7',#4662);
#4662 = CARTESIAN_POINT('',(-10.467438,15.5,-24.));
#4663 = SURFACE_CURVE('',#4664,(#4668,#4675),.PCURVE_S1.);
#4664 = LINE('',#4665,#4666);
#4665 = CARTESIAN_POINT('',(45.5,15.5,-24.));
#4666 = VECTOR('',#4667,1.);
#4667 = DIRECTION('',(-1.,0.,-0.));
#4668 = PCURVE('',#2111,#4669);
#4669 = DEFINITIONAL_REPRESENTATION('',(#4670),#4674);
#4670 = LINE('',#4671,#4672);
#4671 = CARTESIAN_POINT('',(45.5,24.));
#4672 = VECTOR('',#4673,1.);
#4673 = DIRECTION('',(-1.,0.));
#4674 = ( GEOMETRIC_REPRESENTATION_CONTEXT(2) 
PARAMETRIC_REPRESENTATION_CONTEXT() REPRESENTATION_CONTEXT('2D SPACE',''
  ) );
#4675 = PCURVE('',#3982,#4676);
#4676 = DEFINITIONAL_REPRESENTATION('',(#4677),#4681);
#4677 = LINE('',#4678,#4679);
#4678 = CARTESIAN_POINT('',(0.,-15.5));
#4679 = VECTOR('',#4680,1.);
#4680 = DIRECTION('',(1.,0.));
#4681 = ( GEOMETRIC_REPRESENTATION_CONTEXT(2) 
PARAMETRIC_REPRESENTATION_CONTEXT() REPRESENTATION_CONTEXT('2D SPACE',''
  ) );
#4682 = ORIENTED_EDGE('',*,*,#4683,.T.);
#4683 = EDGE_CURVE('52@1_178_6',#4661,#4684,#4686,.T.);
#4684 = VERTEX_POINT('52@1_132_7',#4685);
#4685 = CARTESIAN_POINT('',(-10.467438,15.5,-7.00270659));
#4686 = SURFACE_CURVE('',#4687,(#4691,#4698),.PCURVE_S1.);
#4687 = LINE('',#4688,#4689);
#4688 = CARTESIAN_POINT('',(-10.467438,15.5,-24.));
#4689 = VECTOR('',#4690,1.);
#4690 = DIRECTION('',(-0.,0.,1.));
#4691 = PCURVE('',#2111,#4692);
#4692 = DEFINITIONAL_REPRESENTATION('',(#4693),#4697);
#4693 = LINE('',#4694,#4695);
#4694 = CARTESIAN_POINT('',(-10.467438,24.));
#4695 = VECTOR('',#4696,1.);
#4696 = DIRECTION('',(0.,-1.));
#4697 = ( GEOMETRIC_REPRESENTATION_CONTEXT(2) 
PARAMETRIC_REPRESENTATION_CONTEXT() REPRESENTATION_CONTEXT('2D SPACE',''
  ) );
#4698 = PCURVE('',#4699,#4704);
#4699 = PLANE('',#4700);
#4700 = AXIS2_PLACEMENT_3D('',#4701,#4702,#4703);
#4701 = CARTESIAN_POINT('',(-10.467438,15.5,-24.));
#4702 = DIRECTION('',(-1.,0.,-0.));
#4703 = DIRECTION('',(0.,0.,1.));
#4704 = DEFINITIONAL_REPRESENTATION('',(#4705),#4709);
#4705 = LINE('',#4706,#4707);
#4706 = CARTESIAN_POINT('',(0.,0.));
#4707 = VECTOR('',#4708,1.);
#4708 = DIRECTION('',(1.,0.));
#4709 = ( GEOMETRIC_REPRESENTATION_CONTEXT(2) 
PARAMETRIC_REPRESENTATION_CONTEXT() REPRESENTATION_CONTEXT('2D SPACE',''
  ) );
#4710 = ORIENTED_EDGE('',*,*,#4711,.F.);
#4711 = EDGE_CURVE('52@1_179_6',#4712,#4684,#4714,.T.);
#4712 = VERTEX_POINT('52@1_133_7',#4713);
#4713 = CARTESIAN_POINT('',(-16.09830022,15.5,-7.00270659));
#4714 = SURFACE_CURVE('',#4715,(#4719,#4726),.PCURVE_S1.);
#4715 = LINE('',#4716,#4717);
#4716 = CARTESIAN_POINT('',(-16.09830022,15.5,-7.00270659));
#4717 = VECTOR('',#4718,1.);
#4718 = DIRECTION('',(1.,0.,0.));
#4719 = PCURVE('',#2111,#4720);
#4720 = DEFINITIONAL_REPRESENTATION('',(#4721),#4725);
#4721 = LINE('',#4722,#4723);
#4722 = CARTESIAN_POINT('',(-16.09830022,7.00270659));
#4723 = VECTOR('',#4724,1.);
#4724 = DIRECTION('',(1.,0.));
#4725 = ( GEOMETRIC_REPRESENTATION_CONTEXT(2) 
PARAMETRIC_REPRESENTATION_CONTEXT() REPRESENTATION_CONTEXT('2D SPACE',''
  ) );
#4726 = PCURVE('',#4727,#4732);
#4727 = PLANE('',#4728);
#4728 = AXIS2_PLACEMENT_3D('',#4729,#4730,#4731);
#4729 = CARTESIAN_POINT('',(-16.09830022,15.5,-7.00270659));
#4730 = DIRECTION('',(0.,-0.,1.));
#4731 = DIRECTION('',(1.,0.,0.));
#4732 = DEFINITIONAL_REPRESENTATION('',(#4733),#4737);
#4733 = LINE('',#4734,#4735);
#4734 = CARTESIAN_POINT('',(0.,0.));
#4735 = VECTOR('',#4736,1.);
#4736 = DIRECTION('',(1.,0.));
#4737 = ( GEOMETRIC_REPRESENTATION_CONTEXT(2) 
PARAMETRIC_REPRESENTATION_CONTEXT() REPRESENTATION_CONTEXT('2D SPACE',''
  ) );
#4738 = ORIENTED_EDGE('',*,*,#4739,.F.);
#4739 = EDGE_CURVE('52@1_180_6',#4740,#4712,#4742,.T.);
#4740 = VERTEX_POINT('52@1_134_7',#4741);
#4741 = CARTESIAN_POINT('',(-16.09830022,15.5,-10.48050939));
#4742 = SURFACE_CURVE('',#4743,(#4747,#4754),.PCURVE_S1.);
#4743 = LINE('',#4744,#4745);
#4744 = CARTESIAN_POINT('',(-16.09830022,15.5,-16.70788181));
#4745 = VECTOR('',#4746,1.);
#4746 = DIRECTION('',(-0.,0.,1.));
#4747 = PCURVE('',#2111,#4748);
#4748 = DEFINITIONAL_REPRESENTATION('',(#4749),#4753);
#4749 = LINE('',#4750,#4751);
#4750 = CARTESIAN_POINT('',(-16.09830022,16.70788181));
#4751 = VECTOR('',#4752,1.);
#4752 = DIRECTION('',(0.,-1.));
#4753 = ( GEOMETRIC_REPRESENTATION_CONTEXT(2) 
PARAMETRIC_REPRESENTATION_CONTEXT() REPRESENTATION_CONTEXT('2D SPACE',''
  ) );
#4754 = PCURVE('',#4755,#4760);
#4755 = PLANE('',#4756);
#4756 = AXIS2_PLACEMENT_3D('',#4757,#4758,#4759);
#4757 = CARTESIAN_POINT('',(-16.09830022,15.5,-16.70788181));
#4758 = DIRECTION('',(-1.,0.,-0.));
#4759 = DIRECTION('',(0.,0.,1.));
#4760 = DEFINITIONAL_REPRESENTATION('',(#4761),#4765);
#4761 = LINE('',#4762,#4763);
#4762 = CARTESIAN_POINT('',(0.,0.));
#4763 = VECTOR('',#4764,1.);
#4764 = DIRECTION('',(1.,0.));
#4765 = ( GEOMETRIC_REPRESENTATION_CONTEXT(2) 
PARAMETRIC_REPRESENTATION_CONTEXT() REPRESENTATION_CONTEXT('2D SPACE',''
  ) );
#4766 = ORIENTED_EDGE('',*,*,#4767,.F.);
#4767 = EDGE_CURVE('52@1_181_6',#4768,#4740,#4770,.T.);
#4768 = VERTEX_POINT('52@1_135_7',#4769);
#4769 = CARTESIAN_POINT('',(-12.54312638,15.5,-10.48050939));
#4770 = SURFACE_CURVE('',#4771,(#4775,#4782),.PCURVE_S1.);
#4771 = LINE('',#4772,#4773);
#4772 = CARTESIAN_POINT('',(-12.54312638,15.5,-10.48050939));
#4773 = VECTOR('',#4774,1.);
#4774 = DIRECTION('',(-1.,0.,0.));
#4775 = PCURVE('',#2111,#4776);
#4776 = DEFINITIONAL_REPRESENTATION('',(#4777),#4781);
#4777 = LINE('',#4778,#4779);
#4778 = CARTESIAN_POINT('',(-12.54312638,10.48050939));
#4779 = VECTOR('',#4780,1.);
#4780 = DIRECTION('',(-1.,0.));
#4781 = ( GEOMETRIC_REPRESENTATION_CONTEXT(2) 
PARAMETRIC_REPRESENTATION_CONTEXT() REPRESENTATION_CONTEXT('2D SPACE',''
  ) );
#4782 = PCURVE('',#4783,#4788);
#4783 = PLANE('',#4784);
#4784 = AXIS2_PLACEMENT_3D('',#4785,#4786,#4787);
#4785 = CARTESIAN_POINT('',(-12.54312638,6.5,-10.48050939));
#4786 = DIRECTION('',(0.,-0.,1.));
#4787 = DIRECTION('',(-1.,0.,0.));
#4788 = DEFINITIONAL_REPRESENTATION('',(#4789),#4793);
#4789 = LINE('',#4790,#4791);
#4790 = CARTESIAN_POINT('',(0.,-9.));
#4791 = VECTOR('',#4792,1.);
#4792 = DIRECTION('',(1.,0.));
#4793 = ( GEOMETRIC_REPRESENTATION_CONTEXT(2) 
PARAMETRIC_REPRESENTATION_CONTEXT() REPRESENTATION_CONTEXT('2D SPACE',''
  ) );
#4794 = ORIENTED_EDGE('',*,*,#4795,.F.);
#4795 = EDGE_CURVE('52@1_182_6',#4796,#4768,#4798,.T.);
#4796 = VERTEX_POINT('52@1_136_7',#4797);
#4797 = CARTESIAN_POINT('',(-12.54312638,15.5,-24.));
#4798 = SURFACE_CURVE('',#4799,(#4803,#4810),.PCURVE_S1.);
#4799 = LINE('',#4800,#4801);
#4800 = CARTESIAN_POINT('',(-12.54312638,15.5,-24.));
#4801 = VECTOR('',#4802,1.);
#4802 = DIRECTION('',(1.313922906301E-16,0.,1.));
#4803 = PCURVE('',#2111,#4804);
#4804 = DEFINITIONAL_REPRESENTATION('',(#4805),#4809);
#4805 = LINE('',#4806,#4807);
#4806 = CARTESIAN_POINT('',(-12.54312638,24.));
#4807 = VECTOR('',#4808,1.);
#4808 = DIRECTION('',(1.313922906301E-16,-1.));
#4809 = ( GEOMETRIC_REPRESENTATION_CONTEXT(2) 
PARAMETRIC_REPRESENTATION_CONTEXT() REPRESENTATION_CONTEXT('2D SPACE',''
  ) );
#4810 = PCURVE('',#4811,#4816);
#4811 = PLANE('',#4812);
#4812 = AXIS2_PLACEMENT_3D('',#4813,#4814,#4815);
#4813 = CARTESIAN_POINT('',(-12.54312638,15.5,-7.00270659));
#4814 = DIRECTION('',(1.,-0.,0.));
#4815 = DIRECTION('',(0.,0.,-1.));
#4816 = DEFINITIONAL_REPRESENTATION('',(#4817),#4821);
#4817 = LINE('',#4818,#4819);
#4818 = CARTESIAN_POINT('',(16.99729341,0.));
#4819 = VECTOR('',#4820,1.);
#4820 = DIRECTION('',(-1.,0.));
#4821 = ( GEOMETRIC_REPRESENTATION_CONTEXT(2) 
PARAMETRIC_REPRESENTATION_CONTEXT() REPRESENTATION_CONTEXT('2D SPACE',''
  ) );
#4822 = ORIENTED_EDGE('',*,*,#4823,.T.);
#4823 = EDGE_CURVE('52@1_183_6',#4796,#4824,#4826,.T.);
#4824 = VERTEX_POINT('52@1_137_7',#4825);
#4825 = CARTESIAN_POINT('',(-16.18272407,15.5,-24.));
#4826 = SURFACE_CURVE('',#4827,(#4831,#4838),.PCURVE_S1.);
#4827 = LINE('',#4828,#4829);
#4828 = CARTESIAN_POINT('',(45.5,15.5,-24.));
#4829 = VECTOR('',#4830,1.);
#4830 = DIRECTION('',(-1.,0.,-0.));
#4831 = PCURVE('',#2111,#4832);
#4832 = DEFINITIONAL_REPRESENTATION('',(#4833),#4837);
#4833 = LINE('',#4834,#4835);
#4834 = CARTESIAN_POINT('',(45.5,24.));
#4835 = VECTOR('',#4836,1.);
#4836 = DIRECTION('',(-1.,0.));
#4837 = ( GEOMETRIC_REPRESENTATION_CONTEXT(2) 
PARAMETRIC_REPRESENTATION_CONTEXT() REPRESENTATION_CONTEXT('2D SPACE',''
  ) );
#4838 = PCURVE('',#3982,#4839);
#4839 = DEFINITIONAL_REPRESENTATION('',(#4840),#4844);
#4840 = LINE('',#4841,#4842);
#4841 = CARTESIAN_POINT('',(0.,-15.5));
#4842 = VECTOR('',#4843,1.);
#4843 = DIRECTION('',(1.,0.));
#4844 = ( GEOMETRIC_REPRESENTATION_CONTEXT(2) 
PARAMETRIC_REPRESENTATION_CONTEXT() REPRESENTATION_CONTEXT('2D SPACE',''
  ) );
#4845 = ORIENTED_EDGE('',*,*,#4846,.F.);
#4846 = EDGE_CURVE('52@1_184_6',#4847,#4824,#4849,.T.);
#4847 = VERTEX_POINT('52@1_138_7',#4848);
#4848 = CARTESIAN_POINT('',(-41.46754456,15.5,-24.));
#4849 = SURFACE_CURVE('',#4850,(#4854,#4861),.PCURVE_S1.);
#4850 = LINE('',#4851,#4852);
#4851 = CARTESIAN_POINT('',(-41.46754456,15.5,-24.));
#4852 = VECTOR('',#4853,1.);
#4853 = DIRECTION('',(1.,0.,0.));
#4854 = PCURVE('',#2111,#4855);
#4855 = DEFINITIONAL_REPRESENTATION('',(#4856),#4860);
#4856 = LINE('',#4857,#4858);
#4857 = CARTESIAN_POINT('',(-41.46754456,24.));
#4858 = VECTOR('',#4859,1.);
#4859 = DIRECTION('',(1.,0.));
#4860 = ( GEOMETRIC_REPRESENTATION_CONTEXT(2) 
PARAMETRIC_REPRESENTATION_CONTEXT() REPRESENTATION_CONTEXT('2D SPACE',''
  ) );
#4861 = PCURVE('',#4862,#4867);
#4862 = PLANE('',#4863);
#4863 = AXIS2_PLACEMENT_3D('',#4864,#4865,#4866);
#4864 = CARTESIAN_POINT('',(-41.46754456,0.,-24.));
#4865 = DIRECTION('',(-0.,0.,-1.));
#4866 = DIRECTION('',(1.,0.,-0.));
#4867 = DEFINITIONAL_REPRESENTATION('',(#4868),#4872);
#4868 = LINE('',#4869,#4870);
#4869 = CARTESIAN_POINT('',(7.105427357601E-15,-15.5));
#4870 = VECTOR('',#4871,1.);
#4871 = DIRECTION('',(1.,0.));
#4872 = ( GEOMETRIC_REPRESENTATION_CONTEXT(2) 
PARAMETRIC_REPRESENTATION_CONTEXT() REPRESENTATION_CONTEXT('2D SPACE',''
  ) );
#4873 = ORIENTED_EDGE('',*,*,#4874,.T.);
#4874 = EDGE_CURVE('52@1_185_6',#4847,#4875,#4877,.T.);
#4875 = VERTEX_POINT('52@1_139_7',#4876);
#4876 = CARTESIAN_POINT('',(-45.5,15.5,-24.));
#4877 = SURFACE_CURVE('',#4878,(#4882,#4889),.PCURVE_S1.);
#4878 = LINE('',#4879,#4880);
#4879 = CARTESIAN_POINT('',(45.5,15.5,-24.));
#4880 = VECTOR('',#4881,1.);
#4881 = DIRECTION('',(-1.,0.,-0.));
#4882 = PCURVE('',#2111,#4883);
#4883 = DEFINITIONAL_REPRESENTATION('',(#4884),#4888);
#4884 = LINE('',#4885,#4886);
#4885 = CARTESIAN_POINT('',(45.5,24.));
#4886 = VECTOR('',#4887,1.);
#4887 = DIRECTION('',(-1.,0.));
#4888 = ( GEOMETRIC_REPRESENTATION_CONTEXT(2) 
PARAMETRIC_REPRESENTATION_CONTEXT() REPRESENTATION_CONTEXT('2D SPACE',''
  ) );
#4889 = PCURVE('',#4890,#4895);
#4890 = PLANE('',#4891);
#4891 = AXIS2_PLACEMENT_3D('',#4892,#4893,#4894);
#4892 = CARTESIAN_POINT('',(45.5,0.,-24.));
#4893 = DIRECTION('',(-0.,0.,1.));
#4894 = DIRECTION('',(-1.,0.,-0.));
#4895 = DEFINITIONAL_REPRESENTATION('',(#4896),#4900);
#4896 = LINE('',#4897,#4898);
#4897 = CARTESIAN_POINT('',(0.,-15.5));
#4898 = VECTOR('',#4899,1.);
#4899 = DIRECTION('',(1.,0.));
#4900 = ( GEOMETRIC_REPRESENTATION_CONTEXT(2) 
PARAMETRIC_REPRESENTATION_CONTEXT() REPRESENTATION_CONTEXT('2D SPACE',''
  ) );
#4901 = ORIENTED_EDGE('',*,*,#4902,.T.);
#4902 = EDGE_CURVE('52@1_186_6',#4875,#4903,#4905,.T.);
#4903 = VERTEX_POINT('52@1_140_7',#4904);
#4904 = CARTESIAN_POINT('',(-45.5,15.5,-10.67584271));
#4905 = SURFACE_CURVE('',#4906,(#4910,#4917),.PCURVE_S1.);
#4906 = LINE('',#4907,#4908);
#4907 = CARTESIAN_POINT('',(-45.5,15.5,-24.));
#4908 = VECTOR('',#4909,1.);
#4909 = DIRECTION('',(0.,0.,1.));
#4910 = PCURVE('',#2111,#4911);
#4911 = DEFINITIONAL_REPRESENTATION('',(#4912),#4916);
#4912 = LINE('',#4913,#4914);
#4913 = CARTESIAN_POINT('',(-45.5,24.));
#4914 = VECTOR('',#4915,1.);
#4915 = DIRECTION('',(0.,-1.));
#4916 = ( GEOMETRIC_REPRESENTATION_CONTEXT(2) 
PARAMETRIC_REPRESENTATION_CONTEXT() REPRESENTATION_CONTEXT('2D SPACE',''
  ) );
#4917 = PCURVE('',#4918,#4923);
#4918 = PLANE('',#4919);
#4919 = AXIS2_PLACEMENT_3D('',#4920,#4921,#4922);
#4920 = CARTESIAN_POINT('',(-45.5,0.,-24.));
#4921 = DIRECTION('',(1.,0.,0.));
#4922 = DIRECTION('',(0.,0.,1.));
#4923 = DEFINITIONAL_REPRESENTATION('',(#4924),#4928);
#4924 = LINE('',#4925,#4926);
#4925 = CARTESIAN_POINT('',(0.,-15.5));
#4926 = VECTOR('',#4927,1.);
#4927 = DIRECTION('',(1.,0.));
#4928 = ( GEOMETRIC_REPRESENTATION_CONTEXT(2) 
PARAMETRIC_REPRESENTATION_CONTEXT() REPRESENTATION_CONTEXT('2D SPACE',''
  ) );
#4929 = ORIENTED_EDGE('',*,*,#4930,.F.);
#4930 = EDGE_CURVE('52@1_187_6',#4931,#4903,#4933,.T.);
#4931 = VERTEX_POINT('52@1_141_7',#4932);
#4932 = CARTESIAN_POINT('',(-41.46754467,15.5,-10.67584271));
#4933 = SURFACE_CURVE('',#4934,(#4938,#4945),.PCURVE_S1.);
#4934 = LINE('',#4935,#4936);
#4935 = CARTESIAN_POINT('',(-41.46754467,15.5,-10.67584271));
#4936 = VECTOR('',#4937,1.);
#4937 = DIRECTION('',(-1.,0.,0.));
#4938 = PCURVE('',#2111,#4939);
#4939 = DEFINITIONAL_REPRESENTATION('',(#4940),#4944);
#4940 = LINE('',#4941,#4942);
#4941 = CARTESIAN_POINT('',(-41.46754467,10.67584271));
#4942 = VECTOR('',#4943,1.);
#4943 = DIRECTION('',(-1.,0.));
#4944 = ( GEOMETRIC_REPRESENTATION_CONTEXT(2) 
PARAMETRIC_REPRESENTATION_CONTEXT() REPRESENTATION_CONTEXT('2D SPACE',''
  ) );
#4945 = PCURVE('',#4946,#4951);
#4946 = PLANE('',#4947);
#4947 = AXIS2_PLACEMENT_3D('',#4948,#4949,#4950);
#4948 = CARTESIAN_POINT('',(-41.46754467,6.5,-10.67584271));
#4949 = DIRECTION('',(0.,-0.,1.));
#4950 = DIRECTION('',(-1.,0.,0.));
#4951 = DEFINITIONAL_REPRESENTATION('',(#4952),#4956);
#4952 = LINE('',#4953,#4954);
#4953 = CARTESIAN_POINT('',(0.,-9.));
#4954 = VECTOR('',#4955,1.);
#4955 = DIRECTION('',(1.,0.));
#4956 = ( GEOMETRIC_REPRESENTATION_CONTEXT(2) 
PARAMETRIC_REPRESENTATION_CONTEXT() REPRESENTATION_CONTEXT('2D SPACE',''
  ) );
#4957 = ORIENTED_EDGE('',*,*,#4958,.T.);
#4958 = EDGE_CURVE('52@1_188_6',#4931,#4959,#4961,.T.);
#4959 = VERTEX_POINT('52@1_142_7',#4960);
#4960 = CARTESIAN_POINT('',(-41.46754467,15.5,-7.21419589));
#4961 = SURFACE_CURVE('',#4962,(#4966,#4973),.PCURVE_S1.);
#4962 = LINE('',#4963,#4964);
#4963 = CARTESIAN_POINT('',(-41.46754467,15.5,-16.70788181));
#4964 = VECTOR('',#4965,1.);
#4965 = DIRECTION('',(-0.,0.,1.));
#4966 = PCURVE('',#2111,#4967);
#4967 = DEFINITIONAL_REPRESENTATION('',(#4968),#4972);
#4968 = LINE('',#4969,#4970);
#4969 = CARTESIAN_POINT('',(-41.46754467,16.70788181));
#4970 = VECTOR('',#4971,1.);
#4971 = DIRECTION('',(0.,-1.));
#4972 = ( GEOMETRIC_REPRESENTATION_CONTEXT(2) 
PARAMETRIC_REPRESENTATION_CONTEXT() REPRESENTATION_CONTEXT('2D SPACE',''
  ) );
#4973 = PCURVE('',#4974,#4979);
#4974 = PLANE('',#4975);
#4975 = AXIS2_PLACEMENT_3D('',#4976,#4977,#4978);
#4976 = CARTESIAN_POINT('',(-41.46754467,15.5,-16.70788181));
#4977 = DIRECTION('',(-1.,0.,-0.));
#4978 = DIRECTION('',(0.,0.,1.));
#4979 = DEFINITIONAL_REPRESENTATION('',(#4980),#4984);
#4980 = LINE('',#4981,#4982);
#4981 = CARTESIAN_POINT('',(0.,0.));
#4982 = VECTOR('',#4983,1.);
#4983 = DIRECTION('',(1.,0.));
#4984 = ( GEOMETRIC_REPRESENTATION_CONTEXT(2) 
PARAMETRIC_REPRESENTATION_CONTEXT() REPRESENTATION_CONTEXT('2D SPACE',''
  ) );
#4985 = ORIENTED_EDGE('',*,*,#4986,.T.);
#4986 = EDGE_CURVE('52@1_189_6',#4959,#4987,#4989,.T.);
#4987 = VERTEX_POINT('52@1_143_7',#4988);
#4988 = CARTESIAN_POINT('',(-45.5,15.5,-7.21419589));
#4989 = SURFACE_CURVE('',#4990,(#4994,#5001),.PCURVE_S1.);
#4990 = LINE('',#4991,#4992);
#4991 = CARTESIAN_POINT('',(-41.46754467,15.5,-7.21419589));
#4992 = VECTOR('',#4993,1.);
#4993 = DIRECTION('',(-1.,0.,0.));
#4994 = PCURVE('',#2111,#4995);
#4995 = DEFINITIONAL_REPRESENTATION('',(#4996),#5000);
#4996 = LINE('',#4997,#4998);
#4997 = CARTESIAN_POINT('',(-41.46754467,7.21419589));
#4998 = VECTOR('',#4999,1.);
#4999 = DIRECTION('',(-1.,0.));
#5000 = ( GEOMETRIC_REPRESENTATION_CONTEXT(2) 
PARAMETRIC_REPRESENTATION_CONTEXT() REPRESENTATION_CONTEXT('2D SPACE',''
  ) );
#5001 = PCURVE('',#5002,#5007);
#5002 = PLANE('',#5003);
#5003 = AXIS2_PLACEMENT_3D('',#5004,#5005,#5006);
#5004 = CARTESIAN_POINT('',(-41.46754467,15.5,-7.21419589));
#5005 = DIRECTION('',(0.,0.,-1.));
#5006 = DIRECTION('',(-1.,0.,0.));
#5007 = DEFINITIONAL_REPRESENTATION('',(#5008),#5012);
#5008 = LINE('',#5009,#5010);
#5009 = CARTESIAN_POINT('',(0.,0.));
#5010 = VECTOR('',#5011,1.);
#5011 = DIRECTION('',(1.,0.));
#5012 = ( GEOMETRIC_REPRESENTATION_CONTEXT(2) 
PARAMETRIC_REPRESENTATION_CONTEXT() REPRESENTATION_CONTEXT('2D SPACE',''
  ) );
#5013 = ORIENTED_EDGE('',*,*,#5014,.T.);
#5014 = EDGE_CURVE('52@1_190_6',#4987,#5015,#5017,.T.);
#5015 = VERTEX_POINT('52@1_144_7',#5016);
#5016 = CARTESIAN_POINT('',(-45.5,15.5,7.08673905));
#5017 = SURFACE_CURVE('',#5018,(#5022,#5029),.PCURVE_S1.);
#5018 = LINE('',#5019,#5020);
#5019 = CARTESIAN_POINT('',(-45.5,15.5,-24.));
#5020 = VECTOR('',#5021,1.);
#5021 = DIRECTION('',(0.,0.,1.));
#5022 = PCURVE('',#2111,#5023);
#5023 = DEFINITIONAL_REPRESENTATION('',(#5024),#5028);
#5024 = LINE('',#5025,#5026);
#5025 = CARTESIAN_POINT('',(-45.5,24.));
#5026 = VECTOR('',#5027,1.);
#5027 = DIRECTION('',(0.,-1.));
#5028 = ( GEOMETRIC_REPRESENTATION_CONTEXT(2) 
PARAMETRIC_REPRESENTATION_CONTEXT() REPRESENTATION_CONTEXT('2D SPACE',''
  ) );
#5029 = PCURVE('',#4918,#5030);
#5030 = DEFINITIONAL_REPRESENTATION('',(#5031),#5035);
#5031 = LINE('',#5032,#5033);
#5032 = CARTESIAN_POINT('',(0.,-15.5));
#5033 = VECTOR('',#5034,1.);
#5034 = DIRECTION('',(1.,0.));
#5035 = ( GEOMETRIC_REPRESENTATION_CONTEXT(2) 
PARAMETRIC_REPRESENTATION_CONTEXT() REPRESENTATION_CONTEXT('2D SPACE',''
  ) );
#5036 = ORIENTED_EDGE('',*,*,#5037,.T.);
#5037 = EDGE_CURVE('52@1_191_6',#5015,#5038,#5040,.T.);
#5038 = VERTEX_POINT('52@1_145_7',#5039);
#5039 = CARTESIAN_POINT('',(-41.46754467,15.5,7.08673905));
#5040 = SURFACE_CURVE('',#5041,(#5045,#5052),.PCURVE_S1.);
#5041 = LINE('',#5042,#5043);
#5042 = CARTESIAN_POINT('',(-45.5,15.5,7.08673905));
#5043 = VECTOR('',#5044,1.);
#5044 = DIRECTION('',(1.,0.,-0.));
#5045 = PCURVE('',#2111,#5046);
#5046 = DEFINITIONAL_REPRESENTATION('',(#5047),#5051);
#5047 = LINE('',#5048,#5049);
#5048 = CARTESIAN_POINT('',(-45.5,-7.08673905));
#5049 = VECTOR('',#5050,1.);
#5050 = DIRECTION('',(1.,0.));
#5051 = ( GEOMETRIC_REPRESENTATION_CONTEXT(2) 
PARAMETRIC_REPRESENTATION_CONTEXT() REPRESENTATION_CONTEXT('2D SPACE',''
  ) );
#5052 = PCURVE('',#5053,#5058);
#5053 = PLANE('',#5054);
#5054 = AXIS2_PLACEMENT_3D('',#5055,#5056,#5057);
#5055 = CARTESIAN_POINT('',(-45.5,15.5,7.08673905));
#5056 = DIRECTION('',(0.,-0.,1.));
#5057 = DIRECTION('',(1.,0.,0.));
#5058 = DEFINITIONAL_REPRESENTATION('',(#5059),#5063);
#5059 = LINE('',#5060,#5061);
#5060 = CARTESIAN_POINT('',(0.,0.));
#5061 = VECTOR('',#5062,1.);
#5062 = DIRECTION('',(1.,0.));
#5063 = ( GEOMETRIC_REPRESENTATION_CONTEXT(2) 
PARAMETRIC_REPRESENTATION_CONTEXT() REPRESENTATION_CONTEXT('2D SPACE',''
  ) );
#5064 = ORIENTED_EDGE('',*,*,#5065,.T.);
#5065 = EDGE_CURVE('52@1_192_6',#5038,#5066,#5068,.T.);
#5066 = VERTEX_POINT('52@1_146_7',#5067);
#5067 = CARTESIAN_POINT('',(-41.46754467,15.5,9.93007745));
#5068 = SURFACE_CURVE('',#5069,(#5073,#5080),.PCURVE_S1.);
#5069 = LINE('',#5070,#5071);
#5070 = CARTESIAN_POINT('',(-41.46754467,15.5,7.08673905));
#5071 = VECTOR('',#5072,1.);
#5072 = DIRECTION('',(-0.,0.,1.));
#5073 = PCURVE('',#2111,#5074);
#5074 = DEFINITIONAL_REPRESENTATION('',(#5075),#5079);
#5075 = LINE('',#5076,#5077);
#5076 = CARTESIAN_POINT('',(-41.46754467,-7.08673905));
#5077 = VECTOR('',#5078,1.);
#5078 = DIRECTION('',(0.,-1.));
#5079 = ( GEOMETRIC_REPRESENTATION_CONTEXT(2) 
PARAMETRIC_REPRESENTATION_CONTEXT() REPRESENTATION_CONTEXT('2D SPACE',''
  ) );
#5080 = PCURVE('',#5081,#5086);
#5081 = PLANE('',#5082);
#5082 = AXIS2_PLACEMENT_3D('',#5083,#5084,#5085);
#5083 = CARTESIAN_POINT('',(-41.46754467,15.5,7.08673905));
#5084 = DIRECTION('',(-1.,0.,-0.));
#5085 = DIRECTION('',(0.,0.,1.));
#5086 = DEFINITIONAL_REPRESENTATION('',(#5087),#5091);
#5087 = LINE('',#5088,#5089);
#5088 = CARTESIAN_POINT('',(0.,0.));
#5089 = VECTOR('',#5090,1.);
#5090 = DIRECTION('',(1.,0.));
#5091 = ( GEOMETRIC_REPRESENTATION_CONTEXT(2) 
PARAMETRIC_REPRESENTATION_CONTEXT() REPRESENTATION_CONTEXT('2D SPACE',''
  ) );
#5092 = ORIENTED_EDGE('',*,*,#5093,.T.);
#5093 = EDGE_CURVE('52@1_193_6',#5066,#5094,#5096,.T.);
#5094 = VERTEX_POINT('52@1_147_7',#5095);
#5095 = CARTESIAN_POINT('',(-45.5,15.5,9.93007745));
#5096 = SURFACE_CURVE('',#5097,(#5101,#5108),.PCURVE_S1.);
#5097 = LINE('',#5098,#5099);
#5098 = CARTESIAN_POINT('',(-41.46754467,15.5,9.93007745));
#5099 = VECTOR('',#5100,1.);
#5100 = DIRECTION('',(-1.,0.,0.));
#5101 = PCURVE('',#2111,#5102);
#5102 = DEFINITIONAL_REPRESENTATION('',(#5103),#5107);
#5103 = LINE('',#5104,#5105);
#5104 = CARTESIAN_POINT('',(-41.46754467,-9.93007745));
#5105 = VECTOR('',#5106,1.);
#5106 = DIRECTION('',(-1.,0.));
#5107 = ( GEOMETRIC_REPRESENTATION_CONTEXT(2) 
PARAMETRIC_REPRESENTATION_CONTEXT() REPRESENTATION_CONTEXT('2D SPACE',''
  ) );
#5108 = PCURVE('',#5109,#5114);
#5109 = PLANE('',#5110);
#5110 = AXIS2_PLACEMENT_3D('',#5111,#5112,#5113);
#5111 = CARTESIAN_POINT('',(-41.46754467,6.5,9.93007745));
#5112 = DIRECTION('',(0.,-0.,1.));
#5113 = DIRECTION('',(-1.,0.,0.));
#5114 = DEFINITIONAL_REPRESENTATION('',(#5115),#5119);
#5115 = LINE('',#5116,#5117);
#5116 = CARTESIAN_POINT('',(0.,-9.));
#5117 = VECTOR('',#5118,1.);
#5118 = DIRECTION('',(1.,0.));
#5119 = ( GEOMETRIC_REPRESENTATION_CONTEXT(2) 
PARAMETRIC_REPRESENTATION_CONTEXT() REPRESENTATION_CONTEXT('2D SPACE',''
  ) );
#5120 = ORIENTED_EDGE('',*,*,#5121,.T.);
#5121 = EDGE_CURVE('52@1_194_6',#5094,#5122,#5124,.T.);
#5122 = VERTEX_POINT('52@1_148_7',#5123);
#5123 = CARTESIAN_POINT('',(-45.5,15.5,24.));
#5124 = SURFACE_CURVE('',#5125,(#5129,#5136),.PCURVE_S1.);
#5125 = LINE('',#5126,#5127);
#5126 = CARTESIAN_POINT('',(-45.5,15.5,9.93007745));
#5127 = VECTOR('',#5128,1.);
#5128 = DIRECTION('',(0.,0.,1.));
#5129 = PCURVE('',#2111,#5130);
#5130 = DEFINITIONAL_REPRESENTATION('',(#5131),#5135);
#5131 = LINE('',#5132,#5133);
#5132 = CARTESIAN_POINT('',(-45.5,-9.93007745));
#5133 = VECTOR('',#5134,1.);
#5134 = DIRECTION('',(0.,-1.));
#5135 = ( GEOMETRIC_REPRESENTATION_CONTEXT(2) 
PARAMETRIC_REPRESENTATION_CONTEXT() REPRESENTATION_CONTEXT('2D SPACE',''
  ) );
#5136 = PCURVE('',#4918,#5137);
#5137 = DEFINITIONAL_REPRESENTATION('',(#5138),#5142);
#5138 = LINE('',#5139,#5140);
#5139 = CARTESIAN_POINT('',(33.93007745,-15.5));
#5140 = VECTOR('',#5141,1.);
#5141 = DIRECTION('',(1.,0.));
#5142 = ( GEOMETRIC_REPRESENTATION_CONTEXT(2) 
PARAMETRIC_REPRESENTATION_CONTEXT() REPRESENTATION_CONTEXT('2D SPACE',''
  ) );
#5143 = ORIENTED_EDGE('',*,*,#5144,.T.);
#5144 = EDGE_CURVE('52@1_195_6',#5122,#5145,#5147,.T.);
#5145 = VERTEX_POINT('52@1_149_7',#5146);
#5146 = CARTESIAN_POINT('',(-41.50940246,15.5,24.));
#5147 = SURFACE_CURVE('',#5148,(#5152,#5159),.PCURVE_S1.);
#5148 = LINE('',#5149,#5150);
#5149 = CARTESIAN_POINT('',(-45.5,15.5,24.));
#5150 = VECTOR('',#5151,1.);
#5151 = DIRECTION('',(1.,0.,0.));
#5152 = PCURVE('',#2111,#5153);
#5153 = DEFINITIONAL_REPRESENTATION('',(#5154),#5158);
#5154 = LINE('',#5155,#5156);
#5155 = CARTESIAN_POINT('',(-45.5,-24.));
#5156 = VECTOR('',#5157,1.);
#5157 = DIRECTION('',(1.,0.));
#5158 = ( GEOMETRIC_REPRESENTATION_CONTEXT(2) 
PARAMETRIC_REPRESENTATION_CONTEXT() REPRESENTATION_CONTEXT('2D SPACE',''
  ) );
#5159 = PCURVE('',#5160,#5165);
#5160 = PLANE('',#5161);
#5161 = AXIS2_PLACEMENT_3D('',#5162,#5163,#5164);
#5162 = CARTESIAN_POINT('',(-45.5,0.,24.));
#5163 = DIRECTION('',(0.,0.,-1.));
#5164 = DIRECTION('',(1.,0.,0.));
#5165 = DEFINITIONAL_REPRESENTATION('',(#5166),#5170);
#5166 = LINE('',#5167,#5168);
#5167 = CARTESIAN_POINT('',(0.,-15.5));
#5168 = VECTOR('',#5169,1.);
#5169 = DIRECTION('',(1.,0.));
#5170 = ( GEOMETRIC_REPRESENTATION_CONTEXT(2) 
PARAMETRIC_REPRESENTATION_CONTEXT() REPRESENTATION_CONTEXT('2D SPACE',''
  ) );
#5171 = ORIENTED_EDGE('',*,*,#5172,.F.);
#5172 = EDGE_CURVE('52@1_196_6',#5173,#5145,#5175,.T.);
#5173 = VERTEX_POINT('52@1_150_7',#5174);
#5174 = CARTESIAN_POINT('',(-16.02711577,15.5,24.));
#5175 = SURFACE_CURVE('',#5176,(#5180,#5187),.PCURVE_S1.);
#5176 = LINE('',#5177,#5178);
#5177 = CARTESIAN_POINT('',(-16.02711577,15.5,24.));
#5178 = VECTOR('',#5179,1.);
#5179 = DIRECTION('',(-1.,0.,0.));
#5180 = PCURVE('',#2111,#5181);
#5181 = DEFINITIONAL_REPRESENTATION('',(#5182),#5186);
#5182 = LINE('',#5183,#5184);
#5183 = CARTESIAN_POINT('',(-16.02711577,-24.));
#5184 = VECTOR('',#5185,1.);
#5185 = DIRECTION('',(-1.,0.));
#5186 = ( GEOMETRIC_REPRESENTATION_CONTEXT(2) 
PARAMETRIC_REPRESENTATION_CONTEXT() REPRESENTATION_CONTEXT('2D SPACE',''
  ) );
#5187 = PCURVE('',#5188,#5193);
#5188 = PLANE('',#5189);
#5189 = AXIS2_PLACEMENT_3D('',#5190,#5191,#5192);
#5190 = CARTESIAN_POINT('',(-41.50940246,0.,24.));
#5191 = DIRECTION('',(-0.,0.,-1.));
#5192 = DIRECTION('',(1.,0.,-0.));
#5193 = DEFINITIONAL_REPRESENTATION('',(#5194),#5198);
#5194 = LINE('',#5195,#5196);
#5195 = CARTESIAN_POINT('',(25.48228669,-15.5));
#5196 = VECTOR('',#5197,1.);
#5197 = DIRECTION('',(-1.,-0.));
#5198 = ( GEOMETRIC_REPRESENTATION_CONTEXT(2) 
PARAMETRIC_REPRESENTATION_CONTEXT() REPRESENTATION_CONTEXT('2D SPACE',''
  ) );
#5199 = ORIENTED_EDGE('',*,*,#5200,.T.);
#5200 = EDGE_CURVE('52@1_197_6',#5173,#5201,#5203,.T.);
#5201 = VERTEX_POINT('52@1_151_7',#5202);
#5202 = CARTESIAN_POINT('',(-12.54312638,15.5,24.));
#5203 = SURFACE_CURVE('',#5204,(#5208,#5215),.PCURVE_S1.);
#5204 = LINE('',#5205,#5206);
#5205 = CARTESIAN_POINT('',(-45.5,15.5,24.));
#5206 = VECTOR('',#5207,1.);
#5207 = DIRECTION('',(1.,0.,0.));
#5208 = PCURVE('',#2111,#5209);
#5209 = DEFINITIONAL_REPRESENTATION('',(#5210),#5214);
#5210 = LINE('',#5211,#5212);
#5211 = CARTESIAN_POINT('',(-45.5,-24.));
#5212 = VECTOR('',#5213,1.);
#5213 = DIRECTION('',(1.,0.));
#5214 = ( GEOMETRIC_REPRESENTATION_CONTEXT(2) 
PARAMETRIC_REPRESENTATION_CONTEXT() REPRESENTATION_CONTEXT('2D SPACE',''
  ) );
#5215 = PCURVE('',#5216,#5221);
#5216 = PLANE('',#5217);
#5217 = AXIS2_PLACEMENT_3D('',#5218,#5219,#5220);
#5218 = CARTESIAN_POINT('',(-45.5,0.,24.));
#5219 = DIRECTION('',(0.,0.,-1.));
#5220 = DIRECTION('',(1.,0.,0.));
#5221 = DEFINITIONAL_REPRESENTATION('',(#5222),#5226);
#5222 = LINE('',#5223,#5224);
#5223 = CARTESIAN_POINT('',(0.,-15.5));
#5224 = VECTOR('',#5225,1.);
#5225 = DIRECTION('',(1.,0.));
#5226 = ( GEOMETRIC_REPRESENTATION_CONTEXT(2) 
PARAMETRIC_REPRESENTATION_CONTEXT() REPRESENTATION_CONTEXT('2D SPACE',''
  ) );
#5227 = ORIENTED_EDGE('',*,*,#5228,.F.);
#5228 = EDGE_CURVE('52@1_198_6',#5229,#5201,#5231,.T.);
#5229 = VERTEX_POINT('52@1_152_7',#5230);
#5230 = CARTESIAN_POINT('',(-12.54312638,15.5,10.32422829));
#5231 = SURFACE_CURVE('',#5232,(#5236,#5243),.PCURVE_S1.);
#5232 = LINE('',#5233,#5234);
#5233 = CARTESIAN_POINT('',(-12.54312638,15.5,10.32422829));
#5234 = VECTOR('',#5235,1.);
#5235 = DIRECTION('',(0.,0.,1.));
#5236 = PCURVE('',#2111,#5237);
#5237 = DEFINITIONAL_REPRESENTATION('',(#5238),#5242);
#5238 = LINE('',#5239,#5240);
#5239 = CARTESIAN_POINT('',(-12.54312638,-10.32422829));
#5240 = VECTOR('',#5241,1.);
#5241 = DIRECTION('',(0.,-1.));
#5242 = ( GEOMETRIC_REPRESENTATION_CONTEXT(2) 
PARAMETRIC_REPRESENTATION_CONTEXT() REPRESENTATION_CONTEXT('2D SPACE',''
  ) );
#5243 = PCURVE('',#5244,#5249);
#5244 = PLANE('',#5245);
#5245 = AXIS2_PLACEMENT_3D('',#5246,#5247,#5248);
#5246 = CARTESIAN_POINT('',(-12.54312638,15.5,7.08673905));
#5247 = DIRECTION('',(-1.,0.,-0.));
#5248 = DIRECTION('',(0.,0.,1.));
#5249 = DEFINITIONAL_REPRESENTATION('',(#5250),#5254);
#5250 = LINE('',#5251,#5252);
#5251 = CARTESIAN_POINT('',(3.23748924,0.));
#5252 = VECTOR('',#5253,1.);
#5253 = DIRECTION('',(1.,0.));
#5254 = ( GEOMETRIC_REPRESENTATION_CONTEXT(2) 
PARAMETRIC_REPRESENTATION_CONTEXT() REPRESENTATION_CONTEXT('2D SPACE',''
  ) );
#5255 = ORIENTED_EDGE('',*,*,#5256,.T.);
#5256 = EDGE_CURVE('52@1_199_6',#5229,#5257,#5259,.T.);
#5257 = VERTEX_POINT('52@1_153_7',#5258);
#5258 = CARTESIAN_POINT('',(-16.09830022,15.5,10.32422829));
#5259 = SURFACE_CURVE('',#5260,(#5264,#5271),.PCURVE_S1.);
#5260 = LINE('',#5261,#5262);
#5261 = CARTESIAN_POINT('',(-12.54312638,15.5,10.32422829));
#5262 = VECTOR('',#5263,1.);
#5263 = DIRECTION('',(-1.,0.,0.));
#5264 = PCURVE('',#2111,#5265);
#5265 = DEFINITIONAL_REPRESENTATION('',(#5266),#5270);
#5266 = LINE('',#5267,#5268);
#5267 = CARTESIAN_POINT('',(-12.54312638,-10.32422829));
#5268 = VECTOR('',#5269,1.);
#5269 = DIRECTION('',(-1.,0.));
#5270 = ( GEOMETRIC_REPRESENTATION_CONTEXT(2) 
PARAMETRIC_REPRESENTATION_CONTEXT() REPRESENTATION_CONTEXT('2D SPACE',''
  ) );
#5271 = PCURVE('',#5272,#5277);
#5272 = PLANE('',#5273);
#5273 = AXIS2_PLACEMENT_3D('',#5274,#5275,#5276);
#5274 = CARTESIAN_POINT('',(-12.54312638,6.5,10.32422829));
#5275 = DIRECTION('',(0.,-0.,1.));
#5276 = DIRECTION('',(-1.,0.,0.));
#5277 = DEFINITIONAL_REPRESENTATION('',(#5278),#5282);
#5278 = LINE('',#5279,#5280);
#5279 = CARTESIAN_POINT('',(0.,-9.));
#5280 = VECTOR('',#5281,1.);
#5281 = DIRECTION('',(1.,0.));
#5282 = ( GEOMETRIC_REPRESENTATION_CONTEXT(2) 
PARAMETRIC_REPRESENTATION_CONTEXT() REPRESENTATION_CONTEXT('2D SPACE',''
  ) );
#5283 = ORIENTED_EDGE('',*,*,#5284,.F.);
#5284 = EDGE_CURVE('52@1_200_6',#5285,#5257,#5287,.T.);
#5285 = VERTEX_POINT('52@1_154_7',#5286);
#5286 = CARTESIAN_POINT('',(-16.09830022,15.5,7.08673905));
#5287 = SURFACE_CURVE('',#5288,(#5292,#5299),.PCURVE_S1.);
#5288 = LINE('',#5289,#5290);
#5289 = CARTESIAN_POINT('',(-16.09830022,15.5,7.08673905));
#5290 = VECTOR('',#5291,1.);
#5291 = DIRECTION('',(-0.,0.,1.));
#5292 = PCURVE('',#2111,#5293);
#5293 = DEFINITIONAL_REPRESENTATION('',(#5294),#5298);
#5294 = LINE('',#5295,#5296);
#5295 = CARTESIAN_POINT('',(-16.09830022,-7.08673905));
#5296 = VECTOR('',#5297,1.);
#5297 = DIRECTION('',(0.,-1.));
#5298 = ( GEOMETRIC_REPRESENTATION_CONTEXT(2) 
PARAMETRIC_REPRESENTATION_CONTEXT() REPRESENTATION_CONTEXT('2D SPACE',''
  ) );
#5299 = PCURVE('',#5300,#5305);
#5300 = PLANE('',#5301);
#5301 = AXIS2_PLACEMENT_3D('',#5302,#5303,#5304);
#5302 = CARTESIAN_POINT('',(-16.09830022,15.5,7.08673905));
#5303 = DIRECTION('',(-1.,0.,-0.));
#5304 = DIRECTION('',(0.,0.,1.));
#5305 = DEFINITIONAL_REPRESENTATION('',(#5306),#5310);
#5306 = LINE('',#5307,#5308);
#5307 = CARTESIAN_POINT('',(0.,0.));
#5308 = VECTOR('',#5309,1.);
#5309 = DIRECTION('',(1.,0.));
#5310 = ( GEOMETRIC_REPRESENTATION_CONTEXT(2) 
PARAMETRIC_REPRESENTATION_CONTEXT() REPRESENTATION_CONTEXT('2D SPACE',''
  ) );
#5311 = ORIENTED_EDGE('',*,*,#5312,.F.);
#5312 = EDGE_CURVE('52@1_201_6',#5313,#5285,#5315,.T.);
#5313 = VERTEX_POINT('52@1_155_7',#5314);
#5314 = CARTESIAN_POINT('',(-10.34533869,15.5,7.08673905));
#5315 = SURFACE_CURVE('',#5316,(#5320,#5327),.PCURVE_S1.);
#5316 = LINE('',#5317,#5318);
#5317 = CARTESIAN_POINT('',(-10.34533869,15.5,7.08673905));
#5318 = VECTOR('',#5319,1.);
#5319 = DIRECTION('',(-1.,0.,1.543862956616E-16));
#5320 = PCURVE('',#2111,#5321);
#5321 = DEFINITIONAL_REPRESENTATION('',(#5322),#5326);
#5322 = LINE('',#5323,#5324);
#5323 = CARTESIAN_POINT('',(-10.34533869,-7.08673905));
#5324 = VECTOR('',#5325,1.);
#5325 = DIRECTION('',(-1.,-1.543862956616E-16));
#5326 = ( GEOMETRIC_REPRESENTATION_CONTEXT(2) 
PARAMETRIC_REPRESENTATION_CONTEXT() REPRESENTATION_CONTEXT('2D SPACE',''
  ) );
#5327 = PCURVE('',#5328,#5333);
#5328 = PLANE('',#5329);
#5329 = AXIS2_PLACEMENT_3D('',#5330,#5331,#5332);
#5330 = CARTESIAN_POINT('',(-10.34533869,15.5,7.08673905));
#5331 = DIRECTION('',(0.,0.,-1.));
#5332 = DIRECTION('',(-1.,0.,0.));
#5333 = DEFINITIONAL_REPRESENTATION('',(#5334),#5338);
#5334 = LINE('',#5335,#5336);
#5335 = CARTESIAN_POINT('',(0.,0.));
#5336 = VECTOR('',#5337,1.);
#5337 = DIRECTION('',(1.,0.));
#5338 = ( GEOMETRIC_REPRESENTATION_CONTEXT(2) 
PARAMETRIC_REPRESENTATION_CONTEXT() REPRESENTATION_CONTEXT('2D SPACE',''
  ) );
#5339 = ORIENTED_EDGE('',*,*,#5340,.F.);
#5340 = EDGE_CURVE('52@1_202_6',#5341,#5313,#5343,.T.);
#5341 = VERTEX_POINT('52@1_156_7',#5342);
#5342 = CARTESIAN_POINT('',(-10.34533869,15.5,24.));
#5343 = SURFACE_CURVE('',#5344,(#5348,#5355),.PCURVE_S1.);
#5344 = LINE('',#5345,#5346);
#5345 = CARTESIAN_POINT('',(-10.34533869,15.5,24.));
#5346 = VECTOR('',#5347,1.);
#5347 = DIRECTION('',(0.,0.,-1.));
#5348 = PCURVE('',#2111,#5349);
#5349 = DEFINITIONAL_REPRESENTATION('',(#5350),#5354);
#5350 = LINE('',#5351,#5352);
#5351 = CARTESIAN_POINT('',(-10.34533869,-24.));
#5352 = VECTOR('',#5353,1.);
#5353 = DIRECTION('',(0.,1.));
#5354 = ( GEOMETRIC_REPRESENTATION_CONTEXT(2) 
PARAMETRIC_REPRESENTATION_CONTEXT() REPRESENTATION_CONTEXT('2D SPACE',''
  ) );
#5355 = PCURVE('',#5356,#5361);
#5356 = PLANE('',#5357);
#5357 = AXIS2_PLACEMENT_3D('',#5358,#5359,#5360);
#5358 = CARTESIAN_POINT('',(-10.34533869,15.5,24.));
#5359 = DIRECTION('',(1.,-0.,0.));
#5360 = DIRECTION('',(0.,0.,-1.));
#5361 = DEFINITIONAL_REPRESENTATION('',(#5362),#5366);
#5362 = LINE('',#5363,#5364);
#5363 = CARTESIAN_POINT('',(0.,0.));
#5364 = VECTOR('',#5365,1.);
#5365 = DIRECTION('',(1.,0.));
#5366 = ( GEOMETRIC_REPRESENTATION_CONTEXT(2) 
PARAMETRIC_REPRESENTATION_CONTEXT() REPRESENTATION_CONTEXT('2D SPACE',''
  ) );
#5367 = ORIENTED_EDGE('',*,*,#5368,.T.);
#5368 = EDGE_CURVE('52@1_203_6',#5341,#5369,#5371,.T.);
#5369 = VERTEX_POINT('52@1_157_7',#5370);
#5370 = CARTESIAN_POINT('',(8.5085125,15.5,24.));
#5371 = SURFACE_CURVE('',#5372,(#5376,#5383),.PCURVE_S1.);
#5372 = LINE('',#5373,#5374);
#5373 = CARTESIAN_POINT('',(-45.5,15.5,24.));
#5374 = VECTOR('',#5375,1.);
#5375 = DIRECTION('',(1.,0.,0.));
#5376 = PCURVE('',#2111,#5377);
#5377 = DEFINITIONAL_REPRESENTATION('',(#5378),#5382);
#5378 = LINE('',#5379,#5380);
#5379 = CARTESIAN_POINT('',(-45.5,-24.));
#5380 = VECTOR('',#5381,1.);
#5381 = DIRECTION('',(1.,0.));
#5382 = ( GEOMETRIC_REPRESENTATION_CONTEXT(2) 
PARAMETRIC_REPRESENTATION_CONTEXT() REPRESENTATION_CONTEXT('2D SPACE',''
  ) );
#5383 = PCURVE('',#5216,#5384);
#5384 = DEFINITIONAL_REPRESENTATION('',(#5385),#5389);
#5385 = LINE('',#5386,#5387);
#5386 = CARTESIAN_POINT('',(0.,-15.5));
#5387 = VECTOR('',#5388,1.);
#5388 = DIRECTION('',(1.,0.));
#5389 = ( GEOMETRIC_REPRESENTATION_CONTEXT(2) 
PARAMETRIC_REPRESENTATION_CONTEXT() REPRESENTATION_CONTEXT('2D SPACE',''
  ) );
#5390 = ORIENTED_EDGE('',*,*,#5391,.F.);
#5391 = EDGE_CURVE('52@1_204_6',#5392,#5369,#5394,.T.);
#5392 = VERTEX_POINT('52@1_158_7',#5393);
#5393 = CARTESIAN_POINT('',(8.5085125,15.5,7.08673905));
#5394 = SURFACE_CURVE('',#5395,(#5399,#5406),.PCURVE_S1.);
#5395 = LINE('',#5396,#5397);
#5396 = CARTESIAN_POINT('',(8.5085125,15.5,7.08673905));
#5397 = VECTOR('',#5398,1.);
#5398 = DIRECTION('',(-0.,0.,1.));
#5399 = PCURVE('',#2111,#5400);
#5400 = DEFINITIONAL_REPRESENTATION('',(#5401),#5405);
#5401 = LINE('',#5402,#5403);
#5402 = CARTESIAN_POINT('',(8.5085125,-7.08673905));
#5403 = VECTOR('',#5404,1.);
#5404 = DIRECTION('',(0.,-1.));
#5405 = ( GEOMETRIC_REPRESENTATION_CONTEXT(2) 
PARAMETRIC_REPRESENTATION_CONTEXT() REPRESENTATION_CONTEXT('2D SPACE',''
  ) );
#5406 = PCURVE('',#5407,#5412);
#5407 = PLANE('',#5408);
#5408 = AXIS2_PLACEMENT_3D('',#5409,#5410,#5411);
#5409 = CARTESIAN_POINT('',(8.5085125,15.5,7.08673905));
#5410 = DIRECTION('',(-1.,0.,-0.));
#5411 = DIRECTION('',(0.,0.,1.));
#5412 = DEFINITIONAL_REPRESENTATION('',(#5413),#5417);
#5413 = LINE('',#5414,#5415);
#5414 = CARTESIAN_POINT('',(0.,0.));
#5415 = VECTOR('',#5416,1.);
#5416 = DIRECTION('',(1.,0.));
#5417 = ( GEOMETRIC_REPRESENTATION_CONTEXT(2) 
PARAMETRIC_REPRESENTATION_CONTEXT() REPRESENTATION_CONTEXT('2D SPACE',''
  ) );
#5418 = ORIENTED_EDGE('',*,*,#5419,.F.);
#5419 = EDGE_CURVE('52@1_205_6',#5420,#5392,#5422,.T.);
#5420 = VERTEX_POINT('52@1_159_7',#5421);
#5421 = CARTESIAN_POINT('',(14.30875714,15.5,7.08673905));
#5422 = SURFACE_CURVE('',#5423,(#5427,#5434),.PCURVE_S1.);
#5423 = LINE('',#5424,#5425);
#5424 = CARTESIAN_POINT('',(14.30875714,15.5,7.08673905));
#5425 = VECTOR('',#5426,1.);
#5426 = DIRECTION('',(-1.,0.,0.));
#5427 = PCURVE('',#2111,#5428);
#5428 = DEFINITIONAL_REPRESENTATION('',(#5429),#5433);
#5429 = LINE('',#5430,#5431);
#5430 = CARTESIAN_POINT('',(14.30875714,-7.08673905));
#5431 = VECTOR('',#5432,1.);
#5432 = DIRECTION('',(-1.,0.));
#5433 = ( GEOMETRIC_REPRESENTATION_CONTEXT(2) 
PARAMETRIC_REPRESENTATION_CONTEXT() REPRESENTATION_CONTEXT('2D SPACE',''
  ) );
#5434 = PCURVE('',#5435,#5440);
#5435 = PLANE('',#5436);
#5436 = AXIS2_PLACEMENT_3D('',#5437,#5438,#5439);
#5437 = CARTESIAN_POINT('',(14.30875714,15.5,7.08673905));
#5438 = DIRECTION('',(0.,0.,-1.));
#5439 = DIRECTION('',(-1.,0.,0.));
#5440 = DEFINITIONAL_REPRESENTATION('',(#5441),#5445);
#5441 = LINE('',#5442,#5443);
#5442 = CARTESIAN_POINT('',(0.,0.));
#5443 = VECTOR('',#5444,1.);
#5444 = DIRECTION('',(1.,0.));
#5445 = ( GEOMETRIC_REPRESENTATION_CONTEXT(2) 
PARAMETRIC_REPRESENTATION_CONTEXT() REPRESENTATION_CONTEXT('2D SPACE',''
  ) );
#5446 = ORIENTED_EDGE('',*,*,#5447,.F.);
#5447 = EDGE_CURVE('52@1_206_6',#5448,#5420,#5450,.T.);
#5448 = VERTEX_POINT('52@1_160_7',#5449);
#5449 = CARTESIAN_POINT('',(14.30875714,15.5,10.69981349));
#5450 = SURFACE_CURVE('',#5451,(#5455,#5462),.PCURVE_S1.);
#5451 = LINE('',#5452,#5453);
#5452 = CARTESIAN_POINT('',(14.30875714,15.5,16.68887533));
#5453 = VECTOR('',#5454,1.);
#5454 = DIRECTION('',(0.,0.,-1.));
#5455 = PCURVE('',#2111,#5456);
#5456 = DEFINITIONAL_REPRESENTATION('',(#5457),#5461);
#5457 = LINE('',#5458,#5459);
#5458 = CARTESIAN_POINT('',(14.30875714,-16.68887533));
#5459 = VECTOR('',#5460,1.);
#5460 = DIRECTION('',(0.,1.));
#5461 = ( GEOMETRIC_REPRESENTATION_CONTEXT(2) 
PARAMETRIC_REPRESENTATION_CONTEXT() REPRESENTATION_CONTEXT('2D SPACE',''
  ) );
#5462 = PCURVE('',#5463,#5468);
#5463 = PLANE('',#5464);
#5464 = AXIS2_PLACEMENT_3D('',#5465,#5466,#5467);
#5465 = CARTESIAN_POINT('',(14.30875714,15.5,16.68887533));
#5466 = DIRECTION('',(1.,-0.,0.));
#5467 = DIRECTION('',(0.,0.,-1.));
#5468 = DEFINITIONAL_REPRESENTATION('',(#5469),#5473);
#5469 = LINE('',#5470,#5471);
#5470 = CARTESIAN_POINT('',(0.,0.));
#5471 = VECTOR('',#5472,1.);
#5472 = DIRECTION('',(1.,0.));
#5473 = ( GEOMETRIC_REPRESENTATION_CONTEXT(2) 
PARAMETRIC_REPRESENTATION_CONTEXT() REPRESENTATION_CONTEXT('2D SPACE',''
  ) );
#5474 = ORIENTED_EDGE('',*,*,#5475,.T.);
#5475 = EDGE_CURVE('52@1_207_6',#5448,#5476,#5478,.T.);
#5476 = VERTEX_POINT('52@1_161_7',#5477);
#5477 = CARTESIAN_POINT('',(10.69762913,15.5,10.69981349));
#5478 = SURFACE_CURVE('',#5479,(#5483,#5490),.PCURVE_S1.);
#5479 = LINE('',#5480,#5481);
#5480 = CARTESIAN_POINT('',(14.30875714,15.5,10.69981349));
#5481 = VECTOR('',#5482,1.);
#5482 = DIRECTION('',(-1.,0.,0.));
#5483 = PCURVE('',#2111,#5484);
#5484 = DEFINITIONAL_REPRESENTATION('',(#5485),#5489);
#5485 = LINE('',#5486,#5487);
#5486 = CARTESIAN_POINT('',(14.30875714,-10.69981349));
#5487 = VECTOR('',#5488,1.);
#5488 = DIRECTION('',(-1.,0.));
#5489 = ( GEOMETRIC_REPRESENTATION_CONTEXT(2) 
PARAMETRIC_REPRESENTATION_CONTEXT() REPRESENTATION_CONTEXT('2D SPACE',''
  ) );
#5490 = PCURVE('',#5491,#5496);
#5491 = PLANE('',#5492);
#5492 = AXIS2_PLACEMENT_3D('',#5493,#5494,#5495);
#5493 = CARTESIAN_POINT('',(14.30875714,6.5,10.69981349));
#5494 = DIRECTION('',(0.,-0.,1.));
#5495 = DIRECTION('',(-1.,0.,0.));
#5496 = DEFINITIONAL_REPRESENTATION('',(#5497),#5501);
#5497 = LINE('',#5498,#5499);
#5498 = CARTESIAN_POINT('',(0.,-9.));
#5499 = VECTOR('',#5500,1.);
#5500 = DIRECTION('',(1.,0.));
#5501 = ( GEOMETRIC_REPRESENTATION_CONTEXT(2) 
PARAMETRIC_REPRESENTATION_CONTEXT() REPRESENTATION_CONTEXT('2D SPACE',''
  ) );
#5502 = ORIENTED_EDGE('',*,*,#5503,.F.);
#5503 = EDGE_CURVE('52@1_208_6',#5504,#5476,#5506,.T.);
#5504 = VERTEX_POINT('52@1_162_7',#5505);
#5505 = CARTESIAN_POINT('',(10.69762913,15.5,24.));
#5506 = SURFACE_CURVE('',#5507,(#5511,#5518),.PCURVE_S1.);
#5507 = LINE('',#5508,#5509);
#5508 = CARTESIAN_POINT('',(10.69762913,15.5,24.));
#5509 = VECTOR('',#5510,1.);
#5510 = DIRECTION('',(0.,0.,-1.));
#5511 = PCURVE('',#2111,#5512);
#5512 = DEFINITIONAL_REPRESENTATION('',(#5513),#5517);
#5513 = LINE('',#5514,#5515);
#5514 = CARTESIAN_POINT('',(10.69762913,-24.));
#5515 = VECTOR('',#5516,1.);
#5516 = DIRECTION('',(0.,1.));
#5517 = ( GEOMETRIC_REPRESENTATION_CONTEXT(2) 
PARAMETRIC_REPRESENTATION_CONTEXT() REPRESENTATION_CONTEXT('2D SPACE',''
  ) );
#5518 = PCURVE('',#5519,#5524);
#5519 = PLANE('',#5520);
#5520 = AXIS2_PLACEMENT_3D('',#5521,#5522,#5523);
#5521 = CARTESIAN_POINT('',(10.69762913,15.5,24.));
#5522 = DIRECTION('',(1.,-0.,0.));
#5523 = DIRECTION('',(0.,0.,-1.));
#5524 = DEFINITIONAL_REPRESENTATION('',(#5525),#5529);
#5525 = LINE('',#5526,#5527);
#5526 = CARTESIAN_POINT('',(0.,0.));
#5527 = VECTOR('',#5528,1.);
#5528 = DIRECTION('',(1.,0.));
#5529 = ( GEOMETRIC_REPRESENTATION_CONTEXT(2) 
PARAMETRIC_REPRESENTATION_CONTEXT() REPRESENTATION_CONTEXT('2D SPACE',''
  ) );
#5530 = ORIENTED_EDGE('',*,*,#5531,.T.);
#5531 = EDGE_CURVE('52@1_209_6',#5504,#5532,#5534,.T.);
#5532 = VERTEX_POINT('52@1_163_7',#5533);
#5533 = CARTESIAN_POINT('',(14.48064193,15.5,24.));
#5534 = SURFACE_CURVE('',#5535,(#5539,#5546),.PCURVE_S1.);
#5535 = LINE('',#5536,#5537);
#5536 = CARTESIAN_POINT('',(-45.5,15.5,24.));
#5537 = VECTOR('',#5538,1.);
#5538 = DIRECTION('',(1.,0.,0.));
#5539 = PCURVE('',#2111,#5540);
#5540 = DEFINITIONAL_REPRESENTATION('',(#5541),#5545);
#5541 = LINE('',#5542,#5543);
#5542 = CARTESIAN_POINT('',(-45.5,-24.));
#5543 = VECTOR('',#5544,1.);
#5544 = DIRECTION('',(1.,0.));
#5545 = ( GEOMETRIC_REPRESENTATION_CONTEXT(2) 
PARAMETRIC_REPRESENTATION_CONTEXT() REPRESENTATION_CONTEXT('2D SPACE',''
  ) );
#5546 = PCURVE('',#5216,#5547);
#5547 = DEFINITIONAL_REPRESENTATION('',(#5548),#5552);
#5548 = LINE('',#5549,#5550);
#5549 = CARTESIAN_POINT('',(0.,-15.5));
#5550 = VECTOR('',#5551,1.);
#5551 = DIRECTION('',(1.,0.));
#5552 = ( GEOMETRIC_REPRESENTATION_CONTEXT(2) 
PARAMETRIC_REPRESENTATION_CONTEXT() REPRESENTATION_CONTEXT('2D SPACE',''
  ) );
#5553 = ORIENTED_EDGE('',*,*,#5554,.F.);
#5554 = EDGE_CURVE('52@1_210_6',#5555,#5532,#5557,.T.);
#5555 = VERTEX_POINT('52@1_164_7',#5556);
#5556 = CARTESIAN_POINT('',(38.947166,15.5,24.));
#5557 = SURFACE_CURVE('',#5558,(#5562,#5569),.PCURVE_S1.);
#5558 = LINE('',#5559,#5560);
#5559 = CARTESIAN_POINT('',(38.947166,15.5,24.));
#5560 = VECTOR('',#5561,1.);
#5561 = DIRECTION('',(-1.,0.,0.));
#5562 = PCURVE('',#2111,#5563);
#5563 = DEFINITIONAL_REPRESENTATION('',(#5564),#5568);
#5564 = LINE('',#5565,#5566);
#5565 = CARTESIAN_POINT('',(38.947166,-24.));
#5566 = VECTOR('',#5567,1.);
#5567 = DIRECTION('',(-1.,0.));
#5568 = ( GEOMETRIC_REPRESENTATION_CONTEXT(2) 
PARAMETRIC_REPRESENTATION_CONTEXT() REPRESENTATION_CONTEXT('2D SPACE',''
  ) );
#5569 = PCURVE('',#5570,#5575);
#5570 = PLANE('',#5571);
#5571 = AXIS2_PLACEMENT_3D('',#5572,#5573,#5574);
#5572 = CARTESIAN_POINT('',(14.48064193,0.,24.));
#5573 = DIRECTION('',(-0.,0.,-1.));
#5574 = DIRECTION('',(1.,0.,-0.));
#5575 = DEFINITIONAL_REPRESENTATION('',(#5576),#5580);
#5576 = LINE('',#5577,#5578);
#5577 = CARTESIAN_POINT('',(24.46652407,-15.5));
#5578 = VECTOR('',#5579,1.);
#5579 = DIRECTION('',(-1.,-0.));
#5580 = ( GEOMETRIC_REPRESENTATION_CONTEXT(2) 
PARAMETRIC_REPRESENTATION_CONTEXT() REPRESENTATION_CONTEXT('2D SPACE',''
  ) );
#5581 = ORIENTED_EDGE('',*,*,#5582,.T.);
#5582 = EDGE_CURVE('52@1_211_6',#5555,#4212,#5583,.T.);
#5583 = SURFACE_CURVE('',#5584,(#5588,#5595),.PCURVE_S1.);
#5584 = LINE('',#5585,#5586);
#5585 = CARTESIAN_POINT('',(-45.5,15.5,24.));
#5586 = VECTOR('',#5587,1.);
#5587 = DIRECTION('',(1.,0.,0.));
#5588 = PCURVE('',#2111,#5589);
#5589 = DEFINITIONAL_REPRESENTATION('',(#5590),#5594);
#5590 = LINE('',#5591,#5592);
#5591 = CARTESIAN_POINT('',(-45.5,-24.));
#5592 = VECTOR('',#5593,1.);
#5593 = DIRECTION('',(1.,0.));
#5594 = ( GEOMETRIC_REPRESENTATION_CONTEXT(2) 
PARAMETRIC_REPRESENTATION_CONTEXT() REPRESENTATION_CONTEXT('2D SPACE',''
  ) );
#5595 = PCURVE('',#4171,#5596);
#5596 = DEFINITIONAL_REPRESENTATION('',(#5597),#5601);
#5597 = LINE('',#5598,#5599);
#5598 = CARTESIAN_POINT('',(0.,-15.5));
#5599 = VECTOR('',#5600,1.);
#5600 = DIRECTION('',(1.,0.));
#5601 = ( GEOMETRIC_REPRESENTATION_CONTEXT(2) 
PARAMETRIC_REPRESENTATION_CONTEXT() REPRESENTATION_CONTEXT('2D SPACE',''
  ) );
#5602 = ORIENTED_EDGE('',*,*,#4234,.T.);
#5603 = ORIENTED_EDGE('',*,*,#5604,.T.);
#5604 = EDGE_CURVE('52@1_212_6',#4235,#5605,#5607,.T.);
#5605 = VERTEX_POINT('52@1_165_7',#5606);
#5606 = CARTESIAN_POINT('',(38.85923952,15.5,10.48459524));
#5607 = SURFACE_CURVE('',#5608,(#5612,#5619),.PCURVE_S1.);
#5608 = LINE('',#5609,#5610);
#5609 = CARTESIAN_POINT('',(45.5,15.5,10.48459524));
#5610 = VECTOR('',#5611,1.);
#5611 = DIRECTION('',(-1.,0.,0.));
#5612 = PCURVE('',#2111,#5613);
#5613 = DEFINITIONAL_REPRESENTATION('',(#5614),#5618);
#5614 = LINE('',#5615,#5616);
#5615 = CARTESIAN_POINT('',(45.5,-10.48459524));
#5616 = VECTOR('',#5617,1.);
#5617 = DIRECTION('',(-1.,0.));
#5618 = ( GEOMETRIC_REPRESENTATION_CONTEXT(2) 
PARAMETRIC_REPRESENTATION_CONTEXT() REPRESENTATION_CONTEXT('2D SPACE',''
  ) );
#5619 = PCURVE('',#4273,#5620);
#5620 = DEFINITIONAL_REPRESENTATION('',(#5621),#5625);
#5621 = LINE('',#5622,#5623);
#5622 = CARTESIAN_POINT('',(0.,-9.));
#5623 = VECTOR('',#5624,1.);
#5624 = DIRECTION('',(1.,0.));
#5625 = ( GEOMETRIC_REPRESENTATION_CONTEXT(2) 
PARAMETRIC_REPRESENTATION_CONTEXT() REPRESENTATION_CONTEXT('2D SPACE',''
  ) );
#5626 = ORIENTED_EDGE('',*,*,#5627,.F.);
#5627 = EDGE_CURVE('52@1_213_6',#5628,#5605,#5630,.T.);
#5628 = VERTEX_POINT('52@1_166_7',#5629);
#5629 = CARTESIAN_POINT('',(38.85923952,15.5,7.08673905));
#5630 = SURFACE_CURVE('',#5631,(#5635,#5642),.PCURVE_S1.);
#5631 = LINE('',#5632,#5633);
#5632 = CARTESIAN_POINT('',(38.85923952,15.5,7.08673905));
#5633 = VECTOR('',#5634,1.);
#5634 = DIRECTION('',(-0.,0.,1.));
#5635 = PCURVE('',#2111,#5636);
#5636 = DEFINITIONAL_REPRESENTATION('',(#5637),#5641);
#5637 = LINE('',#5638,#5639);
#5638 = CARTESIAN_POINT('',(38.85923952,-7.08673905));
#5639 = VECTOR('',#5640,1.);
#5640 = DIRECTION('',(0.,-1.));
#5641 = ( GEOMETRIC_REPRESENTATION_CONTEXT(2) 
PARAMETRIC_REPRESENTATION_CONTEXT() REPRESENTATION_CONTEXT('2D SPACE',''
  ) );
#5642 = PCURVE('',#5643,#5648);
#5643 = PLANE('',#5644);
#5644 = AXIS2_PLACEMENT_3D('',#5645,#5646,#5647);
#5645 = CARTESIAN_POINT('',(38.85923952,15.5,7.08673905));
#5646 = DIRECTION('',(-1.,0.,-0.));
#5647 = DIRECTION('',(0.,0.,1.));
#5648 = DEFINITIONAL_REPRESENTATION('',(#5649),#5653);
#5649 = LINE('',#5650,#5651);
#5650 = CARTESIAN_POINT('',(0.,0.));
#5651 = VECTOR('',#5652,1.);
#5652 = DIRECTION('',(1.,0.));
#5653 = ( GEOMETRIC_REPRESENTATION_CONTEXT(2) 
PARAMETRIC_REPRESENTATION_CONTEXT() REPRESENTATION_CONTEXT('2D SPACE',''
  ) );
#5654 = ORIENTED_EDGE('',*,*,#5655,.F.);
#5655 = EDGE_CURVE('52@1_214_6',#4314,#5628,#5656,.T.);
#5656 = SURFACE_CURVE('',#5657,(#5661,#5668),.PCURVE_S1.);
#5657 = LINE('',#5658,#5659);
#5658 = CARTESIAN_POINT('',(45.5,15.5,7.08673905));
#5659 = VECTOR('',#5660,1.);
#5660 = DIRECTION('',(-1.,0.,0.));
#5661 = PCURVE('',#2111,#5662);
#5662 = DEFINITIONAL_REPRESENTATION('',(#5663),#5667);
#5663 = LINE('',#5664,#5665);
#5664 = CARTESIAN_POINT('',(45.5,-7.08673905));
#5665 = VECTOR('',#5666,1.);
#5666 = DIRECTION('',(-1.,0.));
#5667 = ( GEOMETRIC_REPRESENTATION_CONTEXT(2) 
PARAMETRIC_REPRESENTATION_CONTEXT() REPRESENTATION_CONTEXT('2D SPACE',''
  ) );
#5668 = PCURVE('',#4329,#5669);
#5669 = DEFINITIONAL_REPRESENTATION('',(#5670),#5674);
#5670 = LINE('',#5671,#5672);
#5671 = CARTESIAN_POINT('',(0.,0.));
#5672 = VECTOR('',#5673,1.);
#5673 = DIRECTION('',(1.,0.));
#5674 = ( GEOMETRIC_REPRESENTATION_CONTEXT(2) 
PARAMETRIC_REPRESENTATION_CONTEXT() REPRESENTATION_CONTEXT('2D SPACE',''
  ) );
#5675 = ORIENTED_EDGE('',*,*,#4341,.T.);
#5676 = ORIENTED_EDGE('',*,*,#5677,.F.);
#5677 = EDGE_CURVE('52@1_215_6',#5678,#4342,#5680,.T.);
#5678 = VERTEX_POINT('52@1_167_7',#5679);
#5679 = CARTESIAN_POINT('',(38.85923952,15.5,-7.05230064));
#5680 = SURFACE_CURVE('',#5681,(#5685,#5692),.PCURVE_S1.);
#5681 = LINE('',#5682,#5683);
#5682 = CARTESIAN_POINT('',(38.85923952,15.5,-7.05230064));
#5683 = VECTOR('',#5684,1.);
#5684 = DIRECTION('',(1.,0.,-0.));
#5685 = PCURVE('',#2111,#5686);
#5686 = DEFINITIONAL_REPRESENTATION('',(#5687),#5691);
#5687 = LINE('',#5688,#5689);
#5688 = CARTESIAN_POINT('',(38.85923952,7.05230064));
#5689 = VECTOR('',#5690,1.);
#5690 = DIRECTION('',(1.,0.));
#5691 = ( GEOMETRIC_REPRESENTATION_CONTEXT(2) 
PARAMETRIC_REPRESENTATION_CONTEXT() REPRESENTATION_CONTEXT('2D SPACE',''
  ) );
#5692 = PCURVE('',#4380,#5693);
#5693 = DEFINITIONAL_REPRESENTATION('',(#5694),#5698);
#5694 = LINE('',#5695,#5696);
#5695 = CARTESIAN_POINT('',(0.,0.));
#5696 = VECTOR('',#5697,1.);
#5697 = DIRECTION('',(1.,0.));
#5698 = ( GEOMETRIC_REPRESENTATION_CONTEXT(2) 
PARAMETRIC_REPRESENTATION_CONTEXT() REPRESENTATION_CONTEXT('2D SPACE',''
  ) );
#5699 = ORIENTED_EDGE('',*,*,#5700,.F.);
#5700 = EDGE_CURVE('52@1_216_6',#5701,#5678,#5703,.T.);
#5701 = VERTEX_POINT('52@1_168_7',#5702);
#5702 = CARTESIAN_POINT('',(38.85923952,15.5,-10.96103201));
#5703 = SURFACE_CURVE('',#5704,(#5708,#5715),.PCURVE_S1.);
#5704 = LINE('',#5705,#5706);
#5705 = CARTESIAN_POINT('',(38.85923952,15.5,-16.70788181));
#5706 = VECTOR('',#5707,1.);
#5707 = DIRECTION('',(-0.,0.,1.));
#5708 = PCURVE('',#2111,#5709);
#5709 = DEFINITIONAL_REPRESENTATION('',(#5710),#5714);
#5710 = LINE('',#5711,#5712);
#5711 = CARTESIAN_POINT('',(38.85923952,16.70788181));
#5712 = VECTOR('',#5713,1.);
#5713 = DIRECTION('',(0.,-1.));
#5714 = ( GEOMETRIC_REPRESENTATION_CONTEXT(2) 
PARAMETRIC_REPRESENTATION_CONTEXT() REPRESENTATION_CONTEXT('2D SPACE',''
  ) );
#5715 = PCURVE('',#5716,#5721);
#5716 = PLANE('',#5717);
#5717 = AXIS2_PLACEMENT_3D('',#5718,#5719,#5720);
#5718 = CARTESIAN_POINT('',(38.85923952,15.5,-16.70788181));
#5719 = DIRECTION('',(-1.,0.,-0.));
#5720 = DIRECTION('',(0.,0.,1.));
#5721 = DEFINITIONAL_REPRESENTATION('',(#5722),#5726);
#5722 = LINE('',#5723,#5724);
#5723 = CARTESIAN_POINT('',(0.,0.));
#5724 = VECTOR('',#5725,1.);
#5725 = DIRECTION('',(1.,0.));
#5726 = ( GEOMETRIC_REPRESENTATION_CONTEXT(2) 
PARAMETRIC_REPRESENTATION_CONTEXT() REPRESENTATION_CONTEXT('2D SPACE',''
  ) );
#5727 = ORIENTED_EDGE('',*,*,#5728,.F.);
#5728 = EDGE_CURVE('52@1_217_6',#4421,#5701,#5729,.T.);
#5729 = SURFACE_CURVE('',#5730,(#5734,#5741),.PCURVE_S1.);
#5730 = LINE('',#5731,#5732);
#5731 = CARTESIAN_POINT('',(45.5,15.5,-10.96103201));
#5732 = VECTOR('',#5733,1.);
#5733 = DIRECTION('',(-1.,0.,0.));
#5734 = PCURVE('',#2111,#5735);
#5735 = DEFINITIONAL_REPRESENTATION('',(#5736),#5740);
#5736 = LINE('',#5737,#5738);
#5737 = CARTESIAN_POINT('',(45.5,10.96103201));
#5738 = VECTOR('',#5739,1.);
#5739 = DIRECTION('',(-1.,0.));
#5740 = ( GEOMETRIC_REPRESENTATION_CONTEXT(2) 
PARAMETRIC_REPRESENTATION_CONTEXT() REPRESENTATION_CONTEXT('2D SPACE',''
  ) );
#5741 = PCURVE('',#4436,#5742);
#5742 = DEFINITIONAL_REPRESENTATION('',(#5743),#5747);
#5743 = LINE('',#5744,#5745);
#5744 = CARTESIAN_POINT('',(0.,-9.));
#5745 = VECTOR('',#5746,1.);
#5746 = DIRECTION('',(1.,0.));
#5747 = ( GEOMETRIC_REPRESENTATION_CONTEXT(2) 
PARAMETRIC_REPRESENTATION_CONTEXT() REPRESENTATION_CONTEXT('2D SPACE',''
  ) );
#5748 = ORIENTED_EDGE('',*,*,#4448,.T.);
#5749 = ORIENTED_EDGE('',*,*,#2097,.T.);
#5750 = ADVANCED_FACE('52@1_46_4',(#5751),#2195,.F.);
#5751 = FACE_BOUND('',#5752,.F.);
#5752 = EDGE_LOOP('52@',(#5753,#5774,#5775,#5776));
#5753 = ORIENTED_EDGE('',*,*,#5754,.T.);
#5754 = EDGE_CURVE('52@1_218_6',#3697,#2180,#5755,.T.);
#5755 = SURFACE_CURVE('',#5756,(#5760,#5767),.PCURVE_S1.);
#5756 = LINE('',#5757,#5758);
#5757 = CARTESIAN_POINT('',(-15.82496164,17.5,-27.99999962));
#5758 = VECTOR('',#5759,1.);
#5759 = DIRECTION('',(0.,-1.,0.));
#5760 = PCURVE('',#2195,#5761);
#5761 = DEFINITIONAL_REPRESENTATION('',(#5762),#5766);
#5762 = LINE('',#5763,#5764);
#5763 = CARTESIAN_POINT('',(-0.,-1.272792206136));
#5764 = VECTOR('',#5765,1.);
#5765 = DIRECTION('',(1.,0.));
#5766 = ( GEOMETRIC_REPRESENTATION_CONTEXT(2) 
PARAMETRIC_REPRESENTATION_CONTEXT() REPRESENTATION_CONTEXT('2D SPACE',''
  ) );
#5767 = PCURVE('',#2250,#5768);
#5768 = DEFINITIONAL_REPRESENTATION('',(#5769),#5773);
#5769 = LINE('',#5770,#5771);
#5770 = CARTESIAN_POINT('',(-15.82496164,-17.5));
#5771 = VECTOR('',#5772,1.);
#5772 = DIRECTION('',(0.,1.));
#5773 = ( GEOMETRIC_REPRESENTATION_CONTEXT(2) 
PARAMETRIC_REPRESENTATION_CONTEXT() REPRESENTATION_CONTEXT('2D SPACE',''
  ) );
#5774 = ORIENTED_EDGE('',*,*,#2179,.F.);
#5775 = ORIENTED_EDGE('',*,*,#2888,.F.);
#5776 = ORIENTED_EDGE('',*,*,#3719,.F.);
#5777 = ADVANCED_FACE('52@1_47_4',(#5778),#2250,.T.);
#5778 = FACE_BOUND('',#5779,.T.);
#5779 = EDGE_LOOP('52@',(#5780,#5781,#5782,#5803,#5804,#5833,#5861,#5889
    ,#5915));
#5780 = ORIENTED_EDGE('',*,*,#5754,.T.);
#5781 = ORIENTED_EDGE('',*,*,#2236,.T.);
#5782 = ORIENTED_EDGE('',*,*,#5783,.T.);
#5783 = EDGE_CURVE('52@1_223_6',#2209,#3623,#5784,.T.);
#5784 = SURFACE_CURVE('',#5785,(#5789,#5796),.PCURVE_S1.);
#5785 = LINE('',#5786,#5787);
#5786 = CARTESIAN_POINT('',(-41.73328311,0.,-27.99999962));
#5787 = VECTOR('',#5788,1.);
#5788 = DIRECTION('',(0.,1.,0.));
#5789 = PCURVE('',#2250,#5790);
#5790 = DEFINITIONAL_REPRESENTATION('',(#5791),#5795);
#5791 = LINE('',#5792,#5793);
#5792 = CARTESIAN_POINT('',(-41.73328311,0.));
#5793 = VECTOR('',#5794,1.);
#5794 = DIRECTION('',(0.,-1.));
#5795 = ( GEOMETRIC_REPRESENTATION_CONTEXT(2) 
PARAMETRIC_REPRESENTATION_CONTEXT() REPRESENTATION_CONTEXT('2D SPACE',''
  ) );
#5796 = PCURVE('',#2224,#5797);
#5797 = DEFINITIONAL_REPRESENTATION('',(#5798),#5802);
#5798 = LINE('',#5799,#5800);
#5799 = CARTESIAN_POINT('',(0.,-1.272792206136));
#5800 = VECTOR('',#5801,1.);
#5801 = DIRECTION('',(1.,0.));
#5802 = ( GEOMETRIC_REPRESENTATION_CONTEXT(2) 
PARAMETRIC_REPRESENTATION_CONTEXT() REPRESENTATION_CONTEXT('2D SPACE',''
  ) );
#5803 = ORIENTED_EDGE('',*,*,#3645,.T.);
#5804 = ORIENTED_EDGE('',*,*,#5805,.F.);
#5805 = EDGE_CURVE('52@1_222_6',#5806,#3646,#5808,.T.);
#5806 = VERTEX_POINT('52@1_171_7',#5807);
#5807 = CARTESIAN_POINT('',(-34.43163859,3.4845643,-27.99999962));
#5808 = SURFACE_CURVE('',#5809,(#5814,#5821),.PCURVE_S1.);
#5809 = CIRCLE('',#5810,6.00771785);
#5810 = AXIS2_PLACEMENT_3D('',#5811,#5812,#5813);
#5811 = CARTESIAN_POINT('',(-34.43163859,9.49228215,-27.99999962));
#5812 = DIRECTION('',(0.,0.,-1.));
#5813 = DIRECTION('',(1.,0.,0.));
#5814 = PCURVE('',#2250,#5815);
#5815 = DEFINITIONAL_REPRESENTATION('',(#5816),#5820);
#5816 = CIRCLE('',#5817,6.00771785);
#5817 = AXIS2_PLACEMENT_2D('',#5818,#5819);
#5818 = CARTESIAN_POINT('',(-34.43163859,-9.49228215));
#5819 = DIRECTION('',(1.,0.));
#5820 = ( GEOMETRIC_REPRESENTATION_CONTEXT(2) 
PARAMETRIC_REPRESENTATION_CONTEXT() REPRESENTATION_CONTEXT('2D SPACE',''
  ) );
#5821 = PCURVE('',#5822,#5827);
#5822 = CYLINDRICAL_SURFACE('',#5823,6.00771785);
#5823 = AXIS2_PLACEMENT_3D('',#5824,#5825,#5826);
#5824 = CARTESIAN_POINT('',(-34.43163859,9.49228215,-76.));
#5825 = DIRECTION('',(0.,0.,-1.));
#5826 = DIRECTION('',(1.,0.,0.));
#5827 = DEFINITIONAL_REPRESENTATION('',(#5828),#5832);
#5828 = LINE('',#5829,#5830);
#5829 = CARTESIAN_POINT('',(0.,-48.00000038));
#5830 = VECTOR('',#5831,1.);
#5831 = DIRECTION('',(1.,0.));
#5832 = ( GEOMETRIC_REPRESENTATION_CONTEXT(2) 
PARAMETRIC_REPRESENTATION_CONTEXT() REPRESENTATION_CONTEXT('2D SPACE',''
  ) );
#5833 = ORIENTED_EDGE('',*,*,#5834,.F.);
#5834 = EDGE_CURVE('52@1_221_6',#5835,#5806,#5837,.T.);
#5835 = VERTEX_POINT('52@1_170_7',#5836);
#5836 = CARTESIAN_POINT('',(-32.44163814,3.4845643,-27.99999962));
#5837 = SURFACE_CURVE('',#5838,(#5842,#5849),.PCURVE_S1.);
#5838 = LINE('',#5839,#5840);
#5839 = CARTESIAN_POINT('',(-16.22081907,3.4845643,-27.99999962));
#5840 = VECTOR('',#5841,1.);
#5841 = DIRECTION('',(-1.,0.,-0.));
#5842 = PCURVE('',#2250,#5843);
#5843 = DEFINITIONAL_REPRESENTATION('',(#5844),#5848);
#5844 = LINE('',#5845,#5846);
#5845 = CARTESIAN_POINT('',(-16.22081907,-3.4845643));
#5846 = VECTOR('',#5847,1.);
#5847 = DIRECTION('',(-1.,0.));
#5848 = ( GEOMETRIC_REPRESENTATION_CONTEXT(2) 
PARAMETRIC_REPRESENTATION_CONTEXT() REPRESENTATION_CONTEXT('2D SPACE',''
  ) );
#5849 = PCURVE('',#5850,#5855);
#5850 = PLANE('',#5851);
#5851 = AXIS2_PLACEMENT_3D('',#5852,#5853,#5854);
#5852 = CARTESIAN_POINT('',(-32.44163814,3.4845643,-76.));
#5853 = DIRECTION('',(-0.,-1.,-0.));
#5854 = DIRECTION('',(-1.,0.,0.));
#5855 = DEFINITIONAL_REPRESENTATION('',(#5856),#5860);
#5856 = LINE('',#5857,#5858);
#5857 = CARTESIAN_POINT('',(-16.22081907,-48.00000038));
#5858 = VECTOR('',#5859,1.);
#5859 = DIRECTION('',(1.,0.));
#5860 = ( GEOMETRIC_REPRESENTATION_CONTEXT(2) 
PARAMETRIC_REPRESENTATION_CONTEXT() REPRESENTATION_CONTEXT('2D SPACE',''
  ) );
#5861 = ORIENTED_EDGE('',*,*,#5862,.F.);
#5862 = EDGE_CURVE('52@1_220_6',#5863,#5835,#5865,.T.);
#5863 = VERTEX_POINT('52@1_169_7',#5864);
#5864 = CARTESIAN_POINT('',(-24.22066836,3.48456431,-27.99999962));
#5865 = SURFACE_CURVE('',#5866,(#5870,#5877),.PCURVE_S1.);
#5866 = LINE('',#5867,#5868);
#5867 = CARTESIAN_POINT('',(-12.11033418211,3.484564324731,-27.99999962)
  );
#5868 = VECTOR('',#5869,1.);
#5869 = DIRECTION('',(-1.,-1.216401496032E-09,0.));
#5870 = PCURVE('',#2250,#5871);
#5871 = DEFINITIONAL_REPRESENTATION('',(#5872),#5876);
#5872 = LINE('',#5873,#5874);
#5873 = CARTESIAN_POINT('',(-12.11033418211,-3.484564324731));
#5874 = VECTOR('',#5875,1.);
#5875 = DIRECTION('',(-1.,1.216401496032E-09));
#5876 = ( GEOMETRIC_REPRESENTATION_CONTEXT(2) 
PARAMETRIC_REPRESENTATION_CONTEXT() REPRESENTATION_CONTEXT('2D SPACE',''
  ) );
#5877 = PCURVE('',#5878,#5883);
#5878 = PLANE('',#5879);
#5879 = AXIS2_PLACEMENT_3D('',#5880,#5881,#5882);
#5880 = CARTESIAN_POINT('',(-24.22066836,3.48456431,-76.));
#5881 = DIRECTION('',(1.216401496032E-09,-1.,0.));
#5882 = DIRECTION('',(-1.,-1.216401496032E-09,0.));
#5883 = DEFINITIONAL_REPRESENTATION('',(#5884),#5888);
#5884 = LINE('',#5885,#5886);
#5885 = CARTESIAN_POINT('',(-12.11033417788,-48.00000038));
#5886 = VECTOR('',#5887,1.);
#5887 = DIRECTION('',(1.,0.));
#5888 = ( GEOMETRIC_REPRESENTATION_CONTEXT(2) 
PARAMETRIC_REPRESENTATION_CONTEXT() REPRESENTATION_CONTEXT('2D SPACE',''
  ) );
#5889 = ORIENTED_EDGE('',*,*,#5890,.F.);
#5890 = EDGE_CURVE('52@1_219_6',#3669,#5863,#5891,.T.);
#5891 = SURFACE_CURVE('',#5892,(#5896,#5903),.PCURVE_S1.);
#5892 = LINE('',#5893,#5894);
#5893 = CARTESIAN_POINT('',(-24.22066836,7.75,-27.99999962));
#5894 = VECTOR('',#5895,1.);
#5895 = DIRECTION('',(0.,-1.,0.));
#5896 = PCURVE('',#2250,#5897);
#5897 = DEFINITIONAL_REPRESENTATION('',(#5898),#5902);
#5898 = LINE('',#5899,#5900);
#5899 = CARTESIAN_POINT('',(-24.22066836,-7.75));
#5900 = VECTOR('',#5901,1.);
#5901 = DIRECTION('',(0.,1.));
#5902 = ( GEOMETRIC_REPRESENTATION_CONTEXT(2) 
PARAMETRIC_REPRESENTATION_CONTEXT() REPRESENTATION_CONTEXT('2D SPACE',''
  ) );
#5903 = PCURVE('',#5904,#5909);
#5904 = PLANE('',#5905);
#5905 = AXIS2_PLACEMENT_3D('',#5906,#5907,#5908);
#5906 = CARTESIAN_POINT('',(-24.22066836,15.5,-76.));
#5907 = DIRECTION('',(1.,0.,0.));
#5908 = DIRECTION('',(0.,-1.,0.));
#5909 = DEFINITIONAL_REPRESENTATION('',(#5910),#5914);
#5910 = LINE('',#5911,#5912);
#5911 = CARTESIAN_POINT('',(7.75,-48.00000038));
#5912 = VECTOR('',#5913,1.);
#5913 = DIRECTION('',(1.,0.));
#5914 = ( GEOMETRIC_REPRESENTATION_CONTEXT(2) 
PARAMETRIC_REPRESENTATION_CONTEXT() REPRESENTATION_CONTEXT('2D SPACE',''
  ) );
#5915 = ORIENTED_EDGE('',*,*,#3696,.T.);
#5916 = ADVANCED_FACE('52@1_48_4',(#5917),#2224,.F.);
#5917 = FACE_BOUND('',#5918,.F.);
#5918 = EDGE_LOOP('52@',(#5919,#5920,#5921,#5922));
#5919 = ORIENTED_EDGE('',*,*,#5783,.T.);
#5920 = ORIENTED_EDGE('',*,*,#3622,.T.);
#5921 = ORIENTED_EDGE('',*,*,#2265,.F.);
#5922 = ORIENTED_EDGE('',*,*,#2208,.T.);
#5923 = ADVANCED_FACE('52@1_49_4',(#5924),#2507,.F.);
#5924 = FACE_BOUND('',#5925,.F.);
#5925 = EDGE_LOOP('52@',(#5926,#5949,#5950,#5951));
#5926 = ORIENTED_EDGE('',*,*,#5927,.F.);
#5927 = EDGE_CURVE('52@1_224_6',#2466,#5928,#5930,.T.);
#5928 = VERTEX_POINT('52@1_172_7',#5929);
#5929 = CARTESIAN_POINT('',(-47.49999406,0.,23.00000038));
#5930 = SURFACE_CURVE('',#5931,(#5935,#5942),.PCURVE_S1.);
#5931 = LINE('',#5932,#5933);
#5932 = CARTESIAN_POINT('',(-47.49999406,0.,-25.99999962));
#5933 = VECTOR('',#5934,1.);
#5934 = DIRECTION('',(0.,0.,1.));
#5935 = PCURVE('',#2507,#5936);
#5936 = DEFINITIONAL_REPRESENTATION('',(#5937),#5941);
#5937 = LINE('',#5938,#5939);
#5938 = CARTESIAN_POINT('',(0.,0.));
#5939 = VECTOR('',#5940,1.);
#5940 = DIRECTION('',(1.,0.));
#5941 = ( GEOMETRIC_REPRESENTATION_CONTEXT(2) 
PARAMETRIC_REPRESENTATION_CONTEXT() REPRESENTATION_CONTEXT('2D SPACE',''
  ) );
#5942 = PCURVE('',#2481,#5943);
#5943 = DEFINITIONAL_REPRESENTATION('',(#5944),#5948);
#5944 = LINE('',#5945,#5946);
#5945 = CARTESIAN_POINT('',(-47.49999406,25.99999962));
#5946 = VECTOR('',#5947,1.);
#5947 = DIRECTION('',(0.,-1.));
#5948 = ( GEOMETRIC_REPRESENTATION_CONTEXT(2) 
PARAMETRIC_REPRESENTATION_CONTEXT() REPRESENTATION_CONTEXT('2D SPACE',''
  ) );
#5949 = ORIENTED_EDGE('',*,*,#2493,.F.);
#5950 = ORIENTED_EDGE('',*,*,#3847,.T.);
#5951 = ORIENTED_EDGE('',*,*,#5952,.F.);
#5952 = EDGE_CURVE('52@1_225_6',#5928,#3825,#5953,.T.);
#5953 = SURFACE_CURVE('',#5954,(#5958,#5965),.PCURVE_S1.);
#5954 = LINE('',#5955,#5956);
#5955 = CARTESIAN_POINT('',(-47.49999406,0.,23.00000038));
#5956 = VECTOR('',#5957,1.);
#5957 = DIRECTION('',(0.,1.,0.));
#5958 = PCURVE('',#2507,#5959);
#5959 = DEFINITIONAL_REPRESENTATION('',(#5960),#5964);
#5960 = LINE('',#5961,#5962);
#5961 = CARTESIAN_POINT('',(49.,0.));
#5962 = VECTOR('',#5963,1.);
#5963 = DIRECTION('',(0.,-1.));
#5964 = ( GEOMETRIC_REPRESENTATION_CONTEXT(2) 
PARAMETRIC_REPRESENTATION_CONTEXT() REPRESENTATION_CONTEXT('2D SPACE',''
  ) );
#5965 = PCURVE('',#3785,#5966);
#5966 = DEFINITIONAL_REPRESENTATION('',(#5967),#5971);
#5967 = LINE('',#5968,#5969);
#5968 = CARTESIAN_POINT('',(0.,2.12132034356));
#5969 = VECTOR('',#5970,1.);
#5970 = DIRECTION('',(1.,0.));
#5971 = ( GEOMETRIC_REPRESENTATION_CONTEXT(2) 
PARAMETRIC_REPRESENTATION_CONTEXT() REPRESENTATION_CONTEXT('2D SPACE',''
  ) );
#5972 = ADVANCED_FACE('52@1_50_4',(#5973),#2481,.F.);
#5973 = FACE_BOUND('',#5974,.F.);
#5974 = EDGE_LOOP('52@',(#5975,#5976,#5977,#6000,#6028));
#5975 = ORIENTED_EDGE('',*,*,#2465,.T.);
#5976 = ORIENTED_EDGE('',*,*,#5927,.T.);
#5977 = ORIENTED_EDGE('',*,*,#5978,.F.);
#5978 = EDGE_CURVE('52@1_228_6',#5979,#5928,#5981,.T.);
#5979 = VERTEX_POINT('52@1_174_7',#5980);
#5980 = CARTESIAN_POINT('',(-46.49572128,0.,24.00427316));
#5981 = SURFACE_CURVE('',#5982,(#5986,#5993),.PCURVE_S1.);
#5982 = LINE('',#5983,#5984);
#5983 = CARTESIAN_POINT('',(-40.62499564,0.,29.8749988));
#5984 = VECTOR('',#5985,1.);
#5985 = DIRECTION('',(-0.707106781187,0.,-0.707106781187));
#5986 = PCURVE('',#2481,#5987);
#5987 = DEFINITIONAL_REPRESENTATION('',(#5988),#5992);
#5988 = LINE('',#5989,#5990);
#5989 = CARTESIAN_POINT('',(-40.62499564,-29.8749988));
#5990 = VECTOR('',#5991,1.);
#5991 = DIRECTION('',(-0.707106781187,0.707106781187));
#5992 = ( GEOMETRIC_REPRESENTATION_CONTEXT(2) 
PARAMETRIC_REPRESENTATION_CONTEXT() REPRESENTATION_CONTEXT('2D SPACE',''
  ) );
#5993 = PCURVE('',#3785,#5994);
#5994 = DEFINITIONAL_REPRESENTATION('',(#5995),#5999);
#5995 = LINE('',#5996,#5997);
#5996 = CARTESIAN_POINT('',(0.,-7.601395663298));
#5997 = VECTOR('',#5998,1.);
#5998 = DIRECTION('',(0.,1.));
#5999 = ( GEOMETRIC_REPRESENTATION_CONTEXT(2) 
PARAMETRIC_REPRESENTATION_CONTEXT() REPRESENTATION_CONTEXT('2D SPACE',''
  ) );
#6000 = ORIENTED_EDGE('',*,*,#6001,.T.);
#6001 = EDGE_CURVE('52@1_227_6',#5979,#6002,#6004,.T.);
#6002 = VERTEX_POINT('52@1_173_7',#6003);
#6003 = CARTESIAN_POINT('',(-46.49572128,0.,-24.));
#6004 = SURFACE_CURVE('',#6005,(#6009,#6016),.PCURVE_S1.);
#6005 = LINE('',#6006,#6007);
#6006 = CARTESIAN_POINT('',(-46.49572128,0.,26.05859406));
#6007 = VECTOR('',#6008,1.);
#6008 = DIRECTION('',(0.,0.,-1.));
#6009 = PCURVE('',#2481,#6010);
#6010 = DEFINITIONAL_REPRESENTATION('',(#6011),#6015);
#6011 = LINE('',#6012,#6013);
#6012 = CARTESIAN_POINT('',(-46.49572128,-26.05859406));
#6013 = VECTOR('',#6014,1.);
#6014 = DIRECTION('',(0.,1.));
#6015 = ( GEOMETRIC_REPRESENTATION_CONTEXT(2) 
PARAMETRIC_REPRESENTATION_CONTEXT() REPRESENTATION_CONTEXT('2D SPACE',''
  ) );
#6016 = PCURVE('',#6017,#6022);
#6017 = PLANE('',#6018);
#6018 = AXIS2_PLACEMENT_3D('',#6019,#6020,#6021);
#6019 = CARTESIAN_POINT('',(-46.49572128,0.,26.05859406));
#6020 = DIRECTION('',(-1.,0.,0.));
#6021 = DIRECTION('',(0.,0.,-1.));
#6022 = DEFINITIONAL_REPRESENTATION('',(#6023),#6027);
#6023 = LINE('',#6024,#6025);
#6024 = CARTESIAN_POINT('',(0.,-0.));
#6025 = VECTOR('',#6026,1.);
#6026 = DIRECTION('',(1.,0.));
#6027 = ( GEOMETRIC_REPRESENTATION_CONTEXT(2) 
PARAMETRIC_REPRESENTATION_CONTEXT() REPRESENTATION_CONTEXT('2D SPACE',''
  ) );
#6028 = ORIENTED_EDGE('',*,*,#6029,.F.);
#6029 = EDGE_CURVE('52@1_226_6',#2438,#6002,#6030,.T.);
#6030 = SURFACE_CURVE('',#6031,(#6035,#6042),.PCURVE_S1.);
#6031 = LINE('',#6032,#6033);
#6032 = CARTESIAN_POINT('',(-46.60854381,0.,-24.));
#6033 = VECTOR('',#6034,1.);
#6034 = DIRECTION('',(1.,0.,-0.));
#6035 = PCURVE('',#2481,#6036);
#6036 = DEFINITIONAL_REPRESENTATION('',(#6037),#6041);
#6037 = LINE('',#6038,#6039);
#6038 = CARTESIAN_POINT('',(-46.60854381,24.));
#6039 = VECTOR('',#6040,1.);
#6040 = DIRECTION('',(1.,0.));
#6041 = ( GEOMETRIC_REPRESENTATION_CONTEXT(2) 
PARAMETRIC_REPRESENTATION_CONTEXT() REPRESENTATION_CONTEXT('2D SPACE',''
  ) );
#6042 = PCURVE('',#2453,#6043);
#6043 = DEFINITIONAL_REPRESENTATION('',(#6044),#6048);
#6044 = LINE('',#6045,#6046);
#6045 = CARTESIAN_POINT('',(0.,0.));
#6046 = VECTOR('',#6047,1.);
#6047 = DIRECTION('',(1.,0.));
#6048 = ( GEOMETRIC_REPRESENTATION_CONTEXT(2) 
PARAMETRIC_REPRESENTATION_CONTEXT() REPRESENTATION_CONTEXT('2D SPACE',''
  ) );
#6049 = ADVANCED_FACE('52@1_51_4',(#6050),#2453,.T.);
#6050 = FACE_BOUND('',#6051,.T.);
#6051 = EDGE_LOOP('52@',(#6052,#6053,#6054,#6077));
#6052 = ORIENTED_EDGE('',*,*,#6029,.F.);
#6053 = ORIENTED_EDGE('',*,*,#2437,.F.);
#6054 = ORIENTED_EDGE('',*,*,#6055,.T.);
#6055 = EDGE_CURVE('52@1_230_6',#2410,#6056,#6058,.T.);
#6056 = VERTEX_POINT('52@1_175_7',#6057);
#6057 = CARTESIAN_POINT('',(-46.49572128,3.,-24.));
#6058 = SURFACE_CURVE('',#6059,(#6063,#6070),.PCURVE_S1.);
#6059 = LINE('',#6060,#6061);
#6060 = CARTESIAN_POINT('',(-46.60854381,3.,-24.));
#6061 = VECTOR('',#6062,1.);
#6062 = DIRECTION('',(1.,0.,-0.));
#6063 = PCURVE('',#2453,#6064);
#6064 = DEFINITIONAL_REPRESENTATION('',(#6065),#6069);
#6065 = LINE('',#6066,#6067);
#6066 = CARTESIAN_POINT('',(0.,-3.));
#6067 = VECTOR('',#6068,1.);
#6068 = DIRECTION('',(1.,0.));
#6069 = ( GEOMETRIC_REPRESENTATION_CONTEXT(2) 
PARAMETRIC_REPRESENTATION_CONTEXT() REPRESENTATION_CONTEXT('2D SPACE',''
  ) );
#6070 = PCURVE('',#2425,#6071);
#6071 = DEFINITIONAL_REPRESENTATION('',(#6072),#6076);
#6072 = LINE('',#6073,#6074);
#6073 = CARTESIAN_POINT('',(46.60854381,24.));
#6074 = VECTOR('',#6075,1.);
#6075 = DIRECTION('',(-1.,0.));
#6076 = ( GEOMETRIC_REPRESENTATION_CONTEXT(2) 
PARAMETRIC_REPRESENTATION_CONTEXT() REPRESENTATION_CONTEXT('2D SPACE',''
  ) );
#6077 = ORIENTED_EDGE('',*,*,#6078,.F.);
#6078 = EDGE_CURVE('52@1_229_6',#6002,#6056,#6079,.T.);
#6079 = SURFACE_CURVE('',#6080,(#6084,#6091),.PCURVE_S1.);
#6080 = LINE('',#6081,#6082);
#6081 = CARTESIAN_POINT('',(-46.49572128,0.,-24.));
#6082 = VECTOR('',#6083,1.);
#6083 = DIRECTION('',(0.,1.,0.));
#6084 = PCURVE('',#2453,#6085);
#6085 = DEFINITIONAL_REPRESENTATION('',(#6086),#6090);
#6086 = LINE('',#6087,#6088);
#6087 = CARTESIAN_POINT('',(0.11282253,0.));
#6088 = VECTOR('',#6089,1.);
#6089 = DIRECTION('',(0.,-1.));
#6090 = ( GEOMETRIC_REPRESENTATION_CONTEXT(2) 
PARAMETRIC_REPRESENTATION_CONTEXT() REPRESENTATION_CONTEXT('2D SPACE',''
  ) );
#6091 = PCURVE('',#6017,#6092);
#6092 = DEFINITIONAL_REPRESENTATION('',(#6093),#6097);
#6093 = LINE('',#6094,#6095);
#6094 = CARTESIAN_POINT('',(50.05859406,0.));
#6095 = VECTOR('',#6096,1.);
#6096 = DIRECTION('',(0.,-1.));
#6097 = ( GEOMETRIC_REPRESENTATION_CONTEXT(2) 
PARAMETRIC_REPRESENTATION_CONTEXT() REPRESENTATION_CONTEXT('2D SPACE',''
  ) );
#6098 = ADVANCED_FACE('52@1_52_4',(#6099),#2425,.T.);
#6099 = FACE_BOUND('',#6100,.T.);
#6100 = EDGE_LOOP('52@',(#6101,#6102,#6130,#6153,#6176,#6199,#6227,#6250
    ,#6278,#6301,#6322,#6323));
#6101 = ORIENTED_EDGE('',*,*,#2625,.F.);
#6102 = ORIENTED_EDGE('',*,*,#6103,.T.);
#6103 = EDGE_CURVE('52@1_239_6',#2598,#6104,#6106,.T.);
#6104 = VERTEX_POINT('52@1_183_7',#6105);
#6105 = CARTESIAN_POINT('',(-41.46754456,3.,-24.));
#6106 = SURFACE_CURVE('',#6107,(#6111,#6118),.PCURVE_S1.);
#6107 = LINE('',#6108,#6109);
#6108 = CARTESIAN_POINT('',(-41.46754456,3.,-14.590488525));
#6109 = VECTOR('',#6110,1.);
#6110 = DIRECTION('',(-0.,0.,1.));
#6111 = PCURVE('',#2425,#6112);
#6112 = DEFINITIONAL_REPRESENTATION('',(#6113),#6117);
#6113 = LINE('',#6114,#6115);
#6114 = CARTESIAN_POINT('',(41.46754456,14.590488525));
#6115 = VECTOR('',#6116,1.);
#6116 = DIRECTION('',(0.,-1.));
#6117 = ( GEOMETRIC_REPRESENTATION_CONTEXT(2) 
PARAMETRIC_REPRESENTATION_CONTEXT() REPRESENTATION_CONTEXT('2D SPACE',''
  ) );
#6118 = PCURVE('',#6119,#6124);
#6119 = PLANE('',#6120);
#6120 = AXIS2_PLACEMENT_3D('',#6121,#6122,#6123);
#6121 = CARTESIAN_POINT('',(-41.46754456,0.,-29.18097705));
#6122 = DIRECTION('',(1.,-0.,0.));
#6123 = DIRECTION('',(-0.,0.,1.));
#6124 = DEFINITIONAL_REPRESENTATION('',(#6125),#6129);
#6125 = LINE('',#6126,#6127);
#6126 = CARTESIAN_POINT('',(14.590488525,-3.));
#6127 = VECTOR('',#6128,1.);
#6128 = DIRECTION('',(1.,0.));
#6129 = ( GEOMETRIC_REPRESENTATION_CONTEXT(2) 
PARAMETRIC_REPRESENTATION_CONTEXT() REPRESENTATION_CONTEXT('2D SPACE',''
  ) );
#6130 = ORIENTED_EDGE('',*,*,#6131,.F.);
#6131 = EDGE_CURVE('52@1_238_6',#6132,#6104,#6134,.T.);
#6132 = VERTEX_POINT('52@1_182_7',#6133);
#6133 = CARTESIAN_POINT('',(-45.5,3.,-24.));
#6134 = SURFACE_CURVE('',#6135,(#6139,#6146),.PCURVE_S1.);
#6135 = LINE('',#6136,#6137);
#6136 = CARTESIAN_POINT('',(-46.60854381,3.,-24.));
#6137 = VECTOR('',#6138,1.);
#6138 = DIRECTION('',(1.,0.,-0.));
#6139 = PCURVE('',#2425,#6140);
#6140 = DEFINITIONAL_REPRESENTATION('',(#6141),#6145);
#6141 = LINE('',#6142,#6143);
#6142 = CARTESIAN_POINT('',(46.60854381,24.));
#6143 = VECTOR('',#6144,1.);
#6144 = DIRECTION('',(-1.,0.));
#6145 = ( GEOMETRIC_REPRESENTATION_CONTEXT(2) 
PARAMETRIC_REPRESENTATION_CONTEXT() REPRESENTATION_CONTEXT('2D SPACE',''
  ) );
#6146 = PCURVE('',#4890,#6147);
#6147 = DEFINITIONAL_REPRESENTATION('',(#6148),#6152);
#6148 = LINE('',#6149,#6150);
#6149 = CARTESIAN_POINT('',(92.10854381,-3.));
#6150 = VECTOR('',#6151,1.);
#6151 = DIRECTION('',(-1.,-0.));
#6152 = ( GEOMETRIC_REPRESENTATION_CONTEXT(2) 
PARAMETRIC_REPRESENTATION_CONTEXT() REPRESENTATION_CONTEXT('2D SPACE',''
  ) );
#6153 = ORIENTED_EDGE('',*,*,#6154,.T.);
#6154 = EDGE_CURVE('52@1_237_6',#6132,#6155,#6157,.T.);
#6155 = VERTEX_POINT('52@1_181_7',#6156);
#6156 = CARTESIAN_POINT('',(-45.5,3.,24.));
#6157 = SURFACE_CURVE('',#6158,(#6162,#6169),.PCURVE_S1.);
#6158 = LINE('',#6159,#6160);
#6159 = CARTESIAN_POINT('',(-45.5,3.,-24.));
#6160 = VECTOR('',#6161,1.);
#6161 = DIRECTION('',(-0.,0.,1.));
#6162 = PCURVE('',#2425,#6163);
#6163 = DEFINITIONAL_REPRESENTATION('',(#6164),#6168);
#6164 = LINE('',#6165,#6166);
#6165 = CARTESIAN_POINT('',(45.5,24.));
#6166 = VECTOR('',#6167,1.);
#6167 = DIRECTION('',(0.,-1.));
#6168 = ( GEOMETRIC_REPRESENTATION_CONTEXT(2) 
PARAMETRIC_REPRESENTATION_CONTEXT() REPRESENTATION_CONTEXT('2D SPACE',''
  ) );
#6169 = PCURVE('',#4918,#6170);
#6170 = DEFINITIONAL_REPRESENTATION('',(#6171),#6175);
#6171 = LINE('',#6172,#6173);
#6172 = CARTESIAN_POINT('',(0.,-3.));
#6173 = VECTOR('',#6174,1.);
#6174 = DIRECTION('',(1.,0.));
#6175 = ( GEOMETRIC_REPRESENTATION_CONTEXT(2) 
PARAMETRIC_REPRESENTATION_CONTEXT() REPRESENTATION_CONTEXT('2D SPACE',''
  ) );
#6176 = ORIENTED_EDGE('',*,*,#6177,.F.);
#6177 = EDGE_CURVE('52@1_236_6',#6178,#6155,#6180,.T.);
#6178 = VERTEX_POINT('52@1_180_7',#6179);
#6179 = CARTESIAN_POINT('',(-41.50940246,3.,24.));
#6180 = SURFACE_CURVE('',#6181,(#6185,#6192),.PCURVE_S1.);
#6181 = LINE('',#6182,#6183);
#6182 = CARTESIAN_POINT('',(46.81750035,3.,24.));
#6183 = VECTOR('',#6184,1.);
#6184 = DIRECTION('',(-1.,0.,0.));
#6185 = PCURVE('',#2425,#6186);
#6186 = DEFINITIONAL_REPRESENTATION('',(#6187),#6191);
#6187 = LINE('',#6188,#6189);
#6188 = CARTESIAN_POINT('',(-46.81750035,-24.));
#6189 = VECTOR('',#6190,1.);
#6190 = DIRECTION('',(1.,0.));
#6191 = ( GEOMETRIC_REPRESENTATION_CONTEXT(2) 
PARAMETRIC_REPRESENTATION_CONTEXT() REPRESENTATION_CONTEXT('2D SPACE',''
  ) );
#6192 = PCURVE('',#5160,#6193);
#6193 = DEFINITIONAL_REPRESENTATION('',(#6194),#6198);
#6194 = LINE('',#6195,#6196);
#6195 = CARTESIAN_POINT('',(92.31750035,-3.));
#6196 = VECTOR('',#6197,1.);
#6197 = DIRECTION('',(-1.,0.));
#6198 = ( GEOMETRIC_REPRESENTATION_CONTEXT(2) 
PARAMETRIC_REPRESENTATION_CONTEXT() REPRESENTATION_CONTEXT('2D SPACE',''
  ) );
#6199 = ORIENTED_EDGE('',*,*,#6200,.F.);
#6200 = EDGE_CURVE('52@1_235_6',#6201,#6178,#6203,.T.);
#6201 = VERTEX_POINT('52@1_179_7',#6202);
#6202 = CARTESIAN_POINT('',(-41.50940246,3.,24.9953677));
#6203 = SURFACE_CURVE('',#6204,(#6208,#6215),.PCURVE_S1.);
#6204 = LINE('',#6205,#6206);
#6205 = CARTESIAN_POINT('',(-41.50940246,3.,13.00000019));
#6206 = VECTOR('',#6207,1.);
#6207 = DIRECTION('',(0.,0.,-1.));
#6208 = PCURVE('',#2425,#6209);
#6209 = DEFINITIONAL_REPRESENTATION('',(#6210),#6214);
#6210 = LINE('',#6211,#6212);
#6211 = CARTESIAN_POINT('',(41.50940246,-13.00000019));
#6212 = VECTOR('',#6213,1.);
#6213 = DIRECTION('',(0.,1.));
#6214 = ( GEOMETRIC_REPRESENTATION_CONTEXT(2) 
PARAMETRIC_REPRESENTATION_CONTEXT() REPRESENTATION_CONTEXT('2D SPACE',''
  ) );
#6215 = PCURVE('',#6216,#6221);
#6216 = PLANE('',#6217);
#6217 = AXIS2_PLACEMENT_3D('',#6218,#6219,#6220);
#6218 = CARTESIAN_POINT('',(-41.50940246,0.,26.00000038));
#6219 = DIRECTION('',(-1.,0.,0.));
#6220 = DIRECTION('',(0.,0.,-1.));
#6221 = DEFINITIONAL_REPRESENTATION('',(#6222),#6226);
#6222 = LINE('',#6223,#6224);
#6223 = CARTESIAN_POINT('',(13.00000019,-3.));
#6224 = VECTOR('',#6225,1.);
#6225 = DIRECTION('',(1.,0.));
#6226 = ( GEOMETRIC_REPRESENTATION_CONTEXT(2) 
PARAMETRIC_REPRESENTATION_CONTEXT() REPRESENTATION_CONTEXT('2D SPACE',''
  ) );
#6227 = ORIENTED_EDGE('',*,*,#6228,.F.);
#6228 = EDGE_CURVE('52@1_234_6',#6229,#6201,#6231,.T.);
#6229 = VERTEX_POINT('52@1_178_7',#6230);
#6230 = CARTESIAN_POINT('',(-45.5,3.,24.9953677));
#6231 = SURFACE_CURVE('',#6232,(#6236,#6243),.PCURVE_S1.);
#6232 = LINE('',#6233,#6234);
#6233 = CARTESIAN_POINT('',(-45.5,3.,24.9953677));
#6234 = VECTOR('',#6235,1.);
#6235 = DIRECTION('',(1.,0.,-0.));
#6236 = PCURVE('',#2425,#6237);
#6237 = DEFINITIONAL_REPRESENTATION('',(#6238),#6242);
#6238 = LINE('',#6239,#6240);
#6239 = CARTESIAN_POINT('',(45.5,-24.9953677));
#6240 = VECTOR('',#6241,1.);
#6241 = DIRECTION('',(-1.,0.));
#6242 = ( GEOMETRIC_REPRESENTATION_CONTEXT(2) 
PARAMETRIC_REPRESENTATION_CONTEXT() REPRESENTATION_CONTEXT('2D SPACE',''
  ) );
#6243 = PCURVE('',#4115,#6244);
#6244 = DEFINITIONAL_REPRESENTATION('',(#6245),#6249);
#6245 = LINE('',#6246,#6247);
#6246 = CARTESIAN_POINT('',(0.,-3.));
#6247 = VECTOR('',#6248,1.);
#6248 = DIRECTION('',(1.,0.));
#6249 = ( GEOMETRIC_REPRESENTATION_CONTEXT(2) 
PARAMETRIC_REPRESENTATION_CONTEXT() REPRESENTATION_CONTEXT('2D SPACE',''
  ) );
#6250 = ORIENTED_EDGE('',*,*,#6251,.T.);
#6251 = EDGE_CURVE('52@1_233_6',#6229,#6252,#6254,.T.);
#6252 = VERTEX_POINT('52@1_177_7',#6253);
#6253 = CARTESIAN_POINT('',(-45.5,3.,24.99999444));
#6254 = SURFACE_CURVE('',#6255,(#6259,#6266),.PCURVE_S1.);
#6255 = LINE('',#6256,#6257);
#6256 = CARTESIAN_POINT('',(-45.5,3.,-24.));
#6257 = VECTOR('',#6258,1.);
#6258 = DIRECTION('',(-0.,0.,1.));
#6259 = PCURVE('',#2425,#6260);
#6260 = DEFINITIONAL_REPRESENTATION('',(#6261),#6265);
#6261 = LINE('',#6262,#6263);
#6262 = CARTESIAN_POINT('',(45.5,24.));
#6263 = VECTOR('',#6264,1.);
#6264 = DIRECTION('',(0.,-1.));
#6265 = ( GEOMETRIC_REPRESENTATION_CONTEXT(2) 
PARAMETRIC_REPRESENTATION_CONTEXT() REPRESENTATION_CONTEXT('2D SPACE',''
  ) );
#6266 = PCURVE('',#6267,#6272);
#6267 = PLANE('',#6268);
#6268 = AXIS2_PLACEMENT_3D('',#6269,#6270,#6271);
#6269 = CARTESIAN_POINT('',(-45.5,0.,24.9953677));
#6270 = DIRECTION('',(1.,-0.,0.));
#6271 = DIRECTION('',(-0.,0.,1.));
#6272 = DEFINITIONAL_REPRESENTATION('',(#6273),#6277);
#6273 = LINE('',#6274,#6275);
#6274 = CARTESIAN_POINT('',(-48.9953677,-3.));
#6275 = VECTOR('',#6276,1.);
#6276 = DIRECTION('',(1.,0.));
#6277 = ( GEOMETRIC_REPRESENTATION_CONTEXT(2) 
PARAMETRIC_REPRESENTATION_CONTEXT() REPRESENTATION_CONTEXT('2D SPACE',''
  ) );
#6278 = ORIENTED_EDGE('',*,*,#6279,.F.);
#6279 = EDGE_CURVE('52@1_232_6',#6280,#6252,#6282,.T.);
#6280 = VERTEX_POINT('52@1_176_7',#6281);
#6281 = CARTESIAN_POINT('',(-46.49572128,3.,24.00427316));
#6282 = SURFACE_CURVE('',#6283,(#6287,#6294),.PCURVE_S1.);
#6283 = LINE('',#6284,#6285);
#6284 = CARTESIAN_POINT('',(-40.62499564,3.,29.8749988));
#6285 = VECTOR('',#6286,1.);
#6286 = DIRECTION('',(0.707106781187,-0.,0.707106781187));
#6287 = PCURVE('',#2425,#6288);
#6288 = DEFINITIONAL_REPRESENTATION('',(#6289),#6293);
#6289 = LINE('',#6290,#6291);
#6290 = CARTESIAN_POINT('',(40.62499564,-29.8749988));
#6291 = VECTOR('',#6292,1.);
#6292 = DIRECTION('',(-0.707106781187,-0.707106781187));
#6293 = ( GEOMETRIC_REPRESENTATION_CONTEXT(2) 
PARAMETRIC_REPRESENTATION_CONTEXT() REPRESENTATION_CONTEXT('2D SPACE',''
  ) );
#6294 = PCURVE('',#3785,#6295);
#6295 = DEFINITIONAL_REPRESENTATION('',(#6296),#6300);
#6296 = LINE('',#6297,#6298);
#6297 = CARTESIAN_POINT('',(3.,-7.601395663298));
#6298 = VECTOR('',#6299,1.);
#6299 = DIRECTION('',(0.,-1.));
#6300 = ( GEOMETRIC_REPRESENTATION_CONTEXT(2) 
PARAMETRIC_REPRESENTATION_CONTEXT() REPRESENTATION_CONTEXT('2D SPACE',''
  ) );
#6301 = ORIENTED_EDGE('',*,*,#6302,.T.);
#6302 = EDGE_CURVE('52@1_231_6',#6280,#6056,#6303,.T.);
#6303 = SURFACE_CURVE('',#6304,(#6308,#6315),.PCURVE_S1.);
#6304 = LINE('',#6305,#6306);
#6305 = CARTESIAN_POINT('',(-46.49572128,3.,26.05859406));
#6306 = VECTOR('',#6307,1.);
#6307 = DIRECTION('',(0.,0.,-1.));
#6308 = PCURVE('',#2425,#6309);
#6309 = DEFINITIONAL_REPRESENTATION('',(#6310),#6314);
#6310 = LINE('',#6311,#6312);
#6311 = CARTESIAN_POINT('',(46.49572128,-26.05859406));
#6312 = VECTOR('',#6313,1.);
#6313 = DIRECTION('',(0.,1.));
#6314 = ( GEOMETRIC_REPRESENTATION_CONTEXT(2) 
PARAMETRIC_REPRESENTATION_CONTEXT() REPRESENTATION_CONTEXT('2D SPACE',''
  ) );
#6315 = PCURVE('',#6017,#6316);
#6316 = DEFINITIONAL_REPRESENTATION('',(#6317),#6321);
#6317 = LINE('',#6318,#6319);
#6318 = CARTESIAN_POINT('',(0.,-3.));
#6319 = VECTOR('',#6320,1.);
#6320 = DIRECTION('',(1.,0.));
#6321 = ( GEOMETRIC_REPRESENTATION_CONTEXT(2) 
PARAMETRIC_REPRESENTATION_CONTEXT() REPRESENTATION_CONTEXT('2D SPACE',''
  ) );
#6322 = ORIENTED_EDGE('',*,*,#6055,.F.);
#6323 = ORIENTED_EDGE('',*,*,#2409,.F.);
#6324 = ADVANCED_FACE('52@1_53_4',(#6325),#2585,.T.);
#6325 = FACE_BOUND('',#6326,.T.);
#6326 = EDGE_LOOP('52@',(#6327,#6328,#6329,#6352));
#6327 = ORIENTED_EDGE('',*,*,#2569,.F.);
#6328 = ORIENTED_EDGE('',*,*,#3994,.T.);
#6329 = ORIENTED_EDGE('',*,*,#6330,.F.);
#6330 = EDGE_CURVE('52@1_241_6',#6331,#3967,#6333,.T.);
#6331 = VERTEX_POINT('52@1_184_7',#6332);
#6332 = CARTESIAN_POINT('',(-16.18272407,3.,-24.));
#6333 = SURFACE_CURVE('',#6334,(#6338,#6345),.PCURVE_S1.);
#6334 = LINE('',#6335,#6336);
#6335 = CARTESIAN_POINT('',(-46.60854381,3.,-24.));
#6336 = VECTOR('',#6337,1.);
#6337 = DIRECTION('',(1.,0.,-0.));
#6338 = PCURVE('',#2585,#6339);
#6339 = DEFINITIONAL_REPRESENTATION('',(#6340),#6344);
#6340 = LINE('',#6341,#6342);
#6341 = CARTESIAN_POINT('',(46.60854381,24.));
#6342 = VECTOR('',#6343,1.);
#6343 = DIRECTION('',(-1.,0.));
#6344 = ( GEOMETRIC_REPRESENTATION_CONTEXT(2) 
PARAMETRIC_REPRESENTATION_CONTEXT() REPRESENTATION_CONTEXT('2D SPACE',''
  ) );
#6345 = PCURVE('',#3982,#6346);
#6346 = DEFINITIONAL_REPRESENTATION('',(#6347),#6351);
#6347 = LINE('',#6348,#6349);
#6348 = CARTESIAN_POINT('',(92.10854381,-3.));
#6349 = VECTOR('',#6350,1.);
#6350 = DIRECTION('',(-1.,-0.));
#6351 = ( GEOMETRIC_REPRESENTATION_CONTEXT(2) 
PARAMETRIC_REPRESENTATION_CONTEXT() REPRESENTATION_CONTEXT('2D SPACE',''
  ) );
#6352 = ORIENTED_EDGE('',*,*,#6353,.T.);
#6353 = EDGE_CURVE('52@1_240_6',#6331,#2570,#6354,.T.);
#6354 = SURFACE_CURVE('',#6355,(#6359,#6366),.PCURVE_S1.);
#6355 = LINE('',#6356,#6357);
#6356 = CARTESIAN_POINT('',(-16.18272407,3.,-12.));
#6357 = VECTOR('',#6358,1.);
#6358 = DIRECTION('',(0.,0.,-1.));
#6359 = PCURVE('',#2585,#6360);
#6360 = DEFINITIONAL_REPRESENTATION('',(#6361),#6365);
#6361 = LINE('',#6362,#6363);
#6362 = CARTESIAN_POINT('',(16.18272407,12.));
#6363 = VECTOR('',#6364,1.);
#6364 = DIRECTION('',(0.,1.));
#6365 = ( GEOMETRIC_REPRESENTATION_CONTEXT(2) 
PARAMETRIC_REPRESENTATION_CONTEXT() REPRESENTATION_CONTEXT('2D SPACE',''
  ) );
#6366 = PCURVE('',#6367,#6372);
#6367 = PLANE('',#6368);
#6368 = AXIS2_PLACEMENT_3D('',#6369,#6370,#6371);
#6369 = CARTESIAN_POINT('',(-16.18272407,0.,-24.));
#6370 = DIRECTION('',(-1.,0.,0.));
#6371 = DIRECTION('',(0.,0.,-1.));
#6372 = DEFINITIONAL_REPRESENTATION('',(#6373),#6377);
#6373 = LINE('',#6374,#6375);
#6374 = CARTESIAN_POINT('',(-12.,-3.));
#6375 = VECTOR('',#6376,1.);
#6376 = DIRECTION('',(1.,0.));
#6377 = ( GEOMETRIC_REPRESENTATION_CONTEXT(2) 
PARAMETRIC_REPRESENTATION_CONTEXT() REPRESENTATION_CONTEXT('2D SPACE',''
  ) );
#6378 = ADVANCED_FACE('52@1_54_4',(#6379),#2613,.F.);
#6379 = FACE_BOUND('',#6380,.T.);
#6380 = EDGE_LOOP('52@',(#6381,#6404,#6432,#6453));
#6381 = ORIENTED_EDGE('',*,*,#6382,.T.);
#6382 = EDGE_CURVE('52@1_242_6',#2570,#6383,#6385,.T.);
#6383 = VERTEX_POINT('52@1_185_7',#6384);
#6384 = CARTESIAN_POINT('',(-16.18272407,3.,-25.99999962));
#6385 = SURFACE_CURVE('',#6386,(#6390,#6397),.PCURVE_S1.);
#6386 = LINE('',#6387,#6388);
#6387 = CARTESIAN_POINT('',(-16.18272407,3.,-25.00042731));
#6388 = VECTOR('',#6389,1.);
#6389 = DIRECTION('',(0.,0.,-1.));
#6390 = PCURVE('',#2613,#6391);
#6391 = DEFINITIONAL_REPRESENTATION('',(#6392),#6396);
#6392 = LINE('',#6393,#6394);
#6393 = CARTESIAN_POINT('',(16.18272407,25.00042731));
#6394 = VECTOR('',#6395,1.);
#6395 = DIRECTION('',(0.,1.));
#6396 = ( GEOMETRIC_REPRESENTATION_CONTEXT(2) 
PARAMETRIC_REPRESENTATION_CONTEXT() REPRESENTATION_CONTEXT('2D SPACE',''
  ) );
#6397 = PCURVE('',#6367,#6398);
#6398 = DEFINITIONAL_REPRESENTATION('',(#6399),#6403);
#6399 = LINE('',#6400,#6401);
#6400 = CARTESIAN_POINT('',(1.00042731,-3.));
#6401 = VECTOR('',#6402,1.);
#6402 = DIRECTION('',(1.,0.));
#6403 = ( GEOMETRIC_REPRESENTATION_CONTEXT(2) 
PARAMETRIC_REPRESENTATION_CONTEXT() REPRESENTATION_CONTEXT('2D SPACE',''
  ) );
#6404 = ORIENTED_EDGE('',*,*,#6405,.T.);
#6405 = EDGE_CURVE('52@1_243_6',#6383,#6406,#6408,.T.);
#6406 = VERTEX_POINT('52@1_186_7',#6407);
#6407 = CARTESIAN_POINT('',(-41.46754456,3.,-25.99999962));
#6408 = SURFACE_CURVE('',#6409,(#6413,#6420),.PCURVE_S1.);
#6409 = LINE('',#6410,#6411);
#6410 = CARTESIAN_POINT('',(-16.18272407,3.,-25.99999962));
#6411 = VECTOR('',#6412,1.);
#6412 = DIRECTION('',(-1.,0.,0.));
#6413 = PCURVE('',#2613,#6414);
#6414 = DEFINITIONAL_REPRESENTATION('',(#6415),#6419);
#6415 = LINE('',#6416,#6417);
#6416 = CARTESIAN_POINT('',(16.18272407,25.99999962));
#6417 = VECTOR('',#6418,1.);
#6418 = DIRECTION('',(1.,0.));
#6419 = ( GEOMETRIC_REPRESENTATION_CONTEXT(2) 
PARAMETRIC_REPRESENTATION_CONTEXT() REPRESENTATION_CONTEXT('2D SPACE',''
  ) );
#6420 = PCURVE('',#6421,#6426);
#6421 = PLANE('',#6422);
#6422 = AXIS2_PLACEMENT_3D('',#6423,#6424,#6425);
#6423 = CARTESIAN_POINT('',(0.,0.,-25.99999962));
#6424 = DIRECTION('',(0.,-0.,-1.));
#6425 = DIRECTION('',(1.,-0.,0.));
#6426 = DEFINITIONAL_REPRESENTATION('',(#6427),#6431);
#6427 = LINE('',#6428,#6429);
#6428 = CARTESIAN_POINT('',(-16.18272407,-3.));
#6429 = VECTOR('',#6430,1.);
#6430 = DIRECTION('',(-1.,0.));
#6431 = ( GEOMETRIC_REPRESENTATION_CONTEXT(2) 
PARAMETRIC_REPRESENTATION_CONTEXT() REPRESENTATION_CONTEXT('2D SPACE',''
  ) );
#6432 = ORIENTED_EDGE('',*,*,#6433,.T.);
#6433 = EDGE_CURVE('52@1_244_6',#6406,#2598,#6434,.T.);
#6434 = SURFACE_CURVE('',#6435,(#6439,#6446),.PCURVE_S1.);
#6435 = LINE('',#6436,#6437);
#6436 = CARTESIAN_POINT('',(-41.46754456,3.,-25.99999962));
#6437 = VECTOR('',#6438,1.);
#6438 = DIRECTION('',(-0.,0.,1.));
#6439 = PCURVE('',#2613,#6440);
#6440 = DEFINITIONAL_REPRESENTATION('',(#6441),#6445);
#6441 = LINE('',#6442,#6443);
#6442 = CARTESIAN_POINT('',(41.46754456,25.99999962));
#6443 = VECTOR('',#6444,1.);
#6444 = DIRECTION('',(0.,-1.));
#6445 = ( GEOMETRIC_REPRESENTATION_CONTEXT(2) 
PARAMETRIC_REPRESENTATION_CONTEXT() REPRESENTATION_CONTEXT('2D SPACE',''
  ) );
#6446 = PCURVE('',#6119,#6447);
#6447 = DEFINITIONAL_REPRESENTATION('',(#6448),#6452);
#6448 = LINE('',#6449,#6450);
#6449 = CARTESIAN_POINT('',(3.18097743,-3.));
#6450 = VECTOR('',#6451,1.);
#6451 = DIRECTION('',(1.,0.));
#6452 = ( GEOMETRIC_REPRESENTATION_CONTEXT(2) 
PARAMETRIC_REPRESENTATION_CONTEXT() REPRESENTATION_CONTEXT('2D SPACE',''
  ) );
#6453 = ORIENTED_EDGE('',*,*,#2597,.T.);
#6454 = ADVANCED_FACE('52@1_55_4',(#6455),#2765,.F.);
#6455 = FACE_BOUND('',#6456,.F.);
#6456 = EDGE_LOOP('52@',(#6457,#6480,#6501,#6502));
#6457 = ORIENTED_EDGE('',*,*,#6458,.F.);
#6458 = EDGE_CURVE('52@1_245_6',#6459,#2750,#6461,.T.);
#6459 = VERTEX_POINT('52@1_187_7',#6460);
#6460 = CARTESIAN_POINT('',(47.50000594,0.,23.00000038));
#6461 = SURFACE_CURVE('',#6462,(#6466,#6473),.PCURVE_S1.);
#6462 = LINE('',#6463,#6464);
#6463 = CARTESIAN_POINT('',(47.50000594,0.,26.00000038));
#6464 = VECTOR('',#6465,1.);
#6465 = DIRECTION('',(0.,0.,-1.));
#6466 = PCURVE('',#2765,#6467);
#6467 = DEFINITIONAL_REPRESENTATION('',(#6468),#6472);
#6468 = LINE('',#6469,#6470);
#6469 = CARTESIAN_POINT('',(0.,-0.));
#6470 = VECTOR('',#6471,1.);
#6471 = DIRECTION('',(1.,0.));
#6472 = ( GEOMETRIC_REPRESENTATION_CONTEXT(2) 
PARAMETRIC_REPRESENTATION_CONTEXT() REPRESENTATION_CONTEXT('2D SPACE',''
  ) );
#6473 = PCURVE('',#2793,#6474);
#6474 = DEFINITIONAL_REPRESENTATION('',(#6475),#6479);
#6475 = LINE('',#6476,#6477);
#6476 = CARTESIAN_POINT('',(47.50000594,-26.00000038));
#6477 = VECTOR('',#6478,1.);
#6478 = DIRECTION('',(0.,1.));
#6479 = ( GEOMETRIC_REPRESENTATION_CONTEXT(2) 
PARAMETRIC_REPRESENTATION_CONTEXT() REPRESENTATION_CONTEXT('2D SPACE',''
  ) );
#6480 = ORIENTED_EDGE('',*,*,#6481,.T.);
#6481 = EDGE_CURVE('52@1_246_6',#6459,#2938,#6482,.T.);
#6482 = SURFACE_CURVE('',#6483,(#6487,#6494),.PCURVE_S1.);
#6483 = LINE('',#6484,#6485);
#6484 = CARTESIAN_POINT('',(47.50000594,0.,23.00000038));
#6485 = VECTOR('',#6486,1.);
#6486 = DIRECTION('',(0.,1.,0.));
#6487 = PCURVE('',#2765,#6488);
#6488 = DEFINITIONAL_REPRESENTATION('',(#6489),#6493);
#6489 = LINE('',#6490,#6491);
#6490 = CARTESIAN_POINT('',(3.,0.));
#6491 = VECTOR('',#6492,1.);
#6492 = DIRECTION('',(0.,-1.));
#6493 = ( GEOMETRIC_REPRESENTATION_CONTEXT(2) 
PARAMETRIC_REPRESENTATION_CONTEXT() REPRESENTATION_CONTEXT('2D SPACE',''
  ) );
#6494 = PCURVE('',#2955,#6495);
#6495 = DEFINITIONAL_REPRESENTATION('',(#6496),#6500);
#6496 = LINE('',#6497,#6498);
#6497 = CARTESIAN_POINT('',(0.,-2.12132034356));
#6498 = VECTOR('',#6499,1.);
#6499 = DIRECTION('',(1.,0.));
#6500 = ( GEOMETRIC_REPRESENTATION_CONTEXT(2) 
PARAMETRIC_REPRESENTATION_CONTEXT() REPRESENTATION_CONTEXT('2D SPACE',''
  ) );
#6501 = ORIENTED_EDGE('',*,*,#2991,.T.);
#6502 = ORIENTED_EDGE('',*,*,#2749,.T.);
#6503 = ADVANCED_FACE('52@1_56_4',(#6504),#2793,.F.);
#6504 = FACE_BOUND('',#6505,.F.);
#6505 = EDGE_LOOP('52@',(#6506,#6507,#6530,#6551));
#6506 = ORIENTED_EDGE('',*,*,#2777,.T.);
#6507 = ORIENTED_EDGE('',*,*,#6508,.T.);
#6508 = EDGE_CURVE('52@1_248_6',#2778,#6509,#6511,.T.);
#6509 = VERTEX_POINT('52@1_188_7',#6510);
#6510 = CARTESIAN_POINT('',(46.5053085,0.,23.99469782));
#6511 = SURFACE_CURVE('',#6512,(#6516,#6523),.PCURVE_S1.);
#6512 = LINE('',#6513,#6514);
#6513 = CARTESIAN_POINT('',(46.5053085,0.,-25.00042731));
#6514 = VECTOR('',#6515,1.);
#6515 = DIRECTION('',(-0.,0.,1.));
#6516 = PCURVE('',#2793,#6517);
#6517 = DEFINITIONAL_REPRESENTATION('',(#6518),#6522);
#6518 = LINE('',#6519,#6520);
#6519 = CARTESIAN_POINT('',(46.5053085,25.00042731));
#6520 = VECTOR('',#6521,1.);
#6521 = DIRECTION('',(0.,-1.));
#6522 = ( GEOMETRIC_REPRESENTATION_CONTEXT(2) 
PARAMETRIC_REPRESENTATION_CONTEXT() REPRESENTATION_CONTEXT('2D SPACE',''
  ) );
#6523 = PCURVE('',#2821,#6524);
#6524 = DEFINITIONAL_REPRESENTATION('',(#6525),#6529);
#6525 = LINE('',#6526,#6527);
#6526 = CARTESIAN_POINT('',(0.,0.));
#6527 = VECTOR('',#6528,1.);
#6528 = DIRECTION('',(1.,0.));
#6529 = ( GEOMETRIC_REPRESENTATION_CONTEXT(2) 
PARAMETRIC_REPRESENTATION_CONTEXT() REPRESENTATION_CONTEXT('2D SPACE',''
  ) );
#6530 = ORIENTED_EDGE('',*,*,#6531,.F.);
#6531 = EDGE_CURVE('52@1_247_6',#6459,#6509,#6532,.T.);
#6532 = SURFACE_CURVE('',#6533,(#6537,#6544),.PCURVE_S1.);
#6533 = LINE('',#6534,#6535);
#6534 = CARTESIAN_POINT('',(40.62500455,0.,29.87500177));
#6535 = VECTOR('',#6536,1.);
#6536 = DIRECTION('',(-0.707106781187,0.,0.707106781187));
#6537 = PCURVE('',#2793,#6538);
#6538 = DEFINITIONAL_REPRESENTATION('',(#6539),#6543);
#6539 = LINE('',#6540,#6541);
#6540 = CARTESIAN_POINT('',(40.62500455,-29.87500177));
#6541 = VECTOR('',#6542,1.);
#6542 = DIRECTION('',(-0.707106781187,-0.707106781187));
#6543 = ( GEOMETRIC_REPRESENTATION_CONTEXT(2) 
PARAMETRIC_REPRESENTATION_CONTEXT() REPRESENTATION_CONTEXT('2D SPACE',''
  ) );
#6544 = PCURVE('',#2955,#6545);
#6545 = DEFINITIONAL_REPRESENTATION('',(#6546),#6550);
#6546 = LINE('',#6547,#6548);
#6547 = CARTESIAN_POINT('',(0.,7.601399863512));
#6548 = VECTOR('',#6549,1.);
#6549 = DIRECTION('',(0.,1.));
#6550 = ( GEOMETRIC_REPRESENTATION_CONTEXT(2) 
PARAMETRIC_REPRESENTATION_CONTEXT() REPRESENTATION_CONTEXT('2D SPACE',''
  ) );
#6551 = ORIENTED_EDGE('',*,*,#6458,.T.);
#6552 = ADVANCED_FACE('52@1_57_4',(#6553),#2821,.F.);
#6553 = FACE_BOUND('',#6554,.F.);
#6554 = EDGE_LOOP('52@',(#6555,#6556,#6557,#6558));
#6555 = ORIENTED_EDGE('',*,*,#6508,.F.);
#6556 = ORIENTED_EDGE('',*,*,#2805,.F.);
#6557 = ORIENTED_EDGE('',*,*,#4053,.T.);
#6558 = ORIENTED_EDGE('',*,*,#6559,.F.);
#6559 = EDGE_CURVE('52@1_249_6',#6509,#4054,#6560,.T.);
#6560 = SURFACE_CURVE('',#6561,(#6565,#6572),.PCURVE_S1.);
#6561 = LINE('',#6562,#6563);
#6562 = CARTESIAN_POINT('',(46.5053085,0.,23.99469782));
#6563 = VECTOR('',#6564,1.);
#6564 = DIRECTION('',(0.,1.,-0.));
#6565 = PCURVE('',#2821,#6566);
#6566 = DEFINITIONAL_REPRESENTATION('',(#6567),#6571);
#6567 = LINE('',#6568,#6569);
#6568 = CARTESIAN_POINT('',(48.99512513,0.));
#6569 = VECTOR('',#6570,1.);
#6570 = DIRECTION('',(0.,-1.));
#6571 = ( GEOMETRIC_REPRESENTATION_CONTEXT(2) 
PARAMETRIC_REPRESENTATION_CONTEXT() REPRESENTATION_CONTEXT('2D SPACE',''
  ) );
#6572 = PCURVE('',#2955,#6573);
#6573 = DEFINITIONAL_REPRESENTATION('',(#6574),#6578);
#6574 = LINE('',#6575,#6576);
#6575 = CARTESIAN_POINT('',(0.,-0.714605733454));
#6576 = VECTOR('',#6577,1.);
#6577 = DIRECTION('',(1.,-0.));
#6578 = ( GEOMETRIC_REPRESENTATION_CONTEXT(2) 
PARAMETRIC_REPRESENTATION_CONTEXT() REPRESENTATION_CONTEXT('2D SPACE',''
  ) );
#6579 = ADVANCED_FACE('52@1_58_4',(#6580),#2955,.T.);
#6580 = FACE_BOUND('',#6581,.T.);
#6581 = EDGE_LOOP('52@',(#6582,#6605,#6628,#6649,#6650,#6651,#6652,#6653
    ,#6654));
#6582 = ORIENTED_EDGE('',*,*,#6583,.F.);
#6583 = EDGE_CURVE('52@1_250_6',#6584,#3017,#6586,.T.);
#6584 = VERTEX_POINT('52@1_189_7',#6585);
#6585 = CARTESIAN_POINT('',(44.50000594,0.,26.00000038));
#6586 = SURFACE_CURVE('',#6587,(#6591,#6598),.PCURVE_S1.);
#6587 = LINE('',#6588,#6589);
#6588 = CARTESIAN_POINT('',(44.50000594,0.,26.00000038));
#6589 = VECTOR('',#6590,1.);
#6590 = DIRECTION('',(0.,1.,0.));
#6591 = PCURVE('',#2955,#6592);
#6592 = DEFINITIONAL_REPRESENTATION('',(#6593),#6597);
#6593 = LINE('',#6594,#6595);
#6594 = CARTESIAN_POINT('',(0.,2.12132034356));
#6595 = VECTOR('',#6596,1.);
#6596 = DIRECTION('',(1.,0.));
#6597 = ( GEOMETRIC_REPRESENTATION_CONTEXT(2) 
PARAMETRIC_REPRESENTATION_CONTEXT() REPRESENTATION_CONTEXT('2D SPACE',''
  ) );
#6598 = PCURVE('',#3055,#6599);
#6599 = DEFINITIONAL_REPRESENTATION('',(#6600),#6604);
#6600 = LINE('',#6601,#6602);
#6601 = CARTESIAN_POINT('',(92.,0.));
#6602 = VECTOR('',#6603,1.);
#6603 = DIRECTION('',(0.,-1.));
#6604 = ( GEOMETRIC_REPRESENTATION_CONTEXT(2) 
PARAMETRIC_REPRESENTATION_CONTEXT() REPRESENTATION_CONTEXT('2D SPACE',''
  ) );
#6605 = ORIENTED_EDGE('',*,*,#6606,.F.);
#6606 = EDGE_CURVE('52@1_251_6',#6607,#6584,#6609,.T.);
#6607 = VERTEX_POINT('52@1_190_7',#6608);
#6608 = CARTESIAN_POINT('',(45.50463862,0.,24.9953677));
#6609 = SURFACE_CURVE('',#6610,(#6614,#6621),.PCURVE_S1.);
#6610 = LINE('',#6611,#6612);
#6611 = CARTESIAN_POINT('',(40.62500455,0.,29.87500177));
#6612 = VECTOR('',#6613,1.);
#6613 = DIRECTION('',(-0.707106781187,0.,0.707106781187));
#6614 = PCURVE('',#2955,#6615);
#6615 = DEFINITIONAL_REPRESENTATION('',(#6616),#6620);
#6616 = LINE('',#6617,#6618);
#6617 = CARTESIAN_POINT('',(0.,7.601399863512));
#6618 = VECTOR('',#6619,1.);
#6619 = DIRECTION('',(0.,1.));
#6620 = ( GEOMETRIC_REPRESENTATION_CONTEXT(2) 
PARAMETRIC_REPRESENTATION_CONTEXT() REPRESENTATION_CONTEXT('2D SPACE',''
  ) );
#6621 = PCURVE('',#3182,#6622);
#6622 = DEFINITIONAL_REPRESENTATION('',(#6623),#6627);
#6623 = LINE('',#6624,#6625);
#6624 = CARTESIAN_POINT('',(40.62500455,-29.87500177));
#6625 = VECTOR('',#6626,1.);
#6626 = DIRECTION('',(-0.707106781187,-0.707106781187));
#6627 = ( GEOMETRIC_REPRESENTATION_CONTEXT(2) 
PARAMETRIC_REPRESENTATION_CONTEXT() REPRESENTATION_CONTEXT('2D SPACE',''
  ) );
#6628 = ORIENTED_EDGE('',*,*,#6629,.T.);
#6629 = EDGE_CURVE('52@1_252_6',#6607,#4077,#6630,.T.);
#6630 = SURFACE_CURVE('',#6631,(#6635,#6642),.PCURVE_S1.);
#6631 = LINE('',#6632,#6633);
#6632 = CARTESIAN_POINT('',(45.50463862,0.,24.9953677));
#6633 = VECTOR('',#6634,1.);
#6634 = DIRECTION('',(-0.,1.,0.));
#6635 = PCURVE('',#2955,#6636);
#6636 = DEFINITIONAL_REPRESENTATION('',(#6637),#6641);
#6637 = LINE('',#6638,#6639);
#6638 = CARTESIAN_POINT('',(0.,0.7005551823));
#6639 = VECTOR('',#6640,1.);
#6640 = DIRECTION('',(1.,0.));
#6641 = ( GEOMETRIC_REPRESENTATION_CONTEXT(2) 
PARAMETRIC_REPRESENTATION_CONTEXT() REPRESENTATION_CONTEXT('2D SPACE',''
  ) );
#6642 = PCURVE('',#4115,#6643);
#6643 = DEFINITIONAL_REPRESENTATION('',(#6644),#6648);
#6644 = LINE('',#6645,#6646);
#6645 = CARTESIAN_POINT('',(91.00463862,0.));
#6646 = VECTOR('',#6647,1.);
#6647 = DIRECTION('',(0.,-1.));
#6648 = ( GEOMETRIC_REPRESENTATION_CONTEXT(2) 
PARAMETRIC_REPRESENTATION_CONTEXT() REPRESENTATION_CONTEXT('2D SPACE',''
  ) );
#6649 = ORIENTED_EDGE('',*,*,#4076,.T.);
#6650 = ORIENTED_EDGE('',*,*,#6559,.F.);
#6651 = ORIENTED_EDGE('',*,*,#6531,.F.);
#6652 = ORIENTED_EDGE('',*,*,#6481,.T.);
#6653 = ORIENTED_EDGE('',*,*,#2937,.T.);
#6654 = ORIENTED_EDGE('',*,*,#3016,.T.);
#6655 = ADVANCED_FACE('52@1_59_4',(#6656),#3055,.F.);
#6656 = FACE_BOUND('',#6657,.F.);
#6657 = EDGE_LOOP('52@',(#6658,#6659,#6660,#6661));
#6658 = ORIENTED_EDGE('',*,*,#3145,.T.);
#6659 = ORIENTED_EDGE('',*,*,#3039,.T.);
#6660 = ORIENTED_EDGE('',*,*,#6583,.F.);
#6661 = ORIENTED_EDGE('',*,*,#6662,.F.);
#6662 = EDGE_CURVE('52@1_253_6',#3146,#6584,#6663,.T.);
#6663 = SURFACE_CURVE('',#6664,(#6668,#6675),.PCURVE_S1.);
#6664 = LINE('',#6665,#6666);
#6665 = CARTESIAN_POINT('',(-47.49999406,0.,26.00000038));
#6666 = VECTOR('',#6667,1.);
#6667 = DIRECTION('',(1.,0.,0.));
#6668 = PCURVE('',#3055,#6669);
#6669 = DEFINITIONAL_REPRESENTATION('',(#6670),#6674);
#6670 = LINE('',#6671,#6672);
#6671 = CARTESIAN_POINT('',(0.,0.));
#6672 = VECTOR('',#6673,1.);
#6673 = DIRECTION('',(1.,0.));
#6674 = ( GEOMETRIC_REPRESENTATION_CONTEXT(2) 
PARAMETRIC_REPRESENTATION_CONTEXT() REPRESENTATION_CONTEXT('2D SPACE',''
  ) );
#6675 = PCURVE('',#3182,#6676);
#6676 = DEFINITIONAL_REPRESENTATION('',(#6677),#6681);
#6677 = LINE('',#6678,#6679);
#6678 = CARTESIAN_POINT('',(-47.49999406,-26.00000038));
#6679 = VECTOR('',#6680,1.);
#6680 = DIRECTION('',(1.,0.));
#6681 = ( GEOMETRIC_REPRESENTATION_CONTEXT(2) 
PARAMETRIC_REPRESENTATION_CONTEXT() REPRESENTATION_CONTEXT('2D SPACE',''
  ) );
#6682 = ADVANCED_FACE('52@1_60_4',(#6683),#3110,.F.);
#6683 = FACE_BOUND('',#6684,.T.);
#6684 = EDGE_LOOP('52@',(#6685,#6708,#6734,#6735));
#6685 = ORIENTED_EDGE('',*,*,#6686,.F.);
#6686 = EDGE_CURVE('52@1_254_6',#6687,#3312,#6689,.T.);
#6687 = VERTEX_POINT('52@1_191_7',#6688);
#6688 = CARTESIAN_POINT('',(39.21484584,1.8,28.00000038));
#6689 = SURFACE_CURVE('',#6690,(#6694,#6701),.PCURVE_S1.);
#6690 = LINE('',#6691,#6692);
#6691 = CARTESIAN_POINT('',(39.21484584,0.,28.00000038));
#6692 = VECTOR('',#6693,1.);
#6693 = DIRECTION('',(0.,1.,0.));
#6694 = PCURVE('',#3110,#6695);
#6695 = DEFINITIONAL_REPRESENTATION('',(#6696),#6700);
#6696 = LINE('',#6697,#6698);
#6697 = CARTESIAN_POINT('',(-0.,1.272792206136));
#6698 = VECTOR('',#6699,1.);
#6699 = DIRECTION('',(-1.,0.));
#6700 = ( GEOMETRIC_REPRESENTATION_CONTEXT(2) 
PARAMETRIC_REPRESENTATION_CONTEXT() REPRESENTATION_CONTEXT('2D SPACE',''
  ) );
#6701 = PCURVE('',#3271,#6702);
#6702 = DEFINITIONAL_REPRESENTATION('',(#6703),#6707);
#6703 = LINE('',#6704,#6705);
#6704 = CARTESIAN_POINT('',(-39.21484584,0.));
#6705 = VECTOR('',#6706,1.);
#6706 = DIRECTION('',(0.,-1.));
#6707 = ( GEOMETRIC_REPRESENTATION_CONTEXT(2) 
PARAMETRIC_REPRESENTATION_CONTEXT() REPRESENTATION_CONTEXT('2D SPACE',''
  ) );
#6708 = ORIENTED_EDGE('',*,*,#6709,.F.);
#6709 = EDGE_CURVE('52@1_255_6',#3093,#6687,#6710,.T.);
#6710 = SURFACE_CURVE('',#6711,(#6715,#6722),.PCURVE_S1.);
#6711 = LINE('',#6712,#6713);
#6712 = CARTESIAN_POINT('',(35.934709786667,5.080136053333,
    31.280136433333));
#6713 = VECTOR('',#6714,1.);
#6714 = DIRECTION('',(-0.57735026919,0.57735026919,0.57735026919));
#6715 = PCURVE('',#3110,#6716);
#6716 = DEFINITIONAL_REPRESENTATION('',(#6717),#6721);
#6717 = LINE('',#6718,#6719);
#6718 = CARTESIAN_POINT('',(-5.080136053333,5.911605099189));
#6719 = VECTOR('',#6720,1.);
#6720 = DIRECTION('',(-0.57735026919,0.816496580928));
#6721 = ( GEOMETRIC_REPRESENTATION_CONTEXT(2) 
PARAMETRIC_REPRESENTATION_CONTEXT() REPRESENTATION_CONTEXT('2D SPACE',''
  ) );
#6722 = PCURVE('',#6723,#6728);
#6723 = PLANE('',#6724);
#6724 = AXIS2_PLACEMENT_3D('',#6725,#6726,#6727);
#6725 = CARTESIAN_POINT('',(14.13402952,0.9,27.10000038));
#6726 = DIRECTION('',(0.,0.707106781187,-0.707106781187));
#6727 = DIRECTION('',(-1.,0.,-0.));
#6728 = DEFINITIONAL_REPRESENTATION('',(#6729),#6733);
#6729 = LINE('',#6730,#6731);
#6730 = CARTESIAN_POINT('',(-21.80068026666,5.911605099189));
#6731 = VECTOR('',#6732,1.);
#6732 = DIRECTION('',(0.57735026919,0.816496580928));
#6733 = ( GEOMETRIC_REPRESENTATION_CONTEXT(2) 
PARAMETRIC_REPRESENTATION_CONTEXT() REPRESENTATION_CONTEXT('2D SPACE',''
  ) );
#6734 = ORIENTED_EDGE('',*,*,#3092,.T.);
#6735 = ORIENTED_EDGE('',*,*,#3334,.T.);
#6736 = ADVANCED_FACE('52@1_61_4',(#6737),#3182,.F.);
#6737 = FACE_BOUND('',#6738,.F.);
#6738 = EDGE_LOOP('52@',(#6739,#6769,#6790,#6791,#6814,#6835,#6836,#6837
    ,#6838,#6861,#6884,#6905,#6906));
#6739 = ORIENTED_EDGE('',*,*,#6740,.T.);
#6740 = EDGE_CURVE('52@1_256_6',#6741,#6743,#6745,.T.);
#6741 = VERTEX_POINT('52@1_192_7',#6742);
#6742 = CARTESIAN_POINT('',(-43.51716824,1.7763568394E-15,26.20000038));
#6743 = VERTEX_POINT('52@1_193_7',#6744);
#6744 = CARTESIAN_POINT('',(-14.02496164,1.7763568394E-15,26.20000038));
#6745 = SURFACE_CURVE('',#6746,(#6750,#6757),.PCURVE_S1.);
#6746 = LINE('',#6747,#6748);
#6747 = CARTESIAN_POINT('',(-41.71716824,0.,26.20000038));
#6748 = VECTOR('',#6749,1.);
#6749 = DIRECTION('',(1.,-0.,-0.));
#6750 = PCURVE('',#3182,#6751);
#6751 = DEFINITIONAL_REPRESENTATION('',(#6752),#6756);
#6752 = LINE('',#6753,#6754);
#6753 = CARTESIAN_POINT('',(-41.71716824,-26.20000038));
#6754 = VECTOR('',#6755,1.);
#6755 = DIRECTION('',(1.,0.));
#6756 = ( GEOMETRIC_REPRESENTATION_CONTEXT(2) 
PARAMETRIC_REPRESENTATION_CONTEXT() REPRESENTATION_CONTEXT('2D SPACE',''
  ) );
#6757 = PCURVE('',#6758,#6763);
#6758 = PLANE('',#6759);
#6759 = AXIS2_PLACEMENT_3D('',#6760,#6761,#6762);
#6760 = CARTESIAN_POINT('',(-41.71716824,0.9,27.10000038));
#6761 = DIRECTION('',(0.,0.707106781187,-0.707106781187));
#6762 = DIRECTION('',(-1.,0.,-0.));
#6763 = DEFINITIONAL_REPRESENTATION('',(#6764),#6768);
#6764 = LINE('',#6765,#6766);
#6765 = CARTESIAN_POINT('',(-0.,-1.272792206136));
#6766 = VECTOR('',#6767,1.);
#6767 = DIRECTION('',(-1.,0.));
#6768 = ( GEOMETRIC_REPRESENTATION_CONTEXT(2) 
PARAMETRIC_REPRESENTATION_CONTEXT() REPRESENTATION_CONTEXT('2D SPACE',''
  ) );
#6769 = ORIENTED_EDGE('',*,*,#6770,.F.);
#6770 = EDGE_CURVE('52@1_257_6',#3359,#6743,#6771,.T.);
#6771 = SURFACE_CURVE('',#6772,(#6776,#6783),.PCURVE_S1.);
#6772 = LINE('',#6773,#6774);
#6773 = CARTESIAN_POINT('',(-14.02496164,0.,26.00000038));
#6774 = VECTOR('',#6775,1.);
#6775 = DIRECTION('',(-0.,-0.,1.));
#6776 = PCURVE('',#3182,#6777);
#6777 = DEFINITIONAL_REPRESENTATION('',(#6778),#6782);
#6778 = LINE('',#6779,#6780);
#6779 = CARTESIAN_POINT('',(-14.02496164,-26.00000038));
#6780 = VECTOR('',#6781,1.);
#6781 = DIRECTION('',(0.,-1.));
#6782 = ( GEOMETRIC_REPRESENTATION_CONTEXT(2) 
PARAMETRIC_REPRESENTATION_CONTEXT() REPRESENTATION_CONTEXT('2D SPACE',''
  ) );
#6783 = PCURVE('',#3374,#6784);
#6784 = DEFINITIONAL_REPRESENTATION('',(#6785),#6789);
#6785 = LINE('',#6786,#6787);
#6786 = CARTESIAN_POINT('',(0.,0.));
#6787 = VECTOR('',#6788,1.);
#6788 = DIRECTION('',(0.,-1.));
#6789 = ( GEOMETRIC_REPRESENTATION_CONTEXT(2) 
PARAMETRIC_REPRESENTATION_CONTEXT() REPRESENTATION_CONTEXT('2D SPACE',''
  ) );
#6790 = ORIENTED_EDGE('',*,*,#3410,.T.);
#6791 = ORIENTED_EDGE('',*,*,#6792,.T.);
#6792 = EDGE_CURVE('52@1_258_6',#3388,#6793,#6795,.T.);
#6793 = VERTEX_POINT('52@1_194_7',#6794);
#6794 = CARTESIAN_POINT('',(12.33402952,1.887379141863E-15,26.20000038)
  );
#6795 = SURFACE_CURVE('',#6796,(#6800,#6807),.PCURVE_S1.);
#6796 = LINE('',#6797,#6798);
#6797 = CARTESIAN_POINT('',(12.33402952,0.,26.00000038));
#6798 = VECTOR('',#6799,1.);
#6799 = DIRECTION('',(-0.,-0.,1.));
#6800 = PCURVE('',#3182,#6801);
#6801 = DEFINITIONAL_REPRESENTATION('',(#6802),#6806);
#6802 = LINE('',#6803,#6804);
#6803 = CARTESIAN_POINT('',(12.33402952,-26.00000038));
#6804 = VECTOR('',#6805,1.);
#6805 = DIRECTION('',(0.,-1.));
#6806 = ( GEOMETRIC_REPRESENTATION_CONTEXT(2) 
PARAMETRIC_REPRESENTATION_CONTEXT() REPRESENTATION_CONTEXT('2D SPACE',''
  ) );
#6807 = PCURVE('',#3215,#6808);
#6808 = DEFINITIONAL_REPRESENTATION('',(#6809),#6813);
#6809 = LINE('',#6810,#6811);
#6810 = CARTESIAN_POINT('',(17.5,0.));
#6811 = VECTOR('',#6812,1.);
#6812 = DIRECTION('',(0.,-1.));
#6813 = ( GEOMETRIC_REPRESENTATION_CONTEXT(2) 
PARAMETRIC_REPRESENTATION_CONTEXT() REPRESENTATION_CONTEXT('2D SPACE',''
  ) );
#6814 = ORIENTED_EDGE('',*,*,#6815,.T.);
#6815 = EDGE_CURVE('52@1_259_6',#6793,#3093,#6816,.T.);
#6816 = SURFACE_CURVE('',#6817,(#6821,#6828),.PCURVE_S1.);
#6817 = LINE('',#6818,#6819);
#6818 = CARTESIAN_POINT('',(14.13402952,0.,26.20000038));
#6819 = VECTOR('',#6820,1.);
#6820 = DIRECTION('',(1.,-0.,-0.));
#6821 = PCURVE('',#3182,#6822);
#6822 = DEFINITIONAL_REPRESENTATION('',(#6823),#6827);
#6823 = LINE('',#6824,#6825);
#6824 = CARTESIAN_POINT('',(14.13402952,-26.20000038));
#6825 = VECTOR('',#6826,1.);
#6826 = DIRECTION('',(1.,0.));
#6827 = ( GEOMETRIC_REPRESENTATION_CONTEXT(2) 
PARAMETRIC_REPRESENTATION_CONTEXT() REPRESENTATION_CONTEXT('2D SPACE',''
  ) );
#6828 = PCURVE('',#6723,#6829);
#6829 = DEFINITIONAL_REPRESENTATION('',(#6830),#6834);
#6830 = LINE('',#6831,#6832);
#6831 = CARTESIAN_POINT('',(-0.,-1.272792206136));
#6832 = VECTOR('',#6833,1.);
#6833 = DIRECTION('',(-1.,0.));
#6834 = ( GEOMETRIC_REPRESENTATION_CONTEXT(2) 
PARAMETRIC_REPRESENTATION_CONTEXT() REPRESENTATION_CONTEXT('2D SPACE',''
  ) );
#6835 = ORIENTED_EDGE('',*,*,#3168,.F.);
#6836 = ORIENTED_EDGE('',*,*,#6662,.T.);
#6837 = ORIENTED_EDGE('',*,*,#6606,.F.);
#6838 = ORIENTED_EDGE('',*,*,#6839,.F.);
#6839 = EDGE_CURVE('52@1_260_6',#6840,#6607,#6842,.T.);
#6840 = VERTEX_POINT('52@1_195_7',#6841);
#6841 = CARTESIAN_POINT('',(-45.5,0.,24.9953677));
#6842 = SURFACE_CURVE('',#6843,(#6847,#6854),.PCURVE_S1.);
#6843 = LINE('',#6844,#6845);
#6844 = CARTESIAN_POINT('',(-45.5,0.,24.9953677));
#6845 = VECTOR('',#6846,1.);
#6846 = DIRECTION('',(1.,0.,7.807763939672E-17));
#6847 = PCURVE('',#3182,#6848);
#6848 = DEFINITIONAL_REPRESENTATION('',(#6849),#6853);
#6849 = LINE('',#6850,#6851);
#6850 = CARTESIAN_POINT('',(-45.5,-24.9953677));
#6851 = VECTOR('',#6852,1.);
#6852 = DIRECTION('',(1.,-7.807763939672E-17));
#6853 = ( GEOMETRIC_REPRESENTATION_CONTEXT(2) 
PARAMETRIC_REPRESENTATION_CONTEXT() REPRESENTATION_CONTEXT('2D SPACE',''
  ) );
#6854 = PCURVE('',#4115,#6855);
#6855 = DEFINITIONAL_REPRESENTATION('',(#6856),#6860);
#6856 = LINE('',#6857,#6858);
#6857 = CARTESIAN_POINT('',(0.,0.));
#6858 = VECTOR('',#6859,1.);
#6859 = DIRECTION('',(1.,0.));
#6860 = ( GEOMETRIC_REPRESENTATION_CONTEXT(2) 
PARAMETRIC_REPRESENTATION_CONTEXT() REPRESENTATION_CONTEXT('2D SPACE',''
  ) );
#6861 = ORIENTED_EDGE('',*,*,#6862,.T.);
#6862 = EDGE_CURVE('52@1_261_6',#6840,#6863,#6865,.T.);
#6863 = VERTEX_POINT('52@1_196_7',#6864);
#6864 = CARTESIAN_POINT('',(-45.5,0.,24.99999444));
#6865 = SURFACE_CURVE('',#6866,(#6870,#6877),.PCURVE_S1.);
#6866 = LINE('',#6867,#6868);
#6867 = CARTESIAN_POINT('',(-45.5,0.,-24.));
#6868 = VECTOR('',#6869,1.);
#6869 = DIRECTION('',(-0.,0.,1.));
#6870 = PCURVE('',#3182,#6871);
#6871 = DEFINITIONAL_REPRESENTATION('',(#6872),#6876);
#6872 = LINE('',#6873,#6874);
#6873 = CARTESIAN_POINT('',(-45.5,24.));
#6874 = VECTOR('',#6875,1.);
#6875 = DIRECTION('',(0.,-1.));
#6876 = ( GEOMETRIC_REPRESENTATION_CONTEXT(2) 
PARAMETRIC_REPRESENTATION_CONTEXT() REPRESENTATION_CONTEXT('2D SPACE',''
  ) );
#6877 = PCURVE('',#6267,#6878);
#6878 = DEFINITIONAL_REPRESENTATION('',(#6879),#6883);
#6879 = LINE('',#6880,#6881);
#6880 = CARTESIAN_POINT('',(-48.9953677,-0.));
#6881 = VECTOR('',#6882,1.);
#6882 = DIRECTION('',(1.,0.));
#6883 = ( GEOMETRIC_REPRESENTATION_CONTEXT(2) 
PARAMETRIC_REPRESENTATION_CONTEXT() REPRESENTATION_CONTEXT('2D SPACE',''
  ) );
#6884 = ORIENTED_EDGE('',*,*,#6885,.F.);
#6885 = EDGE_CURVE('52@1_262_6',#3747,#6863,#6886,.T.);
#6886 = SURFACE_CURVE('',#6887,(#6891,#6898),.PCURVE_S1.);
#6887 = LINE('',#6888,#6889);
#6888 = CARTESIAN_POINT('',(-40.62499564,0.,29.8749988));
#6889 = VECTOR('',#6890,1.);
#6890 = DIRECTION('',(-0.707106781187,0.,-0.707106781187));
#6891 = PCURVE('',#3182,#6892);
#6892 = DEFINITIONAL_REPRESENTATION('',(#6893),#6897);
#6893 = LINE('',#6894,#6895);
#6894 = CARTESIAN_POINT('',(-40.62499564,-29.8749988));
#6895 = VECTOR('',#6896,1.);
#6896 = DIRECTION('',(-0.707106781187,0.707106781187));
#6897 = ( GEOMETRIC_REPRESENTATION_CONTEXT(2) 
PARAMETRIC_REPRESENTATION_CONTEXT() REPRESENTATION_CONTEXT('2D SPACE',''
  ) );
#6898 = PCURVE('',#3785,#6899);
#6899 = DEFINITIONAL_REPRESENTATION('',(#6900),#6904);
#6900 = LINE('',#6901,#6902);
#6901 = CARTESIAN_POINT('',(0.,-7.601395663298));
#6902 = VECTOR('',#6903,1.);
#6903 = DIRECTION('',(0.,1.));
#6904 = ( GEOMETRIC_REPRESENTATION_CONTEXT(2) 
PARAMETRIC_REPRESENTATION_CONTEXT() REPRESENTATION_CONTEXT('2D SPACE',''
  ) );
#6905 = ORIENTED_EDGE('',*,*,#3746,.T.);
#6906 = ORIENTED_EDGE('',*,*,#6907,.T.);
#6907 = EDGE_CURVE('52@1_263_6',#3749,#6741,#6908,.T.);
#6908 = SURFACE_CURVE('',#6909,(#6913,#6920),.PCURVE_S1.);
#6909 = LINE('',#6910,#6911);
#6910 = CARTESIAN_POINT('',(-43.51716824,0.,26.00000038));
#6911 = VECTOR('',#6912,1.);
#6912 = DIRECTION('',(-0.,-0.,1.));
#6913 = PCURVE('',#3182,#6914);
#6914 = DEFINITIONAL_REPRESENTATION('',(#6915),#6919);
#6915 = LINE('',#6916,#6917);
#6916 = CARTESIAN_POINT('',(-43.51716824,-26.00000038));
#6917 = VECTOR('',#6918,1.);
#6918 = DIRECTION('',(0.,-1.));
#6919 = ( GEOMETRIC_REPRESENTATION_CONTEXT(2) 
PARAMETRIC_REPRESENTATION_CONTEXT() REPRESENTATION_CONTEXT('2D SPACE',''
  ) );
#6920 = PCURVE('',#3474,#6921);
#6921 = DEFINITIONAL_REPRESENTATION('',(#6922),#6926);
#6922 = LINE('',#6923,#6924);
#6923 = CARTESIAN_POINT('',(17.5,0.));
#6924 = VECTOR('',#6925,1.);
#6925 = DIRECTION('',(0.,-1.));
#6926 = ( GEOMETRIC_REPRESENTATION_CONTEXT(2) 
PARAMETRIC_REPRESENTATION_CONTEXT() REPRESENTATION_CONTEXT('2D SPACE',''
  ) );
#6927 = ADVANCED_FACE('52@1_62_4',(#6928),#3215,.F.);
#6928 = FACE_BOUND('',#6929,.F.);
#6929 = EDGE_LOOP('52@',(#6930,#6951,#6952,#6953));
#6930 = ORIENTED_EDGE('',*,*,#6931,.T.);
#6931 = EDGE_CURVE('52@1_264_6',#3200,#6793,#6932,.T.);
#6932 = SURFACE_CURVE('',#6933,(#6937,#6944),.PCURVE_S1.);
#6933 = LINE('',#6934,#6935);
#6934 = CARTESIAN_POINT('',(12.33402952,17.5,26.20000038));
#6935 = VECTOR('',#6936,1.);
#6936 = DIRECTION('',(-0.,-1.,0.));
#6937 = PCURVE('',#3215,#6938);
#6938 = DEFINITIONAL_REPRESENTATION('',(#6939),#6943);
#6939 = LINE('',#6940,#6941);
#6940 = CARTESIAN_POINT('',(0.,-0.2));
#6941 = VECTOR('',#6942,1.);
#6942 = DIRECTION('',(1.,-0.));
#6943 = ( GEOMETRIC_REPRESENTATION_CONTEXT(2) 
PARAMETRIC_REPRESENTATION_CONTEXT() REPRESENTATION_CONTEXT('2D SPACE',''
  ) );
#6944 = PCURVE('',#3243,#6945);
#6945 = DEFINITIONAL_REPRESENTATION('',(#6946),#6950);
#6946 = LINE('',#6947,#6948);
#6947 = CARTESIAN_POINT('',(-0.,1.272792206136));
#6948 = VECTOR('',#6949,1.);
#6949 = DIRECTION('',(1.,0.));
#6950 = ( GEOMETRIC_REPRESENTATION_CONTEXT(2) 
PARAMETRIC_REPRESENTATION_CONTEXT() REPRESENTATION_CONTEXT('2D SPACE',''
  ) );
#6951 = ORIENTED_EDGE('',*,*,#6792,.F.);
#6952 = ORIENTED_EDGE('',*,*,#3387,.F.);
#6953 = ORIENTED_EDGE('',*,*,#3199,.T.);
#6954 = ADVANCED_FACE('52@1_63_4',(#6955),#3271,.T.);
#6955 = FACE_BOUND('',#6956,.T.);
#6956 = EDGE_LOOP('52@',(#6957,#6980,#7001,#7002,#7003,#7036,#7064,#7090
    ));
#6957 = ORIENTED_EDGE('',*,*,#6958,.T.);
#6958 = EDGE_CURVE('52@1_265_6',#3228,#6959,#6961,.T.);
#6959 = VERTEX_POINT('52@1_197_7',#6960);
#6960 = CARTESIAN_POINT('',(14.13402952,1.8,28.00000038));
#6961 = SURFACE_CURVE('',#6962,(#6966,#6973),.PCURVE_S1.);
#6962 = LINE('',#6963,#6964);
#6963 = CARTESIAN_POINT('',(14.13402952,17.5,28.00000038));
#6964 = VECTOR('',#6965,1.);
#6965 = DIRECTION('',(-0.,-1.,0.));
#6966 = PCURVE('',#3271,#6967);
#6967 = DEFINITIONAL_REPRESENTATION('',(#6968),#6972);
#6968 = LINE('',#6969,#6970);
#6969 = CARTESIAN_POINT('',(-14.13402952,-17.5));
#6970 = VECTOR('',#6971,1.);
#6971 = DIRECTION('',(-0.,1.));
#6972 = ( GEOMETRIC_REPRESENTATION_CONTEXT(2) 
PARAMETRIC_REPRESENTATION_CONTEXT() REPRESENTATION_CONTEXT('2D SPACE',''
  ) );
#6973 = PCURVE('',#3243,#6974);
#6974 = DEFINITIONAL_REPRESENTATION('',(#6975),#6979);
#6975 = LINE('',#6976,#6977);
#6976 = CARTESIAN_POINT('',(0.,-1.272792206136));
#6977 = VECTOR('',#6978,1.);
#6978 = DIRECTION('',(1.,0.));
#6979 = ( GEOMETRIC_REPRESENTATION_CONTEXT(2) 
PARAMETRIC_REPRESENTATION_CONTEXT() REPRESENTATION_CONTEXT('2D SPACE',''
  ) );
#6980 = ORIENTED_EDGE('',*,*,#6981,.T.);
#6981 = EDGE_CURVE('52@1_266_6',#6959,#6687,#6982,.T.);
#6982 = SURFACE_CURVE('',#6983,(#6987,#6994),.PCURVE_S1.);
#6983 = LINE('',#6984,#6985);
#6984 = CARTESIAN_POINT('',(14.13402952,1.8,28.00000038));
#6985 = VECTOR('',#6986,1.);
#6986 = DIRECTION('',(1.,-0.,-0.));
#6987 = PCURVE('',#3271,#6988);
#6988 = DEFINITIONAL_REPRESENTATION('',(#6989),#6993);
#6989 = LINE('',#6990,#6991);
#6990 = CARTESIAN_POINT('',(-14.13402952,-1.8));
#6991 = VECTOR('',#6992,1.);
#6992 = DIRECTION('',(-1.,0.));
#6993 = ( GEOMETRIC_REPRESENTATION_CONTEXT(2) 
PARAMETRIC_REPRESENTATION_CONTEXT() REPRESENTATION_CONTEXT('2D SPACE',''
  ) );
#6994 = PCURVE('',#6723,#6995);
#6995 = DEFINITIONAL_REPRESENTATION('',(#6996),#7000);
#6996 = LINE('',#6997,#6998);
#6997 = CARTESIAN_POINT('',(-0.,1.272792206136));
#6998 = VECTOR('',#6999,1.);
#6999 = DIRECTION('',(-1.,0.));
#7000 = ( GEOMETRIC_REPRESENTATION_CONTEXT(2) 
PARAMETRIC_REPRESENTATION_CONTEXT() REPRESENTATION_CONTEXT('2D SPACE',''
  ) );
#7001 = ORIENTED_EDGE('',*,*,#6686,.T.);
#7002 = ORIENTED_EDGE('',*,*,#3311,.T.);
#7003 = ORIENTED_EDGE('',*,*,#7004,.T.);
#7004 = EDGE_CURVE('52@1_267_6',#3284,#7005,#7007,.T.);
#7005 = VERTEX_POINT('52@1_198_7',#7006);
#7006 = CARTESIAN_POINT('',(32.92314969,3.4629769,28.00000038));
#7007 = SURFACE_CURVE('',#7008,(#7013,#7024),.PCURVE_S1.);
#7008 = CIRCLE('',#7009,6.01851155);
#7009 = AXIS2_PLACEMENT_3D('',#7010,#7011,#7012);
#7010 = CARTESIAN_POINT('',(32.92314969,9.48148845,28.00000038));
#7011 = DIRECTION('',(0.,0.,-1.));
#7012 = DIRECTION('',(1.,5.421297596276E-15,0.));
#7013 = PCURVE('',#3271,#7014);
#7014 = DEFINITIONAL_REPRESENTATION('',(#7015),#7023);
#7015 = ( BOUNDED_CURVE() B_SPLINE_CURVE(2,(#7016,#7017,#7018,#7019,
#7020,#7021,#7022),.UNSPECIFIED.,.T.,.F.) B_SPLINE_CURVE_WITH_KNOTS((1,2
    ,2,2,2,1),(-2.094395102393,0.,2.094395102393,4.188790204786,
6.28318530718,8.377580409573),.UNSPECIFIED.) CURVE() 
GEOMETRIC_REPRESENTATION_ITEM() RATIONAL_B_SPLINE_CURVE((1.,0.5,1.,0.5,
1.,0.5,1.)) REPRESENTATION_ITEM('') );
#7016 = CARTESIAN_POINT('',(-38.94166124,-9.48148845));
#7017 = CARTESIAN_POINT('',(-38.94166124,0.94287934054));
#7018 = CARTESIAN_POINT('',(-29.913893915,-4.26930455473));
#7019 = CARTESIAN_POINT('',(-20.88612659,-9.48148845));
#7020 = CARTESIAN_POINT('',(-29.913893915,-14.69367234527));
#7021 = CARTESIAN_POINT('',(-38.94166124,-19.90585624054));
#7022 = CARTESIAN_POINT('',(-38.94166124,-9.48148845));
#7023 = ( GEOMETRIC_REPRESENTATION_CONTEXT(2) 
PARAMETRIC_REPRESENTATION_CONTEXT() REPRESENTATION_CONTEXT('2D SPACE',''
  ) );
#7024 = PCURVE('',#7025,#7030);
#7025 = CYLINDRICAL_SURFACE('',#7026,6.01851155);
#7026 = AXIS2_PLACEMENT_3D('',#7027,#7028,#7029);
#7027 = CARTESIAN_POINT('',(32.92314969,9.48148845,-76.));
#7028 = DIRECTION('',(0.,0.,-1.));
#7029 = DIRECTION('',(1.,0.,0.));
#7030 = DEFINITIONAL_REPRESENTATION('',(#7031),#7035);
#7031 = LINE('',#7032,#7033);
#7032 = CARTESIAN_POINT('',(0.,-104.00000038));
#7033 = VECTOR('',#7034,1.);
#7034 = DIRECTION('',(1.,0.));
#7035 = ( GEOMETRIC_REPRESENTATION_CONTEXT(2) 
PARAMETRIC_REPRESENTATION_CONTEXT() REPRESENTATION_CONTEXT('2D SPACE',''
  ) );
#7036 = ORIENTED_EDGE('',*,*,#7037,.T.);
#7037 = EDGE_CURVE('52@1_268_6',#7005,#7038,#7040,.T.);
#7038 = VERTEX_POINT('52@1_199_7',#7039);
#7039 = CARTESIAN_POINT('',(22.53500531,3.46297689,28.00000038));
#7040 = SURFACE_CURVE('',#7041,(#7045,#7052),.PCURVE_S1.);
#7041 = LINE('',#7042,#7043);
#7042 = CARTESIAN_POINT('',(11.267502653333,3.462976879153,28.00000038)
  );
#7043 = VECTOR('',#7044,1.);
#7044 = DIRECTION('',(-1.,-9.626358253624E-10,-0.));
#7045 = PCURVE('',#3271,#7046);
#7046 = DEFINITIONAL_REPRESENTATION('',(#7047),#7051);
#7047 = LINE('',#7048,#7049);
#7048 = CARTESIAN_POINT('',(-11.26750265333,-3.462976879153));
#7049 = VECTOR('',#7050,1.);
#7050 = DIRECTION('',(1.,9.626358253624E-10));
#7051 = ( GEOMETRIC_REPRESENTATION_CONTEXT(2) 
PARAMETRIC_REPRESENTATION_CONTEXT() REPRESENTATION_CONTEXT('2D SPACE',''
  ) );
#7052 = PCURVE('',#7053,#7058);
#7053 = PLANE('',#7054);
#7054 = AXIS2_PLACEMENT_3D('',#7055,#7056,#7057);
#7055 = CARTESIAN_POINT('',(22.53500531,3.46297689,-76.));
#7056 = DIRECTION('',(-9.626358253624E-10,1.,0.));
#7057 = DIRECTION('',(1.,9.626358253624E-10,0.));
#7058 = DEFINITIONAL_REPRESENTATION('',(#7059),#7063);
#7059 = LINE('',#7060,#7061);
#7060 = CARTESIAN_POINT('',(-11.26750265666,-104.00000038));
#7061 = VECTOR('',#7062,1.);
#7062 = DIRECTION('',(-1.,0.));
#7063 = ( GEOMETRIC_REPRESENTATION_CONTEXT(2) 
PARAMETRIC_REPRESENTATION_CONTEXT() REPRESENTATION_CONTEXT('2D SPACE',''
  ) );
#7064 = ORIENTED_EDGE('',*,*,#7065,.T.);
#7065 = EDGE_CURVE('52@1_269_6',#7038,#3256,#7066,.T.);
#7066 = SURFACE_CURVE('',#7067,(#7071,#7078),.PCURVE_S1.);
#7067 = LINE('',#7068,#7069);
#7068 = CARTESIAN_POINT('',(22.53500531,7.75,28.00000038));
#7069 = VECTOR('',#7070,1.);
#7070 = DIRECTION('',(-0.,1.,0.));
#7071 = PCURVE('',#3271,#7072);
#7072 = DEFINITIONAL_REPRESENTATION('',(#7073),#7077);
#7073 = LINE('',#7074,#7075);
#7074 = CARTESIAN_POINT('',(-22.53500531,-7.75));
#7075 = VECTOR('',#7076,1.);
#7076 = DIRECTION('',(0.,-1.));
#7077 = ( GEOMETRIC_REPRESENTATION_CONTEXT(2) 
PARAMETRIC_REPRESENTATION_CONTEXT() REPRESENTATION_CONTEXT('2D SPACE',''
  ) );
#7078 = PCURVE('',#7079,#7084);
#7079 = PLANE('',#7080);
#7080 = AXIS2_PLACEMENT_3D('',#7081,#7082,#7083);
#7081 = CARTESIAN_POINT('',(22.53500531,15.5,-76.));
#7082 = DIRECTION('',(1.,0.,0.));
#7083 = DIRECTION('',(0.,-1.,0.));
#7084 = DEFINITIONAL_REPRESENTATION('',(#7085),#7089);
#7085 = LINE('',#7086,#7087);
#7086 = CARTESIAN_POINT('',(7.75,-104.00000038));
#7087 = VECTOR('',#7088,1.);
#7088 = DIRECTION('',(-1.,0.));
#7089 = ( GEOMETRIC_REPRESENTATION_CONTEXT(2) 
PARAMETRIC_REPRESENTATION_CONTEXT() REPRESENTATION_CONTEXT('2D SPACE',''
  ) );
#7090 = ORIENTED_EDGE('',*,*,#3255,.T.);
#7091 = ADVANCED_FACE('52@1_64_4',(#7092),#3299,.T.);
#7092 = FACE_BOUND('',#7093,.T.);
#7093 = EDGE_LOOP('52@',(#7094,#7124,#7145,#7146));
#7094 = ORIENTED_EDGE('',*,*,#7095,.T.);
#7095 = EDGE_CURVE('52@1_270_6',#7096,#7098,#7100,.T.);
#7096 = VERTEX_POINT('52@1_200_7',#7097);
#7097 = CARTESIAN_POINT('',(22.53500531,15.5,26.00000038));
#7098 = VERTEX_POINT('52@1_201_7',#7099);
#7099 = CARTESIAN_POINT('',(32.92314969,15.5,26.00000038));
#7100 = SURFACE_CURVE('',#7101,(#7105,#7112),.PCURVE_S1.);
#7101 = LINE('',#7102,#7103);
#7102 = CARTESIAN_POINT('',(16.461574845,15.5,26.00000038));
#7103 = VECTOR('',#7104,1.);
#7104 = DIRECTION('',(1.,-0.,0.));
#7105 = PCURVE('',#3299,#7106);
#7106 = DEFINITIONAL_REPRESENTATION('',(#7107),#7111);
#7107 = LINE('',#7108,#7109);
#7108 = CARTESIAN_POINT('',(16.461574845,-102.00000038));
#7109 = VECTOR('',#7110,1.);
#7110 = DIRECTION('',(-1.,0.));
#7111 = ( GEOMETRIC_REPRESENTATION_CONTEXT(2) 
PARAMETRIC_REPRESENTATION_CONTEXT() REPRESENTATION_CONTEXT('2D SPACE',''
  ) );
#7112 = PCURVE('',#7113,#7118);
#7113 = PLANE('',#7114);
#7114 = AXIS2_PLACEMENT_3D('',#7115,#7116,#7117);
#7115 = CARTESIAN_POINT('',(0.,0.,26.00000038));
#7116 = DIRECTION('',(-0.,-0.,1.));
#7117 = DIRECTION('',(-1.,0.,-0.));
#7118 = DEFINITIONAL_REPRESENTATION('',(#7119),#7123);
#7119 = LINE('',#7120,#7121);
#7120 = CARTESIAN_POINT('',(-16.461574845,-15.5));
#7121 = VECTOR('',#7122,1.);
#7122 = DIRECTION('',(-1.,0.));
#7123 = ( GEOMETRIC_REPRESENTATION_CONTEXT(2) 
PARAMETRIC_REPRESENTATION_CONTEXT() REPRESENTATION_CONTEXT('2D SPACE',''
  ) );
#7124 = ORIENTED_EDGE('',*,*,#7125,.T.);
#7125 = EDGE_CURVE('52@1_272_6',#7098,#3284,#7126,.T.);
#7126 = SURFACE_CURVE('',#7127,(#7131,#7138),.PCURVE_S1.);
#7127 = LINE('',#7128,#7129);
#7128 = CARTESIAN_POINT('',(32.92314969,15.5,-76.));
#7129 = VECTOR('',#7130,1.);
#7130 = DIRECTION('',(-0.,-0.,1.));
#7131 = PCURVE('',#3299,#7132);
#7132 = DEFINITIONAL_REPRESENTATION('',(#7133),#7137);
#7133 = LINE('',#7134,#7135);
#7134 = CARTESIAN_POINT('',(-3.552713678801E-14,0.));
#7135 = VECTOR('',#7136,1.);
#7136 = DIRECTION('',(0.,-1.));
#7137 = ( GEOMETRIC_REPRESENTATION_CONTEXT(2) 
PARAMETRIC_REPRESENTATION_CONTEXT() REPRESENTATION_CONTEXT('2D SPACE',''
  ) );
#7138 = PCURVE('',#7025,#7139);
#7139 = DEFINITIONAL_REPRESENTATION('',(#7140),#7144);
#7140 = LINE('',#7141,#7142);
#7141 = CARTESIAN_POINT('',(4.712388980385,0.));
#7142 = VECTOR('',#7143,1.);
#7143 = DIRECTION('',(0.,-1.));
#7144 = ( GEOMETRIC_REPRESENTATION_CONTEXT(2) 
PARAMETRIC_REPRESENTATION_CONTEXT() REPRESENTATION_CONTEXT('2D SPACE',''
  ) );
#7145 = ORIENTED_EDGE('',*,*,#3283,.T.);
#7146 = ORIENTED_EDGE('',*,*,#7147,.F.);
#7147 = EDGE_CURVE('52@1_271_6',#7096,#3256,#7148,.T.);
#7148 = SURFACE_CURVE('',#7149,(#7153,#7160),.PCURVE_S1.);
#7149 = LINE('',#7150,#7151);
#7150 = CARTESIAN_POINT('',(22.53500531,15.5,-76.));
#7151 = VECTOR('',#7152,1.);
#7152 = DIRECTION('',(-0.,-0.,1.));
#7153 = PCURVE('',#3299,#7154);
#7154 = DEFINITIONAL_REPRESENTATION('',(#7155),#7159);
#7155 = LINE('',#7156,#7157);
#7156 = CARTESIAN_POINT('',(10.38814438,0.));
#7157 = VECTOR('',#7158,1.);
#7158 = DIRECTION('',(0.,-1.));
#7159 = ( GEOMETRIC_REPRESENTATION_CONTEXT(2) 
PARAMETRIC_REPRESENTATION_CONTEXT() REPRESENTATION_CONTEXT('2D SPACE',''
  ) );
#7160 = PCURVE('',#7079,#7161);
#7161 = DEFINITIONAL_REPRESENTATION('',(#7162),#7166);
#7162 = LINE('',#7163,#7164);
#7163 = CARTESIAN_POINT('',(0.,0.));
#7164 = VECTOR('',#7165,1.);
#7165 = DIRECTION('',(0.,-1.));
#7166 = ( GEOMETRIC_REPRESENTATION_CONTEXT(2) 
PARAMETRIC_REPRESENTATION_CONTEXT() REPRESENTATION_CONTEXT('2D SPACE',''
  ) );
#7167 = ADVANCED_FACE('52@1_65_4',(#7168),#3243,.F.);
#7168 = FACE_BOUND('',#7169,.F.);
#7169 = EDGE_LOOP('52@',(#7170,#7171,#7192,#7193));
#7170 = ORIENTED_EDGE('',*,*,#6958,.T.);
#7171 = ORIENTED_EDGE('',*,*,#7172,.F.);
#7172 = EDGE_CURVE('52@1_273_6',#6793,#6959,#7173,.T.);
#7173 = SURFACE_CURVE('',#7174,(#7178,#7185),.PCURVE_S1.);
#7174 = LINE('',#7175,#7176);
#7175 = CARTESIAN_POINT('',(16.150696186667,3.816666666667,
    30.016667046667));
#7176 = VECTOR('',#7177,1.);
#7177 = DIRECTION('',(0.57735026919,0.57735026919,0.57735026919));
#7178 = PCURVE('',#3243,#7179);
#7179 = DEFINITIONAL_REPRESENTATION('',(#7180),#7184);
#7180 = LINE('',#7181,#7182);
#7181 = CARTESIAN_POINT('',(13.683333333333,-4.124789556922));
#7182 = VECTOR('',#7183,1.);
#7183 = DIRECTION('',(-0.57735026919,-0.816496580928));
#7184 = ( GEOMETRIC_REPRESENTATION_CONTEXT(2) 
PARAMETRIC_REPRESENTATION_CONTEXT() REPRESENTATION_CONTEXT('2D SPACE',''
  ) );
#7185 = PCURVE('',#6723,#7186);
#7186 = DEFINITIONAL_REPRESENTATION('',(#7187),#7191);
#7187 = LINE('',#7188,#7189);
#7188 = CARTESIAN_POINT('',(-2.016666666667,4.124789556922));
#7189 = VECTOR('',#7190,1.);
#7190 = DIRECTION('',(-0.57735026919,0.816496580928));
#7191 = ( GEOMETRIC_REPRESENTATION_CONTEXT(2) 
PARAMETRIC_REPRESENTATION_CONTEXT() REPRESENTATION_CONTEXT('2D SPACE',''
  ) );
#7192 = ORIENTED_EDGE('',*,*,#6931,.F.);
#7193 = ORIENTED_EDGE('',*,*,#3227,.T.);
#7194 = ADVANCED_FACE('52@1_66_4',(#7195),#3374,.F.);
#7195 = FACE_BOUND('',#7196,.F.);
#7196 = EDGE_LOOP('52@',(#7197,#7218,#7219,#7220));
#7197 = ORIENTED_EDGE('',*,*,#7198,.T.);
#7198 = EDGE_CURVE('52@1_274_6',#6743,#3435,#7199,.T.);
#7199 = SURFACE_CURVE('',#7200,(#7204,#7211),.PCURVE_S1.);
#7200 = LINE('',#7201,#7202);
#7201 = CARTESIAN_POINT('',(-14.02496164,0.,26.20000038));
#7202 = VECTOR('',#7203,1.);
#7203 = DIRECTION('',(0.,1.,0.));
#7204 = PCURVE('',#3374,#7205);
#7205 = DEFINITIONAL_REPRESENTATION('',(#7206),#7210);
#7206 = LINE('',#7207,#7208);
#7207 = CARTESIAN_POINT('',(0.,-0.2));
#7208 = VECTOR('',#7209,1.);
#7209 = DIRECTION('',(1.,0.));
#7210 = ( GEOMETRIC_REPRESENTATION_CONTEXT(2) 
PARAMETRIC_REPRESENTATION_CONTEXT() REPRESENTATION_CONTEXT('2D SPACE',''
  ) );
#7211 = PCURVE('',#3607,#7212);
#7212 = DEFINITIONAL_REPRESENTATION('',(#7213),#7217);
#7213 = LINE('',#7214,#7215);
#7214 = CARTESIAN_POINT('',(-0.,-1.272792206136));
#7215 = VECTOR('',#7216,1.);
#7216 = DIRECTION('',(-1.,0.));
#7217 = ( GEOMETRIC_REPRESENTATION_CONTEXT(2) 
PARAMETRIC_REPRESENTATION_CONTEXT() REPRESENTATION_CONTEXT('2D SPACE',''
  ) );
#7218 = ORIENTED_EDGE('',*,*,#3434,.F.);
#7219 = ORIENTED_EDGE('',*,*,#3358,.F.);
#7220 = ORIENTED_EDGE('',*,*,#6770,.T.);
#7221 = ADVANCED_FACE('52@1_67_4',(#7222),#3607,.F.);
#7222 = FACE_BOUND('',#7223,.T.);
#7223 = EDGE_LOOP('52@',(#7224,#7247,#7268,#7269));
#7224 = ORIENTED_EDGE('',*,*,#7225,.F.);
#7225 = EDGE_CURVE('52@1_275_6',#7226,#3571,#7228,.T.);
#7226 = VERTEX_POINT('52@1_202_7',#7227);
#7227 = CARTESIAN_POINT('',(-15.82496164,1.8,28.00000038));
#7228 = SURFACE_CURVE('',#7229,(#7233,#7240),.PCURVE_S1.);
#7229 = LINE('',#7230,#7231);
#7230 = CARTESIAN_POINT('',(-15.82496164,0.,28.00000038));
#7231 = VECTOR('',#7232,1.);
#7232 = DIRECTION('',(0.,1.,0.));
#7233 = PCURVE('',#3607,#7234);
#7234 = DEFINITIONAL_REPRESENTATION('',(#7235),#7239);
#7235 = LINE('',#7236,#7237);
#7236 = CARTESIAN_POINT('',(-0.,1.272792206136));
#7237 = VECTOR('',#7238,1.);
#7238 = DIRECTION('',(-1.,0.));
#7239 = ( GEOMETRIC_REPRESENTATION_CONTEXT(2) 
PARAMETRIC_REPRESENTATION_CONTEXT() REPRESENTATION_CONTEXT('2D SPACE',''
  ) );
#7240 = PCURVE('',#3530,#7241);
#7241 = DEFINITIONAL_REPRESENTATION('',(#7242),#7246);
#7242 = LINE('',#7243,#7244);
#7243 = CARTESIAN_POINT('',(15.82496164,-0.));
#7244 = VECTOR('',#7245,1.);
#7245 = DIRECTION('',(0.,-1.));
#7246 = ( GEOMETRIC_REPRESENTATION_CONTEXT(2) 
PARAMETRIC_REPRESENTATION_CONTEXT() REPRESENTATION_CONTEXT('2D SPACE',''
  ) );
#7247 = ORIENTED_EDGE('',*,*,#7248,.F.);
#7248 = EDGE_CURVE('52@1_276_6',#6743,#7226,#7249,.T.);
#7249 = SURFACE_CURVE('',#7250,(#7254,#7261),.PCURVE_S1.);
#7250 = LINE('',#7251,#7252);
#7251 = CARTESIAN_POINT('',(-19.24032940666,5.215367766667,
    31.415368146667));
#7252 = VECTOR('',#7253,1.);
#7253 = DIRECTION('',(-0.57735026919,0.57735026919,0.57735026919));
#7254 = PCURVE('',#3607,#7255);
#7255 = DEFINITIONAL_REPRESENTATION('',(#7256),#7260);
#7256 = LINE('',#7257,#7258);
#7257 = CARTESIAN_POINT('',(-5.215367766667,6.102851622248));
#7258 = VECTOR('',#7259,1.);
#7259 = DIRECTION('',(-0.57735026919,0.816496580928));
#7260 = ( GEOMETRIC_REPRESENTATION_CONTEXT(2) 
PARAMETRIC_REPRESENTATION_CONTEXT() REPRESENTATION_CONTEXT('2D SPACE',''
  ) );
#7261 = PCURVE('',#6758,#7262);
#7262 = DEFINITIONAL_REPRESENTATION('',(#7263),#7267);
#7263 = LINE('',#7264,#7265);
#7264 = CARTESIAN_POINT('',(-22.47683883333,6.102851622248));
#7265 = VECTOR('',#7266,1.);
#7266 = DIRECTION('',(0.57735026919,0.816496580928));
#7267 = ( GEOMETRIC_REPRESENTATION_CONTEXT(2) 
PARAMETRIC_REPRESENTATION_CONTEXT() REPRESENTATION_CONTEXT('2D SPACE',''
  ) );
#7268 = ORIENTED_EDGE('',*,*,#7198,.T.);
#7269 = ORIENTED_EDGE('',*,*,#3593,.T.);
#7270 = ADVANCED_FACE('52@1_68_4',(#7271),#3474,.F.);
#7271 = FACE_BOUND('',#7272,.F.);
#7272 = EDGE_LOOP('52@',(#7273,#7294,#7295,#7296));
#7273 = ORIENTED_EDGE('',*,*,#7274,.T.);
#7274 = EDGE_CURVE('52@1_277_6',#3459,#6741,#7275,.T.);
#7275 = SURFACE_CURVE('',#7276,(#7280,#7287),.PCURVE_S1.);
#7276 = LINE('',#7277,#7278);
#7277 = CARTESIAN_POINT('',(-43.51716824,17.5,26.20000038));
#7278 = VECTOR('',#7279,1.);
#7279 = DIRECTION('',(-0.,-1.,0.));
#7280 = PCURVE('',#3474,#7281);
#7281 = DEFINITIONAL_REPRESENTATION('',(#7282),#7286);
#7282 = LINE('',#7283,#7284);
#7283 = CARTESIAN_POINT('',(0.,-0.2));
#7284 = VECTOR('',#7285,1.);
#7285 = DIRECTION('',(1.,-0.));
#7286 = ( GEOMETRIC_REPRESENTATION_CONTEXT(2) 
PARAMETRIC_REPRESENTATION_CONTEXT() REPRESENTATION_CONTEXT('2D SPACE',''
  ) );
#7287 = PCURVE('',#3502,#7288);
#7288 = DEFINITIONAL_REPRESENTATION('',(#7289),#7293);
#7289 = LINE('',#7290,#7291);
#7290 = CARTESIAN_POINT('',(-0.,1.272792206136));
#7291 = VECTOR('',#7292,1.);
#7292 = DIRECTION('',(1.,0.));
#7293 = ( GEOMETRIC_REPRESENTATION_CONTEXT(2) 
PARAMETRIC_REPRESENTATION_CONTEXT() REPRESENTATION_CONTEXT('2D SPACE',''
  ) );
#7294 = ORIENTED_EDGE('',*,*,#6907,.F.);
#7295 = ORIENTED_EDGE('',*,*,#3798,.F.);
#7296 = ORIENTED_EDGE('',*,*,#3458,.T.);
#7297 = ADVANCED_FACE('52@1_69_4',(#7298),#3530,.T.);
#7298 = FACE_BOUND('',#7299,.T.);
#7299 = EDGE_LOOP('52@',(#7300,#7323,#7344,#7345,#7346,#7374,#7402,#7430
    ,#7461));
#7300 = ORIENTED_EDGE('',*,*,#7301,.T.);
#7301 = EDGE_CURVE('52@1_278_6',#3487,#7302,#7304,.T.);
#7302 = VERTEX_POINT('52@1_203_7',#7303);
#7303 = CARTESIAN_POINT('',(-41.71716824,1.8,28.00000038));
#7304 = SURFACE_CURVE('',#7305,(#7309,#7316),.PCURVE_S1.);
#7305 = LINE('',#7306,#7307);
#7306 = CARTESIAN_POINT('',(-41.71716824,17.5,28.00000038));
#7307 = VECTOR('',#7308,1.);
#7308 = DIRECTION('',(-0.,-1.,0.));
#7309 = PCURVE('',#3530,#7310);
#7310 = DEFINITIONAL_REPRESENTATION('',(#7311),#7315);
#7311 = LINE('',#7312,#7313);
#7312 = CARTESIAN_POINT('',(41.71716824,-17.5));
#7313 = VECTOR('',#7314,1.);
#7314 = DIRECTION('',(-0.,1.));
#7315 = ( GEOMETRIC_REPRESENTATION_CONTEXT(2) 
PARAMETRIC_REPRESENTATION_CONTEXT() REPRESENTATION_CONTEXT('2D SPACE',''
  ) );
#7316 = PCURVE('',#3502,#7317);
#7317 = DEFINITIONAL_REPRESENTATION('',(#7318),#7322);
#7318 = LINE('',#7319,#7320);
#7319 = CARTESIAN_POINT('',(0.,-1.272792206136));
#7320 = VECTOR('',#7321,1.);
#7321 = DIRECTION('',(1.,0.));
#7322 = ( GEOMETRIC_REPRESENTATION_CONTEXT(2) 
PARAMETRIC_REPRESENTATION_CONTEXT() REPRESENTATION_CONTEXT('2D SPACE',''
  ) );
#7323 = ORIENTED_EDGE('',*,*,#7324,.T.);
#7324 = EDGE_CURVE('52@1_283_6',#7302,#7226,#7325,.T.);
#7325 = SURFACE_CURVE('',#7326,(#7330,#7337),.PCURVE_S1.);
#7326 = LINE('',#7327,#7328);
#7327 = CARTESIAN_POINT('',(-41.71716824,1.8,28.00000038));
#7328 = VECTOR('',#7329,1.);
#7329 = DIRECTION('',(1.,-0.,-0.));
#7330 = PCURVE('',#3530,#7331);
#7331 = DEFINITIONAL_REPRESENTATION('',(#7332),#7336);
#7332 = LINE('',#7333,#7334);
#7333 = CARTESIAN_POINT('',(41.71716824,-1.8));
#7334 = VECTOR('',#7335,1.);
#7335 = DIRECTION('',(-1.,0.));
#7336 = ( GEOMETRIC_REPRESENTATION_CONTEXT(2) 
PARAMETRIC_REPRESENTATION_CONTEXT() REPRESENTATION_CONTEXT('2D SPACE',''
  ) );
#7337 = PCURVE('',#6758,#7338);
#7338 = DEFINITIONAL_REPRESENTATION('',(#7339),#7343);
#7339 = LINE('',#7340,#7341);
#7340 = CARTESIAN_POINT('',(-0.,1.272792206136));
#7341 = VECTOR('',#7342,1.);
#7342 = DIRECTION('',(-1.,0.));
#7343 = ( GEOMETRIC_REPRESENTATION_CONTEXT(2) 
PARAMETRIC_REPRESENTATION_CONTEXT() REPRESENTATION_CONTEXT('2D SPACE',''
  ) );
#7344 = ORIENTED_EDGE('',*,*,#7225,.T.);
#7345 = ORIENTED_EDGE('',*,*,#3570,.T.);
#7346 = ORIENTED_EDGE('',*,*,#7347,.F.);
#7347 = EDGE_CURVE('52@1_282_6',#7348,#3543,#7350,.T.);
#7348 = VERTEX_POINT('52@1_206_7',#7349);
#7349 = CARTESIAN_POINT('',(-24.22066836,3.48456431,28.00000038));
#7350 = SURFACE_CURVE('',#7351,(#7355,#7362),.PCURVE_S1.);
#7351 = LINE('',#7352,#7353);
#7352 = CARTESIAN_POINT('',(-24.22066836,7.75,28.00000038));
#7353 = VECTOR('',#7354,1.);
#7354 = DIRECTION('',(-0.,1.,0.));
#7355 = PCURVE('',#3530,#7356);
#7356 = DEFINITIONAL_REPRESENTATION('',(#7357),#7361);
#7357 = LINE('',#7358,#7359);
#7358 = CARTESIAN_POINT('',(24.22066836,-7.75));
#7359 = VECTOR('',#7360,1.);
#7360 = DIRECTION('',(0.,-1.));
#7361 = ( GEOMETRIC_REPRESENTATION_CONTEXT(2) 
PARAMETRIC_REPRESENTATION_CONTEXT() REPRESENTATION_CONTEXT('2D SPACE',''
  ) );
#7362 = PCURVE('',#7363,#7368);
#7363 = PLANE('',#7364);
#7364 = AXIS2_PLACEMENT_3D('',#7365,#7366,#7367);
#7365 = CARTESIAN_POINT('',(-24.22066836,15.5,-76.));
#7366 = DIRECTION('',(1.,0.,0.));
#7367 = DIRECTION('',(0.,-1.,0.));
#7368 = DEFINITIONAL_REPRESENTATION('',(#7369),#7373);
#7369 = LINE('',#7370,#7371);
#7370 = CARTESIAN_POINT('',(7.75,-104.00000038));
#7371 = VECTOR('',#7372,1.);
#7372 = DIRECTION('',(-1.,0.));
#7373 = ( GEOMETRIC_REPRESENTATION_CONTEXT(2) 
PARAMETRIC_REPRESENTATION_CONTEXT() REPRESENTATION_CONTEXT('2D SPACE',''
  ) );
#7374 = ORIENTED_EDGE('',*,*,#7375,.F.);
#7375 = EDGE_CURVE('52@1_281_6',#7376,#7348,#7378,.T.);
#7376 = VERTEX_POINT('52@1_205_7',#7377);
#7377 = CARTESIAN_POINT('',(-32.44163814,3.4845643,28.00000038));
#7378 = SURFACE_CURVE('',#7379,(#7383,#7390),.PCURVE_S1.);
#7379 = LINE('',#7380,#7381);
#7380 = CARTESIAN_POINT('',(-12.11033418211,3.484564324731,28.00000038)
  );
#7381 = VECTOR('',#7382,1.);
#7382 = DIRECTION('',(1.,1.216401496032E-09,0.));
#7383 = PCURVE('',#3530,#7384);
#7384 = DEFINITIONAL_REPRESENTATION('',(#7385),#7389);
#7385 = LINE('',#7386,#7387);
#7386 = CARTESIAN_POINT('',(12.110334182119,-3.484564324731));
#7387 = VECTOR('',#7388,1.);
#7388 = DIRECTION('',(-1.,-1.216401496032E-09));
#7389 = ( GEOMETRIC_REPRESENTATION_CONTEXT(2) 
PARAMETRIC_REPRESENTATION_CONTEXT() REPRESENTATION_CONTEXT('2D SPACE',''
  ) );
#7390 = PCURVE('',#7391,#7396);
#7391 = PLANE('',#7392);
#7392 = AXIS2_PLACEMENT_3D('',#7393,#7394,#7395);
#7393 = CARTESIAN_POINT('',(-24.22066836,3.48456431,-76.));
#7394 = DIRECTION('',(1.216401496032E-09,-1.,0.));
#7395 = DIRECTION('',(-1.,-1.216401496032E-09,0.));
#7396 = DEFINITIONAL_REPRESENTATION('',(#7397),#7401);
#7397 = LINE('',#7398,#7399);
#7398 = CARTESIAN_POINT('',(-12.11033417788,-104.00000038));
#7399 = VECTOR('',#7400,1.);
#7400 = DIRECTION('',(-1.,0.));
#7401 = ( GEOMETRIC_REPRESENTATION_CONTEXT(2) 
PARAMETRIC_REPRESENTATION_CONTEXT() REPRESENTATION_CONTEXT('2D SPACE',''
  ) );
#7402 = ORIENTED_EDGE('',*,*,#7403,.F.);
#7403 = EDGE_CURVE('52@1_280_6',#7404,#7376,#7406,.T.);
#7404 = VERTEX_POINT('52@1_204_7',#7405);
#7405 = CARTESIAN_POINT('',(-34.43163859,3.4845643,28.00000038));
#7406 = SURFACE_CURVE('',#7407,(#7411,#7418),.PCURVE_S1.);
#7407 = LINE('',#7408,#7409);
#7408 = CARTESIAN_POINT('',(-16.22081907,3.4845643,28.00000038));
#7409 = VECTOR('',#7410,1.);
#7410 = DIRECTION('',(1.,-0.,0.));
#7411 = PCURVE('',#3530,#7412);
#7412 = DEFINITIONAL_REPRESENTATION('',(#7413),#7417);
#7413 = LINE('',#7414,#7415);
#7414 = CARTESIAN_POINT('',(16.22081907,-3.4845643));
#7415 = VECTOR('',#7416,1.);
#7416 = DIRECTION('',(-1.,0.));
#7417 = ( GEOMETRIC_REPRESENTATION_CONTEXT(2) 
PARAMETRIC_REPRESENTATION_CONTEXT() REPRESENTATION_CONTEXT('2D SPACE',''
  ) );
#7418 = PCURVE('',#7419,#7424);
#7419 = PLANE('',#7420);
#7420 = AXIS2_PLACEMENT_3D('',#7421,#7422,#7423);
#7421 = CARTESIAN_POINT('',(-32.44163814,3.4845643,-76.));
#7422 = DIRECTION('',(-0.,-1.,-0.));
#7423 = DIRECTION('',(-1.,0.,0.));
#7424 = DEFINITIONAL_REPRESENTATION('',(#7425),#7429);
#7425 = LINE('',#7426,#7427);
#7426 = CARTESIAN_POINT('',(-16.22081907,-104.00000038));
#7427 = VECTOR('',#7428,1.);
#7428 = DIRECTION('',(-1.,0.));
#7429 = ( GEOMETRIC_REPRESENTATION_CONTEXT(2) 
PARAMETRIC_REPRESENTATION_CONTEXT() REPRESENTATION_CONTEXT('2D SPACE',''
  ) );
#7430 = ORIENTED_EDGE('',*,*,#7431,.T.);
#7431 = EDGE_CURVE('52@1_279_6',#7404,#3515,#7432,.T.);
#7432 = SURFACE_CURVE('',#7433,(#7438,#7449),.PCURVE_S1.);
#7433 = CIRCLE('',#7434,6.00771785);
#7434 = AXIS2_PLACEMENT_3D('',#7435,#7436,#7437);
#7435 = CARTESIAN_POINT('',(-34.43163859,9.49228215,28.00000038));
#7436 = DIRECTION('',(0.,0.,-1.));
#7437 = DIRECTION('',(1.,0.,0.));
#7438 = PCURVE('',#3530,#7439);
#7439 = DEFINITIONAL_REPRESENTATION('',(#7440),#7448);
#7440 = ( BOUNDED_CURVE() B_SPLINE_CURVE(2,(#7441,#7442,#7443,#7444,
#7445,#7446,#7447),.UNSPECIFIED.,.T.,.F.) B_SPLINE_CURVE_WITH_KNOTS((1,2
    ,2,2,2,1),(-2.094395102393,0.,2.094395102393,4.188790204786,
6.28318530718,8.377580409573),.UNSPECIFIED.) CURVE() 
GEOMETRIC_REPRESENTATION_ITEM() RATIONAL_B_SPLINE_CURVE((1.,0.5,1.,0.5,
1.,0.5,1.)) REPRESENTATION_ITEM('') );
#7441 = CARTESIAN_POINT('',(28.42392074,-9.49228215));
#7442 = CARTESIAN_POINT('',(28.42392074,0.913390403738));
#7443 = CARTESIAN_POINT('',(37.435497515,-4.289445873131));
#7444 = CARTESIAN_POINT('',(46.44707429,-9.49228215));
#7445 = CARTESIAN_POINT('',(37.435497515,-14.69511842686));
#7446 = CARTESIAN_POINT('',(28.42392074,-19.89795470373));
#7447 = CARTESIAN_POINT('',(28.42392074,-9.49228215));
#7448 = ( GEOMETRIC_REPRESENTATION_CONTEXT(2) 
PARAMETRIC_REPRESENTATION_CONTEXT() REPRESENTATION_CONTEXT('2D SPACE',''
  ) );
#7449 = PCURVE('',#7450,#7455);
#7450 = CYLINDRICAL_SURFACE('',#7451,6.00771785);
#7451 = AXIS2_PLACEMENT_3D('',#7452,#7453,#7454);
#7452 = CARTESIAN_POINT('',(-34.43163859,9.49228215,-76.));
#7453 = DIRECTION('',(0.,0.,-1.));
#7454 = DIRECTION('',(1.,0.,0.));
#7455 = DEFINITIONAL_REPRESENTATION('',(#7456),#7460);
#7456 = LINE('',#7457,#7458);
#7457 = CARTESIAN_POINT('',(0.,-104.00000038));
#7458 = VECTOR('',#7459,1.);
#7459 = DIRECTION('',(1.,0.));
#7460 = ( GEOMETRIC_REPRESENTATION_CONTEXT(2) 
PARAMETRIC_REPRESENTATION_CONTEXT() REPRESENTATION_CONTEXT('2D SPACE',''
  ) );
#7461 = ORIENTED_EDGE('',*,*,#3514,.T.);
#7462 = ADVANCED_FACE('52@1_70_4',(#7463),#3558,.F.);
#7463 = FACE_BOUND('',#7464,.F.);
#7464 = EDGE_LOOP('52@',(#7465,#7495,#7516,#7517));
#7465 = ORIENTED_EDGE('',*,*,#7466,.F.);
#7466 = EDGE_CURVE('52@1_284_6',#7467,#7469,#7471,.T.);
#7467 = VERTEX_POINT('52@1_207_7',#7468);
#7468 = CARTESIAN_POINT('',(-34.43163859,15.5,26.00000038));
#7469 = VERTEX_POINT('52@1_208_7',#7470);
#7470 = CARTESIAN_POINT('',(-24.22066836,15.5,26.00000038));
#7471 = SURFACE_CURVE('',#7472,(#7476,#7483),.PCURVE_S1.);
#7472 = LINE('',#7473,#7474);
#7473 = CARTESIAN_POINT('',(-34.43163859,15.5,26.00000038));
#7474 = VECTOR('',#7475,1.);
#7475 = DIRECTION('',(1.,0.,0.));
#7476 = PCURVE('',#3558,#7477);
#7477 = DEFINITIONAL_REPRESENTATION('',(#7478),#7482);
#7478 = LINE('',#7479,#7480);
#7479 = CARTESIAN_POINT('',(-1.99000045,-102.00000038));
#7480 = VECTOR('',#7481,1.);
#7481 = DIRECTION('',(1.,0.));
#7482 = ( GEOMETRIC_REPRESENTATION_CONTEXT(2) 
PARAMETRIC_REPRESENTATION_CONTEXT() REPRESENTATION_CONTEXT('2D SPACE',''
  ) );
#7483 = PCURVE('',#7484,#7489);
#7484 = PLANE('',#7485);
#7485 = AXIS2_PLACEMENT_3D('',#7486,#7487,#7488);
#7486 = CARTESIAN_POINT('',(0.,0.,26.00000038));
#7487 = DIRECTION('',(-0.,-0.,1.));
#7488 = DIRECTION('',(-1.,0.,-0.));
#7489 = DEFINITIONAL_REPRESENTATION('',(#7490),#7494);
#7490 = LINE('',#7491,#7492);
#7491 = CARTESIAN_POINT('',(34.43163859,-15.5));
#7492 = VECTOR('',#7493,1.);
#7493 = DIRECTION('',(-1.,0.));
#7494 = ( GEOMETRIC_REPRESENTATION_CONTEXT(2) 
PARAMETRIC_REPRESENTATION_CONTEXT() REPRESENTATION_CONTEXT('2D SPACE',''
  ) );
#7495 = ORIENTED_EDGE('',*,*,#7496,.T.);
#7496 = EDGE_CURVE('52@1_285_6',#7467,#3515,#7497,.T.);
#7497 = SURFACE_CURVE('',#7498,(#7502,#7509),.PCURVE_S1.);
#7498 = LINE('',#7499,#7500);
#7499 = CARTESIAN_POINT('',(-34.43163859,15.5,-76.));
#7500 = VECTOR('',#7501,1.);
#7501 = DIRECTION('',(-0.,-0.,1.));
#7502 = PCURVE('',#3558,#7503);
#7503 = DEFINITIONAL_REPRESENTATION('',(#7504),#7508);
#7504 = LINE('',#7505,#7506);
#7505 = CARTESIAN_POINT('',(-1.99000045,0.));
#7506 = VECTOR('',#7507,1.);
#7507 = DIRECTION('',(0.,-1.));
#7508 = ( GEOMETRIC_REPRESENTATION_CONTEXT(2) 
PARAMETRIC_REPRESENTATION_CONTEXT() REPRESENTATION_CONTEXT('2D SPACE',''
  ) );
#7509 = PCURVE('',#7450,#7510);
#7510 = DEFINITIONAL_REPRESENTATION('',(#7511),#7515);
#7511 = LINE('',#7512,#7513);
#7512 = CARTESIAN_POINT('',(4.712388980385,0.));
#7513 = VECTOR('',#7514,1.);
#7514 = DIRECTION('',(0.,-1.));
#7515 = ( GEOMETRIC_REPRESENTATION_CONTEXT(2) 
PARAMETRIC_REPRESENTATION_CONTEXT() REPRESENTATION_CONTEXT('2D SPACE',''
  ) );
#7516 = ORIENTED_EDGE('',*,*,#3542,.T.);
#7517 = ORIENTED_EDGE('',*,*,#7518,.F.);
#7518 = EDGE_CURVE('52@1_286_6',#7469,#3543,#7519,.T.);
#7519 = SURFACE_CURVE('',#7520,(#7524,#7531),.PCURVE_S1.);
#7520 = LINE('',#7521,#7522);
#7521 = CARTESIAN_POINT('',(-24.22066836,15.5,-76.));
#7522 = VECTOR('',#7523,1.);
#7523 = DIRECTION('',(-0.,-0.,1.));
#7524 = PCURVE('',#3558,#7525);
#7525 = DEFINITIONAL_REPRESENTATION('',(#7526),#7530);
#7526 = LINE('',#7527,#7528);
#7527 = CARTESIAN_POINT('',(8.22096978,0.));
#7528 = VECTOR('',#7529,1.);
#7529 = DIRECTION('',(0.,-1.));
#7530 = ( GEOMETRIC_REPRESENTATION_CONTEXT(2) 
PARAMETRIC_REPRESENTATION_CONTEXT() REPRESENTATION_CONTEXT('2D SPACE',''
  ) );
#7531 = PCURVE('',#7363,#7532);
#7532 = DEFINITIONAL_REPRESENTATION('',(#7533),#7537);
#7533 = LINE('',#7534,#7535);
#7534 = CARTESIAN_POINT('',(0.,0.));
#7535 = VECTOR('',#7536,1.);
#7536 = DIRECTION('',(0.,-1.));
#7537 = ( GEOMETRIC_REPRESENTATION_CONTEXT(2) 
PARAMETRIC_REPRESENTATION_CONTEXT() REPRESENTATION_CONTEXT('2D SPACE',''
  ) );
#7538 = ADVANCED_FACE('52@1_71_4',(#7539),#3502,.F.);
#7539 = FACE_BOUND('',#7540,.F.);
#7540 = EDGE_LOOP('52@',(#7541,#7542,#7563,#7564));
#7541 = ORIENTED_EDGE('',*,*,#7301,.T.);
#7542 = ORIENTED_EDGE('',*,*,#7543,.F.);
#7543 = EDGE_CURVE('52@1_287_6',#6741,#7302,#7544,.T.);
#7544 = SURFACE_CURVE('',#7545,(#7549,#7556),.PCURVE_S1.);
#7545 = LINE('',#7546,#7547);
#7546 = CARTESIAN_POINT('',(-39.70050157333,3.816666666667,
    30.016667046667));
#7547 = VECTOR('',#7548,1.);
#7548 = DIRECTION('',(0.57735026919,0.57735026919,0.57735026919));
#7549 = PCURVE('',#3502,#7550);
#7550 = DEFINITIONAL_REPRESENTATION('',(#7551),#7555);
#7551 = LINE('',#7552,#7553);
#7552 = CARTESIAN_POINT('',(13.683333333333,-4.124789556922));
#7553 = VECTOR('',#7554,1.);
#7554 = DIRECTION('',(-0.57735026919,-0.816496580928));
#7555 = ( GEOMETRIC_REPRESENTATION_CONTEXT(2) 
PARAMETRIC_REPRESENTATION_CONTEXT() REPRESENTATION_CONTEXT('2D SPACE',''
  ) );
#7556 = PCURVE('',#6758,#7557);
#7557 = DEFINITIONAL_REPRESENTATION('',(#7558),#7562);
#7558 = LINE('',#7559,#7560);
#7559 = CARTESIAN_POINT('',(-2.016666666667,4.124789556922));
#7560 = VECTOR('',#7561,1.);
#7561 = DIRECTION('',(-0.57735026919,0.816496580928));
#7562 = ( GEOMETRIC_REPRESENTATION_CONTEXT(2) 
PARAMETRIC_REPRESENTATION_CONTEXT() REPRESENTATION_CONTEXT('2D SPACE',''
  ) );
#7563 = ORIENTED_EDGE('',*,*,#7274,.F.);
#7564 = ORIENTED_EDGE('',*,*,#3486,.T.);
#7565 = ADVANCED_FACE('52@1_72_4',(#7566),#3684,.F.);
#7566 = FACE_BOUND('',#7567,.F.);
#7567 = EDGE_LOOP('52@',(#7568,#7591,#7614,#7635));
#7568 = ORIENTED_EDGE('',*,*,#7569,.T.);
#7569 = EDGE_CURVE('52@1_288_6',#3646,#7570,#7572,.T.);
#7570 = VERTEX_POINT('52@1_209_7',#7571);
#7571 = CARTESIAN_POINT('',(-34.43163859,15.5,-25.99999962));
#7572 = SURFACE_CURVE('',#7573,(#7577,#7584),.PCURVE_S1.);
#7573 = LINE('',#7574,#7575);
#7574 = CARTESIAN_POINT('',(-34.43163859,15.5,-76.));
#7575 = VECTOR('',#7576,1.);
#7576 = DIRECTION('',(-0.,-0.,1.));
#7577 = PCURVE('',#3684,#7578);
#7578 = DEFINITIONAL_REPRESENTATION('',(#7579),#7583);
#7579 = LINE('',#7580,#7581);
#7580 = CARTESIAN_POINT('',(0.,0.));
#7581 = VECTOR('',#7582,1.);
#7582 = DIRECTION('',(0.,-1.));
#7583 = ( GEOMETRIC_REPRESENTATION_CONTEXT(2) 
PARAMETRIC_REPRESENTATION_CONTEXT() REPRESENTATION_CONTEXT('2D SPACE',''
  ) );
#7584 = PCURVE('',#5822,#7585);
#7585 = DEFINITIONAL_REPRESENTATION('',(#7586),#7590);
#7586 = LINE('',#7587,#7588);
#7587 = CARTESIAN_POINT('',(4.712388980385,0.));
#7588 = VECTOR('',#7589,1.);
#7589 = DIRECTION('',(0.,-1.));
#7590 = ( GEOMETRIC_REPRESENTATION_CONTEXT(2) 
PARAMETRIC_REPRESENTATION_CONTEXT() REPRESENTATION_CONTEXT('2D SPACE',''
  ) );
#7591 = ORIENTED_EDGE('',*,*,#7592,.F.);
#7592 = EDGE_CURVE('52@1_289_6',#7593,#7570,#7595,.T.);
#7593 = VERTEX_POINT('52@1_210_7',#7594);
#7594 = CARTESIAN_POINT('',(-24.22066836,15.5,-25.99999962));
#7595 = SURFACE_CURVE('',#7596,(#7600,#7607),.PCURVE_S1.);
#7596 = LINE('',#7597,#7598);
#7597 = CARTESIAN_POINT('',(-24.22066836,15.5,-25.99999962));
#7598 = VECTOR('',#7599,1.);
#7599 = DIRECTION('',(-1.,0.,0.));
#7600 = PCURVE('',#3684,#7601);
#7601 = DEFINITIONAL_REPRESENTATION('',(#7602),#7606);
#7602 = LINE('',#7603,#7604);
#7603 = CARTESIAN_POINT('',(10.21097023,-50.00000038));
#7604 = VECTOR('',#7605,1.);
#7605 = DIRECTION('',(-1.,0.));
#7606 = ( GEOMETRIC_REPRESENTATION_CONTEXT(2) 
PARAMETRIC_REPRESENTATION_CONTEXT() REPRESENTATION_CONTEXT('2D SPACE',''
  ) );
#7607 = PCURVE('',#6421,#7608);
#7608 = DEFINITIONAL_REPRESENTATION('',(#7609),#7613);
#7609 = LINE('',#7610,#7611);
#7610 = CARTESIAN_POINT('',(-24.22066836,-15.5));
#7611 = VECTOR('',#7612,1.);
#7612 = DIRECTION('',(-1.,0.));
#7613 = ( GEOMETRIC_REPRESENTATION_CONTEXT(2) 
PARAMETRIC_REPRESENTATION_CONTEXT() REPRESENTATION_CONTEXT('2D SPACE',''
  ) );
#7614 = ORIENTED_EDGE('',*,*,#7615,.F.);
#7615 = EDGE_CURVE('52@1_290_6',#3669,#7593,#7616,.T.);
#7616 = SURFACE_CURVE('',#7617,(#7621,#7628),.PCURVE_S1.);
#7617 = LINE('',#7618,#7619);
#7618 = CARTESIAN_POINT('',(-24.22066836,15.5,-76.));
#7619 = VECTOR('',#7620,1.);
#7620 = DIRECTION('',(-0.,-0.,1.));
#7621 = PCURVE('',#3684,#7622);
#7622 = DEFINITIONAL_REPRESENTATION('',(#7623),#7627);
#7623 = LINE('',#7624,#7625);
#7624 = CARTESIAN_POINT('',(10.21097023,0.));
#7625 = VECTOR('',#7626,1.);
#7626 = DIRECTION('',(0.,-1.));
#7627 = ( GEOMETRIC_REPRESENTATION_CONTEXT(2) 
PARAMETRIC_REPRESENTATION_CONTEXT() REPRESENTATION_CONTEXT('2D SPACE',''
  ) );
#7628 = PCURVE('',#5904,#7629);
#7629 = DEFINITIONAL_REPRESENTATION('',(#7630),#7634);
#7630 = LINE('',#7631,#7632);
#7631 = CARTESIAN_POINT('',(0.,0.));
#7632 = VECTOR('',#7633,1.);
#7633 = DIRECTION('',(0.,-1.));
#7634 = ( GEOMETRIC_REPRESENTATION_CONTEXT(2) 
PARAMETRIC_REPRESENTATION_CONTEXT() REPRESENTATION_CONTEXT('2D SPACE',''
  ) );
#7635 = ORIENTED_EDGE('',*,*,#3668,.T.);
#7636 = ADVANCED_FACE('52@1_73_4',(#7637),#3785,.T.);
#7637 = FACE_BOUND('',#7638,.T.);
#7638 = EDGE_LOOP('52@',(#7639,#7640,#7641,#7642,#7643,#7644,#7665,#7666
    ));
#7639 = ORIENTED_EDGE('',*,*,#6885,.F.);
#7640 = ORIENTED_EDGE('',*,*,#3771,.T.);
#7641 = ORIENTED_EDGE('',*,*,#3824,.T.);
#7642 = ORIENTED_EDGE('',*,*,#5952,.F.);
#7643 = ORIENTED_EDGE('',*,*,#5978,.F.);
#7644 = ORIENTED_EDGE('',*,*,#7645,.F.);
#7645 = EDGE_CURVE('52@1_292_6',#6280,#5979,#7646,.T.);
#7646 = SURFACE_CURVE('',#7647,(#7651,#7658),.PCURVE_S1.);
#7647 = LINE('',#7648,#7649);
#7648 = CARTESIAN_POINT('',(-46.49572128,0.,24.00427316));
#7649 = VECTOR('',#7650,1.);
#7650 = DIRECTION('',(0.,-1.,0.));
#7651 = PCURVE('',#3785,#7652);
#7652 = DEFINITIONAL_REPRESENTATION('',(#7653),#7657);
#7653 = LINE('',#7654,#7655);
#7654 = CARTESIAN_POINT('',(0.,0.701064157762));
#7655 = VECTOR('',#7656,1.);
#7656 = DIRECTION('',(-1.,-0.));
#7657 = ( GEOMETRIC_REPRESENTATION_CONTEXT(2) 
PARAMETRIC_REPRESENTATION_CONTEXT() REPRESENTATION_CONTEXT('2D SPACE',''
  ) );
#7658 = PCURVE('',#6017,#7659);
#7659 = DEFINITIONAL_REPRESENTATION('',(#7660),#7664);
#7660 = LINE('',#7661,#7662);
#7661 = CARTESIAN_POINT('',(2.0543209,0.));
#7662 = VECTOR('',#7663,1.);
#7663 = DIRECTION('',(0.,1.));
#7664 = ( GEOMETRIC_REPRESENTATION_CONTEXT(2) 
PARAMETRIC_REPRESENTATION_CONTEXT() REPRESENTATION_CONTEXT('2D SPACE',''
  ) );
#7665 = ORIENTED_EDGE('',*,*,#6279,.T.);
#7666 = ORIENTED_EDGE('',*,*,#7667,.F.);
#7667 = EDGE_CURVE('52@1_291_6',#6863,#6252,#7668,.T.);
#7668 = SURFACE_CURVE('',#7669,(#7673,#7680),.PCURVE_S1.);
#7669 = LINE('',#7670,#7671);
#7670 = CARTESIAN_POINT('',(-45.5,0.,24.99999444));
#7671 = VECTOR('',#7672,1.);
#7672 = DIRECTION('',(0.,1.,0.));
#7673 = PCURVE('',#3785,#7674);
#7674 = DEFINITIONAL_REPRESENTATION('',(#7675),#7679);
#7675 = LINE('',#7676,#7677);
#7676 = CARTESIAN_POINT('',(0.,-0.707098380758));
#7677 = VECTOR('',#7678,1.);
#7678 = DIRECTION('',(1.,0.));
#7679 = ( GEOMETRIC_REPRESENTATION_CONTEXT(2) 
PARAMETRIC_REPRESENTATION_CONTEXT() REPRESENTATION_CONTEXT('2D SPACE',''
  ) );
#7680 = PCURVE('',#6267,#7681);
#7681 = DEFINITIONAL_REPRESENTATION('',(#7682),#7686);
#7682 = LINE('',#7683,#7684);
#7683 = CARTESIAN_POINT('',(4.626739999992E-03,0.));
#7684 = VECTOR('',#7685,1.);
#7685 = DIRECTION('',(0.,-1.));
#7686 = ( GEOMETRIC_REPRESENTATION_CONTEXT(2) 
PARAMETRIC_REPRESENTATION_CONTEXT() REPRESENTATION_CONTEXT('2D SPACE',''
  ) );
#7687 = ADVANCED_FACE('52@1_74_4',(#7688),#3982,.T.);
#7688 = FACE_BOUND('',#7689,.T.);
#7689 = EDGE_LOOP('52@',(#7690,#7711,#7712,#7713,#7714,#7737,#7765,#7786
    ,#7787,#7810,#7838,#7859));
#7690 = ORIENTED_EDGE('',*,*,#7691,.F.);
#7691 = EDGE_CURVE('52@1_293_6',#6331,#4824,#7692,.T.);
#7692 = SURFACE_CURVE('',#7693,(#7697,#7704),.PCURVE_S1.);
#7693 = LINE('',#7694,#7695);
#7694 = CARTESIAN_POINT('',(-16.18272407,0.,-24.));
#7695 = VECTOR('',#7696,1.);
#7696 = DIRECTION('',(0.,1.,0.));
#7697 = PCURVE('',#3982,#7698);
#7698 = DEFINITIONAL_REPRESENTATION('',(#7699),#7703);
#7699 = LINE('',#7700,#7701);
#7700 = CARTESIAN_POINT('',(61.68272407,0.));
#7701 = VECTOR('',#7702,1.);
#7702 = DIRECTION('',(0.,-1.));
#7703 = ( GEOMETRIC_REPRESENTATION_CONTEXT(2) 
PARAMETRIC_REPRESENTATION_CONTEXT() REPRESENTATION_CONTEXT('2D SPACE',''
  ) );
#7704 = PCURVE('',#6367,#7705);
#7705 = DEFINITIONAL_REPRESENTATION('',(#7706),#7710);
#7706 = LINE('',#7707,#7708);
#7707 = CARTESIAN_POINT('',(0.,-0.));
#7708 = VECTOR('',#7709,1.);
#7709 = DIRECTION('',(0.,-1.));
#7710 = ( GEOMETRIC_REPRESENTATION_CONTEXT(2) 
PARAMETRIC_REPRESENTATION_CONTEXT() REPRESENTATION_CONTEXT('2D SPACE',''
  ) );
#7711 = ORIENTED_EDGE('',*,*,#6330,.T.);
#7712 = ORIENTED_EDGE('',*,*,#3966,.T.);
#7713 = ORIENTED_EDGE('',*,*,#4474,.T.);
#7714 = ORIENTED_EDGE('',*,*,#7715,.T.);
#7715 = EDGE_CURVE('52@1_299_6',#4475,#7716,#7718,.T.);
#7716 = VERTEX_POINT('52@1_214_7',#7717);
#7717 = CARTESIAN_POINT('',(10.52009541,6.72016652,-24.));
#7718 = SURFACE_CURVE('',#7719,(#7723,#7730),.PCURVE_S1.);
#7719 = LINE('',#7720,#7721);
#7720 = CARTESIAN_POINT('',(10.52009541,15.5,-24.));
#7721 = VECTOR('',#7722,1.);
#7722 = DIRECTION('',(-0.,-1.,-0.));
#7723 = PCURVE('',#3982,#7724);
#7724 = DEFINITIONAL_REPRESENTATION('',(#7725),#7729);
#7725 = LINE('',#7726,#7727);
#7726 = CARTESIAN_POINT('',(34.97990459,-15.5));
#7727 = VECTOR('',#7728,1.);
#7728 = DIRECTION('',(0.,1.));
#7729 = ( GEOMETRIC_REPRESENTATION_CONTEXT(2) 
PARAMETRIC_REPRESENTATION_CONTEXT() REPRESENTATION_CONTEXT('2D SPACE',''
  ) );
#7730 = PCURVE('',#4513,#7731);
#7731 = DEFINITIONAL_REPRESENTATION('',(#7732),#7736);
#7732 = LINE('',#7733,#7734);
#7733 = CARTESIAN_POINT('',(0.,0.));
#7734 = VECTOR('',#7735,1.);
#7735 = DIRECTION('',(0.,-1.));
#7736 = ( GEOMETRIC_REPRESENTATION_CONTEXT(2) 
PARAMETRIC_REPRESENTATION_CONTEXT() REPRESENTATION_CONTEXT('2D SPACE',''
  ) );
#7737 = ORIENTED_EDGE('',*,*,#7738,.F.);
#7738 = EDGE_CURVE('52@1_298_6',#7739,#7716,#7741,.T.);
#7739 = VERTEX_POINT('52@1_213_7',#7740);
#7740 = CARTESIAN_POINT('',(8.5085125,6.72016652,-24.));
#7741 = SURFACE_CURVE('',#7742,(#7746,#7753),.PCURVE_S1.);
#7742 = LINE('',#7743,#7744);
#7743 = CARTESIAN_POINT('',(8.5085125,6.72016652,-24.));
#7744 = VECTOR('',#7745,1.);
#7745 = DIRECTION('',(1.,0.,-0.));
#7746 = PCURVE('',#3982,#7747);
#7747 = DEFINITIONAL_REPRESENTATION('',(#7748),#7752);
#7748 = LINE('',#7749,#7750);
#7749 = CARTESIAN_POINT('',(36.9914875,-6.72016652));
#7750 = VECTOR('',#7751,1.);
#7751 = DIRECTION('',(-1.,-0.));
#7752 = ( GEOMETRIC_REPRESENTATION_CONTEXT(2) 
PARAMETRIC_REPRESENTATION_CONTEXT() REPRESENTATION_CONTEXT('2D SPACE',''
  ) );
#7753 = PCURVE('',#7754,#7759);
#7754 = PLANE('',#7755);
#7755 = AXIS2_PLACEMENT_3D('',#7756,#7757,#7758);
#7756 = CARTESIAN_POINT('',(0.,6.72016652,0.));
#7757 = DIRECTION('',(-0.,-1.,-0.));
#7758 = DIRECTION('',(-1.,0.,0.));
#7759 = DEFINITIONAL_REPRESENTATION('',(#7760),#7764);
#7760 = LINE('',#7761,#7762);
#7761 = CARTESIAN_POINT('',(-8.5085125,24.));
#7762 = VECTOR('',#7763,1.);
#7763 = DIRECTION('',(-1.,0.));
#7764 = ( GEOMETRIC_REPRESENTATION_CONTEXT(2) 
PARAMETRIC_REPRESENTATION_CONTEXT() REPRESENTATION_CONTEXT('2D SPACE',''
  ) );
#7765 = ORIENTED_EDGE('',*,*,#7766,.F.);
#7766 = EDGE_CURVE('52@1_297_6',#4633,#7739,#7767,.T.);
#7767 = SURFACE_CURVE('',#7768,(#7772,#7779),.PCURVE_S1.);
#7768 = LINE('',#7769,#7770);
#7769 = CARTESIAN_POINT('',(8.5085125,15.5,-24.));
#7770 = VECTOR('',#7771,1.);
#7771 = DIRECTION('',(-0.,-1.,-0.));
#7772 = PCURVE('',#3982,#7773);
#7773 = DEFINITIONAL_REPRESENTATION('',(#7774),#7778);
#7774 = LINE('',#7775,#7776);
#7775 = CARTESIAN_POINT('',(36.9914875,-15.5));
#7776 = VECTOR('',#7777,1.);
#7777 = DIRECTION('',(0.,1.));
#7778 = ( GEOMETRIC_REPRESENTATION_CONTEXT(2) 
PARAMETRIC_REPRESENTATION_CONTEXT() REPRESENTATION_CONTEXT('2D SPACE',''
  ) );
#7779 = PCURVE('',#4648,#7780);
#7780 = DEFINITIONAL_REPRESENTATION('',(#7781),#7785);
#7781 = LINE('',#7782,#7783);
#7782 = CARTESIAN_POINT('',(16.99729341,0.));
#7783 = VECTOR('',#7784,1.);
#7784 = DIRECTION('',(0.,-1.));
#7785 = ( GEOMETRIC_REPRESENTATION_CONTEXT(2) 
PARAMETRIC_REPRESENTATION_CONTEXT() REPRESENTATION_CONTEXT('2D SPACE',''
  ) );
#7786 = ORIENTED_EDGE('',*,*,#4660,.T.);
#7787 = ORIENTED_EDGE('',*,*,#7788,.T.);
#7788 = EDGE_CURVE('52@1_296_6',#4661,#7789,#7791,.T.);
#7789 = VERTEX_POINT('52@1_212_7',#7790);
#7790 = CARTESIAN_POINT('',(-10.467438,6.72016652,-24.));
#7791 = SURFACE_CURVE('',#7792,(#7796,#7803),.PCURVE_S1.);
#7792 = LINE('',#7793,#7794);
#7793 = CARTESIAN_POINT('',(-10.467438,15.5,-24.));
#7794 = VECTOR('',#7795,1.);
#7795 = DIRECTION('',(-0.,-1.,-0.));
#7796 = PCURVE('',#3982,#7797);
#7797 = DEFINITIONAL_REPRESENTATION('',(#7798),#7802);
#7798 = LINE('',#7799,#7800);
#7799 = CARTESIAN_POINT('',(55.967438,-15.5));
#7800 = VECTOR('',#7801,1.);
#7801 = DIRECTION('',(0.,1.));
#7802 = ( GEOMETRIC_REPRESENTATION_CONTEXT(2) 
PARAMETRIC_REPRESENTATION_CONTEXT() REPRESENTATION_CONTEXT('2D SPACE',''
  ) );
#7803 = PCURVE('',#4699,#7804);
#7804 = DEFINITIONAL_REPRESENTATION('',(#7805),#7809);
#7805 = LINE('',#7806,#7807);
#7806 = CARTESIAN_POINT('',(0.,0.));
#7807 = VECTOR('',#7808,1.);
#7808 = DIRECTION('',(0.,-1.));
#7809 = ( GEOMETRIC_REPRESENTATION_CONTEXT(2) 
PARAMETRIC_REPRESENTATION_CONTEXT() REPRESENTATION_CONTEXT('2D SPACE',''
  ) );
#7810 = ORIENTED_EDGE('',*,*,#7811,.F.);
#7811 = EDGE_CURVE('52@1_295_6',#7812,#7789,#7814,.T.);
#7812 = VERTEX_POINT('52@1_211_7',#7813);
#7813 = CARTESIAN_POINT('',(-12.54312638,6.72016652,-24.));
#7814 = SURFACE_CURVE('',#7815,(#7819,#7826),.PCURVE_S1.);
#7815 = LINE('',#7816,#7817);
#7816 = CARTESIAN_POINT('',(-45.5,6.72016652,-24.));
#7817 = VECTOR('',#7818,1.);
#7818 = DIRECTION('',(1.,0.,-0.));
#7819 = PCURVE('',#3982,#7820);
#7820 = DEFINITIONAL_REPRESENTATION('',(#7821),#7825);
#7821 = LINE('',#7822,#7823);
#7822 = CARTESIAN_POINT('',(91.,-6.72016652));
#7823 = VECTOR('',#7824,1.);
#7824 = DIRECTION('',(-1.,-0.));
#7825 = ( GEOMETRIC_REPRESENTATION_CONTEXT(2) 
PARAMETRIC_REPRESENTATION_CONTEXT() REPRESENTATION_CONTEXT('2D SPACE',''
  ) );
#7826 = PCURVE('',#7827,#7832);
#7827 = PLANE('',#7828);
#7828 = AXIS2_PLACEMENT_3D('',#7829,#7830,#7831);
#7829 = CARTESIAN_POINT('',(0.,6.72016652,0.));
#7830 = DIRECTION('',(-0.,-1.,-0.));
#7831 = DIRECTION('',(-1.,0.,0.));
#7832 = DEFINITIONAL_REPRESENTATION('',(#7833),#7837);
#7833 = LINE('',#7834,#7835);
#7834 = CARTESIAN_POINT('',(45.5,24.));
#7835 = VECTOR('',#7836,1.);
#7836 = DIRECTION('',(-1.,0.));
#7837 = ( GEOMETRIC_REPRESENTATION_CONTEXT(2) 
PARAMETRIC_REPRESENTATION_CONTEXT() REPRESENTATION_CONTEXT('2D SPACE',''
  ) );
#7838 = ORIENTED_EDGE('',*,*,#7839,.F.);
#7839 = EDGE_CURVE('52@1_294_6',#4796,#7812,#7840,.T.);
#7840 = SURFACE_CURVE('',#7841,(#7845,#7852),.PCURVE_S1.);
#7841 = LINE('',#7842,#7843);
#7842 = CARTESIAN_POINT('',(-12.54312638,15.5,-24.));
#7843 = VECTOR('',#7844,1.);
#7844 = DIRECTION('',(-0.,-1.,-0.));
#7845 = PCURVE('',#3982,#7846);
#7846 = DEFINITIONAL_REPRESENTATION('',(#7847),#7851);
#7847 = LINE('',#7848,#7849);
#7848 = CARTESIAN_POINT('',(58.04312638,-15.5));
#7849 = VECTOR('',#7850,1.);
#7850 = DIRECTION('',(0.,1.));
#7851 = ( GEOMETRIC_REPRESENTATION_CONTEXT(2) 
PARAMETRIC_REPRESENTATION_CONTEXT() REPRESENTATION_CONTEXT('2D SPACE',''
  ) );
#7852 = PCURVE('',#4811,#7853);
#7853 = DEFINITIONAL_REPRESENTATION('',(#7854),#7858);
#7854 = LINE('',#7855,#7856);
#7855 = CARTESIAN_POINT('',(16.99729341,0.));
#7856 = VECTOR('',#7857,1.);
#7857 = DIRECTION('',(0.,-1.));
#7858 = ( GEOMETRIC_REPRESENTATION_CONTEXT(2) 
PARAMETRIC_REPRESENTATION_CONTEXT() REPRESENTATION_CONTEXT('2D SPACE',''
  ) );
#7859 = ORIENTED_EDGE('',*,*,#4823,.T.);
#7860 = ADVANCED_FACE('52@1_75_4',(#7861),#4171,.T.);
#7861 = FACE_BOUND('',#7862,.T.);
#7862 = EDGE_LOOP('52@',(#7863,#7864,#7865,#7886));
#7863 = ORIENTED_EDGE('',*,*,#4211,.F.);
#7864 = ORIENTED_EDGE('',*,*,#4155,.T.);
#7865 = ORIENTED_EDGE('',*,*,#7866,.T.);
#7866 = EDGE_CURVE('52@1_300_6',#4128,#5555,#7867,.T.);
#7867 = SURFACE_CURVE('',#7868,(#7872,#7879),.PCURVE_S1.);
#7868 = LINE('',#7869,#7870);
#7869 = CARTESIAN_POINT('',(38.947166,0.,24.));
#7870 = VECTOR('',#7871,1.);
#7871 = DIRECTION('',(0.,1.,0.));
#7872 = PCURVE('',#4171,#7873);
#7873 = DEFINITIONAL_REPRESENTATION('',(#7874),#7878);
#7874 = LINE('',#7875,#7876);
#7875 = CARTESIAN_POINT('',(84.447166,0.));
#7876 = VECTOR('',#7877,1.);
#7877 = DIRECTION('',(0.,-1.));
#7878 = ( GEOMETRIC_REPRESENTATION_CONTEXT(2) 
PARAMETRIC_REPRESENTATION_CONTEXT() REPRESENTATION_CONTEXT('2D SPACE',''
  ) );
#7879 = PCURVE('',#4143,#7880);
#7880 = DEFINITIONAL_REPRESENTATION('',(#7881),#7885);
#7881 = LINE('',#7882,#7883);
#7882 = CARTESIAN_POINT('',(0.,0.));
#7883 = VECTOR('',#7884,1.);
#7884 = DIRECTION('',(0.,-1.));
#7885 = ( GEOMETRIC_REPRESENTATION_CONTEXT(2) 
PARAMETRIC_REPRESENTATION_CONTEXT() REPRESENTATION_CONTEXT('2D SPACE',''
  ) );
#7886 = ORIENTED_EDGE('',*,*,#5582,.T.);
#7887 = ADVANCED_FACE('52@1_76_4',(#7888),#4143,.F.);
#7888 = FACE_BOUND('',#7889,.F.);
#7889 = EDGE_LOOP('52@',(#7890,#7891,#7892,#7915,#7943,#7966));
#7890 = ORIENTED_EDGE('',*,*,#4127,.F.);
#7891 = ORIENTED_EDGE('',*,*,#7866,.T.);
#7892 = ORIENTED_EDGE('',*,*,#7893,.T.);
#7893 = EDGE_CURVE('52@1_304_6',#5555,#7894,#7896,.T.);
#7894 = VERTEX_POINT('52@1_217_7',#7895);
#7895 = CARTESIAN_POINT('',(38.947166,16.,24.));
#7896 = SURFACE_CURVE('',#7897,(#7901,#7908),.PCURVE_S1.);
#7897 = LINE('',#7898,#7899);
#7898 = CARTESIAN_POINT('',(38.947166,0.,24.));
#7899 = VECTOR('',#7900,1.);
#7900 = DIRECTION('',(0.,1.,0.));
#7901 = PCURVE('',#4143,#7902);
#7902 = DEFINITIONAL_REPRESENTATION('',(#7903),#7907);
#7903 = LINE('',#7904,#7905);
#7904 = CARTESIAN_POINT('',(0.,0.));
#7905 = VECTOR('',#7906,1.);
#7906 = DIRECTION('',(0.,-1.));
#7907 = ( GEOMETRIC_REPRESENTATION_CONTEXT(2) 
PARAMETRIC_REPRESENTATION_CONTEXT() REPRESENTATION_CONTEXT('2D SPACE',''
  ) );
#7908 = PCURVE('',#5570,#7909);
#7909 = DEFINITIONAL_REPRESENTATION('',(#7910),#7914);
#7910 = LINE('',#7911,#7912);
#7911 = CARTESIAN_POINT('',(24.46652407,0.));
#7912 = VECTOR('',#7913,1.);
#7913 = DIRECTION('',(0.,-1.));
#7914 = ( GEOMETRIC_REPRESENTATION_CONTEXT(2) 
PARAMETRIC_REPRESENTATION_CONTEXT() REPRESENTATION_CONTEXT('2D SPACE',''
  ) );
#7915 = ORIENTED_EDGE('',*,*,#7916,.T.);
#7916 = EDGE_CURVE('52@1_303_6',#7894,#7917,#7919,.T.);
#7917 = VERTEX_POINT('52@1_216_7',#7918);
#7918 = CARTESIAN_POINT('',(38.947166,16.,26.00000038));
#7919 = SURFACE_CURVE('',#7920,(#7924,#7931),.PCURVE_S1.);
#7920 = LINE('',#7921,#7922);
#7921 = CARTESIAN_POINT('',(38.947166,16.,24.));
#7922 = VECTOR('',#7923,1.);
#7923 = DIRECTION('',(-0.,0.,1.));
#7924 = PCURVE('',#4143,#7925);
#7925 = DEFINITIONAL_REPRESENTATION('',(#7926),#7930);
#7926 = LINE('',#7927,#7928);
#7927 = CARTESIAN_POINT('',(0.,-16.));
#7928 = VECTOR('',#7929,1.);
#7929 = DIRECTION('',(1.,0.));
#7930 = ( GEOMETRIC_REPRESENTATION_CONTEXT(2) 
PARAMETRIC_REPRESENTATION_CONTEXT() REPRESENTATION_CONTEXT('2D SPACE',''
  ) );
#7931 = PCURVE('',#7932,#7937);
#7932 = PLANE('',#7933);
#7933 = AXIS2_PLACEMENT_3D('',#7934,#7935,#7936);
#7934 = CARTESIAN_POINT('',(0.,16.,0.));
#7935 = DIRECTION('',(-0.,-1.,-0.));
#7936 = DIRECTION('',(-1.,0.,0.));
#7937 = DEFINITIONAL_REPRESENTATION('',(#7938),#7942);
#7938 = LINE('',#7939,#7940);
#7939 = CARTESIAN_POINT('',(-38.947166,-24.));
#7940 = VECTOR('',#7941,1.);
#7941 = DIRECTION('',(0.,-1.));
#7942 = ( GEOMETRIC_REPRESENTATION_CONTEXT(2) 
PARAMETRIC_REPRESENTATION_CONTEXT() REPRESENTATION_CONTEXT('2D SPACE',''
  ) );
#7943 = ORIENTED_EDGE('',*,*,#7944,.F.);
#7944 = EDGE_CURVE('52@1_302_6',#7945,#7917,#7947,.T.);
#7945 = VERTEX_POINT('52@1_215_7',#7946);
#7946 = CARTESIAN_POINT('',(38.947166,3.,26.00000038));
#7947 = SURFACE_CURVE('',#7948,(#7952,#7959),.PCURVE_S1.);
#7948 = LINE('',#7949,#7950);
#7949 = CARTESIAN_POINT('',(38.947166,0.,26.00000038));
#7950 = VECTOR('',#7951,1.);
#7951 = DIRECTION('',(0.,1.,0.));
#7952 = PCURVE('',#4143,#7953);
#7953 = DEFINITIONAL_REPRESENTATION('',(#7954),#7958);
#7954 = LINE('',#7955,#7956);
#7955 = CARTESIAN_POINT('',(2.00000038,0.));
#7956 = VECTOR('',#7957,1.);
#7957 = DIRECTION('',(0.,-1.));
#7958 = ( GEOMETRIC_REPRESENTATION_CONTEXT(2) 
PARAMETRIC_REPRESENTATION_CONTEXT() REPRESENTATION_CONTEXT('2D SPACE',''
  ) );
#7959 = PCURVE('',#7113,#7960);
#7960 = DEFINITIONAL_REPRESENTATION('',(#7961),#7965);
#7961 = LINE('',#7962,#7963);
#7962 = CARTESIAN_POINT('',(-38.947166,0.));
#7963 = VECTOR('',#7964,1.);
#7964 = DIRECTION('',(0.,-1.));
#7965 = ( GEOMETRIC_REPRESENTATION_CONTEXT(2) 
PARAMETRIC_REPRESENTATION_CONTEXT() REPRESENTATION_CONTEXT('2D SPACE',''
  ) );
#7966 = ORIENTED_EDGE('',*,*,#7967,.F.);
#7967 = EDGE_CURVE('52@1_301_6',#4100,#7945,#7968,.T.);
#7968 = SURFACE_CURVE('',#7969,(#7973,#7980),.PCURVE_S1.);
#7969 = LINE('',#7970,#7971);
#7970 = CARTESIAN_POINT('',(38.947166,3.,24.9953677));
#7971 = VECTOR('',#7972,1.);
#7972 = DIRECTION('',(-0.,0.,1.));
#7973 = PCURVE('',#4143,#7974);
#7974 = DEFINITIONAL_REPRESENTATION('',(#7975),#7979);
#7975 = LINE('',#7976,#7977);
#7976 = CARTESIAN_POINT('',(0.9953677,-3.));
#7977 = VECTOR('',#7978,1.);
#7978 = DIRECTION('',(1.,0.));
#7979 = ( GEOMETRIC_REPRESENTATION_CONTEXT(2) 
PARAMETRIC_REPRESENTATION_CONTEXT() REPRESENTATION_CONTEXT('2D SPACE',''
  ) );
#7980 = PCURVE('',#7981,#7986);
#7981 = PLANE('',#7982);
#7982 = AXIS2_PLACEMENT_3D('',#7983,#7984,#7985);
#7983 = CARTESIAN_POINT('',(0.,3.,0.));
#7984 = DIRECTION('',(-0.,-1.,-0.));
#7985 = DIRECTION('',(-1.,0.,0.));
#7986 = DEFINITIONAL_REPRESENTATION('',(#7987),#7991);
#7987 = LINE('',#7988,#7989);
#7988 = CARTESIAN_POINT('',(-38.947166,-24.9953677));
#7989 = VECTOR('',#7990,1.);
#7990 = DIRECTION('',(0.,-1.));
#7991 = ( GEOMETRIC_REPRESENTATION_CONTEXT(2) 
PARAMETRIC_REPRESENTATION_CONTEXT() REPRESENTATION_CONTEXT('2D SPACE',''
  ) );
#7992 = ADVANCED_FACE('52@1_77_4',(#7993),#4115,.T.);
#7993 = FACE_BOUND('',#7994,.T.);
#7994 = EDGE_LOOP('52@',(#7995,#7996,#8017,#8018,#8046,#8074,#8095,#8096
    ));
#7995 = ORIENTED_EDGE('',*,*,#6839,.F.);
#7996 = ORIENTED_EDGE('',*,*,#7997,.T.);
#7997 = EDGE_CURVE('52@1_305_6',#6840,#6229,#7998,.T.);
#7998 = SURFACE_CURVE('',#7999,(#8003,#8010),.PCURVE_S1.);
#7999 = LINE('',#8000,#8001);
#8000 = CARTESIAN_POINT('',(-45.5,0.,24.9953677));
#8001 = VECTOR('',#8002,1.);
#8002 = DIRECTION('',(0.,1.,0.));
#8003 = PCURVE('',#4115,#8004);
#8004 = DEFINITIONAL_REPRESENTATION('',(#8005),#8009);
#8005 = LINE('',#8006,#8007);
#8006 = CARTESIAN_POINT('',(0.,0.));
#8007 = VECTOR('',#8008,1.);
#8008 = DIRECTION('',(0.,-1.));
#8009 = ( GEOMETRIC_REPRESENTATION_CONTEXT(2) 
PARAMETRIC_REPRESENTATION_CONTEXT() REPRESENTATION_CONTEXT('2D SPACE',''
  ) );
#8010 = PCURVE('',#6267,#8011);
#8011 = DEFINITIONAL_REPRESENTATION('',(#8012),#8016);
#8012 = LINE('',#8013,#8014);
#8013 = CARTESIAN_POINT('',(0.,0.));
#8014 = VECTOR('',#8015,1.);
#8015 = DIRECTION('',(0.,-1.));
#8016 = ( GEOMETRIC_REPRESENTATION_CONTEXT(2) 
PARAMETRIC_REPRESENTATION_CONTEXT() REPRESENTATION_CONTEXT('2D SPACE',''
  ) );
#8017 = ORIENTED_EDGE('',*,*,#6228,.T.);
#8018 = ORIENTED_EDGE('',*,*,#8019,.T.);
#8019 = EDGE_CURVE('52@1_306_6',#6201,#8020,#8022,.T.);
#8020 = VERTEX_POINT('52@1_218_7',#8021);
#8021 = CARTESIAN_POINT('',(-16.02711577,3.,24.9953677));
#8022 = SURFACE_CURVE('',#8023,(#8027,#8034),.PCURVE_S1.);
#8023 = LINE('',#8024,#8025);
#8024 = CARTESIAN_POINT('',(-41.50940246,3.,24.9953677));
#8025 = VECTOR('',#8026,1.);
#8026 = DIRECTION('',(1.,0.,-0.));
#8027 = PCURVE('',#4115,#8028);
#8028 = DEFINITIONAL_REPRESENTATION('',(#8029),#8033);
#8029 = LINE('',#8030,#8031);
#8030 = CARTESIAN_POINT('',(3.99059754,-3.));
#8031 = VECTOR('',#8032,1.);
#8032 = DIRECTION('',(1.,0.));
#8033 = ( GEOMETRIC_REPRESENTATION_CONTEXT(2) 
PARAMETRIC_REPRESENTATION_CONTEXT() REPRESENTATION_CONTEXT('2D SPACE',''
  ) );
#8034 = PCURVE('',#8035,#8040);
#8035 = PLANE('',#8036);
#8036 = AXIS2_PLACEMENT_3D('',#8037,#8038,#8039);
#8037 = CARTESIAN_POINT('',(0.,3.,0.));
#8038 = DIRECTION('',(-0.,-1.,-0.));
#8039 = DIRECTION('',(-1.,0.,0.));
#8040 = DEFINITIONAL_REPRESENTATION('',(#8041),#8045);
#8041 = LINE('',#8042,#8043);
#8042 = CARTESIAN_POINT('',(41.50940246,-24.9953677));
#8043 = VECTOR('',#8044,1.);
#8044 = DIRECTION('',(-1.,0.));
#8045 = ( GEOMETRIC_REPRESENTATION_CONTEXT(2) 
PARAMETRIC_REPRESENTATION_CONTEXT() REPRESENTATION_CONTEXT('2D SPACE',''
  ) );
#8046 = ORIENTED_EDGE('',*,*,#8047,.T.);
#8047 = EDGE_CURVE('52@1_307_6',#8020,#8048,#8050,.T.);
#8048 = VERTEX_POINT('52@1_219_7',#8049);
#8049 = CARTESIAN_POINT('',(14.48064193,3.,24.9953677));
#8050 = SURFACE_CURVE('',#8051,(#8055,#8062),.PCURVE_S1.);
#8051 = LINE('',#8052,#8053);
#8052 = CARTESIAN_POINT('',(-45.5,3.,24.9953677));
#8053 = VECTOR('',#8054,1.);
#8054 = DIRECTION('',(1.,0.,-0.));
#8055 = PCURVE('',#4115,#8056);
#8056 = DEFINITIONAL_REPRESENTATION('',(#8057),#8061);
#8057 = LINE('',#8058,#8059);
#8058 = CARTESIAN_POINT('',(0.,-3.));
#8059 = VECTOR('',#8060,1.);
#8060 = DIRECTION('',(1.,0.));
#8061 = ( GEOMETRIC_REPRESENTATION_CONTEXT(2) 
PARAMETRIC_REPRESENTATION_CONTEXT() REPRESENTATION_CONTEXT('2D SPACE',''
  ) );
#8062 = PCURVE('',#8063,#8068);
#8063 = PLANE('',#8064);
#8064 = AXIS2_PLACEMENT_3D('',#8065,#8066,#8067);
#8065 = CARTESIAN_POINT('',(0.,3.,0.));
#8066 = DIRECTION('',(-0.,-1.,-0.));
#8067 = DIRECTION('',(-1.,0.,0.));
#8068 = DEFINITIONAL_REPRESENTATION('',(#8069),#8073);
#8069 = LINE('',#8070,#8071);
#8070 = CARTESIAN_POINT('',(45.5,-24.9953677));
#8071 = VECTOR('',#8072,1.);
#8072 = DIRECTION('',(-1.,0.));
#8073 = ( GEOMETRIC_REPRESENTATION_CONTEXT(2) 
PARAMETRIC_REPRESENTATION_CONTEXT() REPRESENTATION_CONTEXT('2D SPACE',''
  ) );
#8074 = ORIENTED_EDGE('',*,*,#8075,.T.);
#8075 = EDGE_CURVE('52@1_308_6',#8048,#4100,#8076,.T.);
#8076 = SURFACE_CURVE('',#8077,(#8081,#8088),.PCURVE_S1.);
#8077 = LINE('',#8078,#8079);
#8078 = CARTESIAN_POINT('',(14.48064193,3.,24.9953677));
#8079 = VECTOR('',#8080,1.);
#8080 = DIRECTION('',(1.,0.,-0.));
#8081 = PCURVE('',#4115,#8082);
#8082 = DEFINITIONAL_REPRESENTATION('',(#8083),#8087);
#8083 = LINE('',#8084,#8085);
#8084 = CARTESIAN_POINT('',(59.98064193,-3.));
#8085 = VECTOR('',#8086,1.);
#8086 = DIRECTION('',(1.,0.));
#8087 = ( GEOMETRIC_REPRESENTATION_CONTEXT(2) 
PARAMETRIC_REPRESENTATION_CONTEXT() REPRESENTATION_CONTEXT('2D SPACE',''
  ) );
#8088 = PCURVE('',#7981,#8089);
#8089 = DEFINITIONAL_REPRESENTATION('',(#8090),#8094);
#8090 = LINE('',#8091,#8092);
#8091 = CARTESIAN_POINT('',(-14.48064193,-24.9953677));
#8092 = VECTOR('',#8093,1.);
#8093 = DIRECTION('',(-1.,0.));
#8094 = ( GEOMETRIC_REPRESENTATION_CONTEXT(2) 
PARAMETRIC_REPRESENTATION_CONTEXT() REPRESENTATION_CONTEXT('2D SPACE',''
  ) );
#8095 = ORIENTED_EDGE('',*,*,#4099,.T.);
#8096 = ORIENTED_EDGE('',*,*,#6629,.F.);
#8097 = ADVANCED_FACE('52@1_78_4',(#8098),#4273,.T.);
#8098 = FACE_BOUND('',#8099,.T.);
#8099 = EDGE_LOOP('52@',(#8100,#8123,#8124,#8125,#8148,#8181));
#8100 = ORIENTED_EDGE('',*,*,#8101,.F.);
#8101 = EDGE_CURVE('52@1_309_6',#4258,#8102,#8104,.T.);
#8102 = VERTEX_POINT('52@1_220_7',#8103);
#8103 = CARTESIAN_POINT('',(38.85923952,6.5,10.48459524));
#8104 = SURFACE_CURVE('',#8105,(#8109,#8116),.PCURVE_S1.);
#8105 = LINE('',#8106,#8107);
#8106 = CARTESIAN_POINT('',(45.5,6.5,10.48459524));
#8107 = VECTOR('',#8108,1.);
#8108 = DIRECTION('',(-1.,0.,0.));
#8109 = PCURVE('',#4273,#8110);
#8110 = DEFINITIONAL_REPRESENTATION('',(#8111),#8115);
#8111 = LINE('',#8112,#8113);
#8112 = CARTESIAN_POINT('',(0.,0.));
#8113 = VECTOR('',#8114,1.);
#8114 = DIRECTION('',(1.,0.));
#8115 = ( GEOMETRIC_REPRESENTATION_CONTEXT(2) 
PARAMETRIC_REPRESENTATION_CONTEXT() REPRESENTATION_CONTEXT('2D SPACE',''
  ) );
#8116 = PCURVE('',#4301,#8117);
#8117 = DEFINITIONAL_REPRESENTATION('',(#8118),#8122);
#8118 = LINE('',#8119,#8120);
#8119 = CARTESIAN_POINT('',(-45.5,-10.48459524));
#8120 = VECTOR('',#8121,1.);
#8121 = DIRECTION('',(1.,0.));
#8122 = ( GEOMETRIC_REPRESENTATION_CONTEXT(2) 
PARAMETRIC_REPRESENTATION_CONTEXT() REPRESENTATION_CONTEXT('2D SPACE',''
  ) );
#8123 = ORIENTED_EDGE('',*,*,#4257,.T.);
#8124 = ORIENTED_EDGE('',*,*,#5604,.T.);
#8125 = ORIENTED_EDGE('',*,*,#8126,.F.);
#8126 = EDGE_CURVE('52@1_310_6',#8127,#5605,#8129,.T.);
#8127 = VERTEX_POINT('52@1_221_7',#8128);
#8128 = CARTESIAN_POINT('',(38.85923952,10.474120712046,10.48459524));
#8129 = SURFACE_CURVE('',#8130,(#8134,#8141),.PCURVE_S1.);
#8130 = LINE('',#8131,#8132);
#8131 = CARTESIAN_POINT('',(38.85923952,6.5,10.48459524));
#8132 = VECTOR('',#8133,1.);
#8133 = DIRECTION('',(0.,1.,0.));
#8134 = PCURVE('',#4273,#8135);
#8135 = DEFINITIONAL_REPRESENTATION('',(#8136),#8140);
#8136 = LINE('',#8137,#8138);
#8137 = CARTESIAN_POINT('',(6.64076048,0.));
#8138 = VECTOR('',#8139,1.);
#8139 = DIRECTION('',(0.,-1.));
#8140 = ( GEOMETRIC_REPRESENTATION_CONTEXT(2) 
PARAMETRIC_REPRESENTATION_CONTEXT() REPRESENTATION_CONTEXT('2D SPACE',''
  ) );
#8141 = PCURVE('',#5643,#8142);
#8142 = DEFINITIONAL_REPRESENTATION('',(#8143),#8147);
#8143 = LINE('',#8144,#8145);
#8144 = CARTESIAN_POINT('',(3.39785619,-9.));
#8145 = VECTOR('',#8146,1.);
#8146 = DIRECTION('',(0.,1.));
#8147 = ( GEOMETRIC_REPRESENTATION_CONTEXT(2) 
PARAMETRIC_REPRESENTATION_CONTEXT() REPRESENTATION_CONTEXT('2D SPACE',''
  ) );
#8148 = ORIENTED_EDGE('',*,*,#8149,.T.);
#8149 = EDGE_CURVE('52@1_311_6',#8127,#8150,#8152,.T.);
#8150 = VERTEX_POINT('52@1_222_7',#8151);
#8151 = CARTESIAN_POINT('',(38.85923952,8.488856187954,10.48459524));
#8152 = SURFACE_CURVE('',#8153,(#8158,#8169),.PCURVE_S1.);
#8153 = CIRCLE('',#8154,6.01851155);
#8154 = AXIS2_PLACEMENT_3D('',#8155,#8156,#8157);
#8155 = CARTESIAN_POINT('',(32.92314969,9.48148845,10.48459524));
#8156 = DIRECTION('',(1.080292299336E-30,-3.579083427612E-15,-1.));
#8157 = DIRECTION('',(1.,-1.665334536938E-16,1.676329423595E-30));
#8158 = PCURVE('',#4273,#8159);
#8159 = DEFINITIONAL_REPRESENTATION('',(#8160),#8168);
#8160 = ( BOUNDED_CURVE() B_SPLINE_CURVE(2,(#8161,#8162,#8163,#8164,
#8165,#8166,#8167),.UNSPECIFIED.,.T.,.F.) B_SPLINE_CURVE_WITH_KNOTS((1,2
    ,2,2,2,1),(-2.094395102393,0.,2.094395102393,4.188790204786,
6.28318530718,8.377580409573),.UNSPECIFIED.) CURVE() 
GEOMETRIC_REPRESENTATION_ITEM() RATIONAL_B_SPLINE_CURVE((1.,0.5,1.,0.5,
1.,0.5,1.)) REPRESENTATION_ITEM('') );
#8161 = CARTESIAN_POINT('',(6.55833876,-2.98148845));
#8162 = CARTESIAN_POINT('',(6.55833876,7.44287934054));
#8163 = CARTESIAN_POINT('',(15.586106085,2.23069544527));
#8164 = CARTESIAN_POINT('',(24.61387341,-2.98148845));
#8165 = CARTESIAN_POINT('',(15.586106085,-8.19367234527));
#8166 = CARTESIAN_POINT('',(6.55833876,-13.40585624054));
#8167 = CARTESIAN_POINT('',(6.55833876,-2.98148845));
#8168 = ( GEOMETRIC_REPRESENTATION_CONTEXT(2) 
PARAMETRIC_REPRESENTATION_CONTEXT() REPRESENTATION_CONTEXT('2D SPACE',''
  ) );
#8169 = PCURVE('',#8170,#8175);
#8170 = CYLINDRICAL_SURFACE('',#8171,6.01851155);
#8171 = AXIS2_PLACEMENT_3D('',#8172,#8173,#8174);
#8172 = CARTESIAN_POINT('',(32.92314969,9.48148845,-76.));
#8173 = DIRECTION('',(0.,0.,-1.));
#8174 = DIRECTION('',(1.,0.,0.));
#8175 = DEFINITIONAL_REPRESENTATION('',(#8176),#8180);
#8176 = LINE('',#8177,#8178);
#8177 = CARTESIAN_POINT('',(0.,-86.48459524));
#8178 = VECTOR('',#8179,1.);
#8179 = DIRECTION('',(1.,0.));
#8180 = ( GEOMETRIC_REPRESENTATION_CONTEXT(2) 
PARAMETRIC_REPRESENTATION_CONTEXT() REPRESENTATION_CONTEXT('2D SPACE',''
  ) );
#8181 = ORIENTED_EDGE('',*,*,#8182,.F.);
#8182 = EDGE_CURVE('52@1_312_6',#8102,#8150,#8183,.T.);
#8183 = SURFACE_CURVE('',#8184,(#8188,#8195),.PCURVE_S1.);
#8184 = LINE('',#8185,#8186);
#8185 = CARTESIAN_POINT('',(38.85923952,6.5,10.48459524));
#8186 = VECTOR('',#8187,1.);
#8187 = DIRECTION('',(0.,1.,0.));
#8188 = PCURVE('',#4273,#8189);
#8189 = DEFINITIONAL_REPRESENTATION('',(#8190),#8194);
#8190 = LINE('',#8191,#8192);
#8191 = CARTESIAN_POINT('',(6.64076048,0.));
#8192 = VECTOR('',#8193,1.);
#8193 = DIRECTION('',(0.,-1.));
#8194 = ( GEOMETRIC_REPRESENTATION_CONTEXT(2) 
PARAMETRIC_REPRESENTATION_CONTEXT() REPRESENTATION_CONTEXT('2D SPACE',''
  ) );
#8195 = PCURVE('',#8196,#8201);
#8196 = PLANE('',#8197);
#8197 = AXIS2_PLACEMENT_3D('',#8198,#8199,#8200);
#8198 = CARTESIAN_POINT('',(38.85923952,15.5,7.08673905));
#8199 = DIRECTION('',(-1.,0.,-0.));
#8200 = DIRECTION('',(0.,0.,1.));
#8201 = DEFINITIONAL_REPRESENTATION('',(#8202),#8206);
#8202 = LINE('',#8203,#8204);
#8203 = CARTESIAN_POINT('',(3.39785619,-9.));
#8204 = VECTOR('',#8205,1.);
#8205 = DIRECTION('',(0.,1.));
#8206 = ( GEOMETRIC_REPRESENTATION_CONTEXT(2) 
PARAMETRIC_REPRESENTATION_CONTEXT() REPRESENTATION_CONTEXT('2D SPACE',''
  ) );
#8207 = ADVANCED_FACE('52@1_79_4',(#8208),#4301,.T.);
#8208 = FACE_BOUND('',#8209,.T.);
#8209 = EDGE_LOOP('52@',(#8210,#8211,#8212,#8235));
#8210 = ORIENTED_EDGE('',*,*,#4285,.F.);
#8211 = ORIENTED_EDGE('',*,*,#8101,.T.);
#8212 = ORIENTED_EDGE('',*,*,#8213,.F.);
#8213 = EDGE_CURVE('52@1_314_6',#8214,#8102,#8216,.T.);
#8214 = VERTEX_POINT('52@1_223_7',#8215);
#8215 = CARTESIAN_POINT('',(38.85923952,6.5,7.08673905));
#8216 = SURFACE_CURVE('',#8217,(#8221,#8228),.PCURVE_S1.);
#8217 = LINE('',#8218,#8219);
#8218 = CARTESIAN_POINT('',(38.85923952,6.5,7.08673905));
#8219 = VECTOR('',#8220,1.);
#8220 = DIRECTION('',(-0.,0.,1.));
#8221 = PCURVE('',#4301,#8222);
#8222 = DEFINITIONAL_REPRESENTATION('',(#8223),#8227);
#8223 = LINE('',#8224,#8225);
#8224 = CARTESIAN_POINT('',(-38.85923952,-7.08673905));
#8225 = VECTOR('',#8226,1.);
#8226 = DIRECTION('',(0.,-1.));
#8227 = ( GEOMETRIC_REPRESENTATION_CONTEXT(2) 
PARAMETRIC_REPRESENTATION_CONTEXT() REPRESENTATION_CONTEXT('2D SPACE',''
  ) );
#8228 = PCURVE('',#8196,#8229);
#8229 = DEFINITIONAL_REPRESENTATION('',(#8230),#8234);
#8230 = LINE('',#8231,#8232);
#8231 = CARTESIAN_POINT('',(0.,-9.));
#8232 = VECTOR('',#8233,1.);
#8233 = DIRECTION('',(1.,0.));
#8234 = ( GEOMETRIC_REPRESENTATION_CONTEXT(2) 
PARAMETRIC_REPRESENTATION_CONTEXT() REPRESENTATION_CONTEXT('2D SPACE',''
  ) );
#8235 = ORIENTED_EDGE('',*,*,#8236,.F.);
#8236 = EDGE_CURVE('52@1_313_6',#4286,#8214,#8237,.T.);
#8237 = SURFACE_CURVE('',#8238,(#8242,#8249),.PCURVE_S1.);
#8238 = LINE('',#8239,#8240);
#8239 = CARTESIAN_POINT('',(45.5,6.5,7.08673905));
#8240 = VECTOR('',#8241,1.);
#8241 = DIRECTION('',(-1.,0.,0.));
#8242 = PCURVE('',#4301,#8243);
#8243 = DEFINITIONAL_REPRESENTATION('',(#8244),#8248);
#8244 = LINE('',#8245,#8246);
#8245 = CARTESIAN_POINT('',(-45.5,-7.08673905));
#8246 = VECTOR('',#8247,1.);
#8247 = DIRECTION('',(1.,0.));
#8248 = ( GEOMETRIC_REPRESENTATION_CONTEXT(2) 
PARAMETRIC_REPRESENTATION_CONTEXT() REPRESENTATION_CONTEXT('2D SPACE',''
  ) );
#8249 = PCURVE('',#4329,#8250);
#8250 = DEFINITIONAL_REPRESENTATION('',(#8251),#8255);
#8251 = LINE('',#8252,#8253);
#8252 = CARTESIAN_POINT('',(0.,-9.));
#8253 = VECTOR('',#8254,1.);
#8254 = DIRECTION('',(1.,0.));
#8255 = ( GEOMETRIC_REPRESENTATION_CONTEXT(2) 
PARAMETRIC_REPRESENTATION_CONTEXT() REPRESENTATION_CONTEXT('2D SPACE',''
  ) );
#8256 = ADVANCED_FACE('52@1_80_4',(#8257),#4329,.T.);
#8257 = FACE_BOUND('',#8258,.T.);
#8258 = EDGE_LOOP('52@',(#8259,#8260,#8261,#8262,#8285,#8313));
#8259 = ORIENTED_EDGE('',*,*,#5655,.F.);
#8260 = ORIENTED_EDGE('',*,*,#4313,.T.);
#8261 = ORIENTED_EDGE('',*,*,#8236,.T.);
#8262 = ORIENTED_EDGE('',*,*,#8263,.F.);
#8263 = EDGE_CURVE('52@1_315_6',#8264,#8214,#8266,.T.);
#8264 = VERTEX_POINT('52@1_224_7',#8265);
#8265 = CARTESIAN_POINT('',(38.85923952,8.488856187955,7.08673905));
#8266 = SURFACE_CURVE('',#8267,(#8271,#8278),.PCURVE_S1.);
#8267 = LINE('',#8268,#8269);
#8268 = CARTESIAN_POINT('',(38.85923952,15.5,7.08673905));
#8269 = VECTOR('',#8270,1.);
#8270 = DIRECTION('',(-0.,-1.,-0.));
#8271 = PCURVE('',#4329,#8272);
#8272 = DEFINITIONAL_REPRESENTATION('',(#8273),#8277);
#8273 = LINE('',#8274,#8275);
#8274 = CARTESIAN_POINT('',(6.64076048,0.));
#8275 = VECTOR('',#8276,1.);
#8276 = DIRECTION('',(0.,-1.));
#8277 = ( GEOMETRIC_REPRESENTATION_CONTEXT(2) 
PARAMETRIC_REPRESENTATION_CONTEXT() REPRESENTATION_CONTEXT('2D SPACE',''
  ) );
#8278 = PCURVE('',#8196,#8279);
#8279 = DEFINITIONAL_REPRESENTATION('',(#8280),#8284);
#8280 = LINE('',#8281,#8282);
#8281 = CARTESIAN_POINT('',(0.,0.));
#8282 = VECTOR('',#8283,1.);
#8283 = DIRECTION('',(0.,-1.));
#8284 = ( GEOMETRIC_REPRESENTATION_CONTEXT(2) 
PARAMETRIC_REPRESENTATION_CONTEXT() REPRESENTATION_CONTEXT('2D SPACE',''
  ) );
#8285 = ORIENTED_EDGE('',*,*,#8286,.T.);
#8286 = EDGE_CURVE('52@1_316_6',#8264,#8287,#8289,.T.);
#8287 = VERTEX_POINT('52@1_225_7',#8288);
#8288 = CARTESIAN_POINT('',(38.85923952,10.474120712045,7.08673905));
#8289 = SURFACE_CURVE('',#8290,(#8295,#8306),.PCURVE_S1.);
#8290 = CIRCLE('',#8291,6.01851155);
#8291 = AXIS2_PLACEMENT_3D('',#8292,#8293,#8294);
#8292 = CARTESIAN_POINT('',(32.92314969,9.48148845,7.08673905));
#8293 = DIRECTION('',(3.494951115469E-46,-5.368625141419E-15,1.));
#8294 = DIRECTION('',(1.,6.509955572249E-32,0.));
#8295 = PCURVE('',#4329,#8296);
#8296 = DEFINITIONAL_REPRESENTATION('',(#8297),#8305);
#8297 = ( BOUNDED_CURVE() B_SPLINE_CURVE(2,(#8298,#8299,#8300,#8301,
#8302,#8303,#8304),.UNSPECIFIED.,.T.,.F.) B_SPLINE_CURVE_WITH_KNOTS((1,2
    ,2,2,2,1),(-2.094395102393,0.,2.094395102393,4.188790204786,
6.28318530718,8.377580409573),.UNSPECIFIED.) CURVE() 
GEOMETRIC_REPRESENTATION_ITEM() RATIONAL_B_SPLINE_CURVE((1.,0.5,1.,0.5,
1.,0.5,1.)) REPRESENTATION_ITEM('') );
#8298 = CARTESIAN_POINT('',(6.55833876,-6.01851155));
#8299 = CARTESIAN_POINT('',(6.55833876,4.40585624054));
#8300 = CARTESIAN_POINT('',(15.586106085,-0.80632765473));
#8301 = CARTESIAN_POINT('',(24.61387341,-6.01851155));
#8302 = CARTESIAN_POINT('',(15.586106085,-11.23069544527));
#8303 = CARTESIAN_POINT('',(6.55833876,-16.44287934054));
#8304 = CARTESIAN_POINT('',(6.55833876,-6.01851155));
#8305 = ( GEOMETRIC_REPRESENTATION_CONTEXT(2) 
PARAMETRIC_REPRESENTATION_CONTEXT() REPRESENTATION_CONTEXT('2D SPACE',''
  ) );
#8306 = PCURVE('',#8170,#8307);
#8307 = DEFINITIONAL_REPRESENTATION('',(#8308),#8312);
#8308 = LINE('',#8309,#8310);
#8309 = CARTESIAN_POINT('',(6.28318530718,-83.08673905));
#8310 = VECTOR('',#8311,1.);
#8311 = DIRECTION('',(-1.,-0.));
#8312 = ( GEOMETRIC_REPRESENTATION_CONTEXT(2) 
PARAMETRIC_REPRESENTATION_CONTEXT() REPRESENTATION_CONTEXT('2D SPACE',''
  ) );
#8313 = ORIENTED_EDGE('',*,*,#8314,.F.);
#8314 = EDGE_CURVE('52@1_317_6',#5628,#8287,#8315,.T.);
#8315 = SURFACE_CURVE('',#8316,(#8320,#8327),.PCURVE_S1.);
#8316 = LINE('',#8317,#8318);
#8317 = CARTESIAN_POINT('',(38.85923952,15.5,7.08673905));
#8318 = VECTOR('',#8319,1.);
#8319 = DIRECTION('',(-0.,-1.,-0.));
#8320 = PCURVE('',#4329,#8321);
#8321 = DEFINITIONAL_REPRESENTATION('',(#8322),#8326);
#8322 = LINE('',#8323,#8324);
#8323 = CARTESIAN_POINT('',(6.64076048,0.));
#8324 = VECTOR('',#8325,1.);
#8325 = DIRECTION('',(0.,-1.));
#8326 = ( GEOMETRIC_REPRESENTATION_CONTEXT(2) 
PARAMETRIC_REPRESENTATION_CONTEXT() REPRESENTATION_CONTEXT('2D SPACE',''
  ) );
#8327 = PCURVE('',#5643,#8328);
#8328 = DEFINITIONAL_REPRESENTATION('',(#8329),#8333);
#8329 = LINE('',#8330,#8331);
#8330 = CARTESIAN_POINT('',(0.,0.));
#8331 = VECTOR('',#8332,1.);
#8332 = DIRECTION('',(0.,-1.));
#8333 = ( GEOMETRIC_REPRESENTATION_CONTEXT(2) 
PARAMETRIC_REPRESENTATION_CONTEXT() REPRESENTATION_CONTEXT('2D SPACE',''
  ) );
#8334 = ADVANCED_FACE('52@1_81_4',(#8335),#4380,.T.);
#8335 = FACE_BOUND('',#8336,.T.);
#8336 = EDGE_LOOP('52@',(#8337,#8338,#8361,#8394,#8422,#8443));
#8337 = ORIENTED_EDGE('',*,*,#5677,.F.);
#8338 = ORIENTED_EDGE('',*,*,#8339,.T.);
#8339 = EDGE_CURVE('52@1_318_6',#5678,#8340,#8342,.T.);
#8340 = VERTEX_POINT('52@1_226_7',#8341);
#8341 = CARTESIAN_POINT('',(38.85923952,10.474120712045,-7.05230064));
#8342 = SURFACE_CURVE('',#8343,(#8347,#8354),.PCURVE_S1.);
#8343 = LINE('',#8344,#8345);
#8344 = CARTESIAN_POINT('',(38.85923952,15.5,-7.05230064));
#8345 = VECTOR('',#8346,1.);
#8346 = DIRECTION('',(-0.,-1.,-0.));
#8347 = PCURVE('',#4380,#8348);
#8348 = DEFINITIONAL_REPRESENTATION('',(#8349),#8353);
#8349 = LINE('',#8350,#8351);
#8350 = CARTESIAN_POINT('',(0.,0.));
#8351 = VECTOR('',#8352,1.);
#8352 = DIRECTION('',(-0.,-1.));
#8353 = ( GEOMETRIC_REPRESENTATION_CONTEXT(2) 
PARAMETRIC_REPRESENTATION_CONTEXT() REPRESENTATION_CONTEXT('2D SPACE',''
  ) );
#8354 = PCURVE('',#5716,#8355);
#8355 = DEFINITIONAL_REPRESENTATION('',(#8356),#8360);
#8356 = LINE('',#8357,#8358);
#8357 = CARTESIAN_POINT('',(9.65558117,0.));
#8358 = VECTOR('',#8359,1.);
#8359 = DIRECTION('',(0.,-1.));
#8360 = ( GEOMETRIC_REPRESENTATION_CONTEXT(2) 
PARAMETRIC_REPRESENTATION_CONTEXT() REPRESENTATION_CONTEXT('2D SPACE',''
  ) );
#8361 = ORIENTED_EDGE('',*,*,#8362,.T.);
#8362 = EDGE_CURVE('52@1_319_6',#8340,#8363,#8365,.T.);
#8363 = VERTEX_POINT('52@1_227_7',#8364);
#8364 = CARTESIAN_POINT('',(38.85923952,8.488856187955,-7.05230064));
#8365 = SURFACE_CURVE('',#8366,(#8371,#8382),.PCURVE_S1.);
#8366 = CIRCLE('',#8367,6.01851155);
#8367 = AXIS2_PLACEMENT_3D('',#8368,#8369,#8370);
#8368 = CARTESIAN_POINT('',(32.92314969,9.48148845,-7.05230064));
#8369 = DIRECTION('',(5.309973052041E-31,-1.789541713806E-15,-1.));
#8370 = DIRECTION('',(1.,-8.604228440845E-16,2.070759876205E-30));
#8371 = PCURVE('',#4380,#8372);
#8372 = DEFINITIONAL_REPRESENTATION('',(#8373),#8381);
#8373 = ( BOUNDED_CURVE() B_SPLINE_CURVE(2,(#8374,#8375,#8376,#8377,
#8378,#8379,#8380),.UNSPECIFIED.,.T.,.F.) B_SPLINE_CURVE_WITH_KNOTS((1,2
    ,2,2,2,1),(-2.094395102393,0.,2.094395102393,4.188790204786,
6.28318530718,8.377580409573),.UNSPECIFIED.) CURVE() 
GEOMETRIC_REPRESENTATION_ITEM() RATIONAL_B_SPLINE_CURVE((1.,0.5,1.,0.5,
1.,0.5,1.)) REPRESENTATION_ITEM('') );
#8374 = CARTESIAN_POINT('',(8.242172E-02,-6.01851155));
#8375 = CARTESIAN_POINT('',(8.242171999999E-02,-16.44287934054));
#8376 = CARTESIAN_POINT('',(-8.945345605,-11.23069544527));
#8377 = CARTESIAN_POINT('',(-17.97311293,-6.01851155));
#8378 = CARTESIAN_POINT('',(-8.945345605,-0.80632765473));
#8379 = CARTESIAN_POINT('',(8.242172E-02,4.40585624054));
#8380 = CARTESIAN_POINT('',(8.242172E-02,-6.01851155));
#8381 = ( GEOMETRIC_REPRESENTATION_CONTEXT(2) 
PARAMETRIC_REPRESENTATION_CONTEXT() REPRESENTATION_CONTEXT('2D SPACE',''
  ) );
#8382 = PCURVE('',#8383,#8388);
#8383 = CYLINDRICAL_SURFACE('',#8384,6.01851155);
#8384 = AXIS2_PLACEMENT_3D('',#8385,#8386,#8387);
#8385 = CARTESIAN_POINT('',(32.92314969,9.48148845,-76.));
#8386 = DIRECTION('',(0.,0.,-1.));
#8387 = DIRECTION('',(1.,0.,0.));
#8388 = DEFINITIONAL_REPRESENTATION('',(#8389),#8393);
#8389 = LINE('',#8390,#8391);
#8390 = CARTESIAN_POINT('',(0.,-68.94769936));
#8391 = VECTOR('',#8392,1.);
#8392 = DIRECTION('',(1.,0.));
#8393 = ( GEOMETRIC_REPRESENTATION_CONTEXT(2) 
PARAMETRIC_REPRESENTATION_CONTEXT() REPRESENTATION_CONTEXT('2D SPACE',''
  ) );
#8394 = ORIENTED_EDGE('',*,*,#8395,.T.);
#8395 = EDGE_CURVE('52@1_320_6',#8363,#8396,#8398,.T.);
#8396 = VERTEX_POINT('52@1_228_7',#8397);
#8397 = CARTESIAN_POINT('',(38.85923952,6.5,-7.05230064));
#8398 = SURFACE_CURVE('',#8399,(#8403,#8410),.PCURVE_S1.);
#8399 = LINE('',#8400,#8401);
#8400 = CARTESIAN_POINT('',(38.85923952,15.5,-7.05230064));
#8401 = VECTOR('',#8402,1.);
#8402 = DIRECTION('',(-0.,-1.,-0.));
#8403 = PCURVE('',#4380,#8404);
#8404 = DEFINITIONAL_REPRESENTATION('',(#8405),#8409);
#8405 = LINE('',#8406,#8407);
#8406 = CARTESIAN_POINT('',(0.,0.));
#8407 = VECTOR('',#8408,1.);
#8408 = DIRECTION('',(-0.,-1.));
#8409 = ( GEOMETRIC_REPRESENTATION_CONTEXT(2) 
PARAMETRIC_REPRESENTATION_CONTEXT() REPRESENTATION_CONTEXT('2D SPACE',''
  ) );
#8410 = PCURVE('',#8411,#8416);
#8411 = PLANE('',#8412);
#8412 = AXIS2_PLACEMENT_3D('',#8413,#8414,#8415);
#8413 = CARTESIAN_POINT('',(38.85923952,15.5,-16.70788181));
#8414 = DIRECTION('',(-1.,0.,-0.));
#8415 = DIRECTION('',(0.,0.,1.));
#8416 = DEFINITIONAL_REPRESENTATION('',(#8417),#8421);
#8417 = LINE('',#8418,#8419);
#8418 = CARTESIAN_POINT('',(9.65558117,0.));
#8419 = VECTOR('',#8420,1.);
#8420 = DIRECTION('',(0.,-1.));
#8421 = ( GEOMETRIC_REPRESENTATION_CONTEXT(2) 
PARAMETRIC_REPRESENTATION_CONTEXT() REPRESENTATION_CONTEXT('2D SPACE',''
  ) );
#8422 = ORIENTED_EDGE('',*,*,#8423,.T.);
#8423 = EDGE_CURVE('52@1_321_6',#8396,#4365,#8424,.T.);
#8424 = SURFACE_CURVE('',#8425,(#8429,#8436),.PCURVE_S1.);
#8425 = LINE('',#8426,#8427);
#8426 = CARTESIAN_POINT('',(38.85923952,6.5,-7.05230064));
#8427 = VECTOR('',#8428,1.);
#8428 = DIRECTION('',(1.,0.,-0.));
#8429 = PCURVE('',#4380,#8430);
#8430 = DEFINITIONAL_REPRESENTATION('',(#8431),#8435);
#8431 = LINE('',#8432,#8433);
#8432 = CARTESIAN_POINT('',(0.,-9.));
#8433 = VECTOR('',#8434,1.);
#8434 = DIRECTION('',(1.,0.));
#8435 = ( GEOMETRIC_REPRESENTATION_CONTEXT(2) 
PARAMETRIC_REPRESENTATION_CONTEXT() REPRESENTATION_CONTEXT('2D SPACE',''
  ) );
#8436 = PCURVE('',#4408,#8437);
#8437 = DEFINITIONAL_REPRESENTATION('',(#8438),#8442);
#8438 = LINE('',#8439,#8440);
#8439 = CARTESIAN_POINT('',(-38.85923952,7.05230064));
#8440 = VECTOR('',#8441,1.);
#8441 = DIRECTION('',(-1.,0.));
#8442 = ( GEOMETRIC_REPRESENTATION_CONTEXT(2) 
PARAMETRIC_REPRESENTATION_CONTEXT() REPRESENTATION_CONTEXT('2D SPACE',''
  ) );
#8443 = ORIENTED_EDGE('',*,*,#4364,.F.);
#8444 = ADVANCED_FACE('52@1_82_4',(#8445),#4408,.T.);
#8445 = FACE_BOUND('',#8446,.T.);
#8446 = EDGE_LOOP('52@',(#8447,#8448,#8449,#8472));
#8447 = ORIENTED_EDGE('',*,*,#4392,.F.);
#8448 = ORIENTED_EDGE('',*,*,#8423,.F.);
#8449 = ORIENTED_EDGE('',*,*,#8450,.F.);
#8450 = EDGE_CURVE('52@1_323_6',#8451,#8396,#8453,.T.);
#8451 = VERTEX_POINT('52@1_229_7',#8452);
#8452 = CARTESIAN_POINT('',(38.85923952,6.5,-10.96103201));
#8453 = SURFACE_CURVE('',#8454,(#8458,#8465),.PCURVE_S1.);
#8454 = LINE('',#8455,#8456);
#8455 = CARTESIAN_POINT('',(38.85923952,6.5,-16.70788181));
#8456 = VECTOR('',#8457,1.);
#8457 = DIRECTION('',(-0.,0.,1.));
#8458 = PCURVE('',#4408,#8459);
#8459 = DEFINITIONAL_REPRESENTATION('',(#8460),#8464);
#8460 = LINE('',#8461,#8462);
#8461 = CARTESIAN_POINT('',(-38.85923952,16.70788181));
#8462 = VECTOR('',#8463,1.);
#8463 = DIRECTION('',(0.,-1.));
#8464 = ( GEOMETRIC_REPRESENTATION_CONTEXT(2) 
PARAMETRIC_REPRESENTATION_CONTEXT() REPRESENTATION_CONTEXT('2D SPACE',''
  ) );
#8465 = PCURVE('',#8411,#8466);
#8466 = DEFINITIONAL_REPRESENTATION('',(#8467),#8471);
#8467 = LINE('',#8468,#8469);
#8468 = CARTESIAN_POINT('',(0.,-9.));
#8469 = VECTOR('',#8470,1.);
#8470 = DIRECTION('',(1.,0.));
#8471 = ( GEOMETRIC_REPRESENTATION_CONTEXT(2) 
PARAMETRIC_REPRESENTATION_CONTEXT() REPRESENTATION_CONTEXT('2D SPACE',''
  ) );
#8472 = ORIENTED_EDGE('',*,*,#8473,.F.);
#8473 = EDGE_CURVE('52@1_322_6',#4393,#8451,#8474,.T.);
#8474 = SURFACE_CURVE('',#8475,(#8479,#8486),.PCURVE_S1.);
#8475 = LINE('',#8476,#8477);
#8476 = CARTESIAN_POINT('',(45.5,6.5,-10.96103201));
#8477 = VECTOR('',#8478,1.);
#8478 = DIRECTION('',(-1.,0.,0.));
#8479 = PCURVE('',#4408,#8480);
#8480 = DEFINITIONAL_REPRESENTATION('',(#8481),#8485);
#8481 = LINE('',#8482,#8483);
#8482 = CARTESIAN_POINT('',(-45.5,10.96103201));
#8483 = VECTOR('',#8484,1.);
#8484 = DIRECTION('',(1.,0.));
#8485 = ( GEOMETRIC_REPRESENTATION_CONTEXT(2) 
PARAMETRIC_REPRESENTATION_CONTEXT() REPRESENTATION_CONTEXT('2D SPACE',''
  ) );
#8486 = PCURVE('',#4436,#8487);
#8487 = DEFINITIONAL_REPRESENTATION('',(#8488),#8492);
#8488 = LINE('',#8489,#8490);
#8489 = CARTESIAN_POINT('',(0.,0.));
#8490 = VECTOR('',#8491,1.);
#8491 = DIRECTION('',(1.,0.));
#8492 = ( GEOMETRIC_REPRESENTATION_CONTEXT(2) 
PARAMETRIC_REPRESENTATION_CONTEXT() REPRESENTATION_CONTEXT('2D SPACE',''
  ) );
#8493 = ADVANCED_FACE('52@1_83_4',(#8494),#4436,.F.);
#8494 = FACE_BOUND('',#8495,.F.);
#8495 = EDGE_LOOP('52@',(#8496,#8497,#8498,#8499,#8522,#8546));
#8496 = ORIENTED_EDGE('',*,*,#8473,.F.);
#8497 = ORIENTED_EDGE('',*,*,#4420,.T.);
#8498 = ORIENTED_EDGE('',*,*,#5728,.T.);
#8499 = ORIENTED_EDGE('',*,*,#8500,.F.);
#8500 = EDGE_CURVE('52@1_324_6',#8501,#5701,#8503,.T.);
#8501 = VERTEX_POINT('52@1_230_7',#8502);
#8502 = CARTESIAN_POINT('',(38.85923952,10.474120712046,-10.96103201));
#8503 = SURFACE_CURVE('',#8504,(#8508,#8515),.PCURVE_S1.);
#8504 = LINE('',#8505,#8506);
#8505 = CARTESIAN_POINT('',(38.85923952,6.5,-10.96103201));
#8506 = VECTOR('',#8507,1.);
#8507 = DIRECTION('',(0.,1.,0.));
#8508 = PCURVE('',#4436,#8509);
#8509 = DEFINITIONAL_REPRESENTATION('',(#8510),#8514);
#8510 = LINE('',#8511,#8512);
#8511 = CARTESIAN_POINT('',(6.64076048,0.));
#8512 = VECTOR('',#8513,1.);
#8513 = DIRECTION('',(0.,-1.));
#8514 = ( GEOMETRIC_REPRESENTATION_CONTEXT(2) 
PARAMETRIC_REPRESENTATION_CONTEXT() REPRESENTATION_CONTEXT('2D SPACE',''
  ) );
#8515 = PCURVE('',#5716,#8516);
#8516 = DEFINITIONAL_REPRESENTATION('',(#8517),#8521);
#8517 = LINE('',#8518,#8519);
#8518 = CARTESIAN_POINT('',(5.7468498,-9.));
#8519 = VECTOR('',#8520,1.);
#8520 = DIRECTION('',(0.,1.));
#8521 = ( GEOMETRIC_REPRESENTATION_CONTEXT(2) 
PARAMETRIC_REPRESENTATION_CONTEXT() REPRESENTATION_CONTEXT('2D SPACE',''
  ) );
#8522 = ORIENTED_EDGE('',*,*,#8523,.F.);
#8523 = EDGE_CURVE('52@1_325_6',#8524,#8501,#8526,.T.);
#8524 = VERTEX_POINT('52@1_231_7',#8525);
#8525 = CARTESIAN_POINT('',(38.85923952,8.488856187954,-10.96103201));
#8526 = SURFACE_CURVE('',#8527,(#8532,#8539),.PCURVE_S1.);
#8527 = CIRCLE('',#8528,6.01851155);
#8528 = AXIS2_PLACEMENT_3D('',#8529,#8530,#8531);
#8529 = CARTESIAN_POINT('',(32.92314969,9.48148845,-10.96103201));
#8530 = DIRECTION('',(1.03554107125E-46,-3.579083427612E-15,1.));
#8531 = DIRECTION('',(1.,2.893313587666E-32,0.));
#8532 = PCURVE('',#4436,#8533);
#8533 = DEFINITIONAL_REPRESENTATION('',(#8534),#8538);
#8534 = CIRCLE('',#8535,6.01851155);
#8535 = AXIS2_PLACEMENT_2D('',#8536,#8537);
#8536 = CARTESIAN_POINT('',(12.57685031,-2.98148845));
#8537 = DIRECTION('',(-1.,-2.893313587666E-32));
#8538 = ( GEOMETRIC_REPRESENTATION_CONTEXT(2) 
PARAMETRIC_REPRESENTATION_CONTEXT() REPRESENTATION_CONTEXT('2D SPACE',''
  ) );
#8539 = PCURVE('',#8383,#8540);
#8540 = DEFINITIONAL_REPRESENTATION('',(#8541),#8545);
#8541 = LINE('',#8542,#8543);
#8542 = CARTESIAN_POINT('',(6.28318530718,-65.03896799));
#8543 = VECTOR('',#8544,1.);
#8544 = DIRECTION('',(-1.,-0.));
#8545 = ( GEOMETRIC_REPRESENTATION_CONTEXT(2) 
PARAMETRIC_REPRESENTATION_CONTEXT() REPRESENTATION_CONTEXT('2D SPACE',''
  ) );
#8546 = ORIENTED_EDGE('',*,*,#8547,.F.);
#8547 = EDGE_CURVE('52@1_326_6',#8451,#8524,#8548,.T.);
#8548 = SURFACE_CURVE('',#8549,(#8553,#8560),.PCURVE_S1.);
#8549 = LINE('',#8550,#8551);
#8550 = CARTESIAN_POINT('',(38.85923952,6.5,-10.96103201));
#8551 = VECTOR('',#8552,1.);
#8552 = DIRECTION('',(0.,1.,0.));
#8553 = PCURVE('',#4436,#8554);
#8554 = DEFINITIONAL_REPRESENTATION('',(#8555),#8559);
#8555 = LINE('',#8556,#8557);
#8556 = CARTESIAN_POINT('',(6.64076048,0.));
#8557 = VECTOR('',#8558,1.);
#8558 = DIRECTION('',(0.,-1.));
#8559 = ( GEOMETRIC_REPRESENTATION_CONTEXT(2) 
PARAMETRIC_REPRESENTATION_CONTEXT() REPRESENTATION_CONTEXT('2D SPACE',''
  ) );
#8560 = PCURVE('',#8411,#8561);
#8561 = DEFINITIONAL_REPRESENTATION('',(#8562),#8566);
#8562 = LINE('',#8563,#8564);
#8563 = CARTESIAN_POINT('',(5.7468498,-9.));
#8564 = VECTOR('',#8565,1.);
#8565 = DIRECTION('',(0.,1.));
#8566 = ( GEOMETRIC_REPRESENTATION_CONTEXT(2) 
PARAMETRIC_REPRESENTATION_CONTEXT() REPRESENTATION_CONTEXT('2D SPACE',''
  ) );
#8567 = ADVANCED_FACE('52@1_84_4',(#8568),#5716,.T.);
#8568 = FACE_BOUND('',#8569,.T.);
#8569 = EDGE_LOOP('52@',(#8570,#8571,#8572,#8593));
#8570 = ORIENTED_EDGE('',*,*,#5700,.F.);
#8571 = ORIENTED_EDGE('',*,*,#8500,.F.);
#8572 = ORIENTED_EDGE('',*,*,#8573,.F.);
#8573 = EDGE_CURVE('52@1_327_6',#8340,#8501,#8574,.T.);
#8574 = SURFACE_CURVE('',#8575,(#8579,#8586),.PCURVE_S1.);
#8575 = LINE('',#8576,#8577);
#8576 = CARTESIAN_POINT('',(38.85923952,10.474120712046,-76.));
#8577 = VECTOR('',#8578,1.);
#8578 = DIRECTION('',(0.,0.,-1.));
#8579 = PCURVE('',#5716,#8580);
#8580 = DEFINITIONAL_REPRESENTATION('',(#8581),#8585);
#8581 = LINE('',#8582,#8583);
#8582 = CARTESIAN_POINT('',(-59.29211819,-5.025879287954));
#8583 = VECTOR('',#8584,1.);
#8584 = DIRECTION('',(-1.,0.));
#8585 = ( GEOMETRIC_REPRESENTATION_CONTEXT(2) 
PARAMETRIC_REPRESENTATION_CONTEXT() REPRESENTATION_CONTEXT('2D SPACE',''
  ) );
#8586 = PCURVE('',#8383,#8587);
#8587 = DEFINITIONAL_REPRESENTATION('',(#8588),#8592);
#8588 = LINE('',#8589,#8590);
#8589 = CARTESIAN_POINT('',(6.11749841107,0.));
#8590 = VECTOR('',#8591,1.);
#8591 = DIRECTION('',(0.,1.));
#8592 = ( GEOMETRIC_REPRESENTATION_CONTEXT(2) 
PARAMETRIC_REPRESENTATION_CONTEXT() REPRESENTATION_CONTEXT('2D SPACE',''
  ) );
#8593 = ORIENTED_EDGE('',*,*,#8339,.F.);
#8594 = ADVANCED_FACE('52@1_85_4',(#8595),#5643,.T.);
#8595 = FACE_BOUND('',#8596,.T.);
#8596 = EDGE_LOOP('52@',(#8597,#8598,#8599,#8620));
#8597 = ORIENTED_EDGE('',*,*,#5627,.F.);
#8598 = ORIENTED_EDGE('',*,*,#8314,.T.);
#8599 = ORIENTED_EDGE('',*,*,#8600,.F.);
#8600 = EDGE_CURVE('52@1_328_6',#8127,#8287,#8601,.T.);
#8601 = SURFACE_CURVE('',#8602,(#8606,#8613),.PCURVE_S1.);
#8602 = LINE('',#8603,#8604);
#8603 = CARTESIAN_POINT('',(38.85923952,10.474120712046,-76.));
#8604 = VECTOR('',#8605,1.);
#8605 = DIRECTION('',(0.,0.,-1.));
#8606 = PCURVE('',#5643,#8607);
#8607 = DEFINITIONAL_REPRESENTATION('',(#8608),#8612);
#8608 = LINE('',#8609,#8610);
#8609 = CARTESIAN_POINT('',(-83.08673905,-5.025879287954));
#8610 = VECTOR('',#8611,1.);
#8611 = DIRECTION('',(-1.,0.));
#8612 = ( GEOMETRIC_REPRESENTATION_CONTEXT(2) 
PARAMETRIC_REPRESENTATION_CONTEXT() REPRESENTATION_CONTEXT('2D SPACE',''
  ) );
#8613 = PCURVE('',#8170,#8614);
#8614 = DEFINITIONAL_REPRESENTATION('',(#8615),#8619);
#8615 = LINE('',#8616,#8617);
#8616 = CARTESIAN_POINT('',(6.11749841107,0.));
#8617 = VECTOR('',#8618,1.);
#8618 = DIRECTION('',(0.,1.));
#8619 = ( GEOMETRIC_REPRESENTATION_CONTEXT(2) 
PARAMETRIC_REPRESENTATION_CONTEXT() REPRESENTATION_CONTEXT('2D SPACE',''
  ) );
#8620 = ORIENTED_EDGE('',*,*,#8126,.T.);
#8621 = ADVANCED_FACE('52@1_86_4',(#8622),#5570,.F.);
#8622 = FACE_BOUND('',#8623,.F.);
#8623 = EDGE_LOOP('52@',(#8624,#8625,#8653,#8674));
#8624 = ORIENTED_EDGE('',*,*,#5554,.T.);
#8625 = ORIENTED_EDGE('',*,*,#8626,.T.);
#8626 = EDGE_CURVE('52@1_329_6',#5532,#8627,#8629,.T.);
#8627 = VERTEX_POINT('52@1_232_7',#8628);
#8628 = CARTESIAN_POINT('',(14.48064193,16.,24.));
#8629 = SURFACE_CURVE('',#8630,(#8634,#8641),.PCURVE_S1.);
#8630 = LINE('',#8631,#8632);
#8631 = CARTESIAN_POINT('',(14.48064193,0.,24.));
#8632 = VECTOR('',#8633,1.);
#8633 = DIRECTION('',(0.,1.,0.));
#8634 = PCURVE('',#5570,#8635);
#8635 = DEFINITIONAL_REPRESENTATION('',(#8636),#8640);
#8636 = LINE('',#8637,#8638);
#8637 = CARTESIAN_POINT('',(0.,0.));
#8638 = VECTOR('',#8639,1.);
#8639 = DIRECTION('',(0.,-1.));
#8640 = ( GEOMETRIC_REPRESENTATION_CONTEXT(2) 
PARAMETRIC_REPRESENTATION_CONTEXT() REPRESENTATION_CONTEXT('2D SPACE',''
  ) );
#8641 = PCURVE('',#8642,#8647);
#8642 = PLANE('',#8643);
#8643 = AXIS2_PLACEMENT_3D('',#8644,#8645,#8646);
#8644 = CARTESIAN_POINT('',(14.48064193,0.,26.00000038));
#8645 = DIRECTION('',(-1.,0.,0.));
#8646 = DIRECTION('',(0.,0.,-1.));
#8647 = DEFINITIONAL_REPRESENTATION('',(#8648),#8652);
#8648 = LINE('',#8649,#8650);
#8649 = CARTESIAN_POINT('',(2.00000038,0.));
#8650 = VECTOR('',#8651,1.);
#8651 = DIRECTION('',(0.,-1.));
#8652 = ( GEOMETRIC_REPRESENTATION_CONTEXT(2) 
PARAMETRIC_REPRESENTATION_CONTEXT() REPRESENTATION_CONTEXT('2D SPACE',''
  ) );
#8653 = ORIENTED_EDGE('',*,*,#8654,.T.);
#8654 = EDGE_CURVE('52@1_330_6',#8627,#7894,#8655,.T.);
#8655 = SURFACE_CURVE('',#8656,(#8660,#8667),.PCURVE_S1.);
#8656 = LINE('',#8657,#8658);
#8657 = CARTESIAN_POINT('',(14.48064193,16.,24.));
#8658 = VECTOR('',#8659,1.);
#8659 = DIRECTION('',(1.,0.,-0.));
#8660 = PCURVE('',#5570,#8661);
#8661 = DEFINITIONAL_REPRESENTATION('',(#8662),#8666);
#8662 = LINE('',#8663,#8664);
#8663 = CARTESIAN_POINT('',(0.,-16.));
#8664 = VECTOR('',#8665,1.);
#8665 = DIRECTION('',(1.,0.));
#8666 = ( GEOMETRIC_REPRESENTATION_CONTEXT(2) 
PARAMETRIC_REPRESENTATION_CONTEXT() REPRESENTATION_CONTEXT('2D SPACE',''
  ) );
#8667 = PCURVE('',#7932,#8668);
#8668 = DEFINITIONAL_REPRESENTATION('',(#8669),#8673);
#8669 = LINE('',#8670,#8671);
#8670 = CARTESIAN_POINT('',(-14.48064193,-24.));
#8671 = VECTOR('',#8672,1.);
#8672 = DIRECTION('',(-1.,0.));
#8673 = ( GEOMETRIC_REPRESENTATION_CONTEXT(2) 
PARAMETRIC_REPRESENTATION_CONTEXT() REPRESENTATION_CONTEXT('2D SPACE',''
  ) );
#8674 = ORIENTED_EDGE('',*,*,#7893,.F.);
#8675 = ADVANCED_FACE('52@1_87_4',(#8676),#5216,.T.);
#8676 = FACE_BOUND('',#8677,.T.);
#8677 = EDGE_LOOP('52@',(#8678,#8701,#8724,#8750,#8751,#8774,#8802,#8823
    ,#8824,#8847,#8875,#8896));
#8678 = ORIENTED_EDGE('',*,*,#8679,.F.);
#8679 = EDGE_CURVE('52@1_331_6',#8680,#5532,#8682,.T.);
#8680 = VERTEX_POINT('52@1_233_7',#8681);
#8681 = CARTESIAN_POINT('',(14.48064193,3.,24.));
#8682 = SURFACE_CURVE('',#8683,(#8687,#8694),.PCURVE_S1.);
#8683 = LINE('',#8684,#8685);
#8684 = CARTESIAN_POINT('',(14.48064193,0.,24.));
#8685 = VECTOR('',#8686,1.);
#8686 = DIRECTION('',(0.,1.,0.));
#8687 = PCURVE('',#5216,#8688);
#8688 = DEFINITIONAL_REPRESENTATION('',(#8689),#8693);
#8689 = LINE('',#8690,#8691);
#8690 = CARTESIAN_POINT('',(59.98064193,0.));
#8691 = VECTOR('',#8692,1.);
#8692 = DIRECTION('',(0.,-1.));
#8693 = ( GEOMETRIC_REPRESENTATION_CONTEXT(2) 
PARAMETRIC_REPRESENTATION_CONTEXT() REPRESENTATION_CONTEXT('2D SPACE',''
  ) );
#8694 = PCURVE('',#8642,#8695);
#8695 = DEFINITIONAL_REPRESENTATION('',(#8696),#8700);
#8696 = LINE('',#8697,#8698);
#8697 = CARTESIAN_POINT('',(2.00000038,0.));
#8698 = VECTOR('',#8699,1.);
#8699 = DIRECTION('',(0.,-1.));
#8700 = ( GEOMETRIC_REPRESENTATION_CONTEXT(2) 
PARAMETRIC_REPRESENTATION_CONTEXT() REPRESENTATION_CONTEXT('2D SPACE',''
  ) );
#8701 = ORIENTED_EDGE('',*,*,#8702,.T.);
#8702 = EDGE_CURVE('52@1_339_6',#8680,#8703,#8705,.T.);
#8703 = VERTEX_POINT('52@1_238_7',#8704);
#8704 = CARTESIAN_POINT('',(-16.02711577,3.,24.));
#8705 = SURFACE_CURVE('',#8706,(#8710,#8717),.PCURVE_S1.);
#8706 = LINE('',#8707,#8708);
#8707 = CARTESIAN_POINT('',(46.81750035,3.,24.));
#8708 = VECTOR('',#8709,1.);
#8709 = DIRECTION('',(-1.,0.,0.));
#8710 = PCURVE('',#5216,#8711);
#8711 = DEFINITIONAL_REPRESENTATION('',(#8712),#8716);
#8712 = LINE('',#8713,#8714);
#8713 = CARTESIAN_POINT('',(92.31750035,-3.));
#8714 = VECTOR('',#8715,1.);
#8715 = DIRECTION('',(-1.,0.));
#8716 = ( GEOMETRIC_REPRESENTATION_CONTEXT(2) 
PARAMETRIC_REPRESENTATION_CONTEXT() REPRESENTATION_CONTEXT('2D SPACE',''
  ) );
#8717 = PCURVE('',#8063,#8718);
#8718 = DEFINITIONAL_REPRESENTATION('',(#8719),#8723);
#8719 = LINE('',#8720,#8721);
#8720 = CARTESIAN_POINT('',(-46.81750035,-24.));
#8721 = VECTOR('',#8722,1.);
#8722 = DIRECTION('',(1.,0.));
#8723 = ( GEOMETRIC_REPRESENTATION_CONTEXT(2) 
PARAMETRIC_REPRESENTATION_CONTEXT() REPRESENTATION_CONTEXT('2D SPACE',''
  ) );
#8724 = ORIENTED_EDGE('',*,*,#8725,.T.);
#8725 = EDGE_CURVE('52@1_338_6',#8703,#5173,#8726,.T.);
#8726 = SURFACE_CURVE('',#8727,(#8731,#8738),.PCURVE_S1.);
#8727 = LINE('',#8728,#8729);
#8728 = CARTESIAN_POINT('',(-16.02711577,0.,24.));
#8729 = VECTOR('',#8730,1.);
#8730 = DIRECTION('',(0.,1.,0.));
#8731 = PCURVE('',#5216,#8732);
#8732 = DEFINITIONAL_REPRESENTATION('',(#8733),#8737);
#8733 = LINE('',#8734,#8735);
#8734 = CARTESIAN_POINT('',(29.47288423,0.));
#8735 = VECTOR('',#8736,1.);
#8736 = DIRECTION('',(0.,-1.));
#8737 = ( GEOMETRIC_REPRESENTATION_CONTEXT(2) 
PARAMETRIC_REPRESENTATION_CONTEXT() REPRESENTATION_CONTEXT('2D SPACE',''
  ) );
#8738 = PCURVE('',#8739,#8744);
#8739 = PLANE('',#8740);
#8740 = AXIS2_PLACEMENT_3D('',#8741,#8742,#8743);
#8741 = CARTESIAN_POINT('',(-16.02711577,0.,24.));
#8742 = DIRECTION('',(1.,-0.,0.));
#8743 = DIRECTION('',(-0.,0.,1.));
#8744 = DEFINITIONAL_REPRESENTATION('',(#8745),#8749);
#8745 = LINE('',#8746,#8747);
#8746 = CARTESIAN_POINT('',(0.,0.));
#8747 = VECTOR('',#8748,1.);
#8748 = DIRECTION('',(0.,-1.));
#8749 = ( GEOMETRIC_REPRESENTATION_CONTEXT(2) 
PARAMETRIC_REPRESENTATION_CONTEXT() REPRESENTATION_CONTEXT('2D SPACE',''
  ) );
#8750 = ORIENTED_EDGE('',*,*,#5200,.T.);
#8751 = ORIENTED_EDGE('',*,*,#8752,.T.);
#8752 = EDGE_CURVE('52@1_337_6',#5201,#8753,#8755,.T.);
#8753 = VERTEX_POINT('52@1_237_7',#8754);
#8754 = CARTESIAN_POINT('',(-12.54312638,6.72016652,24.));
#8755 = SURFACE_CURVE('',#8756,(#8760,#8767),.PCURVE_S1.);
#8756 = LINE('',#8757,#8758);
#8757 = CARTESIAN_POINT('',(-12.54312638,15.5,24.));
#8758 = VECTOR('',#8759,1.);
#8759 = DIRECTION('',(-0.,-1.,-0.));
#8760 = PCURVE('',#5216,#8761);
#8761 = DEFINITIONAL_REPRESENTATION('',(#8762),#8766);
#8762 = LINE('',#8763,#8764);
#8763 = CARTESIAN_POINT('',(32.95687362,-15.5));
#8764 = VECTOR('',#8765,1.);
#8765 = DIRECTION('',(0.,1.));
#8766 = ( GEOMETRIC_REPRESENTATION_CONTEXT(2) 
PARAMETRIC_REPRESENTATION_CONTEXT() REPRESENTATION_CONTEXT('2D SPACE',''
  ) );
#8767 = PCURVE('',#5244,#8768);
#8768 = DEFINITIONAL_REPRESENTATION('',(#8769),#8773);
#8769 = LINE('',#8770,#8771);
#8770 = CARTESIAN_POINT('',(16.91326095,0.));
#8771 = VECTOR('',#8772,1.);
#8772 = DIRECTION('',(0.,-1.));
#8773 = ( GEOMETRIC_REPRESENTATION_CONTEXT(2) 
PARAMETRIC_REPRESENTATION_CONTEXT() REPRESENTATION_CONTEXT('2D SPACE',''
  ) );
#8774 = ORIENTED_EDGE('',*,*,#8775,.T.);
#8775 = EDGE_CURVE('52@1_336_6',#8753,#8776,#8778,.T.);
#8776 = VERTEX_POINT('52@1_236_7',#8777);
#8777 = CARTESIAN_POINT('',(-10.34533869,6.72016652,24.));
#8778 = SURFACE_CURVE('',#8779,(#8783,#8790),.PCURVE_S1.);
#8779 = LINE('',#8780,#8781);
#8780 = CARTESIAN_POINT('',(-12.54312638,6.72016652,24.));
#8781 = VECTOR('',#8782,1.);
#8782 = DIRECTION('',(1.,0.,-0.));
#8783 = PCURVE('',#5216,#8784);
#8784 = DEFINITIONAL_REPRESENTATION('',(#8785),#8789);
#8785 = LINE('',#8786,#8787);
#8786 = CARTESIAN_POINT('',(32.95687362,-6.72016652));
#8787 = VECTOR('',#8788,1.);
#8788 = DIRECTION('',(1.,0.));
#8789 = ( GEOMETRIC_REPRESENTATION_CONTEXT(2) 
PARAMETRIC_REPRESENTATION_CONTEXT() REPRESENTATION_CONTEXT('2D SPACE',''
  ) );
#8790 = PCURVE('',#8791,#8796);
#8791 = PLANE('',#8792);
#8792 = AXIS2_PLACEMENT_3D('',#8793,#8794,#8795);
#8793 = CARTESIAN_POINT('',(0.,6.72016652,0.));
#8794 = DIRECTION('',(-0.,-1.,-0.));
#8795 = DIRECTION('',(-1.,0.,0.));
#8796 = DEFINITIONAL_REPRESENTATION('',(#8797),#8801);
#8797 = LINE('',#8798,#8799);
#8798 = CARTESIAN_POINT('',(12.54312638,-24.));
#8799 = VECTOR('',#8800,1.);
#8800 = DIRECTION('',(-1.,0.));
#8801 = ( GEOMETRIC_REPRESENTATION_CONTEXT(2) 
PARAMETRIC_REPRESENTATION_CONTEXT() REPRESENTATION_CONTEXT('2D SPACE',''
  ) );
#8802 = ORIENTED_EDGE('',*,*,#8803,.F.);
#8803 = EDGE_CURVE('52@1_335_6',#5341,#8776,#8804,.T.);
#8804 = SURFACE_CURVE('',#8805,(#8809,#8816),.PCURVE_S1.);
#8805 = LINE('',#8806,#8807);
#8806 = CARTESIAN_POINT('',(-10.34533869,15.5,24.));
#8807 = VECTOR('',#8808,1.);
#8808 = DIRECTION('',(-0.,-1.,-0.));
#8809 = PCURVE('',#5216,#8810);
#8810 = DEFINITIONAL_REPRESENTATION('',(#8811),#8815);
#8811 = LINE('',#8812,#8813);
#8812 = CARTESIAN_POINT('',(35.15466131,-15.5));
#8813 = VECTOR('',#8814,1.);
#8814 = DIRECTION('',(0.,1.));
#8815 = ( GEOMETRIC_REPRESENTATION_CONTEXT(2) 
PARAMETRIC_REPRESENTATION_CONTEXT() REPRESENTATION_CONTEXT('2D SPACE',''
  ) );
#8816 = PCURVE('',#5356,#8817);
#8817 = DEFINITIONAL_REPRESENTATION('',(#8818),#8822);
#8818 = LINE('',#8819,#8820);
#8819 = CARTESIAN_POINT('',(0.,0.));
#8820 = VECTOR('',#8821,1.);
#8821 = DIRECTION('',(0.,-1.));
#8822 = ( GEOMETRIC_REPRESENTATION_CONTEXT(2) 
PARAMETRIC_REPRESENTATION_CONTEXT() REPRESENTATION_CONTEXT('2D SPACE',''
  ) );
#8823 = ORIENTED_EDGE('',*,*,#5368,.T.);
#8824 = ORIENTED_EDGE('',*,*,#8825,.T.);
#8825 = EDGE_CURVE('52@1_334_6',#5369,#8826,#8828,.T.);
#8826 = VERTEX_POINT('52@1_235_7',#8827);
#8827 = CARTESIAN_POINT('',(8.5085125,6.72016652,24.));
#8828 = SURFACE_CURVE('',#8829,(#8833,#8840),.PCURVE_S1.);
#8829 = LINE('',#8830,#8831);
#8830 = CARTESIAN_POINT('',(8.5085125,15.5,24.));
#8831 = VECTOR('',#8832,1.);
#8832 = DIRECTION('',(-0.,-1.,-0.));
#8833 = PCURVE('',#5216,#8834);
#8834 = DEFINITIONAL_REPRESENTATION('',(#8835),#8839);
#8835 = LINE('',#8836,#8837);
#8836 = CARTESIAN_POINT('',(54.0085125,-15.5));
#8837 = VECTOR('',#8838,1.);
#8838 = DIRECTION('',(0.,1.));
#8839 = ( GEOMETRIC_REPRESENTATION_CONTEXT(2) 
PARAMETRIC_REPRESENTATION_CONTEXT() REPRESENTATION_CONTEXT('2D SPACE',''
  ) );
#8840 = PCURVE('',#5407,#8841);
#8841 = DEFINITIONAL_REPRESENTATION('',(#8842),#8846);
#8842 = LINE('',#8843,#8844);
#8843 = CARTESIAN_POINT('',(16.91326095,0.));
#8844 = VECTOR('',#8845,1.);
#8845 = DIRECTION('',(0.,-1.));
#8846 = ( GEOMETRIC_REPRESENTATION_CONTEXT(2) 
PARAMETRIC_REPRESENTATION_CONTEXT() REPRESENTATION_CONTEXT('2D SPACE',''
  ) );
#8847 = ORIENTED_EDGE('',*,*,#8848,.T.);
#8848 = EDGE_CURVE('52@1_333_6',#8826,#8849,#8851,.T.);
#8849 = VERTEX_POINT('52@1_234_7',#8850);
#8850 = CARTESIAN_POINT('',(10.69762913,6.72016652,24.));
#8851 = SURFACE_CURVE('',#8852,(#8856,#8863),.PCURVE_S1.);
#8852 = LINE('',#8853,#8854);
#8853 = CARTESIAN_POINT('',(8.5085125,6.72016652,24.));
#8854 = VECTOR('',#8855,1.);
#8855 = DIRECTION('',(1.,0.,-0.));
#8856 = PCURVE('',#5216,#8857);
#8857 = DEFINITIONAL_REPRESENTATION('',(#8858),#8862);
#8858 = LINE('',#8859,#8860);
#8859 = CARTESIAN_POINT('',(54.0085125,-6.72016652));
#8860 = VECTOR('',#8861,1.);
#8861 = DIRECTION('',(1.,0.));
#8862 = ( GEOMETRIC_REPRESENTATION_CONTEXT(2) 
PARAMETRIC_REPRESENTATION_CONTEXT() REPRESENTATION_CONTEXT('2D SPACE',''
  ) );
#8863 = PCURVE('',#8864,#8869);
#8864 = PLANE('',#8865);
#8865 = AXIS2_PLACEMENT_3D('',#8866,#8867,#8868);
#8866 = CARTESIAN_POINT('',(0.,6.72016652,0.));
#8867 = DIRECTION('',(-0.,-1.,-0.));
#8868 = DIRECTION('',(-1.,0.,0.));
#8869 = DEFINITIONAL_REPRESENTATION('',(#8870),#8874);
#8870 = LINE('',#8871,#8872);
#8871 = CARTESIAN_POINT('',(-8.5085125,-24.));
#8872 = VECTOR('',#8873,1.);
#8873 = DIRECTION('',(-1.,0.));
#8874 = ( GEOMETRIC_REPRESENTATION_CONTEXT(2) 
PARAMETRIC_REPRESENTATION_CONTEXT() REPRESENTATION_CONTEXT('2D SPACE',''
  ) );
#8875 = ORIENTED_EDGE('',*,*,#8876,.F.);
#8876 = EDGE_CURVE('52@1_332_6',#5504,#8849,#8877,.T.);
#8877 = SURFACE_CURVE('',#8878,(#8882,#8889),.PCURVE_S1.);
#8878 = LINE('',#8879,#8880);
#8879 = CARTESIAN_POINT('',(10.69762913,15.5,24.));
#8880 = VECTOR('',#8881,1.);
#8881 = DIRECTION('',(-0.,-1.,-0.));
#8882 = PCURVE('',#5216,#8883);
#8883 = DEFINITIONAL_REPRESENTATION('',(#8884),#8888);
#8884 = LINE('',#8885,#8886);
#8885 = CARTESIAN_POINT('',(56.19762913,-15.5));
#8886 = VECTOR('',#8887,1.);
#8887 = DIRECTION('',(0.,1.));
#8888 = ( GEOMETRIC_REPRESENTATION_CONTEXT(2) 
PARAMETRIC_REPRESENTATION_CONTEXT() REPRESENTATION_CONTEXT('2D SPACE',''
  ) );
#8889 = PCURVE('',#5519,#8890);
#8890 = DEFINITIONAL_REPRESENTATION('',(#8891),#8895);
#8891 = LINE('',#8892,#8893);
#8892 = CARTESIAN_POINT('',(0.,0.));
#8893 = VECTOR('',#8894,1.);
#8894 = DIRECTION('',(0.,-1.));
#8895 = ( GEOMETRIC_REPRESENTATION_CONTEXT(2) 
PARAMETRIC_REPRESENTATION_CONTEXT() REPRESENTATION_CONTEXT('2D SPACE',''
  ) );
#8896 = ORIENTED_EDGE('',*,*,#5531,.T.);
#8897 = ADVANCED_FACE('52@1_88_4',(#8898),#5519,.T.);
#8898 = FACE_BOUND('',#8899,.T.);
#8899 = EDGE_LOOP('52@',(#8900,#8901,#8902,#8925));
#8900 = ORIENTED_EDGE('',*,*,#5503,.F.);
#8901 = ORIENTED_EDGE('',*,*,#8876,.T.);
#8902 = ORIENTED_EDGE('',*,*,#8903,.T.);
#8903 = EDGE_CURVE('52@1_340_6',#8849,#8904,#8906,.T.);
#8904 = VERTEX_POINT('52@1_239_7',#8905);
#8905 = CARTESIAN_POINT('',(10.69762913,6.72016652,10.69981349));
#8906 = SURFACE_CURVE('',#8907,(#8911,#8918),.PCURVE_S1.);
#8907 = LINE('',#8908,#8909);
#8908 = CARTESIAN_POINT('',(10.69762913,6.72016652,24.));
#8909 = VECTOR('',#8910,1.);
#8910 = DIRECTION('',(0.,0.,-1.));
#8911 = PCURVE('',#5519,#8912);
#8912 = DEFINITIONAL_REPRESENTATION('',(#8913),#8917);
#8913 = LINE('',#8914,#8915);
#8914 = CARTESIAN_POINT('',(0.,-8.77983348));
#8915 = VECTOR('',#8916,1.);
#8916 = DIRECTION('',(1.,0.));
#8917 = ( GEOMETRIC_REPRESENTATION_CONTEXT(2) 
PARAMETRIC_REPRESENTATION_CONTEXT() REPRESENTATION_CONTEXT('2D SPACE',''
  ) );
#8918 = PCURVE('',#8864,#8919);
#8919 = DEFINITIONAL_REPRESENTATION('',(#8920),#8924);
#8920 = LINE('',#8921,#8922);
#8921 = CARTESIAN_POINT('',(-10.69762913,-24.));
#8922 = VECTOR('',#8923,1.);
#8923 = DIRECTION('',(0.,1.));
#8924 = ( GEOMETRIC_REPRESENTATION_CONTEXT(2) 
PARAMETRIC_REPRESENTATION_CONTEXT() REPRESENTATION_CONTEXT('2D SPACE',''
  ) );
#8925 = ORIENTED_EDGE('',*,*,#8926,.T.);
#8926 = EDGE_CURVE('52@1_341_6',#8904,#5476,#8927,.T.);
#8927 = SURFACE_CURVE('',#8928,(#8932,#8939),.PCURVE_S1.);
#8928 = LINE('',#8929,#8930);
#8929 = CARTESIAN_POINT('',(10.69762913,6.5,10.69981349));
#8930 = VECTOR('',#8931,1.);
#8931 = DIRECTION('',(0.,1.,0.));
#8932 = PCURVE('',#5519,#8933);
#8933 = DEFINITIONAL_REPRESENTATION('',(#8934),#8938);
#8934 = LINE('',#8935,#8936);
#8935 = CARTESIAN_POINT('',(13.30018651,-9.));
#8936 = VECTOR('',#8937,1.);
#8937 = DIRECTION('',(0.,1.));
#8938 = ( GEOMETRIC_REPRESENTATION_CONTEXT(2) 
PARAMETRIC_REPRESENTATION_CONTEXT() REPRESENTATION_CONTEXT('2D SPACE',''
  ) );
#8939 = PCURVE('',#5491,#8940);
#8940 = DEFINITIONAL_REPRESENTATION('',(#8941),#8945);
#8941 = LINE('',#8942,#8943);
#8942 = CARTESIAN_POINT('',(3.61112801,0.));
#8943 = VECTOR('',#8944,1.);
#8944 = DIRECTION('',(0.,-1.));
#8945 = ( GEOMETRIC_REPRESENTATION_CONTEXT(2) 
PARAMETRIC_REPRESENTATION_CONTEXT() REPRESENTATION_CONTEXT('2D SPACE',''
  ) );
#8946 = ADVANCED_FACE('52@1_89_4',(#8947),#5491,.T.);
#8947 = FACE_BOUND('',#8948,.T.);
#8948 = EDGE_LOOP('52@',(#8949,#8972,#8973,#8974,#9002));
#8949 = ORIENTED_EDGE('',*,*,#8950,.T.);
#8950 = EDGE_CURVE('52@1_342_6',#8951,#5448,#8953,.T.);
#8951 = VERTEX_POINT('52@1_240_7',#8952);
#8952 = CARTESIAN_POINT('',(14.30875714,6.5,10.69981349));
#8953 = SURFACE_CURVE('',#8954,(#8958,#8965),.PCURVE_S1.);
#8954 = LINE('',#8955,#8956);
#8955 = CARTESIAN_POINT('',(14.30875714,6.5,10.69981349));
#8956 = VECTOR('',#8957,1.);
#8957 = DIRECTION('',(0.,1.,0.));
#8958 = PCURVE('',#5491,#8959);
#8959 = DEFINITIONAL_REPRESENTATION('',(#8960),#8964);
#8960 = LINE('',#8961,#8962);
#8961 = CARTESIAN_POINT('',(0.,0.));
#8962 = VECTOR('',#8963,1.);
#8963 = DIRECTION('',(0.,-1.));
#8964 = ( GEOMETRIC_REPRESENTATION_CONTEXT(2) 
PARAMETRIC_REPRESENTATION_CONTEXT() REPRESENTATION_CONTEXT('2D SPACE',''
  ) );
#8965 = PCURVE('',#5463,#8966);
#8966 = DEFINITIONAL_REPRESENTATION('',(#8967),#8971);
#8967 = LINE('',#8968,#8969);
#8968 = CARTESIAN_POINT('',(5.98906184,-9.));
#8969 = VECTOR('',#8970,1.);
#8970 = DIRECTION('',(0.,1.));
#8971 = ( GEOMETRIC_REPRESENTATION_CONTEXT(2) 
PARAMETRIC_REPRESENTATION_CONTEXT() REPRESENTATION_CONTEXT('2D SPACE',''
  ) );
#8972 = ORIENTED_EDGE('',*,*,#5475,.T.);
#8973 = ORIENTED_EDGE('',*,*,#8926,.F.);
#8974 = ORIENTED_EDGE('',*,*,#8975,.F.);
#8975 = EDGE_CURVE('52@1_343_6',#8976,#8904,#8978,.T.);
#8976 = VERTEX_POINT('52@1_241_7',#8977);
#8977 = CARTESIAN_POINT('',(10.69762913,6.5,10.69981349));
#8978 = SURFACE_CURVE('',#8979,(#8983,#8990),.PCURVE_S1.);
#8979 = LINE('',#8980,#8981);
#8980 = CARTESIAN_POINT('',(10.69762913,6.5,10.69981349));
#8981 = VECTOR('',#8982,1.);
#8982 = DIRECTION('',(0.,1.,0.));
#8983 = PCURVE('',#5491,#8984);
#8984 = DEFINITIONAL_REPRESENTATION('',(#8985),#8989);
#8985 = LINE('',#8986,#8987);
#8986 = CARTESIAN_POINT('',(3.61112801,0.));
#8987 = VECTOR('',#8988,1.);
#8988 = DIRECTION('',(0.,-1.));
#8989 = ( GEOMETRIC_REPRESENTATION_CONTEXT(2) 
PARAMETRIC_REPRESENTATION_CONTEXT() REPRESENTATION_CONTEXT('2D SPACE',''
  ) );
#8990 = PCURVE('',#8991,#8996);
#8991 = PLANE('',#8992);
#8992 = AXIS2_PLACEMENT_3D('',#8993,#8994,#8995);
#8993 = CARTESIAN_POINT('',(10.69762913,15.5,7.08673905));
#8994 = DIRECTION('',(-1.,0.,-0.));
#8995 = DIRECTION('',(0.,0.,1.));
#8996 = DEFINITIONAL_REPRESENTATION('',(#8997),#9001);
#8997 = LINE('',#8998,#8999);
#8998 = CARTESIAN_POINT('',(3.61307444,-9.));
#8999 = VECTOR('',#9000,1.);
#9000 = DIRECTION('',(0.,1.));
#9001 = ( GEOMETRIC_REPRESENTATION_CONTEXT(2) 
PARAMETRIC_REPRESENTATION_CONTEXT() REPRESENTATION_CONTEXT('2D SPACE',''
  ) );
#9002 = ORIENTED_EDGE('',*,*,#9003,.F.);
#9003 = EDGE_CURVE('52@1_344_6',#8951,#8976,#9004,.T.);
#9004 = SURFACE_CURVE('',#9005,(#9009,#9016),.PCURVE_S1.);
#9005 = LINE('',#9006,#9007);
#9006 = CARTESIAN_POINT('',(14.30875714,6.5,10.69981349));
#9007 = VECTOR('',#9008,1.);
#9008 = DIRECTION('',(-1.,0.,0.));
#9009 = PCURVE('',#5491,#9010);
#9010 = DEFINITIONAL_REPRESENTATION('',(#9011),#9015);
#9011 = LINE('',#9012,#9013);
#9012 = CARTESIAN_POINT('',(0.,0.));
#9013 = VECTOR('',#9014,1.);
#9014 = DIRECTION('',(1.,0.));
#9015 = ( GEOMETRIC_REPRESENTATION_CONTEXT(2) 
PARAMETRIC_REPRESENTATION_CONTEXT() REPRESENTATION_CONTEXT('2D SPACE',''
  ) );
#9016 = PCURVE('',#9017,#9022);
#9017 = PLANE('',#9018);
#9018 = AXIS2_PLACEMENT_3D('',#9019,#9020,#9021);
#9019 = CARTESIAN_POINT('',(0.,6.5,0.));
#9020 = DIRECTION('',(-0.,-1.,-0.));
#9021 = DIRECTION('',(-1.,0.,0.));
#9022 = DEFINITIONAL_REPRESENTATION('',(#9023),#9027);
#9023 = LINE('',#9024,#9025);
#9024 = CARTESIAN_POINT('',(-14.30875714,-10.69981349));
#9025 = VECTOR('',#9026,1.);
#9026 = DIRECTION('',(1.,0.));
#9027 = ( GEOMETRIC_REPRESENTATION_CONTEXT(2) 
PARAMETRIC_REPRESENTATION_CONTEXT() REPRESENTATION_CONTEXT('2D SPACE',''
  ) );
#9028 = ADVANCED_FACE('52@1_90_4',(#9029),#5463,.T.);
#9029 = FACE_BOUND('',#9030,.T.);
#9030 = EDGE_LOOP('52@',(#9031,#9032,#9033,#9056));
#9031 = ORIENTED_EDGE('',*,*,#5447,.F.);
#9032 = ORIENTED_EDGE('',*,*,#8950,.F.);
#9033 = ORIENTED_EDGE('',*,*,#9034,.T.);
#9034 = EDGE_CURVE('52@1_346_6',#8951,#9035,#9037,.T.);
#9035 = VERTEX_POINT('52@1_242_7',#9036);
#9036 = CARTESIAN_POINT('',(14.30875714,6.5,7.08673905));
#9037 = SURFACE_CURVE('',#9038,(#9042,#9049),.PCURVE_S1.);
#9038 = LINE('',#9039,#9040);
#9039 = CARTESIAN_POINT('',(14.30875714,6.5,16.68887533));
#9040 = VECTOR('',#9041,1.);
#9041 = DIRECTION('',(0.,0.,-1.));
#9042 = PCURVE('',#5463,#9043);
#9043 = DEFINITIONAL_REPRESENTATION('',(#9044),#9048);
#9044 = LINE('',#9045,#9046);
#9045 = CARTESIAN_POINT('',(0.,-9.));
#9046 = VECTOR('',#9047,1.);
#9047 = DIRECTION('',(1.,0.));
#9048 = ( GEOMETRIC_REPRESENTATION_CONTEXT(2) 
PARAMETRIC_REPRESENTATION_CONTEXT() REPRESENTATION_CONTEXT('2D SPACE',''
  ) );
#9049 = PCURVE('',#9017,#9050);
#9050 = DEFINITIONAL_REPRESENTATION('',(#9051),#9055);
#9051 = LINE('',#9052,#9053);
#9052 = CARTESIAN_POINT('',(-14.30875714,-16.68887533));
#9053 = VECTOR('',#9054,1.);
#9054 = DIRECTION('',(0.,1.));
#9055 = ( GEOMETRIC_REPRESENTATION_CONTEXT(2) 
PARAMETRIC_REPRESENTATION_CONTEXT() REPRESENTATION_CONTEXT('2D SPACE',''
  ) );
#9056 = ORIENTED_EDGE('',*,*,#9057,.F.);
#9057 = EDGE_CURVE('52@1_345_6',#5420,#9035,#9058,.T.);
#9058 = SURFACE_CURVE('',#9059,(#9063,#9070),.PCURVE_S1.);
#9059 = LINE('',#9060,#9061);
#9060 = CARTESIAN_POINT('',(14.30875714,15.5,7.08673905));
#9061 = VECTOR('',#9062,1.);
#9062 = DIRECTION('',(-0.,-1.,-0.));
#9063 = PCURVE('',#5463,#9064);
#9064 = DEFINITIONAL_REPRESENTATION('',(#9065),#9069);
#9065 = LINE('',#9066,#9067);
#9066 = CARTESIAN_POINT('',(9.60213628,0.));
#9067 = VECTOR('',#9068,1.);
#9068 = DIRECTION('',(0.,-1.));
#9069 = ( GEOMETRIC_REPRESENTATION_CONTEXT(2) 
PARAMETRIC_REPRESENTATION_CONTEXT() REPRESENTATION_CONTEXT('2D SPACE',''
  ) );
#9070 = PCURVE('',#5435,#9071);
#9071 = DEFINITIONAL_REPRESENTATION('',(#9072),#9076);
#9072 = LINE('',#9073,#9074);
#9073 = CARTESIAN_POINT('',(0.,0.));
#9074 = VECTOR('',#9075,1.);
#9075 = DIRECTION('',(0.,-1.));
#9076 = ( GEOMETRIC_REPRESENTATION_CONTEXT(2) 
PARAMETRIC_REPRESENTATION_CONTEXT() REPRESENTATION_CONTEXT('2D SPACE',''
  ) );
#9077 = ADVANCED_FACE('52@1_91_4',(#9078),#5435,.T.);
#9078 = FACE_BOUND('',#9079,.T.);
#9079 = EDGE_LOOP('52@',(#9080,#9081,#9104,#9127,#9150,#9171));
#9080 = ORIENTED_EDGE('',*,*,#9057,.T.);
#9081 = ORIENTED_EDGE('',*,*,#9082,.T.);
#9082 = EDGE_CURVE('52@1_347_6',#9035,#9083,#9085,.T.);
#9083 = VERTEX_POINT('52@1_243_7',#9084);
#9084 = CARTESIAN_POINT('',(10.69762913,6.5,7.08673905));
#9085 = SURFACE_CURVE('',#9086,(#9090,#9097),.PCURVE_S1.);
#9086 = LINE('',#9087,#9088);
#9087 = CARTESIAN_POINT('',(14.30875714,6.5,7.08673905));
#9088 = VECTOR('',#9089,1.);
#9089 = DIRECTION('',(-1.,0.,0.));
#9090 = PCURVE('',#5435,#9091);
#9091 = DEFINITIONAL_REPRESENTATION('',(#9092),#9096);
#9092 = LINE('',#9093,#9094);
#9093 = CARTESIAN_POINT('',(0.,-9.));
#9094 = VECTOR('',#9095,1.);
#9095 = DIRECTION('',(1.,0.));
#9096 = ( GEOMETRIC_REPRESENTATION_CONTEXT(2) 
PARAMETRIC_REPRESENTATION_CONTEXT() REPRESENTATION_CONTEXT('2D SPACE',''
  ) );
#9097 = PCURVE('',#9017,#9098);
#9098 = DEFINITIONAL_REPRESENTATION('',(#9099),#9103);
#9099 = LINE('',#9100,#9101);
#9100 = CARTESIAN_POINT('',(-14.30875714,-7.08673905));
#9101 = VECTOR('',#9102,1.);
#9102 = DIRECTION('',(1.,0.));
#9103 = ( GEOMETRIC_REPRESENTATION_CONTEXT(2) 
PARAMETRIC_REPRESENTATION_CONTEXT() REPRESENTATION_CONTEXT('2D SPACE',''
  ) );
#9104 = ORIENTED_EDGE('',*,*,#9105,.F.);
#9105 = EDGE_CURVE('52@1_348_6',#9106,#9083,#9108,.T.);
#9106 = VERTEX_POINT('52@1_244_7',#9107);
#9107 = CARTESIAN_POINT('',(10.69762913,6.72016652,7.08673905));
#9108 = SURFACE_CURVE('',#9109,(#9113,#9120),.PCURVE_S1.);
#9109 = LINE('',#9110,#9111);
#9110 = CARTESIAN_POINT('',(10.69762913,15.5,7.08673905));
#9111 = VECTOR('',#9112,1.);
#9112 = DIRECTION('',(-0.,-1.,-0.));
#9113 = PCURVE('',#5435,#9114);
#9114 = DEFINITIONAL_REPRESENTATION('',(#9115),#9119);
#9115 = LINE('',#9116,#9117);
#9116 = CARTESIAN_POINT('',(3.61112801,0.));
#9117 = VECTOR('',#9118,1.);
#9118 = DIRECTION('',(0.,-1.));
#9119 = ( GEOMETRIC_REPRESENTATION_CONTEXT(2) 
PARAMETRIC_REPRESENTATION_CONTEXT() REPRESENTATION_CONTEXT('2D SPACE',''
  ) );
#9120 = PCURVE('',#8991,#9121);
#9121 = DEFINITIONAL_REPRESENTATION('',(#9122),#9126);
#9122 = LINE('',#9123,#9124);
#9123 = CARTESIAN_POINT('',(0.,0.));
#9124 = VECTOR('',#9125,1.);
#9125 = DIRECTION('',(0.,-1.));
#9126 = ( GEOMETRIC_REPRESENTATION_CONTEXT(2) 
PARAMETRIC_REPRESENTATION_CONTEXT() REPRESENTATION_CONTEXT('2D SPACE',''
  ) );
#9127 = ORIENTED_EDGE('',*,*,#9128,.T.);
#9128 = EDGE_CURVE('52@1_349_6',#9106,#9129,#9131,.T.);
#9129 = VERTEX_POINT('52@1_245_7',#9130);
#9130 = CARTESIAN_POINT('',(8.5085125,6.72016652,7.08673905));
#9131 = SURFACE_CURVE('',#9132,(#9136,#9143),.PCURVE_S1.);
#9132 = LINE('',#9133,#9134);
#9133 = CARTESIAN_POINT('',(10.69762913,6.72016652,7.08673905));
#9134 = VECTOR('',#9135,1.);
#9135 = DIRECTION('',(-1.,0.,0.));
#9136 = PCURVE('',#5435,#9137);
#9137 = DEFINITIONAL_REPRESENTATION('',(#9138),#9142);
#9138 = LINE('',#9139,#9140);
#9139 = CARTESIAN_POINT('',(3.61112801,-8.77983348));
#9140 = VECTOR('',#9141,1.);
#9141 = DIRECTION('',(1.,0.));
#9142 = ( GEOMETRIC_REPRESENTATION_CONTEXT(2) 
PARAMETRIC_REPRESENTATION_CONTEXT() REPRESENTATION_CONTEXT('2D SPACE',''
  ) );
#9143 = PCURVE('',#8864,#9144);
#9144 = DEFINITIONAL_REPRESENTATION('',(#9145),#9149);
#9145 = LINE('',#9146,#9147);
#9146 = CARTESIAN_POINT('',(-10.69762913,-7.08673905));
#9147 = VECTOR('',#9148,1.);
#9148 = DIRECTION('',(1.,0.));
#9149 = ( GEOMETRIC_REPRESENTATION_CONTEXT(2) 
PARAMETRIC_REPRESENTATION_CONTEXT() REPRESENTATION_CONTEXT('2D SPACE',''
  ) );
#9150 = ORIENTED_EDGE('',*,*,#9151,.F.);
#9151 = EDGE_CURVE('52@1_350_6',#5392,#9129,#9152,.T.);
#9152 = SURFACE_CURVE('',#9153,(#9157,#9164),.PCURVE_S1.);
#9153 = LINE('',#9154,#9155);
#9154 = CARTESIAN_POINT('',(8.5085125,15.5,7.08673905));
#9155 = VECTOR('',#9156,1.);
#9156 = DIRECTION('',(-0.,-1.,-0.));
#9157 = PCURVE('',#5435,#9158);
#9158 = DEFINITIONAL_REPRESENTATION('',(#9159),#9163);
#9159 = LINE('',#9160,#9161);
#9160 = CARTESIAN_POINT('',(5.80024464,0.));
#9161 = VECTOR('',#9162,1.);
#9162 = DIRECTION('',(0.,-1.));
#9163 = ( GEOMETRIC_REPRESENTATION_CONTEXT(2) 
PARAMETRIC_REPRESENTATION_CONTEXT() REPRESENTATION_CONTEXT('2D SPACE',''
  ) );
#9164 = PCURVE('',#5407,#9165);
#9165 = DEFINITIONAL_REPRESENTATION('',(#9166),#9170);
#9166 = LINE('',#9167,#9168);
#9167 = CARTESIAN_POINT('',(0.,0.));
#9168 = VECTOR('',#9169,1.);
#9169 = DIRECTION('',(0.,-1.));
#9170 = ( GEOMETRIC_REPRESENTATION_CONTEXT(2) 
PARAMETRIC_REPRESENTATION_CONTEXT() REPRESENTATION_CONTEXT('2D SPACE',''
  ) );
#9171 = ORIENTED_EDGE('',*,*,#5419,.F.);
#9172 = ADVANCED_FACE('52@1_92_4',(#9173),#5407,.T.);
#9173 = FACE_BOUND('',#9174,.T.);
#9174 = EDGE_LOOP('52@',(#9175,#9176,#9197,#9198));
#9175 = ORIENTED_EDGE('',*,*,#9151,.T.);
#9176 = ORIENTED_EDGE('',*,*,#9177,.T.);
#9177 = EDGE_CURVE('52@1_351_6',#9129,#8826,#9178,.T.);
#9178 = SURFACE_CURVE('',#9179,(#9183,#9190),.PCURVE_S1.);
#9179 = LINE('',#9180,#9181);
#9180 = CARTESIAN_POINT('',(8.5085125,6.72016652,7.08673905));
#9181 = VECTOR('',#9182,1.);
#9182 = DIRECTION('',(-0.,0.,1.));
#9183 = PCURVE('',#5407,#9184);
#9184 = DEFINITIONAL_REPRESENTATION('',(#9185),#9189);
#9185 = LINE('',#9186,#9187);
#9186 = CARTESIAN_POINT('',(0.,-8.77983348));
#9187 = VECTOR('',#9188,1.);
#9188 = DIRECTION('',(1.,0.));
#9189 = ( GEOMETRIC_REPRESENTATION_CONTEXT(2) 
PARAMETRIC_REPRESENTATION_CONTEXT() REPRESENTATION_CONTEXT('2D SPACE',''
  ) );
#9190 = PCURVE('',#8864,#9191);
#9191 = DEFINITIONAL_REPRESENTATION('',(#9192),#9196);
#9192 = LINE('',#9193,#9194);
#9193 = CARTESIAN_POINT('',(-8.5085125,-7.08673905));
#9194 = VECTOR('',#9195,1.);
#9195 = DIRECTION('',(0.,-1.));
#9196 = ( GEOMETRIC_REPRESENTATION_CONTEXT(2) 
PARAMETRIC_REPRESENTATION_CONTEXT() REPRESENTATION_CONTEXT('2D SPACE',''
  ) );
#9197 = ORIENTED_EDGE('',*,*,#8825,.F.);
#9198 = ORIENTED_EDGE('',*,*,#5391,.F.);
#9199 = ADVANCED_FACE('52@1_93_4',(#9200),#5356,.T.);
#9200 = FACE_BOUND('',#9201,.T.);
#9201 = EDGE_LOOP('52@',(#9202,#9203,#9226,#9247));
#9202 = ORIENTED_EDGE('',*,*,#8803,.T.);
#9203 = ORIENTED_EDGE('',*,*,#9204,.T.);
#9204 = EDGE_CURVE('52@1_353_6',#8776,#9205,#9207,.T.);
#9205 = VERTEX_POINT('52@1_246_7',#9206);
#9206 = CARTESIAN_POINT('',(-10.34533869,6.72016652,7.08673905));
#9207 = SURFACE_CURVE('',#9208,(#9212,#9219),.PCURVE_S1.);
#9208 = LINE('',#9209,#9210);
#9209 = CARTESIAN_POINT('',(-10.34533869,6.72016652,24.));
#9210 = VECTOR('',#9211,1.);
#9211 = DIRECTION('',(0.,0.,-1.));
#9212 = PCURVE('',#5356,#9213);
#9213 = DEFINITIONAL_REPRESENTATION('',(#9214),#9218);
#9214 = LINE('',#9215,#9216);
#9215 = CARTESIAN_POINT('',(0.,-8.77983348));
#9216 = VECTOR('',#9217,1.);
#9217 = DIRECTION('',(1.,0.));
#9218 = ( GEOMETRIC_REPRESENTATION_CONTEXT(2) 
PARAMETRIC_REPRESENTATION_CONTEXT() REPRESENTATION_CONTEXT('2D SPACE',''
  ) );
#9219 = PCURVE('',#8791,#9220);
#9220 = DEFINITIONAL_REPRESENTATION('',(#9221),#9225);
#9221 = LINE('',#9222,#9223);
#9222 = CARTESIAN_POINT('',(10.34533869,-24.));
#9223 = VECTOR('',#9224,1.);
#9224 = DIRECTION('',(0.,1.));
#9225 = ( GEOMETRIC_REPRESENTATION_CONTEXT(2) 
PARAMETRIC_REPRESENTATION_CONTEXT() REPRESENTATION_CONTEXT('2D SPACE',''
  ) );
#9226 = ORIENTED_EDGE('',*,*,#9227,.F.);
#9227 = EDGE_CURVE('52@1_352_6',#5313,#9205,#9228,.T.);
#9228 = SURFACE_CURVE('',#9229,(#9233,#9240),.PCURVE_S1.);
#9229 = LINE('',#9230,#9231);
#9230 = CARTESIAN_POINT('',(-10.34533869,15.5,7.08673905));
#9231 = VECTOR('',#9232,1.);
#9232 = DIRECTION('',(-0.,-1.,-0.));
#9233 = PCURVE('',#5356,#9234);
#9234 = DEFINITIONAL_REPRESENTATION('',(#9235),#9239);
#9235 = LINE('',#9236,#9237);
#9236 = CARTESIAN_POINT('',(16.91326095,0.));
#9237 = VECTOR('',#9238,1.);
#9238 = DIRECTION('',(0.,-1.));
#9239 = ( GEOMETRIC_REPRESENTATION_CONTEXT(2) 
PARAMETRIC_REPRESENTATION_CONTEXT() REPRESENTATION_CONTEXT('2D SPACE',''
  ) );
#9240 = PCURVE('',#5328,#9241);
#9241 = DEFINITIONAL_REPRESENTATION('',(#9242),#9246);
#9242 = LINE('',#9243,#9244);
#9243 = CARTESIAN_POINT('',(0.,0.));
#9244 = VECTOR('',#9245,1.);
#9245 = DIRECTION('',(0.,-1.));
#9246 = ( GEOMETRIC_REPRESENTATION_CONTEXT(2) 
PARAMETRIC_REPRESENTATION_CONTEXT() REPRESENTATION_CONTEXT('2D SPACE',''
  ) );
#9247 = ORIENTED_EDGE('',*,*,#5340,.F.);
#9248 = ADVANCED_FACE('52@1_94_4',(#9249),#5328,.T.);
#9249 = FACE_BOUND('',#9250,.T.);
#9250 = EDGE_LOOP('52@',(#9251,#9252,#9275,#9303,#9331,#9352));
#9251 = ORIENTED_EDGE('',*,*,#9227,.T.);
#9252 = ORIENTED_EDGE('',*,*,#9253,.T.);
#9253 = EDGE_CURVE('52@1_354_6',#9205,#9254,#9256,.T.);
#9254 = VERTEX_POINT('52@1_247_7',#9255);
#9255 = CARTESIAN_POINT('',(-12.54312638,6.72016652,7.08673905));
#9256 = SURFACE_CURVE('',#9257,(#9261,#9268),.PCURVE_S1.);
#9257 = LINE('',#9258,#9259);
#9258 = CARTESIAN_POINT('',(-10.34533869,6.72016652,7.08673905));
#9259 = VECTOR('',#9260,1.);
#9260 = DIRECTION('',(-1.,0.,0.));
#9261 = PCURVE('',#5328,#9262);
#9262 = DEFINITIONAL_REPRESENTATION('',(#9263),#9267);
#9263 = LINE('',#9264,#9265);
#9264 = CARTESIAN_POINT('',(0.,-8.77983348));
#9265 = VECTOR('',#9266,1.);
#9266 = DIRECTION('',(1.,0.));
#9267 = ( GEOMETRIC_REPRESENTATION_CONTEXT(2) 
PARAMETRIC_REPRESENTATION_CONTEXT() REPRESENTATION_CONTEXT('2D SPACE',''
  ) );
#9268 = PCURVE('',#8791,#9269);
#9269 = DEFINITIONAL_REPRESENTATION('',(#9270),#9274);
#9270 = LINE('',#9271,#9272);
#9271 = CARTESIAN_POINT('',(10.34533869,-7.08673905));
#9272 = VECTOR('',#9273,1.);
#9273 = DIRECTION('',(1.,0.));
#9274 = ( GEOMETRIC_REPRESENTATION_CONTEXT(2) 
PARAMETRIC_REPRESENTATION_CONTEXT() REPRESENTATION_CONTEXT('2D SPACE',''
  ) );
#9275 = ORIENTED_EDGE('',*,*,#9276,.T.);
#9276 = EDGE_CURVE('52@1_355_6',#9254,#9277,#9279,.T.);
#9277 = VERTEX_POINT('52@1_248_7',#9278);
#9278 = CARTESIAN_POINT('',(-12.54312638,6.5,7.08673905));
#9279 = SURFACE_CURVE('',#9280,(#9284,#9291),.PCURVE_S1.);
#9280 = LINE('',#9281,#9282);
#9281 = CARTESIAN_POINT('',(-12.54312638,15.5,7.08673905));
#9282 = VECTOR('',#9283,1.);
#9283 = DIRECTION('',(-0.,-1.,-0.));
#9284 = PCURVE('',#5328,#9285);
#9285 = DEFINITIONAL_REPRESENTATION('',(#9286),#9290);
#9286 = LINE('',#9287,#9288);
#9287 = CARTESIAN_POINT('',(2.19778769,0.));
#9288 = VECTOR('',#9289,1.);
#9289 = DIRECTION('',(0.,-1.));
#9290 = ( GEOMETRIC_REPRESENTATION_CONTEXT(2) 
PARAMETRIC_REPRESENTATION_CONTEXT() REPRESENTATION_CONTEXT('2D SPACE',''
  ) );
#9291 = PCURVE('',#9292,#9297);
#9292 = PLANE('',#9293);
#9293 = AXIS2_PLACEMENT_3D('',#9294,#9295,#9296);
#9294 = CARTESIAN_POINT('',(-12.54312638,15.5,16.54370539));
#9295 = DIRECTION('',(1.,-0.,0.));
#9296 = DIRECTION('',(0.,0.,-1.));
#9297 = DEFINITIONAL_REPRESENTATION('',(#9298),#9302);
#9298 = LINE('',#9299,#9300);
#9299 = CARTESIAN_POINT('',(9.45696634,0.));
#9300 = VECTOR('',#9301,1.);
#9301 = DIRECTION('',(0.,-1.));
#9302 = ( GEOMETRIC_REPRESENTATION_CONTEXT(2) 
PARAMETRIC_REPRESENTATION_CONTEXT() REPRESENTATION_CONTEXT('2D SPACE',''
  ) );
#9303 = ORIENTED_EDGE('',*,*,#9304,.T.);
#9304 = EDGE_CURVE('52@1_356_6',#9277,#9305,#9307,.T.);
#9305 = VERTEX_POINT('52@1_249_7',#9306);
#9306 = CARTESIAN_POINT('',(-16.09830022,6.5,7.08673905));
#9307 = SURFACE_CURVE('',#9308,(#9312,#9319),.PCURVE_S1.);
#9308 = LINE('',#9309,#9310);
#9309 = CARTESIAN_POINT('',(-12.54312638,6.5,7.08673905));
#9310 = VECTOR('',#9311,1.);
#9311 = DIRECTION('',(-1.,0.,0.));
#9312 = PCURVE('',#5328,#9313);
#9313 = DEFINITIONAL_REPRESENTATION('',(#9314),#9318);
#9314 = LINE('',#9315,#9316);
#9315 = CARTESIAN_POINT('',(2.19778769,-9.));
#9316 = VECTOR('',#9317,1.);
#9317 = DIRECTION('',(1.,0.));
#9318 = ( GEOMETRIC_REPRESENTATION_CONTEXT(2) 
PARAMETRIC_REPRESENTATION_CONTEXT() REPRESENTATION_CONTEXT('2D SPACE',''
  ) );
#9319 = PCURVE('',#9320,#9325);
#9320 = PLANE('',#9321);
#9321 = AXIS2_PLACEMENT_3D('',#9322,#9323,#9324);
#9322 = CARTESIAN_POINT('',(0.,6.5,0.));
#9323 = DIRECTION('',(-0.,-1.,-0.));
#9324 = DIRECTION('',(-1.,0.,0.));
#9325 = DEFINITIONAL_REPRESENTATION('',(#9326),#9330);
#9326 = LINE('',#9327,#9328);
#9327 = CARTESIAN_POINT('',(12.54312638,-7.08673905));
#9328 = VECTOR('',#9329,1.);
#9329 = DIRECTION('',(1.,0.));
#9330 = ( GEOMETRIC_REPRESENTATION_CONTEXT(2) 
PARAMETRIC_REPRESENTATION_CONTEXT() REPRESENTATION_CONTEXT('2D SPACE',''
  ) );
#9331 = ORIENTED_EDGE('',*,*,#9332,.F.);
#9332 = EDGE_CURVE('52@1_357_6',#5285,#9305,#9333,.T.);
#9333 = SURFACE_CURVE('',#9334,(#9338,#9345),.PCURVE_S1.);
#9334 = LINE('',#9335,#9336);
#9335 = CARTESIAN_POINT('',(-16.09830022,15.5,7.08673905));
#9336 = VECTOR('',#9337,1.);
#9337 = DIRECTION('',(-0.,-1.,-0.));
#9338 = PCURVE('',#5328,#9339);
#9339 = DEFINITIONAL_REPRESENTATION('',(#9340),#9344);
#9340 = LINE('',#9341,#9342);
#9341 = CARTESIAN_POINT('',(5.75296153,0.));
#9342 = VECTOR('',#9343,1.);
#9343 = DIRECTION('',(0.,-1.));
#9344 = ( GEOMETRIC_REPRESENTATION_CONTEXT(2) 
PARAMETRIC_REPRESENTATION_CONTEXT() REPRESENTATION_CONTEXT('2D SPACE',''
  ) );
#9345 = PCURVE('',#5300,#9346);
#9346 = DEFINITIONAL_REPRESENTATION('',(#9347),#9351);
#9347 = LINE('',#9348,#9349);
#9348 = CARTESIAN_POINT('',(0.,0.));
#9349 = VECTOR('',#9350,1.);
#9350 = DIRECTION('',(0.,-1.));
#9351 = ( GEOMETRIC_REPRESENTATION_CONTEXT(2) 
PARAMETRIC_REPRESENTATION_CONTEXT() REPRESENTATION_CONTEXT('2D SPACE',''
  ) );
#9352 = ORIENTED_EDGE('',*,*,#5312,.F.);
#9353 = ADVANCED_FACE('52@1_95_4',(#9354),#5300,.T.);
#9354 = FACE_BOUND('',#9355,.T.);
#9355 = EDGE_LOOP('52@',(#9356,#9357,#9358,#9381));
#9356 = ORIENTED_EDGE('',*,*,#5284,.F.);
#9357 = ORIENTED_EDGE('',*,*,#9332,.T.);
#9358 = ORIENTED_EDGE('',*,*,#9359,.T.);
#9359 = EDGE_CURVE('52@1_359_6',#9305,#9360,#9362,.T.);
#9360 = VERTEX_POINT('52@1_250_7',#9361);
#9361 = CARTESIAN_POINT('',(-16.09830022,6.5,10.32422829));
#9362 = SURFACE_CURVE('',#9363,(#9367,#9374),.PCURVE_S1.);
#9363 = LINE('',#9364,#9365);
#9364 = CARTESIAN_POINT('',(-16.09830022,6.5,7.08673905));
#9365 = VECTOR('',#9366,1.);
#9366 = DIRECTION('',(-0.,0.,1.));
#9367 = PCURVE('',#5300,#9368);
#9368 = DEFINITIONAL_REPRESENTATION('',(#9369),#9373);
#9369 = LINE('',#9370,#9371);
#9370 = CARTESIAN_POINT('',(0.,-9.));
#9371 = VECTOR('',#9372,1.);
#9372 = DIRECTION('',(1.,0.));
#9373 = ( GEOMETRIC_REPRESENTATION_CONTEXT(2) 
PARAMETRIC_REPRESENTATION_CONTEXT() REPRESENTATION_CONTEXT('2D SPACE',''
  ) );
#9374 = PCURVE('',#9320,#9375);
#9375 = DEFINITIONAL_REPRESENTATION('',(#9376),#9380);
#9376 = LINE('',#9377,#9378);
#9377 = CARTESIAN_POINT('',(16.09830022,-7.08673905));
#9378 = VECTOR('',#9379,1.);
#9379 = DIRECTION('',(0.,-1.));
#9380 = ( GEOMETRIC_REPRESENTATION_CONTEXT(2) 
PARAMETRIC_REPRESENTATION_CONTEXT() REPRESENTATION_CONTEXT('2D SPACE',''
  ) );
#9381 = ORIENTED_EDGE('',*,*,#9382,.T.);
#9382 = EDGE_CURVE('52@1_358_6',#9360,#5257,#9383,.T.);
#9383 = SURFACE_CURVE('',#9384,(#9388,#9395),.PCURVE_S1.);
#9384 = LINE('',#9385,#9386);
#9385 = CARTESIAN_POINT('',(-16.09830022,6.5,10.32422829));
#9386 = VECTOR('',#9387,1.);
#9387 = DIRECTION('',(0.,1.,0.));
#9388 = PCURVE('',#5300,#9389);
#9389 = DEFINITIONAL_REPRESENTATION('',(#9390),#9394);
#9390 = LINE('',#9391,#9392);
#9391 = CARTESIAN_POINT('',(3.23748924,-9.));
#9392 = VECTOR('',#9393,1.);
#9393 = DIRECTION('',(0.,1.));
#9394 = ( GEOMETRIC_REPRESENTATION_CONTEXT(2) 
PARAMETRIC_REPRESENTATION_CONTEXT() REPRESENTATION_CONTEXT('2D SPACE',''
  ) );
#9395 = PCURVE('',#5272,#9396);
#9396 = DEFINITIONAL_REPRESENTATION('',(#9397),#9401);
#9397 = LINE('',#9398,#9399);
#9398 = CARTESIAN_POINT('',(3.55517384,0.));
#9399 = VECTOR('',#9400,1.);
#9400 = DIRECTION('',(0.,-1.));
#9401 = ( GEOMETRIC_REPRESENTATION_CONTEXT(2) 
PARAMETRIC_REPRESENTATION_CONTEXT() REPRESENTATION_CONTEXT('2D SPACE',''
  ) );
#9402 = ADVANCED_FACE('52@1_96_4',(#9403),#5272,.T.);
#9403 = FACE_BOUND('',#9404,.T.);
#9404 = EDGE_LOOP('52@',(#9405,#9430,#9451,#9452,#9453));
#9405 = ORIENTED_EDGE('',*,*,#9406,.T.);
#9406 = EDGE_CURVE('52@1_360_6',#9407,#9409,#9411,.T.);
#9407 = VERTEX_POINT('52@1_251_7',#9408);
#9408 = CARTESIAN_POINT('',(-12.54312638,6.5,10.32422829));
#9409 = VERTEX_POINT('52@1_252_7',#9410);
#9410 = CARTESIAN_POINT('',(-12.54312638,6.72016652,10.32422829));
#9411 = SURFACE_CURVE('',#9412,(#9416,#9423),.PCURVE_S1.);
#9412 = LINE('',#9413,#9414);
#9413 = CARTESIAN_POINT('',(-12.54312638,6.5,10.32422829));
#9414 = VECTOR('',#9415,1.);
#9415 = DIRECTION('',(0.,1.,0.));
#9416 = PCURVE('',#5272,#9417);
#9417 = DEFINITIONAL_REPRESENTATION('',(#9418),#9422);
#9418 = LINE('',#9419,#9420);
#9419 = CARTESIAN_POINT('',(0.,0.));
#9420 = VECTOR('',#9421,1.);
#9421 = DIRECTION('',(0.,-1.));
#9422 = ( GEOMETRIC_REPRESENTATION_CONTEXT(2) 
PARAMETRIC_REPRESENTATION_CONTEXT() REPRESENTATION_CONTEXT('2D SPACE',''
  ) );
#9423 = PCURVE('',#9292,#9424);
#9424 = DEFINITIONAL_REPRESENTATION('',(#9425),#9429);
#9425 = LINE('',#9426,#9427);
#9426 = CARTESIAN_POINT('',(6.2194771,-9.));
#9427 = VECTOR('',#9428,1.);
#9428 = DIRECTION('',(0.,1.));
#9429 = ( GEOMETRIC_REPRESENTATION_CONTEXT(2) 
PARAMETRIC_REPRESENTATION_CONTEXT() REPRESENTATION_CONTEXT('2D SPACE',''
  ) );
#9430 = ORIENTED_EDGE('',*,*,#9431,.T.);
#9431 = EDGE_CURVE('52@1_361_6',#9409,#5229,#9432,.T.);
#9432 = SURFACE_CURVE('',#9433,(#9437,#9444),.PCURVE_S1.);
#9433 = LINE('',#9434,#9435);
#9434 = CARTESIAN_POINT('',(-12.54312638,6.5,10.32422829));
#9435 = VECTOR('',#9436,1.);
#9436 = DIRECTION('',(0.,1.,0.));
#9437 = PCURVE('',#5272,#9438);
#9438 = DEFINITIONAL_REPRESENTATION('',(#9439),#9443);
#9439 = LINE('',#9440,#9441);
#9440 = CARTESIAN_POINT('',(0.,0.));
#9441 = VECTOR('',#9442,1.);
#9442 = DIRECTION('',(0.,-1.));
#9443 = ( GEOMETRIC_REPRESENTATION_CONTEXT(2) 
PARAMETRIC_REPRESENTATION_CONTEXT() REPRESENTATION_CONTEXT('2D SPACE',''
  ) );
#9444 = PCURVE('',#5244,#9445);
#9445 = DEFINITIONAL_REPRESENTATION('',(#9446),#9450);
#9446 = LINE('',#9447,#9448);
#9447 = CARTESIAN_POINT('',(3.23748924,-9.));
#9448 = VECTOR('',#9449,1.);
#9449 = DIRECTION('',(0.,1.));
#9450 = ( GEOMETRIC_REPRESENTATION_CONTEXT(2) 
PARAMETRIC_REPRESENTATION_CONTEXT() REPRESENTATION_CONTEXT('2D SPACE',''
  ) );
#9451 = ORIENTED_EDGE('',*,*,#5256,.T.);
#9452 = ORIENTED_EDGE('',*,*,#9382,.F.);
#9453 = ORIENTED_EDGE('',*,*,#9454,.F.);
#9454 = EDGE_CURVE('52@1_362_6',#9407,#9360,#9455,.T.);
#9455 = SURFACE_CURVE('',#9456,(#9460,#9467),.PCURVE_S1.);
#9456 = LINE('',#9457,#9458);
#9457 = CARTESIAN_POINT('',(-12.54312638,6.5,10.32422829));
#9458 = VECTOR('',#9459,1.);
#9459 = DIRECTION('',(-1.,0.,0.));
#9460 = PCURVE('',#5272,#9461);
#9461 = DEFINITIONAL_REPRESENTATION('',(#9462),#9466);
#9462 = LINE('',#9463,#9464);
#9463 = CARTESIAN_POINT('',(0.,0.));
#9464 = VECTOR('',#9465,1.);
#9465 = DIRECTION('',(1.,0.));
#9466 = ( GEOMETRIC_REPRESENTATION_CONTEXT(2) 
PARAMETRIC_REPRESENTATION_CONTEXT() REPRESENTATION_CONTEXT('2D SPACE',''
  ) );
#9467 = PCURVE('',#9320,#9468);
#9468 = DEFINITIONAL_REPRESENTATION('',(#9469),#9473);
#9469 = LINE('',#9470,#9471);
#9470 = CARTESIAN_POINT('',(12.54312638,-10.32422829));
#9471 = VECTOR('',#9472,1.);
#9472 = DIRECTION('',(1.,0.));
#9473 = ( GEOMETRIC_REPRESENTATION_CONTEXT(2) 
PARAMETRIC_REPRESENTATION_CONTEXT() REPRESENTATION_CONTEXT('2D SPACE',''
  ) );
#9474 = ADVANCED_FACE('52@1_97_4',(#9475),#5244,.T.);
#9475 = FACE_BOUND('',#9476,.T.);
#9476 = EDGE_LOOP('52@',(#9477,#9478,#9479,#9500));
#9477 = ORIENTED_EDGE('',*,*,#5228,.F.);
#9478 = ORIENTED_EDGE('',*,*,#9431,.F.);
#9479 = ORIENTED_EDGE('',*,*,#9480,.F.);
#9480 = EDGE_CURVE('52@1_363_6',#8753,#9409,#9481,.T.);
#9481 = SURFACE_CURVE('',#9482,(#9486,#9493),.PCURVE_S1.);
#9482 = LINE('',#9483,#9484);
#9483 = CARTESIAN_POINT('',(-12.54312638,6.72016652,24.));
#9484 = VECTOR('',#9485,1.);
#9485 = DIRECTION('',(0.,0.,-1.));
#9486 = PCURVE('',#5244,#9487);
#9487 = DEFINITIONAL_REPRESENTATION('',(#9488),#9492);
#9488 = LINE('',#9489,#9490);
#9489 = CARTESIAN_POINT('',(16.91326095,-8.77983348));
#9490 = VECTOR('',#9491,1.);
#9491 = DIRECTION('',(-1.,0.));
#9492 = ( GEOMETRIC_REPRESENTATION_CONTEXT(2) 
PARAMETRIC_REPRESENTATION_CONTEXT() REPRESENTATION_CONTEXT('2D SPACE',''
  ) );
#9493 = PCURVE('',#8791,#9494);
#9494 = DEFINITIONAL_REPRESENTATION('',(#9495),#9499);
#9495 = LINE('',#9496,#9497);
#9496 = CARTESIAN_POINT('',(12.54312638,-24.));
#9497 = VECTOR('',#9498,1.);
#9498 = DIRECTION('',(0.,1.));
#9499 = ( GEOMETRIC_REPRESENTATION_CONTEXT(2) 
PARAMETRIC_REPRESENTATION_CONTEXT() REPRESENTATION_CONTEXT('2D SPACE',''
  ) );
#9500 = ORIENTED_EDGE('',*,*,#8752,.F.);
#9501 = ADVANCED_FACE('52@1_98_4',(#9502),#5188,.F.);
#9502 = FACE_BOUND('',#9503,.F.);
#9503 = EDGE_LOOP('52@',(#9504,#9505,#9528,#9556));
#9504 = ORIENTED_EDGE('',*,*,#5172,.T.);
#9505 = ORIENTED_EDGE('',*,*,#9506,.T.);
#9506 = EDGE_CURVE('52@1_364_6',#5145,#9507,#9509,.T.);
#9507 = VERTEX_POINT('52@1_253_7',#9508);
#9508 = CARTESIAN_POINT('',(-41.50940246,16.,24.));
#9509 = SURFACE_CURVE('',#9510,(#9514,#9521),.PCURVE_S1.);
#9510 = LINE('',#9511,#9512);
#9511 = CARTESIAN_POINT('',(-41.50940246,0.,24.));
#9512 = VECTOR('',#9513,1.);
#9513 = DIRECTION('',(0.,1.,0.));
#9514 = PCURVE('',#5188,#9515);
#9515 = DEFINITIONAL_REPRESENTATION('',(#9516),#9520);
#9516 = LINE('',#9517,#9518);
#9517 = CARTESIAN_POINT('',(0.,0.));
#9518 = VECTOR('',#9519,1.);
#9519 = DIRECTION('',(0.,-1.));
#9520 = ( GEOMETRIC_REPRESENTATION_CONTEXT(2) 
PARAMETRIC_REPRESENTATION_CONTEXT() REPRESENTATION_CONTEXT('2D SPACE',''
  ) );
#9521 = PCURVE('',#6216,#9522);
#9522 = DEFINITIONAL_REPRESENTATION('',(#9523),#9527);
#9523 = LINE('',#9524,#9525);
#9524 = CARTESIAN_POINT('',(2.00000038,0.));
#9525 = VECTOR('',#9526,1.);
#9526 = DIRECTION('',(0.,-1.));
#9527 = ( GEOMETRIC_REPRESENTATION_CONTEXT(2) 
PARAMETRIC_REPRESENTATION_CONTEXT() REPRESENTATION_CONTEXT('2D SPACE',''
  ) );
#9528 = ORIENTED_EDGE('',*,*,#9529,.T.);
#9529 = EDGE_CURVE('52@1_365_6',#9507,#9530,#9532,.T.);
#9530 = VERTEX_POINT('52@1_254_7',#9531);
#9531 = CARTESIAN_POINT('',(-16.02711577,16.,24.));
#9532 = SURFACE_CURVE('',#9533,(#9537,#9544),.PCURVE_S1.);
#9533 = LINE('',#9534,#9535);
#9534 = CARTESIAN_POINT('',(-41.50940246,16.,24.));
#9535 = VECTOR('',#9536,1.);
#9536 = DIRECTION('',(1.,0.,-0.));
#9537 = PCURVE('',#5188,#9538);
#9538 = DEFINITIONAL_REPRESENTATION('',(#9539),#9543);
#9539 = LINE('',#9540,#9541);
#9540 = CARTESIAN_POINT('',(0.,-16.));
#9541 = VECTOR('',#9542,1.);
#9542 = DIRECTION('',(1.,0.));
#9543 = ( GEOMETRIC_REPRESENTATION_CONTEXT(2) 
PARAMETRIC_REPRESENTATION_CONTEXT() REPRESENTATION_CONTEXT('2D SPACE',''
  ) );
#9544 = PCURVE('',#9545,#9550);
#9545 = PLANE('',#9546);
#9546 = AXIS2_PLACEMENT_3D('',#9547,#9548,#9549);
#9547 = CARTESIAN_POINT('',(0.,16.,0.));
#9548 = DIRECTION('',(-0.,-1.,-0.));
#9549 = DIRECTION('',(-1.,0.,0.));
#9550 = DEFINITIONAL_REPRESENTATION('',(#9551),#9555);
#9551 = LINE('',#9552,#9553);
#9552 = CARTESIAN_POINT('',(41.50940246,-24.));
#9553 = VECTOR('',#9554,1.);
#9554 = DIRECTION('',(-1.,0.));
#9555 = ( GEOMETRIC_REPRESENTATION_CONTEXT(2) 
PARAMETRIC_REPRESENTATION_CONTEXT() REPRESENTATION_CONTEXT('2D SPACE',''
  ) );
#9556 = ORIENTED_EDGE('',*,*,#9557,.F.);
#9557 = EDGE_CURVE('52@1_366_6',#5173,#9530,#9558,.T.);
#9558 = SURFACE_CURVE('',#9559,(#9563,#9570),.PCURVE_S1.);
#9559 = LINE('',#9560,#9561);
#9560 = CARTESIAN_POINT('',(-16.02711577,0.,24.));
#9561 = VECTOR('',#9562,1.);
#9562 = DIRECTION('',(0.,1.,0.));
#9563 = PCURVE('',#5188,#9564);
#9564 = DEFINITIONAL_REPRESENTATION('',(#9565),#9569);
#9565 = LINE('',#9566,#9567);
#9566 = CARTESIAN_POINT('',(25.48228669,0.));
#9567 = VECTOR('',#9568,1.);
#9568 = DIRECTION('',(0.,-1.));
#9569 = ( GEOMETRIC_REPRESENTATION_CONTEXT(2) 
PARAMETRIC_REPRESENTATION_CONTEXT() REPRESENTATION_CONTEXT('2D SPACE',''
  ) );
#9570 = PCURVE('',#8739,#9571);
#9571 = DEFINITIONAL_REPRESENTATION('',(#9572),#9576);
#9572 = LINE('',#9573,#9574);
#9573 = CARTESIAN_POINT('',(0.,0.));
#9574 = VECTOR('',#9575,1.);
#9575 = DIRECTION('',(0.,-1.));
#9576 = ( GEOMETRIC_REPRESENTATION_CONTEXT(2) 
PARAMETRIC_REPRESENTATION_CONTEXT() REPRESENTATION_CONTEXT('2D SPACE',''
  ) );
#9577 = ADVANCED_FACE('52@1_99_4',(#9578),#4862,.T.);
#9578 = FACE_BOUND('',#9579,.T.);
#9579 = EDGE_LOOP('52@',(#9580,#9581,#9604,#9632));
#9580 = ORIENTED_EDGE('',*,*,#4846,.F.);
#9581 = ORIENTED_EDGE('',*,*,#9582,.T.);
#9582 = EDGE_CURVE('52@1_367_6',#4847,#9583,#9585,.T.);
#9583 = VERTEX_POINT('52@1_255_7',#9584);
#9584 = CARTESIAN_POINT('',(-41.46754456,16.,-24.));
#9585 = SURFACE_CURVE('',#9586,(#9590,#9597),.PCURVE_S1.);
#9586 = LINE('',#9587,#9588);
#9587 = CARTESIAN_POINT('',(-41.46754456,0.,-24.));
#9588 = VECTOR('',#9589,1.);
#9589 = DIRECTION('',(0.,1.,0.));
#9590 = PCURVE('',#4862,#9591);
#9591 = DEFINITIONAL_REPRESENTATION('',(#9592),#9596);
#9592 = LINE('',#9593,#9594);
#9593 = CARTESIAN_POINT('',(0.,0.));
#9594 = VECTOR('',#9595,1.);
#9595 = DIRECTION('',(0.,-1.));
#9596 = ( GEOMETRIC_REPRESENTATION_CONTEXT(2) 
PARAMETRIC_REPRESENTATION_CONTEXT() REPRESENTATION_CONTEXT('2D SPACE',''
  ) );
#9597 = PCURVE('',#6119,#9598);
#9598 = DEFINITIONAL_REPRESENTATION('',(#9599),#9603);
#9599 = LINE('',#9600,#9601);
#9600 = CARTESIAN_POINT('',(5.18097705,0.));
#9601 = VECTOR('',#9602,1.);
#9602 = DIRECTION('',(0.,-1.));
#9603 = ( GEOMETRIC_REPRESENTATION_CONTEXT(2) 
PARAMETRIC_REPRESENTATION_CONTEXT() REPRESENTATION_CONTEXT('2D SPACE',''
  ) );
#9604 = ORIENTED_EDGE('',*,*,#9605,.T.);
#9605 = EDGE_CURVE('52@1_368_6',#9583,#9606,#9608,.T.);
#9606 = VERTEX_POINT('52@1_256_7',#9607);
#9607 = CARTESIAN_POINT('',(-16.18272407,16.,-24.));
#9608 = SURFACE_CURVE('',#9609,(#9613,#9620),.PCURVE_S1.);
#9609 = LINE('',#9610,#9611);
#9610 = CARTESIAN_POINT('',(-41.46754456,16.,-24.));
#9611 = VECTOR('',#9612,1.);
#9612 = DIRECTION('',(1.,0.,-0.));
#9613 = PCURVE('',#4862,#9614);
#9614 = DEFINITIONAL_REPRESENTATION('',(#9615),#9619);
#9615 = LINE('',#9616,#9617);
#9616 = CARTESIAN_POINT('',(0.,-16.));
#9617 = VECTOR('',#9618,1.);
#9618 = DIRECTION('',(1.,0.));
#9619 = ( GEOMETRIC_REPRESENTATION_CONTEXT(2) 
PARAMETRIC_REPRESENTATION_CONTEXT() REPRESENTATION_CONTEXT('2D SPACE',''
  ) );
#9620 = PCURVE('',#9621,#9626);
#9621 = PLANE('',#9622);
#9622 = AXIS2_PLACEMENT_3D('',#9623,#9624,#9625);
#9623 = CARTESIAN_POINT('',(0.,16.,0.));
#9624 = DIRECTION('',(-0.,-1.,-0.));
#9625 = DIRECTION('',(-1.,0.,0.));
#9626 = DEFINITIONAL_REPRESENTATION('',(#9627),#9631);
#9627 = LINE('',#9628,#9629);
#9628 = CARTESIAN_POINT('',(41.46754456,24.));
#9629 = VECTOR('',#9630,1.);
#9630 = DIRECTION('',(-1.,0.));
#9631 = ( GEOMETRIC_REPRESENTATION_CONTEXT(2) 
PARAMETRIC_REPRESENTATION_CONTEXT() REPRESENTATION_CONTEXT('2D SPACE',''
  ) );
#9632 = ORIENTED_EDGE('',*,*,#9633,.F.);
#9633 = EDGE_CURVE('52@1_369_6',#4824,#9606,#9634,.T.);
#9634 = SURFACE_CURVE('',#9635,(#9639,#9646),.PCURVE_S1.);
#9635 = LINE('',#9636,#9637);
#9636 = CARTESIAN_POINT('',(-16.18272407,0.,-24.));
#9637 = VECTOR('',#9638,1.);
#9638 = DIRECTION('',(0.,1.,0.));
#9639 = PCURVE('',#4862,#9640);
#9640 = DEFINITIONAL_REPRESENTATION('',(#9641),#9645);
#9641 = LINE('',#9642,#9643);
#9642 = CARTESIAN_POINT('',(25.28482049,0.));
#9643 = VECTOR('',#9644,1.);
#9644 = DIRECTION('',(0.,-1.));
#9645 = ( GEOMETRIC_REPRESENTATION_CONTEXT(2) 
PARAMETRIC_REPRESENTATION_CONTEXT() REPRESENTATION_CONTEXT('2D SPACE',''
  ) );
#9646 = PCURVE('',#6367,#9647);
#9647 = DEFINITIONAL_REPRESENTATION('',(#9648),#9652);
#9648 = LINE('',#9649,#9650);
#9649 = CARTESIAN_POINT('',(0.,-0.));
#9650 = VECTOR('',#9651,1.);
#9651 = DIRECTION('',(0.,-1.));
#9652 = ( GEOMETRIC_REPRESENTATION_CONTEXT(2) 
PARAMETRIC_REPRESENTATION_CONTEXT() REPRESENTATION_CONTEXT('2D SPACE',''
  ) );
#9653 = ADVANCED_FACE('52@1_100_4',(#9654),#4811,.F.);
#9654 = FACE_BOUND('',#9655,.F.);
#9655 = EDGE_LOOP('52@',(#9656,#9657,#9680,#9701));
#9656 = ORIENTED_EDGE('',*,*,#4795,.T.);
#9657 = ORIENTED_EDGE('',*,*,#9658,.F.);
#9658 = EDGE_CURVE('52@1_370_6',#9659,#4768,#9661,.T.);
#9659 = VERTEX_POINT('52@1_257_7',#9660);
#9660 = CARTESIAN_POINT('',(-12.54312638,6.72016652,-10.48050939));
#9661 = SURFACE_CURVE('',#9662,(#9666,#9673),.PCURVE_S1.);
#9662 = LINE('',#9663,#9664);
#9663 = CARTESIAN_POINT('',(-12.54312638,6.5,-10.48050939));
#9664 = VECTOR('',#9665,1.);
#9665 = DIRECTION('',(0.,1.,0.));
#9666 = PCURVE('',#4811,#9667);
#9667 = DEFINITIONAL_REPRESENTATION('',(#9668),#9672);
#9668 = LINE('',#9669,#9670);
#9669 = CARTESIAN_POINT('',(3.4778028,-9.));
#9670 = VECTOR('',#9671,1.);
#9671 = DIRECTION('',(0.,1.));
#9672 = ( GEOMETRIC_REPRESENTATION_CONTEXT(2) 
PARAMETRIC_REPRESENTATION_CONTEXT() REPRESENTATION_CONTEXT('2D SPACE',''
  ) );
#9673 = PCURVE('',#4783,#9674);
#9674 = DEFINITIONAL_REPRESENTATION('',(#9675),#9679);
#9675 = LINE('',#9676,#9677);
#9676 = CARTESIAN_POINT('',(0.,0.));
#9677 = VECTOR('',#9678,1.);
#9678 = DIRECTION('',(0.,-1.));
#9679 = ( GEOMETRIC_REPRESENTATION_CONTEXT(2) 
PARAMETRIC_REPRESENTATION_CONTEXT() REPRESENTATION_CONTEXT('2D SPACE',''
  ) );
#9680 = ORIENTED_EDGE('',*,*,#9681,.F.);
#9681 = EDGE_CURVE('52@1_371_6',#7812,#9659,#9682,.T.);
#9682 = SURFACE_CURVE('',#9683,(#9687,#9694),.PCURVE_S1.);
#9683 = LINE('',#9684,#9685);
#9684 = CARTESIAN_POINT('',(-12.54312638,6.72016652,-24.));
#9685 = VECTOR('',#9686,1.);
#9686 = DIRECTION('',(1.313922906301E-16,0.,1.));
#9687 = PCURVE('',#4811,#9688);
#9688 = DEFINITIONAL_REPRESENTATION('',(#9689),#9693);
#9689 = LINE('',#9690,#9691);
#9690 = CARTESIAN_POINT('',(16.99729341,-8.77983348));
#9691 = VECTOR('',#9692,1.);
#9692 = DIRECTION('',(-1.,0.));
#9693 = ( GEOMETRIC_REPRESENTATION_CONTEXT(2) 
PARAMETRIC_REPRESENTATION_CONTEXT() REPRESENTATION_CONTEXT('2D SPACE',''
  ) );
#9694 = PCURVE('',#7827,#9695);
#9695 = DEFINITIONAL_REPRESENTATION('',(#9696),#9700);
#9696 = LINE('',#9697,#9698);
#9697 = CARTESIAN_POINT('',(12.54312638,24.));
#9698 = VECTOR('',#9699,1.);
#9699 = DIRECTION('',(-1.313922906301E-16,-1.));
#9700 = ( GEOMETRIC_REPRESENTATION_CONTEXT(2) 
PARAMETRIC_REPRESENTATION_CONTEXT() REPRESENTATION_CONTEXT('2D SPACE',''
  ) );
#9701 = ORIENTED_EDGE('',*,*,#7839,.F.);
#9702 = ADVANCED_FACE('52@1_101_4',(#9703),#4783,.F.);
#9703 = FACE_BOUND('',#9704,.F.);
#9704 = EDGE_LOOP('52@',(#9705,#9733,#9734,#9735,#9758));
#9705 = ORIENTED_EDGE('',*,*,#9706,.T.);
#9706 = EDGE_CURVE('52@1_372_6',#9707,#9659,#9709,.T.);
#9707 = VERTEX_POINT('52@1_258_7',#9708);
#9708 = CARTESIAN_POINT('',(-12.54312638,6.5,-10.48050939));
#9709 = SURFACE_CURVE('',#9710,(#9714,#9721),.PCURVE_S1.);
#9710 = LINE('',#9711,#9712);
#9711 = CARTESIAN_POINT('',(-12.54312638,6.5,-10.48050939));
#9712 = VECTOR('',#9713,1.);
#9713 = DIRECTION('',(0.,1.,0.));
#9714 = PCURVE('',#4783,#9715);
#9715 = DEFINITIONAL_REPRESENTATION('',(#9716),#9720);
#9716 = LINE('',#9717,#9718);
#9717 = CARTESIAN_POINT('',(0.,0.));
#9718 = VECTOR('',#9719,1.);
#9719 = DIRECTION('',(0.,-1.));
#9720 = ( GEOMETRIC_REPRESENTATION_CONTEXT(2) 
PARAMETRIC_REPRESENTATION_CONTEXT() REPRESENTATION_CONTEXT('2D SPACE',''
  ) );
#9721 = PCURVE('',#9722,#9727);
#9722 = PLANE('',#9723);
#9723 = AXIS2_PLACEMENT_3D('',#9724,#9725,#9726);
#9724 = CARTESIAN_POINT('',(-12.54312638,15.5,-7.00270659));
#9725 = DIRECTION('',(1.,-0.,0.));
#9726 = DIRECTION('',(0.,0.,-1.));
#9727 = DEFINITIONAL_REPRESENTATION('',(#9728),#9732);
#9728 = LINE('',#9729,#9730);
#9729 = CARTESIAN_POINT('',(3.4778028,-9.));
#9730 = VECTOR('',#9731,1.);
#9731 = DIRECTION('',(0.,1.));
#9732 = ( GEOMETRIC_REPRESENTATION_CONTEXT(2) 
PARAMETRIC_REPRESENTATION_CONTEXT() REPRESENTATION_CONTEXT('2D SPACE',''
  ) );
#9733 = ORIENTED_EDGE('',*,*,#9658,.T.);
#9734 = ORIENTED_EDGE('',*,*,#4767,.T.);
#9735 = ORIENTED_EDGE('',*,*,#9736,.F.);
#9736 = EDGE_CURVE('52@1_373_6',#9737,#4740,#9739,.T.);
#9737 = VERTEX_POINT('52@1_259_7',#9738);
#9738 = CARTESIAN_POINT('',(-16.09830022,6.5,-10.48050939));
#9739 = SURFACE_CURVE('',#9740,(#9744,#9751),.PCURVE_S1.);
#9740 = LINE('',#9741,#9742);
#9741 = CARTESIAN_POINT('',(-16.09830022,6.5,-10.48050939));
#9742 = VECTOR('',#9743,1.);
#9743 = DIRECTION('',(0.,1.,0.));
#9744 = PCURVE('',#4783,#9745);
#9745 = DEFINITIONAL_REPRESENTATION('',(#9746),#9750);
#9746 = LINE('',#9747,#9748);
#9747 = CARTESIAN_POINT('',(3.55517384,0.));
#9748 = VECTOR('',#9749,1.);
#9749 = DIRECTION('',(0.,-1.));
#9750 = ( GEOMETRIC_REPRESENTATION_CONTEXT(2) 
PARAMETRIC_REPRESENTATION_CONTEXT() REPRESENTATION_CONTEXT('2D SPACE',''
  ) );
#9751 = PCURVE('',#4755,#9752);
#9752 = DEFINITIONAL_REPRESENTATION('',(#9753),#9757);
#9753 = LINE('',#9754,#9755);
#9754 = CARTESIAN_POINT('',(6.22737242,-9.));
#9755 = VECTOR('',#9756,1.);
#9756 = DIRECTION('',(0.,1.));
#9757 = ( GEOMETRIC_REPRESENTATION_CONTEXT(2) 
PARAMETRIC_REPRESENTATION_CONTEXT() REPRESENTATION_CONTEXT('2D SPACE',''
  ) );
#9758 = ORIENTED_EDGE('',*,*,#9759,.F.);
#9759 = EDGE_CURVE('52@1_374_6',#9707,#9737,#9760,.T.);
#9760 = SURFACE_CURVE('',#9761,(#9765,#9772),.PCURVE_S1.);
#9761 = LINE('',#9762,#9763);
#9762 = CARTESIAN_POINT('',(-12.54312638,6.5,-10.48050939));
#9763 = VECTOR('',#9764,1.);
#9764 = DIRECTION('',(-1.,0.,0.));
#9765 = PCURVE('',#4783,#9766);
#9766 = DEFINITIONAL_REPRESENTATION('',(#9767),#9771);
#9767 = LINE('',#9768,#9769);
#9768 = CARTESIAN_POINT('',(0.,0.));
#9769 = VECTOR('',#9770,1.);
#9770 = DIRECTION('',(1.,0.));
#9771 = ( GEOMETRIC_REPRESENTATION_CONTEXT(2) 
PARAMETRIC_REPRESENTATION_CONTEXT() REPRESENTATION_CONTEXT('2D SPACE',''
  ) );
#9772 = PCURVE('',#9773,#9778);
#9773 = PLANE('',#9774);
#9774 = AXIS2_PLACEMENT_3D('',#9775,#9776,#9777);
#9775 = CARTESIAN_POINT('',(0.,6.5,0.));
#9776 = DIRECTION('',(-0.,-1.,-0.));
#9777 = DIRECTION('',(-1.,0.,0.));
#9778 = DEFINITIONAL_REPRESENTATION('',(#9779),#9783);
#9779 = LINE('',#9780,#9781);
#9780 = CARTESIAN_POINT('',(12.54312638,10.48050939));
#9781 = VECTOR('',#9782,1.);
#9782 = DIRECTION('',(1.,0.));
#9783 = ( GEOMETRIC_REPRESENTATION_CONTEXT(2) 
PARAMETRIC_REPRESENTATION_CONTEXT() REPRESENTATION_CONTEXT('2D SPACE',''
  ) );
#9784 = ADVANCED_FACE('52@1_102_4',(#9785),#4755,.T.);
#9785 = FACE_BOUND('',#9786,.T.);
#9786 = EDGE_LOOP('52@',(#9787,#9788,#9789,#9812));
#9787 = ORIENTED_EDGE('',*,*,#4739,.F.);
#9788 = ORIENTED_EDGE('',*,*,#9736,.F.);
#9789 = ORIENTED_EDGE('',*,*,#9790,.T.);
#9790 = EDGE_CURVE('52@1_376_6',#9737,#9791,#9793,.T.);
#9791 = VERTEX_POINT('52@1_260_7',#9792);
#9792 = CARTESIAN_POINT('',(-16.09830022,6.5,-7.00270659));
#9793 = SURFACE_CURVE('',#9794,(#9798,#9805),.PCURVE_S1.);
#9794 = LINE('',#9795,#9796);
#9795 = CARTESIAN_POINT('',(-16.09830022,6.5,-16.70788181));
#9796 = VECTOR('',#9797,1.);
#9797 = DIRECTION('',(-0.,0.,1.));
#9798 = PCURVE('',#4755,#9799);
#9799 = DEFINITIONAL_REPRESENTATION('',(#9800),#9804);
#9800 = LINE('',#9801,#9802);
#9801 = CARTESIAN_POINT('',(0.,-9.));
#9802 = VECTOR('',#9803,1.);
#9803 = DIRECTION('',(1.,0.));
#9804 = ( GEOMETRIC_REPRESENTATION_CONTEXT(2) 
PARAMETRIC_REPRESENTATION_CONTEXT() REPRESENTATION_CONTEXT('2D SPACE',''
  ) );
#9805 = PCURVE('',#9773,#9806);
#9806 = DEFINITIONAL_REPRESENTATION('',(#9807),#9811);
#9807 = LINE('',#9808,#9809);
#9808 = CARTESIAN_POINT('',(16.09830022,16.70788181));
#9809 = VECTOR('',#9810,1.);
#9810 = DIRECTION('',(0.,-1.));
#9811 = ( GEOMETRIC_REPRESENTATION_CONTEXT(2) 
PARAMETRIC_REPRESENTATION_CONTEXT() REPRESENTATION_CONTEXT('2D SPACE',''
  ) );
#9812 = ORIENTED_EDGE('',*,*,#9813,.F.);
#9813 = EDGE_CURVE('52@1_375_6',#4712,#9791,#9814,.T.);
#9814 = SURFACE_CURVE('',#9815,(#9819,#9826),.PCURVE_S1.);
#9815 = LINE('',#9816,#9817);
#9816 = CARTESIAN_POINT('',(-16.09830022,15.5,-7.00270659));
#9817 = VECTOR('',#9818,1.);
#9818 = DIRECTION('',(-0.,-1.,-0.));
#9819 = PCURVE('',#4755,#9820);
#9820 = DEFINITIONAL_REPRESENTATION('',(#9821),#9825);
#9821 = LINE('',#9822,#9823);
#9822 = CARTESIAN_POINT('',(9.70517522,0.));
#9823 = VECTOR('',#9824,1.);
#9824 = DIRECTION('',(0.,-1.));
#9825 = ( GEOMETRIC_REPRESENTATION_CONTEXT(2) 
PARAMETRIC_REPRESENTATION_CONTEXT() REPRESENTATION_CONTEXT('2D SPACE',''
  ) );
#9826 = PCURVE('',#4727,#9827);
#9827 = DEFINITIONAL_REPRESENTATION('',(#9828),#9832);
#9828 = LINE('',#9829,#9830);
#9829 = CARTESIAN_POINT('',(0.,0.));
#9830 = VECTOR('',#9831,1.);
#9831 = DIRECTION('',(-0.,-1.));
#9832 = ( GEOMETRIC_REPRESENTATION_CONTEXT(2) 
PARAMETRIC_REPRESENTATION_CONTEXT() REPRESENTATION_CONTEXT('2D SPACE',''
  ) );
#9833 = ADVANCED_FACE('52@1_103_4',(#9834),#4727,.T.);
#9834 = FACE_BOUND('',#9835,.T.);
#9835 = EDGE_LOOP('52@',(#9836,#9837,#9860,#9883,#9906,#9927));
#9836 = ORIENTED_EDGE('',*,*,#9813,.T.);
#9837 = ORIENTED_EDGE('',*,*,#9838,.T.);
#9838 = EDGE_CURVE('52@1_377_6',#9791,#9839,#9841,.T.);
#9839 = VERTEX_POINT('52@1_261_7',#9840);
#9840 = CARTESIAN_POINT('',(-12.54312638,6.5,-7.00270659));
#9841 = SURFACE_CURVE('',#9842,(#9846,#9853),.PCURVE_S1.);
#9842 = LINE('',#9843,#9844);
#9843 = CARTESIAN_POINT('',(-16.09830022,6.5,-7.00270659));
#9844 = VECTOR('',#9845,1.);
#9845 = DIRECTION('',(1.,0.,-0.));
#9846 = PCURVE('',#4727,#9847);
#9847 = DEFINITIONAL_REPRESENTATION('',(#9848),#9852);
#9848 = LINE('',#9849,#9850);
#9849 = CARTESIAN_POINT('',(0.,-9.));
#9850 = VECTOR('',#9851,1.);
#9851 = DIRECTION('',(1.,0.));
#9852 = ( GEOMETRIC_REPRESENTATION_CONTEXT(2) 
PARAMETRIC_REPRESENTATION_CONTEXT() REPRESENTATION_CONTEXT('2D SPACE',''
  ) );
#9853 = PCURVE('',#9773,#9854);
#9854 = DEFINITIONAL_REPRESENTATION('',(#9855),#9859);
#9855 = LINE('',#9856,#9857);
#9856 = CARTESIAN_POINT('',(16.09830022,7.00270659));
#9857 = VECTOR('',#9858,1.);
#9858 = DIRECTION('',(-1.,0.));
#9859 = ( GEOMETRIC_REPRESENTATION_CONTEXT(2) 
PARAMETRIC_REPRESENTATION_CONTEXT() REPRESENTATION_CONTEXT('2D SPACE',''
  ) );
#9860 = ORIENTED_EDGE('',*,*,#9861,.F.);
#9861 = EDGE_CURVE('52@1_378_6',#9862,#9839,#9864,.T.);
#9862 = VERTEX_POINT('52@1_262_7',#9863);
#9863 = CARTESIAN_POINT('',(-12.54312638,6.72016652,-7.00270659));
#9864 = SURFACE_CURVE('',#9865,(#9869,#9876),.PCURVE_S1.);
#9865 = LINE('',#9866,#9867);
#9866 = CARTESIAN_POINT('',(-12.54312638,15.5,-7.00270659));
#9867 = VECTOR('',#9868,1.);
#9868 = DIRECTION('',(-0.,-1.,-0.));
#9869 = PCURVE('',#4727,#9870);
#9870 = DEFINITIONAL_REPRESENTATION('',(#9871),#9875);
#9871 = LINE('',#9872,#9873);
#9872 = CARTESIAN_POINT('',(3.55517384,0.));
#9873 = VECTOR('',#9874,1.);
#9874 = DIRECTION('',(-0.,-1.));
#9875 = ( GEOMETRIC_REPRESENTATION_CONTEXT(2) 
PARAMETRIC_REPRESENTATION_CONTEXT() REPRESENTATION_CONTEXT('2D SPACE',''
  ) );
#9876 = PCURVE('',#9722,#9877);
#9877 = DEFINITIONAL_REPRESENTATION('',(#9878),#9882);
#9878 = LINE('',#9879,#9880);
#9879 = CARTESIAN_POINT('',(0.,0.));
#9880 = VECTOR('',#9881,1.);
#9881 = DIRECTION('',(0.,-1.));
#9882 = ( GEOMETRIC_REPRESENTATION_CONTEXT(2) 
PARAMETRIC_REPRESENTATION_CONTEXT() REPRESENTATION_CONTEXT('2D SPACE',''
  ) );
#9883 = ORIENTED_EDGE('',*,*,#9884,.F.);
#9884 = EDGE_CURVE('52@1_379_6',#9885,#9862,#9887,.T.);
#9885 = VERTEX_POINT('52@1_263_7',#9886);
#9886 = CARTESIAN_POINT('',(-10.467438,6.72016652,-7.00270659));
#9887 = SURFACE_CURVE('',#9888,(#9892,#9899),.PCURVE_S1.);
#9888 = LINE('',#9889,#9890);
#9889 = CARTESIAN_POINT('',(-10.467438,6.72016652,-7.00270659));
#9890 = VECTOR('',#9891,1.);
#9891 = DIRECTION('',(-1.,0.,0.));
#9892 = PCURVE('',#4727,#9893);
#9893 = DEFINITIONAL_REPRESENTATION('',(#9894),#9898);
#9894 = LINE('',#9895,#9896);
#9895 = CARTESIAN_POINT('',(5.63086222,-8.77983348));
#9896 = VECTOR('',#9897,1.);
#9897 = DIRECTION('',(-1.,0.));
#9898 = ( GEOMETRIC_REPRESENTATION_CONTEXT(2) 
PARAMETRIC_REPRESENTATION_CONTEXT() REPRESENTATION_CONTEXT('2D SPACE',''
  ) );
#9899 = PCURVE('',#7827,#9900);
#9900 = DEFINITIONAL_REPRESENTATION('',(#9901),#9905);
#9901 = LINE('',#9902,#9903);
#9902 = CARTESIAN_POINT('',(10.467438,7.00270659));
#9903 = VECTOR('',#9904,1.);
#9904 = DIRECTION('',(1.,0.));
#9905 = ( GEOMETRIC_REPRESENTATION_CONTEXT(2) 
PARAMETRIC_REPRESENTATION_CONTEXT() REPRESENTATION_CONTEXT('2D SPACE',''
  ) );
#9906 = ORIENTED_EDGE('',*,*,#9907,.F.);
#9907 = EDGE_CURVE('52@1_380_6',#4684,#9885,#9908,.T.);
#9908 = SURFACE_CURVE('',#9909,(#9913,#9920),.PCURVE_S1.);
#9909 = LINE('',#9910,#9911);
#9910 = CARTESIAN_POINT('',(-10.467438,15.5,-7.00270659));
#9911 = VECTOR('',#9912,1.);
#9912 = DIRECTION('',(-0.,-1.,-0.));
#9913 = PCURVE('',#4727,#9914);
#9914 = DEFINITIONAL_REPRESENTATION('',(#9915),#9919);
#9915 = LINE('',#9916,#9917);
#9916 = CARTESIAN_POINT('',(5.63086222,0.));
#9917 = VECTOR('',#9918,1.);
#9918 = DIRECTION('',(-0.,-1.));
#9919 = ( GEOMETRIC_REPRESENTATION_CONTEXT(2) 
PARAMETRIC_REPRESENTATION_CONTEXT() REPRESENTATION_CONTEXT('2D SPACE',''
  ) );
#9920 = PCURVE('',#4699,#9921);
#9921 = DEFINITIONAL_REPRESENTATION('',(#9922),#9926);
#9922 = LINE('',#9923,#9924);
#9923 = CARTESIAN_POINT('',(16.99729341,0.));
#9924 = VECTOR('',#9925,1.);
#9925 = DIRECTION('',(0.,-1.));
#9926 = ( GEOMETRIC_REPRESENTATION_CONTEXT(2) 
PARAMETRIC_REPRESENTATION_CONTEXT() REPRESENTATION_CONTEXT('2D SPACE',''
  ) );
#9927 = ORIENTED_EDGE('',*,*,#4711,.F.);
#9928 = ADVANCED_FACE('52@1_104_4',(#9929),#4699,.F.);
#9929 = FACE_BOUND('',#9930,.F.);
#9930 = EDGE_LOOP('52@',(#9931,#9932,#9953,#9954));
#9931 = ORIENTED_EDGE('',*,*,#7788,.T.);
#9932 = ORIENTED_EDGE('',*,*,#9933,.T.);
#9933 = EDGE_CURVE('52@1_381_6',#7789,#9885,#9934,.T.);
#9934 = SURFACE_CURVE('',#9935,(#9939,#9946),.PCURVE_S1.);
#9935 = LINE('',#9936,#9937);
#9936 = CARTESIAN_POINT('',(-10.467438,6.72016652,-24.));
#9937 = VECTOR('',#9938,1.);
#9938 = DIRECTION('',(-0.,0.,1.));
#9939 = PCURVE('',#4699,#9940);
#9940 = DEFINITIONAL_REPRESENTATION('',(#9941),#9945);
#9941 = LINE('',#9942,#9943);
#9942 = CARTESIAN_POINT('',(0.,-8.77983348));
#9943 = VECTOR('',#9944,1.);
#9944 = DIRECTION('',(1.,0.));
#9945 = ( GEOMETRIC_REPRESENTATION_CONTEXT(2) 
PARAMETRIC_REPRESENTATION_CONTEXT() REPRESENTATION_CONTEXT('2D SPACE',''
  ) );
#9946 = PCURVE('',#7827,#9947);
#9947 = DEFINITIONAL_REPRESENTATION('',(#9948),#9952);
#9948 = LINE('',#9949,#9950);
#9949 = CARTESIAN_POINT('',(10.467438,24.));
#9950 = VECTOR('',#9951,1.);
#9951 = DIRECTION('',(0.,-1.));
#9952 = ( GEOMETRIC_REPRESENTATION_CONTEXT(2) 
PARAMETRIC_REPRESENTATION_CONTEXT() REPRESENTATION_CONTEXT('2D SPACE',''
  ) );
#9953 = ORIENTED_EDGE('',*,*,#9907,.F.);
#9954 = ORIENTED_EDGE('',*,*,#4683,.F.);
#9955 = ADVANCED_FACE('52@1_105_4',(#9956),#4648,.F.);
#9956 = FACE_BOUND('',#9957,.F.);
#9957 = EDGE_LOOP('52@',(#9958,#9981,#10002,#10003));
#9958 = ORIENTED_EDGE('',*,*,#9959,.T.);
#9959 = EDGE_CURVE('52@1_382_6',#4605,#9960,#9962,.T.);
#9960 = VERTEX_POINT('52@1_264_7',#9961);
#9961 = CARTESIAN_POINT('',(8.5085125,6.72016652,-7.00270659));
#9962 = SURFACE_CURVE('',#9963,(#9967,#9974),.PCURVE_S1.);
#9963 = LINE('',#9964,#9965);
#9964 = CARTESIAN_POINT('',(8.5085125,15.5,-7.00270659));
#9965 = VECTOR('',#9966,1.);
#9966 = DIRECTION('',(-0.,-1.,-0.));
#9967 = PCURVE('',#4648,#9968);
#9968 = DEFINITIONAL_REPRESENTATION('',(#9969),#9973);
#9969 = LINE('',#9970,#9971);
#9970 = CARTESIAN_POINT('',(0.,0.));
#9971 = VECTOR('',#9972,1.);
#9972 = DIRECTION('',(0.,-1.));
#9973 = ( GEOMETRIC_REPRESENTATION_CONTEXT(2) 
PARAMETRIC_REPRESENTATION_CONTEXT() REPRESENTATION_CONTEXT('2D SPACE',''
  ) );
#9974 = PCURVE('',#4620,#9975);
#9975 = DEFINITIONAL_REPRESENTATION('',(#9976),#9980);
#9976 = LINE('',#9977,#9978);
#9977 = CARTESIAN_POINT('',(2.01158291,0.));
#9978 = VECTOR('',#9979,1.);
#9979 = DIRECTION('',(0.,-1.));
#9980 = ( GEOMETRIC_REPRESENTATION_CONTEXT(2) 
PARAMETRIC_REPRESENTATION_CONTEXT() REPRESENTATION_CONTEXT('2D SPACE',''
  ) );
#9981 = ORIENTED_EDGE('',*,*,#9982,.T.);
#9982 = EDGE_CURVE('52@1_383_6',#9960,#7739,#9983,.T.);
#9983 = SURFACE_CURVE('',#9984,(#9988,#9995),.PCURVE_S1.);
#9984 = LINE('',#9985,#9986);
#9985 = CARTESIAN_POINT('',(8.5085125,6.72016652,-7.00270659));
#9986 = VECTOR('',#9987,1.);
#9987 = DIRECTION('',(0.,0.,-1.));
#9988 = PCURVE('',#4648,#9989);
#9989 = DEFINITIONAL_REPRESENTATION('',(#9990),#9994);
#9990 = LINE('',#9991,#9992);
#9991 = CARTESIAN_POINT('',(0.,-8.77983348));
#9992 = VECTOR('',#9993,1.);
#9993 = DIRECTION('',(1.,0.));
#9994 = ( GEOMETRIC_REPRESENTATION_CONTEXT(2) 
PARAMETRIC_REPRESENTATION_CONTEXT() REPRESENTATION_CONTEXT('2D SPACE',''
  ) );
#9995 = PCURVE('',#7754,#9996);
#9996 = DEFINITIONAL_REPRESENTATION('',(#9997),#10001);
#9997 = LINE('',#9998,#9999);
#9998 = CARTESIAN_POINT('',(-8.5085125,7.00270659));
#9999 = VECTOR('',#10000,1.);
#10000 = DIRECTION('',(0.,1.));
#10001 = ( GEOMETRIC_REPRESENTATION_CONTEXT(2) 
PARAMETRIC_REPRESENTATION_CONTEXT() REPRESENTATION_CONTEXT('2D SPACE',''
  ) );
#10002 = ORIENTED_EDGE('',*,*,#7766,.F.);
#10003 = ORIENTED_EDGE('',*,*,#4632,.F.);
#10004 = ADVANCED_FACE('52@1_106_4',(#10005),#4620,.F.);
#10005 = FACE_BOUND('',#10006,.F.);
#10006 = EDGE_LOOP('52@',(#10007,#10008,#10009,#10032,#10060,#10088));
#10007 = ORIENTED_EDGE('',*,*,#9959,.F.);
#10008 = ORIENTED_EDGE('',*,*,#4604,.T.);
#10009 = ORIENTED_EDGE('',*,*,#10010,.T.);
#10010 = EDGE_CURVE('52@1_384_6',#4577,#10011,#10013,.T.);
#10011 = VERTEX_POINT('52@1_265_7',#10012);
#10012 = CARTESIAN_POINT('',(14.30875714,6.5,-7.00270659));
#10013 = SURFACE_CURVE('',#10014,(#10018,#10025),.PCURVE_S1.);
#10014 = LINE('',#10015,#10016);
#10015 = CARTESIAN_POINT('',(14.30875714,15.5,-7.00270659));
#10016 = VECTOR('',#10017,1.);
#10017 = DIRECTION('',(-0.,-1.,-0.));
#10018 = PCURVE('',#4620,#10019);
#10019 = DEFINITIONAL_REPRESENTATION('',(#10020),#10024);
#10020 = LINE('',#10021,#10022);
#10021 = CARTESIAN_POINT('',(-3.78866173,0.));
#10022 = VECTOR('',#10023,1.);
#10023 = DIRECTION('',(0.,-1.));
#10024 = ( GEOMETRIC_REPRESENTATION_CONTEXT(2) 
PARAMETRIC_REPRESENTATION_CONTEXT() REPRESENTATION_CONTEXT('2D SPACE',''
  ) );
#10025 = PCURVE('',#4592,#10026);
#10026 = DEFINITIONAL_REPRESENTATION('',(#10027),#10031);
#10027 = LINE('',#10028,#10029);
#10028 = CARTESIAN_POINT('',(0.,0.));
#10029 = VECTOR('',#10030,1.);
#10030 = DIRECTION('',(0.,-1.));
#10031 = ( GEOMETRIC_REPRESENTATION_CONTEXT(2) 
PARAMETRIC_REPRESENTATION_CONTEXT() REPRESENTATION_CONTEXT('2D SPACE',''
  ) );
#10032 = ORIENTED_EDGE('',*,*,#10033,.F.);
#10033 = EDGE_CURVE('52@1_385_6',#10034,#10011,#10036,.T.);
#10034 = VERTEX_POINT('52@1_266_7',#10035);
#10035 = CARTESIAN_POINT('',(10.52009565,6.5,-7.00270659));
#10036 = SURFACE_CURVE('',#10037,(#10041,#10048),.PCURVE_S1.);
#10037 = LINE('',#10038,#10039);
#10038 = CARTESIAN_POINT('',(10.52009565,6.5,-7.00270659));
#10039 = VECTOR('',#10040,1.);
#10040 = DIRECTION('',(1.,0.,-0.));
#10041 = PCURVE('',#4620,#10042);
#10042 = DEFINITIONAL_REPRESENTATION('',(#10043),#10047);
#10043 = LINE('',#10044,#10045);
#10044 = CARTESIAN_POINT('',(-2.400000003178E-07,-9.));
#10045 = VECTOR('',#10046,1.);
#10046 = DIRECTION('',(-1.,0.));
#10047 = ( GEOMETRIC_REPRESENTATION_CONTEXT(2) 
PARAMETRIC_REPRESENTATION_CONTEXT() REPRESENTATION_CONTEXT('2D SPACE',''
  ) );
#10048 = PCURVE('',#10049,#10054);
#10049 = PLANE('',#10050);
#10050 = AXIS2_PLACEMENT_3D('',#10051,#10052,#10053);
#10051 = CARTESIAN_POINT('',(0.,6.5,0.));
#10052 = DIRECTION('',(-0.,-1.,-0.));
#10053 = DIRECTION('',(-1.,0.,0.));
#10054 = DEFINITIONAL_REPRESENTATION('',(#10055),#10059);
#10055 = LINE('',#10056,#10057);
#10056 = CARTESIAN_POINT('',(-10.52009565,7.00270659));
#10057 = VECTOR('',#10058,1.);
#10058 = DIRECTION('',(-1.,0.));
#10059 = ( GEOMETRIC_REPRESENTATION_CONTEXT(2) 
PARAMETRIC_REPRESENTATION_CONTEXT() REPRESENTATION_CONTEXT('2D SPACE',''
  ) );
#10060 = ORIENTED_EDGE('',*,*,#10061,.F.);
#10061 = EDGE_CURVE('52@1_386_6',#10062,#10034,#10064,.T.);
#10062 = VERTEX_POINT('52@1_267_7',#10063);
#10063 = CARTESIAN_POINT('',(10.52009541,6.72016652,-7.00270659));
#10064 = SURFACE_CURVE('',#10065,(#10069,#10076),.PCURVE_S1.);
#10065 = LINE('',#10066,#10067);
#10066 = CARTESIAN_POINT('',(10.52009565,15.5,-7.00270659));
#10067 = VECTOR('',#10068,1.);
#10068 = DIRECTION('',(-0.,-1.,-0.));
#10069 = PCURVE('',#4620,#10070);
#10070 = DEFINITIONAL_REPRESENTATION('',(#10071),#10075);
#10071 = LINE('',#10072,#10073);
#10072 = CARTESIAN_POINT('',(-2.400000003178E-07,0.));
#10073 = VECTOR('',#10074,1.);
#10074 = DIRECTION('',(0.,-1.));
#10075 = ( GEOMETRIC_REPRESENTATION_CONTEXT(2) 
PARAMETRIC_REPRESENTATION_CONTEXT() REPRESENTATION_CONTEXT('2D SPACE',''
  ) );
#10076 = PCURVE('',#10077,#10082);
#10077 = PLANE('',#10078);
#10078 = AXIS2_PLACEMENT_3D('',#10079,#10080,#10081);
#10079 = CARTESIAN_POINT('',(10.520095649813,15.5,-16.70788181));
#10080 = DIRECTION('',(-1.,0.,1.925788633153E-11));
#10081 = DIRECTION('',(1.925788633153E-11,0.,1.));
#10082 = DEFINITIONAL_REPRESENTATION('',(#10083),#10087);
#10083 = LINE('',#10084,#10085);
#10084 = CARTESIAN_POINT('',(9.70517522,0.));
#10085 = VECTOR('',#10086,1.);
#10086 = DIRECTION('',(0.,-1.));
#10087 = ( GEOMETRIC_REPRESENTATION_CONTEXT(2) 
PARAMETRIC_REPRESENTATION_CONTEXT() REPRESENTATION_CONTEXT('2D SPACE',''
  ) );
#10088 = ORIENTED_EDGE('',*,*,#10089,.T.);
#10089 = EDGE_CURVE('52@1_387_6',#10062,#9960,#10090,.T.);
#10090 = SURFACE_CURVE('',#10091,(#10095,#10102),.PCURVE_S1.);
#10091 = LINE('',#10092,#10093);
#10092 = CARTESIAN_POINT('',(10.52009541,6.72016652,-7.00270659));
#10093 = VECTOR('',#10094,1.);
#10094 = DIRECTION('',(-1.,0.,0.));
#10095 = PCURVE('',#4620,#10096);
#10096 = DEFINITIONAL_REPRESENTATION('',(#10097),#10101);
#10097 = LINE('',#10098,#10099);
#10098 = CARTESIAN_POINT('',(0.,-8.77983348));
#10099 = VECTOR('',#10100,1.);
#10100 = DIRECTION('',(1.,0.));
#10101 = ( GEOMETRIC_REPRESENTATION_CONTEXT(2) 
PARAMETRIC_REPRESENTATION_CONTEXT() REPRESENTATION_CONTEXT('2D SPACE',''
  ) );
#10102 = PCURVE('',#7754,#10103);
#10103 = DEFINITIONAL_REPRESENTATION('',(#10104),#10108);
#10104 = LINE('',#10105,#10106);
#10105 = CARTESIAN_POINT('',(-10.52009541,7.00270659));
#10106 = VECTOR('',#10107,1.);
#10107 = DIRECTION('',(1.,0.));
#10108 = ( GEOMETRIC_REPRESENTATION_CONTEXT(2) 
PARAMETRIC_REPRESENTATION_CONTEXT() REPRESENTATION_CONTEXT('2D SPACE',''
  ) );
#10109 = ADVANCED_FACE('52@1_107_4',(#10110),#4592,.T.);
#10110 = FACE_BOUND('',#10111,.T.);
#10111 = EDGE_LOOP('52@',(#10112,#10113,#10114,#10137));
#10112 = ORIENTED_EDGE('',*,*,#4576,.F.);
#10113 = ORIENTED_EDGE('',*,*,#10010,.T.);
#10114 = ORIENTED_EDGE('',*,*,#10115,.T.);
#10115 = EDGE_CURVE('52@1_389_6',#10011,#10116,#10118,.T.);
#10116 = VERTEX_POINT('52@1_268_7',#10117);
#10117 = CARTESIAN_POINT('',(14.30875714,6.5,-10.67584271));
#10118 = SURFACE_CURVE('',#10119,(#10123,#10130),.PCURVE_S1.);
#10119 = LINE('',#10120,#10121);
#10120 = CARTESIAN_POINT('',(14.30875714,6.5,-7.00270659));
#10121 = VECTOR('',#10122,1.);
#10122 = DIRECTION('',(0.,0.,-1.));
#10123 = PCURVE('',#4592,#10124);
#10124 = DEFINITIONAL_REPRESENTATION('',(#10125),#10129);
#10125 = LINE('',#10126,#10127);
#10126 = CARTESIAN_POINT('',(0.,-9.));
#10127 = VECTOR('',#10128,1.);
#10128 = DIRECTION('',(1.,0.));
#10129 = ( GEOMETRIC_REPRESENTATION_CONTEXT(2) 
PARAMETRIC_REPRESENTATION_CONTEXT() REPRESENTATION_CONTEXT('2D SPACE',''
  ) );
#10130 = PCURVE('',#10049,#10131);
#10131 = DEFINITIONAL_REPRESENTATION('',(#10132),#10136);
#10132 = LINE('',#10133,#10134);
#10133 = CARTESIAN_POINT('',(-14.30875714,7.00270659));
#10134 = VECTOR('',#10135,1.);
#10135 = DIRECTION('',(0.,1.));
#10136 = ( GEOMETRIC_REPRESENTATION_CONTEXT(2) 
PARAMETRIC_REPRESENTATION_CONTEXT() REPRESENTATION_CONTEXT('2D SPACE',''
  ) );
#10137 = ORIENTED_EDGE('',*,*,#10138,.T.);
#10138 = EDGE_CURVE('52@1_388_6',#10116,#4549,#10139,.T.);
#10139 = SURFACE_CURVE('',#10140,(#10144,#10151),.PCURVE_S1.);
#10140 = LINE('',#10141,#10142);
#10141 = CARTESIAN_POINT('',(14.30875714,6.5,-10.67584271));
#10142 = VECTOR('',#10143,1.);
#10143 = DIRECTION('',(0.,1.,0.));
#10144 = PCURVE('',#4592,#10145);
#10145 = DEFINITIONAL_REPRESENTATION('',(#10146),#10150);
#10146 = LINE('',#10147,#10148);
#10147 = CARTESIAN_POINT('',(3.67313612,-9.));
#10148 = VECTOR('',#10149,1.);
#10149 = DIRECTION('',(0.,1.));
#10150 = ( GEOMETRIC_REPRESENTATION_CONTEXT(2) 
PARAMETRIC_REPRESENTATION_CONTEXT() REPRESENTATION_CONTEXT('2D SPACE',''
  ) );
#10151 = PCURVE('',#4564,#10152);
#10152 = DEFINITIONAL_REPRESENTATION('',(#10153),#10157);
#10153 = LINE('',#10154,#10155);
#10154 = CARTESIAN_POINT('',(0.,0.));
#10155 = VECTOR('',#10156,1.);
#10156 = DIRECTION('',(0.,-1.));
#10157 = ( GEOMETRIC_REPRESENTATION_CONTEXT(2) 
PARAMETRIC_REPRESENTATION_CONTEXT() REPRESENTATION_CONTEXT('2D SPACE',''
  ) );
#10158 = ADVANCED_FACE('52@1_108_4',(#10159),#4564,.F.);
#10159 = FACE_BOUND('',#10160,.F.);
#10160 = EDGE_LOOP('52@',(#10161,#10162,#10163,#10186,#10209));
#10161 = ORIENTED_EDGE('',*,*,#10138,.T.);
#10162 = ORIENTED_EDGE('',*,*,#4548,.T.);
#10163 = ORIENTED_EDGE('',*,*,#10164,.F.);
#10164 = EDGE_CURVE('52@1_391_6',#10165,#4526,#10167,.T.);
#10165 = VERTEX_POINT('52@1_270_7',#10166);
#10166 = CARTESIAN_POINT('',(10.52009553,6.72016652,-10.67584271));
#10167 = SURFACE_CURVE('',#10168,(#10172,#10179),.PCURVE_S1.);
#10168 = LINE('',#10169,#10170);
#10169 = CARTESIAN_POINT('',(10.52009565,6.5,-10.67584271));
#10170 = VECTOR('',#10171,1.);
#10171 = DIRECTION('',(0.,1.,0.));
#10172 = PCURVE('',#4564,#10173);
#10173 = DEFINITIONAL_REPRESENTATION('',(#10174),#10178);
#10174 = LINE('',#10175,#10176);
#10175 = CARTESIAN_POINT('',(3.78866149,0.));
#10176 = VECTOR('',#10177,1.);
#10177 = DIRECTION('',(0.,-1.));
#10178 = ( GEOMETRIC_REPRESENTATION_CONTEXT(2) 
PARAMETRIC_REPRESENTATION_CONTEXT() REPRESENTATION_CONTEXT('2D SPACE',''
  ) );
#10179 = PCURVE('',#4513,#10180);
#10180 = DEFINITIONAL_REPRESENTATION('',(#10181),#10185);
#10181 = LINE('',#10182,#10183);
#10182 = CARTESIAN_POINT('',(13.32415729,-9.));
#10183 = VECTOR('',#10184,1.);
#10184 = DIRECTION('',(0.,1.));
#10185 = ( GEOMETRIC_REPRESENTATION_CONTEXT(2) 
PARAMETRIC_REPRESENTATION_CONTEXT() REPRESENTATION_CONTEXT('2D SPACE',''
  ) );
#10186 = ORIENTED_EDGE('',*,*,#10187,.F.);
#10187 = EDGE_CURVE('52@1_390_6',#10188,#10165,#10190,.T.);
#10188 = VERTEX_POINT('52@1_269_7',#10189);
#10189 = CARTESIAN_POINT('',(10.52009565,6.5,-10.67584271));
#10190 = SURFACE_CURVE('',#10191,(#10195,#10202),.PCURVE_S1.);
#10191 = LINE('',#10192,#10193);
#10192 = CARTESIAN_POINT('',(10.52009565,6.5,-10.67584271));
#10193 = VECTOR('',#10194,1.);
#10194 = DIRECTION('',(0.,1.,0.));
#10195 = PCURVE('',#4564,#10196);
#10196 = DEFINITIONAL_REPRESENTATION('',(#10197),#10201);
#10197 = LINE('',#10198,#10199);
#10198 = CARTESIAN_POINT('',(3.78866149,0.));
#10199 = VECTOR('',#10200,1.);
#10200 = DIRECTION('',(0.,-1.));
#10201 = ( GEOMETRIC_REPRESENTATION_CONTEXT(2) 
PARAMETRIC_REPRESENTATION_CONTEXT() REPRESENTATION_CONTEXT('2D SPACE',''
  ) );
#10202 = PCURVE('',#10077,#10203);
#10203 = DEFINITIONAL_REPRESENTATION('',(#10204),#10208);
#10204 = LINE('',#10205,#10206);
#10205 = CARTESIAN_POINT('',(6.0320391,-9.));
#10206 = VECTOR('',#10207,1.);
#10207 = DIRECTION('',(0.,1.));
#10208 = ( GEOMETRIC_REPRESENTATION_CONTEXT(2) 
PARAMETRIC_REPRESENTATION_CONTEXT() REPRESENTATION_CONTEXT('2D SPACE',''
  ) );
#10209 = ORIENTED_EDGE('',*,*,#10210,.F.);
#10210 = EDGE_CURVE('52@1_392_6',#10116,#10188,#10211,.T.);
#10211 = SURFACE_CURVE('',#10212,(#10216,#10223),.PCURVE_S1.);
#10212 = LINE('',#10213,#10214);
#10213 = CARTESIAN_POINT('',(14.30875714,6.5,-10.67584271));
#10214 = VECTOR('',#10215,1.);
#10215 = DIRECTION('',(-1.,0.,0.));
#10216 = PCURVE('',#4564,#10217);
#10217 = DEFINITIONAL_REPRESENTATION('',(#10218),#10222);
#10218 = LINE('',#10219,#10220);
#10219 = CARTESIAN_POINT('',(0.,0.));
#10220 = VECTOR('',#10221,1.);
#10221 = DIRECTION('',(1.,0.));
#10222 = ( GEOMETRIC_REPRESENTATION_CONTEXT(2) 
PARAMETRIC_REPRESENTATION_CONTEXT() REPRESENTATION_CONTEXT('2D SPACE',''
  ) );
#10223 = PCURVE('',#10049,#10224);
#10224 = DEFINITIONAL_REPRESENTATION('',(#10225),#10229);
#10225 = LINE('',#10226,#10227);
#10226 = CARTESIAN_POINT('',(-14.30875714,10.67584271));
#10227 = VECTOR('',#10228,1.);
#10228 = DIRECTION('',(1.,0.));
#10229 = ( GEOMETRIC_REPRESENTATION_CONTEXT(2) 
PARAMETRIC_REPRESENTATION_CONTEXT() REPRESENTATION_CONTEXT('2D SPACE',''
  ) );
#10230 = ADVANCED_FACE('52@1_109_4',(#10231),#4513,.F.);
#10231 = FACE_BOUND('',#10232,.F.);
#10232 = EDGE_LOOP('52@',(#10233,#10234,#10235,#10256,#10257));
#10233 = ORIENTED_EDGE('',*,*,#4497,.F.);
#10234 = ORIENTED_EDGE('',*,*,#7715,.T.);
#10235 = ORIENTED_EDGE('',*,*,#10236,.T.);
#10236 = EDGE_CURVE('52@1_393_6',#7716,#10165,#10237,.T.);
#10237 = SURFACE_CURVE('',#10238,(#10242,#10249),.PCURVE_S1.);
#10238 = LINE('',#10239,#10240);
#10239 = CARTESIAN_POINT('',(10.52009541,6.72016652,-24.));
#10240 = VECTOR('',#10241,1.);
#10241 = DIRECTION('',(9.006198040064E-09,0.,1.));
#10242 = PCURVE('',#4513,#10243);
#10243 = DEFINITIONAL_REPRESENTATION('',(#10244),#10248);
#10244 = LINE('',#10245,#10246);
#10245 = CARTESIAN_POINT('',(0.,-8.77983348));
#10246 = VECTOR('',#10247,1.);
#10247 = DIRECTION('',(1.,0.));
#10248 = ( GEOMETRIC_REPRESENTATION_CONTEXT(2) 
PARAMETRIC_REPRESENTATION_CONTEXT() REPRESENTATION_CONTEXT('2D SPACE',''
  ) );
#10249 = PCURVE('',#7754,#10250);
#10250 = DEFINITIONAL_REPRESENTATION('',(#10251),#10255);
#10251 = LINE('',#10252,#10253);
#10252 = CARTESIAN_POINT('',(-10.52009541,24.));
#10253 = VECTOR('',#10254,1.);
#10254 = DIRECTION('',(-9.006198040064E-09,-1.));
#10255 = ( GEOMETRIC_REPRESENTATION_CONTEXT(2) 
PARAMETRIC_REPRESENTATION_CONTEXT() REPRESENTATION_CONTEXT('2D SPACE',''
  ) );
#10256 = ORIENTED_EDGE('',*,*,#10164,.T.);
#10257 = ORIENTED_EDGE('',*,*,#4525,.T.);
#10258 = ADVANCED_FACE('52@1_110_4',(#10259),#5904,.F.);
#10259 = FACE_BOUND('',#10260,.F.);
#10260 = EDGE_LOOP('52@',(#10261,#10262,#10263,#10286));
#10261 = ORIENTED_EDGE('',*,*,#5890,.F.);
#10262 = ORIENTED_EDGE('',*,*,#7615,.T.);
#10263 = ORIENTED_EDGE('',*,*,#10264,.T.);
#10264 = EDGE_CURVE('52@1_395_6',#7593,#10265,#10267,.T.);
#10265 = VERTEX_POINT('52@1_271_7',#10266);
#10266 = CARTESIAN_POINT('',(-24.22066836,3.48456431,-25.99999962));
#10267 = SURFACE_CURVE('',#10268,(#10272,#10279),.PCURVE_S1.);
#10268 = LINE('',#10269,#10270);
#10269 = CARTESIAN_POINT('',(-24.22066836,7.75,-25.99999962));
#10270 = VECTOR('',#10271,1.);
#10271 = DIRECTION('',(0.,-1.,0.));
#10272 = PCURVE('',#5904,#10273);
#10273 = DEFINITIONAL_REPRESENTATION('',(#10274),#10278);
#10274 = LINE('',#10275,#10276);
#10275 = CARTESIAN_POINT('',(7.75,-50.00000038));
#10276 = VECTOR('',#10277,1.);
#10277 = DIRECTION('',(1.,0.));
#10278 = ( GEOMETRIC_REPRESENTATION_CONTEXT(2) 
PARAMETRIC_REPRESENTATION_CONTEXT() REPRESENTATION_CONTEXT('2D SPACE',''
  ) );
#10279 = PCURVE('',#6421,#10280);
#10280 = DEFINITIONAL_REPRESENTATION('',(#10281),#10285);
#10281 = LINE('',#10282,#10283);
#10282 = CARTESIAN_POINT('',(-24.22066836,-7.75));
#10283 = VECTOR('',#10284,1.);
#10284 = DIRECTION('',(0.,1.));
#10285 = ( GEOMETRIC_REPRESENTATION_CONTEXT(2) 
PARAMETRIC_REPRESENTATION_CONTEXT() REPRESENTATION_CONTEXT('2D SPACE',''
  ) );
#10286 = ORIENTED_EDGE('',*,*,#10287,.F.);
#10287 = EDGE_CURVE('52@1_394_6',#5863,#10265,#10288,.T.);
#10288 = SURFACE_CURVE('',#10289,(#10293,#10300),.PCURVE_S1.);
#10289 = LINE('',#10290,#10291);
#10290 = CARTESIAN_POINT('',(-24.22066836,3.48456431,-76.));
#10291 = VECTOR('',#10292,1.);
#10292 = DIRECTION('',(-0.,-0.,1.));
#10293 = PCURVE('',#5904,#10294);
#10294 = DEFINITIONAL_REPRESENTATION('',(#10295),#10299);
#10295 = LINE('',#10296,#10297);
#10296 = CARTESIAN_POINT('',(12.01543569,0.));
#10297 = VECTOR('',#10298,1.);
#10298 = DIRECTION('',(0.,-1.));
#10299 = ( GEOMETRIC_REPRESENTATION_CONTEXT(2) 
PARAMETRIC_REPRESENTATION_CONTEXT() REPRESENTATION_CONTEXT('2D SPACE',''
  ) );
#10300 = PCURVE('',#5878,#10301);
#10301 = DEFINITIONAL_REPRESENTATION('',(#10302),#10306);
#10302 = LINE('',#10303,#10304);
#10303 = CARTESIAN_POINT('',(0.,0.));
#10304 = VECTOR('',#10305,1.);
#10305 = DIRECTION('',(0.,-1.));
#10306 = ( GEOMETRIC_REPRESENTATION_CONTEXT(2) 
PARAMETRIC_REPRESENTATION_CONTEXT() REPRESENTATION_CONTEXT('2D SPACE',''
  ) );
#10307 = ADVANCED_FACE('52@1_111_4',(#10308),#5878,.F.);
#10308 = FACE_BOUND('',#10309,.F.);
#10309 = EDGE_LOOP('52@',(#10310,#10311,#10312,#10335));
#10310 = ORIENTED_EDGE('',*,*,#5862,.F.);
#10311 = ORIENTED_EDGE('',*,*,#10287,.T.);
#10312 = ORIENTED_EDGE('',*,*,#10313,.T.);
#10313 = EDGE_CURVE('52@1_397_6',#10265,#10314,#10316,.T.);
#10314 = VERTEX_POINT('52@1_272_7',#10315);
#10315 = CARTESIAN_POINT('',(-32.44163814,3.4845643,-25.99999962));
#10316 = SURFACE_CURVE('',#10317,(#10321,#10328),.PCURVE_S1.);
#10317 = LINE('',#10318,#10319);
#10318 = CARTESIAN_POINT('',(-12.11033418211,3.484564324731,-25.99999962
    ));
#10319 = VECTOR('',#10320,1.);
#10320 = DIRECTION('',(-1.,-1.216401496032E-09,0.));
#10321 = PCURVE('',#5878,#10322);
#10322 = DEFINITIONAL_REPRESENTATION('',(#10323),#10327);
#10323 = LINE('',#10324,#10325);
#10324 = CARTESIAN_POINT('',(-12.11033417788,-50.00000038));
#10325 = VECTOR('',#10326,1.);
#10326 = DIRECTION('',(1.,0.));
#10327 = ( GEOMETRIC_REPRESENTATION_CONTEXT(2) 
PARAMETRIC_REPRESENTATION_CONTEXT() REPRESENTATION_CONTEXT('2D SPACE',''
  ) );
#10328 = PCURVE('',#6421,#10329);
#10329 = DEFINITIONAL_REPRESENTATION('',(#10330),#10334);
#10330 = LINE('',#10331,#10332);
#10331 = CARTESIAN_POINT('',(-12.11033418211,-3.484564324731));
#10332 = VECTOR('',#10333,1.);
#10333 = DIRECTION('',(-1.,1.216401496032E-09));
#10334 = ( GEOMETRIC_REPRESENTATION_CONTEXT(2) 
PARAMETRIC_REPRESENTATION_CONTEXT() REPRESENTATION_CONTEXT('2D SPACE',''
  ) );
#10335 = ORIENTED_EDGE('',*,*,#10336,.F.);
#10336 = EDGE_CURVE('52@1_396_6',#5835,#10314,#10337,.T.);
#10337 = SURFACE_CURVE('',#10338,(#10342,#10349),.PCURVE_S1.);
#10338 = LINE('',#10339,#10340);
#10339 = CARTESIAN_POINT('',(-32.44163814,3.4845643,-76.));
#10340 = VECTOR('',#10341,1.);
#10341 = DIRECTION('',(-0.,-0.,1.));
#10342 = PCURVE('',#5878,#10343);
#10343 = DEFINITIONAL_REPRESENTATION('',(#10344),#10348);
#10344 = LINE('',#10345,#10346);
#10345 = CARTESIAN_POINT('',(8.22096978,0.));
#10346 = VECTOR('',#10347,1.);
#10347 = DIRECTION('',(0.,-1.));
#10348 = ( GEOMETRIC_REPRESENTATION_CONTEXT(2) 
PARAMETRIC_REPRESENTATION_CONTEXT() REPRESENTATION_CONTEXT('2D SPACE',''
  ) );
#10349 = PCURVE('',#5850,#10350);
#10350 = DEFINITIONAL_REPRESENTATION('',(#10351),#10355);
#10351 = LINE('',#10352,#10353);
#10352 = CARTESIAN_POINT('',(0.,0.));
#10353 = VECTOR('',#10354,1.);
#10354 = DIRECTION('',(0.,-1.));
#10355 = ( GEOMETRIC_REPRESENTATION_CONTEXT(2) 
PARAMETRIC_REPRESENTATION_CONTEXT() REPRESENTATION_CONTEXT('2D SPACE',''
  ) );
#10356 = ADVANCED_FACE('52@1_112_4',(#10357),#5850,.F.);
#10357 = FACE_BOUND('',#10358,.F.);
#10358 = EDGE_LOOP('52@',(#10359,#10360,#10361,#10384));
#10359 = ORIENTED_EDGE('',*,*,#5834,.F.);
#10360 = ORIENTED_EDGE('',*,*,#10336,.T.);
#10361 = ORIENTED_EDGE('',*,*,#10362,.T.);
#10362 = EDGE_CURVE('52@1_399_6',#10314,#10363,#10365,.T.);
#10363 = VERTEX_POINT('52@1_273_7',#10364);
#10364 = CARTESIAN_POINT('',(-34.43163859,3.4845643,-25.99999962));
#10365 = SURFACE_CURVE('',#10366,(#10370,#10377),.PCURVE_S1.);
#10366 = LINE('',#10367,#10368);
#10367 = CARTESIAN_POINT('',(-16.22081907,3.4845643,-25.99999962));
#10368 = VECTOR('',#10369,1.);
#10369 = DIRECTION('',(-1.,0.,-0.));
#10370 = PCURVE('',#5850,#10371);
#10371 = DEFINITIONAL_REPRESENTATION('',(#10372),#10376);
#10372 = LINE('',#10373,#10374);
#10373 = CARTESIAN_POINT('',(-16.22081907,-50.00000038));
#10374 = VECTOR('',#10375,1.);
#10375 = DIRECTION('',(1.,0.));
#10376 = ( GEOMETRIC_REPRESENTATION_CONTEXT(2) 
PARAMETRIC_REPRESENTATION_CONTEXT() REPRESENTATION_CONTEXT('2D SPACE',''
  ) );
#10377 = PCURVE('',#6421,#10378);
#10378 = DEFINITIONAL_REPRESENTATION('',(#10379),#10383);
#10379 = LINE('',#10380,#10381);
#10380 = CARTESIAN_POINT('',(-16.22081907,-3.4845643));
#10381 = VECTOR('',#10382,1.);
#10382 = DIRECTION('',(-1.,0.));
#10383 = ( GEOMETRIC_REPRESENTATION_CONTEXT(2) 
PARAMETRIC_REPRESENTATION_CONTEXT() REPRESENTATION_CONTEXT('2D SPACE',''
  ) );
#10384 = ORIENTED_EDGE('',*,*,#10385,.F.);
#10385 = EDGE_CURVE('52@1_398_6',#5806,#10363,#10386,.T.);
#10386 = SURFACE_CURVE('',#10387,(#10391,#10398),.PCURVE_S1.);
#10387 = LINE('',#10388,#10389);
#10388 = CARTESIAN_POINT('',(-34.43163859,3.4845643,-76.));
#10389 = VECTOR('',#10390,1.);
#10390 = DIRECTION('',(-0.,-0.,1.));
#10391 = PCURVE('',#5850,#10392);
#10392 = DEFINITIONAL_REPRESENTATION('',(#10393),#10397);
#10393 = LINE('',#10394,#10395);
#10394 = CARTESIAN_POINT('',(1.99000045,0.));
#10395 = VECTOR('',#10396,1.);
#10396 = DIRECTION('',(0.,-1.));
#10397 = ( GEOMETRIC_REPRESENTATION_CONTEXT(2) 
PARAMETRIC_REPRESENTATION_CONTEXT() REPRESENTATION_CONTEXT('2D SPACE',''
  ) );
#10398 = PCURVE('',#5822,#10399);
#10399 = DEFINITIONAL_REPRESENTATION('',(#10400),#10404);
#10400 = LINE('',#10401,#10402);
#10401 = CARTESIAN_POINT('',(1.570796326795,0.));
#10402 = VECTOR('',#10403,1.);
#10403 = DIRECTION('',(0.,-1.));
#10404 = ( GEOMETRIC_REPRESENTATION_CONTEXT(2) 
PARAMETRIC_REPRESENTATION_CONTEXT() REPRESENTATION_CONTEXT('2D SPACE',''
  ) );
#10405 = ADVANCED_FACE('52@1_113_4',(#10406),#5822,.F.);
#10406 = FACE_BOUND('',#10407,.F.);
#10407 = EDGE_LOOP('52@',(#10408,#10409,#10410,#10432));
#10408 = ORIENTED_EDGE('',*,*,#5805,.F.);
#10409 = ORIENTED_EDGE('',*,*,#10385,.T.);
#10410 = ORIENTED_EDGE('',*,*,#10411,.T.);
#10411 = EDGE_CURVE('52@1_400_6',#10363,#7570,#10412,.T.);
#10412 = SURFACE_CURVE('',#10413,(#10418,#10425),.PCURVE_S1.);
#10413 = CIRCLE('',#10414,6.00771785);
#10414 = AXIS2_PLACEMENT_3D('',#10415,#10416,#10417);
#10415 = CARTESIAN_POINT('',(-34.43163859,9.49228215,-25.99999962));
#10416 = DIRECTION('',(0.,0.,-1.));
#10417 = DIRECTION('',(1.,0.,0.));
#10418 = PCURVE('',#5822,#10419);
#10419 = DEFINITIONAL_REPRESENTATION('',(#10420),#10424);
#10420 = LINE('',#10421,#10422);
#10421 = CARTESIAN_POINT('',(0.,-50.00000038));
#10422 = VECTOR('',#10423,1.);
#10423 = DIRECTION('',(1.,0.));
#10424 = ( GEOMETRIC_REPRESENTATION_CONTEXT(2) 
PARAMETRIC_REPRESENTATION_CONTEXT() REPRESENTATION_CONTEXT('2D SPACE',''
  ) );
#10425 = PCURVE('',#6421,#10426);
#10426 = DEFINITIONAL_REPRESENTATION('',(#10427),#10431);
#10427 = CIRCLE('',#10428,6.00771785);
#10428 = AXIS2_PLACEMENT_2D('',#10429,#10430);
#10429 = CARTESIAN_POINT('',(-34.43163859,-9.49228215));
#10430 = DIRECTION('',(1.,0.));
#10431 = ( GEOMETRIC_REPRESENTATION_CONTEXT(2) 
PARAMETRIC_REPRESENTATION_CONTEXT() REPRESENTATION_CONTEXT('2D SPACE',''
  ) );
#10432 = ORIENTED_EDGE('',*,*,#7569,.F.);
#10433 = ADVANCED_FACE('52@1_114_4',(#10434),#6017,.F.);
#10434 = FACE_BOUND('',#10435,.F.);
#10435 = EDGE_LOOP('52@',(#10436,#10437,#10438,#10439));
#10436 = ORIENTED_EDGE('',*,*,#6001,.F.);
#10437 = ORIENTED_EDGE('',*,*,#7645,.F.);
#10438 = ORIENTED_EDGE('',*,*,#6302,.T.);
#10439 = ORIENTED_EDGE('',*,*,#6078,.F.);
#10440 = ADVANCED_FACE('52@1_115_4',(#10441),#6267,.F.);
#10441 = FACE_BOUND('',#10442,.F.);
#10442 = EDGE_LOOP('52@',(#10443,#10444,#10445,#10446));
#10443 = ORIENTED_EDGE('',*,*,#6862,.F.);
#10444 = ORIENTED_EDGE('',*,*,#7997,.T.);
#10445 = ORIENTED_EDGE('',*,*,#6251,.T.);
#10446 = ORIENTED_EDGE('',*,*,#7667,.F.);
#10447 = ADVANCED_FACE('52@1_116_4',(#10448),#6216,.F.);
#10448 = FACE_BOUND('',#10449,.F.);
#10449 = EDGE_LOOP('52@',(#10450,#10473,#10496,#10517,#10518,#10539));
#10450 = ORIENTED_EDGE('',*,*,#10451,.F.);
#10451 = EDGE_CURVE('52@1_401_6',#10452,#6201,#10454,.T.);
#10452 = VERTEX_POINT('52@1_274_7',#10453);
#10453 = CARTESIAN_POINT('',(-41.50940246,3.,26.));
#10454 = SURFACE_CURVE('',#10455,(#10459,#10466),.PCURVE_S1.);
#10455 = LINE('',#10456,#10457);
#10456 = CARTESIAN_POINT('',(-41.50940246,3.,26.));
#10457 = VECTOR('',#10458,1.);
#10458 = DIRECTION('',(0.,0.,-1.));
#10459 = PCURVE('',#6216,#10460);
#10460 = DEFINITIONAL_REPRESENTATION('',(#10461),#10465);
#10461 = LINE('',#10462,#10463);
#10462 = CARTESIAN_POINT('',(3.799999994669E-07,-3.));
#10463 = VECTOR('',#10464,1.);
#10464 = DIRECTION('',(1.,0.));
#10465 = ( GEOMETRIC_REPRESENTATION_CONTEXT(2) 
PARAMETRIC_REPRESENTATION_CONTEXT() REPRESENTATION_CONTEXT('2D SPACE',''
  ) );
#10466 = PCURVE('',#8035,#10467);
#10467 = DEFINITIONAL_REPRESENTATION('',(#10468),#10472);
#10468 = LINE('',#10469,#10470);
#10469 = CARTESIAN_POINT('',(41.50940246,-26.));
#10470 = VECTOR('',#10471,1.);
#10471 = DIRECTION('',(0.,1.));
#10472 = ( GEOMETRIC_REPRESENTATION_CONTEXT(2) 
PARAMETRIC_REPRESENTATION_CONTEXT() REPRESENTATION_CONTEXT('2D SPACE',''
  ) );
#10473 = ORIENTED_EDGE('',*,*,#10474,.T.);
#10474 = EDGE_CURVE('52@1_404_6',#10452,#10475,#10477,.T.);
#10475 = VERTEX_POINT('52@1_275_7',#10476);
#10476 = CARTESIAN_POINT('',(-41.50940246,16.,26.00000038));
#10477 = SURFACE_CURVE('',#10478,(#10482,#10489),.PCURVE_S1.);
#10478 = LINE('',#10479,#10480);
#10479 = CARTESIAN_POINT('',(-41.50940246,0.,26.00000038));
#10480 = VECTOR('',#10481,1.);
#10481 = DIRECTION('',(0.,1.,0.));
#10482 = PCURVE('',#6216,#10483);
#10483 = DEFINITIONAL_REPRESENTATION('',(#10484),#10488);
#10484 = LINE('',#10485,#10486);
#10485 = CARTESIAN_POINT('',(0.,-0.));
#10486 = VECTOR('',#10487,1.);
#10487 = DIRECTION('',(0.,-1.));
#10488 = ( GEOMETRIC_REPRESENTATION_CONTEXT(2) 
PARAMETRIC_REPRESENTATION_CONTEXT() REPRESENTATION_CONTEXT('2D SPACE',''
  ) );
#10489 = PCURVE('',#7484,#10490);
#10490 = DEFINITIONAL_REPRESENTATION('',(#10491),#10495);
#10491 = LINE('',#10492,#10493);
#10492 = CARTESIAN_POINT('',(41.50940246,-0.));
#10493 = VECTOR('',#10494,1.);
#10494 = DIRECTION('',(0.,-1.));
#10495 = ( GEOMETRIC_REPRESENTATION_CONTEXT(2) 
PARAMETRIC_REPRESENTATION_CONTEXT() REPRESENTATION_CONTEXT('2D SPACE',''
  ) );
#10496 = ORIENTED_EDGE('',*,*,#10497,.T.);
#10497 = EDGE_CURVE('52@1_403_6',#10475,#9507,#10498,.T.);
#10498 = SURFACE_CURVE('',#10499,(#10503,#10510),.PCURVE_S1.);
#10499 = LINE('',#10500,#10501);
#10500 = CARTESIAN_POINT('',(-41.50940246,16.,26.00000038));
#10501 = VECTOR('',#10502,1.);
#10502 = DIRECTION('',(0.,0.,-1.));
#10503 = PCURVE('',#6216,#10504);
#10504 = DEFINITIONAL_REPRESENTATION('',(#10505),#10509);
#10505 = LINE('',#10506,#10507);
#10506 = CARTESIAN_POINT('',(0.,-16.));
#10507 = VECTOR('',#10508,1.);
#10508 = DIRECTION('',(1.,0.));
#10509 = ( GEOMETRIC_REPRESENTATION_CONTEXT(2) 
PARAMETRIC_REPRESENTATION_CONTEXT() REPRESENTATION_CONTEXT('2D SPACE',''
  ) );
#10510 = PCURVE('',#9545,#10511);
#10511 = DEFINITIONAL_REPRESENTATION('',(#10512),#10516);
#10512 = LINE('',#10513,#10514);
#10513 = CARTESIAN_POINT('',(41.50940246,-26.00000038));
#10514 = VECTOR('',#10515,1.);
#10515 = DIRECTION('',(0.,1.));
#10516 = ( GEOMETRIC_REPRESENTATION_CONTEXT(2) 
PARAMETRIC_REPRESENTATION_CONTEXT() REPRESENTATION_CONTEXT('2D SPACE',''
  ) );
#10517 = ORIENTED_EDGE('',*,*,#9506,.F.);
#10518 = ORIENTED_EDGE('',*,*,#10519,.F.);
#10519 = EDGE_CURVE('52@1_402_6',#6178,#5145,#10520,.T.);
#10520 = SURFACE_CURVE('',#10521,(#10525,#10532),.PCURVE_S1.);
#10521 = LINE('',#10522,#10523);
#10522 = CARTESIAN_POINT('',(-41.50940246,0.,24.));
#10523 = VECTOR('',#10524,1.);
#10524 = DIRECTION('',(0.,1.,0.));
#10525 = PCURVE('',#6216,#10526);
#10526 = DEFINITIONAL_REPRESENTATION('',(#10527),#10531);
#10527 = LINE('',#10528,#10529);
#10528 = CARTESIAN_POINT('',(2.00000038,0.));
#10529 = VECTOR('',#10530,1.);
#10530 = DIRECTION('',(0.,-1.));
#10531 = ( GEOMETRIC_REPRESENTATION_CONTEXT(2) 
PARAMETRIC_REPRESENTATION_CONTEXT() REPRESENTATION_CONTEXT('2D SPACE',''
  ) );
#10532 = PCURVE('',#5160,#10533);
#10533 = DEFINITIONAL_REPRESENTATION('',(#10534),#10538);
#10534 = LINE('',#10535,#10536);
#10535 = CARTESIAN_POINT('',(3.99059754,0.));
#10536 = VECTOR('',#10537,1.);
#10537 = DIRECTION('',(0.,-1.));
#10538 = ( GEOMETRIC_REPRESENTATION_CONTEXT(2) 
PARAMETRIC_REPRESENTATION_CONTEXT() REPRESENTATION_CONTEXT('2D SPACE',''
  ) );
#10539 = ORIENTED_EDGE('',*,*,#6200,.F.);
#10540 = ADVANCED_FACE('52@1_117_4',(#10541),#5160,.T.);
#10541 = FACE_BOUND('',#10542,.T.);
#10542 = EDGE_LOOP('52@',(#10543,#10544,#10545,#10566));
#10543 = ORIENTED_EDGE('',*,*,#10519,.F.);
#10544 = ORIENTED_EDGE('',*,*,#6177,.T.);
#10545 = ORIENTED_EDGE('',*,*,#10546,.T.);
#10546 = EDGE_CURVE('52@1_405_6',#6155,#5122,#10547,.T.);
#10547 = SURFACE_CURVE('',#10548,(#10552,#10559),.PCURVE_S1.);
#10548 = LINE('',#10549,#10550);
#10549 = CARTESIAN_POINT('',(-45.5,0.,24.));
#10550 = VECTOR('',#10551,1.);
#10551 = DIRECTION('',(0.,1.,0.));
#10552 = PCURVE('',#5160,#10553);
#10553 = DEFINITIONAL_REPRESENTATION('',(#10554),#10558);
#10554 = LINE('',#10555,#10556);
#10555 = CARTESIAN_POINT('',(0.,0.));
#10556 = VECTOR('',#10557,1.);
#10557 = DIRECTION('',(0.,-1.));
#10558 = ( GEOMETRIC_REPRESENTATION_CONTEXT(2) 
PARAMETRIC_REPRESENTATION_CONTEXT() REPRESENTATION_CONTEXT('2D SPACE',''
  ) );
#10559 = PCURVE('',#4918,#10560);
#10560 = DEFINITIONAL_REPRESENTATION('',(#10561),#10565);
#10561 = LINE('',#10562,#10563);
#10562 = CARTESIAN_POINT('',(48.,0.));
#10563 = VECTOR('',#10564,1.);
#10564 = DIRECTION('',(0.,-1.));
#10565 = ( GEOMETRIC_REPRESENTATION_CONTEXT(2) 
PARAMETRIC_REPRESENTATION_CONTEXT() REPRESENTATION_CONTEXT('2D SPACE',''
  ) );
#10566 = ORIENTED_EDGE('',*,*,#5144,.T.);
#10567 = ADVANCED_FACE('52@1_118_4',(#10568),#4918,.T.);
#10568 = FACE_BOUND('',#10569,.T.);
#10569 = EDGE_LOOP('52@',(#10570,#10571,#10592,#10593,#10616,#10644,
    #10665,#10666,#10689,#10717,#10738,#10739));
#10570 = ORIENTED_EDGE('',*,*,#6154,.F.);
#10571 = ORIENTED_EDGE('',*,*,#10572,.T.);
#10572 = EDGE_CURVE('52@1_406_6',#6132,#4875,#10573,.T.);
#10573 = SURFACE_CURVE('',#10574,(#10578,#10585),.PCURVE_S1.);
#10574 = LINE('',#10575,#10576);
#10575 = CARTESIAN_POINT('',(-45.5,0.,-24.));
#10576 = VECTOR('',#10577,1.);
#10577 = DIRECTION('',(0.,1.,0.));
#10578 = PCURVE('',#4918,#10579);
#10579 = DEFINITIONAL_REPRESENTATION('',(#10580),#10584);
#10580 = LINE('',#10581,#10582);
#10581 = CARTESIAN_POINT('',(0.,0.));
#10582 = VECTOR('',#10583,1.);
#10583 = DIRECTION('',(0.,-1.));
#10584 = ( GEOMETRIC_REPRESENTATION_CONTEXT(2) 
PARAMETRIC_REPRESENTATION_CONTEXT() REPRESENTATION_CONTEXT('2D SPACE',''
  ) );
#10585 = PCURVE('',#4890,#10586);
#10586 = DEFINITIONAL_REPRESENTATION('',(#10587),#10591);
#10587 = LINE('',#10588,#10589);
#10588 = CARTESIAN_POINT('',(91.,0.));
#10589 = VECTOR('',#10590,1.);
#10590 = DIRECTION('',(0.,-1.));
#10591 = ( GEOMETRIC_REPRESENTATION_CONTEXT(2) 
PARAMETRIC_REPRESENTATION_CONTEXT() REPRESENTATION_CONTEXT('2D SPACE',''
  ) );
#10592 = ORIENTED_EDGE('',*,*,#4902,.T.);
#10593 = ORIENTED_EDGE('',*,*,#10594,.F.);
#10594 = EDGE_CURVE('52@1_407_6',#10595,#4903,#10597,.T.);
#10595 = VERTEX_POINT('52@1_276_7',#10596);
#10596 = CARTESIAN_POINT('',(-45.5,6.5,-10.67584271));
#10597 = SURFACE_CURVE('',#10598,(#10602,#10609),.PCURVE_S1.);
#10598 = LINE('',#10599,#10600);
#10599 = CARTESIAN_POINT('',(-45.5,6.5,-10.67584271));
#10600 = VECTOR('',#10601,1.);
#10601 = DIRECTION('',(0.,1.,0.));
#10602 = PCURVE('',#4918,#10603);
#10603 = DEFINITIONAL_REPRESENTATION('',(#10604),#10608);
#10604 = LINE('',#10605,#10606);
#10605 = CARTESIAN_POINT('',(13.32415729,-6.5));
#10606 = VECTOR('',#10607,1.);
#10607 = DIRECTION('',(0.,-1.));
#10608 = ( GEOMETRIC_REPRESENTATION_CONTEXT(2) 
PARAMETRIC_REPRESENTATION_CONTEXT() REPRESENTATION_CONTEXT('2D SPACE',''
  ) );
#10609 = PCURVE('',#4946,#10610);
#10610 = DEFINITIONAL_REPRESENTATION('',(#10611),#10615);
#10611 = LINE('',#10612,#10613);
#10612 = CARTESIAN_POINT('',(4.03245533,0.));
#10613 = VECTOR('',#10614,1.);
#10614 = DIRECTION('',(0.,-1.));
#10615 = ( GEOMETRIC_REPRESENTATION_CONTEXT(2) 
PARAMETRIC_REPRESENTATION_CONTEXT() REPRESENTATION_CONTEXT('2D SPACE',''
  ) );
#10616 = ORIENTED_EDGE('',*,*,#10617,.F.);
#10617 = EDGE_CURVE('52@1_408_6',#10618,#10595,#10620,.T.);
#10618 = VERTEX_POINT('52@1_277_7',#10619);
#10619 = CARTESIAN_POINT('',(-45.5,6.5,-7.21419589));
#10620 = SURFACE_CURVE('',#10621,(#10625,#10632),.PCURVE_S1.);
#10621 = LINE('',#10622,#10623);
#10622 = CARTESIAN_POINT('',(-45.5,6.5,-7.21419589));
#10623 = VECTOR('',#10624,1.);
#10624 = DIRECTION('',(0.,0.,-1.));
#10625 = PCURVE('',#4918,#10626);
#10626 = DEFINITIONAL_REPRESENTATION('',(#10627),#10631);
#10627 = LINE('',#10628,#10629);
#10628 = CARTESIAN_POINT('',(16.78580411,-6.5));
#10629 = VECTOR('',#10630,1.);
#10630 = DIRECTION('',(-1.,0.));
#10631 = ( GEOMETRIC_REPRESENTATION_CONTEXT(2) 
PARAMETRIC_REPRESENTATION_CONTEXT() REPRESENTATION_CONTEXT('2D SPACE',''
  ) );
#10632 = PCURVE('',#10633,#10638);
#10633 = PLANE('',#10634);
#10634 = AXIS2_PLACEMENT_3D('',#10635,#10636,#10637);
#10635 = CARTESIAN_POINT('',(0.,6.5,0.));
#10636 = DIRECTION('',(-0.,-1.,-0.));
#10637 = DIRECTION('',(-1.,0.,0.));
#10638 = DEFINITIONAL_REPRESENTATION('',(#10639),#10643);
#10639 = LINE('',#10640,#10641);
#10640 = CARTESIAN_POINT('',(45.5,7.21419589));
#10641 = VECTOR('',#10642,1.);
#10642 = DIRECTION('',(0.,1.));
#10643 = ( GEOMETRIC_REPRESENTATION_CONTEXT(2) 
PARAMETRIC_REPRESENTATION_CONTEXT() REPRESENTATION_CONTEXT('2D SPACE',''
  ) );
#10644 = ORIENTED_EDGE('',*,*,#10645,.F.);
#10645 = EDGE_CURVE('52@1_409_6',#4987,#10618,#10646,.T.);
#10646 = SURFACE_CURVE('',#10647,(#10651,#10658),.PCURVE_S1.);
#10647 = LINE('',#10648,#10649);
#10648 = CARTESIAN_POINT('',(-45.5,15.5,-7.21419589));
#10649 = VECTOR('',#10650,1.);
#10650 = DIRECTION('',(-0.,-1.,-0.));
#10651 = PCURVE('',#4918,#10652);
#10652 = DEFINITIONAL_REPRESENTATION('',(#10653),#10657);
#10653 = LINE('',#10654,#10655);
#10654 = CARTESIAN_POINT('',(16.78580411,-15.5));
#10655 = VECTOR('',#10656,1.);
#10656 = DIRECTION('',(0.,1.));
#10657 = ( GEOMETRIC_REPRESENTATION_CONTEXT(2) 
PARAMETRIC_REPRESENTATION_CONTEXT() REPRESENTATION_CONTEXT('2D SPACE',''
  ) );
#10658 = PCURVE('',#5002,#10659);
#10659 = DEFINITIONAL_REPRESENTATION('',(#10660),#10664);
#10660 = LINE('',#10661,#10662);
#10661 = CARTESIAN_POINT('',(4.03245533,0.));
#10662 = VECTOR('',#10663,1.);
#10663 = DIRECTION('',(0.,-1.));
#10664 = ( GEOMETRIC_REPRESENTATION_CONTEXT(2) 
PARAMETRIC_REPRESENTATION_CONTEXT() REPRESENTATION_CONTEXT('2D SPACE',''
  ) );
#10665 = ORIENTED_EDGE('',*,*,#5014,.T.);
#10666 = ORIENTED_EDGE('',*,*,#10667,.T.);
#10667 = EDGE_CURVE('52@1_410_6',#5015,#10668,#10670,.T.);
#10668 = VERTEX_POINT('52@1_278_7',#10669);
#10669 = CARTESIAN_POINT('',(-45.5,6.5,7.08673905));
#10670 = SURFACE_CURVE('',#10671,(#10675,#10682),.PCURVE_S1.);
#10671 = LINE('',#10672,#10673);
#10672 = CARTESIAN_POINT('',(-45.5,15.5,7.08673905));
#10673 = VECTOR('',#10674,1.);
#10674 = DIRECTION('',(-0.,-1.,-0.));
#10675 = PCURVE('',#4918,#10676);
#10676 = DEFINITIONAL_REPRESENTATION('',(#10677),#10681);
#10677 = LINE('',#10678,#10679);
#10678 = CARTESIAN_POINT('',(31.08673905,-15.5));
#10679 = VECTOR('',#10680,1.);
#10680 = DIRECTION('',(0.,1.));
#10681 = ( GEOMETRIC_REPRESENTATION_CONTEXT(2) 
PARAMETRIC_REPRESENTATION_CONTEXT() REPRESENTATION_CONTEXT('2D SPACE',''
  ) );
#10682 = PCURVE('',#5053,#10683);
#10683 = DEFINITIONAL_REPRESENTATION('',(#10684),#10688);
#10684 = LINE('',#10685,#10686);
#10685 = CARTESIAN_POINT('',(0.,0.));
#10686 = VECTOR('',#10687,1.);
#10687 = DIRECTION('',(-0.,-1.));
#10688 = ( GEOMETRIC_REPRESENTATION_CONTEXT(2) 
PARAMETRIC_REPRESENTATION_CONTEXT() REPRESENTATION_CONTEXT('2D SPACE',''
  ) );
#10689 = ORIENTED_EDGE('',*,*,#10690,.F.);
#10690 = EDGE_CURVE('52@1_411_6',#10691,#10668,#10693,.T.);
#10691 = VERTEX_POINT('52@1_279_7',#10692);
#10692 = CARTESIAN_POINT('',(-45.5,6.5,9.93007745));
#10693 = SURFACE_CURVE('',#10694,(#10698,#10705),.PCURVE_S1.);
#10694 = LINE('',#10695,#10696);
#10695 = CARTESIAN_POINT('',(-45.5,6.5,16.21592982));
#10696 = VECTOR('',#10697,1.);
#10697 = DIRECTION('',(0.,0.,-1.));
#10698 = PCURVE('',#4918,#10699);
#10699 = DEFINITIONAL_REPRESENTATION('',(#10700),#10704);
#10700 = LINE('',#10701,#10702);
#10701 = CARTESIAN_POINT('',(40.21592982,-6.5));
#10702 = VECTOR('',#10703,1.);
#10703 = DIRECTION('',(-1.,0.));
#10704 = ( GEOMETRIC_REPRESENTATION_CONTEXT(2) 
PARAMETRIC_REPRESENTATION_CONTEXT() REPRESENTATION_CONTEXT('2D SPACE',''
  ) );
#10705 = PCURVE('',#10706,#10711);
#10706 = PLANE('',#10707);
#10707 = AXIS2_PLACEMENT_3D('',#10708,#10709,#10710);
#10708 = CARTESIAN_POINT('',(0.,6.5,0.));
#10709 = DIRECTION('',(-0.,-1.,-0.));
#10710 = DIRECTION('',(-1.,0.,0.));
#10711 = DEFINITIONAL_REPRESENTATION('',(#10712),#10716);
#10712 = LINE('',#10713,#10714);
#10713 = CARTESIAN_POINT('',(45.5,-16.21592982));
#10714 = VECTOR('',#10715,1.);
#10715 = DIRECTION('',(0.,1.));
#10716 = ( GEOMETRIC_REPRESENTATION_CONTEXT(2) 
PARAMETRIC_REPRESENTATION_CONTEXT() REPRESENTATION_CONTEXT('2D SPACE',''
  ) );
#10717 = ORIENTED_EDGE('',*,*,#10718,.T.);
#10718 = EDGE_CURVE('52@1_412_6',#10691,#5094,#10719,.T.);
#10719 = SURFACE_CURVE('',#10720,(#10724,#10731),.PCURVE_S1.);
#10720 = LINE('',#10721,#10722);
#10721 = CARTESIAN_POINT('',(-45.5,6.5,9.93007745));
#10722 = VECTOR('',#10723,1.);
#10723 = DIRECTION('',(0.,1.,0.));
#10724 = PCURVE('',#4918,#10725);
#10725 = DEFINITIONAL_REPRESENTATION('',(#10726),#10730);
#10726 = LINE('',#10727,#10728);
#10727 = CARTESIAN_POINT('',(33.93007745,-6.5));
#10728 = VECTOR('',#10729,1.);
#10729 = DIRECTION('',(0.,-1.));
#10730 = ( GEOMETRIC_REPRESENTATION_CONTEXT(2) 
PARAMETRIC_REPRESENTATION_CONTEXT() REPRESENTATION_CONTEXT('2D SPACE',''
  ) );
#10731 = PCURVE('',#5109,#10732);
#10732 = DEFINITIONAL_REPRESENTATION('',(#10733),#10737);
#10733 = LINE('',#10734,#10735);
#10734 = CARTESIAN_POINT('',(4.03245533,0.));
#10735 = VECTOR('',#10736,1.);
#10736 = DIRECTION('',(0.,-1.));
#10737 = ( GEOMETRIC_REPRESENTATION_CONTEXT(2) 
PARAMETRIC_REPRESENTATION_CONTEXT() REPRESENTATION_CONTEXT('2D SPACE',''
  ) );
#10738 = ORIENTED_EDGE('',*,*,#5121,.T.);
#10739 = ORIENTED_EDGE('',*,*,#10546,.F.);
#10740 = ADVANCED_FACE('52@1_119_4',(#10741),#4890,.T.);
#10741 = FACE_BOUND('',#10742,.T.);
#10742 = EDGE_LOOP('52@',(#10743,#10744,#10745,#10766));
#10743 = ORIENTED_EDGE('',*,*,#10572,.F.);
#10744 = ORIENTED_EDGE('',*,*,#6131,.T.);
#10745 = ORIENTED_EDGE('',*,*,#10746,.T.);
#10746 = EDGE_CURVE('52@1_413_6',#6104,#4847,#10747,.T.);
#10747 = SURFACE_CURVE('',#10748,(#10752,#10759),.PCURVE_S1.);
#10748 = LINE('',#10749,#10750);
#10749 = CARTESIAN_POINT('',(-41.46754456,0.,-24.));
#10750 = VECTOR('',#10751,1.);
#10751 = DIRECTION('',(0.,1.,0.));
#10752 = PCURVE('',#4890,#10753);
#10753 = DEFINITIONAL_REPRESENTATION('',(#10754),#10758);
#10754 = LINE('',#10755,#10756);
#10755 = CARTESIAN_POINT('',(86.96754456,0.));
#10756 = VECTOR('',#10757,1.);
#10757 = DIRECTION('',(0.,-1.));
#10758 = ( GEOMETRIC_REPRESENTATION_CONTEXT(2) 
PARAMETRIC_REPRESENTATION_CONTEXT() REPRESENTATION_CONTEXT('2D SPACE',''
  ) );
#10759 = PCURVE('',#6119,#10760);
#10760 = DEFINITIONAL_REPRESENTATION('',(#10761),#10765);
#10761 = LINE('',#10762,#10763);
#10762 = CARTESIAN_POINT('',(5.18097705,0.));
#10763 = VECTOR('',#10764,1.);
#10764 = DIRECTION('',(0.,-1.));
#10765 = ( GEOMETRIC_REPRESENTATION_CONTEXT(2) 
PARAMETRIC_REPRESENTATION_CONTEXT() REPRESENTATION_CONTEXT('2D SPACE',''
  ) );
#10766 = ORIENTED_EDGE('',*,*,#4874,.T.);
#10767 = ADVANCED_FACE('52@1_120_4',(#10768),#6119,.T.);
#10768 = FACE_BOUND('',#10769,.T.);
#10769 = EDGE_LOOP('52@',(#10770,#10771,#10794,#10815,#10816,#10817));
#10770 = ORIENTED_EDGE('',*,*,#6433,.F.);
#10771 = ORIENTED_EDGE('',*,*,#10772,.T.);
#10772 = EDGE_CURVE('52@1_415_6',#6406,#10773,#10775,.T.);
#10773 = VERTEX_POINT('52@1_280_7',#10774);
#10774 = CARTESIAN_POINT('',(-41.46754456,16.,-25.99999962));
#10775 = SURFACE_CURVE('',#10776,(#10780,#10787),.PCURVE_S1.);
#10776 = LINE('',#10777,#10778);
#10777 = CARTESIAN_POINT('',(-41.46754456,0.,-25.99999962));
#10778 = VECTOR('',#10779,1.);
#10779 = DIRECTION('',(0.,1.,0.));
#10780 = PCURVE('',#6119,#10781);
#10781 = DEFINITIONAL_REPRESENTATION('',(#10782),#10786);
#10782 = LINE('',#10783,#10784);
#10783 = CARTESIAN_POINT('',(3.18097743,0.));
#10784 = VECTOR('',#10785,1.);
#10785 = DIRECTION('',(0.,-1.));
#10786 = ( GEOMETRIC_REPRESENTATION_CONTEXT(2) 
PARAMETRIC_REPRESENTATION_CONTEXT() REPRESENTATION_CONTEXT('2D SPACE',''
  ) );
#10787 = PCURVE('',#6421,#10788);
#10788 = DEFINITIONAL_REPRESENTATION('',(#10789),#10793);
#10789 = LINE('',#10790,#10791);
#10790 = CARTESIAN_POINT('',(-41.46754456,0.));
#10791 = VECTOR('',#10792,1.);
#10792 = DIRECTION('',(0.,-1.));
#10793 = ( GEOMETRIC_REPRESENTATION_CONTEXT(2) 
PARAMETRIC_REPRESENTATION_CONTEXT() REPRESENTATION_CONTEXT('2D SPACE',''
  ) );
#10794 = ORIENTED_EDGE('',*,*,#10795,.T.);
#10795 = EDGE_CURVE('52@1_414_6',#10773,#9583,#10796,.T.);
#10796 = SURFACE_CURVE('',#10797,(#10801,#10808),.PCURVE_S1.);
#10797 = LINE('',#10798,#10799);
#10798 = CARTESIAN_POINT('',(-41.46754456,16.,-29.18097705));
#10799 = VECTOR('',#10800,1.);
#10800 = DIRECTION('',(-0.,0.,1.));
#10801 = PCURVE('',#6119,#10802);
#10802 = DEFINITIONAL_REPRESENTATION('',(#10803),#10807);
#10803 = LINE('',#10804,#10805);
#10804 = CARTESIAN_POINT('',(0.,-16.));
#10805 = VECTOR('',#10806,1.);
#10806 = DIRECTION('',(1.,0.));
#10807 = ( GEOMETRIC_REPRESENTATION_CONTEXT(2) 
PARAMETRIC_REPRESENTATION_CONTEXT() REPRESENTATION_CONTEXT('2D SPACE',''
  ) );
#10808 = PCURVE('',#9621,#10809);
#10809 = DEFINITIONAL_REPRESENTATION('',(#10810),#10814);
#10810 = LINE('',#10811,#10812);
#10811 = CARTESIAN_POINT('',(41.46754456,29.18097705));
#10812 = VECTOR('',#10813,1.);
#10813 = DIRECTION('',(0.,-1.));
#10814 = ( GEOMETRIC_REPRESENTATION_CONTEXT(2) 
PARAMETRIC_REPRESENTATION_CONTEXT() REPRESENTATION_CONTEXT('2D SPACE',''
  ) );
#10815 = ORIENTED_EDGE('',*,*,#9582,.F.);
#10816 = ORIENTED_EDGE('',*,*,#10746,.F.);
#10817 = ORIENTED_EDGE('',*,*,#6103,.F.);
#10818 = ADVANCED_FACE('52@1_121_4',(#10819),#6367,.T.);
#10819 = FACE_BOUND('',#10820,.T.);
#10820 = EDGE_LOOP('52@',(#10821,#10822,#10823,#10824,#10847,#10868));
#10821 = ORIENTED_EDGE('',*,*,#6353,.F.);
#10822 = ORIENTED_EDGE('',*,*,#7691,.T.);
#10823 = ORIENTED_EDGE('',*,*,#9633,.T.);
#10824 = ORIENTED_EDGE('',*,*,#10825,.T.);
#10825 = EDGE_CURVE('52@1_417_6',#9606,#10826,#10828,.T.);
#10826 = VERTEX_POINT('52@1_281_7',#10827);
#10827 = CARTESIAN_POINT('',(-16.18272407,16.,-25.99999962));
#10828 = SURFACE_CURVE('',#10829,(#10833,#10840),.PCURVE_S1.);
#10829 = LINE('',#10830,#10831);
#10830 = CARTESIAN_POINT('',(-16.18272407,16.,-24.));
#10831 = VECTOR('',#10832,1.);
#10832 = DIRECTION('',(0.,0.,-1.));
#10833 = PCURVE('',#6367,#10834);
#10834 = DEFINITIONAL_REPRESENTATION('',(#10835),#10839);
#10835 = LINE('',#10836,#10837);
#10836 = CARTESIAN_POINT('',(0.,-16.));
#10837 = VECTOR('',#10838,1.);
#10838 = DIRECTION('',(1.,0.));
#10839 = ( GEOMETRIC_REPRESENTATION_CONTEXT(2) 
PARAMETRIC_REPRESENTATION_CONTEXT() REPRESENTATION_CONTEXT('2D SPACE',''
  ) );
#10840 = PCURVE('',#9621,#10841);
#10841 = DEFINITIONAL_REPRESENTATION('',(#10842),#10846);
#10842 = LINE('',#10843,#10844);
#10843 = CARTESIAN_POINT('',(16.18272407,24.));
#10844 = VECTOR('',#10845,1.);
#10845 = DIRECTION('',(0.,1.));
#10846 = ( GEOMETRIC_REPRESENTATION_CONTEXT(2) 
PARAMETRIC_REPRESENTATION_CONTEXT() REPRESENTATION_CONTEXT('2D SPACE',''
  ) );
#10847 = ORIENTED_EDGE('',*,*,#10848,.T.);
#10848 = EDGE_CURVE('52@1_416_6',#10826,#6383,#10849,.T.);
#10849 = SURFACE_CURVE('',#10850,(#10854,#10861),.PCURVE_S1.);
#10850 = LINE('',#10851,#10852);
#10851 = CARTESIAN_POINT('',(-16.18272407,0.,-25.99999962));
#10852 = VECTOR('',#10853,1.);
#10853 = DIRECTION('',(0.,-1.,0.));
#10854 = PCURVE('',#6367,#10855);
#10855 = DEFINITIONAL_REPRESENTATION('',(#10856),#10860);
#10856 = LINE('',#10857,#10858);
#10857 = CARTESIAN_POINT('',(1.99999962,0.));
#10858 = VECTOR('',#10859,1.);
#10859 = DIRECTION('',(0.,1.));
#10860 = ( GEOMETRIC_REPRESENTATION_CONTEXT(2) 
PARAMETRIC_REPRESENTATION_CONTEXT() REPRESENTATION_CONTEXT('2D SPACE',''
  ) );
#10861 = PCURVE('',#6421,#10862);
#10862 = DEFINITIONAL_REPRESENTATION('',(#10863),#10867);
#10863 = LINE('',#10864,#10865);
#10864 = CARTESIAN_POINT('',(-16.18272407,0.));
#10865 = VECTOR('',#10866,1.);
#10866 = DIRECTION('',(0.,1.));
#10867 = ( GEOMETRIC_REPRESENTATION_CONTEXT(2) 
PARAMETRIC_REPRESENTATION_CONTEXT() REPRESENTATION_CONTEXT('2D SPACE',''
  ) );
#10868 = ORIENTED_EDGE('',*,*,#6382,.F.);
#10869 = ADVANCED_FACE('52@1_122_4',(#10870,#10896),#6421,.F.);
#10870 = FACE_BOUND('',#10871,.F.);
#10871 = EDGE_LOOP('52@',(#10872,#10873,#10874,#10875));
#10872 = ORIENTED_EDGE('',*,*,#10848,.T.);
#10873 = ORIENTED_EDGE('',*,*,#6405,.T.);
#10874 = ORIENTED_EDGE('',*,*,#10772,.T.);
#10875 = ORIENTED_EDGE('',*,*,#10876,.T.);
#10876 = EDGE_CURVE('52@1_418_6',#10773,#10826,#10877,.T.);
#10877 = SURFACE_CURVE('',#10878,(#10882,#10889),.PCURVE_S1.);
#10878 = LINE('',#10879,#10880);
#10879 = CARTESIAN_POINT('',(23.75000297,16.,-25.99999962));
#10880 = VECTOR('',#10881,1.);
#10881 = DIRECTION('',(1.,-0.,0.));
#10882 = PCURVE('',#6421,#10883);
#10883 = DEFINITIONAL_REPRESENTATION('',(#10884),#10888);
#10884 = LINE('',#10885,#10886);
#10885 = CARTESIAN_POINT('',(23.75000297,-16.));
#10886 = VECTOR('',#10887,1.);
#10887 = DIRECTION('',(1.,0.));
#10888 = ( GEOMETRIC_REPRESENTATION_CONTEXT(2) 
PARAMETRIC_REPRESENTATION_CONTEXT() REPRESENTATION_CONTEXT('2D SPACE',''
  ) );
#10889 = PCURVE('',#9621,#10890);
#10890 = DEFINITIONAL_REPRESENTATION('',(#10891),#10895);
#10891 = LINE('',#10892,#10893);
#10892 = CARTESIAN_POINT('',(-23.75000297,25.99999962));
#10893 = VECTOR('',#10894,1.);
#10894 = DIRECTION('',(-1.,0.));
#10895 = ( GEOMETRIC_REPRESENTATION_CONTEXT(2) 
PARAMETRIC_REPRESENTATION_CONTEXT() REPRESENTATION_CONTEXT('2D SPACE',''
  ) );
#10896 = FACE_BOUND('',#10897,.F.);
#10897 = EDGE_LOOP('52@',(#10898,#10899,#10900,#10901,#10902));
#10898 = ORIENTED_EDGE('',*,*,#10411,.F.);
#10899 = ORIENTED_EDGE('',*,*,#10362,.F.);
#10900 = ORIENTED_EDGE('',*,*,#10313,.F.);
#10901 = ORIENTED_EDGE('',*,*,#10264,.F.);
#10902 = ORIENTED_EDGE('',*,*,#7592,.T.);
#10903 = ADVANCED_FACE('52@1_123_4',(#10904),#6723,.F.);
#10904 = FACE_BOUND('',#10905,.T.);
#10905 = EDGE_LOOP('52@',(#10906,#10907,#10908,#10909));
#10906 = ORIENTED_EDGE('',*,*,#7172,.F.);
#10907 = ORIENTED_EDGE('',*,*,#6815,.T.);
#10908 = ORIENTED_EDGE('',*,*,#6709,.T.);
#10909 = ORIENTED_EDGE('',*,*,#6981,.F.);
#10910 = ADVANCED_FACE('52@1_124_4',(#10911),#6758,.F.);
#10911 = FACE_BOUND('',#10912,.T.);
#10912 = EDGE_LOOP('52@',(#10913,#10914,#10915,#10916));
#10913 = ORIENTED_EDGE('',*,*,#7543,.F.);
#10914 = ORIENTED_EDGE('',*,*,#6740,.T.);
#10915 = ORIENTED_EDGE('',*,*,#7248,.T.);
#10916 = ORIENTED_EDGE('',*,*,#7324,.F.);
#10917 = ADVANCED_FACE('52@1_125_4',(#10918),#7025,.F.);
#10918 = FACE_BOUND('',#10919,.F.);
#10919 = EDGE_LOOP('52@',(#10920,#10943,#10969,#10970));
#10920 = ORIENTED_EDGE('',*,*,#10921,.F.);
#10921 = EDGE_CURVE('52@1_419_6',#10922,#7005,#10924,.T.);
#10922 = VERTEX_POINT('52@1_282_7',#10923);
#10923 = CARTESIAN_POINT('',(32.92314969,3.4629769,26.00000038));
#10924 = SURFACE_CURVE('',#10925,(#10929,#10936),.PCURVE_S1.);
#10925 = LINE('',#10926,#10927);
#10926 = CARTESIAN_POINT('',(32.92314969,3.4629769,-76.));
#10927 = VECTOR('',#10928,1.);
#10928 = DIRECTION('',(-0.,-0.,1.));
#10929 = PCURVE('',#7025,#10930);
#10930 = DEFINITIONAL_REPRESENTATION('',(#10931),#10935);
#10931 = LINE('',#10932,#10933);
#10932 = CARTESIAN_POINT('',(7.853981633974,0.));
#10933 = VECTOR('',#10934,1.);
#10934 = DIRECTION('',(0.,-1.));
#10935 = ( GEOMETRIC_REPRESENTATION_CONTEXT(2) 
PARAMETRIC_REPRESENTATION_CONTEXT() REPRESENTATION_CONTEXT('2D SPACE',''
  ) );
#10936 = PCURVE('',#7053,#10937);
#10937 = DEFINITIONAL_REPRESENTATION('',(#10938),#10942);
#10938 = LINE('',#10939,#10940);
#10939 = CARTESIAN_POINT('',(10.38814438,0.));
#10940 = VECTOR('',#10941,1.);
#10941 = DIRECTION('',(0.,-1.));
#10942 = ( GEOMETRIC_REPRESENTATION_CONTEXT(2) 
PARAMETRIC_REPRESENTATION_CONTEXT() REPRESENTATION_CONTEXT('2D SPACE',''
  ) );
#10943 = ORIENTED_EDGE('',*,*,#10944,.F.);
#10944 = EDGE_CURVE('52@1_420_6',#7098,#10922,#10945,.T.);
#10945 = SURFACE_CURVE('',#10946,(#10951,#10958),.PCURVE_S1.);
#10946 = CIRCLE('',#10947,6.01851155);
#10947 = AXIS2_PLACEMENT_3D('',#10948,#10949,#10950);
#10948 = CARTESIAN_POINT('',(32.92314969,9.48148845,26.00000038));
#10949 = DIRECTION('',(0.,0.,-1.));
#10950 = DIRECTION('',(1.,5.421297596276E-15,0.));
#10951 = PCURVE('',#7025,#10952);
#10952 = DEFINITIONAL_REPRESENTATION('',(#10953),#10957);
#10953 = LINE('',#10954,#10955);
#10954 = CARTESIAN_POINT('',(0.,-102.00000038));
#10955 = VECTOR('',#10956,1.);
#10956 = DIRECTION('',(1.,0.));
#10957 = ( GEOMETRIC_REPRESENTATION_CONTEXT(2) 
PARAMETRIC_REPRESENTATION_CONTEXT() REPRESENTATION_CONTEXT('2D SPACE',''
  ) );
#10958 = PCURVE('',#7113,#10959);
#10959 = DEFINITIONAL_REPRESENTATION('',(#10960),#10968);
#10960 = ( BOUNDED_CURVE() B_SPLINE_CURVE(2,(#10961,#10962,#10963,#10964
    ,#10965,#10966,#10967),.UNSPECIFIED.,.T.,.F.) 
B_SPLINE_CURVE_WITH_KNOTS((1,2,2,2,2,1),(-2.094395102393,0.,
    2.094395102393,4.188790204786,6.28318530718,8.377580409573),
.UNSPECIFIED.) CURVE() GEOMETRIC_REPRESENTATION_ITEM() 
RATIONAL_B_SPLINE_CURVE((1.,0.5,1.,0.5,1.,0.5,1.)) REPRESENTATION_ITEM(
  '') );
#10961 = CARTESIAN_POINT('',(-38.94166124,-9.48148845));
#10962 = CARTESIAN_POINT('',(-38.94166124,0.94287934054));
#10963 = CARTESIAN_POINT('',(-29.913893915,-4.26930455473));
#10964 = CARTESIAN_POINT('',(-20.88612659,-9.48148845));
#10965 = CARTESIAN_POINT('',(-29.913893915,-14.69367234527));
#10966 = CARTESIAN_POINT('',(-38.94166124,-19.90585624054));
#10967 = CARTESIAN_POINT('',(-38.94166124,-9.48148845));
#10968 = ( GEOMETRIC_REPRESENTATION_CONTEXT(2) 
PARAMETRIC_REPRESENTATION_CONTEXT() REPRESENTATION_CONTEXT('2D SPACE',''
  ) );
#10969 = ORIENTED_EDGE('',*,*,#7125,.T.);
#10970 = ORIENTED_EDGE('',*,*,#7004,.T.);
#10971 = ADVANCED_FACE('52@1_126_4',(#10972),#7053,.T.);
#10972 = FACE_BOUND('',#10973,.T.);
#10973 = EDGE_LOOP('52@',(#10974,#10997,#11018,#11019));
#10974 = ORIENTED_EDGE('',*,*,#10975,.T.);
#10975 = EDGE_CURVE('52@1_421_6',#10922,#10976,#10978,.T.);
#10976 = VERTEX_POINT('52@1_283_7',#10977);
#10977 = CARTESIAN_POINT('',(22.53500531,3.46297689,26.00000038));
#10978 = SURFACE_CURVE('',#10979,(#10983,#10990),.PCURVE_S1.);
#10979 = LINE('',#10980,#10981);
#10980 = CARTESIAN_POINT('',(11.267502653333,3.462976879153,26.00000038)
  );
#10981 = VECTOR('',#10982,1.);
#10982 = DIRECTION('',(-1.,-9.626358253624E-10,-0.));
#10983 = PCURVE('',#7053,#10984);
#10984 = DEFINITIONAL_REPRESENTATION('',(#10985),#10989);
#10985 = LINE('',#10986,#10987);
#10986 = CARTESIAN_POINT('',(-11.26750265666,-102.00000038));
#10987 = VECTOR('',#10988,1.);
#10988 = DIRECTION('',(-1.,0.));
#10989 = ( GEOMETRIC_REPRESENTATION_CONTEXT(2) 
PARAMETRIC_REPRESENTATION_CONTEXT() REPRESENTATION_CONTEXT('2D SPACE',''
  ) );
#10990 = PCURVE('',#7113,#10991);
#10991 = DEFINITIONAL_REPRESENTATION('',(#10992),#10996);
#10992 = LINE('',#10993,#10994);
#10993 = CARTESIAN_POINT('',(-11.26750265333,-3.462976879153));
#10994 = VECTOR('',#10995,1.);
#10995 = DIRECTION('',(1.,9.626358253624E-10));
#10996 = ( GEOMETRIC_REPRESENTATION_CONTEXT(2) 
PARAMETRIC_REPRESENTATION_CONTEXT() REPRESENTATION_CONTEXT('2D SPACE',''
  ) );
#10997 = ORIENTED_EDGE('',*,*,#10998,.T.);
#10998 = EDGE_CURVE('52@1_422_6',#10976,#7038,#10999,.T.);
#10999 = SURFACE_CURVE('',#11000,(#11004,#11011),.PCURVE_S1.);
#11000 = LINE('',#11001,#11002);
#11001 = CARTESIAN_POINT('',(22.53500531,3.46297689,-76.));
#11002 = VECTOR('',#11003,1.);
#11003 = DIRECTION('',(-0.,-0.,1.));
#11004 = PCURVE('',#7053,#11005);
#11005 = DEFINITIONAL_REPRESENTATION('',(#11006),#11010);
#11006 = LINE('',#11007,#11008);
#11007 = CARTESIAN_POINT('',(0.,0.));
#11008 = VECTOR('',#11009,1.);
#11009 = DIRECTION('',(0.,-1.));
#11010 = ( GEOMETRIC_REPRESENTATION_CONTEXT(2) 
PARAMETRIC_REPRESENTATION_CONTEXT() REPRESENTATION_CONTEXT('2D SPACE',''
  ) );
#11011 = PCURVE('',#7079,#11012);
#11012 = DEFINITIONAL_REPRESENTATION('',(#11013),#11017);
#11013 = LINE('',#11014,#11015);
#11014 = CARTESIAN_POINT('',(12.03702311,0.));
#11015 = VECTOR('',#11016,1.);
#11016 = DIRECTION('',(0.,-1.));
#11017 = ( GEOMETRIC_REPRESENTATION_CONTEXT(2) 
PARAMETRIC_REPRESENTATION_CONTEXT() REPRESENTATION_CONTEXT('2D SPACE',''
  ) );
#11018 = ORIENTED_EDGE('',*,*,#7037,.F.);
#11019 = ORIENTED_EDGE('',*,*,#10921,.F.);
#11020 = ADVANCED_FACE('52@1_127_4',(#11021),#7079,.T.);
#11021 = FACE_BOUND('',#11022,.T.);
#11022 = EDGE_LOOP('52@',(#11023,#11024,#11045,#11046));
#11023 = ORIENTED_EDGE('',*,*,#10998,.F.);
#11024 = ORIENTED_EDGE('',*,*,#11025,.T.);
#11025 = EDGE_CURVE('52@1_423_6',#10976,#7096,#11026,.T.);
#11026 = SURFACE_CURVE('',#11027,(#11031,#11038),.PCURVE_S1.);
#11027 = LINE('',#11028,#11029);
#11028 = CARTESIAN_POINT('',(22.53500531,7.75,26.00000038));
#11029 = VECTOR('',#11030,1.);
#11030 = DIRECTION('',(-0.,1.,0.));
#11031 = PCURVE('',#7079,#11032);
#11032 = DEFINITIONAL_REPRESENTATION('',(#11033),#11037);
#11033 = LINE('',#11034,#11035);
#11034 = CARTESIAN_POINT('',(7.75,-102.00000038));
#11035 = VECTOR('',#11036,1.);
#11036 = DIRECTION('',(-1.,0.));
#11037 = ( GEOMETRIC_REPRESENTATION_CONTEXT(2) 
PARAMETRIC_REPRESENTATION_CONTEXT() REPRESENTATION_CONTEXT('2D SPACE',''
  ) );
#11038 = PCURVE('',#7113,#11039);
#11039 = DEFINITIONAL_REPRESENTATION('',(#11040),#11044);
#11040 = LINE('',#11041,#11042);
#11041 = CARTESIAN_POINT('',(-22.53500531,-7.75));
#11042 = VECTOR('',#11043,1.);
#11043 = DIRECTION('',(0.,-1.));
#11044 = ( GEOMETRIC_REPRESENTATION_CONTEXT(2) 
PARAMETRIC_REPRESENTATION_CONTEXT() REPRESENTATION_CONTEXT('2D SPACE',''
  ) );
#11045 = ORIENTED_EDGE('',*,*,#7147,.T.);
#11046 = ORIENTED_EDGE('',*,*,#7065,.F.);
#11047 = ADVANCED_FACE('52@1_128_4',(#11048,#11118),#7113,.F.);
#11048 = FACE_BOUND('',#11049,.F.);
#11049 = EDGE_LOOP('52@',(#11050,#11075,#11096,#11097));
#11050 = ORIENTED_EDGE('',*,*,#11051,.F.);
#11051 = EDGE_CURVE('52@1_424_6',#11052,#11054,#11056,.T.);
#11052 = VERTEX_POINT('52@1_284_7',#11053);
#11053 = CARTESIAN_POINT('',(14.48064193,3.,26.00000038));
#11054 = VERTEX_POINT('52@1_285_7',#11055);
#11055 = CARTESIAN_POINT('',(14.48064193,16.,26.00000038));
#11056 = SURFACE_CURVE('',#11057,(#11061,#11068),.PCURVE_S1.);
#11057 = LINE('',#11058,#11059);
#11058 = CARTESIAN_POINT('',(14.48064193,0.,26.00000038));
#11059 = VECTOR('',#11060,1.);
#11060 = DIRECTION('',(0.,1.,0.));
#11061 = PCURVE('',#7113,#11062);
#11062 = DEFINITIONAL_REPRESENTATION('',(#11063),#11067);
#11063 = LINE('',#11064,#11065);
#11064 = CARTESIAN_POINT('',(-14.48064193,0.));
#11065 = VECTOR('',#11066,1.);
#11066 = DIRECTION('',(0.,-1.));
#11067 = ( GEOMETRIC_REPRESENTATION_CONTEXT(2) 
PARAMETRIC_REPRESENTATION_CONTEXT() REPRESENTATION_CONTEXT('2D SPACE',''
  ) );
#11068 = PCURVE('',#8642,#11069);
#11069 = DEFINITIONAL_REPRESENTATION('',(#11070),#11074);
#11070 = LINE('',#11071,#11072);
#11071 = CARTESIAN_POINT('',(0.,-0.));
#11072 = VECTOR('',#11073,1.);
#11073 = DIRECTION('',(0.,-1.));
#11074 = ( GEOMETRIC_REPRESENTATION_CONTEXT(2) 
PARAMETRIC_REPRESENTATION_CONTEXT() REPRESENTATION_CONTEXT('2D SPACE',''
  ) );
#11075 = ORIENTED_EDGE('',*,*,#11076,.F.);
#11076 = EDGE_CURVE('52@1_425_6',#7945,#11052,#11077,.T.);
#11077 = SURFACE_CURVE('',#11078,(#11082,#11089),.PCURVE_S1.);
#11078 = LINE('',#11079,#11080);
#11079 = CARTESIAN_POINT('',(38.947166,3.,26.00000038));
#11080 = VECTOR('',#11081,1.);
#11081 = DIRECTION('',(-1.,0.,0.));
#11082 = PCURVE('',#7113,#11083);
#11083 = DEFINITIONAL_REPRESENTATION('',(#11084),#11088);
#11084 = LINE('',#11085,#11086);
#11085 = CARTESIAN_POINT('',(-38.947166,-3.));
#11086 = VECTOR('',#11087,1.);
#11087 = DIRECTION('',(1.,-0.));
#11088 = ( GEOMETRIC_REPRESENTATION_CONTEXT(2) 
PARAMETRIC_REPRESENTATION_CONTEXT() REPRESENTATION_CONTEXT('2D SPACE',''
  ) );
#11089 = PCURVE('',#7981,#11090);
#11090 = DEFINITIONAL_REPRESENTATION('',(#11091),#11095);
#11091 = LINE('',#11092,#11093);
#11092 = CARTESIAN_POINT('',(-38.947166,-26.00000038));
#11093 = VECTOR('',#11094,1.);
#11094 = DIRECTION('',(1.,0.));
#11095 = ( GEOMETRIC_REPRESENTATION_CONTEXT(2) 
PARAMETRIC_REPRESENTATION_CONTEXT() REPRESENTATION_CONTEXT('2D SPACE',''
  ) );
#11096 = ORIENTED_EDGE('',*,*,#7944,.T.);
#11097 = ORIENTED_EDGE('',*,*,#11098,.T.);
#11098 = EDGE_CURVE('52@1_426_6',#7917,#11054,#11099,.T.);
#11099 = SURFACE_CURVE('',#11100,(#11104,#11111),.PCURVE_S1.);
#11100 = LINE('',#11101,#11102);
#11101 = CARTESIAN_POINT('',(38.947166,16.,26.00000038));
#11102 = VECTOR('',#11103,1.);
#11103 = DIRECTION('',(-1.,0.,0.));
#11104 = PCURVE('',#7113,#11105);
#11105 = DEFINITIONAL_REPRESENTATION('',(#11106),#11110);
#11106 = LINE('',#11107,#11108);
#11107 = CARTESIAN_POINT('',(-38.947166,-16.));
#11108 = VECTOR('',#11109,1.);
#11109 = DIRECTION('',(1.,-0.));
#11110 = ( GEOMETRIC_REPRESENTATION_CONTEXT(2) 
PARAMETRIC_REPRESENTATION_CONTEXT() REPRESENTATION_CONTEXT('2D SPACE',''
  ) );
#11111 = PCURVE('',#7932,#11112);
#11112 = DEFINITIONAL_REPRESENTATION('',(#11113),#11117);
#11113 = LINE('',#11114,#11115);
#11114 = CARTESIAN_POINT('',(-38.947166,-26.00000038));
#11115 = VECTOR('',#11116,1.);
#11116 = DIRECTION('',(1.,0.));
#11117 = ( GEOMETRIC_REPRESENTATION_CONTEXT(2) 
PARAMETRIC_REPRESENTATION_CONTEXT() REPRESENTATION_CONTEXT('2D SPACE',''
  ) );
#11118 = FACE_BOUND('',#11119,.F.);
#11119 = EDGE_LOOP('52@',(#11120,#11121,#11122,#11123));
#11120 = ORIENTED_EDGE('',*,*,#10975,.T.);
#11121 = ORIENTED_EDGE('',*,*,#11025,.T.);
#11122 = ORIENTED_EDGE('',*,*,#7095,.T.);
#11123 = ORIENTED_EDGE('',*,*,#10944,.T.);
#11124 = ADVANCED_FACE('52@1_129_4',(#11125),#7450,.F.);
#11125 = FACE_BOUND('',#11126,.F.);
#11126 = EDGE_LOOP('52@',(#11127,#11155,#11176,#11177));
#11127 = ORIENTED_EDGE('',*,*,#11128,.F.);
#11128 = EDGE_CURVE('52@1_427_6',#11129,#7467,#11131,.T.);
#11129 = VERTEX_POINT('52@1_286_7',#11130);
#11130 = CARTESIAN_POINT('',(-34.43163859,3.4845643,26.00000038));
#11131 = SURFACE_CURVE('',#11132,(#11137,#11144),.PCURVE_S1.);
#11132 = CIRCLE('',#11133,6.00771785);
#11133 = AXIS2_PLACEMENT_3D('',#11134,#11135,#11136);
#11134 = CARTESIAN_POINT('',(-34.43163859,9.49228215,26.00000038));
#11135 = DIRECTION('',(0.,0.,-1.));
#11136 = DIRECTION('',(1.,0.,0.));
#11137 = PCURVE('',#7450,#11138);
#11138 = DEFINITIONAL_REPRESENTATION('',(#11139),#11143);
#11139 = LINE('',#11140,#11141);
#11140 = CARTESIAN_POINT('',(0.,-102.00000038));
#11141 = VECTOR('',#11142,1.);
#11142 = DIRECTION('',(1.,0.));
#11143 = ( GEOMETRIC_REPRESENTATION_CONTEXT(2) 
PARAMETRIC_REPRESENTATION_CONTEXT() REPRESENTATION_CONTEXT('2D SPACE',''
  ) );
#11144 = PCURVE('',#7484,#11145);
#11145 = DEFINITIONAL_REPRESENTATION('',(#11146),#11154);
#11146 = ( BOUNDED_CURVE() B_SPLINE_CURVE(2,(#11147,#11148,#11149,#11150
    ,#11151,#11152,#11153),.UNSPECIFIED.,.T.,.F.) 
B_SPLINE_CURVE_WITH_KNOTS((1,2,2,2,2,1),(-2.094395102393,0.,
    2.094395102393,4.188790204786,6.28318530718,8.377580409573),
.UNSPECIFIED.) CURVE() GEOMETRIC_REPRESENTATION_ITEM() 
RATIONAL_B_SPLINE_CURVE((1.,0.5,1.,0.5,1.,0.5,1.)) REPRESENTATION_ITEM(
  '') );
#11147 = CARTESIAN_POINT('',(28.42392074,-9.49228215));
#11148 = CARTESIAN_POINT('',(28.42392074,0.913390403738));
#11149 = CARTESIAN_POINT('',(37.435497515,-4.289445873131));
#11150 = CARTESIAN_POINT('',(46.44707429,-9.49228215));
#11151 = CARTESIAN_POINT('',(37.435497515,-14.69511842686));
#11152 = CARTESIAN_POINT('',(28.42392074,-19.89795470373));
#11153 = CARTESIAN_POINT('',(28.42392074,-9.49228215));
#11154 = ( GEOMETRIC_REPRESENTATION_CONTEXT(2) 
PARAMETRIC_REPRESENTATION_CONTEXT() REPRESENTATION_CONTEXT('2D SPACE',''
  ) );
#11155 = ORIENTED_EDGE('',*,*,#11156,.T.);
#11156 = EDGE_CURVE('52@1_428_6',#11129,#7404,#11157,.T.);
#11157 = SURFACE_CURVE('',#11158,(#11162,#11169),.PCURVE_S1.);
#11158 = LINE('',#11159,#11160);
#11159 = CARTESIAN_POINT('',(-34.43163859,3.4845643,-76.));
#11160 = VECTOR('',#11161,1.);
#11161 = DIRECTION('',(-0.,-0.,1.));
#11162 = PCURVE('',#7450,#11163);
#11163 = DEFINITIONAL_REPRESENTATION('',(#11164),#11168);
#11164 = LINE('',#11165,#11166);
#11165 = CARTESIAN_POINT('',(1.570796326795,0.));
#11166 = VECTOR('',#11167,1.);
#11167 = DIRECTION('',(0.,-1.));
#11168 = ( GEOMETRIC_REPRESENTATION_CONTEXT(2) 
PARAMETRIC_REPRESENTATION_CONTEXT() REPRESENTATION_CONTEXT('2D SPACE',''
  ) );
#11169 = PCURVE('',#7419,#11170);
#11170 = DEFINITIONAL_REPRESENTATION('',(#11171),#11175);
#11171 = LINE('',#11172,#11173);
#11172 = CARTESIAN_POINT('',(1.99000045,0.));
#11173 = VECTOR('',#11174,1.);
#11174 = DIRECTION('',(0.,-1.));
#11175 = ( GEOMETRIC_REPRESENTATION_CONTEXT(2) 
PARAMETRIC_REPRESENTATION_CONTEXT() REPRESENTATION_CONTEXT('2D SPACE',''
  ) );
#11176 = ORIENTED_EDGE('',*,*,#7431,.T.);
#11177 = ORIENTED_EDGE('',*,*,#7496,.F.);
#11178 = ADVANCED_FACE('52@1_130_4',(#11179),#7419,.F.);
#11179 = FACE_BOUND('',#11180,.F.);
#11180 = EDGE_LOOP('52@',(#11181,#11204,#11225,#11226));
#11181 = ORIENTED_EDGE('',*,*,#11182,.T.);
#11182 = EDGE_CURVE('52@1_429_6',#11129,#11183,#11185,.T.);
#11183 = VERTEX_POINT('52@1_287_7',#11184);
#11184 = CARTESIAN_POINT('',(-32.44163814,3.4845643,26.00000038));
#11185 = SURFACE_CURVE('',#11186,(#11190,#11197),.PCURVE_S1.);
#11186 = LINE('',#11187,#11188);
#11187 = CARTESIAN_POINT('',(-16.22081907,3.4845643,26.00000038));
#11188 = VECTOR('',#11189,1.);
#11189 = DIRECTION('',(1.,-0.,0.));
#11190 = PCURVE('',#7419,#11191);
#11191 = DEFINITIONAL_REPRESENTATION('',(#11192),#11196);
#11192 = LINE('',#11193,#11194);
#11193 = CARTESIAN_POINT('',(-16.22081907,-102.00000038));
#11194 = VECTOR('',#11195,1.);
#11195 = DIRECTION('',(-1.,0.));
#11196 = ( GEOMETRIC_REPRESENTATION_CONTEXT(2) 
PARAMETRIC_REPRESENTATION_CONTEXT() REPRESENTATION_CONTEXT('2D SPACE',''
  ) );
#11197 = PCURVE('',#7484,#11198);
#11198 = DEFINITIONAL_REPRESENTATION('',(#11199),#11203);
#11199 = LINE('',#11200,#11201);
#11200 = CARTESIAN_POINT('',(16.22081907,-3.4845643));
#11201 = VECTOR('',#11202,1.);
#11202 = DIRECTION('',(-1.,0.));
#11203 = ( GEOMETRIC_REPRESENTATION_CONTEXT(2) 
PARAMETRIC_REPRESENTATION_CONTEXT() REPRESENTATION_CONTEXT('2D SPACE',''
  ) );
#11204 = ORIENTED_EDGE('',*,*,#11205,.T.);
#11205 = EDGE_CURVE('52@1_430_6',#11183,#7376,#11206,.T.);
#11206 = SURFACE_CURVE('',#11207,(#11211,#11218),.PCURVE_S1.);
#11207 = LINE('',#11208,#11209);
#11208 = CARTESIAN_POINT('',(-32.44163814,3.4845643,-76.));
#11209 = VECTOR('',#11210,1.);
#11210 = DIRECTION('',(-0.,-0.,1.));
#11211 = PCURVE('',#7419,#11212);
#11212 = DEFINITIONAL_REPRESENTATION('',(#11213),#11217);
#11213 = LINE('',#11214,#11215);
#11214 = CARTESIAN_POINT('',(0.,0.));
#11215 = VECTOR('',#11216,1.);
#11216 = DIRECTION('',(0.,-1.));
#11217 = ( GEOMETRIC_REPRESENTATION_CONTEXT(2) 
PARAMETRIC_REPRESENTATION_CONTEXT() REPRESENTATION_CONTEXT('2D SPACE',''
  ) );
#11218 = PCURVE('',#7391,#11219);
#11219 = DEFINITIONAL_REPRESENTATION('',(#11220),#11224);
#11220 = LINE('',#11221,#11222);
#11221 = CARTESIAN_POINT('',(8.22096978,0.));
#11222 = VECTOR('',#11223,1.);
#11223 = DIRECTION('',(0.,-1.));
#11224 = ( GEOMETRIC_REPRESENTATION_CONTEXT(2) 
PARAMETRIC_REPRESENTATION_CONTEXT() REPRESENTATION_CONTEXT('2D SPACE',''
  ) );
#11225 = ORIENTED_EDGE('',*,*,#7403,.F.);
#11226 = ORIENTED_EDGE('',*,*,#11156,.F.);
#11227 = ADVANCED_FACE('52@1_131_4',(#11228),#7391,.F.);
#11228 = FACE_BOUND('',#11229,.F.);
#11229 = EDGE_LOOP('52@',(#11230,#11253,#11274,#11275));
#11230 = ORIENTED_EDGE('',*,*,#11231,.T.);
#11231 = EDGE_CURVE('52@1_431_6',#11183,#11232,#11234,.T.);
#11232 = VERTEX_POINT('52@1_288_7',#11233);
#11233 = CARTESIAN_POINT('',(-24.22066836,3.48456431,26.00000038));
#11234 = SURFACE_CURVE('',#11235,(#11239,#11246),.PCURVE_S1.);
#11235 = LINE('',#11236,#11237);
#11236 = CARTESIAN_POINT('',(-12.11033418211,3.484564324731,26.00000038)
  );
#11237 = VECTOR('',#11238,1.);
#11238 = DIRECTION('',(1.,1.216401496032E-09,0.));
#11239 = PCURVE('',#7391,#11240);
#11240 = DEFINITIONAL_REPRESENTATION('',(#11241),#11245);
#11241 = LINE('',#11242,#11243);
#11242 = CARTESIAN_POINT('',(-12.11033417788,-102.00000038));
#11243 = VECTOR('',#11244,1.);
#11244 = DIRECTION('',(-1.,0.));
#11245 = ( GEOMETRIC_REPRESENTATION_CONTEXT(2) 
PARAMETRIC_REPRESENTATION_CONTEXT() REPRESENTATION_CONTEXT('2D SPACE',''
  ) );
#11246 = PCURVE('',#7484,#11247);
#11247 = DEFINITIONAL_REPRESENTATION('',(#11248),#11252);
#11248 = LINE('',#11249,#11250);
#11249 = CARTESIAN_POINT('',(12.110334182119,-3.484564324731));
#11250 = VECTOR('',#11251,1.);
#11251 = DIRECTION('',(-1.,-1.216401496032E-09));
#11252 = ( GEOMETRIC_REPRESENTATION_CONTEXT(2) 
PARAMETRIC_REPRESENTATION_CONTEXT() REPRESENTATION_CONTEXT('2D SPACE',''
  ) );
#11253 = ORIENTED_EDGE('',*,*,#11254,.T.);
#11254 = EDGE_CURVE('52@1_432_6',#11232,#7348,#11255,.T.);
#11255 = SURFACE_CURVE('',#11256,(#11260,#11267),.PCURVE_S1.);
#11256 = LINE('',#11257,#11258);
#11257 = CARTESIAN_POINT('',(-24.22066836,3.48456431,-76.));
#11258 = VECTOR('',#11259,1.);
#11259 = DIRECTION('',(-0.,-0.,1.));
#11260 = PCURVE('',#7391,#11261);
#11261 = DEFINITIONAL_REPRESENTATION('',(#11262),#11266);
#11262 = LINE('',#11263,#11264);
#11263 = CARTESIAN_POINT('',(0.,0.));
#11264 = VECTOR('',#11265,1.);
#11265 = DIRECTION('',(0.,-1.));
#11266 = ( GEOMETRIC_REPRESENTATION_CONTEXT(2) 
PARAMETRIC_REPRESENTATION_CONTEXT() REPRESENTATION_CONTEXT('2D SPACE',''
  ) );
#11267 = PCURVE('',#7363,#11268);
#11268 = DEFINITIONAL_REPRESENTATION('',(#11269),#11273);
#11269 = LINE('',#11270,#11271);
#11270 = CARTESIAN_POINT('',(12.01543569,0.));
#11271 = VECTOR('',#11272,1.);
#11272 = DIRECTION('',(0.,-1.));
#11273 = ( GEOMETRIC_REPRESENTATION_CONTEXT(2) 
PARAMETRIC_REPRESENTATION_CONTEXT() REPRESENTATION_CONTEXT('2D SPACE',''
  ) );
#11274 = ORIENTED_EDGE('',*,*,#7375,.F.);
#11275 = ORIENTED_EDGE('',*,*,#11205,.F.);
#11276 = ADVANCED_FACE('52@1_132_4',(#11277),#7363,.F.);
#11277 = FACE_BOUND('',#11278,.F.);
#11278 = EDGE_LOOP('52@',(#11279,#11280,#11301,#11302));
#11279 = ORIENTED_EDGE('',*,*,#11254,.F.);
#11280 = ORIENTED_EDGE('',*,*,#11281,.T.);
#11281 = EDGE_CURVE('52@1_433_6',#11232,#7469,#11282,.T.);
#11282 = SURFACE_CURVE('',#11283,(#11287,#11294),.PCURVE_S1.);
#11283 = LINE('',#11284,#11285);
#11284 = CARTESIAN_POINT('',(-24.22066836,7.75,26.00000038));
#11285 = VECTOR('',#11286,1.);
#11286 = DIRECTION('',(-0.,1.,0.));
#11287 = PCURVE('',#7363,#11288);
#11288 = DEFINITIONAL_REPRESENTATION('',(#11289),#11293);
#11289 = LINE('',#11290,#11291);
#11290 = CARTESIAN_POINT('',(7.75,-102.00000038));
#11291 = VECTOR('',#11292,1.);
#11292 = DIRECTION('',(-1.,0.));
#11293 = ( GEOMETRIC_REPRESENTATION_CONTEXT(2) 
PARAMETRIC_REPRESENTATION_CONTEXT() REPRESENTATION_CONTEXT('2D SPACE',''
  ) );
#11294 = PCURVE('',#7484,#11295);
#11295 = DEFINITIONAL_REPRESENTATION('',(#11296),#11300);
#11296 = LINE('',#11297,#11298);
#11297 = CARTESIAN_POINT('',(24.22066836,-7.75));
#11298 = VECTOR('',#11299,1.);
#11299 = DIRECTION('',(0.,-1.));
#11300 = ( GEOMETRIC_REPRESENTATION_CONTEXT(2) 
PARAMETRIC_REPRESENTATION_CONTEXT() REPRESENTATION_CONTEXT('2D SPACE',''
  ) );
#11301 = ORIENTED_EDGE('',*,*,#7518,.T.);
#11302 = ORIENTED_EDGE('',*,*,#7347,.F.);
#11303 = ADVANCED_FACE('52@1_133_4',(#11304,#11374),#7484,.F.);
#11304 = FACE_BOUND('',#11305,.F.);
#11305 = EDGE_LOOP('52@',(#11306,#11307,#11330,#11353));
#11306 = ORIENTED_EDGE('',*,*,#10474,.F.);
#11307 = ORIENTED_EDGE('',*,*,#11308,.F.);
#11308 = EDGE_CURVE('52@1_434_6',#11309,#10452,#11311,.T.);
#11309 = VERTEX_POINT('52@1_289_7',#11310);
#11310 = CARTESIAN_POINT('',(-16.02711577,3.,26.));
#11311 = SURFACE_CURVE('',#11312,(#11316,#11323),.PCURVE_S1.);
#11312 = LINE('',#11313,#11314);
#11313 = CARTESIAN_POINT('',(-16.02711577,3.,26.));
#11314 = VECTOR('',#11315,1.);
#11315 = DIRECTION('',(-1.,0.,0.));
#11316 = PCURVE('',#7484,#11317);
#11317 = DEFINITIONAL_REPRESENTATION('',(#11318),#11322);
#11318 = LINE('',#11319,#11320);
#11319 = CARTESIAN_POINT('',(16.02711577,-3.));
#11320 = VECTOR('',#11321,1.);
#11321 = DIRECTION('',(1.,-0.));
#11322 = ( GEOMETRIC_REPRESENTATION_CONTEXT(2) 
PARAMETRIC_REPRESENTATION_CONTEXT() REPRESENTATION_CONTEXT('2D SPACE',''
  ) );
#11323 = PCURVE('',#8035,#11324);
#11324 = DEFINITIONAL_REPRESENTATION('',(#11325),#11329);
#11325 = LINE('',#11326,#11327);
#11326 = CARTESIAN_POINT('',(16.02711577,-26.));
#11327 = VECTOR('',#11328,1.);
#11328 = DIRECTION('',(1.,0.));
#11329 = ( GEOMETRIC_REPRESENTATION_CONTEXT(2) 
PARAMETRIC_REPRESENTATION_CONTEXT() REPRESENTATION_CONTEXT('2D SPACE',''
  ) );
#11330 = ORIENTED_EDGE('',*,*,#11331,.T.);
#11331 = EDGE_CURVE('52@1_435_6',#11309,#11332,#11334,.T.);
#11332 = VERTEX_POINT('52@1_290_7',#11333);
#11333 = CARTESIAN_POINT('',(-16.02711577,16.,26.00000038));
#11334 = SURFACE_CURVE('',#11335,(#11339,#11346),.PCURVE_S1.);
#11335 = LINE('',#11336,#11337);
#11336 = CARTESIAN_POINT('',(-16.02711577,0.,26.00000038));
#11337 = VECTOR('',#11338,1.);
#11338 = DIRECTION('',(0.,1.,0.));
#11339 = PCURVE('',#7484,#11340);
#11340 = DEFINITIONAL_REPRESENTATION('',(#11341),#11345);
#11341 = LINE('',#11342,#11343);
#11342 = CARTESIAN_POINT('',(16.02711577,-0.));
#11343 = VECTOR('',#11344,1.);
#11344 = DIRECTION('',(0.,-1.));
#11345 = ( GEOMETRIC_REPRESENTATION_CONTEXT(2) 
PARAMETRIC_REPRESENTATION_CONTEXT() REPRESENTATION_CONTEXT('2D SPACE',''
  ) );
#11346 = PCURVE('',#8739,#11347);
#11347 = DEFINITIONAL_REPRESENTATION('',(#11348),#11352);
#11348 = LINE('',#11349,#11350);
#11349 = CARTESIAN_POINT('',(2.00000038,0.));
#11350 = VECTOR('',#11351,1.);
#11351 = DIRECTION('',(0.,-1.));
#11352 = ( GEOMETRIC_REPRESENTATION_CONTEXT(2) 
PARAMETRIC_REPRESENTATION_CONTEXT() REPRESENTATION_CONTEXT('2D SPACE',''
  ) );
#11353 = ORIENTED_EDGE('',*,*,#11354,.T.);
#11354 = EDGE_CURVE('52@1_436_6',#11332,#10475,#11355,.T.);
#11355 = SURFACE_CURVE('',#11356,(#11360,#11367),.PCURVE_S1.);
#11356 = LINE('',#11357,#11358);
#11357 = CARTESIAN_POINT('',(-16.02711577,16.,26.00000038));
#11358 = VECTOR('',#11359,1.);
#11359 = DIRECTION('',(-1.,0.,0.));
#11360 = PCURVE('',#7484,#11361);
#11361 = DEFINITIONAL_REPRESENTATION('',(#11362),#11366);
#11362 = LINE('',#11363,#11364);
#11363 = CARTESIAN_POINT('',(16.02711577,-16.));
#11364 = VECTOR('',#11365,1.);
#11365 = DIRECTION('',(1.,-0.));
#11366 = ( GEOMETRIC_REPRESENTATION_CONTEXT(2) 
PARAMETRIC_REPRESENTATION_CONTEXT() REPRESENTATION_CONTEXT('2D SPACE',''
  ) );
#11367 = PCURVE('',#9545,#11368);
#11368 = DEFINITIONAL_REPRESENTATION('',(#11369),#11373);
#11369 = LINE('',#11370,#11371);
#11370 = CARTESIAN_POINT('',(16.02711577,-26.00000038));
#11371 = VECTOR('',#11372,1.);
#11372 = DIRECTION('',(1.,0.));
#11373 = ( GEOMETRIC_REPRESENTATION_CONTEXT(2) 
PARAMETRIC_REPRESENTATION_CONTEXT() REPRESENTATION_CONTEXT('2D SPACE',''
  ) );
#11374 = FACE_BOUND('',#11375,.F.);
#11375 = EDGE_LOOP('52@',(#11376,#11377,#11378,#11379,#11380));
#11376 = ORIENTED_EDGE('',*,*,#11182,.F.);
#11377 = ORIENTED_EDGE('',*,*,#11128,.T.);
#11378 = ORIENTED_EDGE('',*,*,#7466,.T.);
#11379 = ORIENTED_EDGE('',*,*,#11281,.F.);
#11380 = ORIENTED_EDGE('',*,*,#11231,.F.);
#11381 = ADVANCED_FACE('52@1_134_4',(#11382),#7827,.T.);
#11382 = FACE_BOUND('',#11383,.T.);
#11383 = EDGE_LOOP('52@',(#11384,#11385,#11386,#11407,#11408));
#11384 = ORIENTED_EDGE('',*,*,#9933,.T.);
#11385 = ORIENTED_EDGE('',*,*,#9884,.T.);
#11386 = ORIENTED_EDGE('',*,*,#11387,.T.);
#11387 = EDGE_CURVE('52@1_437_6',#9862,#9659,#11388,.T.);
#11388 = SURFACE_CURVE('',#11389,(#11393,#11400),.PCURVE_S1.);
#11389 = LINE('',#11390,#11391);
#11390 = CARTESIAN_POINT('',(-12.54312638,6.72016652,-7.00270659));
#11391 = VECTOR('',#11392,1.);
#11392 = DIRECTION('',(0.,0.,-1.));
#11393 = PCURVE('',#7827,#11394);
#11394 = DEFINITIONAL_REPRESENTATION('',(#11395),#11399);
#11395 = LINE('',#11396,#11397);
#11396 = CARTESIAN_POINT('',(12.54312638,7.00270659));
#11397 = VECTOR('',#11398,1.);
#11398 = DIRECTION('',(0.,1.));
#11399 = ( GEOMETRIC_REPRESENTATION_CONTEXT(2) 
PARAMETRIC_REPRESENTATION_CONTEXT() REPRESENTATION_CONTEXT('2D SPACE',''
  ) );
#11400 = PCURVE('',#9722,#11401);
#11401 = DEFINITIONAL_REPRESENTATION('',(#11402),#11406);
#11402 = LINE('',#11403,#11404);
#11403 = CARTESIAN_POINT('',(0.,-8.77983348));
#11404 = VECTOR('',#11405,1.);
#11405 = DIRECTION('',(1.,0.));
#11406 = ( GEOMETRIC_REPRESENTATION_CONTEXT(2) 
PARAMETRIC_REPRESENTATION_CONTEXT() REPRESENTATION_CONTEXT('2D SPACE',''
  ) );
#11407 = ORIENTED_EDGE('',*,*,#9681,.F.);
#11408 = ORIENTED_EDGE('',*,*,#7811,.T.);
#11409 = ADVANCED_FACE('52@1_135_4',(#11410),#7754,.T.);
#11410 = FACE_BOUND('',#11411,.T.);
#11411 = EDGE_LOOP('52@',(#11412,#11413,#11434,#11435,#11436));
#11412 = ORIENTED_EDGE('',*,*,#10236,.T.);
#11413 = ORIENTED_EDGE('',*,*,#11414,.T.);
#11414 = EDGE_CURVE('52@1_438_6',#10165,#10062,#11415,.T.);
#11415 = SURFACE_CURVE('',#11416,(#11420,#11427),.PCURVE_S1.);
#11416 = LINE('',#11417,#11418);
#11417 = CARTESIAN_POINT('',(10.52009541,6.72016652,-24.));
#11418 = VECTOR('',#11419,1.);
#11419 = DIRECTION('',(-0.,0.,1.));
#11420 = PCURVE('',#7754,#11421);
#11421 = DEFINITIONAL_REPRESENTATION('',(#11422),#11426);
#11422 = LINE('',#11423,#11424);
#11423 = CARTESIAN_POINT('',(-10.52009541,24.));
#11424 = VECTOR('',#11425,1.);
#11425 = DIRECTION('',(0.,-1.));
#11426 = ( GEOMETRIC_REPRESENTATION_CONTEXT(2) 
PARAMETRIC_REPRESENTATION_CONTEXT() REPRESENTATION_CONTEXT('2D SPACE',''
  ) );
#11427 = PCURVE('',#10077,#11428);
#11428 = DEFINITIONAL_REPRESENTATION('',(#11429),#11433);
#11429 = LINE('',#11430,#11431);
#11430 = CARTESIAN_POINT('',(-7.29211819,-8.77983348));
#11431 = VECTOR('',#11432,1.);
#11432 = DIRECTION('',(1.,0.));
#11433 = ( GEOMETRIC_REPRESENTATION_CONTEXT(2) 
PARAMETRIC_REPRESENTATION_CONTEXT() REPRESENTATION_CONTEXT('2D SPACE',''
  ) );
#11434 = ORIENTED_EDGE('',*,*,#10089,.T.);
#11435 = ORIENTED_EDGE('',*,*,#9982,.T.);
#11436 = ORIENTED_EDGE('',*,*,#7738,.T.);
#11437 = ADVANCED_FACE('52@1_136_4',(#11438),#7981,.F.);
#11438 = FACE_BOUND('',#11439,.F.);
#11439 = EDGE_LOOP('52@',(#11440,#11441,#11442,#11463));
#11440 = ORIENTED_EDGE('',*,*,#7967,.T.);
#11441 = ORIENTED_EDGE('',*,*,#11076,.T.);
#11442 = ORIENTED_EDGE('',*,*,#11443,.T.);
#11443 = EDGE_CURVE('52@1_439_6',#11052,#8048,#11444,.T.);
#11444 = SURFACE_CURVE('',#11445,(#11449,#11456),.PCURVE_S1.);
#11445 = LINE('',#11446,#11447);
#11446 = CARTESIAN_POINT('',(14.48064193,3.,26.00000038));
#11447 = VECTOR('',#11448,1.);
#11448 = DIRECTION('',(0.,0.,-1.));
#11449 = PCURVE('',#7981,#11450);
#11450 = DEFINITIONAL_REPRESENTATION('',(#11451),#11455);
#11451 = LINE('',#11452,#11453);
#11452 = CARTESIAN_POINT('',(-14.48064193,-26.00000038));
#11453 = VECTOR('',#11454,1.);
#11454 = DIRECTION('',(0.,1.));
#11455 = ( GEOMETRIC_REPRESENTATION_CONTEXT(2) 
PARAMETRIC_REPRESENTATION_CONTEXT() REPRESENTATION_CONTEXT('2D SPACE',''
  ) );
#11456 = PCURVE('',#8642,#11457);
#11457 = DEFINITIONAL_REPRESENTATION('',(#11458),#11462);
#11458 = LINE('',#11459,#11460);
#11459 = CARTESIAN_POINT('',(0.,-3.));
#11460 = VECTOR('',#11461,1.);
#11461 = DIRECTION('',(1.,0.));
#11462 = ( GEOMETRIC_REPRESENTATION_CONTEXT(2) 
PARAMETRIC_REPRESENTATION_CONTEXT() REPRESENTATION_CONTEXT('2D SPACE',''
  ) );
#11463 = ORIENTED_EDGE('',*,*,#8075,.T.);
#11464 = ADVANCED_FACE('52@1_137_4',(#11465),#7932,.T.);
#11465 = FACE_BOUND('',#11466,.T.);
#11466 = EDGE_LOOP('52@',(#11467,#11468,#11469,#11490));
#11467 = ORIENTED_EDGE('',*,*,#7916,.T.);
#11468 = ORIENTED_EDGE('',*,*,#11098,.T.);
#11469 = ORIENTED_EDGE('',*,*,#11470,.T.);
#11470 = EDGE_CURVE('52@1_440_6',#11054,#8627,#11471,.T.);
#11471 = SURFACE_CURVE('',#11472,(#11476,#11483),.PCURVE_S1.);
#11472 = LINE('',#11473,#11474);
#11473 = CARTESIAN_POINT('',(14.48064193,16.,26.00000038));
#11474 = VECTOR('',#11475,1.);
#11475 = DIRECTION('',(0.,0.,-1.));
#11476 = PCURVE('',#7932,#11477);
#11477 = DEFINITIONAL_REPRESENTATION('',(#11478),#11482);
#11478 = LINE('',#11479,#11480);
#11479 = CARTESIAN_POINT('',(-14.48064193,-26.00000038));
#11480 = VECTOR('',#11481,1.);
#11481 = DIRECTION('',(0.,1.));
#11482 = ( GEOMETRIC_REPRESENTATION_CONTEXT(2) 
PARAMETRIC_REPRESENTATION_CONTEXT() REPRESENTATION_CONTEXT('2D SPACE',''
  ) );
#11483 = PCURVE('',#8642,#11484);
#11484 = DEFINITIONAL_REPRESENTATION('',(#11485),#11489);
#11485 = LINE('',#11486,#11487);
#11486 = CARTESIAN_POINT('',(0.,-16.));
#11487 = VECTOR('',#11488,1.);
#11488 = DIRECTION('',(1.,0.));
#11489 = ( GEOMETRIC_REPRESENTATION_CONTEXT(2) 
PARAMETRIC_REPRESENTATION_CONTEXT() REPRESENTATION_CONTEXT('2D SPACE',''
  ) );
#11490 = ORIENTED_EDGE('',*,*,#8654,.T.);
#11491 = ADVANCED_FACE('52@1_138_4',(#11492),#8035,.F.);
#11492 = FACE_BOUND('',#11493,.F.);
#11493 = EDGE_LOOP('52@',(#11494,#11515,#11516,#11517));
#11494 = ORIENTED_EDGE('',*,*,#11495,.T.);
#11495 = EDGE_CURVE('52@1_441_6',#8020,#11309,#11496,.T.);
#11496 = SURFACE_CURVE('',#11497,(#11501,#11508),.PCURVE_S1.);
#11497 = LINE('',#11498,#11499);
#11498 = CARTESIAN_POINT('',(-16.02711577,3.,24.9953677));
#11499 = VECTOR('',#11500,1.);
#11500 = DIRECTION('',(-0.,0.,1.));
#11501 = PCURVE('',#8035,#11502);
#11502 = DEFINITIONAL_REPRESENTATION('',(#11503),#11507);
#11503 = LINE('',#11504,#11505);
#11504 = CARTESIAN_POINT('',(16.02711577,-24.9953677));
#11505 = VECTOR('',#11506,1.);
#11506 = DIRECTION('',(0.,-1.));
#11507 = ( GEOMETRIC_REPRESENTATION_CONTEXT(2) 
PARAMETRIC_REPRESENTATION_CONTEXT() REPRESENTATION_CONTEXT('2D SPACE',''
  ) );
#11508 = PCURVE('',#8739,#11509);
#11509 = DEFINITIONAL_REPRESENTATION('',(#11510),#11514);
#11510 = LINE('',#11511,#11512);
#11511 = CARTESIAN_POINT('',(0.9953677,-3.));
#11512 = VECTOR('',#11513,1.);
#11513 = DIRECTION('',(1.,0.));
#11514 = ( GEOMETRIC_REPRESENTATION_CONTEXT(2) 
PARAMETRIC_REPRESENTATION_CONTEXT() REPRESENTATION_CONTEXT('2D SPACE',''
  ) );
#11515 = ORIENTED_EDGE('',*,*,#11308,.T.);
#11516 = ORIENTED_EDGE('',*,*,#10451,.T.);
#11517 = ORIENTED_EDGE('',*,*,#8019,.T.);
#11518 = ADVANCED_FACE('52@1_139_4',(#11519),#8063,.T.);
#11519 = FACE_BOUND('',#11520,.T.);
#11520 = EDGE_LOOP('52@',(#11521,#11542,#11543,#11564));
#11521 = ORIENTED_EDGE('',*,*,#11522,.F.);
#11522 = EDGE_CURVE('52@1_442_6',#8048,#8680,#11523,.T.);
#11523 = SURFACE_CURVE('',#11524,(#11528,#11535),.PCURVE_S1.);
#11524 = LINE('',#11525,#11526);
#11525 = CARTESIAN_POINT('',(14.48064193,3.,13.00000019));
#11526 = VECTOR('',#11527,1.);
#11527 = DIRECTION('',(0.,0.,-1.));
#11528 = PCURVE('',#8063,#11529);
#11529 = DEFINITIONAL_REPRESENTATION('',(#11530),#11534);
#11530 = LINE('',#11531,#11532);
#11531 = CARTESIAN_POINT('',(-14.48064193,-13.00000019));
#11532 = VECTOR('',#11533,1.);
#11533 = DIRECTION('',(0.,1.));
#11534 = ( GEOMETRIC_REPRESENTATION_CONTEXT(2) 
PARAMETRIC_REPRESENTATION_CONTEXT() REPRESENTATION_CONTEXT('2D SPACE',''
  ) );
#11535 = PCURVE('',#8642,#11536);
#11536 = DEFINITIONAL_REPRESENTATION('',(#11537),#11541);
#11537 = LINE('',#11538,#11539);
#11538 = CARTESIAN_POINT('',(13.00000019,-3.));
#11539 = VECTOR('',#11540,1.);
#11540 = DIRECTION('',(1.,0.));
#11541 = ( GEOMETRIC_REPRESENTATION_CONTEXT(2) 
PARAMETRIC_REPRESENTATION_CONTEXT() REPRESENTATION_CONTEXT('2D SPACE',''
  ) );
#11542 = ORIENTED_EDGE('',*,*,#8047,.F.);
#11543 = ORIENTED_EDGE('',*,*,#11544,.F.);
#11544 = EDGE_CURVE('52@1_443_6',#8703,#8020,#11545,.T.);
#11545 = SURFACE_CURVE('',#11546,(#11550,#11557),.PCURVE_S1.);
#11546 = LINE('',#11547,#11548);
#11547 = CARTESIAN_POINT('',(-16.02711577,3.,12.));
#11548 = VECTOR('',#11549,1.);
#11549 = DIRECTION('',(-0.,0.,1.));
#11550 = PCURVE('',#8063,#11551);
#11551 = DEFINITIONAL_REPRESENTATION('',(#11552),#11556);
#11552 = LINE('',#11553,#11554);
#11553 = CARTESIAN_POINT('',(16.02711577,-12.));
#11554 = VECTOR('',#11555,1.);
#11555 = DIRECTION('',(0.,-1.));
#11556 = ( GEOMETRIC_REPRESENTATION_CONTEXT(2) 
PARAMETRIC_REPRESENTATION_CONTEXT() REPRESENTATION_CONTEXT('2D SPACE',''
  ) );
#11557 = PCURVE('',#8739,#11558);
#11558 = DEFINITIONAL_REPRESENTATION('',(#11559),#11563);
#11559 = LINE('',#11560,#11561);
#11560 = CARTESIAN_POINT('',(-12.,-3.));
#11561 = VECTOR('',#11562,1.);
#11562 = DIRECTION('',(1.,0.));
#11563 = ( GEOMETRIC_REPRESENTATION_CONTEXT(2) 
PARAMETRIC_REPRESENTATION_CONTEXT() REPRESENTATION_CONTEXT('2D SPACE',''
  ) );
#11564 = ORIENTED_EDGE('',*,*,#8702,.F.);
#11565 = ADVANCED_FACE('52@1_140_4',(#11566),#8170,.F.);
#11566 = FACE_BOUND('',#11567,.F.);
#11567 = EDGE_LOOP('52@',(#11568,#11569,#11590,#11591));
#11568 = ORIENTED_EDGE('',*,*,#8149,.T.);
#11569 = ORIENTED_EDGE('',*,*,#11570,.T.);
#11570 = EDGE_CURVE('52@1_444_6',#8150,#8264,#11571,.T.);
#11571 = SURFACE_CURVE('',#11572,(#11576,#11583),.PCURVE_S1.);
#11572 = LINE('',#11573,#11574);
#11573 = CARTESIAN_POINT('',(38.85923952,8.488856187954,-76.));
#11574 = VECTOR('',#11575,1.);
#11575 = DIRECTION('',(0.,0.,-1.));
#11576 = PCURVE('',#8170,#11577);
#11577 = DEFINITIONAL_REPRESENTATION('',(#11578),#11582);
#11578 = LINE('',#11579,#11580);
#11579 = CARTESIAN_POINT('',(6.448872203289,0.));
#11580 = VECTOR('',#11581,1.);
#11581 = DIRECTION('',(0.,1.));
#11582 = ( GEOMETRIC_REPRESENTATION_CONTEXT(2) 
PARAMETRIC_REPRESENTATION_CONTEXT() REPRESENTATION_CONTEXT('2D SPACE',''
  ) );
#11583 = PCURVE('',#8196,#11584);
#11584 = DEFINITIONAL_REPRESENTATION('',(#11585),#11589);
#11585 = LINE('',#11586,#11587);
#11586 = CARTESIAN_POINT('',(-83.08673905,-7.011143812046));
#11587 = VECTOR('',#11588,1.);
#11588 = DIRECTION('',(-1.,0.));
#11589 = ( GEOMETRIC_REPRESENTATION_CONTEXT(2) 
PARAMETRIC_REPRESENTATION_CONTEXT() REPRESENTATION_CONTEXT('2D SPACE',''
  ) );
#11590 = ORIENTED_EDGE('',*,*,#8286,.T.);
#11591 = ORIENTED_EDGE('',*,*,#8600,.F.);
#11592 = ADVANCED_FACE('52@1_141_4',(#11593),#8196,.T.);
#11593 = FACE_BOUND('',#11594,.T.);
#11594 = EDGE_LOOP('52@',(#11595,#11596,#11597,#11598));
#11595 = ORIENTED_EDGE('',*,*,#11570,.T.);
#11596 = ORIENTED_EDGE('',*,*,#8263,.T.);
#11597 = ORIENTED_EDGE('',*,*,#8213,.T.);
#11598 = ORIENTED_EDGE('',*,*,#8182,.T.);
#11599 = ADVANCED_FACE('52@1_142_4',(#11600),#8383,.F.);
#11600 = FACE_BOUND('',#11601,.F.);
#11601 = EDGE_LOOP('52@',(#11602,#11603,#11604,#11605));
#11602 = ORIENTED_EDGE('',*,*,#8523,.T.);
#11603 = ORIENTED_EDGE('',*,*,#8573,.F.);
#11604 = ORIENTED_EDGE('',*,*,#8362,.T.);
#11605 = ORIENTED_EDGE('',*,*,#11606,.T.);
#11606 = EDGE_CURVE('52@1_445_6',#8363,#8524,#11607,.T.);
#11607 = SURFACE_CURVE('',#11608,(#11612,#11619),.PCURVE_S1.);
#11608 = LINE('',#11609,#11610);
#11609 = CARTESIAN_POINT('',(38.85923952,8.488856187954,-76.));
#11610 = VECTOR('',#11611,1.);
#11611 = DIRECTION('',(0.,0.,-1.));
#11612 = PCURVE('',#8383,#11613);
#11613 = DEFINITIONAL_REPRESENTATION('',(#11614),#11618);
#11614 = LINE('',#11615,#11616);
#11615 = CARTESIAN_POINT('',(6.448872203289,0.));
#11616 = VECTOR('',#11617,1.);
#11617 = DIRECTION('',(0.,1.));
#11618 = ( GEOMETRIC_REPRESENTATION_CONTEXT(2) 
PARAMETRIC_REPRESENTATION_CONTEXT() REPRESENTATION_CONTEXT('2D SPACE',''
  ) );
#11619 = PCURVE('',#8411,#11620);
#11620 = DEFINITIONAL_REPRESENTATION('',(#11621),#11625);
#11621 = LINE('',#11622,#11623);
#11622 = CARTESIAN_POINT('',(-59.29211819,-7.011143812046));
#11623 = VECTOR('',#11624,1.);
#11624 = DIRECTION('',(-1.,0.));
#11625 = ( GEOMETRIC_REPRESENTATION_CONTEXT(2) 
PARAMETRIC_REPRESENTATION_CONTEXT() REPRESENTATION_CONTEXT('2D SPACE',''
  ) );
#11626 = ADVANCED_FACE('52@1_143_4',(#11627),#8411,.T.);
#11627 = FACE_BOUND('',#11628,.T.);
#11628 = EDGE_LOOP('52@',(#11629,#11630,#11631,#11632));
#11629 = ORIENTED_EDGE('',*,*,#11606,.T.);
#11630 = ORIENTED_EDGE('',*,*,#8547,.F.);
#11631 = ORIENTED_EDGE('',*,*,#8450,.T.);
#11632 = ORIENTED_EDGE('',*,*,#8395,.F.);
#11633 = ADVANCED_FACE('52@1_144_4',(#11634),#8642,.F.);
#11634 = FACE_BOUND('',#11635,.F.);
#11635 = EDGE_LOOP('52@',(#11636,#11637,#11638,#11639,#11640,#11641));
#11636 = ORIENTED_EDGE('',*,*,#11443,.F.);
#11637 = ORIENTED_EDGE('',*,*,#11051,.T.);
#11638 = ORIENTED_EDGE('',*,*,#11470,.T.);
#11639 = ORIENTED_EDGE('',*,*,#8626,.F.);
#11640 = ORIENTED_EDGE('',*,*,#8679,.F.);
#11641 = ORIENTED_EDGE('',*,*,#11522,.F.);
#11642 = ADVANCED_FACE('52@1_145_4',(#11643),#8864,.T.);
#11643 = FACE_BOUND('',#11644,.T.);
#11644 = EDGE_LOOP('52@',(#11645,#11646,#11647,#11668,#11669));
#11645 = ORIENTED_EDGE('',*,*,#9177,.F.);
#11646 = ORIENTED_EDGE('',*,*,#9128,.F.);
#11647 = ORIENTED_EDGE('',*,*,#11648,.F.);
#11648 = EDGE_CURVE('52@1_446_6',#8904,#9106,#11649,.T.);
#11649 = SURFACE_CURVE('',#11650,(#11654,#11661),.PCURVE_S1.);
#11650 = LINE('',#11651,#11652);
#11651 = CARTESIAN_POINT('',(10.69762913,6.72016652,24.));
#11652 = VECTOR('',#11653,1.);
#11653 = DIRECTION('',(0.,0.,-1.));
#11654 = PCURVE('',#8864,#11655);
#11655 = DEFINITIONAL_REPRESENTATION('',(#11656),#11660);
#11656 = LINE('',#11657,#11658);
#11657 = CARTESIAN_POINT('',(-10.69762913,-24.));
#11658 = VECTOR('',#11659,1.);
#11659 = DIRECTION('',(0.,1.));
#11660 = ( GEOMETRIC_REPRESENTATION_CONTEXT(2) 
PARAMETRIC_REPRESENTATION_CONTEXT() REPRESENTATION_CONTEXT('2D SPACE',''
  ) );
#11661 = PCURVE('',#8991,#11662);
#11662 = DEFINITIONAL_REPRESENTATION('',(#11663),#11667);
#11663 = LINE('',#11664,#11665);
#11664 = CARTESIAN_POINT('',(16.91326095,-8.77983348));
#11665 = VECTOR('',#11666,1.);
#11666 = DIRECTION('',(-1.,0.));
#11667 = ( GEOMETRIC_REPRESENTATION_CONTEXT(2) 
PARAMETRIC_REPRESENTATION_CONTEXT() REPRESENTATION_CONTEXT('2D SPACE',''
  ) );
#11668 = ORIENTED_EDGE('',*,*,#8903,.F.);
#11669 = ORIENTED_EDGE('',*,*,#8848,.F.);
#11670 = ADVANCED_FACE('52@1_146_4',(#11671),#8791,.T.);
#11671 = FACE_BOUND('',#11672,.F.);
#11672 = EDGE_LOOP('52@',(#11673,#11674,#11675,#11696,#11697));
#11673 = ORIENTED_EDGE('',*,*,#9204,.T.);
#11674 = ORIENTED_EDGE('',*,*,#9253,.T.);
#11675 = ORIENTED_EDGE('',*,*,#11676,.T.);
#11676 = EDGE_CURVE('52@1_447_6',#9254,#9409,#11677,.T.);
#11677 = SURFACE_CURVE('',#11678,(#11682,#11689),.PCURVE_S1.);
#11678 = LINE('',#11679,#11680);
#11679 = CARTESIAN_POINT('',(-12.54312638,6.72016652,7.08673905));
#11680 = VECTOR('',#11681,1.);
#11681 = DIRECTION('',(-0.,0.,1.));
#11682 = PCURVE('',#8791,#11683);
#11683 = DEFINITIONAL_REPRESENTATION('',(#11684),#11688);
#11684 = LINE('',#11685,#11686);
#11685 = CARTESIAN_POINT('',(12.54312638,-7.08673905));
#11686 = VECTOR('',#11687,1.);
#11687 = DIRECTION('',(0.,-1.));
#11688 = ( GEOMETRIC_REPRESENTATION_CONTEXT(2) 
PARAMETRIC_REPRESENTATION_CONTEXT() REPRESENTATION_CONTEXT('2D SPACE',''
  ) );
#11689 = PCURVE('',#9292,#11690);
#11690 = DEFINITIONAL_REPRESENTATION('',(#11691),#11695);
#11691 = LINE('',#11692,#11693);
#11692 = CARTESIAN_POINT('',(9.45696634,-8.77983348));
#11693 = VECTOR('',#11694,1.);
#11694 = DIRECTION('',(-1.,0.));
#11695 = ( GEOMETRIC_REPRESENTATION_CONTEXT(2) 
PARAMETRIC_REPRESENTATION_CONTEXT() REPRESENTATION_CONTEXT('2D SPACE',''
  ) );
#11696 = ORIENTED_EDGE('',*,*,#9480,.F.);
#11697 = ORIENTED_EDGE('',*,*,#8775,.T.);
#11698 = ADVANCED_FACE('52@1_147_4',(#11699),#8739,.F.);
#11699 = FACE_BOUND('',#11700,.F.);
#11700 = EDGE_LOOP('52@',(#11701,#11702,#11703,#11704,#11725,#11726));
#11701 = ORIENTED_EDGE('',*,*,#11544,.F.);
#11702 = ORIENTED_EDGE('',*,*,#8725,.T.);
#11703 = ORIENTED_EDGE('',*,*,#9557,.T.);
#11704 = ORIENTED_EDGE('',*,*,#11705,.T.);
#11705 = EDGE_CURVE('52@1_448_6',#9530,#11332,#11706,.T.);
#11706 = SURFACE_CURVE('',#11707,(#11711,#11718),.PCURVE_S1.);
#11707 = LINE('',#11708,#11709);
#11708 = CARTESIAN_POINT('',(-16.02711577,16.,24.));
#11709 = VECTOR('',#11710,1.);
#11710 = DIRECTION('',(-0.,0.,1.));
#11711 = PCURVE('',#8739,#11712);
#11712 = DEFINITIONAL_REPRESENTATION('',(#11713),#11717);
#11713 = LINE('',#11714,#11715);
#11714 = CARTESIAN_POINT('',(0.,-16.));
#11715 = VECTOR('',#11716,1.);
#11716 = DIRECTION('',(1.,0.));
#11717 = ( GEOMETRIC_REPRESENTATION_CONTEXT(2) 
PARAMETRIC_REPRESENTATION_CONTEXT() REPRESENTATION_CONTEXT('2D SPACE',''
  ) );
#11718 = PCURVE('',#9545,#11719);
#11719 = DEFINITIONAL_REPRESENTATION('',(#11720),#11724);
#11720 = LINE('',#11721,#11722);
#11721 = CARTESIAN_POINT('',(16.02711577,-24.));
#11722 = VECTOR('',#11723,1.);
#11723 = DIRECTION('',(0.,-1.));
#11724 = ( GEOMETRIC_REPRESENTATION_CONTEXT(2) 
PARAMETRIC_REPRESENTATION_CONTEXT() REPRESENTATION_CONTEXT('2D SPACE',''
  ) );
#11725 = ORIENTED_EDGE('',*,*,#11331,.F.);
#11726 = ORIENTED_EDGE('',*,*,#11495,.F.);
#11727 = ADVANCED_FACE('52@1_148_4',(#11728),#8991,.T.);
#11728 = FACE_BOUND('',#11729,.T.);
#11729 = EDGE_LOOP('52@',(#11730,#11731,#11732,#11733));
#11730 = ORIENTED_EDGE('',*,*,#8975,.T.);
#11731 = ORIENTED_EDGE('',*,*,#11648,.T.);
#11732 = ORIENTED_EDGE('',*,*,#9105,.T.);
#11733 = ORIENTED_EDGE('',*,*,#11734,.T.);
#11734 = EDGE_CURVE('52@1_449_6',#9083,#8976,#11735,.T.);
#11735 = SURFACE_CURVE('',#11736,(#11740,#11747),.PCURVE_S1.);
#11736 = LINE('',#11737,#11738);
#11737 = CARTESIAN_POINT('',(10.69762913,6.5,7.08673905));
#11738 = VECTOR('',#11739,1.);
#11739 = DIRECTION('',(-0.,0.,1.));
#11740 = PCURVE('',#8991,#11741);
#11741 = DEFINITIONAL_REPRESENTATION('',(#11742),#11746);
#11742 = LINE('',#11743,#11744);
#11743 = CARTESIAN_POINT('',(0.,-9.));
#11744 = VECTOR('',#11745,1.);
#11745 = DIRECTION('',(1.,0.));
#11746 = ( GEOMETRIC_REPRESENTATION_CONTEXT(2) 
PARAMETRIC_REPRESENTATION_CONTEXT() REPRESENTATION_CONTEXT('2D SPACE',''
  ) );
#11747 = PCURVE('',#9017,#11748);
#11748 = DEFINITIONAL_REPRESENTATION('',(#11749),#11753);
#11749 = LINE('',#11750,#11751);
#11750 = CARTESIAN_POINT('',(-10.69762913,-7.08673905));
#11751 = VECTOR('',#11752,1.);
#11752 = DIRECTION('',(0.,-1.));
#11753 = ( GEOMETRIC_REPRESENTATION_CONTEXT(2) 
PARAMETRIC_REPRESENTATION_CONTEXT() REPRESENTATION_CONTEXT('2D SPACE',''
  ) );
#11754 = ADVANCED_FACE('52@1_149_4',(#11755),#9017,.T.);
#11755 = FACE_BOUND('',#11756,.T.);
#11756 = EDGE_LOOP('52@',(#11757,#11758,#11759,#11760));
#11757 = ORIENTED_EDGE('',*,*,#9034,.F.);
#11758 = ORIENTED_EDGE('',*,*,#9003,.T.);
#11759 = ORIENTED_EDGE('',*,*,#11734,.F.);
#11760 = ORIENTED_EDGE('',*,*,#9082,.F.);
#11761 = ADVANCED_FACE('52@1_150_4',(#11762),#9292,.T.);
#11762 = FACE_BOUND('',#11763,.T.);
#11763 = EDGE_LOOP('52@',(#11764,#11765,#11766,#11767));
#11764 = ORIENTED_EDGE('',*,*,#9276,.F.);
#11765 = ORIENTED_EDGE('',*,*,#11676,.T.);
#11766 = ORIENTED_EDGE('',*,*,#9406,.F.);
#11767 = ORIENTED_EDGE('',*,*,#11768,.T.);
#11768 = EDGE_CURVE('52@1_450_6',#9407,#9277,#11769,.T.);
#11769 = SURFACE_CURVE('',#11770,(#11774,#11781),.PCURVE_S1.);
#11770 = LINE('',#11771,#11772);
#11771 = CARTESIAN_POINT('',(-12.54312638,6.5,16.54370539));
#11772 = VECTOR('',#11773,1.);
#11773 = DIRECTION('',(0.,0.,-1.));
#11774 = PCURVE('',#9292,#11775);
#11775 = DEFINITIONAL_REPRESENTATION('',(#11776),#11780);
#11776 = LINE('',#11777,#11778);
#11777 = CARTESIAN_POINT('',(0.,-9.));
#11778 = VECTOR('',#11779,1.);
#11779 = DIRECTION('',(1.,0.));
#11780 = ( GEOMETRIC_REPRESENTATION_CONTEXT(2) 
PARAMETRIC_REPRESENTATION_CONTEXT() REPRESENTATION_CONTEXT('2D SPACE',''
  ) );
#11781 = PCURVE('',#9320,#11782);
#11782 = DEFINITIONAL_REPRESENTATION('',(#11783),#11787);
#11783 = LINE('',#11784,#11785);
#11784 = CARTESIAN_POINT('',(12.54312638,-16.54370539));
#11785 = VECTOR('',#11786,1.);
#11786 = DIRECTION('',(0.,1.));
#11787 = ( GEOMETRIC_REPRESENTATION_CONTEXT(2) 
PARAMETRIC_REPRESENTATION_CONTEXT() REPRESENTATION_CONTEXT('2D SPACE',''
  ) );
#11788 = ADVANCED_FACE('52@1_151_4',(#11789),#9320,.T.);
#11789 = FACE_BOUND('',#11790,.T.);
#11790 = EDGE_LOOP('52@',(#11791,#11792,#11793,#11794));
#11791 = ORIENTED_EDGE('',*,*,#11768,.F.);
#11792 = ORIENTED_EDGE('',*,*,#9454,.T.);
#11793 = ORIENTED_EDGE('',*,*,#9359,.F.);
#11794 = ORIENTED_EDGE('',*,*,#9304,.F.);
#11795 = ADVANCED_FACE('52@1_152_4',(#11796),#9545,.T.);
#11796 = FACE_BOUND('',#11797,.T.);
#11797 = EDGE_LOOP('52@',(#11798,#11799,#11800,#11801));
#11798 = ORIENTED_EDGE('',*,*,#11705,.T.);
#11799 = ORIENTED_EDGE('',*,*,#11354,.T.);
#11800 = ORIENTED_EDGE('',*,*,#10497,.T.);
#11801 = ORIENTED_EDGE('',*,*,#9529,.T.);
#11802 = ADVANCED_FACE('52@1_153_4',(#11803),#9621,.T.);
#11803 = FACE_BOUND('',#11804,.T.);
#11804 = EDGE_LOOP('52@',(#11805,#11806,#11807,#11808));
#11805 = ORIENTED_EDGE('',*,*,#10825,.F.);
#11806 = ORIENTED_EDGE('',*,*,#9605,.F.);
#11807 = ORIENTED_EDGE('',*,*,#10795,.F.);
#11808 = ORIENTED_EDGE('',*,*,#10876,.T.);
#11809 = ADVANCED_FACE('52@1_154_4',(#11810),#9722,.T.);
#11810 = FACE_BOUND('',#11811,.T.);
#11811 = EDGE_LOOP('52@',(#11812,#11813,#11814,#11835));
#11812 = ORIENTED_EDGE('',*,*,#11387,.F.);
#11813 = ORIENTED_EDGE('',*,*,#9861,.T.);
#11814 = ORIENTED_EDGE('',*,*,#11815,.T.);
#11815 = EDGE_CURVE('52@1_451_6',#9839,#9707,#11816,.T.);
#11816 = SURFACE_CURVE('',#11817,(#11821,#11828),.PCURVE_S1.);
#11817 = LINE('',#11818,#11819);
#11818 = CARTESIAN_POINT('',(-12.54312638,6.5,-7.00270659));
#11819 = VECTOR('',#11820,1.);
#11820 = DIRECTION('',(0.,0.,-1.));
#11821 = PCURVE('',#9722,#11822);
#11822 = DEFINITIONAL_REPRESENTATION('',(#11823),#11827);
#11823 = LINE('',#11824,#11825);
#11824 = CARTESIAN_POINT('',(0.,-9.));
#11825 = VECTOR('',#11826,1.);
#11826 = DIRECTION('',(1.,0.));
#11827 = ( GEOMETRIC_REPRESENTATION_CONTEXT(2) 
PARAMETRIC_REPRESENTATION_CONTEXT() REPRESENTATION_CONTEXT('2D SPACE',''
  ) );
#11828 = PCURVE('',#9773,#11829);
#11829 = DEFINITIONAL_REPRESENTATION('',(#11830),#11834);
#11830 = LINE('',#11831,#11832);
#11831 = CARTESIAN_POINT('',(12.54312638,7.00270659));
#11832 = VECTOR('',#11833,1.);
#11833 = DIRECTION('',(0.,1.));
#11834 = ( GEOMETRIC_REPRESENTATION_CONTEXT(2) 
PARAMETRIC_REPRESENTATION_CONTEXT() REPRESENTATION_CONTEXT('2D SPACE',''
  ) );
#11835 = ORIENTED_EDGE('',*,*,#9706,.T.);
#11836 = ADVANCED_FACE('52@1_155_4',(#11837),#9773,.T.);
#11837 = FACE_BOUND('',#11838,.T.);
#11838 = EDGE_LOOP('52@',(#11839,#11840,#11841,#11842));
#11839 = ORIENTED_EDGE('',*,*,#11815,.F.);
#11840 = ORIENTED_EDGE('',*,*,#9838,.F.);
#11841 = ORIENTED_EDGE('',*,*,#9790,.F.);
#11842 = ORIENTED_EDGE('',*,*,#9759,.F.);
#11843 = ADVANCED_FACE('52@1_156_4',(#11844),#10049,.T.);
#11844 = FACE_BOUND('',#11845,.T.);
#11845 = EDGE_LOOP('52@',(#11846,#11847,#11848,#11869));
#11846 = ORIENTED_EDGE('',*,*,#10115,.F.);
#11847 = ORIENTED_EDGE('',*,*,#10033,.F.);
#11848 = ORIENTED_EDGE('',*,*,#11849,.F.);
#11849 = EDGE_CURVE('52@1_452_6',#10188,#10034,#11850,.T.);
#11850 = SURFACE_CURVE('',#11851,(#11855,#11862),.PCURVE_S1.);
#11851 = LINE('',#11852,#11853);
#11852 = CARTESIAN_POINT('',(10.520095649813,6.5,-16.70788181));
#11853 = VECTOR('',#11854,1.);
#11854 = DIRECTION('',(1.925788633153E-11,-0.,1.));
#11855 = PCURVE('',#10049,#11856);
#11856 = DEFINITIONAL_REPRESENTATION('',(#11857),#11861);
#11857 = LINE('',#11858,#11859);
#11858 = CARTESIAN_POINT('',(-10.52009564981,16.70788181));
#11859 = VECTOR('',#11860,1.);
#11860 = DIRECTION('',(-1.925788633153E-11,-1.));
#11861 = ( GEOMETRIC_REPRESENTATION_CONTEXT(2) 
PARAMETRIC_REPRESENTATION_CONTEXT() REPRESENTATION_CONTEXT('2D SPACE',''
  ) );
#11862 = PCURVE('',#10077,#11863);
#11863 = DEFINITIONAL_REPRESENTATION('',(#11864),#11868);
#11864 = LINE('',#11865,#11866);
#11865 = CARTESIAN_POINT('',(0.,-9.));
#11866 = VECTOR('',#11867,1.);
#11867 = DIRECTION('',(1.,0.));
#11868 = ( GEOMETRIC_REPRESENTATION_CONTEXT(2) 
PARAMETRIC_REPRESENTATION_CONTEXT() REPRESENTATION_CONTEXT('2D SPACE',''
  ) );
#11869 = ORIENTED_EDGE('',*,*,#10210,.F.);
#11870 = ADVANCED_FACE('52@1_157_4',(#11871),#10077,.T.);
#11871 = FACE_BOUND('',#11872,.T.);
#11872 = EDGE_LOOP('52@',(#11873,#11874,#11875,#11876));
#11873 = ORIENTED_EDGE('',*,*,#11414,.F.);
#11874 = ORIENTED_EDGE('',*,*,#10187,.F.);
#11875 = ORIENTED_EDGE('',*,*,#11849,.T.);
#11876 = ORIENTED_EDGE('',*,*,#10061,.F.);
#11877 = ADVANCED_FACE('52@1_158_4',(#11878),#4946,.F.);
#11878 = FACE_BOUND('',#11879,.F.);
#11879 = EDGE_LOOP('52@',(#11880,#11903,#11904,#11905));
#11880 = ORIENTED_EDGE('',*,*,#11881,.T.);
#11881 = EDGE_CURVE('52@1_453_6',#11882,#4931,#11884,.T.);
#11882 = VERTEX_POINT('52@1_291_7',#11883);
#11883 = CARTESIAN_POINT('',(-41.46754467,6.5,-10.67584271));
#11884 = SURFACE_CURVE('',#11885,(#11889,#11896),.PCURVE_S1.);
#11885 = LINE('',#11886,#11887);
#11886 = CARTESIAN_POINT('',(-41.46754467,6.5,-10.67584271));
#11887 = VECTOR('',#11888,1.);
#11888 = DIRECTION('',(0.,1.,0.));
#11889 = PCURVE('',#4946,#11890);
#11890 = DEFINITIONAL_REPRESENTATION('',(#11891),#11895);
#11891 = LINE('',#11892,#11893);
#11892 = CARTESIAN_POINT('',(0.,0.));
#11893 = VECTOR('',#11894,1.);
#11894 = DIRECTION('',(0.,-1.));
#11895 = ( GEOMETRIC_REPRESENTATION_CONTEXT(2) 
PARAMETRIC_REPRESENTATION_CONTEXT() REPRESENTATION_CONTEXT('2D SPACE',''
  ) );
#11896 = PCURVE('',#4974,#11897);
#11897 = DEFINITIONAL_REPRESENTATION('',(#11898),#11902);
#11898 = LINE('',#11899,#11900);
#11899 = CARTESIAN_POINT('',(6.0320391,-9.));
#11900 = VECTOR('',#11901,1.);
#11901 = DIRECTION('',(0.,1.));
#11902 = ( GEOMETRIC_REPRESENTATION_CONTEXT(2) 
PARAMETRIC_REPRESENTATION_CONTEXT() REPRESENTATION_CONTEXT('2D SPACE',''
  ) );
#11903 = ORIENTED_EDGE('',*,*,#4930,.T.);
#11904 = ORIENTED_EDGE('',*,*,#10594,.F.);
#11905 = ORIENTED_EDGE('',*,*,#11906,.F.);
#11906 = EDGE_CURVE('52@1_454_6',#11882,#10595,#11907,.T.);
#11907 = SURFACE_CURVE('',#11908,(#11912,#11919),.PCURVE_S1.);
#11908 = LINE('',#11909,#11910);
#11909 = CARTESIAN_POINT('',(-41.46754467,6.5,-10.67584271));
#11910 = VECTOR('',#11911,1.);
#11911 = DIRECTION('',(-1.,0.,0.));
#11912 = PCURVE('',#4946,#11913);
#11913 = DEFINITIONAL_REPRESENTATION('',(#11914),#11918);
#11914 = LINE('',#11915,#11916);
#11915 = CARTESIAN_POINT('',(0.,0.));
#11916 = VECTOR('',#11917,1.);
#11917 = DIRECTION('',(1.,0.));
#11918 = ( GEOMETRIC_REPRESENTATION_CONTEXT(2) 
PARAMETRIC_REPRESENTATION_CONTEXT() REPRESENTATION_CONTEXT('2D SPACE',''
  ) );
#11919 = PCURVE('',#10633,#11920);
#11920 = DEFINITIONAL_REPRESENTATION('',(#11921),#11925);
#11921 = LINE('',#11922,#11923);
#11922 = CARTESIAN_POINT('',(41.46754467,10.67584271));
#11923 = VECTOR('',#11924,1.);
#11924 = DIRECTION('',(1.,0.));
#11925 = ( GEOMETRIC_REPRESENTATION_CONTEXT(2) 
PARAMETRIC_REPRESENTATION_CONTEXT() REPRESENTATION_CONTEXT('2D SPACE',''
  ) );
#11926 = ADVANCED_FACE('52@1_159_4',(#11927),#10633,.T.);
#11927 = FACE_BOUND('',#11928,.T.);
#11928 = EDGE_LOOP('52@',(#11929,#11930,#11953,#11974));
#11929 = ORIENTED_EDGE('',*,*,#11906,.F.);
#11930 = ORIENTED_EDGE('',*,*,#11931,.T.);
#11931 = EDGE_CURVE('52@1_456_6',#11882,#11932,#11934,.T.);
#11932 = VERTEX_POINT('52@1_292_7',#11933);
#11933 = CARTESIAN_POINT('',(-41.46754467,6.5,-7.21419589));
#11934 = SURFACE_CURVE('',#11935,(#11939,#11946),.PCURVE_S1.);
#11935 = LINE('',#11936,#11937);
#11936 = CARTESIAN_POINT('',(-41.46754467,6.5,-16.70788181));
#11937 = VECTOR('',#11938,1.);
#11938 = DIRECTION('',(-0.,0.,1.));
#11939 = PCURVE('',#10633,#11940);
#11940 = DEFINITIONAL_REPRESENTATION('',(#11941),#11945);
#11941 = LINE('',#11942,#11943);
#11942 = CARTESIAN_POINT('',(41.46754467,16.70788181));
#11943 = VECTOR('',#11944,1.);
#11944 = DIRECTION('',(0.,-1.));
#11945 = ( GEOMETRIC_REPRESENTATION_CONTEXT(2) 
PARAMETRIC_REPRESENTATION_CONTEXT() REPRESENTATION_CONTEXT('2D SPACE',''
  ) );
#11946 = PCURVE('',#4974,#11947);
#11947 = DEFINITIONAL_REPRESENTATION('',(#11948),#11952);
#11948 = LINE('',#11949,#11950);
#11949 = CARTESIAN_POINT('',(0.,-9.));
#11950 = VECTOR('',#11951,1.);
#11951 = DIRECTION('',(1.,0.));
#11952 = ( GEOMETRIC_REPRESENTATION_CONTEXT(2) 
PARAMETRIC_REPRESENTATION_CONTEXT() REPRESENTATION_CONTEXT('2D SPACE',''
  ) );
#11953 = ORIENTED_EDGE('',*,*,#11954,.T.);
#11954 = EDGE_CURVE('52@1_455_6',#11932,#10618,#11955,.T.);
#11955 = SURFACE_CURVE('',#11956,(#11960,#11967),.PCURVE_S1.);
#11956 = LINE('',#11957,#11958);
#11957 = CARTESIAN_POINT('',(-41.46754467,6.5,-7.21419589));
#11958 = VECTOR('',#11959,1.);
#11959 = DIRECTION('',(-1.,0.,0.));
#11960 = PCURVE('',#10633,#11961);
#11961 = DEFINITIONAL_REPRESENTATION('',(#11962),#11966);
#11962 = LINE('',#11963,#11964);
#11963 = CARTESIAN_POINT('',(41.46754467,7.21419589));
#11964 = VECTOR('',#11965,1.);
#11965 = DIRECTION('',(1.,0.));
#11966 = ( GEOMETRIC_REPRESENTATION_CONTEXT(2) 
PARAMETRIC_REPRESENTATION_CONTEXT() REPRESENTATION_CONTEXT('2D SPACE',''
  ) );
#11967 = PCURVE('',#5002,#11968);
#11968 = DEFINITIONAL_REPRESENTATION('',(#11969),#11973);
#11969 = LINE('',#11970,#11971);
#11970 = CARTESIAN_POINT('',(0.,-9.));
#11971 = VECTOR('',#11972,1.);
#11972 = DIRECTION('',(1.,0.));
#11973 = ( GEOMETRIC_REPRESENTATION_CONTEXT(2) 
PARAMETRIC_REPRESENTATION_CONTEXT() REPRESENTATION_CONTEXT('2D SPACE',''
  ) );
#11974 = ORIENTED_EDGE('',*,*,#10617,.T.);
#11975 = ADVANCED_FACE('52@1_160_4',(#11976),#5002,.F.);
#11976 = FACE_BOUND('',#11977,.F.);
#11977 = EDGE_LOOP('52@',(#11978,#11999,#12000,#12001));
#11978 = ORIENTED_EDGE('',*,*,#11979,.T.);
#11979 = EDGE_CURVE('52@1_457_6',#4959,#11932,#11980,.T.);
#11980 = SURFACE_CURVE('',#11981,(#11985,#11992),.PCURVE_S1.);
#11981 = LINE('',#11982,#11983);
#11982 = CARTESIAN_POINT('',(-41.46754467,15.5,-7.21419589));
#11983 = VECTOR('',#11984,1.);
#11984 = DIRECTION('',(-0.,-1.,-0.));
#11985 = PCURVE('',#5002,#11986);
#11986 = DEFINITIONAL_REPRESENTATION('',(#11987),#11991);
#11987 = LINE('',#11988,#11989);
#11988 = CARTESIAN_POINT('',(0.,0.));
#11989 = VECTOR('',#11990,1.);
#11990 = DIRECTION('',(0.,-1.));
#11991 = ( GEOMETRIC_REPRESENTATION_CONTEXT(2) 
PARAMETRIC_REPRESENTATION_CONTEXT() REPRESENTATION_CONTEXT('2D SPACE',''
  ) );
#11992 = PCURVE('',#4974,#11993);
#11993 = DEFINITIONAL_REPRESENTATION('',(#11994),#11998);
#11994 = LINE('',#11995,#11996);
#11995 = CARTESIAN_POINT('',(9.49368592,0.));
#11996 = VECTOR('',#11997,1.);
#11997 = DIRECTION('',(0.,-1.));
#11998 = ( GEOMETRIC_REPRESENTATION_CONTEXT(2) 
PARAMETRIC_REPRESENTATION_CONTEXT() REPRESENTATION_CONTEXT('2D SPACE',''
  ) );
#11999 = ORIENTED_EDGE('',*,*,#11954,.T.);
#12000 = ORIENTED_EDGE('',*,*,#10645,.F.);
#12001 = ORIENTED_EDGE('',*,*,#4986,.F.);
#12002 = ADVANCED_FACE('52@1_161_4',(#12003),#5053,.F.);
#12003 = FACE_BOUND('',#12004,.F.);
#12004 = EDGE_LOOP('52@',(#12005,#12006,#12029,#12050));
#12005 = ORIENTED_EDGE('',*,*,#10667,.T.);
#12006 = ORIENTED_EDGE('',*,*,#12007,.T.);
#12007 = EDGE_CURVE('52@1_459_6',#10668,#12008,#12010,.T.);
#12008 = VERTEX_POINT('52@1_293_7',#12009);
#12009 = CARTESIAN_POINT('',(-41.46754467,6.5,7.08673905));
#12010 = SURFACE_CURVE('',#12011,(#12015,#12022),.PCURVE_S1.);
#12011 = LINE('',#12012,#12013);
#12012 = CARTESIAN_POINT('',(-45.5,6.5,7.08673905));
#12013 = VECTOR('',#12014,1.);
#12014 = DIRECTION('',(1.,0.,-0.));
#12015 = PCURVE('',#5053,#12016);
#12016 = DEFINITIONAL_REPRESENTATION('',(#12017),#12021);
#12017 = LINE('',#12018,#12019);
#12018 = CARTESIAN_POINT('',(0.,-9.));
#12019 = VECTOR('',#12020,1.);
#12020 = DIRECTION('',(1.,0.));
#12021 = ( GEOMETRIC_REPRESENTATION_CONTEXT(2) 
PARAMETRIC_REPRESENTATION_CONTEXT() REPRESENTATION_CONTEXT('2D SPACE',''
  ) );
#12022 = PCURVE('',#10706,#12023);
#12023 = DEFINITIONAL_REPRESENTATION('',(#12024),#12028);
#12024 = LINE('',#12025,#12026);
#12025 = CARTESIAN_POINT('',(45.5,-7.08673905));
#12026 = VECTOR('',#12027,1.);
#12027 = DIRECTION('',(-1.,0.));
#12028 = ( GEOMETRIC_REPRESENTATION_CONTEXT(2) 
PARAMETRIC_REPRESENTATION_CONTEXT() REPRESENTATION_CONTEXT('2D SPACE',''
  ) );
#12029 = ORIENTED_EDGE('',*,*,#12030,.F.);
#12030 = EDGE_CURVE('52@1_458_6',#5038,#12008,#12031,.T.);
#12031 = SURFACE_CURVE('',#12032,(#12036,#12043),.PCURVE_S1.);
#12032 = LINE('',#12033,#12034);
#12033 = CARTESIAN_POINT('',(-41.46754467,15.5,7.08673905));
#12034 = VECTOR('',#12035,1.);
#12035 = DIRECTION('',(-0.,-1.,-0.));
#12036 = PCURVE('',#5053,#12037);
#12037 = DEFINITIONAL_REPRESENTATION('',(#12038),#12042);
#12038 = LINE('',#12039,#12040);
#12039 = CARTESIAN_POINT('',(4.03245533,0.));
#12040 = VECTOR('',#12041,1.);
#12041 = DIRECTION('',(-0.,-1.));
#12042 = ( GEOMETRIC_REPRESENTATION_CONTEXT(2) 
PARAMETRIC_REPRESENTATION_CONTEXT() REPRESENTATION_CONTEXT('2D SPACE',''
  ) );
#12043 = PCURVE('',#5081,#12044);
#12044 = DEFINITIONAL_REPRESENTATION('',(#12045),#12049);
#12045 = LINE('',#12046,#12047);
#12046 = CARTESIAN_POINT('',(0.,0.));
#12047 = VECTOR('',#12048,1.);
#12048 = DIRECTION('',(0.,-1.));
#12049 = ( GEOMETRIC_REPRESENTATION_CONTEXT(2) 
PARAMETRIC_REPRESENTATION_CONTEXT() REPRESENTATION_CONTEXT('2D SPACE',''
  ) );
#12050 = ORIENTED_EDGE('',*,*,#5037,.F.);
#12051 = ADVANCED_FACE('52@1_162_4',(#12052),#10706,.T.);
#12052 = FACE_BOUND('',#12053,.T.);
#12053 = EDGE_LOOP('52@',(#12054,#12055,#12078,#12099));
#12054 = ORIENTED_EDGE('',*,*,#12007,.T.);
#12055 = ORIENTED_EDGE('',*,*,#12056,.T.);
#12056 = EDGE_CURVE('52@1_461_6',#12008,#12057,#12059,.T.);
#12057 = VERTEX_POINT('52@1_294_7',#12058);
#12058 = CARTESIAN_POINT('',(-41.46754467,6.5,9.93007745));
#12059 = SURFACE_CURVE('',#12060,(#12064,#12071),.PCURVE_S1.);
#12060 = LINE('',#12061,#12062);
#12061 = CARTESIAN_POINT('',(-41.46754467,6.5,7.08673905));
#12062 = VECTOR('',#12063,1.);
#12063 = DIRECTION('',(-0.,0.,1.));
#12064 = PCURVE('',#10706,#12065);
#12065 = DEFINITIONAL_REPRESENTATION('',(#12066),#12070);
#12066 = LINE('',#12067,#12068);
#12067 = CARTESIAN_POINT('',(41.46754467,-7.08673905));
#12068 = VECTOR('',#12069,1.);
#12069 = DIRECTION('',(0.,-1.));
#12070 = ( GEOMETRIC_REPRESENTATION_CONTEXT(2) 
PARAMETRIC_REPRESENTATION_CONTEXT() REPRESENTATION_CONTEXT('2D SPACE',''
  ) );
#12071 = PCURVE('',#5081,#12072);
#12072 = DEFINITIONAL_REPRESENTATION('',(#12073),#12077);
#12073 = LINE('',#12074,#12075);
#12074 = CARTESIAN_POINT('',(0.,-9.));
#12075 = VECTOR('',#12076,1.);
#12076 = DIRECTION('',(1.,0.));
#12077 = ( GEOMETRIC_REPRESENTATION_CONTEXT(2) 
PARAMETRIC_REPRESENTATION_CONTEXT() REPRESENTATION_CONTEXT('2D SPACE',''
  ) );
#12078 = ORIENTED_EDGE('',*,*,#12079,.T.);
#12079 = EDGE_CURVE('52@1_460_6',#12057,#10691,#12080,.T.);
#12080 = SURFACE_CURVE('',#12081,(#12085,#12092),.PCURVE_S1.);
#12081 = LINE('',#12082,#12083);
#12082 = CARTESIAN_POINT('',(-41.46754467,6.5,9.93007745));
#12083 = VECTOR('',#12084,1.);
#12084 = DIRECTION('',(-1.,0.,0.));
#12085 = PCURVE('',#10706,#12086);
#12086 = DEFINITIONAL_REPRESENTATION('',(#12087),#12091);
#12087 = LINE('',#12088,#12089);
#12088 = CARTESIAN_POINT('',(41.46754467,-9.93007745));
#12089 = VECTOR('',#12090,1.);
#12090 = DIRECTION('',(1.,0.));
#12091 = ( GEOMETRIC_REPRESENTATION_CONTEXT(2) 
PARAMETRIC_REPRESENTATION_CONTEXT() REPRESENTATION_CONTEXT('2D SPACE',''
  ) );
#12092 = PCURVE('',#5109,#12093);
#12093 = DEFINITIONAL_REPRESENTATION('',(#12094),#12098);
#12094 = LINE('',#12095,#12096);
#12095 = CARTESIAN_POINT('',(0.,0.));
#12096 = VECTOR('',#12097,1.);
#12097 = DIRECTION('',(1.,0.));
#12098 = ( GEOMETRIC_REPRESENTATION_CONTEXT(2) 
PARAMETRIC_REPRESENTATION_CONTEXT() REPRESENTATION_CONTEXT('2D SPACE',''
  ) );
#12099 = ORIENTED_EDGE('',*,*,#10690,.T.);
#12100 = ADVANCED_FACE('52@1_163_4',(#12101),#5109,.T.);
#12101 = FACE_BOUND('',#12102,.T.);
#12102 = EDGE_LOOP('52@',(#12103,#12124,#12125,#12126));
#12103 = ORIENTED_EDGE('',*,*,#12104,.T.);
#12104 = EDGE_CURVE('52@1_462_6',#12057,#5066,#12105,.T.);
#12105 = SURFACE_CURVE('',#12106,(#12110,#12117),.PCURVE_S1.);
#12106 = LINE('',#12107,#12108);
#12107 = CARTESIAN_POINT('',(-41.46754467,6.5,9.93007745));
#12108 = VECTOR('',#12109,1.);
#12109 = DIRECTION('',(0.,1.,0.));
#12110 = PCURVE('',#5109,#12111);
#12111 = DEFINITIONAL_REPRESENTATION('',(#12112),#12116);
#12112 = LINE('',#12113,#12114);
#12113 = CARTESIAN_POINT('',(0.,0.));
#12114 = VECTOR('',#12115,1.);
#12115 = DIRECTION('',(0.,-1.));
#12116 = ( GEOMETRIC_REPRESENTATION_CONTEXT(2) 
PARAMETRIC_REPRESENTATION_CONTEXT() REPRESENTATION_CONTEXT('2D SPACE',''
  ) );
#12117 = PCURVE('',#5081,#12118);
#12118 = DEFINITIONAL_REPRESENTATION('',(#12119),#12123);
#12119 = LINE('',#12120,#12121);
#12120 = CARTESIAN_POINT('',(2.8433384,-9.));
#12121 = VECTOR('',#12122,1.);
#12122 = DIRECTION('',(0.,1.));
#12123 = ( GEOMETRIC_REPRESENTATION_CONTEXT(2) 
PARAMETRIC_REPRESENTATION_CONTEXT() REPRESENTATION_CONTEXT('2D SPACE',''
  ) );
#12124 = ORIENTED_EDGE('',*,*,#5093,.T.);
#12125 = ORIENTED_EDGE('',*,*,#10718,.F.);
#12126 = ORIENTED_EDGE('',*,*,#12079,.F.);
#12127 = ADVANCED_FACE('52@1_164_4',(#12128),#5081,.F.);
#12128 = FACE_BOUND('',#12129,.F.);
#12129 = EDGE_LOOP('52@',(#12130,#12131,#12132,#12133));
#12130 = ORIENTED_EDGE('',*,*,#5065,.F.);
#12131 = ORIENTED_EDGE('',*,*,#12030,.T.);
#12132 = ORIENTED_EDGE('',*,*,#12056,.T.);
#12133 = ORIENTED_EDGE('',*,*,#12104,.T.);
#12134 = ADVANCED_FACE('52@1_165_4',(#12135),#4974,.F.);
#12135 = FACE_BOUND('',#12136,.F.);
#12136 = EDGE_LOOP('52@',(#12137,#12138,#12139,#12140));
#12137 = ORIENTED_EDGE('',*,*,#4958,.F.);
#12138 = ORIENTED_EDGE('',*,*,#11881,.F.);
#12139 = ORIENTED_EDGE('',*,*,#11931,.T.);
#12140 = ORIENTED_EDGE('',*,*,#11979,.F.);
#12141 = ( GEOMETRIC_REPRESENTATION_CONTEXT(3) 
GLOBAL_UNCERTAINTY_ASSIGNED_CONTEXT((#12145)) 
GLOBAL_UNIT_ASSIGNED_CONTEXT((#12142,#12143,#12144)) 
REPRESENTATION_CONTEXT('Context #1',
  '3D Context with UNIT and UNCERTAINTY') );
#12142 = ( LENGTH_UNIT() NAMED_UNIT(*) SI_UNIT(.MILLI.,.METRE.) );
#12143 = ( NAMED_UNIT(*) PLANE_ANGLE_UNIT() SI_UNIT($,.RADIAN.) );
#12144 = ( NAMED_UNIT(*) SI_UNIT($,.STERADIAN.) SOLID_ANGLE_UNIT() );
#12145 = UNCERTAINTY_MEASURE_WITH_UNIT(LENGTH_MEASURE(2.E-05),#12142,
  'distance_accuracy_value','confusion accuracy');
#12146 = PRODUCT_RELATED_PRODUCT_CATEGORY('part',$,(#7));
ENDSEC;
END-ISO-10303-21;
