ISO-10303-21;
HEADER;
/* Generated by software containing ST-Developer
 * from STEP Tools, Inc. (www.steptools.com) 
 */

FILE_DESCRIPTION(
/* description */ (''),
/* implementation_level */ '2;1');

FILE_NAME(
/* name */ '',
/* time_stamp */ '2025-12-12T12:02:46+08:00',
/* author */ (''),
/* organization */ (''),
/* preprocessor_version */ 'ST-DEVELOPER v20.1',
/* originating_system */ 'Autodesk Translation Framework v14.21.0.0',
/* authorisation */ '');

FILE_SCHEMA (('AUTOMOTIVE_DESIGN { 1 0 10303 214 3 1 1 }'));
ENDSEC;

DATA;
#10=MECHANICAL_DESIGN_GEOMETRIC_PRESENTATION_REPRESENTATION('',(#15,#16,
#17,#18),#7083);
#11=SHAPE_REPRESENTATION_RELATIONSHIP('SRR','None',#7089,#12);
#12=ADVANCED_BREP_SHAPE_REPRESENTATION('',(#19,#20,#21),#7082);
#13=CONICAL_SURFACE('',#4310,1.425,0.785398163397448);
#14=CONICAL_SURFACE('',#4315,1.425,0.785398163397448);
#15=STYLED_ITEM('',(#7099),#19);
#16=STYLED_ITEM('',(#7099),#20);
#17=STYLED_ITEM('',(#7101),#4011);
#18=STYLED_ITEM('',(#7098),#21);
#19=MANIFOLD_SOLID_BREP('\X2\4E0B58F3\X0\',#4013);
#20=MANIFOLD_SOLID_BREP('\X2\4E0A76D6\X0\',#4014);
#21=MANIFOLD_SOLID_BREP('\X2\4E9A514B529B5F007A97\X0\',#4015);
#22=FACE_BOUND('',#1232,.T.);
#23=FACE_BOUND('',#1234,.T.);
#24=FACE_BOUND('',#1236,.T.);
#25=FACE_BOUND('',#1253,.T.);
#26=FACE_BOUND('',#1254,.T.);
#27=FACE_BOUND('',#1268,.T.);
#28=FACE_BOUND('',#1269,.T.);
#29=FACE_BOUND('',#1277,.T.);
#30=FACE_BOUND('',#1331,.T.);
#31=FACE_BOUND('',#1334,.T.);
#32=FACE_BOUND('',#1347,.T.);
#33=FACE_BOUND('',#1348,.T.);
#34=FACE_BOUND('',#1349,.T.);
#35=FACE_BOUND('',#1350,.T.);
#36=FACE_BOUND('',#1365,.T.);
#37=FACE_BOUND('',#1390,.T.);
#38=FACE_BOUND('',#1391,.T.);
#39=FACE_BOUND('',#1392,.T.);
#40=FACE_BOUND('',#1393,.T.);
#41=SPHERICAL_SURFACE('',#4099,1.);
#42=SPHERICAL_SURFACE('',#4101,1.);
#43=ELLIPSE('',#4080,1.41421356237309,1.);
#44=ELLIPSE('',#4081,1.41421356236243,1.);
#45=ELLIPSE('',#4361,0.707106781186549,0.5);
#46=ELLIPSE('',#4362,0.707106781186549,0.5);
#47=ELLIPSE('',#4364,0.707106781186549,0.5);
#48=ELLIPSE('',#4365,0.707106781186549,0.5);
#49=B_SPLINE_SURFACE_WITH_KNOTS('',3,3,((#5903,#5904,#5905,#5906,#5907),
(#5908,#5909,#5910,#5911,#5912),(#5913,#5914,#5915,#5916,#5917),(#5918,
#5919,#5920,#5921,#5922),(#5923,#5924,#5925,#5926,#5927)),.UNSPECIFIED.,
 .F.,.F.,.F.,(4,1,4),(4,1,4),(0.,0.571428571428571,1.),(0.,0.18279769851449,
0.426527963200478),.UNSPECIFIED.);
#50=B_SPLINE_SURFACE_WITH_KNOTS('',3,3,((#5944,#5945,#5946,#5947,#5948),
(#5949,#5950,#5951,#5952,#5953),(#5954,#5955,#5956,#5957,#5958),(#5959,
#5960,#5961,#5962,#5963),(#5964,#5965,#5966,#5967,#5968)),.UNSPECIFIED.,
 .F.,.F.,.F.,(4,1,4),(4,1,4),(0.,0.571428571428571,1.),(0.,0.188392284717722,
0.439581997674684),.UNSPECIFIED.);
#51=B_SPLINE_SURFACE_WITH_KNOTS('',3,3,((#6012,#6013,#6014,#6015,#6016),
(#6017,#6018,#6019,#6020,#6021),(#6022,#6023,#6024,#6025,#6026),(#6027,
#6028,#6029,#6030,#6031),(#6032,#6033,#6034,#6035,#6036),(#6037,#6038,#6039,
#6040,#6041)),.UNSPECIFIED.,.F.,.F.,.F.,(4,1,1,4),(4,1,4),(0.,0.285714285714286,
0.571428571428571,1.),(0.,0.243730264557674,0.426527962975929),
 .UNSPECIFIED.);
#52=B_SPLINE_SURFACE_WITH_KNOTS('',3,3,((#6066,#6067,#6068,#6069,#6070),
(#6071,#6072,#6073,#6074,#6075),(#6076,#6077,#6078,#6079,#6080),(#6081,
#6082,#6083,#6084,#6085),(#6086,#6087,#6088,#6089,#6090),(#6091,#6092,#6093,
#6094,#6095)),.UNSPECIFIED.,.F.,.F.,.F.,(4,1,1,4),(4,1,4),(0.,0.285714285714286,
0.571428571428571,1.),(9.43222207584077E-17,0.251194608787288,0.439590565377754),
 .UNSPECIFIED.);
#53=PLANE('',#4026);
#54=PLANE('',#4029);
#55=PLANE('',#4037);
#56=PLANE('',#4042);
#57=PLANE('',#4047);
#58=PLANE('',#4050);
#59=PLANE('',#4053);
#60=PLANE('',#4062);
#61=PLANE('',#4063);
#62=PLANE('',#4064);
#63=PLANE('',#4065);
#64=PLANE('',#4066);
#65=PLANE('',#4067);
#66=PLANE('',#4068);
#67=PLANE('',#4069);
#68=PLANE('',#4070);
#69=PLANE('',#4071);
#70=PLANE('',#4076);
#71=PLANE('',#4109);
#72=PLANE('',#4126);
#73=PLANE('',#4129);
#74=PLANE('',#4132);
#75=PLANE('',#4135);
#76=PLANE('',#4136);
#77=PLANE('',#4139);
#78=PLANE('',#4140);
#79=PLANE('',#4147);
#80=PLANE('',#4154);
#81=PLANE('',#4156);
#82=PLANE('',#4158);
#83=PLANE('',#4160);
#84=PLANE('',#4162);
#85=PLANE('',#4163);
#86=PLANE('',#4169);
#87=PLANE('',#4170);
#88=PLANE('',#4171);
#89=PLANE('',#4178);
#90=PLANE('',#4179);
#91=PLANE('',#4182);
#92=PLANE('',#4187);
#93=PLANE('',#4188);
#94=PLANE('',#4191);
#95=PLANE('',#4192);
#96=PLANE('',#4195);
#97=PLANE('',#4196);
#98=PLANE('',#4198);
#99=PLANE('',#4203);
#100=PLANE('',#4227);
#101=PLANE('',#4230);
#102=PLANE('',#4233);
#103=PLANE('',#4236);
#104=PLANE('',#4258);
#105=PLANE('',#4261);
#106=PLANE('',#4264);
#107=PLANE('',#4267);
#108=PLANE('',#4273);
#109=PLANE('',#4280);
#110=PLANE('',#4287);
#111=PLANE('',#4288);
#112=PLANE('',#4289);
#113=PLANE('',#4299);
#114=PLANE('',#4302);
#115=PLANE('',#4308);
#116=PLANE('',#4309);
#117=PLANE('',#4323);
#118=PLANE('',#4327);
#119=PLANE('',#4354);
#120=PLANE('',#4355);
#121=PLANE('',#4368);
#122=PLANE('',#4369);
#123=PLANE('',#4372);
#124=PLANE('',#4375);
#125=PLANE('',#4378);
#126=PLANE('',#4381);
#127=PLANE('',#4386);
#128=PLANE('',#4389);
#129=PLANE('',#4392);
#130=PLANE('',#4393);
#131=PLANE('',#4394);
#132=PLANE('',#4395);
#133=PLANE('',#4398);
#134=PLANE('',#4401);
#135=PLANE('',#4408);
#136=PLANE('',#4411);
#137=PLANE('',#4414);
#138=PLANE('',#4419);
#139=PLANE('',#4421);
#140=PLANE('',#4426);
#141=PLANE('',#4428);
#142=PLANE('',#4430);
#143=PLANE('',#4432);
#144=PLANE('',#4436);
#145=PLANE('',#4440);
#146=PLANE('',#4444);
#147=PLANE('',#4448);
#148=PLANE('',#4449);
#149=PLANE('',#4450);
#150=LINE('',#5697,#503);
#151=LINE('',#5698,#504);
#152=LINE('',#5716,#505);
#153=LINE('',#5720,#506);
#154=LINE('',#5724,#507);
#155=LINE('',#5726,#508);
#156=LINE('',#5728,#509);
#157=LINE('',#5730,#510);
#158=LINE('',#5731,#511);
#159=LINE('',#5734,#512);
#160=LINE('',#5736,#513);
#161=LINE('',#5738,#514);
#162=LINE('',#5740,#515);
#163=LINE('',#5742,#516);
#164=LINE('',#5744,#517);
#165=LINE('',#5746,#518);
#166=LINE('',#5764,#519);
#167=LINE('',#5780,#520);
#168=LINE('',#5782,#521);
#169=LINE('',#5783,#522);
#170=LINE('',#5789,#523);
#171=LINE('',#5794,#524);
#172=LINE('',#5797,#525);
#173=LINE('',#5800,#526);
#174=LINE('',#5804,#527);
#175=LINE('',#5805,#528);
#176=LINE('',#5808,#529);
#177=LINE('',#5812,#530);
#178=LINE('',#5816,#531);
#179=LINE('',#5822,#532);
#180=LINE('',#5826,#533);
#181=LINE('',#5830,#534);
#182=LINE('',#5833,#535);
#183=LINE('',#5835,#536);
#184=LINE('',#5839,#537);
#185=LINE('',#5843,#538);
#186=LINE('',#5847,#539);
#187=LINE('',#5851,#540);
#188=LINE('',#5852,#541);
#189=LINE('',#5856,#542);
#190=LINE('',#5858,#543);
#191=LINE('',#5860,#544);
#192=LINE('',#5861,#545);
#193=LINE('',#5864,#546);
#194=LINE('',#5866,#547);
#195=LINE('',#5867,#548);
#196=LINE('',#5870,#549);
#197=LINE('',#5872,#550);
#198=LINE('',#5873,#551);
#199=LINE('',#5875,#552);
#200=LINE('',#5877,#553);
#201=LINE('',#5881,#554);
#202=LINE('',#5883,#555);
#203=LINE('',#5885,#556);
#204=LINE('',#5886,#557);
#205=LINE('',#5890,#558);
#206=LINE('',#5892,#559);
#207=LINE('',#5894,#560);
#208=LINE('',#5895,#561);
#209=LINE('',#5897,#562);
#210=LINE('',#5898,#563);
#211=LINE('',#5900,#564);
#212=LINE('',#5902,#565);
#213=LINE('',#5988,#566);
#214=LINE('',#5990,#567);
#215=LINE('',#5994,#568);
#216=LINE('',#5997,#569);
#217=LINE('',#6002,#570);
#218=LINE('',#6008,#571);
#219=LINE('',#6011,#572);
#220=LINE('',#6059,#573);
#221=LINE('',#6060,#574);
#222=LINE('',#6107,#575);
#223=LINE('',#6108,#576);
#224=LINE('',#6119,#577);
#225=LINE('',#6124,#578);
#226=LINE('',#6125,#579);
#227=LINE('',#6127,#580);
#228=LINE('',#6131,#581);
#229=LINE('',#6139,#582);
#230=LINE('',#6140,#583);
#231=LINE('',#6151,#584);
#232=LINE('',#6152,#585);
#233=LINE('',#6154,#586);
#234=LINE('',#6157,#587);
#235=LINE('',#6161,#588);
#236=LINE('',#6165,#589);
#237=LINE('',#6166,#590);
#238=LINE('',#6169,#591);
#239=LINE('',#6173,#592);
#240=LINE('',#6174,#593);
#241=LINE('',#6179,#594);
#242=LINE('',#6181,#595);
#243=LINE('',#6182,#596);
#244=LINE('',#6185,#597);
#245=LINE('',#6187,#598);
#246=LINE('',#6189,#599);
#247=LINE('',#6191,#600);
#248=LINE('',#6193,#601);
#249=LINE('',#6195,#602);
#250=LINE('',#6197,#603);
#251=LINE('',#6199,#604);
#252=LINE('',#6200,#605);
#253=LINE('',#6204,#606);
#254=LINE('',#6208,#607);
#255=LINE('',#6210,#608);
#256=LINE('',#6212,#609);
#257=LINE('',#6218,#610);
#258=LINE('',#6222,#611);
#259=LINE('',#6226,#612);
#260=LINE('',#6229,#613);
#261=LINE('',#6233,#614);
#262=LINE('',#6236,#615);
#263=LINE('',#6238,#616);
#264=LINE('',#6244,#617);
#265=LINE('',#6248,#618);
#266=LINE('',#6252,#619);
#267=LINE('',#6255,#620);
#268=LINE('',#6257,#621);
#269=LINE('',#6258,#622);
#270=LINE('',#6260,#623);
#271=LINE('',#6262,#624);
#272=LINE('',#6264,#625);
#273=LINE('',#6266,#626);
#274=LINE('',#6268,#627);
#275=LINE('',#6270,#628);
#276=LINE('',#6273,#629);
#277=LINE('',#6274,#630);
#278=LINE('',#6276,#631);
#279=LINE('',#6279,#632);
#280=LINE('',#6282,#633);
#281=LINE('',#6284,#634);
#282=LINE('',#6287,#635);
#283=LINE('',#6290,#636);
#284=LINE('',#6293,#637);
#285=LINE('',#6294,#638);
#286=LINE('',#6298,#639);
#287=LINE('',#6300,#640);
#288=LINE('',#6304,#641);
#289=LINE('',#6307,#642);
#290=LINE('',#6311,#643);
#291=LINE('',#6313,#644);
#292=LINE('',#6315,#645);
#293=LINE('',#6322,#646);
#294=LINE('',#6327,#647);
#295=LINE('',#6329,#648);
#296=LINE('',#6333,#649);
#297=LINE('',#6336,#650);
#298=LINE('',#6339,#651);
#299=LINE('',#6342,#652);
#300=LINE('',#6343,#653);
#301=LINE('',#6345,#654);
#302=LINE('',#6349,#655);
#303=LINE('',#6352,#656);
#304=LINE('',#6354,#657);
#305=LINE('',#6355,#658);
#306=LINE('',#6358,#659);
#307=LINE('',#6360,#660);
#308=LINE('',#6361,#661);
#309=LINE('',#6365,#662);
#310=LINE('',#6367,#663);
#311=LINE('',#6369,#664);
#312=LINE('',#6371,#665);
#313=LINE('',#6376,#666);
#314=LINE('',#6378,#667);
#315=LINE('',#6403,#668);
#316=LINE('',#6404,#669);
#317=LINE('',#6415,#670);
#318=LINE('',#6416,#671);
#319=LINE('',#6427,#672);
#320=LINE('',#6428,#673);
#321=LINE('',#6446,#674);
#322=LINE('',#6448,#675);
#323=LINE('',#6449,#676);
#324=LINE('',#6452,#677);
#325=LINE('',#6456,#678);
#326=LINE('',#6457,#679);
#327=LINE('',#6460,#680);
#328=LINE('',#6464,#681);
#329=LINE('',#6465,#682);
#330=LINE('',#6468,#683);
#331=LINE('',#6472,#684);
#332=LINE('',#6485,#685);
#333=LINE('',#6487,#686);
#334=LINE('',#6489,#687);
#335=LINE('',#6491,#688);
#336=LINE('',#6493,#689);
#337=LINE('',#6494,#690);
#338=LINE('',#6517,#691);
#339=LINE('',#6518,#692);
#340=LINE('',#6529,#693);
#341=LINE('',#6530,#694);
#342=LINE('',#6541,#695);
#343=LINE('',#6542,#696);
#344=LINE('',#6548,#697);
#345=LINE('',#6550,#698);
#346=LINE('',#6551,#699);
#347=LINE('',#6554,#700);
#348=LINE('',#6558,#701);
#349=LINE('',#6559,#702);
#350=LINE('',#6562,#703);
#351=LINE('',#6566,#704);
#352=LINE('',#6567,#705);
#353=LINE('',#6570,#706);
#354=LINE('',#6574,#707);
#355=LINE('',#6578,#708);
#356=LINE('',#6582,#709);
#357=LINE('',#6584,#710);
#358=LINE('',#6588,#711);
#359=LINE('',#6590,#712);
#360=LINE('',#6591,#713);
#361=LINE('',#6598,#714);
#362=LINE('',#6602,#715);
#363=LINE('',#6606,#716);
#364=LINE('',#6611,#717);
#365=LINE('',#6614,#718);
#366=LINE('',#6618,#719);
#367=LINE('',#6622,#720);
#368=LINE('',#6626,#721);
#369=LINE('',#6630,#722);
#370=LINE('',#6634,#723);
#371=LINE('',#6635,#724);
#372=LINE('',#6638,#725);
#373=LINE('',#6640,#726);
#374=LINE('',#6642,#727);
#375=LINE('',#6643,#728);
#376=LINE('',#6646,#729);
#377=LINE('',#6648,#730);
#378=LINE('',#6652,#731);
#379=LINE('',#6656,#732);
#380=LINE('',#6660,#733);
#381=LINE('',#6662,#734);
#382=LINE('',#6666,#735);
#383=LINE('',#6670,#736);
#384=LINE('',#6674,#737);
#385=LINE('',#6678,#738);
#386=LINE('',#6682,#739);
#387=LINE('',#6683,#740);
#388=LINE('',#6686,#741);
#389=LINE('',#6690,#742);
#390=LINE('',#6691,#743);
#391=LINE('',#6694,#744);
#392=LINE('',#6696,#745);
#393=LINE('',#6727,#746);
#394=LINE('',#6728,#747);
#395=LINE('',#6731,#748);
#396=LINE('',#6733,#749);
#397=LINE('',#6734,#750);
#398=LINE('',#6737,#751);
#399=LINE('',#6738,#752);
#400=LINE('',#6743,#753);
#401=LINE('',#6747,#754);
#402=LINE('',#6753,#755);
#403=LINE('',#6757,#756);
#404=LINE('',#6763,#757);
#405=LINE('',#6770,#758);
#406=LINE('',#6778,#759);
#407=LINE('',#6781,#760);
#408=LINE('',#6790,#761);
#409=LINE('',#6799,#762);
#410=LINE('',#6810,#763);
#411=LINE('',#6811,#764);
#412=LINE('',#6817,#765);
#413=LINE('',#6819,#766);
#414=LINE('',#6823,#767);
#415=LINE('',#6825,#768);
#416=LINE('',#6827,#769);
#417=LINE('',#6828,#770);
#418=LINE('',#6831,#771);
#419=LINE('',#6835,#772);
#420=LINE('',#6839,#773);
#421=LINE('',#6843,#774);
#422=LINE('',#6849,#775);
#423=LINE('',#6854,#776);
#424=LINE('',#6858,#777);
#425=LINE('',#6860,#778);
#426=LINE('',#6863,#779);
#427=LINE('',#6865,#780);
#428=LINE('',#6866,#781);
#429=LINE('',#6869,#782);
#430=LINE('',#6871,#783);
#431=LINE('',#6872,#784);
#432=LINE('',#6875,#785);
#433=LINE('',#6879,#786);
#434=LINE('',#6880,#787);
#435=LINE('',#6883,#788);
#436=LINE('',#6887,#789);
#437=LINE('',#6888,#790);
#438=LINE('',#6891,#791);
#439=LINE('',#6895,#792);
#440=LINE('',#6896,#793);
#441=LINE('',#6904,#794);
#442=LINE('',#6908,#795);
#443=LINE('',#6912,#796);
#444=LINE('',#6915,#797);
#445=LINE('',#6918,#798);
#446=LINE('',#6920,#799);
#447=LINE('',#6921,#800);
#448=LINE('',#6924,#801);
#449=LINE('',#6928,#802);
#450=LINE('',#6929,#803);
#451=LINE('',#6932,#804);
#452=LINE('',#6936,#805);
#453=LINE('',#6937,#806);
#454=LINE('',#6940,#807);
#455=LINE('',#6941,#808);
#456=LINE('',#6943,#809);
#457=LINE('',#6946,#810);
#458=LINE('',#6947,#811);
#459=LINE('',#6950,#812);
#460=LINE('',#6954,#813);
#461=LINE('',#6955,#814);
#462=LINE('',#6960,#815);
#463=LINE('',#6961,#816);
#464=LINE('',#6967,#817);
#465=LINE('',#6970,#818);
#466=LINE('',#6973,#819);
#467=LINE('',#6976,#820);
#468=LINE('',#6977,#821);
#469=LINE('',#6980,#822);
#470=LINE('',#6984,#823);
#471=LINE('',#6985,#824);
#472=LINE('',#6989,#825);
#473=LINE('',#6992,#826);
#474=LINE('',#6993,#827);
#475=LINE('',#6996,#828);
#476=LINE('',#7000,#829);
#477=LINE('',#7003,#830);
#478=LINE('',#7005,#831);
#479=LINE('',#7007,#832);
#480=LINE('',#7013,#833);
#481=LINE('',#7016,#834);
#482=LINE('',#7018,#835);
#483=LINE('',#7021,#836);
#484=LINE('',#7024,#837);
#485=LINE('',#7026,#838);
#486=LINE('',#7028,#839);
#487=LINE('',#7035,#840);
#488=LINE('',#7038,#841);
#489=LINE('',#7041,#842);
#490=LINE('',#7043,#843);
#491=LINE('',#7044,#844);
#492=LINE('',#7050,#845);
#493=LINE('',#7053,#846);
#494=LINE('',#7055,#847);
#495=LINE('',#7056,#848);
#496=LINE('',#7062,#849);
#497=LINE('',#7065,#850);
#498=LINE('',#7067,#851);
#499=LINE('',#7068,#852);
#500=LINE('',#7074,#853);
#501=LINE('',#7076,#854);
#502=LINE('',#7077,#855);
#503=VECTOR('',#4465,10.);
#504=VECTOR('',#4466,10.);
#505=VECTOR('',#4475,10.);
#506=VECTOR('',#4478,10.);
#507=VECTOR('',#4481,10.);
#508=VECTOR('',#4482,10.);
#509=VECTOR('',#4483,10.);
#510=VECTOR('',#4484,10.);
#511=VECTOR('',#4485,10.);
#512=VECTOR('',#4488,10.);
#513=VECTOR('',#4489,10.);
#514=VECTOR('',#4490,10.);
#515=VECTOR('',#4491,10.);
#516=VECTOR('',#4492,10.);
#517=VECTOR('',#4493,10.);
#518=VECTOR('',#4494,10.);
#519=VECTOR('',#4505,10.);
#520=VECTOR('',#4512,10.);
#521=VECTOR('',#4513,10.);
#522=VECTOR('',#4514,10.);
#523=VECTOR('',#4523,10.);
#524=VECTOR('',#4528,10.);
#525=VECTOR('',#4531,10.);
#526=VECTOR('',#4534,10.);
#527=VECTOR('',#4539,10.);
#528=VECTOR('',#4540,10.);
#529=VECTOR('',#4543,10.);
#530=VECTOR('',#4548,10.);
#531=VECTOR('',#4551,10.);
#532=VECTOR('',#4558,10.);
#533=VECTOR('',#4561,10.);
#534=VECTOR('',#4564,10.);
#535=VECTOR('',#4567,10.);
#536=VECTOR('',#4568,10.);
#537=VECTOR('',#4571,10.);
#538=VECTOR('',#4574,10.);
#539=VECTOR('',#4577,10.);
#540=VECTOR('',#4580,10.);
#541=VECTOR('',#4581,10.);
#542=VECTOR('',#4584,10.);
#543=VECTOR('',#4585,10.);
#544=VECTOR('',#4586,10.);
#545=VECTOR('',#4587,10.);
#546=VECTOR('',#4590,10.);
#547=VECTOR('',#4591,10.);
#548=VECTOR('',#4592,10.);
#549=VECTOR('',#4595,10.);
#550=VECTOR('',#4596,10.);
#551=VECTOR('',#4597,10.);
#552=VECTOR('',#4600,10.);
#553=VECTOR('',#4603,10.);
#554=VECTOR('',#4606,10.);
#555=VECTOR('',#4607,10.);
#556=VECTOR('',#4608,10.);
#557=VECTOR('',#4609,10.);
#558=VECTOR('',#4612,10.);
#559=VECTOR('',#4613,10.);
#560=VECTOR('',#4614,10.);
#561=VECTOR('',#4615,10.);
#562=VECTOR('',#4618,10.);
#563=VECTOR('',#4619,10.);
#564=VECTOR('',#4622,10.);
#565=VECTOR('',#4625,10.);
#566=VECTOR('',#4636,10.);
#567=VECTOR('',#4637,10.);
#568=VECTOR('',#4640,10.);
#569=VECTOR('',#4643,10.);
#570=VECTOR('',#4648,10.);
#571=VECTOR('',#4655,10.);
#572=VECTOR('',#4658,10.);
#573=VECTOR('',#4673,10.);
#574=VECTOR('',#4674,10.);
#575=VECTOR('',#4689,10.);
#576=VECTOR('',#4690,10.);
#577=VECTOR('',#4705,10.);
#578=VECTOR('',#4712,10.);
#579=VECTOR('',#4713,10.);
#580=VECTOR('',#4716,10.);
#581=VECTOR('',#4721,10.);
#582=VECTOR('',#4732,10.);
#583=VECTOR('',#4733,10.);
#584=VECTOR('',#4752,10.);
#585=VECTOR('',#4753,10.);
#586=VECTOR('',#4756,10.);
#587=VECTOR('',#4761,10.);
#588=VECTOR('',#4766,10.);
#589=VECTOR('',#4771,10.);
#590=VECTOR('',#4772,10.);
#591=VECTOR('',#4775,10.);
#592=VECTOR('',#4780,10.);
#593=VECTOR('',#4781,10.);
#594=VECTOR('',#4788,10.);
#595=VECTOR('',#4789,10.);
#596=VECTOR('',#4790,10.);
#597=VECTOR('',#4793,10.);
#598=VECTOR('',#4794,10.);
#599=VECTOR('',#4795,10.);
#600=VECTOR('',#4796,10.);
#601=VECTOR('',#4797,10.);
#602=VECTOR('',#4798,10.);
#603=VECTOR('',#4799,10.);
#604=VECTOR('',#4800,10.);
#605=VECTOR('',#4801,10.);
#606=VECTOR('',#4804,10.);
#607=VECTOR('',#4807,10.);
#608=VECTOR('',#4808,10.);
#609=VECTOR('',#4809,10.);
#610=VECTOR('',#4814,10.);
#611=VECTOR('',#4817,10.);
#612=VECTOR('',#4820,10.);
#613=VECTOR('',#4823,10.);
#614=VECTOR('',#4826,10.);
#615=VECTOR('',#4829,10.);
#616=VECTOR('',#4830,10.);
#617=VECTOR('',#4835,10.);
#618=VECTOR('',#4838,10.);
#619=VECTOR('',#4841,10.);
#620=VECTOR('',#4844,10.);
#621=VECTOR('',#4847,10.);
#622=VECTOR('',#4848,10.);
#623=VECTOR('',#4851,10.);
#624=VECTOR('',#4854,10.);
#625=VECTOR('',#4857,10.);
#626=VECTOR('',#4860,10.);
#627=VECTOR('',#4863,10.);
#628=VECTOR('',#4866,10.);
#629=VECTOR('',#4871,10.);
#630=VECTOR('',#4872,10.);
#631=VECTOR('',#4875,10.);
#632=VECTOR('',#4878,10.);
#633=VECTOR('',#4881,10.);
#634=VECTOR('',#4884,10.);
#635=VECTOR('',#4887,10.);
#636=VECTOR('',#4892,10.);
#637=VECTOR('',#4895,10.);
#638=VECTOR('',#4896,10.);
#639=VECTOR('',#4899,10.);
#640=VECTOR('',#4900,10.);
#641=VECTOR('',#4903,10.);
#642=VECTOR('',#4906,10.);
#643=VECTOR('',#4909,10.);
#644=VECTOR('',#4910,10.);
#645=VECTOR('',#4911,10.);
#646=VECTOR('',#4920,10.);
#647=VECTOR('',#4927,10.);
#648=VECTOR('',#4930,10.);
#649=VECTOR('',#4935,0.800002540004998);
#650=VECTOR('',#4938,10.);
#651=VECTOR('',#4941,10.);
#652=VECTOR('',#4944,10.);
#653=VECTOR('',#4945,10.);
#654=VECTOR('',#4948,10.);
#655=VECTOR('',#4953,0.800002540005003);
#656=VECTOR('',#4956,10.);
#657=VECTOR('',#4957,10.);
#658=VECTOR('',#4958,10.);
#659=VECTOR('',#4961,10.);
#660=VECTOR('',#4962,10.);
#661=VECTOR('',#4963,10.);
#662=VECTOR('',#4970,10.);
#663=VECTOR('',#4973,10.);
#664=VECTOR('',#4976,10.);
#665=VECTOR('',#4979,10.);
#666=VECTOR('',#4988,10.);
#667=VECTOR('',#4991,10.);
#668=VECTOR('',#5008,10.);
#669=VECTOR('',#5009,10.);
#670=VECTOR('',#5022,10.);
#671=VECTOR('',#5023,10.);
#672=VECTOR('',#5036,10.);
#673=VECTOR('',#5037,10.);
#674=VECTOR('',#5046,10.);
#675=VECTOR('',#5047,10.);
#676=VECTOR('',#5048,10.);
#677=VECTOR('',#5051,10.);
#678=VECTOR('',#5056,10.);
#679=VECTOR('',#5057,10.);
#680=VECTOR('',#5060,10.);
#681=VECTOR('',#5065,10.);
#682=VECTOR('',#5066,10.);
#683=VECTOR('',#5069,10.);
#684=VECTOR('',#5074,10.);
#685=VECTOR('',#5075,10.);
#686=VECTOR('',#5076,10.);
#687=VECTOR('',#5077,10.);
#688=VECTOR('',#5078,10.);
#689=VECTOR('',#5079,10.);
#690=VECTOR('',#5080,10.);
#691=VECTOR('',#5093,10.);
#692=VECTOR('',#5094,10.);
#693=VECTOR('',#5107,10.);
#694=VECTOR('',#5108,10.);
#695=VECTOR('',#5121,10.);
#696=VECTOR('',#5122,10.);
#697=VECTOR('',#5131,10.);
#698=VECTOR('',#5132,10.);
#699=VECTOR('',#5133,10.);
#700=VECTOR('',#5136,10.);
#701=VECTOR('',#5141,10.);
#702=VECTOR('',#5142,10.);
#703=VECTOR('',#5145,10.);
#704=VECTOR('',#5150,10.);
#705=VECTOR('',#5151,10.);
#706=VECTOR('',#5154,10.);
#707=VECTOR('',#5159,10.);
#708=VECTOR('',#5162,10.);
#709=VECTOR('',#5165,10.);
#710=VECTOR('',#5166,10.);
#711=VECTOR('',#5169,10.);
#712=VECTOR('',#5170,10.);
#713=VECTOR('',#5171,10.);
#714=VECTOR('',#5180,10.);
#715=VECTOR('',#5183,10.);
#716=VECTOR('',#5186,10.);
#717=VECTOR('',#5193,10.);
#718=VECTOR('',#5196,10.);
#719=VECTOR('',#5199,10.);
#720=VECTOR('',#5202,10.);
#721=VECTOR('',#5205,10.);
#722=VECTOR('',#5210,10.);
#723=VECTOR('',#5215,10.);
#724=VECTOR('',#5216,10.);
#725=VECTOR('',#5219,10.);
#726=VECTOR('',#5220,10.);
#727=VECTOR('',#5221,10.);
#728=VECTOR('',#5222,10.);
#729=VECTOR('',#5225,10.);
#730=VECTOR('',#5226,10.);
#731=VECTOR('',#5229,10.);
#732=VECTOR('',#5232,10.);
#733=VECTOR('',#5235,10.);
#734=VECTOR('',#5236,10.);
#735=VECTOR('',#5239,10.);
#736=VECTOR('',#5242,10.);
#737=VECTOR('',#5245,10.);
#738=VECTOR('',#5250,10.);
#739=VECTOR('',#5255,10.);
#740=VECTOR('',#5256,10.);
#741=VECTOR('',#5259,10.);
#742=VECTOR('',#5264,10.);
#743=VECTOR('',#5265,10.);
#744=VECTOR('',#5268,10.);
#745=VECTOR('',#5269,10.);
#746=VECTOR('',#5278,10.);
#747=VECTOR('',#5279,10.);
#748=VECTOR('',#5282,10.);
#749=VECTOR('',#5283,10.);
#750=VECTOR('',#5284,10.);
#751=VECTOR('',#5287,10.);
#752=VECTOR('',#5288,10.);
#753=VECTOR('',#5293,1.425);
#754=VECTOR('',#5298,0.95);
#755=VECTOR('',#5305,1.425);
#756=VECTOR('',#5310,0.95);
#757=VECTOR('',#5317,1.7);
#758=VECTOR('',#5326,1.7);
#759=VECTOR('',#5335,10.);
#760=VECTOR('',#5338,10.);
#761=VECTOR('',#5351,10.);
#762=VECTOR('',#5364,10.);
#763=VECTOR('',#5377,10.);
#764=VECTOR('',#5378,10.);
#765=VECTOR('',#5389,10.);
#766=VECTOR('',#5392,10.);
#767=VECTOR('',#5395,10.);
#768=VECTOR('',#5396,10.);
#769=VECTOR('',#5397,10.);
#770=VECTOR('',#5398,10.);
#771=VECTOR('',#5399,10.);
#772=VECTOR('',#5402,10.);
#773=VECTOR('',#5405,10.);
#774=VECTOR('',#5408,10.);
#775=VECTOR('',#5415,10.);
#776=VECTOR('',#5420,10.);
#777=VECTOR('',#5427,10.);
#778=VECTOR('',#5430,10.);
#779=VECTOR('',#5433,10.);
#780=VECTOR('',#5434,10.);
#781=VECTOR('',#5435,10.);
#782=VECTOR('',#5438,10.);
#783=VECTOR('',#5439,10.);
#784=VECTOR('',#5440,10.);
#785=VECTOR('',#5443,10.);
#786=VECTOR('',#5448,10.);
#787=VECTOR('',#5449,10.);
#788=VECTOR('',#5452,10.);
#789=VECTOR('',#5457,10.);
#790=VECTOR('',#5458,10.);
#791=VECTOR('',#5461,10.);
#792=VECTOR('',#5466,10.);
#793=VECTOR('',#5467,10.);
#794=VECTOR('',#5476,10.);
#795=VECTOR('',#5479,10.);
#796=VECTOR('',#5482,10.);
#797=VECTOR('',#5485,10.);
#798=VECTOR('',#5488,10.);
#799=VECTOR('',#5489,10.);
#800=VECTOR('',#5490,10.);
#801=VECTOR('',#5493,10.);
#802=VECTOR('',#5498,10.);
#803=VECTOR('',#5499,10.);
#804=VECTOR('',#5502,10.);
#805=VECTOR('',#5507,10.);
#806=VECTOR('',#5508,10.);
#807=VECTOR('',#5511,10.);
#808=VECTOR('',#5512,10.);
#809=VECTOR('',#5515,10.);
#810=VECTOR('',#5518,10.);
#811=VECTOR('',#5519,10.);
#812=VECTOR('',#5522,10.);
#813=VECTOR('',#5527,10.);
#814=VECTOR('',#5528,10.);
#815=VECTOR('',#5535,10.);
#816=VECTOR('',#5536,10.);
#817=VECTOR('',#5545,10.);
#818=VECTOR('',#5548,10.);
#819=VECTOR('',#5551,10.);
#820=VECTOR('',#5554,10.);
#821=VECTOR('',#5555,10.);
#822=VECTOR('',#5558,10.);
#823=VECTOR('',#5563,10.);
#824=VECTOR('',#5564,10.);
#825=VECTOR('',#5569,10.);
#826=VECTOR('',#5572,10.);
#827=VECTOR('',#5573,10.);
#828=VECTOR('',#5576,10.);
#829=VECTOR('',#5579,10.);
#830=VECTOR('',#5582,10.);
#831=VECTOR('',#5585,10.);
#832=VECTOR('',#5588,10.);
#833=VECTOR('',#5595,10.);
#834=VECTOR('',#5600,10.);
#835=VECTOR('',#5603,10.);
#836=VECTOR('',#5608,10.);
#837=VECTOR('',#5613,10.);
#838=VECTOR('',#5616,10.);
#839=VECTOR('',#5619,10.);
#840=VECTOR('',#5626,10.);
#841=VECTOR('',#5629,10.);
#842=VECTOR('',#5632,10.);
#843=VECTOR('',#5633,10.);
#844=VECTOR('',#5634,10.);
#845=VECTOR('',#5641,10.);
#846=VECTOR('',#5644,10.);
#847=VECTOR('',#5645,10.);
#848=VECTOR('',#5646,10.);
#849=VECTOR('',#5653,10.);
#850=VECTOR('',#5656,10.);
#851=VECTOR('',#5657,10.);
#852=VECTOR('',#5658,10.);
#853=VECTOR('',#5665,10.);
#854=VECTOR('',#5668,10.);
#855=VECTOR('',#5669,10.);
#856=CYLINDRICAL_SURFACE('',#4021,0.5);
#857=CYLINDRICAL_SURFACE('',#4033,0.5);
#858=CYLINDRICAL_SURFACE('',#4038,2.1);
#859=CYLINDRICAL_SURFACE('',#4040,2.1);
#860=CYLINDRICAL_SURFACE('',#4045,1.59999999999999);
#861=CYLINDRICAL_SURFACE('',#4048,1.6);
#862=CYLINDRICAL_SURFACE('',#4079,1.);
#863=CYLINDRICAL_SURFACE('',#4082,1.);
#864=CYLINDRICAL_SURFACE('',#4090,1.);
#865=CYLINDRICAL_SURFACE('',#4097,1.);
#866=CYLINDRICAL_SURFACE('',#4108,4.7248056905057);
#867=CYLINDRICAL_SURFACE('',#4110,4.724805689611);
#868=CYLINDRICAL_SURFACE('',#4115,1.);
#869=CYLINDRICAL_SURFACE('',#4120,1.);
#870=CYLINDRICAL_SURFACE('',#4125,1.);
#871=CYLINDRICAL_SURFACE('',#4127,4.72480568961095);
#872=CYLINDRICAL_SURFACE('',#4128,4.72480568961095);
#873=CYLINDRICAL_SURFACE('',#4130,1.1);
#874=CYLINDRICAL_SURFACE('',#4133,0.499999999999998);
#875=CYLINDRICAL_SURFACE('',#4155,2.00000000000001);
#876=CYLINDRICAL_SURFACE('',#4157,2.);
#877=CYLINDRICAL_SURFACE('',#4159,2.);
#878=CYLINDRICAL_SURFACE('',#4161,1.99999999999998);
#879=CYLINDRICAL_SURFACE('',#4164,2.72480568960866);
#880=CYLINDRICAL_SURFACE('',#4166,2.72480568960866);
#881=CYLINDRICAL_SURFACE('',#4167,2.724805689611);
#882=CYLINDRICAL_SURFACE('',#4183,0.800002540004998);
#883=CYLINDRICAL_SURFACE('',#4185,1.75);
#884=CYLINDRICAL_SURFACE('',#4189,0.800002540005003);
#885=CYLINDRICAL_SURFACE('',#4193,1.75);
#886=CYLINDRICAL_SURFACE('',#4197,2.724805689611);
#887=CYLINDRICAL_SURFACE('',#4199,2.724805689611);
#888=CYLINDRICAL_SURFACE('',#4200,2.72480568961095);
#889=CYLINDRICAL_SURFACE('',#4201,1.1);
#890=CYLINDRICAL_SURFACE('',#4202,2.72480568960866);
#891=CYLINDRICAL_SURFACE('',#4204,2.72480568961095);
#892=CYLINDRICAL_SURFACE('',#4205,0.499999999999998);
#893=CYLINDRICAL_SURFACE('',#4210,0.5);
#894=CYLINDRICAL_SURFACE('',#4216,0.5);
#895=CYLINDRICAL_SURFACE('',#4222,0.5);
#896=CYLINDRICAL_SURFACE('',#4228,1.6);
#897=CYLINDRICAL_SURFACE('',#4231,1.59999999999999);
#898=CYLINDRICAL_SURFACE('',#4234,1.59999999999999);
#899=CYLINDRICAL_SURFACE('',#4241,0.5);
#900=CYLINDRICAL_SURFACE('',#4247,0.5);
#901=CYLINDRICAL_SURFACE('',#4253,0.5);
#902=CYLINDRICAL_SURFACE('',#4259,2.1);
#903=CYLINDRICAL_SURFACE('',#4262,2.1);
#904=CYLINDRICAL_SURFACE('',#4265,2.1);
#905=CYLINDRICAL_SURFACE('',#4271,2.1);
#906=CYLINDRICAL_SURFACE('',#4278,1.6);
#907=CYLINDRICAL_SURFACE('',#4285,1.1);
#908=CYLINDRICAL_SURFACE('',#4297,0.499999999999998);
#909=CYLINDRICAL_SURFACE('',#4300,0.600000000000001);
#910=CYLINDRICAL_SURFACE('',#4303,1.);
#911=CYLINDRICAL_SURFACE('',#4307,1.);
#912=CYLINDRICAL_SURFACE('',#4313,0.95);
#913=CYLINDRICAL_SURFACE('',#4318,0.95);
#914=CYLINDRICAL_SURFACE('',#4320,1.7);
#915=CYLINDRICAL_SURFACE('',#4324,1.7);
#916=CYLINDRICAL_SURFACE('',#4328,1.);
#917=CYLINDRICAL_SURFACE('',#4335,1.);
#918=CYLINDRICAL_SURFACE('',#4341,1.);
#919=CYLINDRICAL_SURFACE('',#4347,1.);
#920=CYLINDRICAL_SURFACE('',#4352,4.72480568961095);
#921=CYLINDRICAL_SURFACE('',#4353,4.724805689611);
#922=CYLINDRICAL_SURFACE('',#4360,0.5);
#923=CYLINDRICAL_SURFACE('',#4363,0.5);
#924=CYLINDRICAL_SURFACE('',#4366,0.5);
#925=CYLINDRICAL_SURFACE('',#4367,0.5);
#926=CYLINDRICAL_SURFACE('',#4370,1.5);
#927=CYLINDRICAL_SURFACE('',#4373,1.5);
#928=CYLINDRICAL_SURFACE('',#4376,1.50000000000001);
#929=CYLINDRICAL_SURFACE('',#4379,1.5);
#930=CYLINDRICAL_SURFACE('',#4387,1.);
#931=CYLINDRICAL_SURFACE('',#4390,1.);
#932=CYLINDRICAL_SURFACE('',#4396,1.00000000000001);
#933=CYLINDRICAL_SURFACE('',#4399,1.);
#934=CYLINDRICAL_SURFACE('',#4402,1.25);
#935=CYLINDRICAL_SURFACE('',#4404,1.1);
#936=CYLINDRICAL_SURFACE('',#4406,2.72480568961095);
#937=CYLINDRICAL_SURFACE('',#4409,2.724805689611);
#938=CYLINDRICAL_SURFACE('',#4412,0.499999999999998);
#939=CYLINDRICAL_SURFACE('',#4418,4.7248056905057);
#940=CYLINDRICAL_SURFACE('',#4420,4.72480568961095);
#941=CYLINDRICAL_SURFACE('',#4424,2.72480568961095);
#942=CYLINDRICAL_SURFACE('',#4425,2.72480568960866);
#943=CYLINDRICAL_SURFACE('',#4427,0.599999999999996);
#944=CYLINDRICAL_SURFACE('',#4429,1.1);
#945=CYLINDRICAL_SURFACE('',#4431,1.1);
#946=CYLINDRICAL_SURFACE('',#4433,1.50000000000001);
#947=CYLINDRICAL_SURFACE('',#4437,1.5);
#948=CYLINDRICAL_SURFACE('',#4441,1.5);
#949=CYLINDRICAL_SURFACE('',#4445,1.5);
#950=FACE_OUTER_BOUND('',#1172,.T.);
#951=FACE_OUTER_BOUND('',#1173,.T.);
#952=FACE_OUTER_BOUND('',#1174,.T.);
#953=FACE_OUTER_BOUND('',#1175,.T.);
#954=FACE_OUTER_BOUND('',#1176,.T.);
#955=FACE_OUTER_BOUND('',#1177,.T.);
#956=FACE_OUTER_BOUND('',#1178,.T.);
#957=FACE_OUTER_BOUND('',#1179,.T.);
#958=FACE_OUTER_BOUND('',#1180,.T.);
#959=FACE_OUTER_BOUND('',#1181,.T.);
#960=FACE_OUTER_BOUND('',#1182,.T.);
#961=FACE_OUTER_BOUND('',#1183,.T.);
#962=FACE_OUTER_BOUND('',#1184,.T.);
#963=FACE_OUTER_BOUND('',#1185,.T.);
#964=FACE_OUTER_BOUND('',#1186,.T.);
#965=FACE_OUTER_BOUND('',#1187,.T.);
#966=FACE_OUTER_BOUND('',#1188,.T.);
#967=FACE_OUTER_BOUND('',#1189,.T.);
#968=FACE_OUTER_BOUND('',#1190,.T.);
#969=FACE_OUTER_BOUND('',#1191,.T.);
#970=FACE_OUTER_BOUND('',#1192,.T.);
#971=FACE_OUTER_BOUND('',#1193,.T.);
#972=FACE_OUTER_BOUND('',#1194,.T.);
#973=FACE_OUTER_BOUND('',#1195,.T.);
#974=FACE_OUTER_BOUND('',#1196,.T.);
#975=FACE_OUTER_BOUND('',#1197,.T.);
#976=FACE_OUTER_BOUND('',#1198,.T.);
#977=FACE_OUTER_BOUND('',#1199,.T.);
#978=FACE_OUTER_BOUND('',#1200,.T.);
#979=FACE_OUTER_BOUND('',#1201,.T.);
#980=FACE_OUTER_BOUND('',#1202,.T.);
#981=FACE_OUTER_BOUND('',#1203,.T.);
#982=FACE_OUTER_BOUND('',#1204,.T.);
#983=FACE_OUTER_BOUND('',#1205,.T.);
#984=FACE_OUTER_BOUND('',#1206,.T.);
#985=FACE_OUTER_BOUND('',#1207,.T.);
#986=FACE_OUTER_BOUND('',#1208,.T.);
#987=FACE_OUTER_BOUND('',#1209,.T.);
#988=FACE_OUTER_BOUND('',#1210,.T.);
#989=FACE_OUTER_BOUND('',#1211,.T.);
#990=FACE_OUTER_BOUND('',#1212,.T.);
#991=FACE_OUTER_BOUND('',#1213,.T.);
#992=FACE_OUTER_BOUND('',#1214,.T.);
#993=FACE_OUTER_BOUND('',#1215,.T.);
#994=FACE_OUTER_BOUND('',#1216,.T.);
#995=FACE_OUTER_BOUND('',#1217,.T.);
#996=FACE_OUTER_BOUND('',#1218,.T.);
#997=FACE_OUTER_BOUND('',#1219,.T.);
#998=FACE_OUTER_BOUND('',#1220,.T.);
#999=FACE_OUTER_BOUND('',#1221,.T.);
#1000=FACE_OUTER_BOUND('',#1222,.T.);
#1001=FACE_OUTER_BOUND('',#1223,.T.);
#1002=FACE_OUTER_BOUND('',#1224,.T.);
#1003=FACE_OUTER_BOUND('',#1225,.T.);
#1004=FACE_OUTER_BOUND('',#1226,.T.);
#1005=FACE_OUTER_BOUND('',#1227,.T.);
#1006=FACE_OUTER_BOUND('',#1228,.T.);
#1007=FACE_OUTER_BOUND('',#1229,.T.);
#1008=FACE_OUTER_BOUND('',#1230,.T.);
#1009=FACE_OUTER_BOUND('',#1231,.T.);
#1010=FACE_OUTER_BOUND('',#1233,.T.);
#1011=FACE_OUTER_BOUND('',#1235,.T.);
#1012=FACE_OUTER_BOUND('',#1237,.T.);
#1013=FACE_OUTER_BOUND('',#1238,.T.);
#1014=FACE_OUTER_BOUND('',#1239,.T.);
#1015=FACE_OUTER_BOUND('',#1240,.T.);
#1016=FACE_OUTER_BOUND('',#1241,.T.);
#1017=FACE_OUTER_BOUND('',#1242,.T.);
#1018=FACE_OUTER_BOUND('',#1243,.T.);
#1019=FACE_OUTER_BOUND('',#1244,.T.);
#1020=FACE_OUTER_BOUND('',#1245,.T.);
#1021=FACE_OUTER_BOUND('',#1246,.T.);
#1022=FACE_OUTER_BOUND('',#1247,.T.);
#1023=FACE_OUTER_BOUND('',#1248,.T.);
#1024=FACE_OUTER_BOUND('',#1249,.T.);
#1025=FACE_OUTER_BOUND('',#1250,.T.);
#1026=FACE_OUTER_BOUND('',#1251,.T.);
#1027=FACE_OUTER_BOUND('',#1252,.T.);
#1028=FACE_OUTER_BOUND('',#1255,.T.);
#1029=FACE_OUTER_BOUND('',#1256,.T.);
#1030=FACE_OUTER_BOUND('',#1257,.T.);
#1031=FACE_OUTER_BOUND('',#1258,.T.);
#1032=FACE_OUTER_BOUND('',#1259,.T.);
#1033=FACE_OUTER_BOUND('',#1260,.T.);
#1034=FACE_OUTER_BOUND('',#1261,.T.);
#1035=FACE_OUTER_BOUND('',#1262,.T.);
#1036=FACE_OUTER_BOUND('',#1263,.T.);
#1037=FACE_OUTER_BOUND('',#1264,.T.);
#1038=FACE_OUTER_BOUND('',#1265,.T.);
#1039=FACE_OUTER_BOUND('',#1266,.T.);
#1040=FACE_OUTER_BOUND('',#1267,.T.);
#1041=FACE_OUTER_BOUND('',#1270,.T.);
#1042=FACE_OUTER_BOUND('',#1271,.T.);
#1043=FACE_OUTER_BOUND('',#1272,.T.);
#1044=FACE_OUTER_BOUND('',#1273,.T.);
#1045=FACE_OUTER_BOUND('',#1274,.T.);
#1046=FACE_OUTER_BOUND('',#1275,.T.);
#1047=FACE_OUTER_BOUND('',#1276,.T.);
#1048=FACE_OUTER_BOUND('',#1278,.T.);
#1049=FACE_OUTER_BOUND('',#1279,.T.);
#1050=FACE_OUTER_BOUND('',#1280,.T.);
#1051=FACE_OUTER_BOUND('',#1281,.T.);
#1052=FACE_OUTER_BOUND('',#1282,.T.);
#1053=FACE_OUTER_BOUND('',#1283,.T.);
#1054=FACE_OUTER_BOUND('',#1284,.T.);
#1055=FACE_OUTER_BOUND('',#1285,.T.);
#1056=FACE_OUTER_BOUND('',#1286,.T.);
#1057=FACE_OUTER_BOUND('',#1287,.T.);
#1058=FACE_OUTER_BOUND('',#1288,.T.);
#1059=FACE_OUTER_BOUND('',#1289,.T.);
#1060=FACE_OUTER_BOUND('',#1290,.T.);
#1061=FACE_OUTER_BOUND('',#1291,.T.);
#1062=FACE_OUTER_BOUND('',#1292,.T.);
#1063=FACE_OUTER_BOUND('',#1293,.T.);
#1064=FACE_OUTER_BOUND('',#1294,.T.);
#1065=FACE_OUTER_BOUND('',#1295,.T.);
#1066=FACE_OUTER_BOUND('',#1296,.T.);
#1067=FACE_OUTER_BOUND('',#1297,.T.);
#1068=FACE_OUTER_BOUND('',#1298,.T.);
#1069=FACE_OUTER_BOUND('',#1299,.T.);
#1070=FACE_OUTER_BOUND('',#1300,.T.);
#1071=FACE_OUTER_BOUND('',#1301,.T.);
#1072=FACE_OUTER_BOUND('',#1302,.T.);
#1073=FACE_OUTER_BOUND('',#1303,.T.);
#1074=FACE_OUTER_BOUND('',#1304,.T.);
#1075=FACE_OUTER_BOUND('',#1305,.T.);
#1076=FACE_OUTER_BOUND('',#1306,.T.);
#1077=FACE_OUTER_BOUND('',#1307,.T.);
#1078=FACE_OUTER_BOUND('',#1308,.T.);
#1079=FACE_OUTER_BOUND('',#1309,.T.);
#1080=FACE_OUTER_BOUND('',#1310,.T.);
#1081=FACE_OUTER_BOUND('',#1311,.T.);
#1082=FACE_OUTER_BOUND('',#1312,.T.);
#1083=FACE_OUTER_BOUND('',#1313,.T.);
#1084=FACE_OUTER_BOUND('',#1314,.T.);
#1085=FACE_OUTER_BOUND('',#1315,.T.);
#1086=FACE_OUTER_BOUND('',#1316,.T.);
#1087=FACE_OUTER_BOUND('',#1317,.T.);
#1088=FACE_OUTER_BOUND('',#1318,.T.);
#1089=FACE_OUTER_BOUND('',#1319,.T.);
#1090=FACE_OUTER_BOUND('',#1320,.T.);
#1091=FACE_OUTER_BOUND('',#1321,.T.);
#1092=FACE_OUTER_BOUND('',#1322,.T.);
#1093=FACE_OUTER_BOUND('',#1323,.T.);
#1094=FACE_OUTER_BOUND('',#1324,.T.);
#1095=FACE_OUTER_BOUND('',#1325,.T.);
#1096=FACE_OUTER_BOUND('',#1326,.T.);
#1097=FACE_OUTER_BOUND('',#1327,.T.);
#1098=FACE_OUTER_BOUND('',#1328,.T.);
#1099=FACE_OUTER_BOUND('',#1329,.T.);
#1100=FACE_OUTER_BOUND('',#1330,.T.);
#1101=FACE_OUTER_BOUND('',#1332,.T.);
#1102=FACE_OUTER_BOUND('',#1333,.T.);
#1103=FACE_OUTER_BOUND('',#1335,.T.);
#1104=FACE_OUTER_BOUND('',#1336,.T.);
#1105=FACE_OUTER_BOUND('',#1337,.T.);
#1106=FACE_OUTER_BOUND('',#1338,.T.);
#1107=FACE_OUTER_BOUND('',#1339,.T.);
#1108=FACE_OUTER_BOUND('',#1340,.T.);
#1109=FACE_OUTER_BOUND('',#1341,.T.);
#1110=FACE_OUTER_BOUND('',#1342,.T.);
#1111=FACE_OUTER_BOUND('',#1343,.T.);
#1112=FACE_OUTER_BOUND('',#1344,.T.);
#1113=FACE_OUTER_BOUND('',#1345,.T.);
#1114=FACE_OUTER_BOUND('',#1346,.T.);
#1115=FACE_OUTER_BOUND('',#1351,.T.);
#1116=FACE_OUTER_BOUND('',#1352,.T.);
#1117=FACE_OUTER_BOUND('',#1353,.T.);
#1118=FACE_OUTER_BOUND('',#1354,.T.);
#1119=FACE_OUTER_BOUND('',#1355,.T.);
#1120=FACE_OUTER_BOUND('',#1356,.T.);
#1121=FACE_OUTER_BOUND('',#1357,.T.);
#1122=FACE_OUTER_BOUND('',#1358,.T.);
#1123=FACE_OUTER_BOUND('',#1359,.T.);
#1124=FACE_OUTER_BOUND('',#1360,.T.);
#1125=FACE_OUTER_BOUND('',#1361,.T.);
#1126=FACE_OUTER_BOUND('',#1362,.T.);
#1127=FACE_OUTER_BOUND('',#1363,.T.);
#1128=FACE_OUTER_BOUND('',#1364,.T.);
#1129=FACE_OUTER_BOUND('',#1366,.T.);
#1130=FACE_OUTER_BOUND('',#1367,.T.);
#1131=FACE_OUTER_BOUND('',#1368,.T.);
#1132=FACE_OUTER_BOUND('',#1369,.T.);
#1133=FACE_OUTER_BOUND('',#1370,.T.);
#1134=FACE_OUTER_BOUND('',#1371,.T.);
#1135=FACE_OUTER_BOUND('',#1372,.T.);
#1136=FACE_OUTER_BOUND('',#1373,.T.);
#1137=FACE_OUTER_BOUND('',#1374,.T.);
#1138=FACE_OUTER_BOUND('',#1375,.T.);
#1139=FACE_OUTER_BOUND('',#1376,.T.);
#1140=FACE_OUTER_BOUND('',#1377,.T.);
#1141=FACE_OUTER_BOUND('',#1378,.T.);
#1142=FACE_OUTER_BOUND('',#1379,.T.);
#1143=FACE_OUTER_BOUND('',#1380,.T.);
#1144=FACE_OUTER_BOUND('',#1381,.T.);
#1145=FACE_OUTER_BOUND('',#1382,.T.);
#1146=FACE_OUTER_BOUND('',#1383,.T.);
#1147=FACE_OUTER_BOUND('',#1384,.T.);
#1148=FACE_OUTER_BOUND('',#1385,.T.);
#1149=FACE_OUTER_BOUND('',#1386,.T.);
#1150=FACE_OUTER_BOUND('',#1387,.T.);
#1151=FACE_OUTER_BOUND('',#1388,.T.);
#1152=FACE_OUTER_BOUND('',#1389,.T.);
#1153=FACE_OUTER_BOUND('',#1394,.T.);
#1154=FACE_OUTER_BOUND('',#1395,.T.);
#1155=FACE_OUTER_BOUND('',#1396,.T.);
#1156=FACE_OUTER_BOUND('',#1397,.T.);
#1157=FACE_OUTER_BOUND('',#1398,.T.);
#1158=FACE_OUTER_BOUND('',#1399,.T.);
#1159=FACE_OUTER_BOUND('',#1400,.T.);
#1160=FACE_OUTER_BOUND('',#1401,.T.);
#1161=FACE_OUTER_BOUND('',#1402,.T.);
#1162=FACE_OUTER_BOUND('',#1403,.T.);
#1163=FACE_OUTER_BOUND('',#1404,.T.);
#1164=FACE_OUTER_BOUND('',#1405,.T.);
#1165=FACE_OUTER_BOUND('',#1406,.T.);
#1166=FACE_OUTER_BOUND('',#1407,.T.);
#1167=FACE_OUTER_BOUND('',#1408,.T.);
#1168=FACE_OUTER_BOUND('',#1409,.T.);
#1169=FACE_OUTER_BOUND('',#1410,.T.);
#1170=FACE_OUTER_BOUND('',#1411,.T.);
#1171=FACE_OUTER_BOUND('',#1412,.T.);
#1172=EDGE_LOOP('',(#2598,#2599,#2600,#2601));
#1173=EDGE_LOOP('',(#2602,#2603,#2604,#2605));
#1174=EDGE_LOOP('',(#2606,#2607,#2608,#2609));
#1175=EDGE_LOOP('',(#2610,#2611,#2612,#2613,#2614,#2615,#2616,#2617,#2618,
#2619,#2620,#2621));
#1176=EDGE_LOOP('',(#2622,#2623,#2624,#2625,#2626,#2627,#2628,#2629,#2630,
#2631));
#1177=EDGE_LOOP('',(#2632,#2633,#2634,#2635));
#1178=EDGE_LOOP('',(#2636,#2637,#2638,#2639));
#1179=EDGE_LOOP('',(#2640,#2641,#2642,#2643));
#1180=EDGE_LOOP('',(#2644,#2645,#2646,#2647));
#1181=EDGE_LOOP('',(#2648,#2649,#2650,#2651));
#1182=EDGE_LOOP('',(#2652,#2653,#2654,#2655));
#1183=EDGE_LOOP('',(#2656,#2657,#2658,#2659,#2660,#2661,#2662,#2663));
#1184=EDGE_LOOP('',(#2664,#2665,#2666,#2667));
#1185=EDGE_LOOP('',(#2668,#2669,#2670,#2671));
#1186=EDGE_LOOP('',(#2672,#2673,#2674,#2675));
#1187=EDGE_LOOP('',(#2676,#2677,#2678,#2679,#2680,#2681,#2682,#2683));
#1188=EDGE_LOOP('',(#2684,#2685,#2686,#2687,#2688,#2689,#2690,#2691,#2692,
#2693,#2694,#2695,#2696,#2697,#2698,#2699,#2700,#2701,#2702,#2703,#2704,
#2705,#2706,#2707,#2708,#2709));
#1189=EDGE_LOOP('',(#2710,#2711,#2712,#2713));
#1190=EDGE_LOOP('',(#2714,#2715,#2716,#2717));
#1191=EDGE_LOOP('',(#2718,#2719,#2720,#2721));
#1192=EDGE_LOOP('',(#2722,#2723,#2724,#2725));
#1193=EDGE_LOOP('',(#2726,#2727,#2728,#2729));
#1194=EDGE_LOOP('',(#2730,#2731,#2732,#2733));
#1195=EDGE_LOOP('',(#2734,#2735,#2736,#2737));
#1196=EDGE_LOOP('',(#2738,#2739,#2740,#2741));
#1197=EDGE_LOOP('',(#2742,#2743,#2744,#2745));
#1198=EDGE_LOOP('',(#2746,#2747,#2748,#2749));
#1199=EDGE_LOOP('',(#2750,#2751,#2752,#2753));
#1200=EDGE_LOOP('',(#2754,#2755,#2756,#2757));
#1201=EDGE_LOOP('',(#2758,#2759,#2760,#2761,#2762,#2763));
#1202=EDGE_LOOP('',(#2764,#2765,#2766,#2767));
#1203=EDGE_LOOP('',(#2768,#2769,#2770,#2771,#2772));
#1204=EDGE_LOOP('',(#2773,#2774,#2775,#2776));
#1205=EDGE_LOOP('',(#2777,#2778,#2779,#2780,#2781));
#1206=EDGE_LOOP('',(#2782,#2783,#2784,#2785));
#1207=EDGE_LOOP('',(#2786,#2787,#2788,#2789,#2790));
#1208=EDGE_LOOP('',(#2791,#2792,#2793,#2794));
#1209=EDGE_LOOP('',(#2795,#2796,#2797,#2798,#2799));
#1210=EDGE_LOOP('',(#2800,#2801));
#1211=EDGE_LOOP('',(#2802,#2803));
#1212=EDGE_LOOP('',(#2804,#2805,#2806,#2807,#2808,#2809));
#1213=EDGE_LOOP('',(#2810,#2811,#2812,#2813,#2814,#2815));
#1214=EDGE_LOOP('',(#2816,#2817,#2818,#2819,#2820,#2821));
#1215=EDGE_LOOP('',(#2822,#2823,#2824,#2825,#2826,#2827));
#1216=EDGE_LOOP('',(#2828,#2829,#2830,#2831));
#1217=EDGE_LOOP('',(#2832,#2833,#2834,#2835,#2836,#2837,#2838,#2839));
#1218=EDGE_LOOP('',(#2840,#2841,#2842,#2843));
#1219=EDGE_LOOP('',(#2844,#2845,#2846,#2847));
#1220=EDGE_LOOP('',(#2848,#2849,#2850,#2851));
#1221=EDGE_LOOP('',(#2852,#2853,#2854,#2855,#2856,#2857));
#1222=EDGE_LOOP('',(#2858,#2859,#2860,#2861));
#1223=EDGE_LOOP('',(#2862,#2863,#2864,#2865));
#1224=EDGE_LOOP('',(#2866,#2867,#2868,#2869));
#1225=EDGE_LOOP('',(#2870,#2871,#2872,#2873));
#1226=EDGE_LOOP('',(#2874,#2875,#2876,#2877));
#1227=EDGE_LOOP('',(#2878,#2879,#2880,#2881));
#1228=EDGE_LOOP('',(#2882,#2883,#2884,#2885));
#1229=EDGE_LOOP('',(#2886,#2887,#2888,#2889));
#1230=EDGE_LOOP('',(#2890,#2891,#2892,#2893,#2894,#2895,#2896,#2897,#2898,
#2899,#2900,#2901));
#1231=EDGE_LOOP('',(#2902,#2903,#2904,#2905,#2906,#2907,#2908,#2909,#2910,
#2911));
#1232=EDGE_LOOP('',(#2912,#2913,#2914,#2915));
#1233=EDGE_LOOP('',(#2916,#2917,#2918,#2919,#2920,#2921));
#1234=EDGE_LOOP('',(#2922,#2923,#2924,#2925,#2926,#2927,#2928,#2929));
#1235=EDGE_LOOP('',(#2930,#2931,#2932,#2933,#2934,#2935));
#1236=EDGE_LOOP('',(#2936,#2937,#2938,#2939,#2940,#2941,#2942,#2943));
#1237=EDGE_LOOP('',(#2944,#2945,#2946,#2947));
#1238=EDGE_LOOP('',(#2948,#2949,#2950,#2951));
#1239=EDGE_LOOP('',(#2952,#2953,#2954,#2955));
#1240=EDGE_LOOP('',(#2956,#2957,#2958,#2959));
#1241=EDGE_LOOP('',(#2960,#2961,#2962,#2963));
#1242=EDGE_LOOP('',(#2964,#2965,#2966,#2967));
#1243=EDGE_LOOP('',(#2968,#2969,#2970,#2971));
#1244=EDGE_LOOP('',(#2972,#2973,#2974,#2975));
#1245=EDGE_LOOP('',(#2976,#2977,#2978,#2979));
#1246=EDGE_LOOP('',(#2980,#2981,#2982,#2983));
#1247=EDGE_LOOP('',(#2984,#2985,#2986,#2987));
#1248=EDGE_LOOP('',(#2988,#2989,#2990,#2991,#2992,#2993));
#1249=EDGE_LOOP('',(#2994,#2995,#2996,#2997));
#1250=EDGE_LOOP('',(#2998,#2999,#3000,#3001));
#1251=EDGE_LOOP('',(#3002,#3003,#3004,#3005));
#1252=EDGE_LOOP('',(#3006,#3007,#3008,#3009,#3010,#3011,#3012,#3013,#3014,
#3015,#3016,#3017));
#1253=EDGE_LOOP('',(#3018));
#1254=EDGE_LOOP('',(#3019));
#1255=EDGE_LOOP('',(#3020,#3021,#3022,#3023));
#1256=EDGE_LOOP('',(#3024,#3025,#3026,#3027,#3028,#3029));
#1257=EDGE_LOOP('',(#3030,#3031,#3032,#3033,#3034,#3035));
#1258=EDGE_LOOP('',(#3036,#3037,#3038,#3039));
#1259=EDGE_LOOP('',(#3040,#3041,#3042,#3043));
#1260=EDGE_LOOP('',(#3044,#3045,#3046,#3047));
#1261=EDGE_LOOP('',(#3048,#3049,#3050,#3051));
#1262=EDGE_LOOP('',(#3052,#3053,#3054,#3055));
#1263=EDGE_LOOP('',(#3056,#3057,#3058,#3059));
#1264=EDGE_LOOP('',(#3060,#3061,#3062,#3063));
#1265=EDGE_LOOP('',(#3064,#3065,#3066,#3067));
#1266=EDGE_LOOP('',(#3068,#3069,#3070,#3071));
#1267=EDGE_LOOP('',(#3072,#3073,#3074,#3075,#3076,#3077,#3078,#3079,#3080,
#3081,#3082,#3083));
#1268=EDGE_LOOP('',(#3084));
#1269=EDGE_LOOP('',(#3085));
#1270=EDGE_LOOP('',(#3086,#3087,#3088,#3089));
#1271=EDGE_LOOP('',(#3090,#3091,#3092,#3093));
#1272=EDGE_LOOP('',(#3094,#3095,#3096,#3097,#3098,#3099));
#1273=EDGE_LOOP('',(#3100,#3101,#3102,#3103));
#1274=EDGE_LOOP('',(#3104,#3105,#3106,#3107));
#1275=EDGE_LOOP('',(#3108,#3109,#3110,#3111));
#1276=EDGE_LOOP('',(#3112,#3113,#3114,#3115,#3116,#3117,#3118,#3119,#3120,
#3121));
#1277=EDGE_LOOP('',(#3122,#3123,#3124,#3125));
#1278=EDGE_LOOP('',(#3126,#3127,#3128,#3129));
#1279=EDGE_LOOP('',(#3130,#3131,#3132,#3133));
#1280=EDGE_LOOP('',(#3134,#3135,#3136,#3137));
#1281=EDGE_LOOP('',(#3138,#3139,#3140,#3141));
#1282=EDGE_LOOP('',(#3142,#3143,#3144,#3145));
#1283=EDGE_LOOP('',(#3146,#3147,#3148,#3149));
#1284=EDGE_LOOP('',(#3150,#3151,#3152,#3153));
#1285=EDGE_LOOP('',(#3154,#3155,#3156,#3157));
#1286=EDGE_LOOP('',(#3158,#3159,#3160,#3161));
#1287=EDGE_LOOP('',(#3162,#3163,#3164,#3165));
#1288=EDGE_LOOP('',(#3166,#3167,#3168,#3169));
#1289=EDGE_LOOP('',(#3170,#3171,#3172,#3173));
#1290=EDGE_LOOP('',(#3174,#3175,#3176,#3177));
#1291=EDGE_LOOP('',(#3178,#3179,#3180,#3181));
#1292=EDGE_LOOP('',(#3182,#3183,#3184,#3185));
#1293=EDGE_LOOP('',(#3186,#3187,#3188,#3189,#3190,#3191,#3192,#3193,#3194,
#3195));
#1294=EDGE_LOOP('',(#3196,#3197,#3198,#3199));
#1295=EDGE_LOOP('',(#3200,#3201,#3202,#3203));
#1296=EDGE_LOOP('',(#3204,#3205,#3206,#3207));
#1297=EDGE_LOOP('',(#3208,#3209,#3210,#3211));
#1298=EDGE_LOOP('',(#3212,#3213,#3214,#3215));
#1299=EDGE_LOOP('',(#3216,#3217,#3218,#3219));
#1300=EDGE_LOOP('',(#3220,#3221,#3222,#3223));
#1301=EDGE_LOOP('',(#3224,#3225,#3226,#3227));
#1302=EDGE_LOOP('',(#3228,#3229,#3230,#3231));
#1303=EDGE_LOOP('',(#3232,#3233,#3234,#3235));
#1304=EDGE_LOOP('',(#3236,#3237,#3238,#3239));
#1305=EDGE_LOOP('',(#3240,#3241,#3242,#3243));
#1306=EDGE_LOOP('',(#3244,#3245,#3246,#3247));
#1307=EDGE_LOOP('',(#3248,#3249,#3250,#3251,#3252,#3253,#3254,#3255,#3256,
#3257,#3258,#3259));
#1308=EDGE_LOOP('',(#3260,#3261,#3262,#3263));
#1309=EDGE_LOOP('',(#3264,#3265,#3266,#3267,#3268,#3269,#3270,#3271,#3272,
#3273,#3274,#3275,#3276,#3277,#3278,#3279));
#1310=EDGE_LOOP('',(#3280,#3281,#3282,#3283));
#1311=EDGE_LOOP('',(#3284,#3285,#3286,#3287,#3288,#3289,#3290,#3291,#3292,
#3293,#3294,#3295,#3296,#3297,#3298,#3299));
#1312=EDGE_LOOP('',(#3300,#3301,#3302,#3303));
#1313=EDGE_LOOP('',(#3304,#3305,#3306,#3307));
#1314=EDGE_LOOP('',(#3308,#3309,#3310,#3311,#3312,#3313,#3314,#3315,#3316,
#3317,#3318,#3319,#3320,#3321,#3322,#3323,#3324,#3325,#3326,#3327));
#1315=EDGE_LOOP('',(#3328,#3329,#3330,#3331,#3332,#3333,#3334,#3335,#3336,
#3337,#3338,#3339,#3340,#3341,#3342,#3343,#3344,#3345,#3346,#3347));
#1316=EDGE_LOOP('',(#3348,#3349,#3350,#3351));
#1317=EDGE_LOOP('',(#3352,#3353,#3354,#3355));
#1318=EDGE_LOOP('',(#3356,#3357,#3358,#3359));
#1319=EDGE_LOOP('',(#3360,#3361,#3362,#3363));
#1320=EDGE_LOOP('',(#3364,#3365,#3366,#3367));
#1321=EDGE_LOOP('',(#3368,#3369,#3370,#3371));
#1322=EDGE_LOOP('',(#3372,#3373,#3374,#3375));
#1323=EDGE_LOOP('',(#3376,#3377,#3378,#3379,#3380,#3381,#3382,#3383));
#1324=EDGE_LOOP('',(#3384,#3385,#3386,#3387));
#1325=EDGE_LOOP('',(#3388,#3389,#3390,#3391));
#1326=EDGE_LOOP('',(#3392,#3393,#3394,#3395));
#1327=EDGE_LOOP('',(#3396,#3397,#3398,#3399));
#1328=EDGE_LOOP('',(#3400,#3401,#3402,#3403));
#1329=EDGE_LOOP('',(#3404,#3405,#3406,#3407));
#1330=EDGE_LOOP('',(#3408));
#1331=EDGE_LOOP('',(#3409));
#1332=EDGE_LOOP('',(#3410,#3411,#3412,#3413));
#1333=EDGE_LOOP('',(#3414));
#1334=EDGE_LOOP('',(#3415));
#1335=EDGE_LOOP('',(#3416,#3417,#3418,#3419));
#1336=EDGE_LOOP('',(#3420,#3421,#3422,#3423));
#1337=EDGE_LOOP('',(#3424,#3425,#3426,#3427));
#1338=EDGE_LOOP('',(#3428,#3429,#3430,#3431));
#1339=EDGE_LOOP('',(#3432,#3433,#3434,#3435));
#1340=EDGE_LOOP('',(#3436,#3437,#3438,#3439));
#1341=EDGE_LOOP('',(#3440,#3441,#3442,#3443));
#1342=EDGE_LOOP('',(#3444,#3445,#3446,#3447));
#1343=EDGE_LOOP('',(#3448,#3449,#3450,#3451));
#1344=EDGE_LOOP('',(#3452,#3453,#3454,#3455));
#1345=EDGE_LOOP('',(#3456,#3457,#3458,#3459));
#1346=EDGE_LOOP('',(#3460,#3461,#3462,#3463,#3464,#3465,#3466,#3467));
#1347=EDGE_LOOP('',(#3468));
#1348=EDGE_LOOP('',(#3469));
#1349=EDGE_LOOP('',(#3470,#3471,#3472,#3473));
#1350=EDGE_LOOP('',(#3474,#3475,#3476,#3477,#3478,#3479,#3480,#3481));
#1351=EDGE_LOOP('',(#3482,#3483,#3484,#3485));
#1352=EDGE_LOOP('',(#3486,#3487,#3488,#3489));
#1353=EDGE_LOOP('',(#3490,#3491,#3492,#3493));
#1354=EDGE_LOOP('',(#3494,#3495,#3496,#3497));
#1355=EDGE_LOOP('',(#3498,#3499,#3500,#3501));
#1356=EDGE_LOOP('',(#3502,#3503,#3504,#3505));
#1357=EDGE_LOOP('',(#3506,#3507,#3508,#3509));
#1358=EDGE_LOOP('',(#3510,#3511,#3512,#3513));
#1359=EDGE_LOOP('',(#3514,#3515,#3516,#3517));
#1360=EDGE_LOOP('',(#3518,#3519,#3520,#3521));
#1361=EDGE_LOOP('',(#3522,#3523,#3524,#3525));
#1362=EDGE_LOOP('',(#3526,#3527,#3528,#3529));
#1363=EDGE_LOOP('',(#3530,#3531,#3532,#3533));
#1364=EDGE_LOOP('',(#3534,#3535,#3536,#3537,#3538,#3539,#3540,#3541));
#1365=EDGE_LOOP('',(#3542,#3543,#3544,#3545,#3546,#3547,#3548,#3549));
#1366=EDGE_LOOP('',(#3550,#3551,#3552,#3553));
#1367=EDGE_LOOP('',(#3554,#3555,#3556,#3557));
#1368=EDGE_LOOP('',(#3558,#3559,#3560,#3561));
#1369=EDGE_LOOP('',(#3562,#3563,#3564,#3565));
#1370=EDGE_LOOP('',(#3566,#3567,#3568,#3569));
#1371=EDGE_LOOP('',(#3570,#3571,#3572,#3573));
#1372=EDGE_LOOP('',(#3574,#3575,#3576,#3577));
#1373=EDGE_LOOP('',(#3578,#3579,#3580,#3581));
#1374=EDGE_LOOP('',(#3582,#3583,#3584,#3585));
#1375=EDGE_LOOP('',(#3586,#3587,#3588,#3589));
#1376=EDGE_LOOP('',(#3590,#3591,#3592,#3593));
#1377=EDGE_LOOP('',(#3594,#3595,#3596,#3597));
#1378=EDGE_LOOP('',(#3598,#3599,#3600,#3601));
#1379=EDGE_LOOP('',(#3602,#3603,#3604,#3605));
#1380=EDGE_LOOP('',(#3606,#3607,#3608,#3609));
#1381=EDGE_LOOP('',(#3610,#3611,#3612,#3613,#3614,#3615,#3616,#3617));
#1382=EDGE_LOOP('',(#3618,#3619,#3620,#3621));
#1383=EDGE_LOOP('',(#3622,#3623,#3624,#3625));
#1384=EDGE_LOOP('',(#3626,#3627,#3628,#3629));
#1385=EDGE_LOOP('',(#3630,#3631,#3632,#3633,#3634,#3635,#3636,#3637,#3638,
#3639,#3640,#3641,#3642,#3643,#3644,#3645,#3646,#3647,#3648,#3649));
#1386=EDGE_LOOP('',(#3650,#3651,#3652,#3653));
#1387=EDGE_LOOP('',(#3654,#3655,#3656,#3657));
#1388=EDGE_LOOP('',(#3658,#3659,#3660,#3661));
#1389=EDGE_LOOP('',(#3662,#3663,#3664,#3665,#3666,#3667,#3668,#3669));
#1390=EDGE_LOOP('',(#3670));
#1391=EDGE_LOOP('',(#3671));
#1392=EDGE_LOOP('',(#3672,#3673,#3674,#3675));
#1393=EDGE_LOOP('',(#3676,#3677,#3678,#3679,#3680,#3681,#3682,#3683));
#1394=EDGE_LOOP('',(#3684,#3685,#3686,#3687));
#1395=EDGE_LOOP('',(#3688,#3689,#3690,#3691));
#1396=EDGE_LOOP('',(#3692,#3693,#3694,#3695));
#1397=EDGE_LOOP('',(#3696,#3697,#3698,#3699));
#1398=EDGE_LOOP('',(#3700,#3701,#3702,#3703));
#1399=EDGE_LOOP('',(#3704,#3705,#3706,#3707));
#1400=EDGE_LOOP('',(#3708,#3709,#3710,#3711));
#1401=EDGE_LOOP('',(#3712,#3713,#3714,#3715));
#1402=EDGE_LOOP('',(#3716,#3717,#3718,#3719));
#1403=EDGE_LOOP('',(#3720,#3721,#3722,#3723));
#1404=EDGE_LOOP('',(#3724,#3725,#3726,#3727));
#1405=EDGE_LOOP('',(#3728,#3729,#3730,#3731));
#1406=EDGE_LOOP('',(#3732,#3733,#3734,#3735));
#1407=EDGE_LOOP('',(#3736,#3737,#3738,#3739));
#1408=EDGE_LOOP('',(#3740,#3741,#3742,#3743));
#1409=EDGE_LOOP('',(#3744,#3745,#3746,#3747));
#1410=EDGE_LOOP('',(#3748,#3749,#3750,#3751));
#1411=EDGE_LOOP('',(#3752,#3753,#3754,#3755,#3756,#3757,#3758,#3759));
#1412=EDGE_LOOP('',(#3760,#3761,#3762,#3763,#3764,#3765,#3766,#3767));
#1413=CIRCLE('',#4018,1.6);
#1414=CIRCLE('',#4019,0.5);
#1415=CIRCLE('',#4020,2.1);
#1416=CIRCLE('',#4022,0.5);
#1417=CIRCLE('',#4024,2.09999999999999);
#1418=CIRCLE('',#4025,1.59999999999999);
#1419=CIRCLE('',#4027,2.6);
#1420=CIRCLE('',#4028,2.6);
#1421=CIRCLE('',#4031,2.1);
#1422=CIRCLE('',#4032,0.5);
#1423=CIRCLE('',#4034,0.5);
#1424=CIRCLE('',#4036,2.1);
#1425=CIRCLE('',#4039,2.1);
#1426=CIRCLE('',#4041,2.1);
#1427=CIRCLE('',#4043,1.1);
#1428=CIRCLE('',#4044,1.1);
#1429=CIRCLE('',#4046,1.59999999999999);
#1430=CIRCLE('',#4049,1.6);
#1431=CIRCLE('',#4051,0.499999999999998);
#1432=CIRCLE('',#4052,0.499999999999998);
#1433=CIRCLE('',#4054,4.72480568961095);
#1434=CIRCLE('',#4055,4.7248056905057);
#1435=CIRCLE('',#4056,4.724805689611);
#1436=CIRCLE('',#4057,4.72480568961095);
#1437=CIRCLE('',#4058,2.72480568961095);
#1438=CIRCLE('',#4059,2.724805689611);
#1439=CIRCLE('',#4060,2.72480568960866);
#1440=CIRCLE('',#4061,2.72480568961095);
#1441=CIRCLE('',#4072,0.999999999999999);
#1442=CIRCLE('',#4073,0.999999999999996);
#1443=CIRCLE('',#4074,1.00000000000034);
#1444=CIRCLE('',#4075,0.999999999999997);
#1445=CIRCLE('',#4077,3.72480568961095);
#1446=CIRCLE('',#4078,3.72480568961095);
#1447=CIRCLE('',#4083,0.999999999999996);
#1448=CIRCLE('',#4084,1.);
#1449=CIRCLE('',#4085,0.999999999999995);
#1450=CIRCLE('',#4087,1.00000000000201);
#1451=CIRCLE('',#4088,6.);
#1452=CIRCLE('',#4089,5.99999999999999);
#1453=CIRCLE('',#4091,1.);
#1454=CIRCLE('',#4093,1.);
#1455=CIRCLE('',#4094,6.);
#1456=CIRCLE('',#4095,6.);
#1457=CIRCLE('',#4096,1.);
#1458=CIRCLE('',#4098,1.);
#1459=CIRCLE('',#4100,1.);
#1460=CIRCLE('',#4102,0.999999999999996);
#1461=CIRCLE('',#4104,4.7248056905057);
#1462=CIRCLE('',#4105,1.);
#1463=CIRCLE('',#4106,1.);
#1464=CIRCLE('',#4107,2.72480568960866);
#1465=CIRCLE('',#4111,4.724805689611);
#1466=CIRCLE('',#4113,2.724805689611);
#1467=CIRCLE('',#4114,1.);
#1468=CIRCLE('',#4116,1.);
#1469=CIRCLE('',#4118,1.);
#1470=CIRCLE('',#4119,4.72480568961095);
#1471=CIRCLE('',#4121,1.);
#1472=CIRCLE('',#4123,1.);
#1473=CIRCLE('',#4124,4.72480568961095);
#1474=CIRCLE('',#4131,1.1);
#1475=CIRCLE('',#4134,0.499999999999998);
#1476=CIRCLE('',#4137,1.1);
#1477=CIRCLE('',#4138,0.499999999999998);
#1478=CIRCLE('',#4141,2.72480568960866);
#1479=CIRCLE('',#4142,2.724805689611);
#1480=CIRCLE('',#4143,1.99999999999998);
#1481=CIRCLE('',#4144,2.00000000000001);
#1482=CIRCLE('',#4145,2.);
#1483=CIRCLE('',#4146,2.);
#1484=CIRCLE('',#4148,2.724805689611);
#1485=CIRCLE('',#4149,2.72480568960866);
#1486=CIRCLE('',#4150,1.99999999999998);
#1487=CIRCLE('',#4151,2.);
#1488=CIRCLE('',#4152,2.);
#1489=CIRCLE('',#4153,2.00000000000001);
#1490=CIRCLE('',#4165,2.72480568960866);
#1491=CIRCLE('',#4168,2.724805689611);
#1492=CIRCLE('',#4172,2.72480568960866);
#1493=CIRCLE('',#4173,2.724805689611);
#1494=CIRCLE('',#4174,1.75);
#1495=CIRCLE('',#4175,1.75);
#1496=CIRCLE('',#4176,0.800002540004998);
#1497=CIRCLE('',#4177,0.800002540005003);
#1498=CIRCLE('',#4180,2.72480568961095);
#1499=CIRCLE('',#4181,2.72480568961095);
#1500=CIRCLE('',#4184,0.800002540004998);
#1501=CIRCLE('',#4186,1.75);
#1502=CIRCLE('',#4190,0.800002540005003);
#1503=CIRCLE('',#4194,1.75);
#1504=CIRCLE('',#4207,1.59999999999999);
#1505=CIRCLE('',#4208,0.5);
#1506=CIRCLE('',#4209,2.09999999999999);
#1507=CIRCLE('',#4211,0.5);
#1508=CIRCLE('',#4213,0.499999999999999);
#1509=CIRCLE('',#4214,2.09999999999999);
#1510=CIRCLE('',#4215,1.59999999999999);
#1511=CIRCLE('',#4217,0.499999999999998);
#1512=CIRCLE('',#4219,0.500000000000003);
#1513=CIRCLE('',#4220,2.1);
#1514=CIRCLE('',#4221,1.6);
#1515=CIRCLE('',#4223,0.499999999999998);
#1516=CIRCLE('',#4225,2.1);
#1517=CIRCLE('',#4226,1.6);
#1518=CIRCLE('',#4229,1.6);
#1519=CIRCLE('',#4232,1.59999999999999);
#1520=CIRCLE('',#4235,1.59999999999999);
#1521=CIRCLE('',#4238,2.1);
#1522=CIRCLE('',#4239,0.5);
#1523=CIRCLE('',#4240,2.6);
#1524=CIRCLE('',#4242,0.5);
#1525=CIRCLE('',#4244,0.499999999999999);
#1526=CIRCLE('',#4245,2.6);
#1527=CIRCLE('',#4246,2.1);
#1528=CIRCLE('',#4248,0.5);
#1529=CIRCLE('',#4250,0.5);
#1530=CIRCLE('',#4251,2.6);
#1531=CIRCLE('',#4252,2.1);
#1532=CIRCLE('',#4254,0.5);
#1533=CIRCLE('',#4256,2.6);
#1534=CIRCLE('',#4257,2.1);
#1535=CIRCLE('',#4260,2.1);
#1536=CIRCLE('',#4263,2.1);
#1537=CIRCLE('',#4266,2.1);
#1538=CIRCLE('',#4268,4.72480568961095);
#1539=CIRCLE('',#4269,1.);
#1540=CIRCLE('',#4270,2.72480568961095);
#1541=CIRCLE('',#4272,2.1);
#1542=CIRCLE('',#4274,1.1);
#1543=CIRCLE('',#4275,1.1);
#1544=CIRCLE('',#4276,1.1);
#1545=CIRCLE('',#4277,1.1);
#1546=CIRCLE('',#4279,1.6);
#1547=CIRCLE('',#4281,0.499999999999998);
#1548=CIRCLE('',#4282,0.599999999999996);
#1549=CIRCLE('',#4283,0.600000000000001);
#1550=CIRCLE('',#4284,0.499999999999998);
#1551=CIRCLE('',#4286,1.1);
#1552=CIRCLE('',#4290,2.72480568961095);
#1553=CIRCLE('',#4291,2.72480568960866);
#1554=CIRCLE('',#4292,2.724805689611);
#1555=CIRCLE('',#4293,1.);
#1556=CIRCLE('',#4294,4.724805689611);
#1557=CIRCLE('',#4295,4.7248056905057);
#1558=CIRCLE('',#4296,4.72480568961095);
#1559=CIRCLE('',#4298,0.499999999999998);
#1560=CIRCLE('',#4301,0.600000000000001);
#1561=CIRCLE('',#4305,1.25);
#1562=CIRCLE('',#4306,2.25);
#1563=CIRCLE('',#4311,1.9);
#1564=CIRCLE('',#4312,0.95);
#1565=CIRCLE('',#4314,0.95);
#1566=CIRCLE('',#4316,1.9);
#1567=CIRCLE('',#4317,0.95);
#1568=CIRCLE('',#4319,0.95);
#1569=CIRCLE('',#4321,1.7);
#1570=CIRCLE('',#4322,1.7);
#1571=CIRCLE('',#4325,1.7);
#1572=CIRCLE('',#4326,1.7);
#1573=CIRCLE('',#4329,1.);
#1574=CIRCLE('',#4330,0.999999999999996);
#1575=CIRCLE('',#4332,0.999999999999997);
#1576=CIRCLE('',#4333,3.724805689611);
#1577=CIRCLE('',#4334,4.724805689611);
#1578=CIRCLE('',#4336,1.);
#1579=CIRCLE('',#4338,1.);
#1580=CIRCLE('',#4339,3.72480568961095);
#1581=CIRCLE('',#4340,4.72480568961095);
#1582=CIRCLE('',#4342,1.);
#1583=CIRCLE('',#4344,1.);
#1584=CIRCLE('',#4345,3.72480568961095);
#1585=CIRCLE('',#4346,4.72480568961095);
#1586=CIRCLE('',#4348,1.);
#1587=CIRCLE('',#4350,4.7248056905057);
#1588=CIRCLE('',#4351,3.7248056905057);
#1589=CIRCLE('',#4356,1.5);
#1590=CIRCLE('',#4357,1.50000000000001);
#1591=CIRCLE('',#4358,1.5);
#1592=CIRCLE('',#4359,1.5);
#1593=CIRCLE('',#4371,1.5);
#1594=CIRCLE('',#4374,1.5);
#1595=CIRCLE('',#4377,1.50000000000001);
#1596=CIRCLE('',#4380,1.5);
#1597=CIRCLE('',#4382,1.);
#1598=CIRCLE('',#4383,1.);
#1599=CIRCLE('',#4384,1.);
#1600=CIRCLE('',#4385,1.00000000000001);
#1601=CIRCLE('',#4388,1.);
#1602=CIRCLE('',#4391,1.);
#1603=CIRCLE('',#4397,1.00000000000001);
#1604=CIRCLE('',#4400,1.);
#1605=CIRCLE('',#4403,1.25);
#1606=CIRCLE('',#4405,1.1);
#1607=CIRCLE('',#4407,2.72480568961095);
#1608=CIRCLE('',#4410,2.724805689611);
#1609=CIRCLE('',#4413,0.499999999999998);
#1610=CIRCLE('',#4415,0.599999999999996);
#1611=CIRCLE('',#4416,1.1);
#1612=CIRCLE('',#4417,1.1);
#1613=CIRCLE('',#4422,2.72480568960866);
#1614=CIRCLE('',#4423,2.72480568961095);
#1615=CIRCLE('',#4434,1.50000000000001);
#1616=CIRCLE('',#4435,1.50000000000001);
#1617=CIRCLE('',#4438,1.5);
#1618=CIRCLE('',#4439,1.5);
#1619=CIRCLE('',#4442,1.5);
#1620=CIRCLE('',#4443,1.5);
#1621=CIRCLE('',#4446,1.5);
#1622=CIRCLE('',#4447,1.5);
#1623=B_SPLINE_CURVE_WITH_KNOTS('',3,(#5678,#5679,#5680,#5681,#5682,#5683,
#5684,#5685,#5686,#5687),.UNSPECIFIED.,.F.,.F.,(4,2,2,2,4),(0.074693182189199,
0.0937686203873939,0.112734142398722,0.131401898031201,0.149730773838443),
 .UNSPECIFIED.);
#1624=B_SPLINE_CURVE_WITH_KNOTS('',3,(#5702,#5703,#5704,#5705,#5706,#5707,
#5708,#5709,#5710,#5711),.UNSPECIFIED.,.F.,.F.,(4,2,2,2,4),(0.149730773838443,
0.168059649645686,0.186727405278165,0.205692927289493,0.224768365487688),
 .UNSPECIFIED.);
#1625=B_SPLINE_CURVE_WITH_KNOTS('',3,(#5747,#5748,#5749,#5750,#5751,#5752,
#5753,#5754,#5755,#5756),.UNSPECIFIED.,.F.,.F.,(4,2,2,2,4),(0.0763213577157888,
0.0967554866954584,0.116748709650206,0.135738625996287,0.153680356675026),
 .UNSPECIFIED.);
#1626=B_SPLINE_CURVE_WITH_KNOTS('',3,(#5767,#5768,#5769,#5770,#5771,#5772,
#5773,#5774,#5775,#5776),.UNSPECIFIED.,.F.,.F.,(4,2,2,2,4),(0.153680356675026,
0.171622087353766,0.190612003699846,0.210605226654594,0.231039355634264),
 .UNSPECIFIED.);
#1627=B_SPLINE_CURVE_WITH_KNOTS('',3,(#5932,#5933,#5934,#5935,#5936),
 .UNSPECIFIED.,.F.,.F.,(4,1,4),(-0.426527963200478,-0.18279769851449,0.),
 .UNSPECIFIED.);
#1628=B_SPLINE_CURVE_WITH_KNOTS('',3,(#5939,#5940,#5941,#5942,#5943),
 .UNSPECIFIED.,.F.,.F.,(4,1,4),(0.,0.243730264557674,0.426527962975929),
 .UNSPECIFIED.);
#1629=B_SPLINE_CURVE_WITH_KNOTS('',3,(#5973,#5974,#5975,#5976,#5977),
 .UNSPECIFIED.,.F.,.F.,(4,1,4),(-0.439581997674684,-0.188392284717722,0.),
 .UNSPECIFIED.);
#1630=B_SPLINE_CURVE_WITH_KNOTS('',3,(#5980,#5981,#5982,#5983,#5984),
 .UNSPECIFIED.,.F.,.F.,(4,1,4),(9.43222207584077E-17,0.251194608787288,
0.439590565377754),.UNSPECIFIED.);
#1631=B_SPLINE_CURVE_WITH_KNOTS('',3,(#6044,#6045,#6046,#6047,#6048),
 .UNSPECIFIED.,.F.,.F.,(4,1,4),(-0.426527962975929,-0.243730264557674,0.),
 .UNSPECIFIED.);
#1632=B_SPLINE_CURVE_WITH_KNOTS('',3,(#6098,#6099,#6100,#6101,#6102),
 .UNSPECIFIED.,.F.,.F.,(4,1,4),(-0.439590565377754,-0.251194608787288,-9.43222207584077E-17),
 .UNSPECIFIED.);
#1633=B_SPLINE_CURVE_WITH_KNOTS('',3,(#6384,#6385,#6386,#6387,#6388,#6389,
#6390,#6391,#6392,#6393),.UNSPECIFIED.,.F.,.F.,(4,2,2,2,4),(0.0746931821891993,
0.0937686203873939,0.112734142398722,0.131401898031201,0.149730773838444),
 .UNSPECIFIED.);
#1634=B_SPLINE_CURVE_WITH_KNOTS('',3,(#6432,#6433,#6434,#6435,#6436,#6437,
#6438,#6439,#6440,#6441),.UNSPECIFIED.,.F.,.F.,(4,2,2,2,4),(0.149730773838443,
0.168059649645686,0.186727405278165,0.205692927289493,0.224768365487688),
 .UNSPECIFIED.);
#1635=B_SPLINE_CURVE_WITH_KNOTS('',3,(#6474,#6475,#6476,#6477,#6478,#6479,
#6480,#6481,#6482,#6483),.UNSPECIFIED.,.F.,.F.,(4,2,2,2,4),(0.153680356675026,
0.171622087353766,0.190612003699847,0.210605226654594,0.231039355634264),
 .UNSPECIFIED.);
#1636=B_SPLINE_CURVE_WITH_KNOTS('',3,(#6498,#6499,#6500,#6501,#6502,#6503,
#6504,#6505,#6506,#6507),.UNSPECIFIED.,.F.,.F.,(4,2,2,2,4),(0.0763213577157886,
0.0967554866954584,0.116748709650206,0.135738625996287,0.153680356675026),
 .UNSPECIFIED.);
#1637=B_SPLINE_CURVE_WITH_KNOTS('',3,(#6697,#6698,#6699,#6700,#6701,#6702,
#6703,#6704,#6705,#6706,#6707,#6708),.UNSPECIFIED.,.F.,.F.,(4,2,2,2,2,4),
(-0.157658846833614,-0.15659363912134,-0.117148966391223,-0.0780454092315606,
-0.0390042667947145,0.),.UNSPECIFIED.);
#1638=B_SPLINE_CURVE_WITH_KNOTS('',3,(#6714,#6715,#6716,#6717,#6718,#6719,
#6720,#6721,#6722,#6723,#6724,#6725),.UNSPECIFIED.,.F.,.F.,(4,2,2,2,2,4),
(-0.00145212610765403,0.,0.0389587425061185,0.0780340870119283,0.117092712045434,
0.156141441193053),.UNSPECIFIED.);
#1639=VERTEX_POINT('',#5676);
#1640=VERTEX_POINT('',#5677);
#1641=VERTEX_POINT('',#5688);
#1642=VERTEX_POINT('',#5690);
#1643=VERTEX_POINT('',#5694);
#1644=VERTEX_POINT('',#5695);
#1645=VERTEX_POINT('',#5700);
#1646=VERTEX_POINT('',#5701);
#1647=VERTEX_POINT('',#5715);
#1648=VERTEX_POINT('',#5717);
#1649=VERTEX_POINT('',#5719);
#1650=VERTEX_POINT('',#5721);
#1651=VERTEX_POINT('',#5723);
#1652=VERTEX_POINT('',#5725);
#1653=VERTEX_POINT('',#5727);
#1654=VERTEX_POINT('',#5729);
#1655=VERTEX_POINT('',#5733);
#1656=VERTEX_POINT('',#5735);
#1657=VERTEX_POINT('',#5737);
#1658=VERTEX_POINT('',#5739);
#1659=VERTEX_POINT('',#5741);
#1660=VERTEX_POINT('',#5743);
#1661=VERTEX_POINT('',#5745);
#1662=VERTEX_POINT('',#5758);
#1663=VERTEX_POINT('',#5762);
#1664=VERTEX_POINT('',#5766);
#1665=VERTEX_POINT('',#5779);
#1666=VERTEX_POINT('',#5781);
#1667=VERTEX_POINT('',#5787);
#1668=VERTEX_POINT('',#5791);
#1669=VERTEX_POINT('',#5793);
#1670=VERTEX_POINT('',#5795);
#1671=VERTEX_POINT('',#5799);
#1672=VERTEX_POINT('',#5803);
#1673=VERTEX_POINT('',#5807);
#1674=VERTEX_POINT('',#5811);
#1675=VERTEX_POINT('',#5813);
#1676=VERTEX_POINT('',#5815);
#1677=VERTEX_POINT('',#5819);
#1678=VERTEX_POINT('',#5821);
#1679=VERTEX_POINT('',#5823);
#1680=VERTEX_POINT('',#5825);
#1681=VERTEX_POINT('',#5827);
#1682=VERTEX_POINT('',#5829);
#1683=VERTEX_POINT('',#5832);
#1684=VERTEX_POINT('',#5834);
#1685=VERTEX_POINT('',#5836);
#1686=VERTEX_POINT('',#5838);
#1687=VERTEX_POINT('',#5840);
#1688=VERTEX_POINT('',#5842);
#1689=VERTEX_POINT('',#5844);
#1690=VERTEX_POINT('',#5846);
#1691=VERTEX_POINT('',#5848);
#1692=VERTEX_POINT('',#5850);
#1693=VERTEX_POINT('',#5854);
#1694=VERTEX_POINT('',#5855);
#1695=VERTEX_POINT('',#5857);
#1696=VERTEX_POINT('',#5859);
#1697=VERTEX_POINT('',#5863);
#1698=VERTEX_POINT('',#5865);
#1699=VERTEX_POINT('',#5869);
#1700=VERTEX_POINT('',#5871);
#1701=VERTEX_POINT('',#5879);
#1702=VERTEX_POINT('',#5880);
#1703=VERTEX_POINT('',#5882);
#1704=VERTEX_POINT('',#5884);
#1705=VERTEX_POINT('',#5888);
#1706=VERTEX_POINT('',#5889);
#1707=VERTEX_POINT('',#5891);
#1708=VERTEX_POINT('',#5893);
#1709=VERTEX_POINT('',#5928);
#1710=VERTEX_POINT('',#5929);
#1711=VERTEX_POINT('',#5931);
#1712=VERTEX_POINT('',#5937);
#1713=VERTEX_POINT('',#5969);
#1714=VERTEX_POINT('',#5970);
#1715=VERTEX_POINT('',#5972);
#1716=VERTEX_POINT('',#5978);
#1717=VERTEX_POINT('',#5986);
#1718=VERTEX_POINT('',#5987);
#1719=VERTEX_POINT('',#5989);
#1720=VERTEX_POINT('',#5991);
#1721=VERTEX_POINT('',#5993);
#1722=VERTEX_POINT('',#5995);
#1723=VERTEX_POINT('',#5999);
#1724=VERTEX_POINT('',#6001);
#1725=VERTEX_POINT('',#6005);
#1726=VERTEX_POINT('',#6006);
#1727=VERTEX_POINT('',#6009);
#1728=VERTEX_POINT('',#6042);
#1729=VERTEX_POINT('',#6050);
#1730=VERTEX_POINT('',#6051);
#1731=VERTEX_POINT('',#6056);
#1732=VERTEX_POINT('',#6057);
#1733=VERTEX_POINT('',#6062);
#1734=VERTEX_POINT('',#6096);
#1735=VERTEX_POINT('',#6104);
#1736=VERTEX_POINT('',#6105);
#1737=VERTEX_POINT('',#6114);
#1738=VERTEX_POINT('',#6116);
#1739=VERTEX_POINT('',#6118);
#1740=VERTEX_POINT('',#6120);
#1741=VERTEX_POINT('',#6129);
#1742=VERTEX_POINT('',#6133);
#1743=VERTEX_POINT('',#6137);
#1744=VERTEX_POINT('',#6147);
#1745=VERTEX_POINT('',#6160);
#1746=VERTEX_POINT('',#6164);
#1747=VERTEX_POINT('',#6168);
#1748=VERTEX_POINT('',#6172);
#1749=VERTEX_POINT('',#6178);
#1750=VERTEX_POINT('',#6180);
#1751=VERTEX_POINT('',#6184);
#1752=VERTEX_POINT('',#6186);
#1753=VERTEX_POINT('',#6188);
#1754=VERTEX_POINT('',#6190);
#1755=VERTEX_POINT('',#6192);
#1756=VERTEX_POINT('',#6194);
#1757=VERTEX_POINT('',#6196);
#1758=VERTEX_POINT('',#6198);
#1759=VERTEX_POINT('',#6202);
#1760=VERTEX_POINT('',#6203);
#1761=VERTEX_POINT('',#6205);
#1762=VERTEX_POINT('',#6207);
#1763=VERTEX_POINT('',#6209);
#1764=VERTEX_POINT('',#6211);
#1765=VERTEX_POINT('',#6214);
#1766=VERTEX_POINT('',#6215);
#1767=VERTEX_POINT('',#6217);
#1768=VERTEX_POINT('',#6219);
#1769=VERTEX_POINT('',#6221);
#1770=VERTEX_POINT('',#6223);
#1771=VERTEX_POINT('',#6225);
#1772=VERTEX_POINT('',#6227);
#1773=VERTEX_POINT('',#6231);
#1774=VERTEX_POINT('',#6232);
#1775=VERTEX_POINT('',#6235);
#1776=VERTEX_POINT('',#6237);
#1777=VERTEX_POINT('',#6240);
#1778=VERTEX_POINT('',#6241);
#1779=VERTEX_POINT('',#6243);
#1780=VERTEX_POINT('',#6245);
#1781=VERTEX_POINT('',#6247);
#1782=VERTEX_POINT('',#6249);
#1783=VERTEX_POINT('',#6251);
#1784=VERTEX_POINT('',#6253);
#1785=VERTEX_POINT('',#6278);
#1786=VERTEX_POINT('',#6280);
#1787=VERTEX_POINT('',#6286);
#1788=VERTEX_POINT('',#6292);
#1789=VERTEX_POINT('',#6296);
#1790=VERTEX_POINT('',#6297);
#1791=VERTEX_POINT('',#6299);
#1792=VERTEX_POINT('',#6301);
#1793=VERTEX_POINT('',#6303);
#1794=VERTEX_POINT('',#6306);
#1795=VERTEX_POINT('',#6308);
#1796=VERTEX_POINT('',#6310);
#1797=VERTEX_POINT('',#6312);
#1798=VERTEX_POINT('',#6314);
#1799=VERTEX_POINT('',#6317);
#1800=VERTEX_POINT('',#6319);
#1801=VERTEX_POINT('',#6325);
#1802=VERTEX_POINT('',#6331);
#1803=VERTEX_POINT('',#6335);
#1804=VERTEX_POINT('',#6337);
#1805=VERTEX_POINT('',#6341);
#1806=VERTEX_POINT('',#6347);
#1807=VERTEX_POINT('',#6351);
#1808=VERTEX_POINT('',#6353);
#1809=VERTEX_POINT('',#6357);
#1810=VERTEX_POINT('',#6359);
#1811=VERTEX_POINT('',#6382);
#1812=VERTEX_POINT('',#6383);
#1813=VERTEX_POINT('',#6394);
#1814=VERTEX_POINT('',#6396);
#1815=VERTEX_POINT('',#6400);
#1816=VERTEX_POINT('',#6401);
#1817=VERTEX_POINT('',#6406);
#1818=VERTEX_POINT('',#6407);
#1819=VERTEX_POINT('',#6412);
#1820=VERTEX_POINT('',#6413);
#1821=VERTEX_POINT('',#6418);
#1822=VERTEX_POINT('',#6419);
#1823=VERTEX_POINT('',#6424);
#1824=VERTEX_POINT('',#6425);
#1825=VERTEX_POINT('',#6430);
#1826=VERTEX_POINT('',#6431);
#1827=VERTEX_POINT('',#6445);
#1828=VERTEX_POINT('',#6447);
#1829=VERTEX_POINT('',#6451);
#1830=VERTEX_POINT('',#6455);
#1831=VERTEX_POINT('',#6459);
#1832=VERTEX_POINT('',#6463);
#1833=VERTEX_POINT('',#6467);
#1834=VERTEX_POINT('',#6471);
#1835=VERTEX_POINT('',#6473);
#1836=VERTEX_POINT('',#6484);
#1837=VERTEX_POINT('',#6486);
#1838=VERTEX_POINT('',#6488);
#1839=VERTEX_POINT('',#6490);
#1840=VERTEX_POINT('',#6492);
#1841=VERTEX_POINT('',#6496);
#1842=VERTEX_POINT('',#6497);
#1843=VERTEX_POINT('',#6508);
#1844=VERTEX_POINT('',#6510);
#1845=VERTEX_POINT('',#6514);
#1846=VERTEX_POINT('',#6515);
#1847=VERTEX_POINT('',#6520);
#1848=VERTEX_POINT('',#6521);
#1849=VERTEX_POINT('',#6526);
#1850=VERTEX_POINT('',#6527);
#1851=VERTEX_POINT('',#6532);
#1852=VERTEX_POINT('',#6533);
#1853=VERTEX_POINT('',#6538);
#1854=VERTEX_POINT('',#6539);
#1855=VERTEX_POINT('',#6547);
#1856=VERTEX_POINT('',#6549);
#1857=VERTEX_POINT('',#6553);
#1858=VERTEX_POINT('',#6557);
#1859=VERTEX_POINT('',#6561);
#1860=VERTEX_POINT('',#6565);
#1861=VERTEX_POINT('',#6569);
#1862=VERTEX_POINT('',#6573);
#1863=VERTEX_POINT('',#6575);
#1864=VERTEX_POINT('',#6577);
#1865=VERTEX_POINT('',#6579);
#1866=VERTEX_POINT('',#6581);
#1867=VERTEX_POINT('',#6583);
#1868=VERTEX_POINT('',#6585);
#1869=VERTEX_POINT('',#6587);
#1870=VERTEX_POINT('',#6589);
#1871=VERTEX_POINT('',#6595);
#1872=VERTEX_POINT('',#6597);
#1873=VERTEX_POINT('',#6599);
#1874=VERTEX_POINT('',#6601);
#1875=VERTEX_POINT('',#6603);
#1876=VERTEX_POINT('',#6605);
#1877=VERTEX_POINT('',#6609);
#1878=VERTEX_POINT('',#6613);
#1879=VERTEX_POINT('',#6615);
#1880=VERTEX_POINT('',#6617);
#1881=VERTEX_POINT('',#6619);
#1882=VERTEX_POINT('',#6621);
#1883=VERTEX_POINT('',#6623);
#1884=VERTEX_POINT('',#6625);
#1885=VERTEX_POINT('',#6629);
#1886=VERTEX_POINT('',#6633);
#1887=VERTEX_POINT('',#6637);
#1888=VERTEX_POINT('',#6639);
#1889=VERTEX_POINT('',#6641);
#1890=VERTEX_POINT('',#6645);
#1891=VERTEX_POINT('',#6647);
#1892=VERTEX_POINT('',#6649);
#1893=VERTEX_POINT('',#6651);
#1894=VERTEX_POINT('',#6653);
#1895=VERTEX_POINT('',#6655);
#1896=VERTEX_POINT('',#6657);
#1897=VERTEX_POINT('',#6659);
#1898=VERTEX_POINT('',#6661);
#1899=VERTEX_POINT('',#6663);
#1900=VERTEX_POINT('',#6665);
#1901=VERTEX_POINT('',#6667);
#1902=VERTEX_POINT('',#6669);
#1903=VERTEX_POINT('',#6671);
#1904=VERTEX_POINT('',#6673);
#1905=VERTEX_POINT('',#6677);
#1906=VERTEX_POINT('',#6681);
#1907=VERTEX_POINT('',#6685);
#1908=VERTEX_POINT('',#6689);
#1909=VERTEX_POINT('',#6693);
#1910=VERTEX_POINT('',#6695);
#1911=VERTEX_POINT('',#6710);
#1912=VERTEX_POINT('',#6712);
#1913=VERTEX_POINT('',#6730);
#1914=VERTEX_POINT('',#6732);
#1915=VERTEX_POINT('',#6736);
#1916=VERTEX_POINT('',#6740);
#1917=VERTEX_POINT('',#6742);
#1918=VERTEX_POINT('',#6746);
#1919=VERTEX_POINT('',#6750);
#1920=VERTEX_POINT('',#6752);
#1921=VERTEX_POINT('',#6756);
#1922=VERTEX_POINT('',#6760);
#1923=VERTEX_POINT('',#6762);
#1924=VERTEX_POINT('',#6767);
#1925=VERTEX_POINT('',#6769);
#1926=VERTEX_POINT('',#6774);
#1927=VERTEX_POINT('',#6775);
#1928=VERTEX_POINT('',#6777);
#1929=VERTEX_POINT('',#6779);
#1930=VERTEX_POINT('',#6783);
#1931=VERTEX_POINT('',#6788);
#1932=VERTEX_POINT('',#6792);
#1933=VERTEX_POINT('',#6797);
#1934=VERTEX_POINT('',#6801);
#1935=VERTEX_POINT('',#6802);
#1936=VERTEX_POINT('',#6807);
#1937=VERTEX_POINT('',#6808);
#1938=VERTEX_POINT('',#6821);
#1939=VERTEX_POINT('',#6822);
#1940=VERTEX_POINT('',#6824);
#1941=VERTEX_POINT('',#6826);
#1942=VERTEX_POINT('',#6829);
#1943=VERTEX_POINT('',#6830);
#1944=VERTEX_POINT('',#6832);
#1945=VERTEX_POINT('',#6834);
#1946=VERTEX_POINT('',#6836);
#1947=VERTEX_POINT('',#6838);
#1948=VERTEX_POINT('',#6840);
#1949=VERTEX_POINT('',#6842);
#1950=VERTEX_POINT('',#6846);
#1951=VERTEX_POINT('',#6848);
#1952=VERTEX_POINT('',#6852);
#1953=VERTEX_POINT('',#6853);
#1954=VERTEX_POINT('',#6862);
#1955=VERTEX_POINT('',#6864);
#1956=VERTEX_POINT('',#6868);
#1957=VERTEX_POINT('',#6870);
#1958=VERTEX_POINT('',#6874);
#1959=VERTEX_POINT('',#6878);
#1960=VERTEX_POINT('',#6882);
#1961=VERTEX_POINT('',#6886);
#1962=VERTEX_POINT('',#6890);
#1963=VERTEX_POINT('',#6894);
#1964=VERTEX_POINT('',#6900);
#1965=VERTEX_POINT('',#6901);
#1966=VERTEX_POINT('',#6903);
#1967=VERTEX_POINT('',#6905);
#1968=VERTEX_POINT('',#6907);
#1969=VERTEX_POINT('',#6909);
#1970=VERTEX_POINT('',#6911);
#1971=VERTEX_POINT('',#6913);
#1972=VERTEX_POINT('',#6917);
#1973=VERTEX_POINT('',#6919);
#1974=VERTEX_POINT('',#6923);
#1975=VERTEX_POINT('',#6927);
#1976=VERTEX_POINT('',#6931);
#1977=VERTEX_POINT('',#6935);
#1978=VERTEX_POINT('',#6939);
#1979=VERTEX_POINT('',#6945);
#1980=VERTEX_POINT('',#6949);
#1981=VERTEX_POINT('',#6953);
#1982=VERTEX_POINT('',#6959);
#1983=VERTEX_POINT('',#6965);
#1984=VERTEX_POINT('',#6969);
#1985=VERTEX_POINT('',#6971);
#1986=VERTEX_POINT('',#6975);
#1987=VERTEX_POINT('',#6979);
#1988=VERTEX_POINT('',#6983);
#1989=VERTEX_POINT('',#6987);
#1990=VERTEX_POINT('',#6991);
#1991=VERTEX_POINT('',#6994);
#1992=VERTEX_POINT('',#6997);
#1993=VERTEX_POINT('',#6999);
#1994=VERTEX_POINT('',#7001);
#1995=VERTEX_POINT('',#7010);
#1996=VERTEX_POINT('',#7012);
#1997=VERTEX_POINT('',#7031);
#1998=VERTEX_POINT('',#7032);
#1999=VERTEX_POINT('',#7034);
#2000=VERTEX_POINT('',#7036);
#2001=VERTEX_POINT('',#7040);
#2002=VERTEX_POINT('',#7042);
#2003=VERTEX_POINT('',#7046);
#2004=VERTEX_POINT('',#7048);
#2005=VERTEX_POINT('',#7052);
#2006=VERTEX_POINT('',#7054);
#2007=VERTEX_POINT('',#7058);
#2008=VERTEX_POINT('',#7060);
#2009=VERTEX_POINT('',#7064);
#2010=VERTEX_POINT('',#7066);
#2011=VERTEX_POINT('',#7070);
#2012=VERTEX_POINT('',#7072);
#2013=EDGE_CURVE('',#1639,#1640,#1623,.T.);
#2014=EDGE_CURVE('',#1640,#1641,#1413,.T.);
#2015=EDGE_CURVE('',#1641,#1642,#1414,.T.);
#2016=EDGE_CURVE('',#1642,#1639,#1415,.T.);
#2017=EDGE_CURVE('',#1643,#1644,#1416,.T.);
#2018=EDGE_CURVE('',#1644,#1642,#150,.T.);
#2019=EDGE_CURVE('',#1641,#1643,#151,.T.);
#2020=EDGE_CURVE('',#1645,#1646,#1624,.T.);
#2021=EDGE_CURVE('',#1646,#1644,#1417,.T.);
#2022=EDGE_CURVE('',#1643,#1645,#1418,.T.);
#2023=EDGE_CURVE('',#1647,#1646,#152,.T.);
#2024=EDGE_CURVE('',#1648,#1647,#1419,.T.);
#2025=EDGE_CURVE('',#1649,#1648,#153,.T.);
#2026=EDGE_CURVE('',#1650,#1649,#1420,.T.);
#2027=EDGE_CURVE('',#1651,#1650,#154,.T.);
#2028=EDGE_CURVE('',#1652,#1651,#155,.T.);
#2029=EDGE_CURVE('',#1653,#1652,#156,.T.);
#2030=EDGE_CURVE('',#1653,#1654,#157,.T.);
#2031=EDGE_CURVE('',#1639,#1654,#158,.T.);
#2032=EDGE_CURVE('',#1645,#1655,#159,.T.);
#2033=EDGE_CURVE('',#1655,#1656,#160,.T.);
#2034=EDGE_CURVE('',#1656,#1657,#161,.T.);
#2035=EDGE_CURVE('',#1657,#1658,#162,.T.);
#2036=EDGE_CURVE('',#1658,#1659,#163,.T.);
#2037=EDGE_CURVE('',#1659,#1660,#164,.T.);
#2038=EDGE_CURVE('',#1660,#1661,#165,.T.);
#2039=EDGE_CURVE('',#1647,#1661,#1625,.T.);
#2040=EDGE_CURVE('',#1661,#1662,#1421,.T.);
#2041=EDGE_CURVE('',#1662,#1648,#1422,.T.);
#2042=EDGE_CURVE('',#1663,#1649,#1423,.T.);
#2043=EDGE_CURVE('',#1662,#1663,#166,.T.);
#2044=EDGE_CURVE('',#1664,#1650,#1626,.T.);
#2045=EDGE_CURVE('',#1663,#1664,#1424,.T.);
#2046=EDGE_CURVE('',#1662,#1665,#167,.T.);
#2047=EDGE_CURVE('',#1665,#1666,#168,.T.);
#2048=EDGE_CURVE('',#1663,#1666,#169,.T.);
#2049=EDGE_CURVE('',#1660,#1665,#1425,.T.);
#2050=EDGE_CURVE('',#1666,#1667,#1426,.T.);
#2051=EDGE_CURVE('',#1664,#1667,#170,.T.);
#2052=EDGE_CURVE('',#1668,#1659,#1427,.T.);
#2053=EDGE_CURVE('',#1669,#1668,#171,.T.);
#2054=EDGE_CURVE('',#1670,#1669,#1428,.T.);
#2055=EDGE_CURVE('',#1667,#1670,#172,.T.);
#2056=EDGE_CURVE('',#1643,#1671,#173,.T.);
#2057=EDGE_CURVE('',#1671,#1655,#1429,.T.);
#2058=EDGE_CURVE('',#1641,#1672,#174,.T.);
#2059=EDGE_CURVE('',#1672,#1671,#175,.T.);
#2060=EDGE_CURVE('',#1673,#1640,#176,.T.);
#2061=EDGE_CURVE('',#1673,#1672,#1430,.T.);
#2062=EDGE_CURVE('',#1674,#1673,#177,.T.);
#2063=EDGE_CURVE('',#1675,#1674,#1431,.T.);
#2064=EDGE_CURVE('',#1676,#1675,#178,.T.);
#2065=EDGE_CURVE('',#1656,#1676,#1432,.T.);
#2066=EDGE_CURVE('',#1654,#1677,#1433,.T.);
#2067=EDGE_CURVE('',#1677,#1678,#179,.T.);
#2068=EDGE_CURVE('',#1678,#1679,#1434,.T.);
#2069=EDGE_CURVE('',#1679,#1680,#180,.T.);
#2070=EDGE_CURVE('',#1680,#1681,#1435,.T.);
#2071=EDGE_CURVE('',#1681,#1682,#181,.T.);
#2072=EDGE_CURVE('',#1682,#1651,#1436,.T.);
#2073=EDGE_CURVE('',#1670,#1683,#182,.T.);
#2074=EDGE_CURVE('',#1683,#1684,#183,.T.);
#2075=EDGE_CURVE('',#1684,#1685,#1437,.T.);
#2076=EDGE_CURVE('',#1685,#1686,#184,.T.);
#2077=EDGE_CURVE('',#1686,#1687,#1438,.T.);
#2078=EDGE_CURVE('',#1687,#1688,#185,.T.);
#2079=EDGE_CURVE('',#1688,#1689,#1439,.T.);
#2080=EDGE_CURVE('',#1689,#1690,#186,.T.);
#2081=EDGE_CURVE('',#1690,#1691,#1440,.T.);
#2082=EDGE_CURVE('',#1691,#1692,#187,.T.);
#2083=EDGE_CURVE('',#1692,#1674,#188,.T.);
#2084=EDGE_CURVE('',#1693,#1694,#189,.T.);
#2085=EDGE_CURVE('',#1695,#1694,#190,.T.);
#2086=EDGE_CURVE('',#1696,#1695,#191,.T.);
#2087=EDGE_CURVE('',#1693,#1696,#192,.T.);
#2088=EDGE_CURVE('',#1697,#1693,#193,.T.);
#2089=EDGE_CURVE('',#1698,#1696,#194,.T.);
#2090=EDGE_CURVE('',#1697,#1698,#195,.T.);
#2091=EDGE_CURVE('',#1699,#1697,#196,.T.);
#2092=EDGE_CURVE('',#1700,#1698,#197,.T.);
#2093=EDGE_CURVE('',#1699,#1700,#198,.T.);
#2094=EDGE_CURVE('',#1694,#1699,#199,.T.);
#2095=EDGE_CURVE('',#1700,#1695,#200,.T.);
#2096=EDGE_CURVE('',#1701,#1702,#201,.T.);
#2097=EDGE_CURVE('',#1702,#1703,#202,.T.);
#2098=EDGE_CURVE('',#1704,#1703,#203,.T.);
#2099=EDGE_CURVE('',#1701,#1704,#204,.T.);
#2100=EDGE_CURVE('',#1705,#1706,#205,.T.);
#2101=EDGE_CURVE('',#1707,#1706,#206,.T.);
#2102=EDGE_CURVE('',#1708,#1707,#207,.T.);
#2103=EDGE_CURVE('',#1705,#1708,#208,.T.);
#2104=EDGE_CURVE('',#1702,#1705,#209,.T.);
#2105=EDGE_CURVE('',#1703,#1708,#210,.T.);
#2106=EDGE_CURVE('',#1706,#1701,#211,.T.);
#2107=EDGE_CURVE('',#1704,#1707,#212,.T.);
#2108=EDGE_CURVE('',#1709,#1710,#1441,.T.);
#2109=EDGE_CURVE('',#1709,#1711,#1627,.T.);
#2110=EDGE_CURVE('',#1711,#1712,#1442,.T.);
#2111=EDGE_CURVE('',#1710,#1712,#1628,.T.);
#2112=EDGE_CURVE('',#1713,#1714,#1443,.T.);
#2113=EDGE_CURVE('',#1713,#1715,#1629,.T.);
#2114=EDGE_CURVE('',#1715,#1716,#1444,.T.);
#2115=EDGE_CURVE('',#1714,#1716,#1630,.T.);
#2116=EDGE_CURVE('',#1717,#1718,#213,.T.);
#2117=EDGE_CURVE('',#1719,#1717,#214,.T.);
#2118=EDGE_CURVE('',#1720,#1719,#1445,.T.);
#2119=EDGE_CURVE('',#1721,#1720,#215,.T.);
#2120=EDGE_CURVE('',#1722,#1721,#1446,.T.);
#2121=EDGE_CURVE('',#1718,#1722,#216,.T.);
#2122=EDGE_CURVE('',#1723,#1718,#43,.F.);
#2123=EDGE_CURVE('',#1723,#1724,#217,.T.);
#2124=EDGE_CURVE('',#1717,#1724,#44,.F.);
#2125=EDGE_CURVE('',#1725,#1726,#1447,.T.);
#2126=EDGE_CURVE('',#1726,#1709,#218,.T.);
#2127=EDGE_CURVE('',#1710,#1727,#1448,.T.);
#2128=EDGE_CURVE('',#1727,#1725,#219,.T.);
#2129=EDGE_CURVE('',#1712,#1728,#1449,.T.);
#2130=EDGE_CURVE('',#1728,#1727,#1631,.T.);
#2131=EDGE_CURVE('',#1729,#1730,#1450,.T.);
#2132=EDGE_CURVE('',#1730,#1728,#1451,.T.);
#2133=EDGE_CURVE('',#1711,#1729,#1452,.T.);
#2134=EDGE_CURVE('',#1731,#1732,#1453,.T.);
#2135=EDGE_CURVE('',#1732,#1730,#220,.T.);
#2136=EDGE_CURVE('',#1729,#1731,#221,.T.);
#2137=EDGE_CURVE('',#1714,#1733,#1454,.T.);
#2138=EDGE_CURVE('',#1733,#1732,#1455,.T.);
#2139=EDGE_CURVE('',#1731,#1713,#1456,.T.);
#2140=EDGE_CURVE('',#1716,#1734,#1457,.T.);
#2141=EDGE_CURVE('',#1734,#1733,#1632,.T.);
#2142=EDGE_CURVE('',#1735,#1736,#1458,.T.);
#2143=EDGE_CURVE('',#1736,#1734,#222,.T.);
#2144=EDGE_CURVE('',#1715,#1735,#223,.T.);
#2145=EDGE_CURVE('',#1725,#1726,#1459,.T.);
#2146=EDGE_CURVE('',#1736,#1735,#1460,.T.);
#2147=EDGE_CURVE('',#1725,#1737,#1461,.T.);
#2148=EDGE_CURVE('',#1737,#1738,#1462,.T.);
#2149=EDGE_CURVE('',#1739,#1738,#224,.T.);
#2150=EDGE_CURVE('',#1740,#1739,#1463,.T.);
#2151=EDGE_CURVE('',#1740,#1726,#1464,.T.);
#2152=EDGE_CURVE('',#1679,#1728,#225,.T.);
#2153=EDGE_CURVE('',#1737,#1678,#226,.T.);
#2154=EDGE_CURVE('',#1680,#1733,#227,.T.);
#2155=EDGE_CURVE('',#1741,#1736,#1465,.T.);
#2156=EDGE_CURVE('',#1741,#1681,#228,.T.);
#2157=EDGE_CURVE('',#1735,#1742,#1466,.T.);
#2158=EDGE_CURVE('',#1742,#1741,#1467,.T.);
#2159=EDGE_CURVE('',#1743,#1719,#1468,.T.);
#2160=EDGE_CURVE('',#1724,#1740,#229,.T.);
#2161=EDGE_CURVE('',#1737,#1743,#230,.T.);
#2162=EDGE_CURVE('',#1653,#1720,#1469,.T.);
#2163=EDGE_CURVE('',#1743,#1653,#1470,.T.);
#2164=EDGE_CURVE('',#1652,#1721,#1471,.T.);
#2165=EDGE_CURVE('',#1744,#1722,#1472,.T.);
#2166=EDGE_CURVE('',#1652,#1744,#1473,.T.);
#2167=EDGE_CURVE('',#1742,#1723,#231,.T.);
#2168=EDGE_CURVE('',#1744,#1741,#232,.T.);
#2169=EDGE_CURVE('',#1744,#1682,#233,.T.);
#2170=EDGE_CURVE('',#1743,#1677,#234,.T.);
#2171=EDGE_CURVE('',#1669,#1745,#235,.T.);
#2172=EDGE_CURVE('',#1683,#1745,#1474,.T.);
#2173=EDGE_CURVE('',#1668,#1746,#236,.T.);
#2174=EDGE_CURVE('',#1745,#1746,#237,.T.);
#2175=EDGE_CURVE('',#1676,#1747,#238,.T.);
#2176=EDGE_CURVE('',#1657,#1747,#1475,.T.);
#2177=EDGE_CURVE('',#1675,#1748,#239,.T.);
#2178=EDGE_CURVE('',#1747,#1748,#240,.T.);
#2179=EDGE_CURVE('',#1746,#1658,#1476,.T.);
#2180=EDGE_CURVE('',#1748,#1692,#1477,.T.);
#2181=EDGE_CURVE('',#1749,#1691,#241,.T.);
#2182=EDGE_CURVE('',#1749,#1750,#242,.T.);
#2183=EDGE_CURVE('',#1750,#1684,#243,.T.);
#2184=EDGE_CURVE('',#1751,#1685,#244,.T.);
#2185=EDGE_CURVE('',#1751,#1752,#245,.T.);
#2186=EDGE_CURVE('',#1752,#1753,#246,.T.);
#2187=EDGE_CURVE('',#1753,#1754,#247,.T.);
#2188=EDGE_CURVE('',#1754,#1755,#248,.T.);
#2189=EDGE_CURVE('',#1755,#1756,#249,.T.);
#2190=EDGE_CURVE('',#1757,#1756,#250,.T.);
#2191=EDGE_CURVE('',#1757,#1758,#251,.T.);
#2192=EDGE_CURVE('',#1758,#1686,#252,.T.);
#2193=EDGE_CURVE('',#1759,#1760,#253,.T.);
#2194=EDGE_CURVE('',#1761,#1759,#1478,.T.);
#2195=EDGE_CURVE('',#1762,#1761,#254,.T.);
#2196=EDGE_CURVE('',#1763,#1762,#255,.T.);
#2197=EDGE_CURVE('',#1764,#1763,#256,.T.);
#2198=EDGE_CURVE('',#1760,#1764,#1479,.T.);
#2199=EDGE_CURVE('',#1765,#1766,#1480,.T.);
#2200=EDGE_CURVE('',#1766,#1767,#257,.T.);
#2201=EDGE_CURVE('',#1767,#1768,#1481,.T.);
#2202=EDGE_CURVE('',#1768,#1769,#258,.T.);
#2203=EDGE_CURVE('',#1769,#1770,#1482,.T.);
#2204=EDGE_CURVE('',#1770,#1771,#259,.T.);
#2205=EDGE_CURVE('',#1771,#1772,#1483,.T.);
#2206=EDGE_CURVE('',#1772,#1765,#260,.T.);
#2207=EDGE_CURVE('',#1773,#1774,#261,.T.);
#2208=EDGE_CURVE('',#1754,#1773,#1484,.T.);
#2209=EDGE_CURVE('',#1775,#1753,#262,.T.);
#2210=EDGE_CURVE('',#1776,#1775,#263,.T.);
#2211=EDGE_CURVE('',#1774,#1776,#1485,.T.);
#2212=EDGE_CURVE('',#1777,#1778,#1486,.T.);
#2213=EDGE_CURVE('',#1778,#1779,#264,.T.);
#2214=EDGE_CURVE('',#1779,#1780,#1487,.T.);
#2215=EDGE_CURVE('',#1780,#1781,#265,.T.);
#2216=EDGE_CURVE('',#1781,#1782,#1488,.T.);
#2217=EDGE_CURVE('',#1782,#1783,#266,.T.);
#2218=EDGE_CURVE('',#1783,#1784,#1489,.T.);
#2219=EDGE_CURVE('',#1784,#1777,#267,.T.);
#2220=EDGE_CURVE('',#1766,#1777,#268,.T.);
#2221=EDGE_CURVE('',#1767,#1784,#269,.T.);
#2222=EDGE_CURVE('',#1768,#1783,#270,.T.);
#2223=EDGE_CURVE('',#1769,#1782,#271,.T.);
#2224=EDGE_CURVE('',#1770,#1781,#272,.T.);
#2225=EDGE_CURVE('',#1771,#1780,#273,.T.);
#2226=EDGE_CURVE('',#1772,#1779,#274,.T.);
#2227=EDGE_CURVE('',#1765,#1778,#275,.T.);
#2228=EDGE_CURVE('',#1724,#1762,#276,.T.);
#2229=EDGE_CURVE('',#1740,#1761,#277,.T.);
#2230=EDGE_CURVE('',#1763,#1723,#278,.T.);
#2231=EDGE_CURVE('',#1776,#1785,#279,.T.);
#2232=EDGE_CURVE('',#1785,#1786,#1490,.T.);
#2233=EDGE_CURVE('',#1786,#1774,#280,.T.);
#2234=EDGE_CURVE('',#1759,#1711,#281,.T.);
#2235=EDGE_CURVE('',#1787,#1773,#282,.T.);
#2236=EDGE_CURVE('',#1787,#1755,#1491,.T.);
#2237=EDGE_CURVE('',#1786,#1787,#283,.T.);
#2238=EDGE_CURVE('',#1788,#1752,#284,.T.);
#2239=EDGE_CURVE('',#1775,#1788,#285,.T.);
#2240=EDGE_CURVE('',#1789,#1790,#286,.T.);
#2241=EDGE_CURVE('',#1791,#1790,#287,.T.);
#2242=EDGE_CURVE('',#1792,#1791,#1492,.T.);
#2243=EDGE_CURVE('',#1793,#1792,#288,.T.);
#2244=EDGE_CURVE('',#1758,#1793,#1493,.T.);
#2245=EDGE_CURVE('',#1757,#1794,#289,.T.);
#2246=EDGE_CURVE('',#1795,#1794,#1494,.T.);
#2247=EDGE_CURVE('',#1795,#1796,#290,.T.);
#2248=EDGE_CURVE('',#1797,#1796,#291,.T.);
#2249=EDGE_CURVE('',#1798,#1797,#292,.T.);
#2250=EDGE_CURVE('',#1789,#1798,#1495,.T.);
#2251=EDGE_CURVE('',#1799,#1799,#1496,.T.);
#2252=EDGE_CURVE('',#1800,#1800,#1497,.T.);
#2253=EDGE_CURVE('',#1742,#1764,#293,.T.);
#2254=EDGE_CURVE('',#1750,#1751,#1498,.T.);
#2255=EDGE_CURVE('',#1801,#1749,#1499,.T.);
#2256=EDGE_CURVE('',#1788,#1801,#294,.T.);
#2257=EDGE_CURVE('',#1760,#1713,#295,.T.);
#2258=EDGE_CURVE('',#1802,#1802,#1500,.T.);
#2259=EDGE_CURVE('',#1802,#1799,#296,.T.);
#2260=EDGE_CURVE('',#1794,#1803,#297,.T.);
#2261=EDGE_CURVE('',#1804,#1803,#1501,.T.);
#2262=EDGE_CURVE('',#1795,#1804,#298,.T.);
#2263=EDGE_CURVE('',#1805,#1804,#299,.T.);
#2264=EDGE_CURVE('',#1796,#1805,#300,.T.);
#2265=EDGE_CURVE('',#1803,#1756,#301,.T.);
#2266=EDGE_CURVE('',#1806,#1806,#1502,.T.);
#2267=EDGE_CURVE('',#1806,#1800,#302,.T.);
#2268=EDGE_CURVE('',#1789,#1807,#303,.T.);
#2269=EDGE_CURVE('',#1808,#1807,#304,.T.);
#2270=EDGE_CURVE('',#1790,#1808,#305,.T.);
#2271=EDGE_CURVE('',#1809,#1797,#306,.T.);
#2272=EDGE_CURVE('',#1810,#1809,#307,.T.);
#2273=EDGE_CURVE('',#1798,#1810,#308,.T.);
#2274=EDGE_CURVE('',#1807,#1810,#1503,.T.);
#2275=EDGE_CURVE('',#1809,#1805,#309,.T.);
#2276=EDGE_CURVE('',#1808,#1785,#310,.T.);
#2277=EDGE_CURVE('',#1687,#1793,#311,.T.);
#2278=EDGE_CURVE('',#1792,#1688,#312,.T.);
#2279=EDGE_CURVE('',#1791,#1689,#313,.T.);
#2280=EDGE_CURVE('',#1801,#1690,#314,.T.);
#2281=EDGE_CURVE('',#1811,#1812,#1633,.T.);
#2282=EDGE_CURVE('',#1812,#1813,#1504,.T.);
#2283=EDGE_CURVE('',#1813,#1814,#1505,.T.);
#2284=EDGE_CURVE('',#1814,#1811,#1506,.T.);
#2285=EDGE_CURVE('',#1815,#1816,#1507,.T.);
#2286=EDGE_CURVE('',#1816,#1814,#315,.T.);
#2287=EDGE_CURVE('',#1813,#1815,#316,.T.);
#2288=EDGE_CURVE('',#1817,#1818,#1508,.T.);
#2289=EDGE_CURVE('',#1818,#1816,#1509,.T.);
#2290=EDGE_CURVE('',#1815,#1817,#1510,.T.);
#2291=EDGE_CURVE('',#1819,#1820,#1511,.T.);
#2292=EDGE_CURVE('',#1820,#1818,#317,.T.);
#2293=EDGE_CURVE('',#1817,#1819,#318,.T.);
#2294=EDGE_CURVE('',#1821,#1822,#1512,.T.);
#2295=EDGE_CURVE('',#1822,#1820,#1513,.T.);
#2296=EDGE_CURVE('',#1819,#1821,#1514,.T.);
#2297=EDGE_CURVE('',#1823,#1824,#1515,.T.);
#2298=EDGE_CURVE('',#1824,#1822,#319,.T.);
#2299=EDGE_CURVE('',#1821,#1823,#320,.T.);
#2300=EDGE_CURVE('',#1825,#1826,#1634,.T.);
#2301=EDGE_CURVE('',#1826,#1824,#1516,.T.);
#2302=EDGE_CURVE('',#1823,#1825,#1517,.T.);
#2303=EDGE_CURVE('',#1821,#1827,#321,.T.);
#2304=EDGE_CURVE('',#1827,#1828,#322,.T.);
#2305=EDGE_CURVE('',#1823,#1828,#323,.T.);
#2306=EDGE_CURVE('',#1819,#1829,#324,.T.);
#2307=EDGE_CURVE('',#1829,#1827,#1518,.T.);
#2308=EDGE_CURVE('',#1817,#1830,#325,.T.);
#2309=EDGE_CURVE('',#1830,#1829,#326,.T.);
#2310=EDGE_CURVE('',#1815,#1831,#327,.T.);
#2311=EDGE_CURVE('',#1831,#1830,#1519,.T.);
#2312=EDGE_CURVE('',#1813,#1832,#328,.T.);
#2313=EDGE_CURVE('',#1832,#1831,#329,.T.);
#2314=EDGE_CURVE('',#1833,#1812,#330,.T.);
#2315=EDGE_CURVE('',#1833,#1832,#1520,.T.);
#2316=EDGE_CURVE('',#1834,#1811,#331,.T.);
#2317=EDGE_CURVE('',#1835,#1834,#1635,.T.);
#2318=EDGE_CURVE('',#1835,#1836,#332,.T.);
#2319=EDGE_CURVE('',#1836,#1837,#333,.T.);
#2320=EDGE_CURVE('',#1838,#1837,#334,.T.);
#2321=EDGE_CURVE('',#1839,#1838,#335,.T.);
#2322=EDGE_CURVE('',#1840,#1839,#336,.T.);
#2323=EDGE_CURVE('',#1840,#1833,#337,.T.);
#2324=EDGE_CURVE('',#1841,#1842,#1636,.T.);
#2325=EDGE_CURVE('',#1842,#1843,#1521,.T.);
#2326=EDGE_CURVE('',#1843,#1844,#1522,.T.);
#2327=EDGE_CURVE('',#1844,#1841,#1523,.T.);
#2328=EDGE_CURVE('',#1845,#1846,#1524,.T.);
#2329=EDGE_CURVE('',#1846,#1844,#338,.T.);
#2330=EDGE_CURVE('',#1843,#1845,#339,.T.);
#2331=EDGE_CURVE('',#1847,#1848,#1525,.T.);
#2332=EDGE_CURVE('',#1848,#1846,#1526,.T.);
#2333=EDGE_CURVE('',#1845,#1847,#1527,.T.);
#2334=EDGE_CURVE('',#1849,#1850,#1528,.T.);
#2335=EDGE_CURVE('',#1850,#1848,#340,.T.);
#2336=EDGE_CURVE('',#1847,#1849,#341,.T.);
#2337=EDGE_CURVE('',#1851,#1852,#1529,.T.);
#2338=EDGE_CURVE('',#1852,#1850,#1530,.T.);
#2339=EDGE_CURVE('',#1849,#1851,#1531,.T.);
#2340=EDGE_CURVE('',#1853,#1854,#1532,.T.);
#2341=EDGE_CURVE('',#1854,#1852,#342,.T.);
#2342=EDGE_CURVE('',#1851,#1853,#343,.T.);
#2343=EDGE_CURVE('',#1834,#1854,#1533,.T.);
#2344=EDGE_CURVE('',#1853,#1835,#1534,.T.);
#2345=EDGE_CURVE('',#1851,#1855,#344,.T.);
#2346=EDGE_CURVE('',#1855,#1856,#345,.T.);
#2347=EDGE_CURVE('',#1853,#1856,#346,.T.);
#2348=EDGE_CURVE('',#1849,#1857,#347,.T.);
#2349=EDGE_CURVE('',#1857,#1855,#1535,.T.);
#2350=EDGE_CURVE('',#1847,#1858,#348,.T.);
#2351=EDGE_CURVE('',#1858,#1857,#349,.T.);
#2352=EDGE_CURVE('',#1845,#1859,#350,.T.);
#2353=EDGE_CURVE('',#1859,#1858,#1536,.T.);
#2354=EDGE_CURVE('',#1843,#1860,#351,.T.);
#2355=EDGE_CURVE('',#1860,#1859,#352,.T.);
#2356=EDGE_CURVE('',#1861,#1842,#353,.T.);
#2357=EDGE_CURVE('',#1861,#1860,#1537,.T.);
#2358=EDGE_CURVE('',#1862,#1841,#354,.T.);
#2359=EDGE_CURVE('',#1863,#1862,#1538,.T.);
#2360=EDGE_CURVE('',#1864,#1863,#355,.T.);
#2361=EDGE_CURVE('',#1865,#1864,#1539,.T.);
#2362=EDGE_CURVE('',#1865,#1866,#356,.T.);
#2363=EDGE_CURVE('',#1867,#1866,#357,.T.);
#2364=EDGE_CURVE('',#1868,#1867,#1540,.T.);
#2365=EDGE_CURVE('',#1869,#1868,#358,.T.);
#2366=EDGE_CURVE('',#1870,#1869,#359,.T.);
#2367=EDGE_CURVE('',#1870,#1861,#360,.T.);
#2368=EDGE_CURVE('',#1856,#1836,#1541,.T.);
#2369=EDGE_CURVE('',#1871,#1870,#1542,.T.);
#2370=EDGE_CURVE('',#1872,#1871,#361,.T.);
#2371=EDGE_CURVE('',#1873,#1872,#1543,.T.);
#2372=EDGE_CURVE('',#1874,#1873,#362,.T.);
#2373=EDGE_CURVE('',#1875,#1874,#1544,.T.);
#2374=EDGE_CURVE('',#1876,#1875,#363,.T.);
#2375=EDGE_CURVE('',#1837,#1876,#1545,.T.);
#2376=EDGE_CURVE('',#1828,#1877,#1546,.T.);
#2377=EDGE_CURVE('',#1825,#1877,#364,.T.);
#2378=EDGE_CURVE('',#1877,#1878,#365,.T.);
#2379=EDGE_CURVE('',#1879,#1840,#1547,.T.);
#2380=EDGE_CURVE('',#1880,#1879,#366,.T.);
#2381=EDGE_CURVE('',#1881,#1880,#1548,.T.);
#2382=EDGE_CURVE('',#1882,#1881,#367,.T.);
#2383=EDGE_CURVE('',#1883,#1882,#1549,.T.);
#2384=EDGE_CURVE('',#1884,#1883,#368,.T.);
#2385=EDGE_CURVE('',#1878,#1884,#1550,.T.);
#2386=EDGE_CURVE('',#1876,#1885,#369,.T.);
#2387=EDGE_CURVE('',#1838,#1885,#1551,.T.);
#2388=EDGE_CURVE('',#1875,#1886,#370,.T.);
#2389=EDGE_CURVE('',#1885,#1886,#371,.T.);
#2390=EDGE_CURVE('',#1826,#1887,#372,.T.);
#2391=EDGE_CURVE('',#1887,#1888,#373,.T.);
#2392=EDGE_CURVE('',#1889,#1888,#374,.T.);
#2393=EDGE_CURVE('',#1862,#1889,#375,.T.);
#2394=EDGE_CURVE('',#1890,#1878,#376,.T.);
#2395=EDGE_CURVE('',#1891,#1890,#377,.T.);
#2396=EDGE_CURVE('',#1892,#1891,#1552,.T.);
#2397=EDGE_CURVE('',#1893,#1892,#378,.T.);
#2398=EDGE_CURVE('',#1894,#1893,#1553,.T.);
#2399=EDGE_CURVE('',#1895,#1894,#379,.T.);
#2400=EDGE_CURVE('',#1896,#1895,#1554,.T.);
#2401=EDGE_CURVE('',#1897,#1896,#380,.T.);
#2402=EDGE_CURVE('',#1897,#1898,#381,.T.);
#2403=EDGE_CURVE('',#1899,#1898,#1555,.T.);
#2404=EDGE_CURVE('',#1900,#1899,#382,.T.);
#2405=EDGE_CURVE('',#1901,#1900,#1556,.T.);
#2406=EDGE_CURVE('',#1902,#1901,#383,.T.);
#2407=EDGE_CURVE('',#1903,#1902,#1557,.T.);
#2408=EDGE_CURVE('',#1904,#1903,#384,.T.);
#2409=EDGE_CURVE('',#1887,#1904,#1558,.T.);
#2410=EDGE_CURVE('',#1884,#1905,#385,.T.);
#2411=EDGE_CURVE('',#1890,#1905,#1559,.T.);
#2412=EDGE_CURVE('',#1883,#1906,#386,.T.);
#2413=EDGE_CURVE('',#1905,#1906,#387,.T.);
#2414=EDGE_CURVE('',#1882,#1907,#388,.T.);
#2415=EDGE_CURVE('',#1906,#1907,#1560,.T.);
#2416=EDGE_CURVE('',#1881,#1908,#389,.T.);
#2417=EDGE_CURVE('',#1907,#1908,#390,.T.);
#2418=EDGE_CURVE('',#1909,#1865,#391,.T.);
#2419=EDGE_CURVE('',#1864,#1910,#392,.T.);
#2420=EDGE_CURVE('',#1910,#1909,#1637,.T.);
#2421=EDGE_CURVE('',#1911,#1909,#1561,.T.);
#2422=EDGE_CURVE('',#1910,#1912,#1562,.T.);
#2423=EDGE_CURVE('',#1912,#1911,#1638,.T.);
#2424=EDGE_CURVE('',#1912,#1899,#393,.T.);
#2425=EDGE_CURVE('',#1898,#1911,#394,.T.);
#2426=EDGE_CURVE('',#1863,#1913,#395,.T.);
#2427=EDGE_CURVE('',#1914,#1913,#396,.T.);
#2428=EDGE_CURVE('',#1900,#1914,#397,.T.);
#2429=EDGE_CURVE('',#1915,#1909,#398,.T.);
#2430=EDGE_CURVE('',#1866,#1915,#399,.T.);
#2431=EDGE_CURVE('',#1916,#1916,#1563,.T.);
#2432=EDGE_CURVE('',#1916,#1917,#400,.T.);
#2433=EDGE_CURVE('',#1917,#1917,#1564,.T.);
#2434=EDGE_CURVE('',#1917,#1918,#401,.T.);
#2435=EDGE_CURVE('',#1918,#1918,#1565,.T.);
#2436=EDGE_CURVE('',#1919,#1919,#1566,.T.);
#2437=EDGE_CURVE('',#1919,#1920,#402,.T.);
#2438=EDGE_CURVE('',#1920,#1920,#1567,.T.);
#2439=EDGE_CURVE('',#1920,#1921,#403,.T.);
#2440=EDGE_CURVE('',#1921,#1921,#1568,.T.);
#2441=EDGE_CURVE('',#1922,#1922,#1569,.T.);
#2442=EDGE_CURVE('',#1922,#1923,#404,.T.);
#2443=EDGE_CURVE('',#1923,#1923,#1570,.T.);
#2444=EDGE_CURVE('',#1924,#1924,#1571,.T.);
#2445=EDGE_CURVE('',#1924,#1925,#405,.T.);
#2446=EDGE_CURVE('',#1925,#1925,#1572,.T.);
#2447=EDGE_CURVE('',#1926,#1927,#1573,.T.);
#2448=EDGE_CURVE('',#1927,#1928,#406,.T.);
#2449=EDGE_CURVE('',#1928,#1929,#1574,.T.);
#2450=EDGE_CURVE('',#1929,#1926,#407,.T.);
#2451=EDGE_CURVE('',#1914,#1930,#1575,.T.);
#2452=EDGE_CURVE('',#1930,#1929,#1576,.T.);
#2453=EDGE_CURVE('',#1928,#1914,#1577,.T.);
#2454=EDGE_CURVE('',#1913,#1931,#1578,.T.);
#2455=EDGE_CURVE('',#1931,#1930,#408,.T.);
#2456=EDGE_CURVE('',#1889,#1932,#1579,.T.);
#2457=EDGE_CURVE('',#1932,#1931,#1580,.T.);
#2458=EDGE_CURVE('',#1913,#1889,#1581,.T.);
#2459=EDGE_CURVE('',#1888,#1933,#1582,.T.);
#2460=EDGE_CURVE('',#1933,#1932,#409,.T.);
#2461=EDGE_CURVE('',#1934,#1935,#1583,.T.);
#2462=EDGE_CURVE('',#1935,#1933,#1584,.T.);
#2463=EDGE_CURVE('',#1888,#1934,#1585,.T.);
#2464=EDGE_CURVE('',#1936,#1937,#1586,.T.);
#2465=EDGE_CURVE('',#1937,#1935,#410,.T.);
#2466=EDGE_CURVE('',#1934,#1936,#411,.T.);
#2467=EDGE_CURVE('',#1936,#1927,#1587,.T.);
#2468=EDGE_CURVE('',#1926,#1937,#1588,.T.);
#2469=EDGE_CURVE('',#1928,#1901,#412,.T.);
#2470=EDGE_CURVE('',#1927,#1902,#413,.T.);
#2471=EDGE_CURVE('',#1938,#1939,#414,.T.);
#2472=EDGE_CURVE('',#1940,#1938,#415,.T.);
#2473=EDGE_CURVE('',#1941,#1940,#416,.T.);
#2474=EDGE_CURVE('',#1939,#1941,#417,.T.);
#2475=EDGE_CURVE('',#1942,#1943,#418,.T.);
#2476=EDGE_CURVE('',#1943,#1944,#1589,.T.);
#2477=EDGE_CURVE('',#1944,#1945,#419,.T.);
#2478=EDGE_CURVE('',#1945,#1946,#1590,.T.);
#2479=EDGE_CURVE('',#1946,#1947,#420,.T.);
#2480=EDGE_CURVE('',#1947,#1948,#1591,.T.);
#2481=EDGE_CURVE('',#1948,#1949,#421,.T.);
#2482=EDGE_CURVE('',#1949,#1942,#1592,.T.);
#2483=EDGE_CURVE('',#1938,#1950,#45,.F.);
#2484=EDGE_CURVE('',#1950,#1951,#422,.T.);
#2485=EDGE_CURVE('',#1951,#1940,#46,.T.);
#2486=EDGE_CURVE('',#1952,#1953,#423,.T.);
#2487=EDGE_CURVE('',#1953,#1939,#47,.F.);
#2488=EDGE_CURVE('',#1941,#1952,#48,.T.);
#2489=EDGE_CURVE('',#1951,#1952,#424,.T.);
#2490=EDGE_CURVE('',#1953,#1950,#425,.T.);
#2491=EDGE_CURVE('',#1953,#1954,#426,.T.);
#2492=EDGE_CURVE('',#1955,#1954,#427,.T.);
#2493=EDGE_CURVE('',#1950,#1955,#428,.T.);
#2494=EDGE_CURVE('',#1942,#1956,#429,.T.);
#2495=EDGE_CURVE('',#1956,#1957,#430,.T.);
#2496=EDGE_CURVE('',#1943,#1957,#431,.T.);
#2497=EDGE_CURVE('',#1949,#1958,#432,.T.);
#2498=EDGE_CURVE('',#1958,#1956,#1593,.T.);
#2499=EDGE_CURVE('',#1948,#1959,#433,.T.);
#2500=EDGE_CURVE('',#1959,#1958,#434,.T.);
#2501=EDGE_CURVE('',#1947,#1960,#435,.T.);
#2502=EDGE_CURVE('',#1960,#1959,#1594,.T.);
#2503=EDGE_CURVE('',#1946,#1961,#436,.T.);
#2504=EDGE_CURVE('',#1961,#1960,#437,.T.);
#2505=EDGE_CURVE('',#1945,#1962,#438,.T.);
#2506=EDGE_CURVE('',#1962,#1961,#1595,.T.);
#2507=EDGE_CURVE('',#1944,#1963,#439,.T.);
#2508=EDGE_CURVE('',#1963,#1962,#440,.T.);
#2509=EDGE_CURVE('',#1957,#1963,#1596,.T.);
#2510=EDGE_CURVE('',#1964,#1965,#1597,.T.);
#2511=EDGE_CURVE('',#1966,#1964,#441,.T.);
#2512=EDGE_CURVE('',#1967,#1966,#1598,.T.);
#2513=EDGE_CURVE('',#1968,#1967,#442,.T.);
#2514=EDGE_CURVE('',#1969,#1968,#1599,.T.);
#2515=EDGE_CURVE('',#1970,#1969,#443,.T.);
#2516=EDGE_CURVE('',#1971,#1970,#1600,.T.);
#2517=EDGE_CURVE('',#1965,#1971,#444,.T.);
#2518=EDGE_CURVE('',#1967,#1972,#445,.T.);
#2519=EDGE_CURVE('',#1973,#1972,#446,.T.);
#2520=EDGE_CURVE('',#1968,#1973,#447,.T.);
#2521=EDGE_CURVE('',#1966,#1974,#448,.T.);
#2522=EDGE_CURVE('',#1972,#1974,#1601,.T.);
#2523=EDGE_CURVE('',#1964,#1975,#449,.T.);
#2524=EDGE_CURVE('',#1974,#1975,#450,.T.);
#2525=EDGE_CURVE('',#1965,#1976,#451,.T.);
#2526=EDGE_CURVE('',#1975,#1976,#1602,.T.);
#2527=EDGE_CURVE('',#1977,#1955,#452,.T.);
#2528=EDGE_CURVE('',#1951,#1977,#453,.T.);
#2529=EDGE_CURVE('',#1952,#1978,#454,.T.);
#2530=EDGE_CURVE('',#1954,#1978,#455,.T.);
#2531=EDGE_CURVE('',#1978,#1977,#456,.T.);
#2532=EDGE_CURVE('',#1971,#1979,#457,.T.);
#2533=EDGE_CURVE('',#1976,#1979,#458,.T.);
#2534=EDGE_CURVE('',#1970,#1980,#459,.T.);
#2535=EDGE_CURVE('',#1979,#1980,#1603,.T.);
#2536=EDGE_CURVE('',#1969,#1981,#460,.T.);
#2537=EDGE_CURVE('',#1980,#1981,#461,.T.);
#2538=EDGE_CURVE('',#1981,#1973,#1604,.T.);
#2539=EDGE_CURVE('',#1982,#1897,#462,.T.);
#2540=EDGE_CURVE('',#1911,#1982,#463,.T.);
#2541=EDGE_CURVE('',#1915,#1982,#1605,.T.);
#2542=EDGE_CURVE('',#1983,#1869,#1606,.T.);
#2543=EDGE_CURVE('',#1871,#1983,#464,.T.);
#2544=EDGE_CURVE('',#1867,#1984,#465,.T.);
#2545=EDGE_CURVE('',#1984,#1985,#1607,.T.);
#2546=EDGE_CURVE('',#1868,#1985,#466,.T.);
#2547=EDGE_CURVE('',#1896,#1986,#467,.T.);
#2548=EDGE_CURVE('',#1986,#1984,#468,.T.);
#2549=EDGE_CURVE('',#1987,#1895,#469,.T.);
#2550=EDGE_CURVE('',#1987,#1986,#1608,.T.);
#2551=EDGE_CURVE('',#1894,#1988,#470,.T.);
#2552=EDGE_CURVE('',#1988,#1987,#471,.T.);
#2553=EDGE_CURVE('',#1989,#1839,#1609,.T.);
#2554=EDGE_CURVE('',#1879,#1989,#472,.T.);
#2555=EDGE_CURVE('',#1985,#1990,#473,.T.);
#2556=EDGE_CURVE('',#1891,#1990,#474,.T.);
#2557=EDGE_CURVE('',#1908,#1991,#1610,.T.);
#2558=EDGE_CURVE('',#1991,#1989,#475,.T.);
#2559=EDGE_CURVE('',#1886,#1992,#1611,.T.);
#2560=EDGE_CURVE('',#1992,#1993,#476,.T.);
#2561=EDGE_CURVE('',#1993,#1994,#1612,.T.);
#2562=EDGE_CURVE('',#1994,#1983,#477,.T.);
#2563=EDGE_CURVE('',#1903,#1936,#478,.T.);
#2564=EDGE_CURVE('',#1904,#1934,#479,.T.);
#2565=EDGE_CURVE('',#1995,#1988,#1613,.T.);
#2566=EDGE_CURVE('',#1996,#1995,#480,.T.);
#2567=EDGE_CURVE('',#1990,#1996,#1614,.T.);
#2568=EDGE_CURVE('',#1892,#1996,#481,.T.);
#2569=EDGE_CURVE('',#1893,#1995,#482,.T.);
#2570=EDGE_CURVE('',#1880,#1991,#483,.T.);
#2571=EDGE_CURVE('',#1874,#1992,#484,.T.);
#2572=EDGE_CURVE('',#1872,#1994,#485,.T.);
#2573=EDGE_CURVE('',#1873,#1993,#486,.T.);
#2574=EDGE_CURVE('',#1997,#1998,#1615,.T.);
#2575=EDGE_CURVE('',#1998,#1999,#487,.T.);
#2576=EDGE_CURVE('',#2000,#1999,#1616,.T.);
#2577=EDGE_CURVE('',#1997,#2000,#488,.T.);
#2578=EDGE_CURVE('',#2001,#1997,#489,.T.);
#2579=EDGE_CURVE('',#2002,#2000,#490,.T.);
#2580=EDGE_CURVE('',#2001,#2002,#491,.T.);
#2581=EDGE_CURVE('',#2003,#2001,#1617,.T.);
#2582=EDGE_CURVE('',#2004,#2002,#1618,.T.);
#2583=EDGE_CURVE('',#2003,#2004,#492,.T.);
#2584=EDGE_CURVE('',#2005,#2003,#493,.T.);
#2585=EDGE_CURVE('',#2006,#2004,#494,.T.);
#2586=EDGE_CURVE('',#2005,#2006,#495,.T.);
#2587=EDGE_CURVE('',#2007,#2005,#1619,.T.);
#2588=EDGE_CURVE('',#2008,#2006,#1620,.T.);
#2589=EDGE_CURVE('',#2007,#2008,#496,.T.);
#2590=EDGE_CURVE('',#2009,#2007,#497,.T.);
#2591=EDGE_CURVE('',#2010,#2008,#498,.T.);
#2592=EDGE_CURVE('',#2009,#2010,#499,.T.);
#2593=EDGE_CURVE('',#2011,#2009,#1621,.T.);
#2594=EDGE_CURVE('',#2012,#2010,#1622,.T.);
#2595=EDGE_CURVE('',#2011,#2012,#500,.T.);
#2596=EDGE_CURVE('',#1998,#2011,#501,.T.);
#2597=EDGE_CURVE('',#1999,#2012,#502,.T.);
#2598=ORIENTED_EDGE('',*,*,#2013,.T.);
#2599=ORIENTED_EDGE('',*,*,#2014,.T.);
#2600=ORIENTED_EDGE('',*,*,#2015,.T.);
#2601=ORIENTED_EDGE('',*,*,#2016,.T.);
#2602=ORIENTED_EDGE('',*,*,#2017,.T.);
#2603=ORIENTED_EDGE('',*,*,#2018,.T.);
#2604=ORIENTED_EDGE('',*,*,#2015,.F.);
#2605=ORIENTED_EDGE('',*,*,#2019,.T.);
#2606=ORIENTED_EDGE('',*,*,#2020,.T.);
#2607=ORIENTED_EDGE('',*,*,#2021,.T.);
#2608=ORIENTED_EDGE('',*,*,#2017,.F.);
#2609=ORIENTED_EDGE('',*,*,#2022,.T.);
#2610=ORIENTED_EDGE('',*,*,#2016,.F.);
#2611=ORIENTED_EDGE('',*,*,#2018,.F.);
#2612=ORIENTED_EDGE('',*,*,#2021,.F.);
#2613=ORIENTED_EDGE('',*,*,#2023,.F.);
#2614=ORIENTED_EDGE('',*,*,#2024,.F.);
#2615=ORIENTED_EDGE('',*,*,#2025,.F.);
#2616=ORIENTED_EDGE('',*,*,#2026,.F.);
#2617=ORIENTED_EDGE('',*,*,#2027,.F.);
#2618=ORIENTED_EDGE('',*,*,#2028,.F.);
#2619=ORIENTED_EDGE('',*,*,#2029,.F.);
#2620=ORIENTED_EDGE('',*,*,#2030,.T.);
#2621=ORIENTED_EDGE('',*,*,#2031,.F.);
#2622=ORIENTED_EDGE('',*,*,#2020,.F.);
#2623=ORIENTED_EDGE('',*,*,#2032,.T.);
#2624=ORIENTED_EDGE('',*,*,#2033,.T.);
#2625=ORIENTED_EDGE('',*,*,#2034,.T.);
#2626=ORIENTED_EDGE('',*,*,#2035,.T.);
#2627=ORIENTED_EDGE('',*,*,#2036,.T.);
#2628=ORIENTED_EDGE('',*,*,#2037,.T.);
#2629=ORIENTED_EDGE('',*,*,#2038,.T.);
#2630=ORIENTED_EDGE('',*,*,#2039,.F.);
#2631=ORIENTED_EDGE('',*,*,#2023,.T.);
#2632=ORIENTED_EDGE('',*,*,#2039,.T.);
#2633=ORIENTED_EDGE('',*,*,#2040,.T.);
#2634=ORIENTED_EDGE('',*,*,#2041,.T.);
#2635=ORIENTED_EDGE('',*,*,#2024,.T.);
#2636=ORIENTED_EDGE('',*,*,#2042,.T.);
#2637=ORIENTED_EDGE('',*,*,#2025,.T.);
#2638=ORIENTED_EDGE('',*,*,#2041,.F.);
#2639=ORIENTED_EDGE('',*,*,#2043,.T.);
#2640=ORIENTED_EDGE('',*,*,#2044,.T.);
#2641=ORIENTED_EDGE('',*,*,#2026,.T.);
#2642=ORIENTED_EDGE('',*,*,#2042,.F.);
#2643=ORIENTED_EDGE('',*,*,#2045,.T.);
#2644=ORIENTED_EDGE('',*,*,#2043,.F.);
#2645=ORIENTED_EDGE('',*,*,#2046,.T.);
#2646=ORIENTED_EDGE('',*,*,#2047,.T.);
#2647=ORIENTED_EDGE('',*,*,#2048,.F.);
#2648=ORIENTED_EDGE('',*,*,#2040,.F.);
#2649=ORIENTED_EDGE('',*,*,#2038,.F.);
#2650=ORIENTED_EDGE('',*,*,#2049,.T.);
#2651=ORIENTED_EDGE('',*,*,#2046,.F.);
#2652=ORIENTED_EDGE('',*,*,#2045,.F.);
#2653=ORIENTED_EDGE('',*,*,#2048,.T.);
#2654=ORIENTED_EDGE('',*,*,#2050,.T.);
#2655=ORIENTED_EDGE('',*,*,#2051,.F.);
#2656=ORIENTED_EDGE('',*,*,#2037,.F.);
#2657=ORIENTED_EDGE('',*,*,#2052,.F.);
#2658=ORIENTED_EDGE('',*,*,#2053,.F.);
#2659=ORIENTED_EDGE('',*,*,#2054,.F.);
#2660=ORIENTED_EDGE('',*,*,#2055,.F.);
#2661=ORIENTED_EDGE('',*,*,#2050,.F.);
#2662=ORIENTED_EDGE('',*,*,#2047,.F.);
#2663=ORIENTED_EDGE('',*,*,#2049,.F.);
#2664=ORIENTED_EDGE('',*,*,#2022,.F.);
#2665=ORIENTED_EDGE('',*,*,#2056,.T.);
#2666=ORIENTED_EDGE('',*,*,#2057,.T.);
#2667=ORIENTED_EDGE('',*,*,#2032,.F.);
#2668=ORIENTED_EDGE('',*,*,#2019,.F.);
#2669=ORIENTED_EDGE('',*,*,#2058,.T.);
#2670=ORIENTED_EDGE('',*,*,#2059,.T.);
#2671=ORIENTED_EDGE('',*,*,#2056,.F.);
#2672=ORIENTED_EDGE('',*,*,#2014,.F.);
#2673=ORIENTED_EDGE('',*,*,#2060,.F.);
#2674=ORIENTED_EDGE('',*,*,#2061,.T.);
#2675=ORIENTED_EDGE('',*,*,#2058,.F.);
#2676=ORIENTED_EDGE('',*,*,#2062,.F.);
#2677=ORIENTED_EDGE('',*,*,#2063,.F.);
#2678=ORIENTED_EDGE('',*,*,#2064,.F.);
#2679=ORIENTED_EDGE('',*,*,#2065,.F.);
#2680=ORIENTED_EDGE('',*,*,#2033,.F.);
#2681=ORIENTED_EDGE('',*,*,#2057,.F.);
#2682=ORIENTED_EDGE('',*,*,#2059,.F.);
#2683=ORIENTED_EDGE('',*,*,#2061,.F.);
#2684=ORIENTED_EDGE('',*,*,#2013,.F.);
#2685=ORIENTED_EDGE('',*,*,#2031,.T.);
#2686=ORIENTED_EDGE('',*,*,#2066,.T.);
#2687=ORIENTED_EDGE('',*,*,#2067,.T.);
#2688=ORIENTED_EDGE('',*,*,#2068,.T.);
#2689=ORIENTED_EDGE('',*,*,#2069,.T.);
#2690=ORIENTED_EDGE('',*,*,#2070,.T.);
#2691=ORIENTED_EDGE('',*,*,#2071,.T.);
#2692=ORIENTED_EDGE('',*,*,#2072,.T.);
#2693=ORIENTED_EDGE('',*,*,#2027,.T.);
#2694=ORIENTED_EDGE('',*,*,#2044,.F.);
#2695=ORIENTED_EDGE('',*,*,#2051,.T.);
#2696=ORIENTED_EDGE('',*,*,#2055,.T.);
#2697=ORIENTED_EDGE('',*,*,#2073,.T.);
#2698=ORIENTED_EDGE('',*,*,#2074,.T.);
#2699=ORIENTED_EDGE('',*,*,#2075,.T.);
#2700=ORIENTED_EDGE('',*,*,#2076,.T.);
#2701=ORIENTED_EDGE('',*,*,#2077,.T.);
#2702=ORIENTED_EDGE('',*,*,#2078,.T.);
#2703=ORIENTED_EDGE('',*,*,#2079,.T.);
#2704=ORIENTED_EDGE('',*,*,#2080,.T.);
#2705=ORIENTED_EDGE('',*,*,#2081,.T.);
#2706=ORIENTED_EDGE('',*,*,#2082,.T.);
#2707=ORIENTED_EDGE('',*,*,#2083,.T.);
#2708=ORIENTED_EDGE('',*,*,#2062,.T.);
#2709=ORIENTED_EDGE('',*,*,#2060,.T.);
#2710=ORIENTED_EDGE('',*,*,#2084,.T.);
#2711=ORIENTED_EDGE('',*,*,#2085,.F.);
#2712=ORIENTED_EDGE('',*,*,#2086,.F.);
#2713=ORIENTED_EDGE('',*,*,#2087,.F.);
#2714=ORIENTED_EDGE('',*,*,#2088,.T.);
#2715=ORIENTED_EDGE('',*,*,#2087,.T.);
#2716=ORIENTED_EDGE('',*,*,#2089,.F.);
#2717=ORIENTED_EDGE('',*,*,#2090,.F.);
#2718=ORIENTED_EDGE('',*,*,#2091,.T.);
#2719=ORIENTED_EDGE('',*,*,#2090,.T.);
#2720=ORIENTED_EDGE('',*,*,#2092,.F.);
#2721=ORIENTED_EDGE('',*,*,#2093,.F.);
#2722=ORIENTED_EDGE('',*,*,#2094,.F.);
#2723=ORIENTED_EDGE('',*,*,#2084,.F.);
#2724=ORIENTED_EDGE('',*,*,#2088,.F.);
#2725=ORIENTED_EDGE('',*,*,#2091,.F.);
#2726=ORIENTED_EDGE('',*,*,#2095,.F.);
#2727=ORIENTED_EDGE('',*,*,#2092,.T.);
#2728=ORIENTED_EDGE('',*,*,#2089,.T.);
#2729=ORIENTED_EDGE('',*,*,#2086,.T.);
#2730=ORIENTED_EDGE('',*,*,#2096,.T.);
#2731=ORIENTED_EDGE('',*,*,#2097,.T.);
#2732=ORIENTED_EDGE('',*,*,#2098,.F.);
#2733=ORIENTED_EDGE('',*,*,#2099,.F.);
#2734=ORIENTED_EDGE('',*,*,#2100,.T.);
#2735=ORIENTED_EDGE('',*,*,#2101,.F.);
#2736=ORIENTED_EDGE('',*,*,#2102,.F.);
#2737=ORIENTED_EDGE('',*,*,#2103,.F.);
#2738=ORIENTED_EDGE('',*,*,#2104,.T.);
#2739=ORIENTED_EDGE('',*,*,#2103,.T.);
#2740=ORIENTED_EDGE('',*,*,#2105,.F.);
#2741=ORIENTED_EDGE('',*,*,#2097,.F.);
#2742=ORIENTED_EDGE('',*,*,#2104,.F.);
#2743=ORIENTED_EDGE('',*,*,#2096,.F.);
#2744=ORIENTED_EDGE('',*,*,#2106,.F.);
#2745=ORIENTED_EDGE('',*,*,#2100,.F.);
#2746=ORIENTED_EDGE('',*,*,#2105,.T.);
#2747=ORIENTED_EDGE('',*,*,#2102,.T.);
#2748=ORIENTED_EDGE('',*,*,#2107,.F.);
#2749=ORIENTED_EDGE('',*,*,#2098,.T.);
#2750=ORIENTED_EDGE('',*,*,#2108,.F.);
#2751=ORIENTED_EDGE('',*,*,#2109,.T.);
#2752=ORIENTED_EDGE('',*,*,#2110,.T.);
#2753=ORIENTED_EDGE('',*,*,#2111,.F.);
#2754=ORIENTED_EDGE('',*,*,#2112,.F.);
#2755=ORIENTED_EDGE('',*,*,#2113,.T.);
#2756=ORIENTED_EDGE('',*,*,#2114,.T.);
#2757=ORIENTED_EDGE('',*,*,#2115,.F.);
#2758=ORIENTED_EDGE('',*,*,#2116,.F.);
#2759=ORIENTED_EDGE('',*,*,#2117,.F.);
#2760=ORIENTED_EDGE('',*,*,#2118,.F.);
#2761=ORIENTED_EDGE('',*,*,#2119,.F.);
#2762=ORIENTED_EDGE('',*,*,#2120,.F.);
#2763=ORIENTED_EDGE('',*,*,#2121,.F.);
#2764=ORIENTED_EDGE('',*,*,#2116,.T.);
#2765=ORIENTED_EDGE('',*,*,#2122,.F.);
#2766=ORIENTED_EDGE('',*,*,#2123,.T.);
#2767=ORIENTED_EDGE('',*,*,#2124,.F.);
#2768=ORIENTED_EDGE('',*,*,#2125,.T.);
#2769=ORIENTED_EDGE('',*,*,#2126,.T.);
#2770=ORIENTED_EDGE('',*,*,#2108,.T.);
#2771=ORIENTED_EDGE('',*,*,#2127,.T.);
#2772=ORIENTED_EDGE('',*,*,#2128,.T.);
#2773=ORIENTED_EDGE('',*,*,#2129,.T.);
#2774=ORIENTED_EDGE('',*,*,#2130,.T.);
#2775=ORIENTED_EDGE('',*,*,#2127,.F.);
#2776=ORIENTED_EDGE('',*,*,#2111,.T.);
#2777=ORIENTED_EDGE('',*,*,#2131,.T.);
#2778=ORIENTED_EDGE('',*,*,#2132,.T.);
#2779=ORIENTED_EDGE('',*,*,#2129,.F.);
#2780=ORIENTED_EDGE('',*,*,#2110,.F.);
#2781=ORIENTED_EDGE('',*,*,#2133,.T.);
#2782=ORIENTED_EDGE('',*,*,#2134,.T.);
#2783=ORIENTED_EDGE('',*,*,#2135,.T.);
#2784=ORIENTED_EDGE('',*,*,#2131,.F.);
#2785=ORIENTED_EDGE('',*,*,#2136,.T.);
#2786=ORIENTED_EDGE('',*,*,#2137,.T.);
#2787=ORIENTED_EDGE('',*,*,#2138,.T.);
#2788=ORIENTED_EDGE('',*,*,#2134,.F.);
#2789=ORIENTED_EDGE('',*,*,#2139,.T.);
#2790=ORIENTED_EDGE('',*,*,#2112,.T.);
#2791=ORIENTED_EDGE('',*,*,#2140,.T.);
#2792=ORIENTED_EDGE('',*,*,#2141,.T.);
#2793=ORIENTED_EDGE('',*,*,#2137,.F.);
#2794=ORIENTED_EDGE('',*,*,#2115,.T.);
#2795=ORIENTED_EDGE('',*,*,#2142,.T.);
#2796=ORIENTED_EDGE('',*,*,#2143,.T.);
#2797=ORIENTED_EDGE('',*,*,#2140,.F.);
#2798=ORIENTED_EDGE('',*,*,#2114,.F.);
#2799=ORIENTED_EDGE('',*,*,#2144,.T.);
#2800=ORIENTED_EDGE('',*,*,#2125,.F.);
#2801=ORIENTED_EDGE('',*,*,#2145,.T.);
#2802=ORIENTED_EDGE('',*,*,#2146,.F.);
#2803=ORIENTED_EDGE('',*,*,#2142,.F.);
#2804=ORIENTED_EDGE('',*,*,#2145,.F.);
#2805=ORIENTED_EDGE('',*,*,#2147,.T.);
#2806=ORIENTED_EDGE('',*,*,#2148,.T.);
#2807=ORIENTED_EDGE('',*,*,#2149,.F.);
#2808=ORIENTED_EDGE('',*,*,#2150,.F.);
#2809=ORIENTED_EDGE('',*,*,#2151,.T.);
#2810=ORIENTED_EDGE('',*,*,#2128,.F.);
#2811=ORIENTED_EDGE('',*,*,#2130,.F.);
#2812=ORIENTED_EDGE('',*,*,#2152,.F.);
#2813=ORIENTED_EDGE('',*,*,#2068,.F.);
#2814=ORIENTED_EDGE('',*,*,#2153,.F.);
#2815=ORIENTED_EDGE('',*,*,#2147,.F.);
#2816=ORIENTED_EDGE('',*,*,#2132,.F.);
#2817=ORIENTED_EDGE('',*,*,#2135,.F.);
#2818=ORIENTED_EDGE('',*,*,#2138,.F.);
#2819=ORIENTED_EDGE('',*,*,#2154,.F.);
#2820=ORIENTED_EDGE('',*,*,#2069,.F.);
#2821=ORIENTED_EDGE('',*,*,#2152,.T.);
#2822=ORIENTED_EDGE('',*,*,#2141,.F.);
#2823=ORIENTED_EDGE('',*,*,#2143,.F.);
#2824=ORIENTED_EDGE('',*,*,#2155,.F.);
#2825=ORIENTED_EDGE('',*,*,#2156,.T.);
#2826=ORIENTED_EDGE('',*,*,#2070,.F.);
#2827=ORIENTED_EDGE('',*,*,#2154,.T.);
#2828=ORIENTED_EDGE('',*,*,#2146,.T.);
#2829=ORIENTED_EDGE('',*,*,#2157,.T.);
#2830=ORIENTED_EDGE('',*,*,#2158,.T.);
#2831=ORIENTED_EDGE('',*,*,#2155,.T.);
#2832=ORIENTED_EDGE('',*,*,#2159,.T.);
#2833=ORIENTED_EDGE('',*,*,#2117,.T.);
#2834=ORIENTED_EDGE('',*,*,#2124,.T.);
#2835=ORIENTED_EDGE('',*,*,#2160,.T.);
#2836=ORIENTED_EDGE('',*,*,#2150,.T.);
#2837=ORIENTED_EDGE('',*,*,#2149,.T.);
#2838=ORIENTED_EDGE('',*,*,#2148,.F.);
#2839=ORIENTED_EDGE('',*,*,#2161,.T.);
#2840=ORIENTED_EDGE('',*,*,#2162,.T.);
#2841=ORIENTED_EDGE('',*,*,#2118,.T.);
#2842=ORIENTED_EDGE('',*,*,#2159,.F.);
#2843=ORIENTED_EDGE('',*,*,#2163,.T.);
#2844=ORIENTED_EDGE('',*,*,#2164,.T.);
#2845=ORIENTED_EDGE('',*,*,#2119,.T.);
#2846=ORIENTED_EDGE('',*,*,#2162,.F.);
#2847=ORIENTED_EDGE('',*,*,#2029,.T.);
#2848=ORIENTED_EDGE('',*,*,#2165,.T.);
#2849=ORIENTED_EDGE('',*,*,#2120,.T.);
#2850=ORIENTED_EDGE('',*,*,#2164,.F.);
#2851=ORIENTED_EDGE('',*,*,#2166,.T.);
#2852=ORIENTED_EDGE('',*,*,#2158,.F.);
#2853=ORIENTED_EDGE('',*,*,#2167,.T.);
#2854=ORIENTED_EDGE('',*,*,#2122,.T.);
#2855=ORIENTED_EDGE('',*,*,#2121,.T.);
#2856=ORIENTED_EDGE('',*,*,#2165,.F.);
#2857=ORIENTED_EDGE('',*,*,#2168,.T.);
#2858=ORIENTED_EDGE('',*,*,#2168,.F.);
#2859=ORIENTED_EDGE('',*,*,#2169,.T.);
#2860=ORIENTED_EDGE('',*,*,#2071,.F.);
#2861=ORIENTED_EDGE('',*,*,#2156,.F.);
#2862=ORIENTED_EDGE('',*,*,#2166,.F.);
#2863=ORIENTED_EDGE('',*,*,#2028,.T.);
#2864=ORIENTED_EDGE('',*,*,#2072,.F.);
#2865=ORIENTED_EDGE('',*,*,#2169,.F.);
#2866=ORIENTED_EDGE('',*,*,#2163,.F.);
#2867=ORIENTED_EDGE('',*,*,#2170,.T.);
#2868=ORIENTED_EDGE('',*,*,#2066,.F.);
#2869=ORIENTED_EDGE('',*,*,#2030,.F.);
#2870=ORIENTED_EDGE('',*,*,#2161,.F.);
#2871=ORIENTED_EDGE('',*,*,#2153,.T.);
#2872=ORIENTED_EDGE('',*,*,#2067,.F.);
#2873=ORIENTED_EDGE('',*,*,#2170,.F.);
#2874=ORIENTED_EDGE('',*,*,#2054,.T.);
#2875=ORIENTED_EDGE('',*,*,#2171,.T.);
#2876=ORIENTED_EDGE('',*,*,#2172,.F.);
#2877=ORIENTED_EDGE('',*,*,#2073,.F.);
#2878=ORIENTED_EDGE('',*,*,#2053,.T.);
#2879=ORIENTED_EDGE('',*,*,#2173,.T.);
#2880=ORIENTED_EDGE('',*,*,#2174,.F.);
#2881=ORIENTED_EDGE('',*,*,#2171,.F.);
#2882=ORIENTED_EDGE('',*,*,#2065,.T.);
#2883=ORIENTED_EDGE('',*,*,#2175,.T.);
#2884=ORIENTED_EDGE('',*,*,#2176,.F.);
#2885=ORIENTED_EDGE('',*,*,#2034,.F.);
#2886=ORIENTED_EDGE('',*,*,#2064,.T.);
#2887=ORIENTED_EDGE('',*,*,#2177,.T.);
#2888=ORIENTED_EDGE('',*,*,#2178,.F.);
#2889=ORIENTED_EDGE('',*,*,#2175,.F.);
#2890=ORIENTED_EDGE('',*,*,#2074,.F.);
#2891=ORIENTED_EDGE('',*,*,#2172,.T.);
#2892=ORIENTED_EDGE('',*,*,#2174,.T.);
#2893=ORIENTED_EDGE('',*,*,#2179,.T.);
#2894=ORIENTED_EDGE('',*,*,#2035,.F.);
#2895=ORIENTED_EDGE('',*,*,#2176,.T.);
#2896=ORIENTED_EDGE('',*,*,#2178,.T.);
#2897=ORIENTED_EDGE('',*,*,#2180,.T.);
#2898=ORIENTED_EDGE('',*,*,#2082,.F.);
#2899=ORIENTED_EDGE('',*,*,#2181,.F.);
#2900=ORIENTED_EDGE('',*,*,#2182,.T.);
#2901=ORIENTED_EDGE('',*,*,#2183,.T.);
#2902=ORIENTED_EDGE('',*,*,#2076,.F.);
#2903=ORIENTED_EDGE('',*,*,#2184,.F.);
#2904=ORIENTED_EDGE('',*,*,#2185,.T.);
#2905=ORIENTED_EDGE('',*,*,#2186,.T.);
#2906=ORIENTED_EDGE('',*,*,#2187,.T.);
#2907=ORIENTED_EDGE('',*,*,#2188,.T.);
#2908=ORIENTED_EDGE('',*,*,#2189,.T.);
#2909=ORIENTED_EDGE('',*,*,#2190,.F.);
#2910=ORIENTED_EDGE('',*,*,#2191,.T.);
#2911=ORIENTED_EDGE('',*,*,#2192,.T.);
#2912=ORIENTED_EDGE('',*,*,#2101,.T.);
#2913=ORIENTED_EDGE('',*,*,#2106,.T.);
#2914=ORIENTED_EDGE('',*,*,#2099,.T.);
#2915=ORIENTED_EDGE('',*,*,#2107,.T.);
#2916=ORIENTED_EDGE('',*,*,#2193,.F.);
#2917=ORIENTED_EDGE('',*,*,#2194,.F.);
#2918=ORIENTED_EDGE('',*,*,#2195,.F.);
#2919=ORIENTED_EDGE('',*,*,#2196,.F.);
#2920=ORIENTED_EDGE('',*,*,#2197,.F.);
#2921=ORIENTED_EDGE('',*,*,#2198,.F.);
#2922=ORIENTED_EDGE('',*,*,#2199,.T.);
#2923=ORIENTED_EDGE('',*,*,#2200,.T.);
#2924=ORIENTED_EDGE('',*,*,#2201,.T.);
#2925=ORIENTED_EDGE('',*,*,#2202,.T.);
#2926=ORIENTED_EDGE('',*,*,#2203,.T.);
#2927=ORIENTED_EDGE('',*,*,#2204,.T.);
#2928=ORIENTED_EDGE('',*,*,#2205,.T.);
#2929=ORIENTED_EDGE('',*,*,#2206,.T.);
#2930=ORIENTED_EDGE('',*,*,#2207,.F.);
#2931=ORIENTED_EDGE('',*,*,#2208,.F.);
#2932=ORIENTED_EDGE('',*,*,#2187,.F.);
#2933=ORIENTED_EDGE('',*,*,#2209,.F.);
#2934=ORIENTED_EDGE('',*,*,#2210,.F.);
#2935=ORIENTED_EDGE('',*,*,#2211,.F.);
#2936=ORIENTED_EDGE('',*,*,#2212,.T.);
#2937=ORIENTED_EDGE('',*,*,#2213,.T.);
#2938=ORIENTED_EDGE('',*,*,#2214,.T.);
#2939=ORIENTED_EDGE('',*,*,#2215,.T.);
#2940=ORIENTED_EDGE('',*,*,#2216,.T.);
#2941=ORIENTED_EDGE('',*,*,#2217,.T.);
#2942=ORIENTED_EDGE('',*,*,#2218,.T.);
#2943=ORIENTED_EDGE('',*,*,#2219,.T.);
#2944=ORIENTED_EDGE('',*,*,#2200,.F.);
#2945=ORIENTED_EDGE('',*,*,#2220,.T.);
#2946=ORIENTED_EDGE('',*,*,#2219,.F.);
#2947=ORIENTED_EDGE('',*,*,#2221,.F.);
#2948=ORIENTED_EDGE('',*,*,#2201,.F.);
#2949=ORIENTED_EDGE('',*,*,#2221,.T.);
#2950=ORIENTED_EDGE('',*,*,#2218,.F.);
#2951=ORIENTED_EDGE('',*,*,#2222,.F.);
#2952=ORIENTED_EDGE('',*,*,#2202,.F.);
#2953=ORIENTED_EDGE('',*,*,#2222,.T.);
#2954=ORIENTED_EDGE('',*,*,#2217,.F.);
#2955=ORIENTED_EDGE('',*,*,#2223,.F.);
#2956=ORIENTED_EDGE('',*,*,#2203,.F.);
#2957=ORIENTED_EDGE('',*,*,#2223,.T.);
#2958=ORIENTED_EDGE('',*,*,#2216,.F.);
#2959=ORIENTED_EDGE('',*,*,#2224,.F.);
#2960=ORIENTED_EDGE('',*,*,#2204,.F.);
#2961=ORIENTED_EDGE('',*,*,#2224,.T.);
#2962=ORIENTED_EDGE('',*,*,#2215,.F.);
#2963=ORIENTED_EDGE('',*,*,#2225,.F.);
#2964=ORIENTED_EDGE('',*,*,#2205,.F.);
#2965=ORIENTED_EDGE('',*,*,#2225,.T.);
#2966=ORIENTED_EDGE('',*,*,#2214,.F.);
#2967=ORIENTED_EDGE('',*,*,#2226,.F.);
#2968=ORIENTED_EDGE('',*,*,#2206,.F.);
#2969=ORIENTED_EDGE('',*,*,#2226,.T.);
#2970=ORIENTED_EDGE('',*,*,#2213,.F.);
#2971=ORIENTED_EDGE('',*,*,#2227,.F.);
#2972=ORIENTED_EDGE('',*,*,#2199,.F.);
#2973=ORIENTED_EDGE('',*,*,#2227,.T.);
#2974=ORIENTED_EDGE('',*,*,#2212,.F.);
#2975=ORIENTED_EDGE('',*,*,#2220,.F.);
#2976=ORIENTED_EDGE('',*,*,#2160,.F.);
#2977=ORIENTED_EDGE('',*,*,#2228,.T.);
#2978=ORIENTED_EDGE('',*,*,#2195,.T.);
#2979=ORIENTED_EDGE('',*,*,#2229,.F.);
#2980=ORIENTED_EDGE('',*,*,#2123,.F.);
#2981=ORIENTED_EDGE('',*,*,#2230,.F.);
#2982=ORIENTED_EDGE('',*,*,#2196,.T.);
#2983=ORIENTED_EDGE('',*,*,#2228,.F.);
#2984=ORIENTED_EDGE('',*,*,#2211,.T.);
#2985=ORIENTED_EDGE('',*,*,#2231,.T.);
#2986=ORIENTED_EDGE('',*,*,#2232,.T.);
#2987=ORIENTED_EDGE('',*,*,#2233,.T.);
#2988=ORIENTED_EDGE('',*,*,#2151,.F.);
#2989=ORIENTED_EDGE('',*,*,#2229,.T.);
#2990=ORIENTED_EDGE('',*,*,#2194,.T.);
#2991=ORIENTED_EDGE('',*,*,#2234,.T.);
#2992=ORIENTED_EDGE('',*,*,#2109,.F.);
#2993=ORIENTED_EDGE('',*,*,#2126,.F.);
#2994=ORIENTED_EDGE('',*,*,#2208,.T.);
#2995=ORIENTED_EDGE('',*,*,#2235,.F.);
#2996=ORIENTED_EDGE('',*,*,#2236,.T.);
#2997=ORIENTED_EDGE('',*,*,#2188,.F.);
#2998=ORIENTED_EDGE('',*,*,#2207,.T.);
#2999=ORIENTED_EDGE('',*,*,#2233,.F.);
#3000=ORIENTED_EDGE('',*,*,#2237,.T.);
#3001=ORIENTED_EDGE('',*,*,#2235,.T.);
#3002=ORIENTED_EDGE('',*,*,#2209,.T.);
#3003=ORIENTED_EDGE('',*,*,#2186,.F.);
#3004=ORIENTED_EDGE('',*,*,#2238,.F.);
#3005=ORIENTED_EDGE('',*,*,#2239,.F.);
#3006=ORIENTED_EDGE('',*,*,#2240,.T.);
#3007=ORIENTED_EDGE('',*,*,#2241,.F.);
#3008=ORIENTED_EDGE('',*,*,#2242,.F.);
#3009=ORIENTED_EDGE('',*,*,#2243,.F.);
#3010=ORIENTED_EDGE('',*,*,#2244,.F.);
#3011=ORIENTED_EDGE('',*,*,#2191,.F.);
#3012=ORIENTED_EDGE('',*,*,#2245,.T.);
#3013=ORIENTED_EDGE('',*,*,#2246,.F.);
#3014=ORIENTED_EDGE('',*,*,#2247,.T.);
#3015=ORIENTED_EDGE('',*,*,#2248,.F.);
#3016=ORIENTED_EDGE('',*,*,#2249,.F.);
#3017=ORIENTED_EDGE('',*,*,#2250,.F.);
#3018=ORIENTED_EDGE('',*,*,#2251,.F.);
#3019=ORIENTED_EDGE('',*,*,#2252,.F.);
#3020=ORIENTED_EDGE('',*,*,#2167,.F.);
#3021=ORIENTED_EDGE('',*,*,#2253,.T.);
#3022=ORIENTED_EDGE('',*,*,#2197,.T.);
#3023=ORIENTED_EDGE('',*,*,#2230,.T.);
#3024=ORIENTED_EDGE('',*,*,#2185,.F.);
#3025=ORIENTED_EDGE('',*,*,#2254,.F.);
#3026=ORIENTED_EDGE('',*,*,#2182,.F.);
#3027=ORIENTED_EDGE('',*,*,#2255,.F.);
#3028=ORIENTED_EDGE('',*,*,#2256,.F.);
#3029=ORIENTED_EDGE('',*,*,#2238,.T.);
#3030=ORIENTED_EDGE('',*,*,#2133,.F.);
#3031=ORIENTED_EDGE('',*,*,#2234,.F.);
#3032=ORIENTED_EDGE('',*,*,#2193,.T.);
#3033=ORIENTED_EDGE('',*,*,#2257,.T.);
#3034=ORIENTED_EDGE('',*,*,#2139,.F.);
#3035=ORIENTED_EDGE('',*,*,#2136,.F.);
#3036=ORIENTED_EDGE('',*,*,#2258,.F.);
#3037=ORIENTED_EDGE('',*,*,#2259,.T.);
#3038=ORIENTED_EDGE('',*,*,#2251,.T.);
#3039=ORIENTED_EDGE('',*,*,#2259,.F.);
#3040=ORIENTED_EDGE('',*,*,#2246,.T.);
#3041=ORIENTED_EDGE('',*,*,#2260,.T.);
#3042=ORIENTED_EDGE('',*,*,#2261,.F.);
#3043=ORIENTED_EDGE('',*,*,#2262,.F.);
#3044=ORIENTED_EDGE('',*,*,#2247,.F.);
#3045=ORIENTED_EDGE('',*,*,#2262,.T.);
#3046=ORIENTED_EDGE('',*,*,#2263,.F.);
#3047=ORIENTED_EDGE('',*,*,#2264,.F.);
#3048=ORIENTED_EDGE('',*,*,#2245,.F.);
#3049=ORIENTED_EDGE('',*,*,#2190,.T.);
#3050=ORIENTED_EDGE('',*,*,#2265,.F.);
#3051=ORIENTED_EDGE('',*,*,#2260,.F.);
#3052=ORIENTED_EDGE('',*,*,#2266,.F.);
#3053=ORIENTED_EDGE('',*,*,#2267,.T.);
#3054=ORIENTED_EDGE('',*,*,#2252,.T.);
#3055=ORIENTED_EDGE('',*,*,#2267,.F.);
#3056=ORIENTED_EDGE('',*,*,#2240,.F.);
#3057=ORIENTED_EDGE('',*,*,#2268,.T.);
#3058=ORIENTED_EDGE('',*,*,#2269,.F.);
#3059=ORIENTED_EDGE('',*,*,#2270,.F.);
#3060=ORIENTED_EDGE('',*,*,#2249,.T.);
#3061=ORIENTED_EDGE('',*,*,#2271,.F.);
#3062=ORIENTED_EDGE('',*,*,#2272,.F.);
#3063=ORIENTED_EDGE('',*,*,#2273,.F.);
#3064=ORIENTED_EDGE('',*,*,#2250,.T.);
#3065=ORIENTED_EDGE('',*,*,#2273,.T.);
#3066=ORIENTED_EDGE('',*,*,#2274,.F.);
#3067=ORIENTED_EDGE('',*,*,#2268,.F.);
#3068=ORIENTED_EDGE('',*,*,#2264,.T.);
#3069=ORIENTED_EDGE('',*,*,#2275,.F.);
#3070=ORIENTED_EDGE('',*,*,#2271,.T.);
#3071=ORIENTED_EDGE('',*,*,#2248,.T.);
#3072=ORIENTED_EDGE('',*,*,#2265,.T.);
#3073=ORIENTED_EDGE('',*,*,#2189,.F.);
#3074=ORIENTED_EDGE('',*,*,#2236,.F.);
#3075=ORIENTED_EDGE('',*,*,#2237,.F.);
#3076=ORIENTED_EDGE('',*,*,#2232,.F.);
#3077=ORIENTED_EDGE('',*,*,#2276,.F.);
#3078=ORIENTED_EDGE('',*,*,#2269,.T.);
#3079=ORIENTED_EDGE('',*,*,#2274,.T.);
#3080=ORIENTED_EDGE('',*,*,#2272,.T.);
#3081=ORIENTED_EDGE('',*,*,#2275,.T.);
#3082=ORIENTED_EDGE('',*,*,#2263,.T.);
#3083=ORIENTED_EDGE('',*,*,#2261,.T.);
#3084=ORIENTED_EDGE('',*,*,#2258,.T.);
#3085=ORIENTED_EDGE('',*,*,#2266,.T.);
#3086=ORIENTED_EDGE('',*,*,#2077,.F.);
#3087=ORIENTED_EDGE('',*,*,#2192,.F.);
#3088=ORIENTED_EDGE('',*,*,#2244,.T.);
#3089=ORIENTED_EDGE('',*,*,#2277,.F.);
#3090=ORIENTED_EDGE('',*,*,#2078,.F.);
#3091=ORIENTED_EDGE('',*,*,#2277,.T.);
#3092=ORIENTED_EDGE('',*,*,#2243,.T.);
#3093=ORIENTED_EDGE('',*,*,#2278,.T.);
#3094=ORIENTED_EDGE('',*,*,#2113,.F.);
#3095=ORIENTED_EDGE('',*,*,#2257,.F.);
#3096=ORIENTED_EDGE('',*,*,#2198,.T.);
#3097=ORIENTED_EDGE('',*,*,#2253,.F.);
#3098=ORIENTED_EDGE('',*,*,#2157,.F.);
#3099=ORIENTED_EDGE('',*,*,#2144,.F.);
#3100=ORIENTED_EDGE('',*,*,#2075,.F.);
#3101=ORIENTED_EDGE('',*,*,#2183,.F.);
#3102=ORIENTED_EDGE('',*,*,#2254,.T.);
#3103=ORIENTED_EDGE('',*,*,#2184,.T.);
#3104=ORIENTED_EDGE('',*,*,#2052,.T.);
#3105=ORIENTED_EDGE('',*,*,#2036,.F.);
#3106=ORIENTED_EDGE('',*,*,#2179,.F.);
#3107=ORIENTED_EDGE('',*,*,#2173,.F.);
#3108=ORIENTED_EDGE('',*,*,#2079,.F.);
#3109=ORIENTED_EDGE('',*,*,#2278,.F.);
#3110=ORIENTED_EDGE('',*,*,#2242,.T.);
#3111=ORIENTED_EDGE('',*,*,#2279,.T.);
#3112=ORIENTED_EDGE('',*,*,#2080,.F.);
#3113=ORIENTED_EDGE('',*,*,#2279,.F.);
#3114=ORIENTED_EDGE('',*,*,#2241,.T.);
#3115=ORIENTED_EDGE('',*,*,#2270,.T.);
#3116=ORIENTED_EDGE('',*,*,#2276,.T.);
#3117=ORIENTED_EDGE('',*,*,#2231,.F.);
#3118=ORIENTED_EDGE('',*,*,#2210,.T.);
#3119=ORIENTED_EDGE('',*,*,#2239,.T.);
#3120=ORIENTED_EDGE('',*,*,#2256,.T.);
#3121=ORIENTED_EDGE('',*,*,#2280,.T.);
#3122=ORIENTED_EDGE('',*,*,#2093,.T.);
#3123=ORIENTED_EDGE('',*,*,#2095,.T.);
#3124=ORIENTED_EDGE('',*,*,#2085,.T.);
#3125=ORIENTED_EDGE('',*,*,#2094,.T.);
#3126=ORIENTED_EDGE('',*,*,#2081,.F.);
#3127=ORIENTED_EDGE('',*,*,#2280,.F.);
#3128=ORIENTED_EDGE('',*,*,#2255,.T.);
#3129=ORIENTED_EDGE('',*,*,#2181,.T.);
#3130=ORIENTED_EDGE('',*,*,#2063,.T.);
#3131=ORIENTED_EDGE('',*,*,#2083,.F.);
#3132=ORIENTED_EDGE('',*,*,#2180,.F.);
#3133=ORIENTED_EDGE('',*,*,#2177,.F.);
#3134=ORIENTED_EDGE('',*,*,#2281,.T.);
#3135=ORIENTED_EDGE('',*,*,#2282,.T.);
#3136=ORIENTED_EDGE('',*,*,#2283,.T.);
#3137=ORIENTED_EDGE('',*,*,#2284,.T.);
#3138=ORIENTED_EDGE('',*,*,#2285,.T.);
#3139=ORIENTED_EDGE('',*,*,#2286,.T.);
#3140=ORIENTED_EDGE('',*,*,#2283,.F.);
#3141=ORIENTED_EDGE('',*,*,#2287,.T.);
#3142=ORIENTED_EDGE('',*,*,#2288,.T.);
#3143=ORIENTED_EDGE('',*,*,#2289,.T.);
#3144=ORIENTED_EDGE('',*,*,#2285,.F.);
#3145=ORIENTED_EDGE('',*,*,#2290,.T.);
#3146=ORIENTED_EDGE('',*,*,#2291,.T.);
#3147=ORIENTED_EDGE('',*,*,#2292,.T.);
#3148=ORIENTED_EDGE('',*,*,#2288,.F.);
#3149=ORIENTED_EDGE('',*,*,#2293,.T.);
#3150=ORIENTED_EDGE('',*,*,#2294,.T.);
#3151=ORIENTED_EDGE('',*,*,#2295,.T.);
#3152=ORIENTED_EDGE('',*,*,#2291,.F.);
#3153=ORIENTED_EDGE('',*,*,#2296,.T.);
#3154=ORIENTED_EDGE('',*,*,#2297,.T.);
#3155=ORIENTED_EDGE('',*,*,#2298,.T.);
#3156=ORIENTED_EDGE('',*,*,#2294,.F.);
#3157=ORIENTED_EDGE('',*,*,#2299,.T.);
#3158=ORIENTED_EDGE('',*,*,#2300,.T.);
#3159=ORIENTED_EDGE('',*,*,#2301,.T.);
#3160=ORIENTED_EDGE('',*,*,#2297,.F.);
#3161=ORIENTED_EDGE('',*,*,#2302,.T.);
#3162=ORIENTED_EDGE('',*,*,#2299,.F.);
#3163=ORIENTED_EDGE('',*,*,#2303,.T.);
#3164=ORIENTED_EDGE('',*,*,#2304,.T.);
#3165=ORIENTED_EDGE('',*,*,#2305,.F.);
#3166=ORIENTED_EDGE('',*,*,#2296,.F.);
#3167=ORIENTED_EDGE('',*,*,#2306,.T.);
#3168=ORIENTED_EDGE('',*,*,#2307,.T.);
#3169=ORIENTED_EDGE('',*,*,#2303,.F.);
#3170=ORIENTED_EDGE('',*,*,#2293,.F.);
#3171=ORIENTED_EDGE('',*,*,#2308,.T.);
#3172=ORIENTED_EDGE('',*,*,#2309,.T.);
#3173=ORIENTED_EDGE('',*,*,#2306,.F.);
#3174=ORIENTED_EDGE('',*,*,#2290,.F.);
#3175=ORIENTED_EDGE('',*,*,#2310,.T.);
#3176=ORIENTED_EDGE('',*,*,#2311,.T.);
#3177=ORIENTED_EDGE('',*,*,#2308,.F.);
#3178=ORIENTED_EDGE('',*,*,#2287,.F.);
#3179=ORIENTED_EDGE('',*,*,#2312,.T.);
#3180=ORIENTED_EDGE('',*,*,#2313,.T.);
#3181=ORIENTED_EDGE('',*,*,#2310,.F.);
#3182=ORIENTED_EDGE('',*,*,#2282,.F.);
#3183=ORIENTED_EDGE('',*,*,#2314,.F.);
#3184=ORIENTED_EDGE('',*,*,#2315,.T.);
#3185=ORIENTED_EDGE('',*,*,#2312,.F.);
#3186=ORIENTED_EDGE('',*,*,#2281,.F.);
#3187=ORIENTED_EDGE('',*,*,#2316,.F.);
#3188=ORIENTED_EDGE('',*,*,#2317,.F.);
#3189=ORIENTED_EDGE('',*,*,#2318,.T.);
#3190=ORIENTED_EDGE('',*,*,#2319,.T.);
#3191=ORIENTED_EDGE('',*,*,#2320,.F.);
#3192=ORIENTED_EDGE('',*,*,#2321,.F.);
#3193=ORIENTED_EDGE('',*,*,#2322,.F.);
#3194=ORIENTED_EDGE('',*,*,#2323,.T.);
#3195=ORIENTED_EDGE('',*,*,#2314,.T.);
#3196=ORIENTED_EDGE('',*,*,#2324,.T.);
#3197=ORIENTED_EDGE('',*,*,#2325,.T.);
#3198=ORIENTED_EDGE('',*,*,#2326,.T.);
#3199=ORIENTED_EDGE('',*,*,#2327,.T.);
#3200=ORIENTED_EDGE('',*,*,#2328,.T.);
#3201=ORIENTED_EDGE('',*,*,#2329,.T.);
#3202=ORIENTED_EDGE('',*,*,#2326,.F.);
#3203=ORIENTED_EDGE('',*,*,#2330,.T.);
#3204=ORIENTED_EDGE('',*,*,#2331,.T.);
#3205=ORIENTED_EDGE('',*,*,#2332,.T.);
#3206=ORIENTED_EDGE('',*,*,#2328,.F.);
#3207=ORIENTED_EDGE('',*,*,#2333,.T.);
#3208=ORIENTED_EDGE('',*,*,#2334,.T.);
#3209=ORIENTED_EDGE('',*,*,#2335,.T.);
#3210=ORIENTED_EDGE('',*,*,#2331,.F.);
#3211=ORIENTED_EDGE('',*,*,#2336,.T.);
#3212=ORIENTED_EDGE('',*,*,#2337,.T.);
#3213=ORIENTED_EDGE('',*,*,#2338,.T.);
#3214=ORIENTED_EDGE('',*,*,#2334,.F.);
#3215=ORIENTED_EDGE('',*,*,#2339,.T.);
#3216=ORIENTED_EDGE('',*,*,#2340,.T.);
#3217=ORIENTED_EDGE('',*,*,#2341,.T.);
#3218=ORIENTED_EDGE('',*,*,#2337,.F.);
#3219=ORIENTED_EDGE('',*,*,#2342,.T.);
#3220=ORIENTED_EDGE('',*,*,#2317,.T.);
#3221=ORIENTED_EDGE('',*,*,#2343,.T.);
#3222=ORIENTED_EDGE('',*,*,#2340,.F.);
#3223=ORIENTED_EDGE('',*,*,#2344,.T.);
#3224=ORIENTED_EDGE('',*,*,#2342,.F.);
#3225=ORIENTED_EDGE('',*,*,#2345,.T.);
#3226=ORIENTED_EDGE('',*,*,#2346,.T.);
#3227=ORIENTED_EDGE('',*,*,#2347,.F.);
#3228=ORIENTED_EDGE('',*,*,#2339,.F.);
#3229=ORIENTED_EDGE('',*,*,#2348,.T.);
#3230=ORIENTED_EDGE('',*,*,#2349,.T.);
#3231=ORIENTED_EDGE('',*,*,#2345,.F.);
#3232=ORIENTED_EDGE('',*,*,#2336,.F.);
#3233=ORIENTED_EDGE('',*,*,#2350,.T.);
#3234=ORIENTED_EDGE('',*,*,#2351,.T.);
#3235=ORIENTED_EDGE('',*,*,#2348,.F.);
#3236=ORIENTED_EDGE('',*,*,#2333,.F.);
#3237=ORIENTED_EDGE('',*,*,#2352,.T.);
#3238=ORIENTED_EDGE('',*,*,#2353,.T.);
#3239=ORIENTED_EDGE('',*,*,#2350,.F.);
#3240=ORIENTED_EDGE('',*,*,#2330,.F.);
#3241=ORIENTED_EDGE('',*,*,#2354,.T.);
#3242=ORIENTED_EDGE('',*,*,#2355,.T.);
#3243=ORIENTED_EDGE('',*,*,#2352,.F.);
#3244=ORIENTED_EDGE('',*,*,#2325,.F.);
#3245=ORIENTED_EDGE('',*,*,#2356,.F.);
#3246=ORIENTED_EDGE('',*,*,#2357,.T.);
#3247=ORIENTED_EDGE('',*,*,#2354,.F.);
#3248=ORIENTED_EDGE('',*,*,#2324,.F.);
#3249=ORIENTED_EDGE('',*,*,#2358,.F.);
#3250=ORIENTED_EDGE('',*,*,#2359,.F.);
#3251=ORIENTED_EDGE('',*,*,#2360,.F.);
#3252=ORIENTED_EDGE('',*,*,#2361,.F.);
#3253=ORIENTED_EDGE('',*,*,#2362,.T.);
#3254=ORIENTED_EDGE('',*,*,#2363,.F.);
#3255=ORIENTED_EDGE('',*,*,#2364,.F.);
#3256=ORIENTED_EDGE('',*,*,#2365,.F.);
#3257=ORIENTED_EDGE('',*,*,#2366,.F.);
#3258=ORIENTED_EDGE('',*,*,#2367,.T.);
#3259=ORIENTED_EDGE('',*,*,#2356,.T.);
#3260=ORIENTED_EDGE('',*,*,#2344,.F.);
#3261=ORIENTED_EDGE('',*,*,#2347,.T.);
#3262=ORIENTED_EDGE('',*,*,#2368,.T.);
#3263=ORIENTED_EDGE('',*,*,#2318,.F.);
#3264=ORIENTED_EDGE('',*,*,#2367,.F.);
#3265=ORIENTED_EDGE('',*,*,#2369,.F.);
#3266=ORIENTED_EDGE('',*,*,#2370,.F.);
#3267=ORIENTED_EDGE('',*,*,#2371,.F.);
#3268=ORIENTED_EDGE('',*,*,#2372,.F.);
#3269=ORIENTED_EDGE('',*,*,#2373,.F.);
#3270=ORIENTED_EDGE('',*,*,#2374,.F.);
#3271=ORIENTED_EDGE('',*,*,#2375,.F.);
#3272=ORIENTED_EDGE('',*,*,#2319,.F.);
#3273=ORIENTED_EDGE('',*,*,#2368,.F.);
#3274=ORIENTED_EDGE('',*,*,#2346,.F.);
#3275=ORIENTED_EDGE('',*,*,#2349,.F.);
#3276=ORIENTED_EDGE('',*,*,#2351,.F.);
#3277=ORIENTED_EDGE('',*,*,#2353,.F.);
#3278=ORIENTED_EDGE('',*,*,#2355,.F.);
#3279=ORIENTED_EDGE('',*,*,#2357,.F.);
#3280=ORIENTED_EDGE('',*,*,#2302,.F.);
#3281=ORIENTED_EDGE('',*,*,#2305,.T.);
#3282=ORIENTED_EDGE('',*,*,#2376,.T.);
#3283=ORIENTED_EDGE('',*,*,#2377,.F.);
#3284=ORIENTED_EDGE('',*,*,#2378,.F.);
#3285=ORIENTED_EDGE('',*,*,#2376,.F.);
#3286=ORIENTED_EDGE('',*,*,#2304,.F.);
#3287=ORIENTED_EDGE('',*,*,#2307,.F.);
#3288=ORIENTED_EDGE('',*,*,#2309,.F.);
#3289=ORIENTED_EDGE('',*,*,#2311,.F.);
#3290=ORIENTED_EDGE('',*,*,#2313,.F.);
#3291=ORIENTED_EDGE('',*,*,#2315,.F.);
#3292=ORIENTED_EDGE('',*,*,#2323,.F.);
#3293=ORIENTED_EDGE('',*,*,#2379,.F.);
#3294=ORIENTED_EDGE('',*,*,#2380,.F.);
#3295=ORIENTED_EDGE('',*,*,#2381,.F.);
#3296=ORIENTED_EDGE('',*,*,#2382,.F.);
#3297=ORIENTED_EDGE('',*,*,#2383,.F.);
#3298=ORIENTED_EDGE('',*,*,#2384,.F.);
#3299=ORIENTED_EDGE('',*,*,#2385,.F.);
#3300=ORIENTED_EDGE('',*,*,#2375,.T.);
#3301=ORIENTED_EDGE('',*,*,#2386,.T.);
#3302=ORIENTED_EDGE('',*,*,#2387,.F.);
#3303=ORIENTED_EDGE('',*,*,#2320,.T.);
#3304=ORIENTED_EDGE('',*,*,#2374,.T.);
#3305=ORIENTED_EDGE('',*,*,#2388,.T.);
#3306=ORIENTED_EDGE('',*,*,#2389,.F.);
#3307=ORIENTED_EDGE('',*,*,#2386,.F.);
#3308=ORIENTED_EDGE('',*,*,#2301,.F.);
#3309=ORIENTED_EDGE('',*,*,#2390,.T.);
#3310=ORIENTED_EDGE('',*,*,#2391,.T.);
#3311=ORIENTED_EDGE('',*,*,#2392,.F.);
#3312=ORIENTED_EDGE('',*,*,#2393,.F.);
#3313=ORIENTED_EDGE('',*,*,#2358,.T.);
#3314=ORIENTED_EDGE('',*,*,#2327,.F.);
#3315=ORIENTED_EDGE('',*,*,#2329,.F.);
#3316=ORIENTED_EDGE('',*,*,#2332,.F.);
#3317=ORIENTED_EDGE('',*,*,#2335,.F.);
#3318=ORIENTED_EDGE('',*,*,#2338,.F.);
#3319=ORIENTED_EDGE('',*,*,#2341,.F.);
#3320=ORIENTED_EDGE('',*,*,#2343,.F.);
#3321=ORIENTED_EDGE('',*,*,#2316,.T.);
#3322=ORIENTED_EDGE('',*,*,#2284,.F.);
#3323=ORIENTED_EDGE('',*,*,#2286,.F.);
#3324=ORIENTED_EDGE('',*,*,#2289,.F.);
#3325=ORIENTED_EDGE('',*,*,#2292,.F.);
#3326=ORIENTED_EDGE('',*,*,#2295,.F.);
#3327=ORIENTED_EDGE('',*,*,#2298,.F.);
#3328=ORIENTED_EDGE('',*,*,#2300,.F.);
#3329=ORIENTED_EDGE('',*,*,#2377,.T.);
#3330=ORIENTED_EDGE('',*,*,#2378,.T.);
#3331=ORIENTED_EDGE('',*,*,#2394,.F.);
#3332=ORIENTED_EDGE('',*,*,#2395,.F.);
#3333=ORIENTED_EDGE('',*,*,#2396,.F.);
#3334=ORIENTED_EDGE('',*,*,#2397,.F.);
#3335=ORIENTED_EDGE('',*,*,#2398,.F.);
#3336=ORIENTED_EDGE('',*,*,#2399,.F.);
#3337=ORIENTED_EDGE('',*,*,#2400,.F.);
#3338=ORIENTED_EDGE('',*,*,#2401,.F.);
#3339=ORIENTED_EDGE('',*,*,#2402,.T.);
#3340=ORIENTED_EDGE('',*,*,#2403,.F.);
#3341=ORIENTED_EDGE('',*,*,#2404,.F.);
#3342=ORIENTED_EDGE('',*,*,#2405,.F.);
#3343=ORIENTED_EDGE('',*,*,#2406,.F.);
#3344=ORIENTED_EDGE('',*,*,#2407,.F.);
#3345=ORIENTED_EDGE('',*,*,#2408,.F.);
#3346=ORIENTED_EDGE('',*,*,#2409,.F.);
#3347=ORIENTED_EDGE('',*,*,#2390,.F.);
#3348=ORIENTED_EDGE('',*,*,#2385,.T.);
#3349=ORIENTED_EDGE('',*,*,#2410,.T.);
#3350=ORIENTED_EDGE('',*,*,#2411,.F.);
#3351=ORIENTED_EDGE('',*,*,#2394,.T.);
#3352=ORIENTED_EDGE('',*,*,#2384,.T.);
#3353=ORIENTED_EDGE('',*,*,#2412,.T.);
#3354=ORIENTED_EDGE('',*,*,#2413,.F.);
#3355=ORIENTED_EDGE('',*,*,#2410,.F.);
#3356=ORIENTED_EDGE('',*,*,#2383,.T.);
#3357=ORIENTED_EDGE('',*,*,#2414,.T.);
#3358=ORIENTED_EDGE('',*,*,#2415,.F.);
#3359=ORIENTED_EDGE('',*,*,#2412,.F.);
#3360=ORIENTED_EDGE('',*,*,#2382,.T.);
#3361=ORIENTED_EDGE('',*,*,#2416,.T.);
#3362=ORIENTED_EDGE('',*,*,#2417,.F.);
#3363=ORIENTED_EDGE('',*,*,#2414,.F.);
#3364=ORIENTED_EDGE('',*,*,#2418,.T.);
#3365=ORIENTED_EDGE('',*,*,#2361,.T.);
#3366=ORIENTED_EDGE('',*,*,#2419,.T.);
#3367=ORIENTED_EDGE('',*,*,#2420,.T.);
#3368=ORIENTED_EDGE('',*,*,#2421,.T.);
#3369=ORIENTED_EDGE('',*,*,#2420,.F.);
#3370=ORIENTED_EDGE('',*,*,#2422,.T.);
#3371=ORIENTED_EDGE('',*,*,#2423,.T.);
#3372=ORIENTED_EDGE('',*,*,#2424,.T.);
#3373=ORIENTED_EDGE('',*,*,#2403,.T.);
#3374=ORIENTED_EDGE('',*,*,#2425,.T.);
#3375=ORIENTED_EDGE('',*,*,#2423,.F.);
#3376=ORIENTED_EDGE('',*,*,#2424,.F.);
#3377=ORIENTED_EDGE('',*,*,#2422,.F.);
#3378=ORIENTED_EDGE('',*,*,#2419,.F.);
#3379=ORIENTED_EDGE('',*,*,#2360,.T.);
#3380=ORIENTED_EDGE('',*,*,#2426,.T.);
#3381=ORIENTED_EDGE('',*,*,#2427,.F.);
#3382=ORIENTED_EDGE('',*,*,#2428,.F.);
#3383=ORIENTED_EDGE('',*,*,#2404,.T.);
#3384=ORIENTED_EDGE('',*,*,#2418,.F.);
#3385=ORIENTED_EDGE('',*,*,#2429,.F.);
#3386=ORIENTED_EDGE('',*,*,#2430,.F.);
#3387=ORIENTED_EDGE('',*,*,#2362,.F.);
#3388=ORIENTED_EDGE('',*,*,#2431,.F.);
#3389=ORIENTED_EDGE('',*,*,#2432,.T.);
#3390=ORIENTED_EDGE('',*,*,#2433,.T.);
#3391=ORIENTED_EDGE('',*,*,#2432,.F.);
#3392=ORIENTED_EDGE('',*,*,#2433,.F.);
#3393=ORIENTED_EDGE('',*,*,#2434,.T.);
#3394=ORIENTED_EDGE('',*,*,#2435,.F.);
#3395=ORIENTED_EDGE('',*,*,#2434,.F.);
#3396=ORIENTED_EDGE('',*,*,#2436,.F.);
#3397=ORIENTED_EDGE('',*,*,#2437,.T.);
#3398=ORIENTED_EDGE('',*,*,#2438,.T.);
#3399=ORIENTED_EDGE('',*,*,#2437,.F.);
#3400=ORIENTED_EDGE('',*,*,#2438,.F.);
#3401=ORIENTED_EDGE('',*,*,#2439,.T.);
#3402=ORIENTED_EDGE('',*,*,#2440,.F.);
#3403=ORIENTED_EDGE('',*,*,#2439,.F.);
#3404=ORIENTED_EDGE('',*,*,#2441,.F.);
#3405=ORIENTED_EDGE('',*,*,#2442,.T.);
#3406=ORIENTED_EDGE('',*,*,#2443,.F.);
#3407=ORIENTED_EDGE('',*,*,#2442,.F.);
#3408=ORIENTED_EDGE('',*,*,#2441,.T.);
#3409=ORIENTED_EDGE('',*,*,#2435,.T.);
#3410=ORIENTED_EDGE('',*,*,#2444,.F.);
#3411=ORIENTED_EDGE('',*,*,#2445,.T.);
#3412=ORIENTED_EDGE('',*,*,#2446,.F.);
#3413=ORIENTED_EDGE('',*,*,#2445,.F.);
#3414=ORIENTED_EDGE('',*,*,#2444,.T.);
#3415=ORIENTED_EDGE('',*,*,#2440,.T.);
#3416=ORIENTED_EDGE('',*,*,#2447,.T.);
#3417=ORIENTED_EDGE('',*,*,#2448,.T.);
#3418=ORIENTED_EDGE('',*,*,#2449,.T.);
#3419=ORIENTED_EDGE('',*,*,#2450,.T.);
#3420=ORIENTED_EDGE('',*,*,#2451,.T.);
#3421=ORIENTED_EDGE('',*,*,#2452,.T.);
#3422=ORIENTED_EDGE('',*,*,#2449,.F.);
#3423=ORIENTED_EDGE('',*,*,#2453,.T.);
#3424=ORIENTED_EDGE('',*,*,#2454,.T.);
#3425=ORIENTED_EDGE('',*,*,#2455,.T.);
#3426=ORIENTED_EDGE('',*,*,#2451,.F.);
#3427=ORIENTED_EDGE('',*,*,#2427,.T.);
#3428=ORIENTED_EDGE('',*,*,#2456,.T.);
#3429=ORIENTED_EDGE('',*,*,#2457,.T.);
#3430=ORIENTED_EDGE('',*,*,#2454,.F.);
#3431=ORIENTED_EDGE('',*,*,#2458,.T.);
#3432=ORIENTED_EDGE('',*,*,#2459,.T.);
#3433=ORIENTED_EDGE('',*,*,#2460,.T.);
#3434=ORIENTED_EDGE('',*,*,#2456,.F.);
#3435=ORIENTED_EDGE('',*,*,#2392,.T.);
#3436=ORIENTED_EDGE('',*,*,#2461,.T.);
#3437=ORIENTED_EDGE('',*,*,#2462,.T.);
#3438=ORIENTED_EDGE('',*,*,#2459,.F.);
#3439=ORIENTED_EDGE('',*,*,#2463,.T.);
#3440=ORIENTED_EDGE('',*,*,#2464,.T.);
#3441=ORIENTED_EDGE('',*,*,#2465,.T.);
#3442=ORIENTED_EDGE('',*,*,#2461,.F.);
#3443=ORIENTED_EDGE('',*,*,#2466,.T.);
#3444=ORIENTED_EDGE('',*,*,#2464,.F.);
#3445=ORIENTED_EDGE('',*,*,#2467,.T.);
#3446=ORIENTED_EDGE('',*,*,#2447,.F.);
#3447=ORIENTED_EDGE('',*,*,#2468,.T.);
#3448=ORIENTED_EDGE('',*,*,#2458,.F.);
#3449=ORIENTED_EDGE('',*,*,#2426,.F.);
#3450=ORIENTED_EDGE('',*,*,#2359,.T.);
#3451=ORIENTED_EDGE('',*,*,#2393,.T.);
#3452=ORIENTED_EDGE('',*,*,#2453,.F.);
#3453=ORIENTED_EDGE('',*,*,#2469,.T.);
#3454=ORIENTED_EDGE('',*,*,#2405,.T.);
#3455=ORIENTED_EDGE('',*,*,#2428,.T.);
#3456=ORIENTED_EDGE('',*,*,#2448,.F.);
#3457=ORIENTED_EDGE('',*,*,#2470,.T.);
#3458=ORIENTED_EDGE('',*,*,#2406,.T.);
#3459=ORIENTED_EDGE('',*,*,#2469,.F.);
#3460=ORIENTED_EDGE('',*,*,#2450,.F.);
#3461=ORIENTED_EDGE('',*,*,#2452,.F.);
#3462=ORIENTED_EDGE('',*,*,#2455,.F.);
#3463=ORIENTED_EDGE('',*,*,#2457,.F.);
#3464=ORIENTED_EDGE('',*,*,#2460,.F.);
#3465=ORIENTED_EDGE('',*,*,#2462,.F.);
#3466=ORIENTED_EDGE('',*,*,#2465,.F.);
#3467=ORIENTED_EDGE('',*,*,#2468,.F.);
#3468=ORIENTED_EDGE('',*,*,#2431,.T.);
#3469=ORIENTED_EDGE('',*,*,#2436,.T.);
#3470=ORIENTED_EDGE('',*,*,#2471,.F.);
#3471=ORIENTED_EDGE('',*,*,#2472,.F.);
#3472=ORIENTED_EDGE('',*,*,#2473,.F.);
#3473=ORIENTED_EDGE('',*,*,#2474,.F.);
#3474=ORIENTED_EDGE('',*,*,#2475,.T.);
#3475=ORIENTED_EDGE('',*,*,#2476,.T.);
#3476=ORIENTED_EDGE('',*,*,#2477,.T.);
#3477=ORIENTED_EDGE('',*,*,#2478,.T.);
#3478=ORIENTED_EDGE('',*,*,#2479,.T.);
#3479=ORIENTED_EDGE('',*,*,#2480,.T.);
#3480=ORIENTED_EDGE('',*,*,#2481,.T.);
#3481=ORIENTED_EDGE('',*,*,#2482,.T.);
#3482=ORIENTED_EDGE('',*,*,#2472,.T.);
#3483=ORIENTED_EDGE('',*,*,#2483,.T.);
#3484=ORIENTED_EDGE('',*,*,#2484,.T.);
#3485=ORIENTED_EDGE('',*,*,#2485,.T.);
#3486=ORIENTED_EDGE('',*,*,#2486,.T.);
#3487=ORIENTED_EDGE('',*,*,#2487,.T.);
#3488=ORIENTED_EDGE('',*,*,#2474,.T.);
#3489=ORIENTED_EDGE('',*,*,#2488,.T.);
#3490=ORIENTED_EDGE('',*,*,#2489,.T.);
#3491=ORIENTED_EDGE('',*,*,#2488,.F.);
#3492=ORIENTED_EDGE('',*,*,#2473,.T.);
#3493=ORIENTED_EDGE('',*,*,#2485,.F.);
#3494=ORIENTED_EDGE('',*,*,#2490,.T.);
#3495=ORIENTED_EDGE('',*,*,#2483,.F.);
#3496=ORIENTED_EDGE('',*,*,#2471,.T.);
#3497=ORIENTED_EDGE('',*,*,#2487,.F.);
#3498=ORIENTED_EDGE('',*,*,#2490,.F.);
#3499=ORIENTED_EDGE('',*,*,#2491,.T.);
#3500=ORIENTED_EDGE('',*,*,#2492,.F.);
#3501=ORIENTED_EDGE('',*,*,#2493,.F.);
#3502=ORIENTED_EDGE('',*,*,#2475,.F.);
#3503=ORIENTED_EDGE('',*,*,#2494,.T.);
#3504=ORIENTED_EDGE('',*,*,#2495,.T.);
#3505=ORIENTED_EDGE('',*,*,#2496,.F.);
#3506=ORIENTED_EDGE('',*,*,#2482,.F.);
#3507=ORIENTED_EDGE('',*,*,#2497,.T.);
#3508=ORIENTED_EDGE('',*,*,#2498,.T.);
#3509=ORIENTED_EDGE('',*,*,#2494,.F.);
#3510=ORIENTED_EDGE('',*,*,#2481,.F.);
#3511=ORIENTED_EDGE('',*,*,#2499,.T.);
#3512=ORIENTED_EDGE('',*,*,#2500,.T.);
#3513=ORIENTED_EDGE('',*,*,#2497,.F.);
#3514=ORIENTED_EDGE('',*,*,#2480,.F.);
#3515=ORIENTED_EDGE('',*,*,#2501,.T.);
#3516=ORIENTED_EDGE('',*,*,#2502,.T.);
#3517=ORIENTED_EDGE('',*,*,#2499,.F.);
#3518=ORIENTED_EDGE('',*,*,#2479,.F.);
#3519=ORIENTED_EDGE('',*,*,#2503,.T.);
#3520=ORIENTED_EDGE('',*,*,#2504,.T.);
#3521=ORIENTED_EDGE('',*,*,#2501,.F.);
#3522=ORIENTED_EDGE('',*,*,#2478,.F.);
#3523=ORIENTED_EDGE('',*,*,#2505,.T.);
#3524=ORIENTED_EDGE('',*,*,#2506,.T.);
#3525=ORIENTED_EDGE('',*,*,#2503,.F.);
#3526=ORIENTED_EDGE('',*,*,#2477,.F.);
#3527=ORIENTED_EDGE('',*,*,#2507,.T.);
#3528=ORIENTED_EDGE('',*,*,#2508,.T.);
#3529=ORIENTED_EDGE('',*,*,#2505,.F.);
#3530=ORIENTED_EDGE('',*,*,#2476,.F.);
#3531=ORIENTED_EDGE('',*,*,#2496,.T.);
#3532=ORIENTED_EDGE('',*,*,#2509,.T.);
#3533=ORIENTED_EDGE('',*,*,#2507,.F.);
#3534=ORIENTED_EDGE('',*,*,#2509,.F.);
#3535=ORIENTED_EDGE('',*,*,#2495,.F.);
#3536=ORIENTED_EDGE('',*,*,#2498,.F.);
#3537=ORIENTED_EDGE('',*,*,#2500,.F.);
#3538=ORIENTED_EDGE('',*,*,#2502,.F.);
#3539=ORIENTED_EDGE('',*,*,#2504,.F.);
#3540=ORIENTED_EDGE('',*,*,#2506,.F.);
#3541=ORIENTED_EDGE('',*,*,#2508,.F.);
#3542=ORIENTED_EDGE('',*,*,#2510,.F.);
#3543=ORIENTED_EDGE('',*,*,#2511,.F.);
#3544=ORIENTED_EDGE('',*,*,#2512,.F.);
#3545=ORIENTED_EDGE('',*,*,#2513,.F.);
#3546=ORIENTED_EDGE('',*,*,#2514,.F.);
#3547=ORIENTED_EDGE('',*,*,#2515,.F.);
#3548=ORIENTED_EDGE('',*,*,#2516,.F.);
#3549=ORIENTED_EDGE('',*,*,#2517,.F.);
#3550=ORIENTED_EDGE('',*,*,#2513,.T.);
#3551=ORIENTED_EDGE('',*,*,#2518,.T.);
#3552=ORIENTED_EDGE('',*,*,#2519,.F.);
#3553=ORIENTED_EDGE('',*,*,#2520,.F.);
#3554=ORIENTED_EDGE('',*,*,#2512,.T.);
#3555=ORIENTED_EDGE('',*,*,#2521,.T.);
#3556=ORIENTED_EDGE('',*,*,#2522,.F.);
#3557=ORIENTED_EDGE('',*,*,#2518,.F.);
#3558=ORIENTED_EDGE('',*,*,#2511,.T.);
#3559=ORIENTED_EDGE('',*,*,#2523,.T.);
#3560=ORIENTED_EDGE('',*,*,#2524,.F.);
#3561=ORIENTED_EDGE('',*,*,#2521,.F.);
#3562=ORIENTED_EDGE('',*,*,#2510,.T.);
#3563=ORIENTED_EDGE('',*,*,#2525,.T.);
#3564=ORIENTED_EDGE('',*,*,#2526,.F.);
#3565=ORIENTED_EDGE('',*,*,#2523,.F.);
#3566=ORIENTED_EDGE('',*,*,#2484,.F.);
#3567=ORIENTED_EDGE('',*,*,#2493,.T.);
#3568=ORIENTED_EDGE('',*,*,#2527,.F.);
#3569=ORIENTED_EDGE('',*,*,#2528,.F.);
#3570=ORIENTED_EDGE('',*,*,#2486,.F.);
#3571=ORIENTED_EDGE('',*,*,#2529,.T.);
#3572=ORIENTED_EDGE('',*,*,#2530,.F.);
#3573=ORIENTED_EDGE('',*,*,#2491,.F.);
#3574=ORIENTED_EDGE('',*,*,#2489,.F.);
#3575=ORIENTED_EDGE('',*,*,#2528,.T.);
#3576=ORIENTED_EDGE('',*,*,#2531,.F.);
#3577=ORIENTED_EDGE('',*,*,#2529,.F.);
#3578=ORIENTED_EDGE('',*,*,#2517,.T.);
#3579=ORIENTED_EDGE('',*,*,#2532,.T.);
#3580=ORIENTED_EDGE('',*,*,#2533,.F.);
#3581=ORIENTED_EDGE('',*,*,#2525,.F.);
#3582=ORIENTED_EDGE('',*,*,#2516,.T.);
#3583=ORIENTED_EDGE('',*,*,#2534,.T.);
#3584=ORIENTED_EDGE('',*,*,#2535,.F.);
#3585=ORIENTED_EDGE('',*,*,#2532,.F.);
#3586=ORIENTED_EDGE('',*,*,#2515,.T.);
#3587=ORIENTED_EDGE('',*,*,#2536,.T.);
#3588=ORIENTED_EDGE('',*,*,#2537,.F.);
#3589=ORIENTED_EDGE('',*,*,#2534,.F.);
#3590=ORIENTED_EDGE('',*,*,#2514,.T.);
#3591=ORIENTED_EDGE('',*,*,#2520,.T.);
#3592=ORIENTED_EDGE('',*,*,#2538,.F.);
#3593=ORIENTED_EDGE('',*,*,#2536,.F.);
#3594=ORIENTED_EDGE('',*,*,#2425,.F.);
#3595=ORIENTED_EDGE('',*,*,#2402,.F.);
#3596=ORIENTED_EDGE('',*,*,#2539,.F.);
#3597=ORIENTED_EDGE('',*,*,#2540,.F.);
#3598=ORIENTED_EDGE('',*,*,#2421,.F.);
#3599=ORIENTED_EDGE('',*,*,#2540,.T.);
#3600=ORIENTED_EDGE('',*,*,#2541,.F.);
#3601=ORIENTED_EDGE('',*,*,#2429,.T.);
#3602=ORIENTED_EDGE('',*,*,#2369,.T.);
#3603=ORIENTED_EDGE('',*,*,#2366,.T.);
#3604=ORIENTED_EDGE('',*,*,#2542,.F.);
#3605=ORIENTED_EDGE('',*,*,#2543,.F.);
#3606=ORIENTED_EDGE('',*,*,#2364,.T.);
#3607=ORIENTED_EDGE('',*,*,#2544,.T.);
#3608=ORIENTED_EDGE('',*,*,#2545,.T.);
#3609=ORIENTED_EDGE('',*,*,#2546,.F.);
#3610=ORIENTED_EDGE('',*,*,#2430,.T.);
#3611=ORIENTED_EDGE('',*,*,#2541,.T.);
#3612=ORIENTED_EDGE('',*,*,#2539,.T.);
#3613=ORIENTED_EDGE('',*,*,#2401,.T.);
#3614=ORIENTED_EDGE('',*,*,#2547,.T.);
#3615=ORIENTED_EDGE('',*,*,#2548,.T.);
#3616=ORIENTED_EDGE('',*,*,#2544,.F.);
#3617=ORIENTED_EDGE('',*,*,#2363,.T.);
#3618=ORIENTED_EDGE('',*,*,#2400,.T.);
#3619=ORIENTED_EDGE('',*,*,#2549,.F.);
#3620=ORIENTED_EDGE('',*,*,#2550,.T.);
#3621=ORIENTED_EDGE('',*,*,#2547,.F.);
#3622=ORIENTED_EDGE('',*,*,#2399,.T.);
#3623=ORIENTED_EDGE('',*,*,#2551,.T.);
#3624=ORIENTED_EDGE('',*,*,#2552,.T.);
#3625=ORIENTED_EDGE('',*,*,#2549,.T.);
#3626=ORIENTED_EDGE('',*,*,#2379,.T.);
#3627=ORIENTED_EDGE('',*,*,#2322,.T.);
#3628=ORIENTED_EDGE('',*,*,#2553,.F.);
#3629=ORIENTED_EDGE('',*,*,#2554,.F.);
#3630=ORIENTED_EDGE('',*,*,#2365,.T.);
#3631=ORIENTED_EDGE('',*,*,#2546,.T.);
#3632=ORIENTED_EDGE('',*,*,#2555,.T.);
#3633=ORIENTED_EDGE('',*,*,#2556,.F.);
#3634=ORIENTED_EDGE('',*,*,#2395,.T.);
#3635=ORIENTED_EDGE('',*,*,#2411,.T.);
#3636=ORIENTED_EDGE('',*,*,#2413,.T.);
#3637=ORIENTED_EDGE('',*,*,#2415,.T.);
#3638=ORIENTED_EDGE('',*,*,#2417,.T.);
#3639=ORIENTED_EDGE('',*,*,#2557,.T.);
#3640=ORIENTED_EDGE('',*,*,#2558,.T.);
#3641=ORIENTED_EDGE('',*,*,#2553,.T.);
#3642=ORIENTED_EDGE('',*,*,#2321,.T.);
#3643=ORIENTED_EDGE('',*,*,#2387,.T.);
#3644=ORIENTED_EDGE('',*,*,#2389,.T.);
#3645=ORIENTED_EDGE('',*,*,#2559,.T.);
#3646=ORIENTED_EDGE('',*,*,#2560,.T.);
#3647=ORIENTED_EDGE('',*,*,#2561,.T.);
#3648=ORIENTED_EDGE('',*,*,#2562,.T.);
#3649=ORIENTED_EDGE('',*,*,#2542,.T.);
#3650=ORIENTED_EDGE('',*,*,#2467,.F.);
#3651=ORIENTED_EDGE('',*,*,#2563,.F.);
#3652=ORIENTED_EDGE('',*,*,#2407,.T.);
#3653=ORIENTED_EDGE('',*,*,#2470,.F.);
#3654=ORIENTED_EDGE('',*,*,#2466,.F.);
#3655=ORIENTED_EDGE('',*,*,#2564,.F.);
#3656=ORIENTED_EDGE('',*,*,#2408,.T.);
#3657=ORIENTED_EDGE('',*,*,#2563,.T.);
#3658=ORIENTED_EDGE('',*,*,#2463,.F.);
#3659=ORIENTED_EDGE('',*,*,#2391,.F.);
#3660=ORIENTED_EDGE('',*,*,#2409,.T.);
#3661=ORIENTED_EDGE('',*,*,#2564,.T.);
#3662=ORIENTED_EDGE('',*,*,#2565,.F.);
#3663=ORIENTED_EDGE('',*,*,#2566,.F.);
#3664=ORIENTED_EDGE('',*,*,#2567,.F.);
#3665=ORIENTED_EDGE('',*,*,#2555,.F.);
#3666=ORIENTED_EDGE('',*,*,#2545,.F.);
#3667=ORIENTED_EDGE('',*,*,#2548,.F.);
#3668=ORIENTED_EDGE('',*,*,#2550,.F.);
#3669=ORIENTED_EDGE('',*,*,#2552,.F.);
#3670=ORIENTED_EDGE('',*,*,#2443,.T.);
#3671=ORIENTED_EDGE('',*,*,#2446,.T.);
#3672=ORIENTED_EDGE('',*,*,#2527,.T.);
#3673=ORIENTED_EDGE('',*,*,#2492,.T.);
#3674=ORIENTED_EDGE('',*,*,#2530,.T.);
#3675=ORIENTED_EDGE('',*,*,#2531,.T.);
#3676=ORIENTED_EDGE('',*,*,#2533,.T.);
#3677=ORIENTED_EDGE('',*,*,#2535,.T.);
#3678=ORIENTED_EDGE('',*,*,#2537,.T.);
#3679=ORIENTED_EDGE('',*,*,#2538,.T.);
#3680=ORIENTED_EDGE('',*,*,#2519,.T.);
#3681=ORIENTED_EDGE('',*,*,#2522,.T.);
#3682=ORIENTED_EDGE('',*,*,#2524,.T.);
#3683=ORIENTED_EDGE('',*,*,#2526,.T.);
#3684=ORIENTED_EDGE('',*,*,#2396,.T.);
#3685=ORIENTED_EDGE('',*,*,#2556,.T.);
#3686=ORIENTED_EDGE('',*,*,#2567,.T.);
#3687=ORIENTED_EDGE('',*,*,#2568,.F.);
#3688=ORIENTED_EDGE('',*,*,#2398,.T.);
#3689=ORIENTED_EDGE('',*,*,#2569,.T.);
#3690=ORIENTED_EDGE('',*,*,#2565,.T.);
#3691=ORIENTED_EDGE('',*,*,#2551,.F.);
#3692=ORIENTED_EDGE('',*,*,#2397,.T.);
#3693=ORIENTED_EDGE('',*,*,#2568,.T.);
#3694=ORIENTED_EDGE('',*,*,#2566,.T.);
#3695=ORIENTED_EDGE('',*,*,#2569,.F.);
#3696=ORIENTED_EDGE('',*,*,#2381,.T.);
#3697=ORIENTED_EDGE('',*,*,#2570,.T.);
#3698=ORIENTED_EDGE('',*,*,#2557,.F.);
#3699=ORIENTED_EDGE('',*,*,#2416,.F.);
#3700=ORIENTED_EDGE('',*,*,#2380,.T.);
#3701=ORIENTED_EDGE('',*,*,#2554,.T.);
#3702=ORIENTED_EDGE('',*,*,#2558,.F.);
#3703=ORIENTED_EDGE('',*,*,#2570,.F.);
#3704=ORIENTED_EDGE('',*,*,#2373,.T.);
#3705=ORIENTED_EDGE('',*,*,#2571,.T.);
#3706=ORIENTED_EDGE('',*,*,#2559,.F.);
#3707=ORIENTED_EDGE('',*,*,#2388,.F.);
#3708=ORIENTED_EDGE('',*,*,#2370,.T.);
#3709=ORIENTED_EDGE('',*,*,#2543,.T.);
#3710=ORIENTED_EDGE('',*,*,#2562,.F.);
#3711=ORIENTED_EDGE('',*,*,#2572,.F.);
#3712=ORIENTED_EDGE('',*,*,#2371,.T.);
#3713=ORIENTED_EDGE('',*,*,#2572,.T.);
#3714=ORIENTED_EDGE('',*,*,#2561,.F.);
#3715=ORIENTED_EDGE('',*,*,#2573,.F.);
#3716=ORIENTED_EDGE('',*,*,#2372,.T.);
#3717=ORIENTED_EDGE('',*,*,#2573,.T.);
#3718=ORIENTED_EDGE('',*,*,#2560,.F.);
#3719=ORIENTED_EDGE('',*,*,#2571,.F.);
#3720=ORIENTED_EDGE('',*,*,#2574,.T.);
#3721=ORIENTED_EDGE('',*,*,#2575,.T.);
#3722=ORIENTED_EDGE('',*,*,#2576,.F.);
#3723=ORIENTED_EDGE('',*,*,#2577,.F.);
#3724=ORIENTED_EDGE('',*,*,#2578,.T.);
#3725=ORIENTED_EDGE('',*,*,#2577,.T.);
#3726=ORIENTED_EDGE('',*,*,#2579,.F.);
#3727=ORIENTED_EDGE('',*,*,#2580,.F.);
#3728=ORIENTED_EDGE('',*,*,#2581,.T.);
#3729=ORIENTED_EDGE('',*,*,#2580,.T.);
#3730=ORIENTED_EDGE('',*,*,#2582,.F.);
#3731=ORIENTED_EDGE('',*,*,#2583,.F.);
#3732=ORIENTED_EDGE('',*,*,#2584,.T.);
#3733=ORIENTED_EDGE('',*,*,#2583,.T.);
#3734=ORIENTED_EDGE('',*,*,#2585,.F.);
#3735=ORIENTED_EDGE('',*,*,#2586,.F.);
#3736=ORIENTED_EDGE('',*,*,#2587,.T.);
#3737=ORIENTED_EDGE('',*,*,#2586,.T.);
#3738=ORIENTED_EDGE('',*,*,#2588,.F.);
#3739=ORIENTED_EDGE('',*,*,#2589,.F.);
#3740=ORIENTED_EDGE('',*,*,#2590,.T.);
#3741=ORIENTED_EDGE('',*,*,#2589,.T.);
#3742=ORIENTED_EDGE('',*,*,#2591,.F.);
#3743=ORIENTED_EDGE('',*,*,#2592,.F.);
#3744=ORIENTED_EDGE('',*,*,#2593,.T.);
#3745=ORIENTED_EDGE('',*,*,#2592,.T.);
#3746=ORIENTED_EDGE('',*,*,#2594,.F.);
#3747=ORIENTED_EDGE('',*,*,#2595,.F.);
#3748=ORIENTED_EDGE('',*,*,#2596,.T.);
#3749=ORIENTED_EDGE('',*,*,#2595,.T.);
#3750=ORIENTED_EDGE('',*,*,#2597,.F.);
#3751=ORIENTED_EDGE('',*,*,#2575,.F.);
#3752=ORIENTED_EDGE('',*,*,#2597,.T.);
#3753=ORIENTED_EDGE('',*,*,#2594,.T.);
#3754=ORIENTED_EDGE('',*,*,#2591,.T.);
#3755=ORIENTED_EDGE('',*,*,#2588,.T.);
#3756=ORIENTED_EDGE('',*,*,#2585,.T.);
#3757=ORIENTED_EDGE('',*,*,#2582,.T.);
#3758=ORIENTED_EDGE('',*,*,#2579,.T.);
#3759=ORIENTED_EDGE('',*,*,#2576,.T.);
#3760=ORIENTED_EDGE('',*,*,#2596,.F.);
#3761=ORIENTED_EDGE('',*,*,#2574,.F.);
#3762=ORIENTED_EDGE('',*,*,#2578,.F.);
#3763=ORIENTED_EDGE('',*,*,#2581,.F.);
#3764=ORIENTED_EDGE('',*,*,#2584,.F.);
#3765=ORIENTED_EDGE('',*,*,#2587,.F.);
#3766=ORIENTED_EDGE('',*,*,#2590,.F.);
#3767=ORIENTED_EDGE('',*,*,#2593,.F.);
#3768=TOROIDAL_SURFACE('',#4017,2.1,0.5);
#3769=TOROIDAL_SURFACE('',#4023,2.09999999999999,0.5);
#3770=TOROIDAL_SURFACE('',#4030,2.6,0.5);
#3771=TOROIDAL_SURFACE('',#4035,2.6,0.5);
#3772=TOROIDAL_SURFACE('',#4086,6.,1.);
#3773=TOROIDAL_SURFACE('',#4092,6.,1.);
#3774=TOROIDAL_SURFACE('',#4103,3.7248056905057,1.);
#3775=TOROIDAL_SURFACE('',#4112,3.724805689611,1.);
#3776=TOROIDAL_SURFACE('',#4117,3.72480568961095,1.);
#3777=TOROIDAL_SURFACE('',#4122,3.72480568961095,1.);
#3778=TOROIDAL_SURFACE('',#4206,2.09999999999999,0.5);
#3779=TOROIDAL_SURFACE('',#4212,2.09999999999999,0.5);
#3780=TOROIDAL_SURFACE('',#4218,2.1,0.5);
#3781=TOROIDAL_SURFACE('',#4224,2.1,0.5);
#3782=TOROIDAL_SURFACE('',#4237,2.6,0.5);
#3783=TOROIDAL_SURFACE('',#4243,2.6,0.5);
#3784=TOROIDAL_SURFACE('',#4249,2.6,0.5);
#3785=TOROIDAL_SURFACE('',#4255,2.6,0.5);
#3786=TOROIDAL_SURFACE('',#4304,2.25,1.);
#3787=TOROIDAL_SURFACE('',#4331,3.724805689611,1.);
#3788=TOROIDAL_SURFACE('',#4337,3.72480568961095,1.);
#3789=TOROIDAL_SURFACE('',#4343,3.72480568961095,1.);
#3790=TOROIDAL_SURFACE('',#4349,3.7248056905057,1.);
#3791=ADVANCED_FACE('',(#950),#3768,.T.);
#3792=ADVANCED_FACE('',(#951),#856,.T.);
#3793=ADVANCED_FACE('',(#952),#3769,.T.);
#3794=ADVANCED_FACE('',(#953),#53,.T.);
#3795=ADVANCED_FACE('',(#954),#54,.T.);
#3796=ADVANCED_FACE('',(#955),#3770,.T.);
#3797=ADVANCED_FACE('',(#956),#857,.T.);
#3798=ADVANCED_FACE('',(#957),#3771,.T.);
#3799=ADVANCED_FACE('',(#958),#55,.F.);
#3800=ADVANCED_FACE('',(#959),#858,.F.);
#3801=ADVANCED_FACE('',(#960),#859,.F.);
#3802=ADVANCED_FACE('',(#961),#56,.T.);
#3803=ADVANCED_FACE('',(#962),#860,.F.);
#3804=ADVANCED_FACE('',(#963),#57,.F.);
#3805=ADVANCED_FACE('',(#964),#861,.F.);
#3806=ADVANCED_FACE('',(#965),#58,.T.);
#3807=ADVANCED_FACE('',(#966),#59,.T.);
#3808=ADVANCED_FACE('',(#967),#60,.T.);
#3809=ADVANCED_FACE('',(#968),#61,.T.);
#3810=ADVANCED_FACE('',(#969),#62,.T.);
#3811=ADVANCED_FACE('',(#970),#63,.T.);
#3812=ADVANCED_FACE('',(#971),#64,.T.);
#3813=ADVANCED_FACE('',(#972),#65,.T.);
#3814=ADVANCED_FACE('',(#973),#66,.T.);
#3815=ADVANCED_FACE('',(#974),#67,.T.);
#3816=ADVANCED_FACE('',(#975),#68,.T.);
#3817=ADVANCED_FACE('',(#976),#69,.T.);
#3818=ADVANCED_FACE('',(#977),#49,.F.);
#3819=ADVANCED_FACE('',(#978),#50,.F.);
#3820=ADVANCED_FACE('',(#979),#70,.T.);
#3821=ADVANCED_FACE('',(#980),#862,.T.);
#3822=ADVANCED_FACE('',(#981),#863,.T.);
#3823=ADVANCED_FACE('',(#982),#51,.F.);
#3824=ADVANCED_FACE('',(#983),#3772,.T.);
#3825=ADVANCED_FACE('',(#984),#864,.T.);
#3826=ADVANCED_FACE('',(#985),#3773,.T.);
#3827=ADVANCED_FACE('',(#986),#52,.F.);
#3828=ADVANCED_FACE('',(#987),#865,.T.);
#3829=ADVANCED_FACE('',(#988),#41,.T.);
#3830=ADVANCED_FACE('',(#989),#42,.T.);
#3831=ADVANCED_FACE('',(#990),#3774,.T.);
#3832=ADVANCED_FACE('',(#991),#866,.T.);
#3833=ADVANCED_FACE('',(#992),#71,.T.);
#3834=ADVANCED_FACE('',(#993),#867,.T.);
#3835=ADVANCED_FACE('',(#994),#3775,.T.);
#3836=ADVANCED_FACE('',(#995),#868,.T.);
#3837=ADVANCED_FACE('',(#996),#3776,.T.);
#3838=ADVANCED_FACE('',(#997),#869,.T.);
#3839=ADVANCED_FACE('',(#998),#3777,.T.);
#3840=ADVANCED_FACE('',(#999),#870,.T.);
#3841=ADVANCED_FACE('',(#1000),#72,.T.);
#3842=ADVANCED_FACE('',(#1001),#871,.T.);
#3843=ADVANCED_FACE('',(#1002),#872,.T.);
#3844=ADVANCED_FACE('',(#1003),#73,.T.);
#3845=ADVANCED_FACE('',(#1004),#873,.F.);
#3846=ADVANCED_FACE('',(#1005),#74,.F.);
#3847=ADVANCED_FACE('',(#1006),#874,.F.);
#3848=ADVANCED_FACE('',(#1007),#75,.F.);
#3849=ADVANCED_FACE('',(#1008),#76,.T.);
#3850=ADVANCED_FACE('',(#1009,#22),#77,.T.);
#3851=ADVANCED_FACE('',(#1010,#23),#78,.T.);
#3852=ADVANCED_FACE('',(#1011,#24),#79,.F.);
#3853=ADVANCED_FACE('',(#1012),#80,.T.);
#3854=ADVANCED_FACE('',(#1013),#875,.F.);
#3855=ADVANCED_FACE('',(#1014),#81,.T.);
#3856=ADVANCED_FACE('',(#1015),#876,.F.);
#3857=ADVANCED_FACE('',(#1016),#82,.T.);
#3858=ADVANCED_FACE('',(#1017),#877,.F.);
#3859=ADVANCED_FACE('',(#1018),#83,.T.);
#3860=ADVANCED_FACE('',(#1019),#878,.F.);
#3861=ADVANCED_FACE('',(#1020),#84,.T.);
#3862=ADVANCED_FACE('',(#1021),#85,.T.);
#3863=ADVANCED_FACE('',(#1022),#879,.F.);
#3864=ADVANCED_FACE('',(#1023),#880,.F.);
#3865=ADVANCED_FACE('',(#1024),#881,.F.);
#3866=ADVANCED_FACE('',(#1025),#86,.T.);
#3867=ADVANCED_FACE('',(#1026),#87,.T.);
#3868=ADVANCED_FACE('',(#1027,#25,#26),#88,.F.);
#3869=ADVANCED_FACE('',(#1028),#89,.T.);
#3870=ADVANCED_FACE('',(#1029),#90,.F.);
#3871=ADVANCED_FACE('',(#1030),#91,.T.);
#3872=ADVANCED_FACE('',(#1031),#882,.F.);
#3873=ADVANCED_FACE('',(#1032),#883,.T.);
#3874=ADVANCED_FACE('',(#1033),#92,.T.);
#3875=ADVANCED_FACE('',(#1034),#93,.T.);
#3876=ADVANCED_FACE('',(#1035),#884,.F.);
#3877=ADVANCED_FACE('',(#1036),#94,.T.);
#3878=ADVANCED_FACE('',(#1037),#95,.T.);
#3879=ADVANCED_FACE('',(#1038),#885,.T.);
#3880=ADVANCED_FACE('',(#1039),#96,.T.);
#3881=ADVANCED_FACE('',(#1040,#27,#28),#97,.T.);
#3882=ADVANCED_FACE('',(#1041),#886,.F.);
#3883=ADVANCED_FACE('',(#1042),#98,.T.);
#3884=ADVANCED_FACE('',(#1043),#887,.F.);
#3885=ADVANCED_FACE('',(#1044),#888,.F.);
#3886=ADVANCED_FACE('',(#1045),#889,.F.);
#3887=ADVANCED_FACE('',(#1046),#890,.F.);
#3888=ADVANCED_FACE('',(#1047,#29),#99,.T.);
#3889=ADVANCED_FACE('',(#1048),#891,.F.);
#3890=ADVANCED_FACE('',(#1049),#892,.F.);
#3891=ADVANCED_FACE('',(#1050),#3778,.T.);
#3892=ADVANCED_FACE('',(#1051),#893,.T.);
#3893=ADVANCED_FACE('',(#1052),#3779,.T.);
#3894=ADVANCED_FACE('',(#1053),#894,.T.);
#3895=ADVANCED_FACE('',(#1054),#3780,.T.);
#3896=ADVANCED_FACE('',(#1055),#895,.T.);
#3897=ADVANCED_FACE('',(#1056),#3781,.T.);
#3898=ADVANCED_FACE('',(#1057),#100,.F.);
#3899=ADVANCED_FACE('',(#1058),#896,.F.);
#3900=ADVANCED_FACE('',(#1059),#101,.F.);
#3901=ADVANCED_FACE('',(#1060),#897,.F.);
#3902=ADVANCED_FACE('',(#1061),#102,.F.);
#3903=ADVANCED_FACE('',(#1062),#898,.F.);
#3904=ADVANCED_FACE('',(#1063),#103,.F.);
#3905=ADVANCED_FACE('',(#1064),#3782,.T.);
#3906=ADVANCED_FACE('',(#1065),#899,.T.);
#3907=ADVANCED_FACE('',(#1066),#3783,.T.);
#3908=ADVANCED_FACE('',(#1067),#900,.T.);
#3909=ADVANCED_FACE('',(#1068),#3784,.T.);
#3910=ADVANCED_FACE('',(#1069),#901,.T.);
#3911=ADVANCED_FACE('',(#1070),#3785,.T.);
#3912=ADVANCED_FACE('',(#1071),#104,.F.);
#3913=ADVANCED_FACE('',(#1072),#902,.F.);
#3914=ADVANCED_FACE('',(#1073),#105,.F.);
#3915=ADVANCED_FACE('',(#1074),#903,.F.);
#3916=ADVANCED_FACE('',(#1075),#106,.F.);
#3917=ADVANCED_FACE('',(#1076),#904,.F.);
#3918=ADVANCED_FACE('',(#1077),#107,.F.);
#3919=ADVANCED_FACE('',(#1078),#905,.F.);
#3920=ADVANCED_FACE('',(#1079),#108,.T.);
#3921=ADVANCED_FACE('',(#1080),#906,.F.);
#3922=ADVANCED_FACE('',(#1081),#109,.T.);
#3923=ADVANCED_FACE('',(#1082),#907,.F.);
#3924=ADVANCED_FACE('',(#1083),#110,.F.);
#3925=ADVANCED_FACE('',(#1084),#111,.T.);
#3926=ADVANCED_FACE('',(#1085),#112,.F.);
#3927=ADVANCED_FACE('',(#1086),#908,.F.);
#3928=ADVANCED_FACE('',(#1087),#113,.F.);
#3929=ADVANCED_FACE('',(#1088),#909,.F.);
#3930=ADVANCED_FACE('',(#1089),#114,.F.);
#3931=ADVANCED_FACE('',(#1090),#910,.T.);
#3932=ADVANCED_FACE('',(#1091),#3786,.T.);
#3933=ADVANCED_FACE('',(#1092),#911,.T.);
#3934=ADVANCED_FACE('',(#1093),#115,.T.);
#3935=ADVANCED_FACE('',(#1094),#116,.F.);
#3936=ADVANCED_FACE('',(#1095),#13,.F.);
#3937=ADVANCED_FACE('',(#1096),#912,.F.);
#3938=ADVANCED_FACE('',(#1097),#14,.F.);
#3939=ADVANCED_FACE('',(#1098),#913,.F.);
#3940=ADVANCED_FACE('',(#1099),#914,.T.);
#3941=ADVANCED_FACE('',(#1100,#30),#117,.F.);
#3942=ADVANCED_FACE('',(#1101),#915,.T.);
#3943=ADVANCED_FACE('',(#1102,#31),#118,.F.);
#3944=ADVANCED_FACE('',(#1103),#916,.T.);
#3945=ADVANCED_FACE('',(#1104),#3787,.T.);
#3946=ADVANCED_FACE('',(#1105),#917,.T.);
#3947=ADVANCED_FACE('',(#1106),#3788,.T.);
#3948=ADVANCED_FACE('',(#1107),#918,.T.);
#3949=ADVANCED_FACE('',(#1108),#3789,.T.);
#3950=ADVANCED_FACE('',(#1109),#919,.T.);
#3951=ADVANCED_FACE('',(#1110),#3790,.T.);
#3952=ADVANCED_FACE('',(#1111),#920,.T.);
#3953=ADVANCED_FACE('',(#1112),#921,.T.);
#3954=ADVANCED_FACE('',(#1113),#119,.T.);
#3955=ADVANCED_FACE('',(#1114,#32,#33,#34,#35),#120,.T.);
#3956=ADVANCED_FACE('',(#1115),#922,.T.);
#3957=ADVANCED_FACE('',(#1116),#923,.T.);
#3958=ADVANCED_FACE('',(#1117),#924,.T.);
#3959=ADVANCED_FACE('',(#1118),#925,.T.);
#3960=ADVANCED_FACE('',(#1119),#121,.F.);
#3961=ADVANCED_FACE('',(#1120),#122,.F.);
#3962=ADVANCED_FACE('',(#1121),#926,.F.);
#3963=ADVANCED_FACE('',(#1122),#123,.F.);
#3964=ADVANCED_FACE('',(#1123),#927,.F.);
#3965=ADVANCED_FACE('',(#1124),#124,.F.);
#3966=ADVANCED_FACE('',(#1125),#928,.F.);
#3967=ADVANCED_FACE('',(#1126),#125,.F.);
#3968=ADVANCED_FACE('',(#1127),#929,.F.);
#3969=ADVANCED_FACE('',(#1128,#36),#126,.T.);
#3970=ADVANCED_FACE('',(#1129),#127,.F.);
#3971=ADVANCED_FACE('',(#1130),#930,.F.);
#3972=ADVANCED_FACE('',(#1131),#128,.F.);
#3973=ADVANCED_FACE('',(#1132),#931,.F.);
#3974=ADVANCED_FACE('',(#1133),#129,.F.);
#3975=ADVANCED_FACE('',(#1134),#130,.F.);
#3976=ADVANCED_FACE('',(#1135),#131,.F.);
#3977=ADVANCED_FACE('',(#1136),#132,.F.);
#3978=ADVANCED_FACE('',(#1137),#932,.F.);
#3979=ADVANCED_FACE('',(#1138),#133,.F.);
#3980=ADVANCED_FACE('',(#1139),#933,.F.);
#3981=ADVANCED_FACE('',(#1140),#134,.F.);
#3982=ADVANCED_FACE('',(#1141),#934,.F.);
#3983=ADVANCED_FACE('',(#1142),#935,.F.);
#3984=ADVANCED_FACE('',(#1143),#936,.F.);
#3985=ADVANCED_FACE('',(#1144),#135,.T.);
#3986=ADVANCED_FACE('',(#1145),#937,.F.);
#3987=ADVANCED_FACE('',(#1146),#136,.T.);
#3988=ADVANCED_FACE('',(#1147),#938,.F.);
#3989=ADVANCED_FACE('',(#1148),#137,.T.);
#3990=ADVANCED_FACE('',(#1149),#939,.T.);
#3991=ADVANCED_FACE('',(#1150),#138,.T.);
#3992=ADVANCED_FACE('',(#1151),#940,.T.);
#3993=ADVANCED_FACE('',(#1152,#37,#38,#39,#40),#139,.F.);
#3994=ADVANCED_FACE('',(#1153),#941,.F.);
#3995=ADVANCED_FACE('',(#1154),#942,.F.);
#3996=ADVANCED_FACE('',(#1155),#140,.T.);
#3997=ADVANCED_FACE('',(#1156),#943,.F.);
#3998=ADVANCED_FACE('',(#1157),#141,.F.);
#3999=ADVANCED_FACE('',(#1158),#944,.F.);
#4000=ADVANCED_FACE('',(#1159),#142,.F.);
#4001=ADVANCED_FACE('',(#1160),#945,.F.);
#4002=ADVANCED_FACE('',(#1161),#143,.F.);
#4003=ADVANCED_FACE('',(#1162),#946,.T.);
#4004=ADVANCED_FACE('',(#1163),#144,.T.);
#4005=ADVANCED_FACE('',(#1164),#947,.T.);
#4006=ADVANCED_FACE('',(#1165),#145,.T.);
#4007=ADVANCED_FACE('',(#1166),#948,.T.);
#4008=ADVANCED_FACE('',(#1167),#146,.T.);
#4009=ADVANCED_FACE('',(#1168),#949,.T.);
#4010=ADVANCED_FACE('',(#1169),#147,.T.);
#4011=ADVANCED_FACE('',(#1170),#148,.T.);
#4012=ADVANCED_FACE('',(#1171),#149,.F.);
#4013=CLOSED_SHELL('',(#3791,#3792,#3793,#3794,#3795,#3796,#3797,#3798,
#3799,#3800,#3801,#3802,#3803,#3804,#3805,#3806,#3807,#3808,#3809,#3810,
#3811,#3812,#3813,#3814,#3815,#3816,#3817,#3818,#3819,#3820,#3821,#3822,
#3823,#3824,#3825,#3826,#3827,#3828,#3829,#3830,#3831,#3832,#3833,#3834,
#3835,#3836,#3837,#3838,#3839,#3840,#3841,#3842,#3843,#3844,#3845,#3846,
#3847,#3848,#3849,#3850,#3851,#3852,#3853,#3854,#3855,#3856,#3857,#3858,
#3859,#3860,#3861,#3862,#3863,#3864,#3865,#3866,#3867,#3868,#3869,#3870,
#3871,#3872,#3873,#3874,#3875,#3876,#3877,#3878,#3879,#3880,#3881,#3882,
#3883,#3884,#3885,#3886,#3887,#3888,#3889,#3890));
#4014=CLOSED_SHELL('',(#3891,#3892,#3893,#3894,#3895,#3896,#3897,#3898,
#3899,#3900,#3901,#3902,#3903,#3904,#3905,#3906,#3907,#3908,#3909,#3910,
#3911,#3912,#3913,#3914,#3915,#3916,#3917,#3918,#3919,#3920,#3921,#3922,
#3923,#3924,#3925,#3926,#3927,#3928,#3929,#3930,#3931,#3932,#3933,#3934,
#3935,#3936,#3937,#3938,#3939,#3940,#3941,#3942,#3943,#3944,#3945,#3946,
#3947,#3948,#3949,#3950,#3951,#3952,#3953,#3954,#3955,#3956,#3957,#3958,
#3959,#3960,#3961,#3962,#3963,#3964,#3965,#3966,#3967,#3968,#3969,#3970,
#3971,#3972,#3973,#3974,#3975,#3976,#3977,#3978,#3979,#3980,#3981,#3982,
#3983,#3984,#3985,#3986,#3987,#3988,#3989,#3990,#3991,#3992,#3993,#3994,
#3995,#3996,#3997,#3998,#3999,#4000,#4001,#4002));
#4015=CLOSED_SHELL('',(#4003,#4004,#4005,#4006,#4007,#4008,#4009,#4010,
#4011,#4012));
#4016=AXIS2_PLACEMENT_3D('',#5674,#4451,#4452);
#4017=AXIS2_PLACEMENT_3D('',#5675,#4453,#4454);
#4018=AXIS2_PLACEMENT_3D('',#5689,#4455,#4456);
#4019=AXIS2_PLACEMENT_3D('',#5691,#4457,#4458);
#4020=AXIS2_PLACEMENT_3D('',#5692,#4459,#4460);
#4021=AXIS2_PLACEMENT_3D('',#5693,#4461,#4462);
#4022=AXIS2_PLACEMENT_3D('',#5696,#4463,#4464);
#4023=AXIS2_PLACEMENT_3D('',#5699,#4467,#4468);
#4024=AXIS2_PLACEMENT_3D('',#5712,#4469,#4470);
#4025=AXIS2_PLACEMENT_3D('',#5713,#4471,#4472);
#4026=AXIS2_PLACEMENT_3D('',#5714,#4473,#4474);
#4027=AXIS2_PLACEMENT_3D('',#5718,#4476,#4477);
#4028=AXIS2_PLACEMENT_3D('',#5722,#4479,#4480);
#4029=AXIS2_PLACEMENT_3D('',#5732,#4486,#4487);
#4030=AXIS2_PLACEMENT_3D('',#5757,#4495,#4496);
#4031=AXIS2_PLACEMENT_3D('',#5759,#4497,#4498);
#4032=AXIS2_PLACEMENT_3D('',#5760,#4499,#4500);
#4033=AXIS2_PLACEMENT_3D('',#5761,#4501,#4502);
#4034=AXIS2_PLACEMENT_3D('',#5763,#4503,#4504);
#4035=AXIS2_PLACEMENT_3D('',#5765,#4506,#4507);
#4036=AXIS2_PLACEMENT_3D('',#5777,#4508,#4509);
#4037=AXIS2_PLACEMENT_3D('',#5778,#4510,#4511);
#4038=AXIS2_PLACEMENT_3D('',#5784,#4515,#4516);
#4039=AXIS2_PLACEMENT_3D('',#5785,#4517,#4518);
#4040=AXIS2_PLACEMENT_3D('',#5786,#4519,#4520);
#4041=AXIS2_PLACEMENT_3D('',#5788,#4521,#4522);
#4042=AXIS2_PLACEMENT_3D('',#5790,#4524,#4525);
#4043=AXIS2_PLACEMENT_3D('',#5792,#4526,#4527);
#4044=AXIS2_PLACEMENT_3D('',#5796,#4529,#4530);
#4045=AXIS2_PLACEMENT_3D('',#5798,#4532,#4533);
#4046=AXIS2_PLACEMENT_3D('',#5801,#4535,#4536);
#4047=AXIS2_PLACEMENT_3D('',#5802,#4537,#4538);
#4048=AXIS2_PLACEMENT_3D('',#5806,#4541,#4542);
#4049=AXIS2_PLACEMENT_3D('',#5809,#4544,#4545);
#4050=AXIS2_PLACEMENT_3D('',#5810,#4546,#4547);
#4051=AXIS2_PLACEMENT_3D('',#5814,#4549,#4550);
#4052=AXIS2_PLACEMENT_3D('',#5817,#4552,#4553);
#4053=AXIS2_PLACEMENT_3D('',#5818,#4554,#4555);
#4054=AXIS2_PLACEMENT_3D('',#5820,#4556,#4557);
#4055=AXIS2_PLACEMENT_3D('',#5824,#4559,#4560);
#4056=AXIS2_PLACEMENT_3D('',#5828,#4562,#4563);
#4057=AXIS2_PLACEMENT_3D('',#5831,#4565,#4566);
#4058=AXIS2_PLACEMENT_3D('',#5837,#4569,#4570);
#4059=AXIS2_PLACEMENT_3D('',#5841,#4572,#4573);
#4060=AXIS2_PLACEMENT_3D('',#5845,#4575,#4576);
#4061=AXIS2_PLACEMENT_3D('',#5849,#4578,#4579);
#4062=AXIS2_PLACEMENT_3D('',#5853,#4582,#4583);
#4063=AXIS2_PLACEMENT_3D('',#5862,#4588,#4589);
#4064=AXIS2_PLACEMENT_3D('',#5868,#4593,#4594);
#4065=AXIS2_PLACEMENT_3D('',#5874,#4598,#4599);
#4066=AXIS2_PLACEMENT_3D('',#5876,#4601,#4602);
#4067=AXIS2_PLACEMENT_3D('',#5878,#4604,#4605);
#4068=AXIS2_PLACEMENT_3D('',#5887,#4610,#4611);
#4069=AXIS2_PLACEMENT_3D('',#5896,#4616,#4617);
#4070=AXIS2_PLACEMENT_3D('',#5899,#4620,#4621);
#4071=AXIS2_PLACEMENT_3D('',#5901,#4623,#4624);
#4072=AXIS2_PLACEMENT_3D('',#5930,#4626,#4627);
#4073=AXIS2_PLACEMENT_3D('',#5938,#4628,#4629);
#4074=AXIS2_PLACEMENT_3D('',#5971,#4630,#4631);
#4075=AXIS2_PLACEMENT_3D('',#5979,#4632,#4633);
#4076=AXIS2_PLACEMENT_3D('',#5985,#4634,#4635);
#4077=AXIS2_PLACEMENT_3D('',#5992,#4638,#4639);
#4078=AXIS2_PLACEMENT_3D('',#5996,#4641,#4642);
#4079=AXIS2_PLACEMENT_3D('',#5998,#4644,#4645);
#4080=AXIS2_PLACEMENT_3D('',#6000,#4646,#4647);
#4081=AXIS2_PLACEMENT_3D('',#6003,#4649,#4650);
#4082=AXIS2_PLACEMENT_3D('',#6004,#4651,#4652);
#4083=AXIS2_PLACEMENT_3D('',#6007,#4653,#4654);
#4084=AXIS2_PLACEMENT_3D('',#6010,#4656,#4657);
#4085=AXIS2_PLACEMENT_3D('',#6043,#4659,#4660);
#4086=AXIS2_PLACEMENT_3D('',#6049,#4661,#4662);
#4087=AXIS2_PLACEMENT_3D('',#6052,#4663,#4664);
#4088=AXIS2_PLACEMENT_3D('',#6053,#4665,#4666);
#4089=AXIS2_PLACEMENT_3D('',#6054,#4667,#4668);
#4090=AXIS2_PLACEMENT_3D('',#6055,#4669,#4670);
#4091=AXIS2_PLACEMENT_3D('',#6058,#4671,#4672);
#4092=AXIS2_PLACEMENT_3D('',#6061,#4675,#4676);
#4093=AXIS2_PLACEMENT_3D('',#6063,#4677,#4678);
#4094=AXIS2_PLACEMENT_3D('',#6064,#4679,#4680);
#4095=AXIS2_PLACEMENT_3D('',#6065,#4681,#4682);
#4096=AXIS2_PLACEMENT_3D('',#6097,#4683,#4684);
#4097=AXIS2_PLACEMENT_3D('',#6103,#4685,#4686);
#4098=AXIS2_PLACEMENT_3D('',#6106,#4687,#4688);
#4099=AXIS2_PLACEMENT_3D('',#6109,#4691,#4692);
#4100=AXIS2_PLACEMENT_3D('',#6110,#4693,#4694);
#4101=AXIS2_PLACEMENT_3D('',#6111,#4695,#4696);
#4102=AXIS2_PLACEMENT_3D('',#6112,#4697,#4698);
#4103=AXIS2_PLACEMENT_3D('',#6113,#4699,#4700);
#4104=AXIS2_PLACEMENT_3D('',#6115,#4701,#4702);
#4105=AXIS2_PLACEMENT_3D('',#6117,#4703,#4704);
#4106=AXIS2_PLACEMENT_3D('',#6121,#4706,#4707);
#4107=AXIS2_PLACEMENT_3D('',#6122,#4708,#4709);
#4108=AXIS2_PLACEMENT_3D('',#6123,#4710,#4711);
#4109=AXIS2_PLACEMENT_3D('',#6126,#4714,#4715);
#4110=AXIS2_PLACEMENT_3D('',#6128,#4717,#4718);
#4111=AXIS2_PLACEMENT_3D('',#6130,#4719,#4720);
#4112=AXIS2_PLACEMENT_3D('',#6132,#4722,#4723);
#4113=AXIS2_PLACEMENT_3D('',#6134,#4724,#4725);
#4114=AXIS2_PLACEMENT_3D('',#6135,#4726,#4727);
#4115=AXIS2_PLACEMENT_3D('',#6136,#4728,#4729);
#4116=AXIS2_PLACEMENT_3D('',#6138,#4730,#4731);
#4117=AXIS2_PLACEMENT_3D('',#6141,#4734,#4735);
#4118=AXIS2_PLACEMENT_3D('',#6142,#4736,#4737);
#4119=AXIS2_PLACEMENT_3D('',#6143,#4738,#4739);
#4120=AXIS2_PLACEMENT_3D('',#6144,#4740,#4741);
#4121=AXIS2_PLACEMENT_3D('',#6145,#4742,#4743);
#4122=AXIS2_PLACEMENT_3D('',#6146,#4744,#4745);
#4123=AXIS2_PLACEMENT_3D('',#6148,#4746,#4747);
#4124=AXIS2_PLACEMENT_3D('',#6149,#4748,#4749);
#4125=AXIS2_PLACEMENT_3D('',#6150,#4750,#4751);
#4126=AXIS2_PLACEMENT_3D('',#6153,#4754,#4755);
#4127=AXIS2_PLACEMENT_3D('',#6155,#4757,#4758);
#4128=AXIS2_PLACEMENT_3D('',#6156,#4759,#4760);
#4129=AXIS2_PLACEMENT_3D('',#6158,#4762,#4763);
#4130=AXIS2_PLACEMENT_3D('',#6159,#4764,#4765);
#4131=AXIS2_PLACEMENT_3D('',#6162,#4767,#4768);
#4132=AXIS2_PLACEMENT_3D('',#6163,#4769,#4770);
#4133=AXIS2_PLACEMENT_3D('',#6167,#4773,#4774);
#4134=AXIS2_PLACEMENT_3D('',#6170,#4776,#4777);
#4135=AXIS2_PLACEMENT_3D('',#6171,#4778,#4779);
#4136=AXIS2_PLACEMENT_3D('',#6175,#4782,#4783);
#4137=AXIS2_PLACEMENT_3D('',#6176,#4784,#4785);
#4138=AXIS2_PLACEMENT_3D('',#6177,#4786,#4787);
#4139=AXIS2_PLACEMENT_3D('',#6183,#4791,#4792);
#4140=AXIS2_PLACEMENT_3D('',#6201,#4802,#4803);
#4141=AXIS2_PLACEMENT_3D('',#6206,#4805,#4806);
#4142=AXIS2_PLACEMENT_3D('',#6213,#4810,#4811);
#4143=AXIS2_PLACEMENT_3D('',#6216,#4812,#4813);
#4144=AXIS2_PLACEMENT_3D('',#6220,#4815,#4816);
#4145=AXIS2_PLACEMENT_3D('',#6224,#4818,#4819);
#4146=AXIS2_PLACEMENT_3D('',#6228,#4821,#4822);
#4147=AXIS2_PLACEMENT_3D('',#6230,#4824,#4825);
#4148=AXIS2_PLACEMENT_3D('',#6234,#4827,#4828);
#4149=AXIS2_PLACEMENT_3D('',#6239,#4831,#4832);
#4150=AXIS2_PLACEMENT_3D('',#6242,#4833,#4834);
#4151=AXIS2_PLACEMENT_3D('',#6246,#4836,#4837);
#4152=AXIS2_PLACEMENT_3D('',#6250,#4839,#4840);
#4153=AXIS2_PLACEMENT_3D('',#6254,#4842,#4843);
#4154=AXIS2_PLACEMENT_3D('',#6256,#4845,#4846);
#4155=AXIS2_PLACEMENT_3D('',#6259,#4849,#4850);
#4156=AXIS2_PLACEMENT_3D('',#6261,#4852,#4853);
#4157=AXIS2_PLACEMENT_3D('',#6263,#4855,#4856);
#4158=AXIS2_PLACEMENT_3D('',#6265,#4858,#4859);
#4159=AXIS2_PLACEMENT_3D('',#6267,#4861,#4862);
#4160=AXIS2_PLACEMENT_3D('',#6269,#4864,#4865);
#4161=AXIS2_PLACEMENT_3D('',#6271,#4867,#4868);
#4162=AXIS2_PLACEMENT_3D('',#6272,#4869,#4870);
#4163=AXIS2_PLACEMENT_3D('',#6275,#4873,#4874);
#4164=AXIS2_PLACEMENT_3D('',#6277,#4876,#4877);
#4165=AXIS2_PLACEMENT_3D('',#6281,#4879,#4880);
#4166=AXIS2_PLACEMENT_3D('',#6283,#4882,#4883);
#4167=AXIS2_PLACEMENT_3D('',#6285,#4885,#4886);
#4168=AXIS2_PLACEMENT_3D('',#6288,#4888,#4889);
#4169=AXIS2_PLACEMENT_3D('',#6289,#4890,#4891);
#4170=AXIS2_PLACEMENT_3D('',#6291,#4893,#4894);
#4171=AXIS2_PLACEMENT_3D('',#6295,#4897,#4898);
#4172=AXIS2_PLACEMENT_3D('',#6302,#4901,#4902);
#4173=AXIS2_PLACEMENT_3D('',#6305,#4904,#4905);
#4174=AXIS2_PLACEMENT_3D('',#6309,#4907,#4908);
#4175=AXIS2_PLACEMENT_3D('',#6316,#4912,#4913);
#4176=AXIS2_PLACEMENT_3D('',#6318,#4914,#4915);
#4177=AXIS2_PLACEMENT_3D('',#6320,#4916,#4917);
#4178=AXIS2_PLACEMENT_3D('',#6321,#4918,#4919);
#4179=AXIS2_PLACEMENT_3D('',#6323,#4921,#4922);
#4180=AXIS2_PLACEMENT_3D('',#6324,#4923,#4924);
#4181=AXIS2_PLACEMENT_3D('',#6326,#4925,#4926);
#4182=AXIS2_PLACEMENT_3D('',#6328,#4928,#4929);
#4183=AXIS2_PLACEMENT_3D('',#6330,#4931,#4932);
#4184=AXIS2_PLACEMENT_3D('',#6332,#4933,#4934);
#4185=AXIS2_PLACEMENT_3D('',#6334,#4936,#4937);
#4186=AXIS2_PLACEMENT_3D('',#6338,#4939,#4940);
#4187=AXIS2_PLACEMENT_3D('',#6340,#4942,#4943);
#4188=AXIS2_PLACEMENT_3D('',#6344,#4946,#4947);
#4189=AXIS2_PLACEMENT_3D('',#6346,#4949,#4950);
#4190=AXIS2_PLACEMENT_3D('',#6348,#4951,#4952);
#4191=AXIS2_PLACEMENT_3D('',#6350,#4954,#4955);
#4192=AXIS2_PLACEMENT_3D('',#6356,#4959,#4960);
#4193=AXIS2_PLACEMENT_3D('',#6362,#4964,#4965);
#4194=AXIS2_PLACEMENT_3D('',#6363,#4966,#4967);
#4195=AXIS2_PLACEMENT_3D('',#6364,#4968,#4969);
#4196=AXIS2_PLACEMENT_3D('',#6366,#4971,#4972);
#4197=AXIS2_PLACEMENT_3D('',#6368,#4974,#4975);
#4198=AXIS2_PLACEMENT_3D('',#6370,#4977,#4978);
#4199=AXIS2_PLACEMENT_3D('',#6372,#4980,#4981);
#4200=AXIS2_PLACEMENT_3D('',#6373,#4982,#4983);
#4201=AXIS2_PLACEMENT_3D('',#6374,#4984,#4985);
#4202=AXIS2_PLACEMENT_3D('',#6375,#4986,#4987);
#4203=AXIS2_PLACEMENT_3D('',#6377,#4989,#4990);
#4204=AXIS2_PLACEMENT_3D('',#6379,#4992,#4993);
#4205=AXIS2_PLACEMENT_3D('',#6380,#4994,#4995);
#4206=AXIS2_PLACEMENT_3D('',#6381,#4996,#4997);
#4207=AXIS2_PLACEMENT_3D('',#6395,#4998,#4999);
#4208=AXIS2_PLACEMENT_3D('',#6397,#5000,#5001);
#4209=AXIS2_PLACEMENT_3D('',#6398,#5002,#5003);
#4210=AXIS2_PLACEMENT_3D('',#6399,#5004,#5005);
#4211=AXIS2_PLACEMENT_3D('',#6402,#5006,#5007);
#4212=AXIS2_PLACEMENT_3D('',#6405,#5010,#5011);
#4213=AXIS2_PLACEMENT_3D('',#6408,#5012,#5013);
#4214=AXIS2_PLACEMENT_3D('',#6409,#5014,#5015);
#4215=AXIS2_PLACEMENT_3D('',#6410,#5016,#5017);
#4216=AXIS2_PLACEMENT_3D('',#6411,#5018,#5019);
#4217=AXIS2_PLACEMENT_3D('',#6414,#5020,#5021);
#4218=AXIS2_PLACEMENT_3D('',#6417,#5024,#5025);
#4219=AXIS2_PLACEMENT_3D('',#6420,#5026,#5027);
#4220=AXIS2_PLACEMENT_3D('',#6421,#5028,#5029);
#4221=AXIS2_PLACEMENT_3D('',#6422,#5030,#5031);
#4222=AXIS2_PLACEMENT_3D('',#6423,#5032,#5033);
#4223=AXIS2_PLACEMENT_3D('',#6426,#5034,#5035);
#4224=AXIS2_PLACEMENT_3D('',#6429,#5038,#5039);
#4225=AXIS2_PLACEMENT_3D('',#6442,#5040,#5041);
#4226=AXIS2_PLACEMENT_3D('',#6443,#5042,#5043);
#4227=AXIS2_PLACEMENT_3D('',#6444,#5044,#5045);
#4228=AXIS2_PLACEMENT_3D('',#6450,#5049,#5050);
#4229=AXIS2_PLACEMENT_3D('',#6453,#5052,#5053);
#4230=AXIS2_PLACEMENT_3D('',#6454,#5054,#5055);
#4231=AXIS2_PLACEMENT_3D('',#6458,#5058,#5059);
#4232=AXIS2_PLACEMENT_3D('',#6461,#5061,#5062);
#4233=AXIS2_PLACEMENT_3D('',#6462,#5063,#5064);
#4234=AXIS2_PLACEMENT_3D('',#6466,#5067,#5068);
#4235=AXIS2_PLACEMENT_3D('',#6469,#5070,#5071);
#4236=AXIS2_PLACEMENT_3D('',#6470,#5072,#5073);
#4237=AXIS2_PLACEMENT_3D('',#6495,#5081,#5082);
#4238=AXIS2_PLACEMENT_3D('',#6509,#5083,#5084);
#4239=AXIS2_PLACEMENT_3D('',#6511,#5085,#5086);
#4240=AXIS2_PLACEMENT_3D('',#6512,#5087,#5088);
#4241=AXIS2_PLACEMENT_3D('',#6513,#5089,#5090);
#4242=AXIS2_PLACEMENT_3D('',#6516,#5091,#5092);
#4243=AXIS2_PLACEMENT_3D('',#6519,#5095,#5096);
#4244=AXIS2_PLACEMENT_3D('',#6522,#5097,#5098);
#4245=AXIS2_PLACEMENT_3D('',#6523,#5099,#5100);
#4246=AXIS2_PLACEMENT_3D('',#6524,#5101,#5102);
#4247=AXIS2_PLACEMENT_3D('',#6525,#5103,#5104);
#4248=AXIS2_PLACEMENT_3D('',#6528,#5105,#5106);
#4249=AXIS2_PLACEMENT_3D('',#6531,#5109,#5110);
#4250=AXIS2_PLACEMENT_3D('',#6534,#5111,#5112);
#4251=AXIS2_PLACEMENT_3D('',#6535,#5113,#5114);
#4252=AXIS2_PLACEMENT_3D('',#6536,#5115,#5116);
#4253=AXIS2_PLACEMENT_3D('',#6537,#5117,#5118);
#4254=AXIS2_PLACEMENT_3D('',#6540,#5119,#5120);
#4255=AXIS2_PLACEMENT_3D('',#6543,#5123,#5124);
#4256=AXIS2_PLACEMENT_3D('',#6544,#5125,#5126);
#4257=AXIS2_PLACEMENT_3D('',#6545,#5127,#5128);
#4258=AXIS2_PLACEMENT_3D('',#6546,#5129,#5130);
#4259=AXIS2_PLACEMENT_3D('',#6552,#5134,#5135);
#4260=AXIS2_PLACEMENT_3D('',#6555,#5137,#5138);
#4261=AXIS2_PLACEMENT_3D('',#6556,#5139,#5140);
#4262=AXIS2_PLACEMENT_3D('',#6560,#5143,#5144);
#4263=AXIS2_PLACEMENT_3D('',#6563,#5146,#5147);
#4264=AXIS2_PLACEMENT_3D('',#6564,#5148,#5149);
#4265=AXIS2_PLACEMENT_3D('',#6568,#5152,#5153);
#4266=AXIS2_PLACEMENT_3D('',#6571,#5155,#5156);
#4267=AXIS2_PLACEMENT_3D('',#6572,#5157,#5158);
#4268=AXIS2_PLACEMENT_3D('',#6576,#5160,#5161);
#4269=AXIS2_PLACEMENT_3D('',#6580,#5163,#5164);
#4270=AXIS2_PLACEMENT_3D('',#6586,#5167,#5168);
#4271=AXIS2_PLACEMENT_3D('',#6592,#5172,#5173);
#4272=AXIS2_PLACEMENT_3D('',#6593,#5174,#5175);
#4273=AXIS2_PLACEMENT_3D('',#6594,#5176,#5177);
#4274=AXIS2_PLACEMENT_3D('',#6596,#5178,#5179);
#4275=AXIS2_PLACEMENT_3D('',#6600,#5181,#5182);
#4276=AXIS2_PLACEMENT_3D('',#6604,#5184,#5185);
#4277=AXIS2_PLACEMENT_3D('',#6607,#5187,#5188);
#4278=AXIS2_PLACEMENT_3D('',#6608,#5189,#5190);
#4279=AXIS2_PLACEMENT_3D('',#6610,#5191,#5192);
#4280=AXIS2_PLACEMENT_3D('',#6612,#5194,#5195);
#4281=AXIS2_PLACEMENT_3D('',#6616,#5197,#5198);
#4282=AXIS2_PLACEMENT_3D('',#6620,#5200,#5201);
#4283=AXIS2_PLACEMENT_3D('',#6624,#5203,#5204);
#4284=AXIS2_PLACEMENT_3D('',#6627,#5206,#5207);
#4285=AXIS2_PLACEMENT_3D('',#6628,#5208,#5209);
#4286=AXIS2_PLACEMENT_3D('',#6631,#5211,#5212);
#4287=AXIS2_PLACEMENT_3D('',#6632,#5213,#5214);
#4288=AXIS2_PLACEMENT_3D('',#6636,#5217,#5218);
#4289=AXIS2_PLACEMENT_3D('',#6644,#5223,#5224);
#4290=AXIS2_PLACEMENT_3D('',#6650,#5227,#5228);
#4291=AXIS2_PLACEMENT_3D('',#6654,#5230,#5231);
#4292=AXIS2_PLACEMENT_3D('',#6658,#5233,#5234);
#4293=AXIS2_PLACEMENT_3D('',#6664,#5237,#5238);
#4294=AXIS2_PLACEMENT_3D('',#6668,#5240,#5241);
#4295=AXIS2_PLACEMENT_3D('',#6672,#5243,#5244);
#4296=AXIS2_PLACEMENT_3D('',#6675,#5246,#5247);
#4297=AXIS2_PLACEMENT_3D('',#6676,#5248,#5249);
#4298=AXIS2_PLACEMENT_3D('',#6679,#5251,#5252);
#4299=AXIS2_PLACEMENT_3D('',#6680,#5253,#5254);
#4300=AXIS2_PLACEMENT_3D('',#6684,#5257,#5258);
#4301=AXIS2_PLACEMENT_3D('',#6687,#5260,#5261);
#4302=AXIS2_PLACEMENT_3D('',#6688,#5262,#5263);
#4303=AXIS2_PLACEMENT_3D('',#6692,#5266,#5267);
#4304=AXIS2_PLACEMENT_3D('',#6709,#5270,#5271);
#4305=AXIS2_PLACEMENT_3D('',#6711,#5272,#5273);
#4306=AXIS2_PLACEMENT_3D('',#6713,#5274,#5275);
#4307=AXIS2_PLACEMENT_3D('',#6726,#5276,#5277);
#4308=AXIS2_PLACEMENT_3D('',#6729,#5280,#5281);
#4309=AXIS2_PLACEMENT_3D('',#6735,#5285,#5286);
#4310=AXIS2_PLACEMENT_3D('',#6739,#5289,#5290);
#4311=AXIS2_PLACEMENT_3D('',#6741,#5291,#5292);
#4312=AXIS2_PLACEMENT_3D('',#6744,#5294,#5295);
#4313=AXIS2_PLACEMENT_3D('',#6745,#5296,#5297);
#4314=AXIS2_PLACEMENT_3D('',#6748,#5299,#5300);
#4315=AXIS2_PLACEMENT_3D('',#6749,#5301,#5302);
#4316=AXIS2_PLACEMENT_3D('',#6751,#5303,#5304);
#4317=AXIS2_PLACEMENT_3D('',#6754,#5306,#5307);
#4318=AXIS2_PLACEMENT_3D('',#6755,#5308,#5309);
#4319=AXIS2_PLACEMENT_3D('',#6758,#5311,#5312);
#4320=AXIS2_PLACEMENT_3D('',#6759,#5313,#5314);
#4321=AXIS2_PLACEMENT_3D('',#6761,#5315,#5316);
#4322=AXIS2_PLACEMENT_3D('',#6764,#5318,#5319);
#4323=AXIS2_PLACEMENT_3D('',#6765,#5320,#5321);
#4324=AXIS2_PLACEMENT_3D('',#6766,#5322,#5323);
#4325=AXIS2_PLACEMENT_3D('',#6768,#5324,#5325);
#4326=AXIS2_PLACEMENT_3D('',#6771,#5327,#5328);
#4327=AXIS2_PLACEMENT_3D('',#6772,#5329,#5330);
#4328=AXIS2_PLACEMENT_3D('',#6773,#5331,#5332);
#4329=AXIS2_PLACEMENT_3D('',#6776,#5333,#5334);
#4330=AXIS2_PLACEMENT_3D('',#6780,#5336,#5337);
#4331=AXIS2_PLACEMENT_3D('',#6782,#5339,#5340);
#4332=AXIS2_PLACEMENT_3D('',#6784,#5341,#5342);
#4333=AXIS2_PLACEMENT_3D('',#6785,#5343,#5344);
#4334=AXIS2_PLACEMENT_3D('',#6786,#5345,#5346);
#4335=AXIS2_PLACEMENT_3D('',#6787,#5347,#5348);
#4336=AXIS2_PLACEMENT_3D('',#6789,#5349,#5350);
#4337=AXIS2_PLACEMENT_3D('',#6791,#5352,#5353);
#4338=AXIS2_PLACEMENT_3D('',#6793,#5354,#5355);
#4339=AXIS2_PLACEMENT_3D('',#6794,#5356,#5357);
#4340=AXIS2_PLACEMENT_3D('',#6795,#5358,#5359);
#4341=AXIS2_PLACEMENT_3D('',#6796,#5360,#5361);
#4342=AXIS2_PLACEMENT_3D('',#6798,#5362,#5363);
#4343=AXIS2_PLACEMENT_3D('',#6800,#5365,#5366);
#4344=AXIS2_PLACEMENT_3D('',#6803,#5367,#5368);
#4345=AXIS2_PLACEMENT_3D('',#6804,#5369,#5370);
#4346=AXIS2_PLACEMENT_3D('',#6805,#5371,#5372);
#4347=AXIS2_PLACEMENT_3D('',#6806,#5373,#5374);
#4348=AXIS2_PLACEMENT_3D('',#6809,#5375,#5376);
#4349=AXIS2_PLACEMENT_3D('',#6812,#5379,#5380);
#4350=AXIS2_PLACEMENT_3D('',#6813,#5381,#5382);
#4351=AXIS2_PLACEMENT_3D('',#6814,#5383,#5384);
#4352=AXIS2_PLACEMENT_3D('',#6815,#5385,#5386);
#4353=AXIS2_PLACEMENT_3D('',#6816,#5387,#5388);
#4354=AXIS2_PLACEMENT_3D('',#6818,#5390,#5391);
#4355=AXIS2_PLACEMENT_3D('',#6820,#5393,#5394);
#4356=AXIS2_PLACEMENT_3D('',#6833,#5400,#5401);
#4357=AXIS2_PLACEMENT_3D('',#6837,#5403,#5404);
#4358=AXIS2_PLACEMENT_3D('',#6841,#5406,#5407);
#4359=AXIS2_PLACEMENT_3D('',#6844,#5409,#5410);
#4360=AXIS2_PLACEMENT_3D('',#6845,#5411,#5412);
#4361=AXIS2_PLACEMENT_3D('',#6847,#5413,#5414);
#4362=AXIS2_PLACEMENT_3D('',#6850,#5416,#5417);
#4363=AXIS2_PLACEMENT_3D('',#6851,#5418,#5419);
#4364=AXIS2_PLACEMENT_3D('',#6855,#5421,#5422);
#4365=AXIS2_PLACEMENT_3D('',#6856,#5423,#5424);
#4366=AXIS2_PLACEMENT_3D('',#6857,#5425,#5426);
#4367=AXIS2_PLACEMENT_3D('',#6859,#5428,#5429);
#4368=AXIS2_PLACEMENT_3D('',#6861,#5431,#5432);
#4369=AXIS2_PLACEMENT_3D('',#6867,#5436,#5437);
#4370=AXIS2_PLACEMENT_3D('',#6873,#5441,#5442);
#4371=AXIS2_PLACEMENT_3D('',#6876,#5444,#5445);
#4372=AXIS2_PLACEMENT_3D('',#6877,#5446,#5447);
#4373=AXIS2_PLACEMENT_3D('',#6881,#5450,#5451);
#4374=AXIS2_PLACEMENT_3D('',#6884,#5453,#5454);
#4375=AXIS2_PLACEMENT_3D('',#6885,#5455,#5456);
#4376=AXIS2_PLACEMENT_3D('',#6889,#5459,#5460);
#4377=AXIS2_PLACEMENT_3D('',#6892,#5462,#5463);
#4378=AXIS2_PLACEMENT_3D('',#6893,#5464,#5465);
#4379=AXIS2_PLACEMENT_3D('',#6897,#5468,#5469);
#4380=AXIS2_PLACEMENT_3D('',#6898,#5470,#5471);
#4381=AXIS2_PLACEMENT_3D('',#6899,#5472,#5473);
#4382=AXIS2_PLACEMENT_3D('',#6902,#5474,#5475);
#4383=AXIS2_PLACEMENT_3D('',#6906,#5477,#5478);
#4384=AXIS2_PLACEMENT_3D('',#6910,#5480,#5481);
#4385=AXIS2_PLACEMENT_3D('',#6914,#5483,#5484);
#4386=AXIS2_PLACEMENT_3D('',#6916,#5486,#5487);
#4387=AXIS2_PLACEMENT_3D('',#6922,#5491,#5492);
#4388=AXIS2_PLACEMENT_3D('',#6925,#5494,#5495);
#4389=AXIS2_PLACEMENT_3D('',#6926,#5496,#5497);
#4390=AXIS2_PLACEMENT_3D('',#6930,#5500,#5501);
#4391=AXIS2_PLACEMENT_3D('',#6933,#5503,#5504);
#4392=AXIS2_PLACEMENT_3D('',#6934,#5505,#5506);
#4393=AXIS2_PLACEMENT_3D('',#6938,#5509,#5510);
#4394=AXIS2_PLACEMENT_3D('',#6942,#5513,#5514);
#4395=AXIS2_PLACEMENT_3D('',#6944,#5516,#5517);
#4396=AXIS2_PLACEMENT_3D('',#6948,#5520,#5521);
#4397=AXIS2_PLACEMENT_3D('',#6951,#5523,#5524);
#4398=AXIS2_PLACEMENT_3D('',#6952,#5525,#5526);
#4399=AXIS2_PLACEMENT_3D('',#6956,#5529,#5530);
#4400=AXIS2_PLACEMENT_3D('',#6957,#5531,#5532);
#4401=AXIS2_PLACEMENT_3D('',#6958,#5533,#5534);
#4402=AXIS2_PLACEMENT_3D('',#6962,#5537,#5538);
#4403=AXIS2_PLACEMENT_3D('',#6963,#5539,#5540);
#4404=AXIS2_PLACEMENT_3D('',#6964,#5541,#5542);
#4405=AXIS2_PLACEMENT_3D('',#6966,#5543,#5544);
#4406=AXIS2_PLACEMENT_3D('',#6968,#5546,#5547);
#4407=AXIS2_PLACEMENT_3D('',#6972,#5549,#5550);
#4408=AXIS2_PLACEMENT_3D('',#6974,#5552,#5553);
#4409=AXIS2_PLACEMENT_3D('',#6978,#5556,#5557);
#4410=AXIS2_PLACEMENT_3D('',#6981,#5559,#5560);
#4411=AXIS2_PLACEMENT_3D('',#6982,#5561,#5562);
#4412=AXIS2_PLACEMENT_3D('',#6986,#5565,#5566);
#4413=AXIS2_PLACEMENT_3D('',#6988,#5567,#5568);
#4414=AXIS2_PLACEMENT_3D('',#6990,#5570,#5571);
#4415=AXIS2_PLACEMENT_3D('',#6995,#5574,#5575);
#4416=AXIS2_PLACEMENT_3D('',#6998,#5577,#5578);
#4417=AXIS2_PLACEMENT_3D('',#7002,#5580,#5581);
#4418=AXIS2_PLACEMENT_3D('',#7004,#5583,#5584);
#4419=AXIS2_PLACEMENT_3D('',#7006,#5586,#5587);
#4420=AXIS2_PLACEMENT_3D('',#7008,#5589,#5590);
#4421=AXIS2_PLACEMENT_3D('',#7009,#5591,#5592);
#4422=AXIS2_PLACEMENT_3D('',#7011,#5593,#5594);
#4423=AXIS2_PLACEMENT_3D('',#7014,#5596,#5597);
#4424=AXIS2_PLACEMENT_3D('',#7015,#5598,#5599);
#4425=AXIS2_PLACEMENT_3D('',#7017,#5601,#5602);
#4426=AXIS2_PLACEMENT_3D('',#7019,#5604,#5605);
#4427=AXIS2_PLACEMENT_3D('',#7020,#5606,#5607);
#4428=AXIS2_PLACEMENT_3D('',#7022,#5609,#5610);
#4429=AXIS2_PLACEMENT_3D('',#7023,#5611,#5612);
#4430=AXIS2_PLACEMENT_3D('',#7025,#5614,#5615);
#4431=AXIS2_PLACEMENT_3D('',#7027,#5617,#5618);
#4432=AXIS2_PLACEMENT_3D('',#7029,#5620,#5621);
#4433=AXIS2_PLACEMENT_3D('',#7030,#5622,#5623);
#4434=AXIS2_PLACEMENT_3D('',#7033,#5624,#5625);
#4435=AXIS2_PLACEMENT_3D('',#7037,#5627,#5628);
#4436=AXIS2_PLACEMENT_3D('',#7039,#5630,#5631);
#4437=AXIS2_PLACEMENT_3D('',#7045,#5635,#5636);
#4438=AXIS2_PLACEMENT_3D('',#7047,#5637,#5638);
#4439=AXIS2_PLACEMENT_3D('',#7049,#5639,#5640);
#4440=AXIS2_PLACEMENT_3D('',#7051,#5642,#5643);
#4441=AXIS2_PLACEMENT_3D('',#7057,#5647,#5648);
#4442=AXIS2_PLACEMENT_3D('',#7059,#5649,#5650);
#4443=AXIS2_PLACEMENT_3D('',#7061,#5651,#5652);
#4444=AXIS2_PLACEMENT_3D('',#7063,#5654,#5655);
#4445=AXIS2_PLACEMENT_3D('',#7069,#5659,#5660);
#4446=AXIS2_PLACEMENT_3D('',#7071,#5661,#5662);
#4447=AXIS2_PLACEMENT_3D('',#7073,#5663,#5664);
#4448=AXIS2_PLACEMENT_3D('',#7075,#5666,#5667);
#4449=AXIS2_PLACEMENT_3D('',#7078,#5670,#5671);
#4450=AXIS2_PLACEMENT_3D('',#7079,#5672,#5673);
#4451=DIRECTION('axis',(0.,0.,1.));
#4452=DIRECTION('refdir',(1.,0.,0.));
#4453=DIRECTION('center_axis',(1.,-8.94617886976675E-18,0.));
#4454=DIRECTION('ref_axis',(0.,0.,-1.));
#4455=DIRECTION('center_axis',(1.,-8.94617886976675E-18,0.));
#4456=DIRECTION('ref_axis',(0.,-0.606319005435763,-0.795221518601822));
#4457=DIRECTION('center_axis',(0.,-1.,0.));
#4458=DIRECTION('ref_axis',(0.,0.,1.));
#4459=DIRECTION('center_axis',(-1.,8.94617886976675E-18,0.));
#4460=DIRECTION('ref_axis',(-5.42423827476741E-18,-0.606319005435763,-0.795221518601822));
#4461=DIRECTION('center_axis',(8.94617886976675E-18,1.,1.20875593229657E-15));
#4462=DIRECTION('ref_axis',(-0.707106781186547,0.,0.707106781186548));
#4463=DIRECTION('center_axis',(0.,-1.,0.));
#4464=DIRECTION('ref_axis',(0.,0.,1.));
#4465=DIRECTION('',(-8.94617886976675E-18,-1.,-1.20875593229657E-15));
#4466=DIRECTION('',(8.94617886976675E-18,1.,1.20875593229657E-15));
#4467=DIRECTION('center_axis',(1.,-8.94617886976675E-18,0.));
#4468=DIRECTION('ref_axis',(0.,0.,-1.));
#4469=DIRECTION('center_axis',(-1.,8.94617886976675E-18,0.));
#4470=DIRECTION('ref_axis',(5.42423827476736E-18,0.606319005435757,-0.795221518601826));
#4471=DIRECTION('center_axis',(1.,-8.94617886976675E-18,0.));
#4472=DIRECTION('ref_axis',(0.,0.606319005435757,-0.795221518601826));
#4473=DIRECTION('center_axis',(-1.,8.94617886976675E-18,0.));
#4474=DIRECTION('ref_axis',(-8.94617886976675E-18,-1.,0.));
#4475=DIRECTION('',(-8.94617886976675E-18,-1.,0.));
#4476=DIRECTION('center_axis',(-1.,8.94617886976675E-18,0.));
#4477=DIRECTION('ref_axis',(-4.70840980459381E-18,-0.526304009022856,-0.850296471876997));
#4478=DIRECTION('',(-8.94617886976675E-18,-1.,1.58785958160549E-16));
#4479=DIRECTION('center_axis',(-1.,8.94617886976675E-18,0.));
#4480=DIRECTION('ref_axis',(4.7084098045938E-18,0.526304009022856,-0.850296471876998));
#4481=DIRECTION('',(-8.94617886976675E-18,-1.,0.));
#4482=DIRECTION('',(0.,0.,1.));
#4483=DIRECTION('',(8.94617886976675E-18,1.,1.09559093174564E-33));
#4484=DIRECTION('',(0.,0.,1.));
#4485=DIRECTION('',(-8.94617886976675E-18,-1.,0.));
#4486=DIRECTION('center_axis',(0.,0.,1.));
#4487=DIRECTION('ref_axis',(1.,0.,0.));
#4488=DIRECTION('',(1.,0.,0.));
#4489=DIRECTION('',(7.59645419660784E-62,-1.,0.));
#4490=DIRECTION('',(1.,0.,0.));
#4491=DIRECTION('',(1.0623587407848E-17,1.,0.));
#4492=DIRECTION('',(-1.,0.,0.));
#4493=DIRECTION('',(-3.31039538834206E-62,-1.,0.));
#4494=DIRECTION('',(-1.,0.,0.));
#4495=DIRECTION('center_axis',(1.,-8.94617886976675E-18,0.));
#4496=DIRECTION('ref_axis',(0.,0.,-1.));
#4497=DIRECTION('center_axis',(1.,-8.94617886976675E-18,0.));
#4498=DIRECTION('ref_axis',(0.,-0.526304009022857,-0.850296471876997));
#4499=DIRECTION('center_axis',(0.,-1.,0.));
#4500=DIRECTION('ref_axis',(0.,0.,1.));
#4501=DIRECTION('center_axis',(8.94617886976675E-18,1.,-1.58785958160549E-16));
#4502=DIRECTION('ref_axis',(-0.707106781186547,0.,0.707106781186548));
#4503=DIRECTION('center_axis',(0.,-1.,0.));
#4504=DIRECTION('ref_axis',(0.,0.,1.));
#4505=DIRECTION('',(8.94617886976675E-18,1.,-1.58785958160549E-16));
#4506=DIRECTION('center_axis',(1.,-8.94617886976675E-18,0.));
#4507=DIRECTION('ref_axis',(0.,0.,-1.));
#4508=DIRECTION('center_axis',(1.,-8.94617886976675E-18,0.));
#4509=DIRECTION('ref_axis',(0.,0.526304009022856,-0.850296471876997));
#4510=DIRECTION('center_axis',(0.,-1.58785958160549E-16,-1.));
#4511=DIRECTION('ref_axis',(-2.50008531598116E-48,1.,-1.58785958160549E-16));
#4512=DIRECTION('',(1.,0.,0.));
#4513=DIRECTION('',(-2.50008531598116E-48,1.,-1.58785958160549E-16));
#4514=DIRECTION('',(1.,0.,0.));
#4515=DIRECTION('center_axis',(1.,0.,0.));
#4516=DIRECTION('ref_axis',(0.,1.05735526154777E-15,-1.));
#4517=DIRECTION('center_axis',(1.,-1.54074395550979E-33,-8.27284315028537E-49));
#4518=DIRECTION('ref_axis',(8.01829413027659E-49,1.05735526154777E-15,-1.));
#4519=DIRECTION('center_axis',(1.,0.,0.));
#4520=DIRECTION('ref_axis',(0.,1.,1.8503717077086E-15));
#4521=DIRECTION('center_axis',(1.,2.13821176807374E-48,1.04622424122009E-47));
#4522=DIRECTION('ref_axis',(-2.13821176807376E-48,1.,1.8503717077086E-15));
#4523=DIRECTION('',(1.,0.,0.));
#4524=DIRECTION('center_axis',(-1.,3.31039538834206E-62,-1.04622424122009E-47));
#4525=DIRECTION('ref_axis',(-3.31039538834206E-62,-1.,0.));
#4526=DIRECTION('center_axis',(-1.,3.31039538834206E-62,-1.04622424122009E-47));
#4527=DIRECTION('ref_axis',(0.,-4.03717463500057E-15,-1.));
#4528=DIRECTION('',(-3.18580109939736E-62,-1.,-1.19089468620411E-16));
#4529=DIRECTION('center_axis',(-1.,3.31039538834206E-62,-1.04622424122009E-47));
#4530=DIRECTION('ref_axis',(0.,1.,1.51394048812522E-15));
#4531=DIRECTION('',(-3.31039538834206E-62,-1.,0.));
#4532=DIRECTION('center_axis',(1.,0.,0.));
#4533=DIRECTION('ref_axis',(0.,1.,4.33680868994204E-15));
#4534=DIRECTION('',(1.,0.,0.));
#4535=DIRECTION('center_axis',(1.,3.29970979165155E-62,-5.47382212626882E-48));
#4536=DIRECTION('ref_axis',(-9.25817855211585E-63,1.,4.33680868994204E-15));
#4537=DIRECTION('center_axis',(0.,1.20875593229657E-15,-1.));
#4538=DIRECTION('ref_axis',(1.36220042706105E-48,1.,1.20875593229657E-15));
#4539=DIRECTION('',(1.,0.,0.));
#4540=DIRECTION('',(1.36220042706105E-48,1.,1.20875593229657E-15));
#4541=DIRECTION('center_axis',(1.,0.,0.));
#4542=DIRECTION('ref_axis',(0.,2.77555756156289E-15,-1.));
#4543=DIRECTION('',(-1.,0.,0.));
#4544=DIRECTION('center_axis',(1.,2.24853944517848E-48,6.0137205977075E-49));
#4545=DIRECTION('ref_axis',(6.01372059770744E-49,2.77555756156289E-15,-1.));
#4546=DIRECTION('center_axis',(-1.,-7.59645419660784E-62,5.47382212626882E-48));
#4547=DIRECTION('ref_axis',(7.59645419660784E-62,-1.,0.));
#4548=DIRECTION('',(7.59645419660784E-62,-1.,0.));
#4549=DIRECTION('center_axis',(-1.,-7.59645419660784E-62,5.47382212626882E-48));
#4550=DIRECTION('ref_axis',(0.,0.,-1.));
#4551=DIRECTION('',(7.59645419660784E-62,-1.,0.));
#4552=DIRECTION('center_axis',(-1.,-7.59645419660784E-62,5.47382212626882E-48));
#4553=DIRECTION('ref_axis',(0.,1.,5.5511151231258E-15));
#4554=DIRECTION('center_axis',(0.,0.,1.));
#4555=DIRECTION('ref_axis',(1.,0.,0.));
#4556=DIRECTION('center_axis',(0.,0.,1.));
#4557=DIRECTION('ref_axis',(-1.,0.,0.));
#4558=DIRECTION('',(1.,-4.51718984662052E-11,0.));
#4559=DIRECTION('center_axis',(0.,0.,1.));
#4560=DIRECTION('ref_axis',(7.25825952869615E-5,-0.999999997365883,0.));
#4561=DIRECTION('',(7.60067356775387E-14,1.,0.));
#4562=DIRECTION('center_axis',(0.,0.,1.));
#4563=DIRECTION('ref_axis',(1.,-3.24268948742495E-14,0.));
#4564=DIRECTION('',(-1.,-1.637150733167E-15,0.));
#4565=DIRECTION('center_axis',(0.,0.,1.));
#4566=DIRECTION('ref_axis',(-1.17488749544383E-15,1.,0.));
#4567=DIRECTION('',(1.,0.,0.));
#4568=DIRECTION('',(1.0623587407848E-17,1.,0.));
#4569=DIRECTION('center_axis',(0.,0.,-1.));
#4570=DIRECTION('ref_axis',(-4.07450347325014E-16,1.,0.));
#4571=DIRECTION('',(1.,1.65336568236845E-15,0.));
#4572=DIRECTION('center_axis',(0.,0.,-1.));
#4573=DIRECTION('ref_axis',(1.,-8.14900694650014E-16,0.));
#4574=DIRECTION('',(-7.5863596815622E-14,-1.,0.));
#4575=DIRECTION('center_axis',(0.,0.,-1.));
#4576=DIRECTION('ref_axis',(9.20688763136289E-5,-0.999999995761661,0.));
#4577=DIRECTION('',(-1.,1.50820092369862E-11,0.));
#4578=DIRECTION('center_axis',(0.,0.,-1.));
#4579=DIRECTION('ref_axis',(-1.,0.,0.));
#4580=DIRECTION('',(1.0623587407848E-17,1.,0.));
#4581=DIRECTION('',(-1.,0.,0.));
#4582=DIRECTION('center_axis',(1.,0.,0.));
#4583=DIRECTION('ref_axis',(0.,-1.,0.));
#4584=DIRECTION('',(0.,-1.,0.));
#4585=DIRECTION('',(0.,0.,1.));
#4586=DIRECTION('',(0.,-1.,0.));
#4587=DIRECTION('',(0.,0.,-1.));
#4588=DIRECTION('center_axis',(0.,1.,0.));
#4589=DIRECTION('ref_axis',(1.,0.,0.));
#4590=DIRECTION('',(1.,0.,0.));
#4591=DIRECTION('',(1.,0.,0.));
#4592=DIRECTION('',(0.,0.,-1.));
#4593=DIRECTION('center_axis',(-1.,-1.58278585073672E-15,0.));
#4594=DIRECTION('ref_axis',(-1.58278585073672E-15,1.,0.));
#4595=DIRECTION('',(-1.58278585073672E-15,1.,0.));
#4596=DIRECTION('',(-1.58278585073672E-15,1.,0.));
#4597=DIRECTION('',(0.,0.,-1.));
#4598=DIRECTION('center_axis',(0.,0.,1.));
#4599=DIRECTION('ref_axis',(-1.,0.,0.));
#4600=DIRECTION('',(-1.,1.50820092369862E-11,0.));
#4601=DIRECTION('center_axis',(0.,0.,-1.));
#4602=DIRECTION('ref_axis',(-1.,0.,0.));
#4603=DIRECTION('',(1.,-1.50820092369862E-11,0.));
#4604=DIRECTION('center_axis',(1.,0.,0.));
#4605=DIRECTION('ref_axis',(0.,-1.,0.));
#4606=DIRECTION('',(0.,-1.,0.));
#4607=DIRECTION('',(0.,0.,-1.));
#4608=DIRECTION('',(0.,-1.,0.));
#4609=DIRECTION('',(0.,0.,-1.));
#4610=DIRECTION('center_axis',(-1.,0.,0.));
#4611=DIRECTION('ref_axis',(0.,1.,0.));
#4612=DIRECTION('',(0.,1.,0.));
#4613=DIRECTION('',(0.,0.,1.));
#4614=DIRECTION('',(0.,1.,0.));
#4615=DIRECTION('',(0.,0.,-1.));
#4616=DIRECTION('center_axis',(0.,-1.,0.));
#4617=DIRECTION('ref_axis',(-1.,0.,0.));
#4618=DIRECTION('',(-1.,0.,0.));
#4619=DIRECTION('',(-1.,0.,0.));
#4620=DIRECTION('center_axis',(0.,0.,1.));
#4621=DIRECTION('ref_axis',(-1.,0.,0.));
#4622=DIRECTION('',(1.,1.65336568236845E-15,0.));
#4623=DIRECTION('center_axis',(0.,0.,-1.));
#4624=DIRECTION('ref_axis',(-1.,0.,0.));
#4625=DIRECTION('',(-1.,-1.65336568236845E-15,0.));
#4626=DIRECTION('center_axis',(9.34876095339939E-16,2.22044604834039E-15,
-1.));
#4627=DIRECTION('ref_axis',(-0.921642583151555,0.388039880581532,0.));
#4628=DIRECTION('center_axis',(-1.20533173351703E-15,-0.650968814380829,
-0.759104474169147));
#4629=DIRECTION('ref_axis',(-1.,4.44089209850064E-15,-2.22044604925032E-15));
#4630=DIRECTION('center_axis',(-5.07242734879939E-14,-0.666983413662035,
0.745072564184012));
#4631=DIRECTION('ref_axis',(-1.,7.60502771867971E-14,0.));
#4632=DIRECTION('center_axis',(1.00001520898568E-15,-2.22044604925031E-15,
1.));
#4633=DIRECTION('ref_axis',(-0.911796301739949,-0.410642793840768,0.));
#4634=DIRECTION('center_axis',(1.224646799147E-16,0.,-1.));
#4635=DIRECTION('ref_axis',(-1.,0.,-1.224646799147E-16));
#4636=DIRECTION('',(-1.53567059166872E-15,1.,-1.88065407463128E-31));
#4637=DIRECTION('',(1.,-4.51718984662052E-11,1.224646799147E-16));
#4638=DIRECTION('center_axis',(-1.224646799147E-16,0.,1.));
#4639=DIRECTION('ref_axis',(-0.707132959753866,-0.707080601650008,-8.65988115733916E-17));
#4640=DIRECTION('',(-8.94617886976675E-18,-1.,-1.09559093174564E-33));
#4641=DIRECTION('center_axis',(-1.224646799147E-16,0.,1.));
#4642=DIRECTION('ref_axis',(-0.707106781186547,0.707106781186548,-8.65956056235243E-17));
#4643=DIRECTION('',(-1.,-1.637150733167E-15,-1.224646799147E-16));
#4644=DIRECTION('center_axis',(-1.53567059166872E-15,1.,-1.88065407463128E-31));
#4645=DIRECTION('ref_axis',(0.707106781186551,0.,-0.707106781186544));
#4646=DIRECTION('center_axis',(-0.707106781186547,-0.707106781186549,0.));
#4647=DIRECTION('ref_axis',(0.707106781186548,-0.707106781186547,3.92523114670944E-16));
#4648=DIRECTION('',(1.53567059166872E-15,-1.,1.88065407463128E-31));
#4649=DIRECTION('center_axis',(-0.707106781181214,0.707106781191881,0.));
#4650=DIRECTION('ref_axis',(0.707106781191881,0.707106781181214,3.43457725339665E-16));
#4651=DIRECTION('center_axis',(2.19970845990114E-17,5.2245789394125E-17,
1.));
#4652=DIRECTION('ref_axis',(0.833078591877165,0.553154643617822,0.));
#4653=DIRECTION('center_axis',(0.,0.,1.));
#4654=DIRECTION('ref_axis',(9.73305880336287E-10,1.,0.));
#4655=DIRECTION('',(0.,0.,1.));
#4656=DIRECTION('center_axis',(9.34876095457991E-16,2.22044604925031E-15,
-1.));
#4657=DIRECTION('ref_axis',(0.,1.,2.22044604925031E-15));
#4658=DIRECTION('',(0.,0.,-1.));
#4659=DIRECTION('center_axis',(-1.08384161202196E-14,-0.650968814380838,
-0.75910447416914));
#4660=DIRECTION('ref_axis',(0.,0.75910447416914,-0.650968814380838));
#4661=DIRECTION('center_axis',(-1.,7.60067356775387E-14,0.));
#4662=DIRECTION('ref_axis',(0.,0.,1.));
#4663=DIRECTION('center_axis',(-7.5495165674359E-14,-1.,1.78026184785394E-25));
#4664=DIRECTION('ref_axis',(-1.,7.5495165674359E-14,0.));
#4665=DIRECTION('center_axis',(1.,-7.60067356775387E-14,0.));
#4666=DIRECTION('ref_axis',(-4.11921737671502E-14,-0.541954254448047,0.840407987875926));
#4667=DIRECTION('center_axis',(-1.,7.5863596815622E-14,0.));
#4668=DIRECTION('ref_axis',(-4.11145990519591E-14,-0.541954254448066,0.840407987875913));
#4669=DIRECTION('center_axis',(7.60067356775387E-14,1.,0.));
#4670=DIRECTION('ref_axis',(0.707106781186546,-5.02429586778809E-14,-0.707106781186549));
#4671=DIRECTION('center_axis',(-7.54951656745106E-14,-1.,0.));
#4672=DIRECTION('ref_axis',(-1.,7.54951656745106E-14,0.));
#4673=DIRECTION('',(-7.60067356775387E-14,-1.,0.));
#4674=DIRECTION('',(7.5863596815622E-14,1.,0.));
#4675=DIRECTION('center_axis',(-1.,7.60067356775387E-14,0.));
#4676=DIRECTION('ref_axis',(0.,0.,1.));
#4677=DIRECTION('center_axis',(-5.03540233164644E-14,-0.666983413662034,
0.745072564184013));
#4678=DIRECTION('ref_axis',(-5.77315972805081E-14,-0.745072564184013,-0.666983413662034));
#4679=DIRECTION('center_axis',(1.,-7.60067356775387E-14,0.));
#4680=DIRECTION('ref_axis',(3.9934535741829E-14,0.525407852157376,0.850850509132699));
#4681=DIRECTION('center_axis',(-1.,7.5863596815622E-14,0.));
#4682=DIRECTION('ref_axis',(3.98593294598274E-14,0.525407852157353,0.850850509132713));
#4683=DIRECTION('center_axis',(4.35213117249302E-16,4.44089209850062E-15,
1.));
#4684=DIRECTION('ref_axis',(0.,-1.,4.44089209850062E-15));
#4685=DIRECTION('center_axis',(0.,0.,-1.));
#4686=DIRECTION('ref_axis',(0.839834148460506,-0.542843074082756,0.));
#4687=DIRECTION('center_axis',(0.,0.,1.));
#4688=DIRECTION('ref_axis',(0.,-1.,0.));
#4689=DIRECTION('',(0.,0.,1.));
#4690=DIRECTION('',(0.,0.,-1.));
#4691=DIRECTION('center_axis',(0.278104285763455,-0.911924249436588,-0.301748520343537));
#4692=DIRECTION('ref_axis',(0.618020568085121,0.410358578915463,-0.670564250563827));
#4693=DIRECTION('center_axis',(0.388039880488082,0.9216425831909,4.75211797581114E-17));
#4694=DIRECTION('ref_axis',(0.9216425831909,-0.388039880488082,0.));
#4695=DIRECTION('center_axis',(-0.269022080823824,-0.916828680612203,0.295046251350712));
#4696=DIRECTION('ref_axis',(0.617728549027827,-0.39928081647744,-0.677485253942169));
#4697=DIRECTION('center_axis',(-0.410642793840768,0.911796301739949,-6.84785934518961E-16));
#4698=DIRECTION('ref_axis',(4.44089209850064E-15,1.24900090270331E-15,-1.));
#4699=DIRECTION('center_axis',(1.224646799147E-16,0.,-1.));
#4700=DIRECTION('ref_axis',(-1.,0.,0.));
#4701=DIRECTION('center_axis',(1.224646799147E-16,0.,-1.));
#4702=DIRECTION('ref_axis',(0.672981988780532,-0.739658869193766,8.81165621416005E-17));
#4703=DIRECTION('center_axis',(0.999999997365883,7.25825952851976E-5,0.));
#4704=DIRECTION('ref_axis',(7.25825952851976E-5,-0.999999997365884,8.88178419700123E-15));
#4705=DIRECTION('',(1.,-4.51718984662052E-11,1.224646799147E-16));
#4706=DIRECTION('center_axis',(-1.,1.50812695665081E-11,0.));
#4707=DIRECTION('ref_axis',(1.50812695665081E-11,1.,0.));
#4708=DIRECTION('center_axis',(-1.224646799147E-16,0.,1.));
#4709=DIRECTION('ref_axis',(0.484576133850393,-0.874749090026738,5.09312934156696E-17));
#4710=DIRECTION('center_axis',(0.,0.,1.));
#4711=DIRECTION('ref_axis',(7.25825952869615E-5,-0.999999997365883,0.));
#4712=DIRECTION('',(0.,0.,-1.));
#4713=DIRECTION('',(0.,0.,1.));
#4714=DIRECTION('center_axis',(1.,-7.60067356775387E-14,0.));
#4715=DIRECTION('ref_axis',(7.60067356775387E-14,1.,0.));
#4716=DIRECTION('',(1.36642833800019E-16,0.,-1.));
#4717=DIRECTION('center_axis',(0.,0.,1.));
#4718=DIRECTION('ref_axis',(1.,-3.24268948742495E-14,0.));
#4719=DIRECTION('center_axis',(1.224646799147E-16,0.,-1.));
#4720=DIRECTION('ref_axis',(0.666302567752604,0.745681492465976,8.81165621582864E-17));
#4721=DIRECTION('',(0.,0.,1.));
#4722=DIRECTION('center_axis',(1.224646799147E-16,0.,-1.));
#4723=DIRECTION('ref_axis',(-1.,0.,0.));
#4724=DIRECTION('center_axis',(-1.224646799147E-16,0.,1.));
#4725=DIRECTION('ref_axis',(0.468322461896796,0.883557622163334,5.09312934156258E-17));
#4726=DIRECTION('center_axis',(1.,0.,0.));
#4727=DIRECTION('ref_axis',(0.,-1.,8.88178419700126E-15));
#4728=DIRECTION('center_axis',(-1.,4.51718984662052E-11,-1.224646799147E-16));
#4729=DIRECTION('ref_axis',(-3.19419609794628E-11,-0.707106781186548,-0.707106781186548));
#4730=DIRECTION('center_axis',(1.,-4.51733095374606E-11,0.));
#4731=DIRECTION('ref_axis',(-4.51733095374606E-11,-1.,8.88178419700124E-15));
#4732=DIRECTION('',(1.,-1.50820092369862E-11,1.224646799147E-16));
#4733=DIRECTION('',(-1.,4.51718984662052E-11,-1.224646799147E-16));
#4734=DIRECTION('center_axis',(1.224646799147E-16,0.,-1.));
#4735=DIRECTION('ref_axis',(-1.,0.,0.));
#4736=DIRECTION('center_axis',(0.,-1.,0.));
#4737=DIRECTION('ref_axis',(-1.,0.,0.));
#4738=DIRECTION('center_axis',(1.224646799147E-16,0.,-1.));
#4739=DIRECTION('ref_axis',(-0.707132959753866,-0.707080601650008,-8.81165621582876E-17));
#4740=DIRECTION('center_axis',(8.94617886976675E-18,1.,1.09559093174564E-33));
#4741=DIRECTION('ref_axis',(-0.707106781186549,0.,-0.707106781186546));
#4742=DIRECTION('center_axis',(-5.55111512312578E-16,-1.,-7.70371977754897E-32));
#4743=DIRECTION('ref_axis',(-1.,5.55111512312578E-16,0.));
#4744=DIRECTION('center_axis',(1.224646799147E-16,0.,-1.));
#4745=DIRECTION('ref_axis',(-1.,0.,0.));
#4746=DIRECTION('center_axis',(-1.,-1.11022302462516E-15,0.));
#4747=DIRECTION('ref_axis',(-1.11022302462516E-15,1.,0.));
#4748=DIRECTION('center_axis',(1.224646799147E-16,0.,-1.));
#4749=DIRECTION('ref_axis',(-0.707106781186547,0.707106781186548,-8.81165621582876E-17));
#4750=DIRECTION('center_axis',(1.,1.637150733167E-15,1.224646799147E-16));
#4751=DIRECTION('ref_axis',(0.,0.707106781186548,-0.707106781186547));
#4752=DIRECTION('',(-1.,-1.65336568236845E-15,-1.224646799147E-16));
#4753=DIRECTION('',(1.,1.637150733167E-15,1.224646799147E-16));
#4754=DIRECTION('center_axis',(-1.637150733167E-15,1.,0.));
#4755=DIRECTION('ref_axis',(-1.,-1.637150733167E-15,0.));
#4756=DIRECTION('',(0.,0.,1.));
#4757=DIRECTION('center_axis',(0.,0.,1.));
#4758=DIRECTION('ref_axis',(-1.17488749544383E-15,1.,0.));
#4759=DIRECTION('center_axis',(0.,0.,1.));
#4760=DIRECTION('ref_axis',(-1.,0.,0.));
#4761=DIRECTION('',(0.,0.,1.));
#4762=DIRECTION('center_axis',(-4.51718984662052E-11,-1.,0.));
#4763=DIRECTION('ref_axis',(1.,-4.51718984662052E-11,0.));
#4764=DIRECTION('center_axis',(1.,0.,0.));
#4765=DIRECTION('ref_axis',(0.,1.,1.51394048812522E-15));
#4766=DIRECTION('',(1.,0.,0.));
#4767=DIRECTION('center_axis',(-1.,1.0623587407848E-17,0.));
#4768=DIRECTION('ref_axis',(0.,1.,1.51394048812522E-15));
#4769=DIRECTION('center_axis',(0.,1.19089468620411E-16,-1.));
#4770=DIRECTION('ref_axis',(0.,1.,1.19089468620411E-16));
#4771=DIRECTION('',(1.,0.,0.));
#4772=DIRECTION('',(-1.0623587407848E-17,-1.,-1.19089468620411E-16));
#4773=DIRECTION('center_axis',(1.,0.,0.));
#4774=DIRECTION('ref_axis',(0.,1.,5.5511151231258E-15));
#4775=DIRECTION('',(1.,0.,0.));
#4776=DIRECTION('center_axis',(-1.,1.0623587407848E-17,0.));
#4777=DIRECTION('ref_axis',(0.,1.,5.5511151231258E-15));
#4778=DIRECTION('center_axis',(0.,0.,-1.));
#4779=DIRECTION('ref_axis',(0.,1.,0.));
#4780=DIRECTION('',(1.,0.,0.));
#4781=DIRECTION('',(-1.0623587407848E-17,-1.,0.));
#4782=DIRECTION('center_axis',(1.,-1.0623587407848E-17,0.));
#4783=DIRECTION('ref_axis',(1.0623587407848E-17,1.,0.));
#4784=DIRECTION('center_axis',(-1.,1.0623587407848E-17,0.));
#4785=DIRECTION('ref_axis',(0.,-4.03717463500057E-15,-1.));
#4786=DIRECTION('center_axis',(-1.,1.0623587407848E-17,0.));
#4787=DIRECTION('ref_axis',(0.,0.,-1.));
#4788=DIRECTION('',(0.,0.,1.));
#4789=DIRECTION('',(1.0623587407848E-17,1.,-1.0435097161681E-31));
#4790=DIRECTION('',(0.,0.,1.));
#4791=DIRECTION('center_axis',(1.65336568236845E-15,-1.,0.));
#4792=DIRECTION('ref_axis',(1.,1.65336568236845E-15,0.));
#4793=DIRECTION('',(0.,0.,1.));
#4794=DIRECTION('',(1.,1.65336568236845E-15,-7.72672411908584E-36));
#4795=DIRECTION('',(0.,0.,1.));
#4796=DIRECTION('',(1.,1.65336568236845E-15,1.22464674570883E-16));
#4797=DIRECTION('',(0.,0.,1.));
#4798=DIRECTION('',(-1.,-1.65336568236845E-15,0.));
#4799=DIRECTION('',(0.,0.,-1.));
#4800=DIRECTION('',(1.,1.65336568236845E-15,0.));
#4801=DIRECTION('',(0.,0.,1.));
#4802=DIRECTION('center_axis',(1.22464674570883E-16,0.,-1.));
#4803=DIRECTION('ref_axis',(1.,0.,1.22464674570883E-16));
#4804=DIRECTION('',(7.5863596815622E-14,1.,9.29061069580185E-30));
#4805=DIRECTION('center_axis',(-1.22464674570883E-16,0.,1.));
#4806=DIRECTION('ref_axis',(9.20688763136289E-5,-0.999999995761661,0.));
#4807=DIRECTION('',(1.,-1.50820092369862E-11,1.22464674570883E-16));
#4808=DIRECTION('',(1.53567059166872E-15,-1.,1.88065399256785E-31));
#4809=DIRECTION('',(-1.,-1.65336568236845E-15,-1.22464674570883E-16));
#4810=DIRECTION('center_axis',(-1.22464674570883E-16,0.,1.));
#4811=DIRECTION('ref_axis',(1.,-8.14900694650014E-16,0.));
#4812=DIRECTION('center_axis',(-1.22464674570883E-16,0.,1.));
#4813=DIRECTION('ref_axis',(4.44089209850066E-15,-1.,5.4385240564729E-31));
#4814=DIRECTION('',(1.,0.,1.22464674570883E-16));
#4815=DIRECTION('center_axis',(-1.22464674570883E-16,0.,1.));
#4816=DIRECTION('ref_axis',(1.,-2.22044604925031E-15,1.22464674570883E-16));
#4817=DIRECTION('',(0.,1.,0.));
#4818=DIRECTION('center_axis',(-1.22464674570883E-16,0.,1.));
#4819=DIRECTION('ref_axis',(0.,1.,0.));
#4820=DIRECTION('',(-1.,0.,-1.22464674570883E-16));
#4821=DIRECTION('center_axis',(-1.22464674570883E-16,0.,1.));
#4822=DIRECTION('ref_axis',(-1.,-1.11022302462516E-15,-1.22464674570883E-16));
#4823=DIRECTION('',(4.16546295067727E-16,-1.,5.10122064691763E-32));
#4824=DIRECTION('center_axis',(1.22464674570883E-16,0.,-1.));
#4825=DIRECTION('ref_axis',(1.,0.,1.22464674570883E-16));
#4826=DIRECTION('',(-7.5863596815622E-14,-1.,-9.29061069580185E-30));
#4827=DIRECTION('center_axis',(1.22464674570883E-16,0.,-1.));
#4828=DIRECTION('ref_axis',(1.,-8.14900694650014E-16,0.));
#4829=DIRECTION('',(-1.53567059166872E-15,1.,-1.88065399256785E-31));
#4830=DIRECTION('',(-1.,-2.22044604925031E-15,0.));
#4831=DIRECTION('center_axis',(1.22464674570883E-16,0.,-1.));
#4832=DIRECTION('ref_axis',(9.20688763136289E-5,-0.999999995761661,0.));
#4833=DIRECTION('center_axis',(1.22464674570883E-16,0.,-1.));
#4834=DIRECTION('ref_axis',(4.44089209850066E-15,-1.,5.4385240564729E-31));
#4835=DIRECTION('',(-4.16546295067727E-16,1.,-5.10122064691763E-32));
#4836=DIRECTION('center_axis',(1.22464674570883E-16,0.,-1.));
#4837=DIRECTION('ref_axis',(-1.,-1.11022302462516E-15,-1.22464674570883E-16));
#4838=DIRECTION('',(1.,0.,1.22464674570883E-16));
#4839=DIRECTION('center_axis',(1.22464674570883E-16,0.,-1.));
#4840=DIRECTION('ref_axis',(0.,1.,0.));
#4841=DIRECTION('',(0.,-1.,0.));
#4842=DIRECTION('center_axis',(1.22464674570883E-16,0.,-1.));
#4843=DIRECTION('ref_axis',(1.,-2.22044604925031E-15,1.22464674570883E-16));
#4844=DIRECTION('',(-1.,0.,-1.22464674570883E-16));
#4845=DIRECTION('center_axis',(0.,1.,0.));
#4846=DIRECTION('ref_axis',(-1.,0.,-1.22464674570883E-16));
#4847=DIRECTION('',(0.,0.,1.));
#4848=DIRECTION('',(0.,0.,1.));
#4849=DIRECTION('center_axis',(0.,0.,1.));
#4850=DIRECTION('ref_axis',(1.,-2.22044604925031E-15,0.));
#4851=DIRECTION('',(0.,0.,1.));
#4852=DIRECTION('center_axis',(-1.,0.,0.));
#4853=DIRECTION('ref_axis',(0.,-1.,0.));
#4854=DIRECTION('',(0.,0.,1.));
#4855=DIRECTION('center_axis',(0.,0.,1.));
#4856=DIRECTION('ref_axis',(0.,1.,0.));
#4857=DIRECTION('',(0.,0.,1.));
#4858=DIRECTION('center_axis',(0.,-1.,0.));
#4859=DIRECTION('ref_axis',(1.,0.,1.22464674570883E-16));
#4860=DIRECTION('',(0.,0.,1.));
#4861=DIRECTION('center_axis',(0.,0.,1.));
#4862=DIRECTION('ref_axis',(-1.,-1.11022302462516E-15,0.));
#4863=DIRECTION('',(0.,0.,1.));
#4864=DIRECTION('center_axis',(1.,4.16546295067727E-16,0.));
#4865=DIRECTION('ref_axis',(-4.16546295067727E-16,1.,-5.10122064691763E-32));
#4866=DIRECTION('',(0.,0.,1.));
#4867=DIRECTION('center_axis',(0.,0.,1.));
#4868=DIRECTION('ref_axis',(4.44089209850066E-15,-1.,0.));
#4869=DIRECTION('center_axis',(1.50820092369862E-11,1.,0.));
#4870=DIRECTION('ref_axis',(-1.,1.50820092369862E-11,0.));
#4871=DIRECTION('',(0.,0.,1.));
#4872=DIRECTION('',(0.,0.,1.));
#4873=DIRECTION('center_axis',(1.,1.53567059166872E-15,0.));
#4874=DIRECTION('ref_axis',(-1.53567059166872E-15,1.,0.));
#4875=DIRECTION('',(0.,0.,-1.));
#4876=DIRECTION('center_axis',(0.,0.,1.));
#4877=DIRECTION('ref_axis',(9.20688763136289E-5,-0.999999995761661,0.));
#4878=DIRECTION('',(0.,0.,1.));
#4879=DIRECTION('center_axis',(0.,0.,1.));
#4880=DIRECTION('ref_axis',(9.20688763136289E-5,-0.999999995761661,0.));
#4881=DIRECTION('',(1.36642833800019E-16,0.,-1.));
#4882=DIRECTION('center_axis',(0.,0.,1.));
#4883=DIRECTION('ref_axis',(9.20688763136289E-5,-0.999999995761661,0.));
#4884=DIRECTION('',(1.36642833800019E-16,0.,-1.));
#4885=DIRECTION('center_axis',(0.,0.,1.));
#4886=DIRECTION('ref_axis',(1.,-8.14900694650014E-16,0.));
#4887=DIRECTION('',(0.,0.,-1.));
#4888=DIRECTION('center_axis',(0.,0.,1.));
#4889=DIRECTION('ref_axis',(1.,-8.14900694650014E-16,0.));
#4890=DIRECTION('center_axis',(-1.,7.5863596815622E-14,0.));
#4891=DIRECTION('ref_axis',(-7.5863596815622E-14,-1.,0.));
#4892=DIRECTION('',(7.5863596815622E-14,1.,0.));
#4893=DIRECTION('center_axis',(-1.,-1.53567059166872E-15,0.));
#4894=DIRECTION('ref_axis',(1.53567059166872E-15,-1.,0.));
#4895=DIRECTION('',(-1.53567059166872E-15,1.,0.));
#4896=DIRECTION('',(0.,0.,-1.));
#4897=DIRECTION('center_axis',(0.,0.,-1.));
#4898=DIRECTION('ref_axis',(1.,0.,0.));
#4899=DIRECTION('',(-1.21752757749783E-16,-1.,0.));
#4900=DIRECTION('',(-1.,1.50820092369862E-11,0.));
#4901=DIRECTION('center_axis',(0.,0.,-1.));
#4902=DIRECTION('ref_axis',(9.20688763136289E-5,-0.999999995761661,0.));
#4903=DIRECTION('',(-7.5863596815622E-14,-1.,0.));
#4904=DIRECTION('center_axis',(0.,0.,-1.));
#4905=DIRECTION('ref_axis',(1.,-8.14900694650014E-16,0.));
#4906=DIRECTION('',(-1.21752757749783E-16,-1.,0.));
#4907=DIRECTION('center_axis',(0.,0.,-1.));
#4908=DIRECTION('ref_axis',(1.,0.,0.));
#4909=DIRECTION('',(1.,0.,0.));
#4910=DIRECTION('',(-1.71766634299522E-15,1.,0.));
#4911=DIRECTION('',(1.,0.,0.));
#4912=DIRECTION('center_axis',(0.,0.,-1.));
#4913=DIRECTION('ref_axis',(1.,0.,0.));
#4914=DIRECTION('center_axis',(0.,0.,1.));
#4915=DIRECTION('ref_axis',(1.,0.,0.));
#4916=DIRECTION('center_axis',(0.,0.,1.));
#4917=DIRECTION('ref_axis',(1.,0.,0.));
#4918=DIRECTION('center_axis',(1.65336568236845E-15,-1.,0.));
#4919=DIRECTION('ref_axis',(1.,1.65336568236845E-15,0.));
#4920=DIRECTION('',(0.,0.,1.));
#4921=DIRECTION('center_axis',(-7.72672411891331E-36,-1.0435097161681E-31,
-1.));
#4922=DIRECTION('ref_axis',(1.,0.,-7.72672411891331E-36));
#4923=DIRECTION('center_axis',(-7.72672411891331E-36,-1.0435097161681E-31,
-1.));
#4924=DIRECTION('ref_axis',(-4.07450347325014E-16,1.,0.));
#4925=DIRECTION('center_axis',(-7.72672411891331E-36,-1.0435097161681E-31,
-1.));
#4926=DIRECTION('ref_axis',(-1.,0.,0.));
#4927=DIRECTION('',(-1.,1.50820092369862E-11,7.72672254509099E-36));
#4928=DIRECTION('center_axis',(-1.,7.5863596815622E-14,0.));
#4929=DIRECTION('ref_axis',(-7.5863596815622E-14,-1.,0.));
#4930=DIRECTION('',(0.,0.,-1.));
#4931=DIRECTION('center_axis',(0.,0.,-1.));
#4932=DIRECTION('ref_axis',(1.,0.,0.));
#4933=DIRECTION('center_axis',(0.,0.,1.));
#4934=DIRECTION('ref_axis',(1.,0.,0.));
#4935=DIRECTION('',(0.,0.,1.));
#4936=DIRECTION('center_axis',(0.,0.,-1.));
#4937=DIRECTION('ref_axis',(1.,0.,0.));
#4938=DIRECTION('',(0.,0.,-1.));
#4939=DIRECTION('center_axis',(0.,0.,-1.));
#4940=DIRECTION('ref_axis',(1.,0.,0.));
#4941=DIRECTION('',(0.,0.,-1.));
#4942=DIRECTION('center_axis',(0.,-1.,0.));
#4943=DIRECTION('ref_axis',(-1.,0.,0.));
#4944=DIRECTION('',(-1.,0.,0.));
#4945=DIRECTION('',(0.,0.,-1.));
#4946=DIRECTION('center_axis',(-1.,0.,0.));
#4947=DIRECTION('ref_axis',(0.,1.,0.));
#4948=DIRECTION('',(1.21752757749783E-16,1.,0.));
#4949=DIRECTION('center_axis',(0.,0.,-1.));
#4950=DIRECTION('ref_axis',(1.,0.,0.));
#4951=DIRECTION('center_axis',(0.,0.,1.));
#4952=DIRECTION('ref_axis',(1.,0.,0.));
#4953=DIRECTION('',(0.,0.,1.));
#4954=DIRECTION('center_axis',(-1.,0.,0.));
#4955=DIRECTION('ref_axis',(0.,1.,0.));
#4956=DIRECTION('',(0.,0.,-1.));
#4957=DIRECTION('',(0.,1.,0.));
#4958=DIRECTION('',(0.,0.,-1.));
#4959=DIRECTION('center_axis',(0.,1.,0.));
#4960=DIRECTION('ref_axis',(1.,0.,0.));
#4961=DIRECTION('',(0.,0.,1.));
#4962=DIRECTION('',(1.,0.,0.));
#4963=DIRECTION('',(0.,0.,-1.));
#4964=DIRECTION('center_axis',(0.,0.,-1.));
#4965=DIRECTION('ref_axis',(1.,0.,0.));
#4966=DIRECTION('center_axis',(0.,0.,-1.));
#4967=DIRECTION('ref_axis',(1.,0.,0.));
#4968=DIRECTION('center_axis',(-1.,-1.71766634299522E-15,0.));
#4969=DIRECTION('ref_axis',(-1.71766634299522E-15,1.,0.));
#4970=DIRECTION('',(-1.71766634299522E-15,1.,0.));
#4971=DIRECTION('center_axis',(0.,0.,-1.));
#4972=DIRECTION('ref_axis',(1.,0.,0.));
#4973=DIRECTION('',(1.,-1.50820092369862E-11,0.));
#4974=DIRECTION('center_axis',(0.,0.,1.));
#4975=DIRECTION('ref_axis',(1.,-8.14900694650014E-16,0.));
#4976=DIRECTION('',(0.,0.,-1.));
#4977=DIRECTION('center_axis',(-1.,7.5863596815622E-14,0.));
#4978=DIRECTION('ref_axis',(-7.5863596815622E-14,-1.,0.));
#4979=DIRECTION('',(0.,0.,1.));
#4980=DIRECTION('center_axis',(0.,0.,1.));
#4981=DIRECTION('ref_axis',(1.,-8.14900694650014E-16,0.));
#4982=DIRECTION('center_axis',(0.,0.,1.));
#4983=DIRECTION('ref_axis',(-4.07450347325014E-16,1.,0.));
#4984=DIRECTION('center_axis',(1.,0.,0.));
#4985=DIRECTION('ref_axis',(0.,-4.03717463500057E-15,-1.));
#4986=DIRECTION('center_axis',(0.,0.,1.));
#4987=DIRECTION('ref_axis',(9.20688763136289E-5,-0.999999995761661,0.));
#4988=DIRECTION('',(0.,0.,1.));
#4989=DIRECTION('center_axis',(1.50820092369862E-11,1.,0.));
#4990=DIRECTION('ref_axis',(-1.,1.50820092369862E-11,0.));
#4991=DIRECTION('',(0.,0.,1.));
#4992=DIRECTION('center_axis',(0.,0.,1.));
#4993=DIRECTION('ref_axis',(-1.,0.,0.));
#4994=DIRECTION('center_axis',(1.,0.,0.));
#4995=DIRECTION('ref_axis',(0.,0.,-1.));
#4996=DIRECTION('center_axis',(1.,-8.94617886976675E-18,0.));
#4997=DIRECTION('ref_axis',(0.,0.,-1.));
#4998=DIRECTION('center_axis',(1.,-8.94617886976675E-18,0.));
#4999=DIRECTION('ref_axis',(0.,0.991038808654724,-0.1335742480429));
#5000=DIRECTION('center_axis',(0.,4.44089209850062E-15,-1.));
#5001=DIRECTION('ref_axis',(0.,-1.,-4.44089209850062E-15));
#5002=DIRECTION('center_axis',(-1.,8.94617886976675E-18,0.));
#5003=DIRECTION('ref_axis',(8.8660104491057E-18,0.991038808654724,-0.1335742480429));
#5004=DIRECTION('center_axis',(0.,0.,1.));
#5005=DIRECTION('ref_axis',(-0.707106781186546,-0.707106781186549,0.));
#5006=DIRECTION('center_axis',(0.,0.,-1.));
#5007=DIRECTION('ref_axis',(0.,-1.,0.));
#5008=DIRECTION('',(0.,0.,-1.));
#5009=DIRECTION('',(0.,0.,1.));
#5010=DIRECTION('center_axis',(1.,-8.94617886976675E-18,0.));
#5011=DIRECTION('ref_axis',(0.,0.,-1.));
#5012=DIRECTION('center_axis',(0.,1.,8.88178419700126E-15));
#5013=DIRECTION('ref_axis',(0.,8.88178419700126E-15,-1.));
#5014=DIRECTION('center_axis',(-1.,8.94617886976675E-18,0.));
#5015=DIRECTION('ref_axis',(6.32590374451983E-18,0.707106781186543,0.707106781186552));
#5016=DIRECTION('center_axis',(1.,-8.94617886976675E-18,0.));
#5017=DIRECTION('ref_axis',(0.,0.707106781186543,0.707106781186552));
#5018=DIRECTION('center_axis',(-8.94617886976675E-18,-1.,3.45358837799019E-16));
#5019=DIRECTION('ref_axis',(-0.707106781186547,0.,-0.707106781186548));
#5020=DIRECTION('center_axis',(0.,1.,0.));
#5021=DIRECTION('ref_axis',(5.5511151231258E-16,0.,-1.));
#5022=DIRECTION('',(8.94617886976675E-18,1.,-3.45358837799019E-16));
#5023=DIRECTION('',(-8.94617886976675E-18,-1.,3.45358837799019E-16));
#5024=DIRECTION('center_axis',(1.,-8.94617886976675E-18,0.));
#5025=DIRECTION('ref_axis',(0.,0.,-1.));
#5026=DIRECTION('center_axis',(0.,-2.2204460492503E-15,1.));
#5027=DIRECTION('ref_axis',(0.,1.,2.2204460492503E-15));
#5028=DIRECTION('center_axis',(-1.,8.94617886976675E-18,0.));
#5029=DIRECTION('ref_axis',(-6.32590374451989E-18,-0.707106781186549,0.707106781186546));
#5030=DIRECTION('center_axis',(1.,-8.94617886976675E-18,0.));
#5031=DIRECTION('ref_axis',(0.,-0.707106781186549,0.707106781186546));
#5032=DIRECTION('center_axis',(0.,0.,-1.));
#5033=DIRECTION('ref_axis',(-0.707106781186549,0.707106781186546,0.));
#5034=DIRECTION('center_axis',(0.,0.,1.));
#5035=DIRECTION('ref_axis',(0.,1.,0.));
#5036=DIRECTION('',(0.,0.,1.));
#5037=DIRECTION('',(0.,0.,-1.));
#5038=DIRECTION('center_axis',(1.,-8.94617886976675E-18,0.));
#5039=DIRECTION('ref_axis',(0.,0.,-1.));
#5040=DIRECTION('center_axis',(-1.,8.94617886976675E-18,0.));
#5041=DIRECTION('ref_axis',(-8.8660104491057E-18,-0.991038808654723,-0.1335742480429));
#5042=DIRECTION('center_axis',(1.,-8.94617886976675E-18,0.));
#5043=DIRECTION('ref_axis',(0.,-0.991038808654724,-0.1335742480429));
#5044=DIRECTION('center_axis',(0.,-1.,0.));
#5045=DIRECTION('ref_axis',(-1.73867579109285E-48,0.,-1.));
#5046=DIRECTION('',(1.,0.,0.));
#5047=DIRECTION('',(-1.73867579109285E-48,0.,-1.));
#5048=DIRECTION('',(1.,0.,0.));
#5049=DIRECTION('center_axis',(1.,0.,0.));
#5050=DIRECTION('ref_axis',(0.,-1.,-2.77555756156289E-15));
#5051=DIRECTION('',(1.,0.,0.));
#5052=DIRECTION('center_axis',(1.,2.24853944517848E-48,6.24095065953756E-63));
#5053=DIRECTION('ref_axis',(2.24853944517848E-48,-1.,-2.77555756156289E-15));
#5054=DIRECTION('center_axis',(0.,3.45358837799019E-16,1.));
#5055=DIRECTION('ref_axis',(-1.36220042706105E-48,-1.,3.45358837799019E-16));
#5056=DIRECTION('',(1.,0.,0.));
#5057=DIRECTION('',(-1.36220042706105E-48,-1.,3.45358837799019E-16));
#5058=DIRECTION('center_axis',(1.,0.,0.));
#5059=DIRECTION('ref_axis',(0.,-1.38777878078145E-14,1.));
#5060=DIRECTION('',(1.,0.,0.));
#5061=DIRECTION('center_axis',(1.,7.59645419660787E-62,-5.47382212626882E-48));
#5062=DIRECTION('ref_axis',(5.47382212626882E-48,-1.38777878078145E-14,
1.));
#5063=DIRECTION('center_axis',(0.,1.,0.));
#5064=DIRECTION('ref_axis',(0.,0.,1.));
#5065=DIRECTION('',(1.,0.,0.));
#5066=DIRECTION('',(0.,0.,1.));
#5067=DIRECTION('center_axis',(1.,0.,0.));
#5068=DIRECTION('ref_axis',(0.,1.,4.33680868994204E-15));
#5069=DIRECTION('',(-1.,0.,0.));
#5070=DIRECTION('center_axis',(1.,3.29970979165155E-62,-5.47382212626882E-48));
#5071=DIRECTION('ref_axis',(-9.25817855211585E-63,1.,4.33680868994204E-15));
#5072=DIRECTION('center_axis',(0.,0.,1.));
#5073=DIRECTION('ref_axis',(1.,0.,0.));
#5074=DIRECTION('',(-8.94617886976675E-18,-1.,0.));
#5075=DIRECTION('',(1.,0.,0.));
#5076=DIRECTION('',(3.31039538834206E-62,1.,0.));
#5077=DIRECTION('',(-1.,0.,0.));
#5078=DIRECTION('',(1.0623587407848E-17,1.,0.));
#5079=DIRECTION('',(1.,0.,0.));
#5080=DIRECTION('',(-7.59645419660784E-62,1.,0.));
#5081=DIRECTION('center_axis',(1.,-8.94617886976675E-18,0.));
#5082=DIRECTION('ref_axis',(0.,0.,-1.));
#5083=DIRECTION('center_axis',(1.,-8.94617886976675E-18,0.));
#5084=DIRECTION('ref_axis',(0.,0.973403535028949,-0.229097267537491));
#5085=DIRECTION('center_axis',(0.,2.22044604925031E-15,-1.));
#5086=DIRECTION('ref_axis',(0.,-1.,-2.22044604925031E-15));
#5087=DIRECTION('center_axis',(-1.,8.94617886976675E-18,0.));
#5088=DIRECTION('ref_axis',(8.70824213683224E-18,0.973403535028949,-0.229097267537491));
#5089=DIRECTION('center_axis',(0.,0.,1.));
#5090=DIRECTION('ref_axis',(-0.707106781186547,-0.707106781186548,0.));
#5091=DIRECTION('center_axis',(0.,0.,-1.));
#5092=DIRECTION('ref_axis',(0.,-1.,0.));
#5093=DIRECTION('',(0.,0.,-1.));
#5094=DIRECTION('',(0.,0.,1.));
#5095=DIRECTION('center_axis',(1.,-8.94617886976675E-18,0.));
#5096=DIRECTION('ref_axis',(0.,0.,-1.));
#5097=DIRECTION('center_axis',(0.,1.,4.44089209850063E-15));
#5098=DIRECTION('ref_axis',(0.,4.44089209850063E-15,-1.));
#5099=DIRECTION('center_axis',(-1.,8.94617886976675E-18,0.));
#5100=DIRECTION('ref_axis',(6.32590374451987E-18,0.707106781186547,0.707106781186548));
#5101=DIRECTION('center_axis',(1.,-8.94617886976675E-18,0.));
#5102=DIRECTION('ref_axis',(0.,0.707106781186547,0.707106781186548));
#5103=DIRECTION('center_axis',(-8.94617886976675E-18,-1.,-1.58785958160549E-16));
#5104=DIRECTION('ref_axis',(-0.707106781186546,0.,-0.707106781186549));
#5105=DIRECTION('center_axis',(0.,1.,0.));
#5106=DIRECTION('ref_axis',(0.,0.,-1.));
#5107=DIRECTION('',(8.94617886976675E-18,1.,1.58785958160549E-16));
#5108=DIRECTION('',(-8.94617886976675E-18,-1.,-1.58785958160549E-16));
#5109=DIRECTION('center_axis',(1.,-8.94617886976675E-18,0.));
#5110=DIRECTION('ref_axis',(0.,0.,-1.));
#5111=DIRECTION('center_axis',(0.,-1.11022302462516E-15,1.));
#5112=DIRECTION('ref_axis',(0.,1.,1.11022302462516E-15));
#5113=DIRECTION('center_axis',(-1.,8.94617886976675E-18,0.));
#5114=DIRECTION('ref_axis',(-6.32590374451987E-18,-0.707106781186547,0.707106781186547));
#5115=DIRECTION('center_axis',(1.,-8.94617886976675E-18,0.));
#5116=DIRECTION('ref_axis',(0.,-0.707106781186548,0.707106781186548));
#5117=DIRECTION('center_axis',(0.,0.,-1.));
#5118=DIRECTION('ref_axis',(-0.707106781186546,0.707106781186549,0.));
#5119=DIRECTION('center_axis',(0.,0.,1.));
#5120=DIRECTION('ref_axis',(0.,1.,0.));
#5121=DIRECTION('',(0.,0.,1.));
#5122=DIRECTION('',(0.,0.,-1.));
#5123=DIRECTION('center_axis',(1.,-8.94617886976675E-18,0.));
#5124=DIRECTION('ref_axis',(0.,0.,-1.));
#5125=DIRECTION('center_axis',(-1.,8.94617886976675E-18,0.));
#5126=DIRECTION('ref_axis',(-8.70824213683224E-18,-0.973403535028949,-0.229097267537493));
#5127=DIRECTION('center_axis',(1.,-8.94617886976675E-18,0.));
#5128=DIRECTION('ref_axis',(0.,-0.973403535028949,-0.229097267537493));
#5129=DIRECTION('center_axis',(0.,-1.,0.));
#5130=DIRECTION('ref_axis',(2.59223478168563E-33,0.,-1.));
#5131=DIRECTION('',(1.,0.,0.));
#5132=DIRECTION('',(2.59223478168563E-33,0.,-1.));
#5133=DIRECTION('',(1.,0.,0.));
#5134=DIRECTION('center_axis',(1.,0.,0.));
#5135=DIRECTION('ref_axis',(0.,-1.,-5.28677630773884E-16));
#5136=DIRECTION('',(1.,0.,0.));
#5137=DIRECTION('center_axis',(1.,-1.54074395550979E-33,-8.14556864028098E-49));
#5138=DIRECTION('ref_axis',(-1.54074395550979E-33,-1.,-5.28677630773884E-16));
#5139=DIRECTION('center_axis',(0.,-1.58785958160549E-16,1.));
#5140=DIRECTION('ref_axis',(2.50008531598116E-48,-1.,-1.58785958160549E-16));
#5141=DIRECTION('',(1.,0.,0.));
#5142=DIRECTION('',(2.50008531598116E-48,-1.,-1.58785958160549E-16));
#5143=DIRECTION('center_axis',(1.,0.,0.));
#5144=DIRECTION('ref_axis',(0.,-3.17206578464331E-15,1.));
#5145=DIRECTION('',(1.,0.,0.));
#5146=DIRECTION('center_axis',(1.,-3.31869211863866E-62,1.04622424122009E-47));
#5147=DIRECTION('ref_axis',(-1.04622424122009E-47,-3.17206578464331E-15,
1.));
#5148=DIRECTION('center_axis',(0.,1.,0.));
#5149=DIRECTION('ref_axis',(0.,0.,1.));
#5150=DIRECTION('',(1.,0.,0.));
#5151=DIRECTION('',(0.,0.,1.));
#5152=DIRECTION('center_axis',(1.,0.,0.));
#5153=DIRECTION('ref_axis',(0.,1.,1.8503717077086E-15));
#5154=DIRECTION('',(-1.,0.,0.));
#5155=DIRECTION('center_axis',(1.,2.13821176807374E-48,1.04622424122009E-47));
#5156=DIRECTION('ref_axis',(-2.13821176807376E-48,1.,1.8503717077086E-15));
#5157=DIRECTION('center_axis',(0.,0.,1.));
#5158=DIRECTION('ref_axis',(1.,0.,0.));
#5159=DIRECTION('',(-8.94617886976675E-18,-1.,0.));
#5160=DIRECTION('center_axis',(0.,0.,1.));
#5161=DIRECTION('ref_axis',(-1.17488749544383E-15,1.,0.));
#5162=DIRECTION('',(-1.,-1.637150733167E-15,0.));
#5163=DIRECTION('center_axis',(0.,0.,1.));
#5164=DIRECTION('ref_axis',(0.707106781186549,0.707106781186546,0.));
#5165=DIRECTION('',(0.,-1.,0.));
#5166=DIRECTION('',(1.,1.65336568236845E-15,0.));
#5167=DIRECTION('center_axis',(0.,0.,-1.));
#5168=DIRECTION('ref_axis',(-4.07450347325014E-16,1.,0.));
#5169=DIRECTION('',(1.0623587407848E-17,1.,0.));
#5170=DIRECTION('',(1.,0.,0.));
#5171=DIRECTION('',(3.31039538834206E-62,1.,0.));
#5172=DIRECTION('center_axis',(1.,0.,0.));
#5173=DIRECTION('ref_axis',(0.,1.05735526154777E-15,-1.));
#5174=DIRECTION('center_axis',(1.,-1.54074395550979E-33,-8.27284315028537E-49));
#5175=DIRECTION('ref_axis',(8.01829413027659E-49,1.05735526154777E-15,-1.));
#5176=DIRECTION('center_axis',(-1.,3.31039538834206E-62,-1.04622424122009E-47));
#5177=DIRECTION('ref_axis',(-3.31039538834206E-62,-1.,0.));
#5178=DIRECTION('center_axis',(-1.,3.31039538834206E-62,-1.04622424122009E-47));
#5179=DIRECTION('ref_axis',(0.,1.,1.51394048812522E-15));
#5180=DIRECTION('',(1.04622424122009E-47,0.,-1.));
#5181=DIRECTION('center_axis',(-1.,3.31039538834206E-62,-1.04622424122009E-47));
#5182=DIRECTION('ref_axis',(0.,-2.01858731750029E-15,1.));
#5183=DIRECTION('',(3.22733252904559E-62,1.,7.93929790802743E-17));
#5184=DIRECTION('center_axis',(-1.,3.31039538834206E-62,-1.04622424122009E-47));
#5185=DIRECTION('ref_axis',(0.,-1.,-5.04646829375072E-16));
#5186=DIRECTION('',(-1.04622424122009E-47,0.,1.));
#5187=DIRECTION('center_axis',(-1.,3.31039538834206E-62,-1.04622424122009E-47));
#5188=DIRECTION('ref_axis',(0.,-4.03717463500057E-15,-1.));
#5189=DIRECTION('center_axis',(1.,0.,0.));
#5190=DIRECTION('ref_axis',(0.,2.77555756156289E-15,-1.));
#5191=DIRECTION('center_axis',(1.,2.24853944517848E-48,6.0137205977075E-49));
#5192=DIRECTION('ref_axis',(6.01372059770744E-49,2.77555756156289E-15,-1.));
#5193=DIRECTION('',(1.,0.,0.));
#5194=DIRECTION('center_axis',(-1.,-7.59645419660784E-62,5.47382212626882E-48));
#5195=DIRECTION('ref_axis',(7.59645419660784E-62,-1.,0.));
#5196=DIRECTION('',(-7.59645419660784E-62,1.,0.));
#5197=DIRECTION('center_axis',(-1.,-7.59645419660784E-62,5.47382212626882E-48));
#5198=DIRECTION('ref_axis',(0.,1.,5.5511151231258E-15));
#5199=DIRECTION('',(-5.47382212626882E-48,0.,-1.));
#5200=DIRECTION('center_axis',(-1.,-7.59645419660784E-62,5.47382212626882E-48));
#5201=DIRECTION('ref_axis',(0.,-7.40148683083442E-15,1.));
#5202=DIRECTION('',(-7.69097583900018E-62,1.,-1.72679418899509E-16));
#5203=DIRECTION('center_axis',(-1.,-7.59645419660784E-62,5.47382212626882E-48));
#5204=DIRECTION('ref_axis',(0.,-1.,-9.25185853854296E-16));
#5205=DIRECTION('',(5.47382212626882E-48,0.,1.));
#5206=DIRECTION('center_axis',(-1.,-7.59645419660784E-62,5.47382212626882E-48));
#5207=DIRECTION('ref_axis',(0.,0.,-1.));
#5208=DIRECTION('center_axis',(1.,0.,0.));
#5209=DIRECTION('ref_axis',(0.,-4.03717463500057E-15,-1.));
#5210=DIRECTION('',(1.,0.,0.));
#5211=DIRECTION('center_axis',(-1.,1.0623587407848E-17,0.));
#5212=DIRECTION('ref_axis',(0.,-4.03717463500057E-15,-1.));
#5213=DIRECTION('center_axis',(0.,-1.,0.));
#5214=DIRECTION('ref_axis',(0.,0.,-1.));
#5215=DIRECTION('',(1.,0.,0.));
#5216=DIRECTION('',(0.,0.,1.));
#5217=DIRECTION('center_axis',(-1.,8.94617886976675E-18,0.));
#5218=DIRECTION('ref_axis',(-8.94617886976675E-18,-1.,0.));
#5219=DIRECTION('',(-8.94617886976675E-18,-1.,0.));
#5220=DIRECTION('',(0.,0.,1.));
#5221=DIRECTION('',(-8.94617886976675E-18,-1.,0.));
#5222=DIRECTION('',(0.,0.,1.));
#5223=DIRECTION('center_axis',(0.,0.,1.));
#5224=DIRECTION('ref_axis',(1.,0.,0.));
#5225=DIRECTION('',(-1.,0.,0.));
#5226=DIRECTION('',(1.0623587407848E-17,1.,0.));
#5227=DIRECTION('center_axis',(0.,0.,-1.));
#5228=DIRECTION('ref_axis',(-1.,0.,0.));
#5229=DIRECTION('',(-1.,1.50820092369862E-11,0.));
#5230=DIRECTION('center_axis',(0.,0.,-1.));
#5231=DIRECTION('ref_axis',(9.20688763136289E-5,-0.999999995761661,0.));
#5232=DIRECTION('',(-7.5863596815622E-14,-1.,0.));
#5233=DIRECTION('center_axis',(0.,0.,-1.));
#5234=DIRECTION('ref_axis',(1.,-8.14900694650014E-16,0.));
#5235=DIRECTION('',(1.,1.65336568236845E-15,0.));
#5236=DIRECTION('',(0.,1.,0.));
#5237=DIRECTION('center_axis',(0.,0.,1.));
#5238=DIRECTION('ref_axis',(-0.707106781186546,0.707106781186549,0.));
#5239=DIRECTION('',(-1.,-1.637150733167E-15,0.));
#5240=DIRECTION('center_axis',(0.,0.,1.));
#5241=DIRECTION('ref_axis',(1.,-3.24268948742495E-14,0.));
#5242=DIRECTION('',(7.60067356775387E-14,1.,0.));
#5243=DIRECTION('center_axis',(0.,0.,1.));
#5244=DIRECTION('ref_axis',(7.25825952869615E-5,-0.999999997365883,0.));
#5245=DIRECTION('',(1.,-4.51718984662052E-11,0.));
#5246=DIRECTION('center_axis',(0.,0.,1.));
#5247=DIRECTION('ref_axis',(-1.,0.,0.));
#5248=DIRECTION('center_axis',(1.,0.,0.));
#5249=DIRECTION('ref_axis',(0.,0.,-1.));
#5250=DIRECTION('',(1.,0.,0.));
#5251=DIRECTION('center_axis',(-1.,1.0623587407848E-17,0.));
#5252=DIRECTION('ref_axis',(0.,0.,-1.));
#5253=DIRECTION('center_axis',(0.,-1.,0.));
#5254=DIRECTION('ref_axis',(0.,0.,-1.));
#5255=DIRECTION('',(1.,0.,0.));
#5256=DIRECTION('',(0.,0.,1.));
#5257=DIRECTION('center_axis',(1.,0.,0.));
#5258=DIRECTION('ref_axis',(0.,-1.,-9.25185853854296E-16));
#5259=DIRECTION('',(1.,0.,0.));
#5260=DIRECTION('center_axis',(-1.,1.0623587407848E-17,0.));
#5261=DIRECTION('ref_axis',(0.,-1.,-9.25185853854296E-16));
#5262=DIRECTION('center_axis',(0.,1.72679418899509E-16,1.));
#5263=DIRECTION('ref_axis',(0.,-1.,1.72679418899509E-16));
#5264=DIRECTION('',(1.,0.,0.));
#5265=DIRECTION('',(1.0623587407848E-17,1.,-1.72679418899509E-16));
#5266=DIRECTION('center_axis',(0.,0.,-1.));
#5267=DIRECTION('ref_axis',(0.707106781186549,0.707106781186546,0.));
#5268=DIRECTION('',(0.,0.,-1.));
#5269=DIRECTION('',(0.,0.,1.));
#5270=DIRECTION('center_axis',(1.637150733167E-15,-1.,0.));
#5271=DIRECTION('ref_axis',(-0.0274349349098628,-3.41607084500048E-17,0.999623591331503));
#5272=DIRECTION('center_axis',(1.637150733167E-15,-1.,0.));
#5273=DIRECTION('ref_axis',(-0.0274349349098224,0.,0.999623591331504));
#5274=DIRECTION('center_axis',(-1.637150733167E-15,1.,0.));
#5275=DIRECTION('ref_axis',(-0.0274349349098224,-4.49151238020047E-17,0.999623591331504));
#5276=DIRECTION('center_axis',(0.,0.,1.));
#5277=DIRECTION('ref_axis',(-0.707106781186546,0.707106781186549,0.));
#5278=DIRECTION('',(0.,0.,-1.));
#5279=DIRECTION('',(0.,0.,1.));
#5280=DIRECTION('center_axis',(-1.637150733167E-15,1.,0.));
#5281=DIRECTION('ref_axis',(-1.,-1.637150733167E-15,0.));
#5282=DIRECTION('',(0.,0.,1.));
#5283=DIRECTION('',(-1.,-1.637150733167E-15,0.));
#5284=DIRECTION('',(0.,0.,1.));
#5285=DIRECTION('center_axis',(-1.,0.,0.));
#5286=DIRECTION('ref_axis',(0.,0.,-1.));
#5287=DIRECTION('',(0.,1.,0.));
#5288=DIRECTION('',(0.,0.,1.));
#5289=DIRECTION('center_axis',(0.,0.,1.));
#5290=DIRECTION('ref_axis',(1.,0.,0.));
#5291=DIRECTION('center_axis',(0.,0.,-1.));
#5292=DIRECTION('ref_axis',(1.,0.,0.));
#5293=DIRECTION('',(0.707106781186547,-8.65956056235493E-17,-0.707106781186547));
#5294=DIRECTION('center_axis',(0.,0.,-1.));
#5295=DIRECTION('ref_axis',(1.,0.,0.));
#5296=DIRECTION('center_axis',(0.,0.,-1.));
#5297=DIRECTION('ref_axis',(1.,0.,0.));
#5298=DIRECTION('',(0.,0.,-1.));
#5299=DIRECTION('center_axis',(0.,0.,1.));
#5300=DIRECTION('ref_axis',(1.,0.,0.));
#5301=DIRECTION('center_axis',(0.,0.,1.));
#5302=DIRECTION('ref_axis',(1.,0.,0.));
#5303=DIRECTION('center_axis',(0.,0.,-1.));
#5304=DIRECTION('ref_axis',(1.,0.,0.));
#5305=DIRECTION('',(0.707106781186547,-8.65956056235493E-17,-0.707106781186547));
#5306=DIRECTION('center_axis',(0.,0.,-1.));
#5307=DIRECTION('ref_axis',(1.,0.,0.));
#5308=DIRECTION('center_axis',(0.,0.,-1.));
#5309=DIRECTION('ref_axis',(1.,0.,0.));
#5310=DIRECTION('',(0.,0.,-1.));
#5311=DIRECTION('center_axis',(0.,0.,1.));
#5312=DIRECTION('ref_axis',(1.,0.,0.));
#5313=DIRECTION('center_axis',(0.,0.,-1.));
#5314=DIRECTION('ref_axis',(-1.,0.,0.));
#5315=DIRECTION('center_axis',(0.,0.,-1.));
#5316=DIRECTION('ref_axis',(-1.,0.,0.));
#5317=DIRECTION('',(0.,0.,1.));
#5318=DIRECTION('center_axis',(0.,0.,1.));
#5319=DIRECTION('ref_axis',(-1.,0.,0.));
#5320=DIRECTION('center_axis',(0.,0.,1.));
#5321=DIRECTION('ref_axis',(1.,0.,0.));
#5322=DIRECTION('center_axis',(0.,0.,-1.));
#5323=DIRECTION('ref_axis',(-1.,0.,0.));
#5324=DIRECTION('center_axis',(0.,0.,-1.));
#5325=DIRECTION('ref_axis',(-1.,0.,0.));
#5326=DIRECTION('',(0.,0.,1.));
#5327=DIRECTION('center_axis',(0.,0.,1.));
#5328=DIRECTION('ref_axis',(-1.,0.,0.));
#5329=DIRECTION('center_axis',(0.,0.,1.));
#5330=DIRECTION('ref_axis',(1.,0.,0.));
#5331=DIRECTION('center_axis',(7.60067356775387E-14,1.,0.));
#5332=DIRECTION('ref_axis',(0.707106781186547,-5.02429586778809E-14,0.707106781186548));
#5333=DIRECTION('center_axis',(7.54951656067882E-14,1.,0.));
#5334=DIRECTION('ref_axis',(0.,0.,1.));
#5335=DIRECTION('',(7.60067356775387E-14,1.,0.));
#5336=DIRECTION('center_axis',(-7.54951656745109E-14,-1.,0.));
#5337=DIRECTION('ref_axis',(1.,-7.54951656745109E-14,1.11022302462516E-15));
#5338=DIRECTION('',(-7.60067356775387E-14,-1.,0.));
#5339=DIRECTION('center_axis',(0.,0.,1.));
#5340=DIRECTION('ref_axis',(1.,0.,0.));
#5341=DIRECTION('center_axis',(1.,0.,0.));
#5342=DIRECTION('ref_axis',(0.,1.,0.));
#5343=DIRECTION('center_axis',(0.,0.,-1.));
#5344=DIRECTION('ref_axis',(0.707106781186559,0.707106781186536,0.));
#5345=DIRECTION('center_axis',(0.,0.,1.));
#5346=DIRECTION('ref_axis',(0.707106781186559,0.707106781186536,0.));
#5347=DIRECTION('center_axis',(-1.,-1.637150733167E-15,0.));
#5348=DIRECTION('ref_axis',(0.,0.707106781186548,0.707106781186547));
#5349=DIRECTION('center_axis',(1.,0.,0.));
#5350=DIRECTION('ref_axis',(0.,1.,0.));
#5351=DIRECTION('',(1.,1.637150733167E-15,0.));
#5352=DIRECTION('center_axis',(0.,0.,1.));
#5353=DIRECTION('ref_axis',(1.,0.,0.));
#5354=DIRECTION('center_axis',(0.,1.,0.));
#5355=DIRECTION('ref_axis',(-1.,0.,0.));
#5356=DIRECTION('center_axis',(0.,0.,-1.));
#5357=DIRECTION('ref_axis',(-0.707106781186548,0.707106781186547,0.));
#5358=DIRECTION('center_axis',(0.,0.,1.));
#5359=DIRECTION('ref_axis',(-0.707106781186548,0.707106781186547,0.));
#5360=DIRECTION('center_axis',(-8.94617886976675E-18,-1.,0.));
#5361=DIRECTION('ref_axis',(-0.707106781186548,0.,0.707106781186547));
#5362=DIRECTION('center_axis',(4.44089209850063E-15,1.,0.));
#5363=DIRECTION('ref_axis',(-1.,4.44089209850063E-15,0.));
#5364=DIRECTION('',(8.94617886976675E-18,1.,0.));
#5365=DIRECTION('center_axis',(0.,0.,1.));
#5366=DIRECTION('ref_axis',(1.,0.,0.));
#5367=DIRECTION('center_axis',(-0.999999997258629,7.40455405273676E-5,0.));
#5368=DIRECTION('ref_axis',(-7.40455405273677E-5,-0.999999997258629,0.));
#5369=DIRECTION('center_axis',(0.,0.,-1.));
#5370=DIRECTION('ref_axis',(-0.707132959753866,-0.707080601650008,0.));
#5371=DIRECTION('center_axis',(0.,0.,1.));
#5372=DIRECTION('ref_axis',(-0.707132959753866,-0.707080601650008,0.));
#5373=DIRECTION('center_axis',(1.,-4.51718984662052E-11,0.));
#5374=DIRECTION('ref_axis',(-3.19419609794628E-11,-0.707106781186547,0.707106781186548));
#5375=DIRECTION('center_axis',(-1.,4.51727544259483E-11,0.));
#5376=DIRECTION('ref_axis',(-4.51727544259483E-11,-1.,0.));
#5377=DIRECTION('',(-1.,4.51718984662052E-11,0.));
#5378=DIRECTION('',(1.,-4.51718984662052E-11,0.));
#5379=DIRECTION('center_axis',(0.,0.,1.));
#5380=DIRECTION('ref_axis',(1.,0.,0.));
#5381=DIRECTION('center_axis',(0.,0.,1.));
#5382=DIRECTION('ref_axis',(0.707132442543575,-0.707081118898219,0.));
#5383=DIRECTION('center_axis',(0.,0.,-1.));
#5384=DIRECTION('ref_axis',(0.707132442543575,-0.707081118898219,0.));
#5385=DIRECTION('center_axis',(0.,0.,1.));
#5386=DIRECTION('ref_axis',(-1.17488749544383E-15,1.,0.));
#5387=DIRECTION('center_axis',(0.,0.,1.));
#5388=DIRECTION('ref_axis',(1.,-3.24268948742495E-14,0.));
#5389=DIRECTION('',(1.36642833800019E-16,0.,-1.));
#5390=DIRECTION('center_axis',(1.,-7.60067356775387E-14,0.));
#5391=DIRECTION('ref_axis',(7.60067356775387E-14,1.,0.));
#5392=DIRECTION('',(0.,0.,-1.));
#5393=DIRECTION('center_axis',(0.,0.,1.));
#5394=DIRECTION('ref_axis',(-1.,0.,0.));
#5395=DIRECTION('',(-1.,0.,0.));
#5396=DIRECTION('',(0.,1.,0.));
#5397=DIRECTION('',(1.,0.,0.));
#5398=DIRECTION('',(0.,-1.,0.));
#5399=DIRECTION('',(1.,-9.91270557701033E-18,0.));
#5400=DIRECTION('center_axis',(0.,0.,-1.));
#5401=DIRECTION('ref_axis',(1.,0.,0.));
#5402=DIRECTION('',(0.,-1.,0.));
#5403=DIRECTION('center_axis',(0.,0.,-1.));
#5404=DIRECTION('ref_axis',(0.,-1.,0.));
#5405=DIRECTION('',(-1.,0.,0.));
#5406=DIRECTION('center_axis',(0.,0.,-1.));
#5407=DIRECTION('ref_axis',(-1.,0.,0.));
#5408=DIRECTION('',(-2.77555756156289E-16,1.,0.));
#5409=DIRECTION('center_axis',(0.,0.,-1.));
#5410=DIRECTION('ref_axis',(0.,1.,0.));
#5411=DIRECTION('center_axis',(0.,-1.,0.));
#5412=DIRECTION('ref_axis',(-0.707106781186546,0.,0.707106781186549));
#5413=DIRECTION('center_axis',(-0.707106781186549,0.707106781186546,0.));
#5414=DIRECTION('ref_axis',(-0.707106781186546,-0.707106781186549,0.));
#5415=DIRECTION('',(0.,-1.,0.));
#5416=DIRECTION('center_axis',(0.707106781186549,0.707106781186546,0.));
#5417=DIRECTION('ref_axis',(-0.707106781186546,0.707106781186549,0.));
#5418=DIRECTION('center_axis',(0.,1.,0.));
#5419=DIRECTION('ref_axis',(0.707106781186546,0.,0.707106781186549));
#5420=DIRECTION('',(0.,1.,0.));
#5421=DIRECTION('center_axis',(0.707106781186549,0.707106781186546,0.));
#5422=DIRECTION('ref_axis',(0.707106781186546,-0.707106781186549,0.));
#5423=DIRECTION('center_axis',(-0.707106781186549,0.707106781186546,0.));
#5424=DIRECTION('ref_axis',(-0.707106781186546,-0.707106781186549,0.));
#5425=DIRECTION('center_axis',(-1.,0.,0.));
#5426=DIRECTION('ref_axis',(0.,0.707106781186546,0.707106781186549));
#5427=DIRECTION('',(-1.,0.,0.));
#5428=DIRECTION('center_axis',(1.,0.,0.));
#5429=DIRECTION('ref_axis',(0.,-0.707106781186548,0.707106781186548));
#5430=DIRECTION('',(1.,0.,0.));
#5431=DIRECTION('center_axis',(0.,1.,0.));
#5432=DIRECTION('ref_axis',(1.,0.,0.));
#5433=DIRECTION('',(0.,0.,-1.));
#5434=DIRECTION('',(-1.,0.,0.));
#5435=DIRECTION('',(0.,0.,-1.));
#5436=DIRECTION('center_axis',(9.91270557701033E-18,1.,0.));
#5437=DIRECTION('ref_axis',(1.,-9.91270557701033E-18,0.));
#5438=DIRECTION('',(0.,0.,-1.));
#5439=DIRECTION('',(1.,-9.91270557701033E-18,0.));
#5440=DIRECTION('',(0.,0.,-1.));
#5441=DIRECTION('center_axis',(0.,0.,-1.));
#5442=DIRECTION('ref_axis',(0.,1.,0.));
#5443=DIRECTION('',(0.,0.,-1.));
#5444=DIRECTION('center_axis',(0.,0.,-1.));
#5445=DIRECTION('ref_axis',(0.,1.,0.));
#5446=DIRECTION('center_axis',(-1.,-2.77555756156289E-16,0.));
#5447=DIRECTION('ref_axis',(-2.77555756156289E-16,1.,0.));
#5448=DIRECTION('',(0.,0.,-1.));
#5449=DIRECTION('',(-2.77555756156289E-16,1.,0.));
#5450=DIRECTION('center_axis',(0.,0.,-1.));
#5451=DIRECTION('ref_axis',(-1.,0.,0.));
#5452=DIRECTION('',(0.,0.,-1.));
#5453=DIRECTION('center_axis',(0.,0.,-1.));
#5454=DIRECTION('ref_axis',(-1.,0.,0.));
#5455=DIRECTION('center_axis',(0.,-1.,0.));
#5456=DIRECTION('ref_axis',(-1.,0.,0.));
#5457=DIRECTION('',(0.,0.,-1.));
#5458=DIRECTION('',(-1.,0.,0.));
#5459=DIRECTION('center_axis',(0.,0.,-1.));
#5460=DIRECTION('ref_axis',(0.,-1.,0.));
#5461=DIRECTION('',(0.,0.,-1.));
#5462=DIRECTION('center_axis',(0.,0.,-1.));
#5463=DIRECTION('ref_axis',(0.,-1.,0.));
#5464=DIRECTION('center_axis',(1.,0.,0.));
#5465=DIRECTION('ref_axis',(0.,-1.,0.));
#5466=DIRECTION('',(0.,0.,-1.));
#5467=DIRECTION('',(0.,-1.,0.));
#5468=DIRECTION('center_axis',(0.,0.,-1.));
#5469=DIRECTION('ref_axis',(1.,0.,0.));
#5470=DIRECTION('center_axis',(0.,0.,-1.));
#5471=DIRECTION('ref_axis',(1.,0.,0.));
#5472=DIRECTION('center_axis',(0.,0.,1.));
#5473=DIRECTION('ref_axis',(-1.,0.,0.));
#5474=DIRECTION('center_axis',(0.,0.,1.));
#5475=DIRECTION('ref_axis',(-1.,0.,0.));
#5476=DIRECTION('',(0.,-1.,0.));
#5477=DIRECTION('center_axis',(0.,0.,1.));
#5478=DIRECTION('ref_axis',(0.,1.,0.));
#5479=DIRECTION('',(-1.,0.,0.));
#5480=DIRECTION('center_axis',(0.,0.,1.));
#5481=DIRECTION('ref_axis',(1.,0.,0.));
#5482=DIRECTION('',(0.,1.,0.));
#5483=DIRECTION('center_axis',(0.,0.,1.));
#5484=DIRECTION('ref_axis',(0.,-1.,0.));
#5485=DIRECTION('',(1.,0.,0.));
#5486=DIRECTION('center_axis',(0.,1.,0.));
#5487=DIRECTION('ref_axis',(1.,0.,0.));
#5488=DIRECTION('',(0.,0.,-1.));
#5489=DIRECTION('',(-1.,0.,0.));
#5490=DIRECTION('',(0.,0.,-1.));
#5491=DIRECTION('center_axis',(0.,0.,-1.));
#5492=DIRECTION('ref_axis',(0.,1.,0.));
#5493=DIRECTION('',(0.,0.,-1.));
#5494=DIRECTION('center_axis',(0.,0.,1.));
#5495=DIRECTION('ref_axis',(0.,1.,0.));
#5496=DIRECTION('center_axis',(-1.,0.,0.));
#5497=DIRECTION('ref_axis',(0.,1.,0.));
#5498=DIRECTION('',(0.,0.,-1.));
#5499=DIRECTION('',(0.,-1.,0.));
#5500=DIRECTION('center_axis',(0.,0.,-1.));
#5501=DIRECTION('ref_axis',(-1.,0.,0.));
#5502=DIRECTION('',(0.,0.,-1.));
#5503=DIRECTION('center_axis',(0.,0.,1.));
#5504=DIRECTION('ref_axis',(-1.,0.,0.));
#5505=DIRECTION('center_axis',(1.,0.,0.));
#5506=DIRECTION('ref_axis',(0.,-1.,0.));
#5507=DIRECTION('',(0.,1.,0.));
#5508=DIRECTION('',(0.,0.,-1.));
#5509=DIRECTION('center_axis',(-1.,0.,0.));
#5510=DIRECTION('ref_axis',(0.,1.,0.));
#5511=DIRECTION('',(0.,0.,-1.));
#5512=DIRECTION('',(0.,-1.,0.));
#5513=DIRECTION('center_axis',(0.,-1.,0.));
#5514=DIRECTION('ref_axis',(-1.,0.,0.));
#5515=DIRECTION('',(1.,0.,0.));
#5516=DIRECTION('center_axis',(0.,-1.,0.));
#5517=DIRECTION('ref_axis',(-1.,0.,0.));
#5518=DIRECTION('',(0.,0.,-1.));
#5519=DIRECTION('',(1.,0.,0.));
#5520=DIRECTION('center_axis',(0.,0.,-1.));
#5521=DIRECTION('ref_axis',(0.,-1.,0.));
#5522=DIRECTION('',(0.,0.,-1.));
#5523=DIRECTION('center_axis',(0.,0.,1.));
#5524=DIRECTION('ref_axis',(0.,-1.,0.));
#5525=DIRECTION('center_axis',(1.,0.,0.));
#5526=DIRECTION('ref_axis',(0.,-1.,0.));
#5527=DIRECTION('',(0.,0.,-1.));
#5528=DIRECTION('',(0.,1.,0.));
#5529=DIRECTION('center_axis',(0.,0.,-1.));
#5530=DIRECTION('ref_axis',(1.,0.,0.));
#5531=DIRECTION('center_axis',(0.,0.,1.));
#5532=DIRECTION('ref_axis',(1.,0.,0.));
#5533=DIRECTION('center_axis',(1.,0.,0.));
#5534=DIRECTION('ref_axis',(0.,0.,1.));
#5535=DIRECTION('',(0.,0.,-1.));
#5536=DIRECTION('',(0.,-1.,0.));
#5537=DIRECTION('center_axis',(0.,-1.,0.));
#5538=DIRECTION('ref_axis',(-0.0274349349098391,0.,0.999623591331504));
#5539=DIRECTION('center_axis',(-1.65336568236845E-15,1.,0.));
#5540=DIRECTION('ref_axis',(-1.,0.,0.));
#5541=DIRECTION('center_axis',(1.,0.,0.));
#5542=DIRECTION('ref_axis',(0.,1.,1.51394048812522E-15));
#5543=DIRECTION('center_axis',(-1.,1.0623587407848E-17,0.));
#5544=DIRECTION('ref_axis',(0.,1.,1.51394048812522E-15));
#5545=DIRECTION('',(1.,0.,0.));
#5546=DIRECTION('center_axis',(0.,0.,1.));
#5547=DIRECTION('ref_axis',(-4.07450347325014E-16,1.,0.));
#5548=DIRECTION('',(0.,0.,1.));
#5549=DIRECTION('center_axis',(0.,0.,1.));
#5550=DIRECTION('ref_axis',(-4.07450347325014E-16,1.,0.));
#5551=DIRECTION('',(0.,0.,1.));
#5552=DIRECTION('center_axis',(1.65336568236845E-15,-1.,0.));
#5553=DIRECTION('ref_axis',(1.,1.65336568236845E-15,0.));
#5554=DIRECTION('',(0.,0.,1.));
#5555=DIRECTION('',(-1.,-1.65336568236845E-15,0.));
#5556=DIRECTION('center_axis',(0.,0.,1.));
#5557=DIRECTION('ref_axis',(1.,-8.14900694650014E-16,0.));
#5558=DIRECTION('',(0.,0.,-1.));
#5559=DIRECTION('center_axis',(0.,0.,1.));
#5560=DIRECTION('ref_axis',(1.,-8.14900694650014E-16,0.));
#5561=DIRECTION('center_axis',(-1.,7.5863596815622E-14,0.));
#5562=DIRECTION('ref_axis',(-7.5863596815622E-14,-1.,0.));
#5563=DIRECTION('',(0.,0.,1.));
#5564=DIRECTION('',(7.5863596815622E-14,1.,0.));
#5565=DIRECTION('center_axis',(1.,0.,0.));
#5566=DIRECTION('ref_axis',(0.,1.,5.5511151231258E-15));
#5567=DIRECTION('center_axis',(-1.,1.0623587407848E-17,0.));
#5568=DIRECTION('ref_axis',(0.,1.,5.5511151231258E-15));
#5569=DIRECTION('',(1.,0.,0.));
#5570=DIRECTION('center_axis',(1.,-1.0623587407848E-17,0.));
#5571=DIRECTION('ref_axis',(1.0623587407848E-17,1.,0.));
#5572=DIRECTION('',(-1.0623587407848E-17,-1.,0.));
#5573=DIRECTION('',(0.,0.,1.));
#5574=DIRECTION('center_axis',(-1.,1.0623587407848E-17,0.));
#5575=DIRECTION('ref_axis',(0.,-7.40148683083442E-15,1.));
#5576=DIRECTION('',(0.,0.,-1.));
#5577=DIRECTION('center_axis',(-1.,1.0623587407848E-17,0.));
#5578=DIRECTION('ref_axis',(0.,-1.,-5.04646829375072E-16));
#5579=DIRECTION('',(1.0623587407848E-17,1.,7.93929790802743E-17));
#5580=DIRECTION('center_axis',(-1.,1.0623587407848E-17,0.));
#5581=DIRECTION('ref_axis',(0.,-2.01858731750029E-15,1.));
#5582=DIRECTION('',(0.,0.,-1.));
#5583=DIRECTION('center_axis',(0.,0.,1.));
#5584=DIRECTION('ref_axis',(7.25825952869615E-5,-0.999999997365883,0.));
#5585=DIRECTION('',(0.,0.,1.));
#5586=DIRECTION('center_axis',(-4.51718984662052E-11,-1.,0.));
#5587=DIRECTION('ref_axis',(1.,-4.51718984662052E-11,0.));
#5588=DIRECTION('',(0.,0.,1.));
#5589=DIRECTION('center_axis',(0.,0.,1.));
#5590=DIRECTION('ref_axis',(-1.,0.,0.));
#5591=DIRECTION('center_axis',(0.,0.,1.));
#5592=DIRECTION('ref_axis',(-1.,0.,0.));
#5593=DIRECTION('center_axis',(0.,0.,1.));
#5594=DIRECTION('ref_axis',(9.20688763136289E-5,-0.999999995761661,0.));
#5595=DIRECTION('',(1.,-1.50820092369862E-11,0.));
#5596=DIRECTION('center_axis',(0.,0.,1.));
#5597=DIRECTION('ref_axis',(-1.,0.,0.));
#5598=DIRECTION('center_axis',(0.,0.,1.));
#5599=DIRECTION('ref_axis',(-1.,0.,0.));
#5600=DIRECTION('',(0.,0.,1.));
#5601=DIRECTION('center_axis',(0.,0.,1.));
#5602=DIRECTION('ref_axis',(9.20688763136289E-5,-0.999999995761661,0.));
#5603=DIRECTION('',(0.,0.,1.));
#5604=DIRECTION('center_axis',(1.50820092369862E-11,1.,0.));
#5605=DIRECTION('ref_axis',(-1.,1.50820092369862E-11,0.));
#5606=DIRECTION('center_axis',(1.,0.,0.));
#5607=DIRECTION('ref_axis',(0.,-7.40148683083442E-15,1.));
#5608=DIRECTION('',(1.,0.,0.));
#5609=DIRECTION('center_axis',(0.,1.,0.));
#5610=DIRECTION('ref_axis',(0.,0.,1.));
#5611=DIRECTION('center_axis',(1.,0.,0.));
#5612=DIRECTION('ref_axis',(0.,-1.,-5.04646829375072E-16));
#5613=DIRECTION('',(1.,0.,0.));
#5614=DIRECTION('center_axis',(0.,1.,0.));
#5615=DIRECTION('ref_axis',(0.,0.,1.));
#5616=DIRECTION('',(1.,0.,0.));
#5617=DIRECTION('center_axis',(1.,0.,0.));
#5618=DIRECTION('ref_axis',(0.,-2.01858731750029E-15,1.));
#5619=DIRECTION('',(1.,0.,0.));
#5620=DIRECTION('center_axis',(0.,-7.93929790802743E-17,1.));
#5621=DIRECTION('ref_axis',(0.,-1.,-7.93929790802743E-17));
#5622=DIRECTION('center_axis',(0.,0.,1.));
#5623=DIRECTION('ref_axis',(0.,-1.,0.));
#5624=DIRECTION('center_axis',(0.,0.,1.));
#5625=DIRECTION('ref_axis',(0.,-1.,0.));
#5626=DIRECTION('',(0.,0.,1.));
#5627=DIRECTION('center_axis',(0.,0.,1.));
#5628=DIRECTION('ref_axis',(0.,-1.,0.));
#5629=DIRECTION('',(0.,0.,1.));
#5630=DIRECTION('center_axis',(0.,-1.,0.));
#5631=DIRECTION('ref_axis',(1.,0.,0.));
#5632=DIRECTION('',(1.,0.,0.));
#5633=DIRECTION('',(1.,0.,0.));
#5634=DIRECTION('',(0.,0.,1.));
#5635=DIRECTION('center_axis',(0.,0.,1.));
#5636=DIRECTION('ref_axis',(-1.,0.,0.));
#5637=DIRECTION('center_axis',(0.,0.,1.));
#5638=DIRECTION('ref_axis',(-1.,0.,0.));
#5639=DIRECTION('center_axis',(0.,0.,1.));
#5640=DIRECTION('ref_axis',(-1.,0.,0.));
#5641=DIRECTION('',(0.,0.,1.));
#5642=DIRECTION('center_axis',(-1.,-5.55111512312578E-16,0.));
#5643=DIRECTION('ref_axis',(5.55111512312578E-16,-1.,0.));
#5644=DIRECTION('',(5.55111512312578E-16,-1.,0.));
#5645=DIRECTION('',(5.55111512312578E-16,-1.,0.));
#5646=DIRECTION('',(0.,0.,1.));
#5647=DIRECTION('center_axis',(0.,0.,1.));
#5648=DIRECTION('ref_axis',(0.,1.,0.));
#5649=DIRECTION('center_axis',(0.,0.,1.));
#5650=DIRECTION('ref_axis',(0.,1.,0.));
#5651=DIRECTION('center_axis',(0.,0.,1.));
#5652=DIRECTION('ref_axis',(0.,1.,0.));
#5653=DIRECTION('',(0.,0.,1.));
#5654=DIRECTION('center_axis',(1.98254111540207E-17,1.,0.));
#5655=DIRECTION('ref_axis',(-1.,1.98254111540207E-17,0.));
#5656=DIRECTION('',(-1.,1.98254111540207E-17,0.));
#5657=DIRECTION('',(-1.,1.98254111540207E-17,0.));
#5658=DIRECTION('',(0.,0.,1.));
#5659=DIRECTION('center_axis',(0.,0.,1.));
#5660=DIRECTION('ref_axis',(1.,0.,0.));
#5661=DIRECTION('center_axis',(0.,0.,1.));
#5662=DIRECTION('ref_axis',(1.,0.,0.));
#5663=DIRECTION('center_axis',(0.,0.,1.));
#5664=DIRECTION('ref_axis',(1.,0.,0.));
#5665=DIRECTION('',(0.,0.,1.));
#5666=DIRECTION('center_axis',(1.,1.11022302462516E-15,0.));
#5667=DIRECTION('ref_axis',(-1.11022302462516E-15,1.,0.));
#5668=DIRECTION('',(-1.11022302462516E-15,1.,0.));
#5669=DIRECTION('',(-1.11022302462516E-15,1.,0.));
#5670=DIRECTION('center_axis',(0.,0.,1.));
#5671=DIRECTION('ref_axis',(-1.,0.,0.));
#5672=DIRECTION('center_axis',(0.,0.,1.));
#5673=DIRECTION('ref_axis',(-1.,0.,0.));
#5674=CARTESIAN_POINT('',(0.,0.,0.));
#5675=CARTESIAN_POINT('Origin',(-1.48729997459995,-27.6855878079601,2.02365804377364));
#5676=CARTESIAN_POINT('',(-1.98729997459995,-29.7424195714033,1.600050800102));
#5677=CARTESIAN_POINT('',(-1.48729997459995,-29.2284931527913,1.600050800102));
#5678=CARTESIAN_POINT('Ctrl Pts',(-1.98729997459995,-29.7424195714033,1.600050800102));
#5679=CARTESIAN_POINT('Ctrl Pts',(-1.98729997459995,-29.6788347774093,1.600050800102));
#5680=CARTESIAN_POINT('Ctrl Pts',(-1.97260738153901,-29.6039609823379,1.600050800102));
#5681=CARTESIAN_POINT('Ctrl Pts',(-1.92474088938772,-29.4865393036048,1.600050800102));
#5682=CARTESIAN_POINT('Ctrl Pts',(-1.88320327365218,-29.4230595203538,1.600050800102));
#5683=CARTESIAN_POINT('Ctrl Pts',(-1.79537414572952,-29.3334921917266,1.600050800102));
#5684=CARTESIAN_POINT('Ctrl Pts',(-1.73379323909986,-29.2912600529655,1.600050800102));
#5685=CARTESIAN_POINT('Ctrl Pts',(-1.62022166093242,-29.2431992772266,1.600050800102));
#5686=CARTESIAN_POINT('Ctrl Pts',(-1.54839622729076,-29.2284931527913,1.600050800102));
#5687=CARTESIAN_POINT('Ctrl Pts',(-1.48729997459995,-29.2284931527913,1.600050800102));
#5688=CARTESIAN_POINT('',(-1.48729997459995,-27.6855878079601,0.42365804377364));
#5689=CARTESIAN_POINT('Origin',(-1.48729997459995,-27.6855878079601,2.02365804377364));
#5690=CARTESIAN_POINT('',(-1.98729997459995,-27.6855878079601,-0.0763419562263598));
#5691=CARTESIAN_POINT('Origin',(-1.48729997459995,-27.6855878079601,-0.0763419562263598));
#5692=CARTESIAN_POINT('Origin',(-1.98729997459995,-27.6855878079601,2.02365804377364));
#5693=CARTESIAN_POINT('Origin',(-1.48729997459995,-15.2115467614855,-0.0763419562263445));
#5694=CARTESIAN_POINT('',(-1.48729997459995,-21.2561995710721,0.423658043773648));
#5695=CARTESIAN_POINT('',(-1.98729997459995,-21.2561995710721,-0.0763419562263518));
#5696=CARTESIAN_POINT('Origin',(-1.48729997459995,-21.2561995710721,-0.0763419562263518));
#5697=CARTESIAN_POINT('',(-1.98729997459995,-15.2115467614855,-0.0763419562263445));
#5698=CARTESIAN_POINT('',(-1.48729997459995,-15.2115467614855,0.423658043773655));
#5699=CARTESIAN_POINT('Origin',(-1.48729997459995,-21.2561995710721,2.02365804377364));
#5700=CARTESIAN_POINT('',(-1.48729997459995,-19.7132942262408,1.600050800102));
#5701=CARTESIAN_POINT('',(-1.98729997459995,-19.1993678076289,1.600050800102));
#5702=CARTESIAN_POINT('Ctrl Pts',(-1.48729997459995,-19.7132942262408,1.600050800102));
#5703=CARTESIAN_POINT('Ctrl Pts',(-1.54839622729076,-19.7132942262408,1.600050800102));
#5704=CARTESIAN_POINT('Ctrl Pts',(-1.62022166093242,-19.6985881018056,1.600050800102));
#5705=CARTESIAN_POINT('Ctrl Pts',(-1.73379323909986,-19.6505273260666,1.600050800102));
#5706=CARTESIAN_POINT('Ctrl Pts',(-1.79537414572952,-19.6082951873056,1.600050800102));
#5707=CARTESIAN_POINT('Ctrl Pts',(-1.88320327365218,-19.5187278586784,1.600050800102));
#5708=CARTESIAN_POINT('Ctrl Pts',(-1.92474088938772,-19.4552480754273,1.600050800102));
#5709=CARTESIAN_POINT('Ctrl Pts',(-1.97260738153901,-19.3378263966943,1.600050800102));
#5710=CARTESIAN_POINT('Ctrl Pts',(-1.98729997459995,-19.2629526016229,1.600050800102));
#5711=CARTESIAN_POINT('Ctrl Pts',(-1.98729997459995,-19.1993678076289,1.600050800102));
#5712=CARTESIAN_POINT('Origin',(-1.98729997459995,-21.2561995710721,2.02365804377364));
#5713=CARTESIAN_POINT('Origin',(-1.48729997459995,-21.2561995710721,2.02365804377364));
#5714=CARTESIAN_POINT('Origin',(-1.98729997459995,-2.737505715011,1.600050800102));
#5715=CARTESIAN_POINT('',(-1.98729997459995,-18.6081012335859,1.600050800102));
#5716=CARTESIAN_POINT('',(-1.98729997459995,-10.493771269653,1.600050800102));
#5717=CARTESIAN_POINT('',(-1.98729997459995,-16.1826634872822,-0.0633320215348292));
#5718=CARTESIAN_POINT('Origin',(-1.98729997459995,-16.1826634872822,2.53666797846517));
#5719=CARTESIAN_POINT('',(-1.98729997459995,-9.19071635614727,-0.0633320215348306));
#5720=CARTESIAN_POINT('',(-1.98729997459995,-9.46008460114659,-0.0633320215348306));
#5721=CARTESIAN_POINT('',(-1.98729997459995,-6.76527860984352,1.600050800102));
#5722=CARTESIAN_POINT('Origin',(-1.98729997459995,-9.19071635614727,2.53666797846517));
#5723=CARTESIAN_POINT('',(-1.98729997459995,-2.737505715011,1.600050800102));
#5724=CARTESIAN_POINT('',(-1.98729997459995,-10.493771269653,1.600050800102));
#5725=CARTESIAN_POINT('',(-1.98729997459995,-2.737505715011,-77.499959359919));
#5726=CARTESIAN_POINT('',(-1.98729997459995,-2.737505715011,1.600050800102));
#5727=CARTESIAN_POINT('',(-1.98729997459995,-33.76256794513,-77.499959359919));
#5728=CARTESIAN_POINT('',(-1.98729997459995,-10.493771269653,-77.499959359919));
#5729=CARTESIAN_POINT('',(-1.98729997459995,-33.76256794513,1.600050800102));
#5730=CARTESIAN_POINT('',(-1.98729997459995,-33.76256794513,1.600050800102));
#5731=CARTESIAN_POINT('',(-1.98729997459995,-10.493771269653,1.600050800102));
#5732=CARTESIAN_POINT('Origin',(18.2515110874927,-18.250036824295,1.600050800102));
#5733=CARTESIAN_POINT('',(-0.987299974599949,-19.7132942262408,1.600050800102));
#5734=CARTESIAN_POINT('',(-1.98729997459995,-19.7132942262408,1.600050800102));
#5735=CARTESIAN_POINT('',(-0.98729997459995,-20.8905740769852,1.600050800102));
#5736=CARTESIAN_POINT('',(-0.987299974599949,-21.3604652569055,1.600050800102));
#5737=CARTESIAN_POINT('',(0.0127000254000498,-20.8905740769852,1.600050800102));
#5738=CARTESIAN_POINT('',(-1.98729997459995,-20.8905740769852,1.600050800102));
#5739=CARTESIAN_POINT('',(0.0127000254000498,-16.7619523154541,1.600050800102));
#5740=CARTESIAN_POINT('',(0.0127000254000498,-26.0063023847125,1.600050800102));
#5741=CARTESIAN_POINT('',(-0.98729997459995,-16.7619523154541,1.600050800102));
#5742=CARTESIAN_POINT('',(-1.98729997459995,-16.7619523154541,1.600050800102));
#5743=CARTESIAN_POINT('',(-0.987299974599949,-18.062224143711,1.600050800102));
#5744=CARTESIAN_POINT('',(-0.987299974599949,-15.4683633730049,1.600050800102));
#5745=CARTESIAN_POINT('',(-1.48729997459995,-18.062224143711,1.600050800102));
#5746=CARTESIAN_POINT('',(-1.98729997459995,-18.062224143711,1.600050800102));
#5747=CARTESIAN_POINT('Ctrl Pts',(-1.98729997459995,-18.6081012335859,1.600050800102));
#5748=CARTESIAN_POINT('Ctrl Pts',(-1.98729997459995,-18.5399874703204,1.600050800102));
#5749=CARTESIAN_POINT('Ctrl Pts',(-1.97205440868602,-18.4596853485894,1.600050800102));
#5750=CARTESIAN_POINT('Ctrl Pts',(-1.92273160858482,-18.3342782643688,1.600050800102));
#5751=CARTESIAN_POINT('Ctrl Pts',(-1.88036316593596,-18.2664506999617,1.600050800102));
#5752=CARTESIAN_POINT('Ctrl Pts',(-1.79134983346885,-18.1717827687714,1.600050800102));
#5753=CARTESIAN_POINT('Ctrl Pts',(-1.72983069901723,-18.1272264351966,1.600050800102));
#5754=CARTESIAN_POINT('Ctrl Pts',(-1.61724048816682,-18.0774428424258,1.600050800102));
#5755=CARTESIAN_POINT('Ctrl Pts',(-1.54710574352908,-18.062224143711,1.600050800102));
#5756=CARTESIAN_POINT('Ctrl Pts',(-1.48729997459995,-18.062224143711,1.600050800102));
#5757=CARTESIAN_POINT('Origin',(-1.48729997459995,-16.1826634872822,2.53666797846517));
#5758=CARTESIAN_POINT('',(-1.48729997459995,-16.1826634872822,0.436667978465171));
#5759=CARTESIAN_POINT('Origin',(-1.48729997459995,-16.1826634872822,2.53666797846517));
#5760=CARTESIAN_POINT('Origin',(-1.48729997459995,-16.1826634872822,-0.0633320215348292));
#5761=CARTESIAN_POINT('Origin',(-1.48729997459995,-9.46008460114659,-0.0633320215348306));
#5762=CARTESIAN_POINT('',(-1.48729997459995,-9.19071635614727,0.436667978465169));
#5763=CARTESIAN_POINT('Origin',(-1.48729997459995,-9.19071635614727,-0.0633320215348306));
#5764=CARTESIAN_POINT('',(-1.48729997459995,-9.46008460114659,0.43666797846517));
#5765=CARTESIAN_POINT('Origin',(-1.48729997459995,-9.19071635614727,2.53666797846517));
#5766=CARTESIAN_POINT('',(-1.48729997459995,-7.31115569971848,1.600050800102));
#5767=CARTESIAN_POINT('Ctrl Pts',(-1.48729997459995,-7.31115569971848,1.600050800102));
#5768=CARTESIAN_POINT('Ctrl Pts',(-1.54710574352908,-7.31115569971848,1.600050800102));
#5769=CARTESIAN_POINT('Ctrl Pts',(-1.61724048816682,-7.29593700100363,1.600050800102));
#5770=CARTESIAN_POINT('Ctrl Pts',(-1.72983069901723,-7.24615340823281,1.600050800102));
#5771=CARTESIAN_POINT('Ctrl Pts',(-1.79134983346885,-7.20159707465808,1.600050800102));
#5772=CARTESIAN_POINT('Ctrl Pts',(-1.88036316593595,-7.10692914346777,1.600050800102));
#5773=CARTESIAN_POINT('Ctrl Pts',(-1.92273160858482,-7.03910157906066,1.600050800102));
#5774=CARTESIAN_POINT('Ctrl Pts',(-1.97205440868602,-6.91369449484001,1.600050800102));
#5775=CARTESIAN_POINT('Ctrl Pts',(-1.98729997459995,-6.83339237310908,1.600050800102));
#5776=CARTESIAN_POINT('Ctrl Pts',(-1.98729997459995,-6.76527860984352,1.600050800102));
#5777=CARTESIAN_POINT('Origin',(-1.48729997459995,-9.19071635614727,2.53666797846517));
#5778=CARTESIAN_POINT('Origin',(-1.98729997459995,-16.1826634872822,0.436667978465171));
#5779=CARTESIAN_POINT('',(-0.98729997459995,-16.1826634872822,0.436667978465171));
#5780=CARTESIAN_POINT('',(-1.98729997459995,-16.1826634872822,0.436667978465171));
#5781=CARTESIAN_POINT('',(-0.98729997459995,-9.19071635614727,0.436667978465169));
#5782=CARTESIAN_POINT('',(-0.98729997459995,-9.19071635614727,0.436667978465169));
#5783=CARTESIAN_POINT('',(-1.98729997459995,-9.19071635614727,0.436667978465169));
#5784=CARTESIAN_POINT('Origin',(-1.98729997459995,-16.1826634872822,2.53666797846517));
#5785=CARTESIAN_POINT('Origin',(-0.98729997459995,-16.1826634872822,2.53666797846517));
#5786=CARTESIAN_POINT('Origin',(-1.98729997459995,-9.19071635614727,2.53666797846517));
#5787=CARTESIAN_POINT('',(-0.987299974599949,-7.31115569971848,1.600050800102));
#5788=CARTESIAN_POINT('Origin',(-0.98729997459995,-9.19071635614727,2.53666797846517));
#5789=CARTESIAN_POINT('',(-1.98729997459995,-7.31115569971848,1.600050800102));
#5790=CARTESIAN_POINT('Origin',(-0.98729997459995,-12.6866899217147,3.16000015009195));
#5791=CARTESIAN_POINT('',(-0.98729997459995,-16.1826634872822,1.43515745367433));
#5792=CARTESIAN_POINT('Origin',(-0.98729997459995,-16.1826634872822,2.53515745367433));
#5793=CARTESIAN_POINT('',(-0.98729997459995,-9.19071635614727,1.43515745367433));
#5794=CARTESIAN_POINT('',(-0.98729997459995,-14.4346767044985,1.43515745367433));
#5795=CARTESIAN_POINT('',(-0.98729997459995,-8.61142752797537,1.600050800102));
#5796=CARTESIAN_POINT('Origin',(-0.98729997459995,-9.19071635614727,2.53515745367433));
#5797=CARTESIAN_POINT('',(-0.987299974599949,-15.4683633730049,1.600050800102));
#5798=CARTESIAN_POINT('Origin',(-1.98729997459995,-21.2561995710721,2.02365804377364));
#5799=CARTESIAN_POINT('',(-0.98729997459995,-21.2561995710721,0.423658043773648));
#5800=CARTESIAN_POINT('',(-1.98729997459995,-21.2561995710721,0.423658043773648));
#5801=CARTESIAN_POINT('Origin',(-0.98729997459995,-21.2561995710721,2.02365804377364));
#5802=CARTESIAN_POINT('Origin',(-1.98729997459995,-27.6855878079601,0.42365804377364));
#5803=CARTESIAN_POINT('',(-0.98729997459995,-27.6855878079601,0.42365804377364));
#5804=CARTESIAN_POINT('',(-1.98729997459995,-27.6855878079601,0.42365804377364));
#5805=CARTESIAN_POINT('',(-0.98729997459995,-21.2561995710721,0.423658043773648));
#5806=CARTESIAN_POINT('Origin',(-1.98729997459995,-27.6855878079601,2.02365804377364));
#5807=CARTESIAN_POINT('',(-0.987299974599949,-29.2284931527913,1.600050800102));
#5808=CARTESIAN_POINT('',(-1.98729997459995,-29.2284931527913,1.600050800102));
#5809=CARTESIAN_POINT('Origin',(-0.98729997459995,-27.6855878079601,2.02365804377364));
#5810=CARTESIAN_POINT('Origin',(-0.98729997459995,-24.4708936895161,2.7815531700973));
#5811=CARTESIAN_POINT('',(-0.98729997459995,-28.051213302047,1.600050800102));
#5812=CARTESIAN_POINT('',(-0.987299974599949,-21.3604652569055,1.600050800102));
#5813=CARTESIAN_POINT('',(-0.98729997459995,-27.7855878079601,1.52365804377364));
#5814=CARTESIAN_POINT('Origin',(-0.98729997459995,-27.7855878079601,2.02365804377364));
#5815=CARTESIAN_POINT('',(-0.98729997459995,-21.1561995710721,1.52365804377364));
#5816=CARTESIAN_POINT('',(-0.98729997459995,-26.1282407487381,1.52365804377364));
#5817=CARTESIAN_POINT('Origin',(-0.98729997459995,-21.1561995710721,2.02365804377364));
#5818=CARTESIAN_POINT('Origin',(18.2515110874927,-18.250036824295,1.600050800102));
#5819=CARTESIAN_POINT('',(2.73715586421983,-38.4873736217885,1.600050800102));
#5820=CARTESIAN_POINT('Origin',(2.737505715011,-33.76256794513,1.600050800102));
#5821=CARTESIAN_POINT('',(33.7629108837952,-38.48737362319,1.600050800102));
#5822=CARTESIAN_POINT('',(10.4943334753992,-38.4873736221389,1.600050800102));
#5823=CARTESIAN_POINT('',(38.4873736356417,-33.76256794513,1.600050800102));
#5824=CARTESIAN_POINT('Origin',(33.762567945136,-33.76256794513,1.600050800102));
#5825=CARTESIAN_POINT('',(38.487373634747,-2.73750571501115,1.600050800102));
#5826=CARTESIAN_POINT('',(38.4873736347452,-26.0063023847133,1.600050800102));
#5827=CARTESIAN_POINT('',(33.762567945136,1.9872999746,1.600050800102));
#5828=CARTESIAN_POINT('Origin',(33.762567945136,-2.737505715011,1.600050800102));
#5829=CARTESIAN_POINT('',(2.73750571501099,1.98729997459995,1.600050800102));
#5830=CARTESIAN_POINT('',(26.0070395163143,1.98729997459999,1.600050800102));
#5831=CARTESIAN_POINT('Origin',(2.737505715011,-2.737505715011,1.600050800102));
#5832=CARTESIAN_POINT('',(0.0127000254000498,-8.61142752797537,1.600050800102));
#5833=CARTESIAN_POINT('',(-1.98729997459995,-8.61142752797537,1.600050800102));
#5834=CARTESIAN_POINT('',(0.0127000254000503,-2.737505715011,1.600050800102));
#5835=CARTESIAN_POINT('',(0.0127000254000498,-26.0063023847125,1.600050800102));
#5836=CARTESIAN_POINT('',(2.737505715011,-0.0127000254000498,1.600050800102));
#5837=CARTESIAN_POINT('Origin',(2.737505715011,-2.737505715011,1.600050800102));
#5838=CARTESIAN_POINT('',(33.762567945136,-0.0127000253999987,1.600050800102));
#5839=CARTESIAN_POINT('',(10.4945084012518,-0.0127000254000365,1.600050800102));
#5840=CARTESIAN_POINT('',(36.487373634747,-2.737505715011,1.600050800102));
#5841=CARTESIAN_POINT('Origin',(33.762567945136,-2.737505715011,1.600050800102));
#5842=CARTESIAN_POINT('',(36.4873736347446,-33.76256794513,1.600050800102));
#5843=CARTESIAN_POINT('',(36.4873736347464,-10.4937712696537,1.600050800102));
#5844=CARTESIAN_POINT('',(33.762818814934,-36.48737362319,1.600050800102));
#5845=CARTESIAN_POINT('Origin',(33.762567945136,-33.76256794513,1.600050800102));
#5846=CARTESIAN_POINT('',(2.737249788806,-36.4873736227221,1.600050800102));
#5847=CARTESIAN_POINT('',(26.0071649510758,-36.487373623073,1.600050800102));
#5848=CARTESIAN_POINT('',(0.0127000254000498,-33.76256794513,1.600050800102));
#5849=CARTESIAN_POINT('Origin',(2.737505715011,-33.76256794513,1.600050800102));
#5850=CARTESIAN_POINT('',(0.0127000254000497,-28.051213302047,1.600050800102));
#5851=CARTESIAN_POINT('',(0.0127000254000498,-26.0063023847125,1.600050800102));
#5852=CARTESIAN_POINT('',(-1.98729997459995,-28.051213302047,1.600050800102));
#5853=CARTESIAN_POINT('Origin',(24.6046640684743,-35.6873736229765,0.));
#5854=CARTESIAN_POINT('',(24.6046640684743,-35.6873736229765,0.));
#5855=CARTESIAN_POINT('',(24.6046640684743,-36.4873736230519,0.));
#5856=CARTESIAN_POINT('',(24.6046640684743,-35.6873736229765,0.));
#5857=CARTESIAN_POINT('',(24.6046640684743,-36.4873736230519,-2.));
#5858=CARTESIAN_POINT('',(24.6046640684743,-36.4873736230519,0.800025400051));
#5859=CARTESIAN_POINT('',(24.6046640684743,-35.6873736229765,-2.));
#5860=CARTESIAN_POINT('',(24.6046640684743,-35.6873736229765,-2.));
#5861=CARTESIAN_POINT('',(24.6046640684743,-35.6873736229765,0.));
#5862=CARTESIAN_POINT('Origin',(19.6046640684743,-35.6873736229765,0.));
#5863=CARTESIAN_POINT('',(19.6046640684743,-35.6873736229765,0.));
#5864=CARTESIAN_POINT('',(19.6046640684743,-35.6873736229765,0.));
#5865=CARTESIAN_POINT('',(19.6046640684743,-35.6873736229765,-2.));
#5866=CARTESIAN_POINT('',(19.6046640684743,-35.6873736229765,-2.));
#5867=CARTESIAN_POINT('',(19.6046640684743,-35.6873736229765,0.));
#5868=CARTESIAN_POINT('Origin',(19.6046640684743,-36.4873736229916,0.));
#5869=CARTESIAN_POINT('',(19.6046640684743,-36.4873736229916,0.));
#5870=CARTESIAN_POINT('',(19.6046640684743,-36.4873736229916,0.));
#5871=CARTESIAN_POINT('',(19.6046640684743,-36.4873736229916,-2.));
#5872=CARTESIAN_POINT('',(19.6046640684743,-36.4873736229916,-2.));
#5873=CARTESIAN_POINT('',(19.6046640684743,-36.4873736229765,0.800025400051));
#5874=CARTESIAN_POINT('Origin',(22.1046640684743,-36.0873736230142,0.));
#5875=CARTESIAN_POINT('',(27.9337414417011,-36.4873736231021,0.));
#5876=CARTESIAN_POINT('Origin',(22.1046640684743,-36.0873736230142,-2.));
#5877=CARTESIAN_POINT('',(27.9337414417011,-36.4873736231021,-2.));
#5878=CARTESIAN_POINT('Origin',(24.6046640684742,-0.0127000254000498,0.));
#5879=CARTESIAN_POINT('',(24.6046640684742,-0.0127000254000138,0.));
#5880=CARTESIAN_POINT('',(24.6046640684742,-0.81270002540005,0.));
#5881=CARTESIAN_POINT('',(24.6046640684742,-0.0127000254000498,0.));
#5882=CARTESIAN_POINT('',(24.6046640684742,-0.81270002540005,-2.));
#5883=CARTESIAN_POINT('',(24.6046640684742,-0.81270002540005,0.));
#5884=CARTESIAN_POINT('',(24.6046640684742,-0.0127000254000138,-2.));
#5885=CARTESIAN_POINT('',(24.6046640684742,-0.0127000254000498,-2.));
#5886=CARTESIAN_POINT('',(24.6046640684742,-0.0127000254000138,0.800025400051));
#5887=CARTESIAN_POINT('Origin',(19.6046640684742,-0.81270002540005,0.));
#5888=CARTESIAN_POINT('',(19.6046640684742,-0.81270002540005,0.));
#5889=CARTESIAN_POINT('',(19.6046640684742,-0.012700025400022,0.));
#5890=CARTESIAN_POINT('',(19.6046640684742,-0.81270002540005,0.));
#5891=CARTESIAN_POINT('',(19.6046640684742,-0.012700025400022,-2.));
#5892=CARTESIAN_POINT('',(19.6046640684742,-0.0127000254000221,0.800025400051));
#5893=CARTESIAN_POINT('',(19.6046640684742,-0.81270002540005,-2.));
#5894=CARTESIAN_POINT('',(19.6046640684742,-0.81270002540005,-2.));
#5895=CARTESIAN_POINT('',(19.6046640684742,-0.81270002540005,0.));
#5896=CARTESIAN_POINT('Origin',(24.6046640684742,-0.81270002540005,0.));
#5897=CARTESIAN_POINT('',(24.6046640684742,-0.81270002540005,0.));
#5898=CARTESIAN_POINT('',(24.6046640684742,-0.81270002540005,-2.));
#5899=CARTESIAN_POINT('Origin',(22.1046640684742,-0.412700025400032,0.));
#5900=CARTESIAN_POINT('',(12.4210848917426,-0.012700025400034,0.));
#5901=CARTESIAN_POINT('Origin',(22.1046640684742,-0.412700025400032,-2.));
#5902=CARTESIAN_POINT('',(12.4210848917426,-0.012700025400034,-2.));
#5903=CARTESIAN_POINT('Ctrl Pts',(37.4873736347446,-33.0034634709609,-16.7347385375381));
#5904=CARTESIAN_POINT('Ctrl Pts',(37.4873736347446,-33.3340068072762,-17.1201900675664));
#5905=CARTESIAN_POINT('Ctrl Pts',(37.3397473415367,-33.964119124176,-18.1329170872459));
#5906=CARTESIAN_POINT('Ctrl Pts',(37.1955074826445,-34.2079411001151,-19.3125540964257));
#5907=CARTESIAN_POINT('Ctrl Pts',(37.1955074826445,-34.2079411001151,-19.9895826094423));
#5908=CARTESIAN_POINT('Ctrl Pts',(37.1881743344028,-33.0034634709609,-16.7347385375381));
#5909=CARTESIAN_POINT('Ctrl Pts',(37.2039054895129,-33.3207170264844,-17.1037179664727));
#5910=CARTESIAN_POINT('Ctrl Pts',(37.0979777940449,-33.9523702028826,-18.0976101646849));
#5911=CARTESIAN_POINT('Ctrl Pts',(36.9722136814705,-34.2079411001151,-19.2999453986522));
#5912=CARTESIAN_POINT('Ctrl Pts',(36.9722136814705,-34.2079411001151,-19.9895826094423));
#5913=CARTESIAN_POINT('Ctrl Pts',(36.6703206006541,-33.1941896901974,-16.5711815766289));
#5914=CARTESIAN_POINT('Ctrl Pts',(36.7110930880097,-33.483606509776,-16.9510447045747));
#5915=CARTESIAN_POINT('Ctrl Pts',(36.6750874015813,-34.0877553864869,-17.9872508423909));
#5916=CARTESIAN_POINT('Ctrl Pts',(36.5827847201819,-34.3440081212772,-19.259167841848));
#5917=CARTESIAN_POINT('Ctrl Pts',(36.5827847201819,-34.3440081212772,-19.9895826094423));
#5918=CARTESIAN_POINT('Ctrl Pts',(36.4873736347446,-33.5922252994617,-16.2298467835127));
#5919=CARTESIAN_POINT('Ctrl Pts',(36.5056846421624,-33.8761872760146,-16.6676726799415));
#5920=CARTESIAN_POINT('Ctrl Pts',(36.4344684712084,-34.4381895915105,-17.8293209092563));
#5921=CARTESIAN_POINT('Ctrl Pts',(36.3388500744496,-34.6655534127468,-19.2017344362846));
#5922=CARTESIAN_POINT('Ctrl Pts',(36.3388500744496,-34.6655534127468,-19.9895826094423));
#5923=CARTESIAN_POINT('Ctrl Pts',(36.4873736347446,-33.76256794513,-16.0837697231573));
#5924=CARTESIAN_POINT('Ctrl Pts',(36.4873736347446,-34.0527306344645,-16.5463115591913));
#5925=CARTESIAN_POINT('Ctrl Pts',(36.3793806286152,-34.6058656227311,-17.7615839828067));
#5926=CARTESIAN_POINT('Ctrl Pts',(36.273864899493,-34.8199012195336,-19.1771483938224));
#5927=CARTESIAN_POINT('Ctrl Pts',(36.273864899493,-34.8199012195336,-19.9895826094423));
#5928=CARTESIAN_POINT('',(36.273864899493,-34.8199012195336,-19.9895826094423));
#5929=CARTESIAN_POINT('',(37.1955074836178,-34.2079411001151,-19.9895826094423));
#5930=CARTESIAN_POINT('Origin',(37.1955074826445,-35.2079411001151,-19.9895826094423));
#5931=CARTESIAN_POINT('',(36.4873736347446,-33.76256794513,-16.0837697231573));
#5932=CARTESIAN_POINT('Ctrl Pts',(36.273864899493,-34.8199012195336,-19.9895826094423));
#5933=CARTESIAN_POINT('Ctrl Pts',(36.273864899493,-34.8199012195336,-19.1771483938224));
#5934=CARTESIAN_POINT('Ctrl Pts',(36.3793806286152,-34.6058656227311,-17.7615839828067));
#5935=CARTESIAN_POINT('Ctrl Pts',(36.4873736347446,-34.0527306344645,-16.5463115591913));
#5936=CARTESIAN_POINT('Ctrl Pts',(36.4873736347446,-33.76256794513,-16.0837697231573));
#5937=CARTESIAN_POINT('',(37.4873736356417,-33.0034634709609,-16.7347385375381));
#5938=CARTESIAN_POINT('Origin',(37.4873736347446,-33.76256794513,-16.0837697231573));
#5939=CARTESIAN_POINT('Ctrl Pts',(37.1955074836178,-34.2079411001151,-19.9895826094423));
#5940=CARTESIAN_POINT('Ctrl Pts',(37.1955074836178,-34.2079411001151,-19.3125540967821));
#5941=CARTESIAN_POINT('Ctrl Pts',(37.3397396220384,-33.9641222112632,-18.1329175376517));
#5942=CARTESIAN_POINT('Ctrl Pts',(37.4873736356417,-33.3340068071022,-17.1201900673635));
#5943=CARTESIAN_POINT('Ctrl Pts',(37.4873736356417,-33.0034634709609,-16.7347385375381));
#5944=CARTESIAN_POINT('Ctrl Pts',(37.1588319976232,-2.20794110011515,-19.9895826094423));
#5945=CARTESIAN_POINT('Ctrl Pts',(37.1588319976232,-2.20794110011515,-19.4662707074486));
#5946=CARTESIAN_POINT('Ctrl Pts',(37.2752392480696,-2.40131651952591,-18.2488926676034));
#5947=CARTESIAN_POINT('Ctrl Pts',(37.487373634747,-3.01719113412609,-17.1745393287141));
#5948=CARTESIAN_POINT('Ctrl Pts',(37.487373634747,-3.48257827919503,-16.6546655411322));
#5949=CARTESIAN_POINT('Ctrl Pts',(36.940234397402,-2.20794110011515,-19.9895826094423));
#5950=CARTESIAN_POINT('Ctrl Pts',(36.940234397402,-2.20794110011515,-19.4560524665406));
#5951=CARTESIAN_POINT('Ctrl Pts',(37.0425731038745,-2.40972808879221,-18.2137211811084));
#5952=CARTESIAN_POINT('Ctrl Pts',(37.2099135370286,-3.03687818980172,-17.1512327483799));
#5953=CARTESIAN_POINT('Ctrl Pts',(37.1881743344051,-3.48257827919503,-16.6546655411322));
#5954=CARTESIAN_POINT('Ctrl Pts',(36.5588764298073,-2.07775489630409,-19.9895826094423));
#5955=CARTESIAN_POINT('Ctrl Pts',(36.5588764298073,-2.07775489630409,-19.4243424166931));
#5956=CARTESIAN_POINT('Ctrl Pts',(36.6360968874483,-2.27886366575253,-18.1087826520494));
#5957=CARTESIAN_POINT('Ctrl Pts',(36.7266090206571,-2.88943368104202,-16.997771699873));
#5958=CARTESIAN_POINT('Ctrl Pts',(36.67026469261,-3.29541231693529,-16.4871159648489));
#5959=CARTESIAN_POINT('Ctrl Pts',(36.3143598428446,-1.76807125654417,-19.9895826094423));
#5960=CARTESIAN_POINT('Ctrl Pts',(36.3143598428446,-1.76807125654417,-19.3804144697076));
#5961=CARTESIAN_POINT('Ctrl Pts',(36.3927197600479,-1.94774691932275,-17.9631650935048));
#5962=CARTESIAN_POINT('Ctrl Pts',(36.512677987651,-2.50534465550742,-16.7273654045681));
#5963=CARTESIAN_POINT('Ctrl Pts',(36.487373634747,-2.90469960744185,-16.1373528555007));
#5964=CARTESIAN_POINT('Ctrl Pts',(36.2470356958833,-1.61858389395592,-19.9895826094423));
#5965=CARTESIAN_POINT('Ctrl Pts',(36.2470356958833,-1.61858389395592,-19.3616083270499));
#5966=CARTESIAN_POINT('Ctrl Pts',(36.3321910475336,-1.78833571038306,-17.9007546792356));
#5967=CARTESIAN_POINT('Ctrl Pts',(36.487373634747,-2.32897233751131,-16.6115306725685));
#5968=CARTESIAN_POINT('Ctrl Pts',(36.487373634747,-2.737505715011,-15.9876821274702));
#5969=CARTESIAN_POINT('',(36.487373634747,-2.737505715011,-15.9876821274701));
#5970=CARTESIAN_POINT('',(37.4873736347449,-3.48257827919509,-16.6546655411321));
#5971=CARTESIAN_POINT('Origin',(37.4873736347473,-2.73750571501108,-15.9876821274701));
#5972=CARTESIAN_POINT('',(36.2470356958833,-1.61858389395592,-19.9895826094423));
#5973=CARTESIAN_POINT('Ctrl Pts',(36.487373634747,-2.737505715011,-15.9876821274702));
#5974=CARTESIAN_POINT('Ctrl Pts',(36.487373634747,-2.32897233751131,-16.6115306725685));
#5975=CARTESIAN_POINT('Ctrl Pts',(36.3321910475336,-1.78833571038306,-17.9007546792356));
#5976=CARTESIAN_POINT('Ctrl Pts',(36.2470356958833,-1.61858389395592,-19.3616083270499));
#5977=CARTESIAN_POINT('Ctrl Pts',(36.2470356958833,-1.61858389395592,-19.9895826094423));
#5978=CARTESIAN_POINT('',(37.1588319976232,-2.20794110011515,-19.9895826094423));
#5979=CARTESIAN_POINT('Origin',(37.1588319976232,-1.20794110011515,-19.9895826094423));
#5980=CARTESIAN_POINT('Ctrl Pts',(37.487373634747,-3.4825782791951,-16.6546655411321));
#5981=CARTESIAN_POINT('Ctrl Pts',(37.487373634747,-3.01718206346608,-17.1745494613498));
#5982=CARTESIAN_POINT('Ctrl Pts',(37.2751996417318,-2.4012825161505,-18.2490039644695));
#5983=CARTESIAN_POINT('Ctrl Pts',(37.1588319976232,-2.20794110011515,-19.4662605078021));
#5984=CARTESIAN_POINT('Ctrl Pts',(37.1588319976232,-2.20794110011515,-19.9895826094423));
#5985=CARTESIAN_POINT('Origin',(18.2500368305209,-18.250036824295,-78.499959359919));
#5986=CARTESIAN_POINT('',(19.6046640684743,-37.4873736229765,-78.499959359919));
#5987=CARTESIAN_POINT('',(19.6046640684742,0.987299974599978,-78.499959359919));
#5988=CARTESIAN_POINT('',(19.6046640684743,-28.3687052233921,-78.499959359919));
#5989=CARTESIAN_POINT('',(2.737155864265,-37.4873736217885,-78.499959359919));
#5990=CARTESIAN_POINT('',(10.4935963469584,-37.4873736221389,-78.499959359919));
#5991=CARTESIAN_POINT('',(-0.987299974599951,-33.76256794513,-78.499959359919));
#5992=CARTESIAN_POINT('Origin',(2.737505715011,-33.76256794513,-78.499959359919));
#5993=CARTESIAN_POINT('',(-0.98729997459995,-2.737505715011,-78.499959359919));
#5994=CARTESIAN_POINT('',(-0.98729997459995,-10.493771269653,-78.499959359919));
#5995=CARTESIAN_POINT('',(2.737505715011,0.98729997459995,-78.499959359919));
#5996=CARTESIAN_POINT('Origin',(2.737505715011,-2.737505715011,-78.499959359919));
#5997=CARTESIAN_POINT('',(26.0063023878284,0.987299974599989,-78.499959359919));
#5998=CARTESIAN_POINT('Origin',(19.6046640684743,-28.3687052233921,-77.499959359919));
#5999=CARTESIAN_POINT('',(20.6046640684742,-0.0127000254000209,-77.499959359919));
#6000=CARTESIAN_POINT('Origin',(19.6046640684742,0.987299974599978,-77.499959359919));
#6001=CARTESIAN_POINT('',(20.6046640684743,-36.4873736229916,-77.499959359919));
#6002=CARTESIAN_POINT('',(20.6046640684743,-28.3687052233921,-77.499959359919));
#6003=CARTESIAN_POINT('Origin',(19.6046640684743,-37.4873736229765,-77.499959359919));
#6004=CARTESIAN_POINT('Origin',(37.1955074836178,-35.2079411001151,1.600050800102));
#6005=CARTESIAN_POINT('',(38.1171500668087,-35.5959809806032,-77.499959359919));
#6006=CARTESIAN_POINT('',(36.2738648996002,-34.819901219279,-77.499959359919));
#6007=CARTESIAN_POINT('Origin',(37.1955074826445,-35.2079411001151,-77.499959359919));
#6008=CARTESIAN_POINT('',(36.273864899493,-34.8199012195336,1.600050800102));
#6009=CARTESIAN_POINT('',(38.1171500668087,-35.5959809806032,-19.9895826094423));
#6010=CARTESIAN_POINT('Origin',(37.1955074836178,-35.2079411001151,-19.9895826094423));
#6011=CARTESIAN_POINT('',(38.1171500668087,-35.5959809806032,1.600050800102));
#6012=CARTESIAN_POINT('Ctrl Pts',(37.1955074836178,-34.2079411001151,-19.9895826094423));
#6013=CARTESIAN_POINT('Ctrl Pts',(37.1955074836178,-34.2079411001151,-19.3125540967821));
#6014=CARTESIAN_POINT('Ctrl Pts',(37.3397396220384,-33.9641222112632,-18.1329175376517));
#6015=CARTESIAN_POINT('Ctrl Pts',(37.4873736356417,-33.3340068071022,-17.1201900673635));
#6016=CARTESIAN_POINT('Ctrl Pts',(37.4873736356417,-33.0034634709609,-16.7347385375381));
#6017=CARTESIAN_POINT('Ctrl Pts',(37.383059883363,-34.2079411001151,-19.9895826094423));
#6018=CARTESIAN_POINT('Ctrl Pts',(37.383059883363,-34.2079411001151,-19.3232992271831));
#6019=CARTESIAN_POINT('Ctrl Pts',(37.5146042449269,-33.9739773781975,-18.1576836138966));
#6020=CARTESIAN_POINT('Ctrl Pts',(37.6446843380309,-33.3407286754427,-17.1280712123897));
#6021=CARTESIAN_POINT('Ctrl Pts',(37.6369732858126,-33.0034634709609,-16.7347385375381));
#6022=CARTESIAN_POINT('Ctrl Pts',(37.75690649253,-34.3163711124942,-19.9895826094423));
#6023=CARTESIAN_POINT('Ctrl Pts',(37.75690649253,-34.3163711124942,-19.3299251326439));
#6024=CARTESIAN_POINT('Ctrl Pts',(37.8634297300528,-34.08322310913,-18.1682714612827));
#6025=CARTESIAN_POINT('Ctrl Pts',(37.9587435213179,-33.4161429010696,-17.0998591024576));
#6026=CARTESIAN_POINT('Ctrl Pts',(37.9356986770276,-33.0554155620931,-16.6901871057923));
#6027=CARTESIAN_POINT('Ctrl Pts',(38.2124325214424,-34.826750301821,-19.9895826094423));
#6028=CARTESIAN_POINT('Ctrl Pts',(38.2124325214424,-34.826750301821,-19.2867770526916));
#6029=CARTESIAN_POINT('Ctrl Pts',(38.3115285507397,-34.5355063216857,-18.0481763977784));
#6030=CARTESIAN_POINT('Ctrl Pts',(38.3904046630042,-33.7359610157069,-16.9087322247875));
#6031=CARTESIAN_POINT('Ctrl Pts',(38.3561763593954,-33.3093895711645,-16.4723921049793));
#6032=CARTESIAN_POINT('Ctrl Pts',(38.2263167829823,-35.336696563326,-19.9895826094423));
#6033=CARTESIAN_POINT('Ctrl Pts',(38.2263167829823,-35.336696563326,-19.2186029946749));
#6034=CARTESIAN_POINT('Ctrl Pts',(38.371909156704,-34.9852975400917,-17.8697300494296));
#6035=CARTESIAN_POINT('Ctrl Pts',(38.5057654185339,-34.0718158012385,-16.6826315626942));
#6036=CARTESIAN_POINT('Ctrl Pts',(38.4873736356417,-33.5922252994617,-16.2298467835127));
#6037=CARTESIAN_POINT('Ctrl Pts',(38.1171500668087,-35.5959809806032,-19.9895826094423));
#6038=CARTESIAN_POINT('Ctrl Pts',(38.1171500668087,-35.5959809806032,-19.1771483942501));
#6039=CARTESIAN_POINT('Ctrl Pts',(38.3001042622719,-35.2248485342251,-17.7615845232936));
#6040=CARTESIAN_POINT('Ctrl Pts',(38.4873736356417,-34.2657092626618,-16.5463115589476));
#6041=CARTESIAN_POINT('Ctrl Pts',(38.4873736356417,-33.76256794513,-16.0837697231573));
#6042=CARTESIAN_POINT('',(38.4873736356417,-33.76256794513,-16.0837697231573));
#6043=CARTESIAN_POINT('Origin',(37.4873736356417,-33.76256794513,-16.0837697231573));
#6044=CARTESIAN_POINT('Ctrl Pts',(38.4873736356417,-33.76256794513,-16.0837697231573));
#6045=CARTESIAN_POINT('Ctrl Pts',(38.4873736356417,-34.2657092626618,-16.5463115589476));
#6046=CARTESIAN_POINT('Ctrl Pts',(38.3001042622719,-35.2248485342251,-17.7615845232936));
#6047=CARTESIAN_POINT('Ctrl Pts',(38.1171500668087,-35.5959809806032,-19.1771483942501));
#6048=CARTESIAN_POINT('Ctrl Pts',(38.1171500668087,-35.5959809806032,-19.9895826094423));
#6049=CARTESIAN_POINT('Origin',(37.4873736347446,-29.2079411001152,-19.9895826094423));
#6050=CARTESIAN_POINT('',(36.487373634745,-29.2079411001151,-13.9895826094423));
#6051=CARTESIAN_POINT('',(38.487373634745,-29.2079411001152,-13.9895826094423));
#6052=CARTESIAN_POINT('Origin',(37.487373634747,-29.2079411001152,-13.9895826094423));
#6053=CARTESIAN_POINT('Origin',(38.487373634745,-29.2079411001152,-19.9895826094423));
#6054=CARTESIAN_POINT('Origin',(36.487373634745,-29.2079411001151,-19.9895826094423));
#6055=CARTESIAN_POINT('Origin',(37.4873736347448,-31.4852545226225,-13.9895826094423));
#6056=CARTESIAN_POINT('',(36.4873736347467,-7.20794110011508,-13.9895826094423));
#6057=CARTESIAN_POINT('',(38.4873736347467,-7.20794110011523,-13.9895826094423));
#6058=CARTESIAN_POINT('Origin',(37.4873736347467,-7.20794110011515,-13.9895826094423));
#6059=CARTESIAN_POINT('',(38.4873736347448,-31.4852545226226,-13.9895826094423));
#6060=CARTESIAN_POINT('',(36.487373634746,-15.972723407563,-13.9895826094423));
#6061=CARTESIAN_POINT('Origin',(37.4873736347446,-7.20794110011515,-19.9895826094423));
#6062=CARTESIAN_POINT('',(38.487373634747,-2.73750571501115,-15.9876821274701));
#6063=CARTESIAN_POINT('Origin',(37.487373634745,-2.73750571501107,-15.9876821274701));
#6064=CARTESIAN_POINT('Origin',(38.4873736347467,-7.20794110011522,-19.9895826094423));
#6065=CARTESIAN_POINT('Origin',(36.4873736347467,-7.20794110011507,-19.9895826094423));
#6066=CARTESIAN_POINT('Ctrl Pts',(37.487373634747,-3.4825782791951,-16.6546655411321));
#6067=CARTESIAN_POINT('Ctrl Pts',(37.487373634747,-3.01718206346608,-17.1745494613498));
#6068=CARTESIAN_POINT('Ctrl Pts',(37.2751996417318,-2.4012825161505,-18.2490039644695));
#6069=CARTESIAN_POINT('Ctrl Pts',(37.1588319976232,-2.20794110011515,-19.4662605078021));
#6070=CARTESIAN_POINT('Ctrl Pts',(37.1588319976232,-2.20794110011515,-19.9895826094423));
#6071=CARTESIAN_POINT('Ctrl Pts',(37.6369732849179,-3.4825782791951,-16.6546655411321));
#6072=CARTESIAN_POINT('Ctrl Pts',(37.6476295522304,-3.00724314979769,-17.1857095610896));
#6073=CARTESIAN_POINT('Ctrl Pts',(37.4542028499396,-2.39258782247724,-18.276533012312));
#6074=CARTESIAN_POINT('Ctrl Pts',(37.3487324978545,-2.20794110011515,-19.4752547083305));
#6075=CARTESIAN_POINT('Ctrl Pts',(37.3487324978545,-2.20794110011515,-19.9895826094423));
#6076=CARTESIAN_POINT('Ctrl Pts',(37.935714752391,-3.43159562536287,-16.6090262489005));
#6077=CARTESIAN_POINT('Ctrl Pts',(37.9675615113002,-2.92256131626373,-17.1628511806199));
#6078=CARTESIAN_POINT('Ctrl Pts',(37.8111896484381,-2.27966389901392,-18.2930615976361));
#6079=CARTESIAN_POINT('Ctrl Pts',(37.727251930661,-2.09674063657785,-19.4814512555181));
#6080=CARTESIAN_POINT('Ctrl Pts',(37.727251930661,-2.09674063657786,-19.9895826094423));
#6081=CARTESIAN_POINT('Ctrl Pts',(38.3562035590361,-3.18231763198324,-16.3858744446769));
#6082=CARTESIAN_POINT('Ctrl Pts',(38.4035052686579,-2.58052390338837,-16.9757272731854));
#6083=CARTESIAN_POINT('Ctrl Pts',(38.2611115696503,-1.80428824135923,-18.181608636523));
#6084=CARTESIAN_POINT('Ctrl Pts',(38.183542400445,-1.57458272243645,-19.4482991652229));
#6085=CARTESIAN_POINT('Ctrl Pts',(38.183542400445,-1.57458272243645,-19.9895826094423));
#6086=CARTESIAN_POINT('Ctrl Pts',(38.487373634747,-2.90469960744195,-16.1373528555006));
#6087=CARTESIAN_POINT('Ctrl Pts',(38.5127901083104,-2.22899417763388,-16.7485615911152));
#6088=CARTESIAN_POINT('Ctrl Pts',(38.3040741840683,-1.33583259880697,-18.0069316033291));
#6089=CARTESIAN_POINT('Ctrl Pts',(38.1876002073133,-1.0570241669885,-19.3943958577988));
#6090=CARTESIAN_POINT('Ctrl Pts',(38.1876002073133,-1.0570241669885,-19.9895826094423));
#6091=CARTESIAN_POINT('Ctrl Pts',(38.487373634747,-2.73750571501111,-15.9876821274701));
#6092=CARTESIAN_POINT('Ctrl Pts',(38.487373634747,-2.02909613730894,-16.6115428317313));
#6093=CARTESIAN_POINT('Ctrl Pts',(38.2182372091392,-1.09159573770363,-17.9008882354749));
#6094=CARTESIAN_POINT('Ctrl Pts',(38.0706282993632,-0.797298306274384,-19.3615960874741));
#6095=CARTESIAN_POINT('Ctrl Pts',(38.0706282993632,-0.797298306274384,-19.9895826094423));
#6096=CARTESIAN_POINT('',(38.0706282993632,-0.797298306274384,-19.9895826094423));
#6097=CARTESIAN_POINT('Origin',(37.1588319976232,-1.20794110011515,-19.9895826094423));
#6098=CARTESIAN_POINT('Ctrl Pts',(38.0706282993632,-0.797298306274384,-19.9895826094423));
#6099=CARTESIAN_POINT('Ctrl Pts',(38.0706282993632,-0.797298306274384,-19.3615960874741));
#6100=CARTESIAN_POINT('Ctrl Pts',(38.2182372091392,-1.09159573770363,-17.9008882354749));
#6101=CARTESIAN_POINT('Ctrl Pts',(38.487373634747,-2.02909613730894,-16.6115428317313));
#6102=CARTESIAN_POINT('Ctrl Pts',(38.487373634747,-2.73750571501111,-15.9876821274701));
#6103=CARTESIAN_POINT('Origin',(37.1588319976232,-1.20794110011515,1.600050800102));
#6104=CARTESIAN_POINT('',(36.2470356958833,-1.61858389395592,-77.499959359919));
#6105=CARTESIAN_POINT('',(38.0706282993632,-0.797298306274385,-77.499959359919));
#6106=CARTESIAN_POINT('Origin',(37.1588319976232,-1.20794110011515,-77.499959359919));
#6107=CARTESIAN_POINT('',(38.0706282993632,-0.797298306274385,1.600050800102));
#6108=CARTESIAN_POINT('',(36.2470356958833,-1.61858389395592,1.600050800102));
#6109=CARTESIAN_POINT('Origin',(37.1955074836178,-35.2079411001152,-77.499959359919));
#6110=CARTESIAN_POINT('Origin',(37.1955074836178,-35.2079411001152,-77.499959359919));
#6111=CARTESIAN_POINT('Origin',(37.1588319976232,-1.20794110011515,-77.499959359919));
#6112=CARTESIAN_POINT('Origin',(37.1588319976232,-1.20794110011515,-77.499959359919));
#6113=CARTESIAN_POINT('Origin',(33.762567945136,-33.76256794513,-77.499959359919));
#6114=CARTESIAN_POINT('',(33.7629108837952,-38.48737362319,-77.499959359919));
#6115=CARTESIAN_POINT('Origin',(33.762567945136,-33.76256794513,-77.499959359919));
#6116=CARTESIAN_POINT('',(33.7628383011999,-37.4873736258241,-78.499959359919));
#6117=CARTESIAN_POINT('Origin',(33.7628383011999,-37.4873736258241,-77.499959359919));
#6118=CARTESIAN_POINT('',(33.7628188149189,-37.48737362319,-78.499959359919));
#6119=CARTESIAN_POINT('',(10.4935963469584,-37.4873736221389,-78.499959359919));
#6120=CARTESIAN_POINT('',(33.762818814934,-36.48737362319,-77.499959359919));
#6121=CARTESIAN_POINT('Origin',(33.7628188149189,-37.48737362319,-77.499959359919));
#6122=CARTESIAN_POINT('Origin',(33.762567945136,-33.76256794513,-77.499959359919));
#6123=CARTESIAN_POINT('Origin',(33.762567945136,-33.76256794513,1.600050800102));
#6124=CARTESIAN_POINT('',(38.4873736356417,-33.76256794513,-12.979959366004));
#6125=CARTESIAN_POINT('',(33.7629108837952,-38.48737362319,4.760050972745));
#6126=CARTESIAN_POINT('Origin',(38.4873736347446,-33.76256794513,1.600050800102));
#6127=CARTESIAN_POINT('',(38.487373634747,-2.73750571501115,-13.499959359919));
#6128=CARTESIAN_POINT('Origin',(33.762567945136,-2.737505715011,1.600050800102));
#6129=CARTESIAN_POINT('',(33.762567945136,1.9872999746,-77.499959359919));
#6130=CARTESIAN_POINT('Origin',(33.762567945136,-2.737505715011,-77.499959359919));
#6131=CARTESIAN_POINT('',(33.762567945136,1.9872999746,1.600050800102));
#6132=CARTESIAN_POINT('Origin',(33.762567945136,-2.737505715011,-77.499959359919));
#6133=CARTESIAN_POINT('',(33.762567945136,-0.0127000253999987,-77.499959359919));
#6134=CARTESIAN_POINT('Origin',(33.762567945136,-2.737505715011,-77.499959359919));
#6135=CARTESIAN_POINT('Origin',(33.762567945136,0.987299974600001,-77.499959359919));
#6136=CARTESIAN_POINT('Origin',(10.4935963469584,-37.4873736221389,-77.499959359919));
#6137=CARTESIAN_POINT('',(2.73715586421983,-38.4873736217885,-77.499959359919));
#6138=CARTESIAN_POINT('Origin',(2.737155864265,-37.4873736217885,-77.499959359919));
#6139=CARTESIAN_POINT('',(26.0064278225899,-36.487373623073,-77.499959359919));
#6140=CARTESIAN_POINT('',(10.4935963469133,-38.4873736221389,-77.499959359919));
#6141=CARTESIAN_POINT('Origin',(2.737505715011,-33.76256794513,-77.499959359919));
#6142=CARTESIAN_POINT('Origin',(-0.987299974599951,-33.76256794513,-77.499959359919));
#6143=CARTESIAN_POINT('Origin',(2.737505715011,-33.76256794513,-77.499959359919));
#6144=CARTESIAN_POINT('Origin',(-0.98729997459995,-10.493771269653,-77.499959359919));
#6145=CARTESIAN_POINT('Origin',(-0.98729997459995,-2.737505715011,-77.499959359919));
#6146=CARTESIAN_POINT('Origin',(2.737505715011,-2.737505715011,-77.499959359919));
#6147=CARTESIAN_POINT('',(2.73750571501099,1.98729997459995,-77.499959359919));
#6148=CARTESIAN_POINT('Origin',(2.737505715011,0.98729997459995,-77.499959359919));
#6149=CARTESIAN_POINT('Origin',(2.737505715011,-2.737505715011,-77.499959359919));
#6150=CARTESIAN_POINT('Origin',(26.0063023878284,0.987299974599989,-77.499959359919));
#6151=CARTESIAN_POINT('',(10.4937712727659,-0.0127000254000373,-77.499959359919));
#6152=CARTESIAN_POINT('',(26.0063023878284,1.98729997459999,-77.499959359919));
#6153=CARTESIAN_POINT('Origin',(33.762567945136,1.9872999746,1.600050800102));
#6154=CARTESIAN_POINT('',(2.73750571501099,1.98729997459995,1.600050800102));
#6155=CARTESIAN_POINT('Origin',(2.737505715011,-2.737505715011,1.600050800102));
#6156=CARTESIAN_POINT('Origin',(2.737505715011,-33.76256794513,1.600050800102));
#6157=CARTESIAN_POINT('',(2.73715586421983,-38.4873736217885,6.10001630453));
#6158=CARTESIAN_POINT('Origin',(2.73715586421983,-38.4873736217885,1.600050800102));
#6159=CARTESIAN_POINT('Origin',(-1.98729997459995,-9.19071635614727,2.53515745367433));
#6160=CARTESIAN_POINT('',(0.0127000254000503,-9.19071635614727,1.43515745367433));
#6161=CARTESIAN_POINT('',(-1.98729997459995,-9.19071635614727,1.43515745367433));
#6162=CARTESIAN_POINT('Origin',(0.0127000254000501,-9.19071635614727,2.53515745367433));
#6163=CARTESIAN_POINT('Origin',(-1.98729997459995,-16.1826634872822,1.43515745367433));
#6164=CARTESIAN_POINT('',(0.0127000254000503,-16.1826634872822,1.43515745367433));
#6165=CARTESIAN_POINT('',(-1.98729997459995,-16.1826634872822,1.43515745367433));
#6166=CARTESIAN_POINT('',(0.0127000254000502,-24.9726157162061,1.43515745367433));
#6167=CARTESIAN_POINT('Origin',(-1.98729997459995,-21.1561995710721,2.02365804377364));
#6168=CARTESIAN_POINT('',(0.0127000254000503,-21.1561995710721,1.52365804377364));
#6169=CARTESIAN_POINT('',(-1.98729997459995,-21.1561995710721,1.52365804377364));
#6170=CARTESIAN_POINT('Origin',(0.0127000254000501,-21.1561995710721,2.02365804377364));
#6171=CARTESIAN_POINT('Origin',(-1.98729997459995,-27.7855878079601,1.52365804377364));
#6172=CARTESIAN_POINT('',(0.0127000254000503,-27.7855878079601,1.52365804377364));
#6173=CARTESIAN_POINT('',(-1.98729997459995,-27.7855878079601,1.52365804377364));
#6174=CARTESIAN_POINT('',(0.0127000254000501,-30.774077876545,1.52365804377364));
#6175=CARTESIAN_POINT('Origin',(0.01270002540005,-33.76256794513,1.600050800102));
#6176=CARTESIAN_POINT('Origin',(0.0127000254000501,-16.1826634872822,2.53515745367433));
#6177=CARTESIAN_POINT('Origin',(0.0127000254000501,-27.7855878079601,2.02365804377364));
#6178=CARTESIAN_POINT('',(0.0127000254000498,-33.76256794513,-76.499959359919));
#6179=CARTESIAN_POINT('',(0.0127000254000498,-33.76256794513,1.600050800102));
#6180=CARTESIAN_POINT('',(0.0127000254000503,-2.737505715011,-76.499959359919));
#6181=CARTESIAN_POINT('',(0.0127000254000498,-26.0063023845526,-76.499959359919));
#6182=CARTESIAN_POINT('',(0.0127000254000503,-2.737505715011,1.600050800102));
#6183=CARTESIAN_POINT('Origin',(2.737505715011,-0.01270002540005,1.600050800102));
#6184=CARTESIAN_POINT('',(2.737505715011,-0.0127000254000498,-76.499959359919));
#6185=CARTESIAN_POINT('',(2.737505715011,-0.0127000254000498,1.600050800102));
#6186=CARTESIAN_POINT('',(19.6046640684742,-0.0127000254000231,-76.499959359919));
#6187=CARTESIAN_POINT('',(5.77309388097407,-0.0127000254000442,-76.499959359919));
#6188=CARTESIAN_POINT('',(19.6046640684742,-0.0127000254000231,-10.979959366004));
#6189=CARTESIAN_POINT('',(19.6046640684742,-0.0127000254000222,-38.4499542799085));
#6190=CARTESIAN_POINT('',(33.762567945136,-0.0127000253999987,-10.979959366004));
#6191=CARTESIAN_POINT('',(15.7119169496254,-0.0127000254000287,-10.979959366004));
#6192=CARTESIAN_POINT('',(33.762567945136,-0.0127000254000498,-2.));
#6193=CARTESIAN_POINT('',(33.762567945136,-0.0127000253999987,4.760050972745));
#6194=CARTESIAN_POINT('',(31.750066040132,-0.0127000254000041,-2.));
#6195=CARTESIAN_POINT('',(10.4937712725422,-0.0127000254000365,-2.));
#6196=CARTESIAN_POINT('',(31.750066040132,-0.0127000254000041,0.));
#6197=CARTESIAN_POINT('',(31.750066040132,-0.0127000254000041,0.));
#6198=CARTESIAN_POINT('',(33.762567945136,-0.0127000254000498,0.));
#6199=CARTESIAN_POINT('',(10.4937712725422,-0.0127000254000365,0.));
#6200=CARTESIAN_POINT('',(33.762567945136,-0.0127000253999987,4.760050972745));
#6201=CARTESIAN_POINT('Origin',(28.6863281842399,-18.2499999256682,-12.979959366004));
#6202=CARTESIAN_POINT('',(36.4873736347446,-33.76256794513,-12.979959366004));
#6203=CARTESIAN_POINT('',(36.487373634747,-2.737505715011,-12.979959366004));
#6204=CARTESIAN_POINT('',(36.4873736347464,-10.4937528203399,-12.979959366004));
#6205=CARTESIAN_POINT('',(33.762818814934,-36.48737362319,-12.979959366004));
#6206=CARTESIAN_POINT('Origin',(33.762567945136,-33.76256794513,-12.979959366004));
#6207=CARTESIAN_POINT('',(20.6046640684743,-36.4873736229916,-12.979959366004));
#6208=CARTESIAN_POINT('',(31.2245734994494,-36.4873736231517,-12.979959366004));
#6209=CARTESIAN_POINT('',(20.6046640684742,-0.0127000254000209,-12.979959366004));
#6210=CARTESIAN_POINT('',(20.6046640684743,-28.3686867740787,-12.979959366004));
#6211=CARTESIAN_POINT('',(33.762567945136,-0.0127000253999987,-12.979959366004));
#6212=CARTESIAN_POINT('',(15.7119169496254,-0.0127000254000287,-12.979959366004));
#6213=CARTESIAN_POINT('Origin',(33.762567945136,-2.737505715011,-12.979959366004));
#6214=CARTESIAN_POINT('',(21.8066672021164,-23.6612214736191,-12.979959366004));
#6215=CARTESIAN_POINT('',(23.8066672021164,-25.6612214736191,-12.979959366004));
#6216=CARTESIAN_POINT('Origin',(23.8066672021164,-23.6612214736191,-12.979959366004));
#6217=CARTESIAN_POINT('',(26.9999998939194,-25.6612214736191,-12.979959366004));
#6218=CARTESIAN_POINT('',(23.8066672021164,-25.6612214736191,-12.979959366004));
#6219=CARTESIAN_POINT('',(28.9999998939194,-23.6612214736191,-12.979959366004));
#6220=CARTESIAN_POINT('Origin',(26.9999998939194,-23.6612214736191,-12.979959366004));
#6221=CARTESIAN_POINT('',(28.9999998939194,-13.0000004975003,-12.979959366004));
#6222=CARTESIAN_POINT('',(28.9999998939194,-23.6612214736191,-12.979959366004));
#6223=CARTESIAN_POINT('',(26.9999998939194,-11.0000004975003,-12.979959366004));
#6224=CARTESIAN_POINT('Origin',(26.9999998939194,-13.0000004975003,-12.979959366004));
#6225=CARTESIAN_POINT('',(23.8066672021164,-11.0000004975003,-12.979959366004));
#6226=CARTESIAN_POINT('',(26.9999998939194,-11.0000004975003,-12.979959366004));
#6227=CARTESIAN_POINT('',(21.8066672021164,-13.0000004975003,-12.979959366004));
#6228=CARTESIAN_POINT('Origin',(23.8066672021164,-13.0000004975003,-12.979959366004));
#6229=CARTESIAN_POINT('',(21.8066672021164,-13.0000004975003,-12.979959366004));
#6230=CARTESIAN_POINT('Origin',(28.6863281842399,-18.2499999256682,-10.979959366004));
#6231=CARTESIAN_POINT('',(36.487373634747,-2.737505715011,-10.979959366004));
#6232=CARTESIAN_POINT('',(36.4873736347446,-33.76256794513,-10.979959366004));
#6233=CARTESIAN_POINT('',(36.4873736347464,-10.4937528203399,-10.979959366004));
#6234=CARTESIAN_POINT('Origin',(33.762567945136,-2.737505715011,-10.979959366004));
#6235=CARTESIAN_POINT('',(19.6046640684743,-36.4873736229916,-10.979959366004));
#6236=CARTESIAN_POINT('',(19.6046640684742,0.987299974599975,-10.979959366004));
#6237=CARTESIAN_POINT('',(33.762818814934,-36.48737362319,-10.979959366004));
#6238=CARTESIAN_POINT('',(20.6046640684743,-36.4873736229916,-10.979959366004));
#6239=CARTESIAN_POINT('Origin',(33.762567945136,-33.76256794513,-10.979959366004));
#6240=CARTESIAN_POINT('',(23.8066672021164,-25.6612214736191,-10.979959366004));
#6241=CARTESIAN_POINT('',(21.8066672021164,-23.6612214736191,-10.979959366004));
#6242=CARTESIAN_POINT('Origin',(23.8066672021164,-23.6612214736191,-10.979959366004));
#6243=CARTESIAN_POINT('',(21.8066672021164,-13.0000004975003,-10.979959366004));
#6244=CARTESIAN_POINT('',(21.8066672021164,-13.0000004975003,-10.979959366004));
#6245=CARTESIAN_POINT('',(23.8066672021164,-11.0000004975003,-10.979959366004));
#6246=CARTESIAN_POINT('Origin',(23.8066672021164,-13.0000004975003,-10.979959366004));
#6247=CARTESIAN_POINT('',(26.9999998939194,-11.0000004975003,-10.979959366004));
#6248=CARTESIAN_POINT('',(26.9999998939194,-11.0000004975003,-10.979959366004));
#6249=CARTESIAN_POINT('',(28.9999998939194,-13.0000004975003,-10.979959366004));
#6250=CARTESIAN_POINT('Origin',(26.9999998939194,-13.0000004975003,-10.979959366004));
#6251=CARTESIAN_POINT('',(28.9999998939194,-23.6612214736191,-10.979959366004));
#6252=CARTESIAN_POINT('',(28.9999998939194,-23.6612214736191,-10.979959366004));
#6253=CARTESIAN_POINT('',(26.9999998939194,-25.6612214736191,-10.979959366004));
#6254=CARTESIAN_POINT('Origin',(26.9999998939194,-23.6612214736191,-10.979959366004));
#6255=CARTESIAN_POINT('',(23.8066672021164,-25.6612214736191,-10.979959366004));
#6256=CARTESIAN_POINT('Origin',(26.9999998939194,-25.6612214736191,-12.979959366004));
#6257=CARTESIAN_POINT('',(23.8066672021164,-25.6612214736191,-12.979959366004));
#6258=CARTESIAN_POINT('',(26.9999998939194,-25.6612214736191,-12.979959366004));
#6259=CARTESIAN_POINT('Origin',(26.9999998939194,-23.6612214736191,-12.979959366004));
#6260=CARTESIAN_POINT('',(28.9999998939194,-23.6612214736191,-12.979959366004));
#6261=CARTESIAN_POINT('Origin',(28.9999998939194,-13.0000004975003,-12.979959366004));
#6262=CARTESIAN_POINT('',(28.9999998939194,-13.0000004975003,-12.979959366004));
#6263=CARTESIAN_POINT('Origin',(26.9999998939194,-13.0000004975003,-12.979959366004));
#6264=CARTESIAN_POINT('',(26.9999998939194,-11.0000004975003,-12.979959366004));
#6265=CARTESIAN_POINT('Origin',(23.8066672021164,-11.0000004975003,-12.979959366004));
#6266=CARTESIAN_POINT('',(23.8066672021164,-11.0000004975003,-12.979959366004));
#6267=CARTESIAN_POINT('Origin',(23.8066672021164,-13.0000004975003,-12.979959366004));
#6268=CARTESIAN_POINT('',(21.8066672021164,-13.0000004975003,-12.979959366004));
#6269=CARTESIAN_POINT('Origin',(21.8066672021164,-23.6612214736191,-12.979959366004));
#6270=CARTESIAN_POINT('',(21.8066672021164,-23.6612214736191,-12.979959366004));
#6271=CARTESIAN_POINT('Origin',(23.8066672021164,-23.6612214736191,-12.979959366004));
#6272=CARTESIAN_POINT('Origin',(33.762818814934,-36.48737362319,1.600050800102));
#6273=CARTESIAN_POINT('',(20.6046640684743,-36.4873736229916,-38.4499542799085));
#6274=CARTESIAN_POINT('',(33.762818814934,-36.48737362319,1.600050800102));
#6275=CARTESIAN_POINT('Origin',(20.6046640684743,-38.4873736224893,-78.499959359919));
#6276=CARTESIAN_POINT('',(20.6046640684742,-0.0127000254000209,-38.4499542799085));
#6277=CARTESIAN_POINT('Origin',(33.762567945136,-33.76256794513,1.600050800102));
#6278=CARTESIAN_POINT('',(33.762818814934,-36.4873736231924,-2.));
#6279=CARTESIAN_POINT('',(33.762818814934,-36.48737362319,1.600050800102));
#6280=CARTESIAN_POINT('',(36.487373634747,-33.76256794513,-2.));
#6281=CARTESIAN_POINT('Origin',(33.762567945136,-33.76256794513,-2.));
#6282=CARTESIAN_POINT('',(36.4873736347446,-33.76256794513,-13.499959359919));
#6283=CARTESIAN_POINT('Origin',(33.762567945136,-33.76256794513,1.600050800102));
#6284=CARTESIAN_POINT('',(36.4873736347446,-33.76256794513,-13.499959359919));
#6285=CARTESIAN_POINT('Origin',(33.762567945136,-2.737505715011,1.600050800102));
#6286=CARTESIAN_POINT('',(36.487373634747,-2.737505715011,-2.));
#6287=CARTESIAN_POINT('',(36.487373634747,-2.737505715011,-12.979959366004));
#6288=CARTESIAN_POINT('Origin',(33.762567945136,-2.737505715011,-2.));
#6289=CARTESIAN_POINT('Origin',(36.487373634747,-2.737505715011,1.600050800102));
#6290=CARTESIAN_POINT('',(36.4873736347464,-10.4937712696543,-2.));
#6291=CARTESIAN_POINT('Origin',(19.6046640684742,1.98729997459997,-78.499959359919));
#6292=CARTESIAN_POINT('',(19.6046640684743,-36.4873736229765,-76.499959359919));
#6293=CARTESIAN_POINT('',(19.6046640684743,-38.4873736224893,-76.499959359919));
#6294=CARTESIAN_POINT('',(19.6046640684743,-36.4873736229765,-38.4499542799085));
#6295=CARTESIAN_POINT('Origin',(18.2500368300735,-18.2500368242962,0.));
#6296=CARTESIAN_POINT('',(31.750066040132,-33.50006604013,0.));
#6297=CARTESIAN_POINT('',(31.750066040132,-36.4873736227506,0.));
#6298=CARTESIAN_POINT('',(31.750066040132,-9.13136842484811,0.));
#6299=CARTESIAN_POINT('',(33.762818814934,-36.4873736231924,0.));
#6300=CARTESIAN_POINT('',(26.0064278223662,-36.487373623073,0.));
#6301=CARTESIAN_POINT('',(36.487373634747,-33.76256794513,0.));
#6302=CARTESIAN_POINT('Origin',(33.762567945136,-33.76256794513,0.));
#6303=CARTESIAN_POINT('',(36.487373634747,-2.737505715011,0.));
#6304=CARTESIAN_POINT('',(36.4873736347464,-10.4937712696543,0.));
#6305=CARTESIAN_POINT('Origin',(33.762567945136,-2.737505715011,0.));
#6306=CARTESIAN_POINT('',(31.750066040132,-3.00000508001,0.));
#6307=CARTESIAN_POINT('',(31.750066040132,-9.13136842484811,0.));
#6308=CARTESIAN_POINT('',(33.500066040132,-4.75000508001,0.));
#6309=CARTESIAN_POINT('Origin',(33.500066040132,-3.00000508001,0.));
#6310=CARTESIAN_POINT('',(35.687373634747,-4.75000508001,0.));
#6311=CARTESIAN_POINT('',(33.500066040132,-4.75000508001,0.));
#6312=CARTESIAN_POINT('',(35.687373634747,-31.75006604013,0.));
#6313=CARTESIAN_POINT('',(35.6873736347469,-2.737505715011,0.));
#6314=CARTESIAN_POINT('',(33.500066040132,-31.75006604013,0.));
#6315=CARTESIAN_POINT('',(33.500066040132,-31.75006604013,0.));
#6316=CARTESIAN_POINT('Origin',(33.500066040132,-33.50006604013,0.));
#6317=CARTESIAN_POINT('',(32.700063500127,-3.00000508001,0.));
#6318=CARTESIAN_POINT('Origin',(33.500066040132,-3.00000508001,0.));
#6319=CARTESIAN_POINT('',(32.700063500127,-33.50006604013,0.));
#6320=CARTESIAN_POINT('Origin',(33.500066040132,-33.50006604013,0.));
#6321=CARTESIAN_POINT('Origin',(2.737505715011,-0.01270002540005,1.600050800102));
#6322=CARTESIAN_POINT('',(33.762567945136,-0.0127000253999987,4.760050972745));
#6323=CARTESIAN_POINT('Origin',(8.80868204693718,-18.2500368239752,-76.499959359919));
#6324=CARTESIAN_POINT('Origin',(2.737505715011,-2.737505715011,-76.499959359919));
#6325=CARTESIAN_POINT('',(2.737249788806,-36.4873736227221,-76.499959359919));
#6326=CARTESIAN_POINT('Origin',(2.737505715011,-33.76256794513,-76.499959359919));
#6327=CARTESIAN_POINT('',(21.2857504307981,-36.4873736230018,-76.499959359919));
#6328=CARTESIAN_POINT('Origin',(36.487373634747,-2.737505715011,1.600050800102));
#6329=CARTESIAN_POINT('',(36.487373634747,-2.737505715011,-12.979959366004));
#6330=CARTESIAN_POINT('Origin',(33.500066040132,-3.00000508001,0.));
#6331=CARTESIAN_POINT('',(32.700063500127,-3.00000508001,-2.));
#6332=CARTESIAN_POINT('Origin',(33.500066040132,-3.00000508001,-2.));
#6333=CARTESIAN_POINT('',(32.700063500127,-3.00000508001,0.));
#6334=CARTESIAN_POINT('Origin',(33.500066040132,-3.00000508001,0.));
#6335=CARTESIAN_POINT('',(31.750066040132,-3.00000508001,-2.));
#6336=CARTESIAN_POINT('',(31.750066040132,-3.00000508001,0.));
#6337=CARTESIAN_POINT('',(33.500066040132,-4.75000508001,-2.));
#6338=CARTESIAN_POINT('Origin',(33.500066040132,-3.00000508001,-2.));
#6339=CARTESIAN_POINT('',(33.500066040132,-4.75000508001,0.));
#6340=CARTESIAN_POINT('Origin',(35.687373634747,-4.75000508001,0.));
#6341=CARTESIAN_POINT('',(35.687373634747,-4.75000508001,-2.));
#6342=CARTESIAN_POINT('',(33.500066040132,-4.75000508001,-2.));
#6343=CARTESIAN_POINT('',(35.687373634747,-4.75000508001,0.));
#6344=CARTESIAN_POINT('Origin',(31.750066040132,-3.00000508001,0.));
#6345=CARTESIAN_POINT('',(31.750066040132,-9.13136842484811,-2.));
#6346=CARTESIAN_POINT('Origin',(33.500066040132,-33.50006604013,0.));
#6347=CARTESIAN_POINT('',(32.700063500127,-33.50006604013,-2.));
#6348=CARTESIAN_POINT('Origin',(33.500066040132,-33.50006604013,-2.));
#6349=CARTESIAN_POINT('',(32.700063500127,-33.50006604013,0.));
#6350=CARTESIAN_POINT('Origin',(31.750066040132,-35.6873736228323,0.));
#6351=CARTESIAN_POINT('',(31.750066040132,-33.50006604013,-2.));
#6352=CARTESIAN_POINT('',(31.750066040132,-33.50006604013,0.));
#6353=CARTESIAN_POINT('',(31.750066040132,-36.4873736227506,-2.));
#6354=CARTESIAN_POINT('',(31.750066040132,-33.50006604013,-2.));
#6355=CARTESIAN_POINT('',(31.750066040132,-36.4873736227506,0.));
#6356=CARTESIAN_POINT('Origin',(33.500066040132,-31.75006604013,0.));
#6357=CARTESIAN_POINT('',(35.687373634747,-31.75006604013,-2.));
#6358=CARTESIAN_POINT('',(35.687373634747,-31.75006604013,0.));
#6359=CARTESIAN_POINT('',(33.500066040132,-31.75006604013,-2.));
#6360=CARTESIAN_POINT('',(33.500066040132,-31.75006604013,-2.));
#6361=CARTESIAN_POINT('',(33.500066040132,-31.75006604013,0.));
#6362=CARTESIAN_POINT('Origin',(33.500066040132,-33.50006604013,0.));
#6363=CARTESIAN_POINT('Origin',(33.500066040132,-33.50006604013,-2.));
#6364=CARTESIAN_POINT('Origin',(35.687373634747,-33.76256794513,0.));
#6365=CARTESIAN_POINT('',(35.6873736347469,-2.737505715011,-2.));
#6366=CARTESIAN_POINT('Origin',(18.2500368300735,-18.2500368242962,-2.));
#6367=CARTESIAN_POINT('',(26.0064278223662,-36.487373623073,-2.));
#6368=CARTESIAN_POINT('Origin',(33.762567945136,-2.737505715011,1.600050800102));
#6369=CARTESIAN_POINT('',(36.487373634747,-2.737505715011,-12.979959366004));
#6370=CARTESIAN_POINT('Origin',(36.487373634747,-2.737505715011,1.600050800102));
#6371=CARTESIAN_POINT('',(36.4873736347446,-33.76256794513,1.600050800102));
#6372=CARTESIAN_POINT('Origin',(33.762567945136,-2.737505715011,1.600050800102));
#6373=CARTESIAN_POINT('Origin',(2.737505715011,-2.737505715011,1.600050800102));
#6374=CARTESIAN_POINT('Origin',(-1.98729997459995,-16.1826634872822,2.53515745367433));
#6375=CARTESIAN_POINT('Origin',(33.762567945136,-33.76256794513,1.600050800102));
#6376=CARTESIAN_POINT('',(33.762818814934,-36.48737362319,1.600050800102));
#6377=CARTESIAN_POINT('Origin',(33.762818814934,-36.48737362319,1.600050800102));
#6378=CARTESIAN_POINT('',(2.737249788806,-36.4873736227221,1.600050800102));
#6379=CARTESIAN_POINT('Origin',(2.737505715011,-33.76256794513,1.600050800102));
#6380=CARTESIAN_POINT('Origin',(-1.98729997459995,-27.7855878079601,2.02365804377364));
#6381=CARTESIAN_POINT('Origin',(-1.48729997459995,-21.2561995710721,2.02365804377364));
#6382=CARTESIAN_POINT('',(-1.98729997459995,-19.1993678076289,1.600050800102));
#6383=CARTESIAN_POINT('',(-1.48729997459995,-19.7132942262408,1.600050800102));
#6384=CARTESIAN_POINT('Ctrl Pts',(-1.98729997459995,-19.1993678076289,1.600050800102));
#6385=CARTESIAN_POINT('Ctrl Pts',(-1.98729997459995,-19.2629526016229,1.600050800102));
#6386=CARTESIAN_POINT('Ctrl Pts',(-1.97260738153901,-19.3378263966943,1.600050800102));
#6387=CARTESIAN_POINT('Ctrl Pts',(-1.92474088938772,-19.4552480754273,1.600050800102));
#6388=CARTESIAN_POINT('Ctrl Pts',(-1.88320327365218,-19.5187278586784,1.600050800102));
#6389=CARTESIAN_POINT('Ctrl Pts',(-1.79537414572952,-19.6082951873056,1.600050800102));
#6390=CARTESIAN_POINT('Ctrl Pts',(-1.73379323909986,-19.6505273260666,1.600050800102));
#6391=CARTESIAN_POINT('Ctrl Pts',(-1.62022166093242,-19.6985881018056,1.600050800102));
#6392=CARTESIAN_POINT('Ctrl Pts',(-1.54839622729076,-19.7132942262408,1.600050800102));
#6393=CARTESIAN_POINT('Ctrl Pts',(-1.48729997459995,-19.7132942262408,1.600050800102));
#6394=CARTESIAN_POINT('',(-1.48729997459995,-19.6561995710721,2.02365804377365));
#6395=CARTESIAN_POINT('Origin',(-1.48729997459995,-21.2561995710721,2.02365804377364));
#6396=CARTESIAN_POINT('',(-1.98729997459995,-19.1561995710721,2.02365804377365));
#6397=CARTESIAN_POINT('Origin',(-1.48729997459995,-19.1561995710721,2.02365804377365));
#6398=CARTESIAN_POINT('Origin',(-1.98729997459995,-21.2561995710721,2.02365804377364));
#6399=CARTESIAN_POINT('Origin',(-1.48729997459995,-19.1561995710721,1.81185442193782));
#6400=CARTESIAN_POINT('',(-1.48729997459995,-19.6561995710721,3.53944829642095));
#6401=CARTESIAN_POINT('',(-1.98729997459995,-19.1561995710721,3.53944829642095));
#6402=CARTESIAN_POINT('Origin',(-1.48729997459995,-19.1561995710721,3.53944829642095));
#6403=CARTESIAN_POINT('',(-1.98729997459995,-19.1561995710721,1.81185442193782));
#6404=CARTESIAN_POINT('',(-1.48729997459995,-19.6561995710721,1.81185442193782));
#6405=CARTESIAN_POINT('Origin',(-1.48729997459995,-21.2561995710721,3.53944829642096));
#6406=CARTESIAN_POINT('',(-1.48729997459995,-21.2561995710721,5.13944829642095));
#6407=CARTESIAN_POINT('',(-1.98729997459995,-21.2561995710721,5.63944829642095));
#6408=CARTESIAN_POINT('Origin',(-1.48729997459995,-21.2561995710721,5.63944829642095));
#6409=CARTESIAN_POINT('Origin',(-1.98729997459995,-21.2561995710721,3.53944829642096));
#6410=CARTESIAN_POINT('Origin',(-1.48729997459995,-21.2561995710721,3.53944829642096));
#6411=CARTESIAN_POINT('Origin',(-1.48729997459995,-11.9968526430416,5.63944829642095));
#6412=CARTESIAN_POINT('',(-1.48729997459995,-27.6855878079601,5.13944829642095));
#6413=CARTESIAN_POINT('',(-1.98729997459995,-27.6855878079601,5.63944829642095));
#6414=CARTESIAN_POINT('Origin',(-1.48729997459995,-27.6855878079601,5.63944829642095));
#6415=CARTESIAN_POINT('',(-1.98729997459995,-11.9968526430416,5.63944829642095));
#6416=CARTESIAN_POINT('',(-1.48729997459995,-11.9968526430416,5.13944829642095));
#6417=CARTESIAN_POINT('Origin',(-1.48729997459995,-27.6855878079601,3.53944829642095));
#6418=CARTESIAN_POINT('',(-1.48729997459995,-29.2855878079601,3.53944829642095));
#6419=CARTESIAN_POINT('',(-1.98729997459995,-29.7855878079601,3.53944829642095));
#6420=CARTESIAN_POINT('Origin',(-1.48729997459995,-29.7855878079601,3.53944829642095));
#6421=CARTESIAN_POINT('Origin',(-1.98729997459995,-27.6855878079601,3.53944829642095));
#6422=CARTESIAN_POINT('Origin',(-1.48729997459995,-27.6855878079601,3.53944829642095));
#6423=CARTESIAN_POINT('Origin',(-1.48729997459995,-29.7855878079601,2.56974954826147));
#6424=CARTESIAN_POINT('',(-1.48729997459995,-29.2855878079601,2.02365804377364));
#6425=CARTESIAN_POINT('',(-1.98729997459995,-29.7855878079601,2.02365804377364));
#6426=CARTESIAN_POINT('Origin',(-1.48729997459995,-29.7855878079601,2.02365804377364));
#6427=CARTESIAN_POINT('',(-1.98729997459995,-29.7855878079601,2.56974954826147));
#6428=CARTESIAN_POINT('',(-1.48729997459995,-29.2855878079601,2.56974954826147));
#6429=CARTESIAN_POINT('Origin',(-1.48729997459995,-27.6855878079601,2.02365804377364));
#6430=CARTESIAN_POINT('',(-1.48729997459995,-29.2284931527913,1.600050800102));
#6431=CARTESIAN_POINT('',(-1.98729997459995,-29.7424195714033,1.600050800102));
#6432=CARTESIAN_POINT('Ctrl Pts',(-1.48729997459995,-29.2284931527913,1.600050800102));
#6433=CARTESIAN_POINT('Ctrl Pts',(-1.54839622729076,-29.2284931527913,1.600050800102));
#6434=CARTESIAN_POINT('Ctrl Pts',(-1.62022166093242,-29.2431992772266,1.600050800102));
#6435=CARTESIAN_POINT('Ctrl Pts',(-1.73379323909986,-29.2912600529655,1.600050800102));
#6436=CARTESIAN_POINT('Ctrl Pts',(-1.79537414572952,-29.3334921917266,1.600050800102));
#6437=CARTESIAN_POINT('Ctrl Pts',(-1.88320327365218,-29.4230595203538,1.600050800102));
#6438=CARTESIAN_POINT('Ctrl Pts',(-1.92474088938772,-29.4865393036048,1.600050800102));
#6439=CARTESIAN_POINT('Ctrl Pts',(-1.97260738153901,-29.6039609823379,1.600050800102));
#6440=CARTESIAN_POINT('Ctrl Pts',(-1.98729997459995,-29.6788347774093,1.600050800102));
#6441=CARTESIAN_POINT('Ctrl Pts',(-1.98729997459995,-29.7424195714033,1.600050800102));
#6442=CARTESIAN_POINT('Origin',(-1.98729997459995,-27.6855878079601,2.02365804377364));
#6443=CARTESIAN_POINT('Origin',(-1.48729997459995,-27.6855878079601,2.02365804377364));
#6444=CARTESIAN_POINT('Origin',(-1.98729997459995,-29.2855878079601,3.53944829642095));
#6445=CARTESIAN_POINT('',(-0.98729997459995,-29.2855878079601,3.53944829642095));
#6446=CARTESIAN_POINT('',(-1.98729997459995,-29.2855878079601,3.53944829642095));
#6447=CARTESIAN_POINT('',(-0.98729997459995,-29.2855878079601,2.02365804377364));
#6448=CARTESIAN_POINT('',(-0.98729997459995,-29.2855878079601,3.53944829642095));
#6449=CARTESIAN_POINT('',(-1.98729997459995,-29.2855878079601,2.02365804377364));
#6450=CARTESIAN_POINT('Origin',(-1.98729997459995,-27.6855878079601,3.53944829642095));
#6451=CARTESIAN_POINT('',(-0.98729997459995,-27.6855878079601,5.13944829642095));
#6452=CARTESIAN_POINT('',(-1.98729997459995,-27.6855878079601,5.13944829642095));
#6453=CARTESIAN_POINT('Origin',(-0.98729997459995,-27.6855878079601,3.53944829642095));
#6454=CARTESIAN_POINT('Origin',(-1.98729997459995,-21.2561995710721,5.13944829642095));
#6455=CARTESIAN_POINT('',(-0.98729997459995,-21.2561995710721,5.13944829642095));
#6456=CARTESIAN_POINT('',(-1.98729997459995,-21.2561995710721,5.13944829642095));
#6457=CARTESIAN_POINT('',(-0.98729997459995,-21.2561995710721,5.13944829642095));
#6458=CARTESIAN_POINT('Origin',(-1.98729997459995,-21.2561995710721,3.53944829642096));
#6459=CARTESIAN_POINT('',(-0.98729997459995,-19.6561995710721,3.53944829642095));
#6460=CARTESIAN_POINT('',(-1.98729997459995,-19.6561995710721,3.53944829642095));
#6461=CARTESIAN_POINT('Origin',(-0.98729997459995,-21.2561995710721,3.53944829642096));
#6462=CARTESIAN_POINT('Origin',(-1.98729997459995,-19.6561995710721,2.02365804377365));
#6463=CARTESIAN_POINT('',(-0.98729997459995,-19.6561995710721,2.02365804377365));
#6464=CARTESIAN_POINT('',(-1.98729997459995,-19.6561995710721,2.02365804377365));
#6465=CARTESIAN_POINT('',(-0.98729997459995,-19.6561995710721,2.02365804377365));
#6466=CARTESIAN_POINT('Origin',(-1.98729997459995,-21.2561995710721,2.02365804377364));
#6467=CARTESIAN_POINT('',(-0.987299974599949,-19.7132942262408,1.600050800102));
#6468=CARTESIAN_POINT('',(-1.98729997459995,-19.7132942262408,1.600050800102));
#6469=CARTESIAN_POINT('Origin',(-0.98729997459995,-21.2561995710721,2.02365804377364));
#6470=CARTESIAN_POINT('Origin',(18.2515110874927,-18.250036824295,1.600050800102));
#6471=CARTESIAN_POINT('',(-1.98729997459995,-18.6081012335859,1.600050800102));
#6472=CARTESIAN_POINT('',(-1.98729997459995,-10.493771269653,1.600050800102));
#6473=CARTESIAN_POINT('',(-1.48729997459995,-18.062224143711,1.600050800102));
#6474=CARTESIAN_POINT('Ctrl Pts',(-1.48729997459995,-18.062224143711,1.600050800102));
#6475=CARTESIAN_POINT('Ctrl Pts',(-1.54710574352908,-18.062224143711,1.600050800102));
#6476=CARTESIAN_POINT('Ctrl Pts',(-1.61724048816682,-18.0774428424258,1.600050800102));
#6477=CARTESIAN_POINT('Ctrl Pts',(-1.72983069901723,-18.1272264351966,1.600050800102));
#6478=CARTESIAN_POINT('Ctrl Pts',(-1.79134983346885,-18.1717827687714,1.600050800102));
#6479=CARTESIAN_POINT('Ctrl Pts',(-1.88036316593596,-18.2664506999617,1.600050800102));
#6480=CARTESIAN_POINT('Ctrl Pts',(-1.92273160858482,-18.3342782643688,1.600050800102));
#6481=CARTESIAN_POINT('Ctrl Pts',(-1.97205440868602,-18.4596853485894,1.600050800102));
#6482=CARTESIAN_POINT('Ctrl Pts',(-1.98729997459995,-18.5399874703204,1.600050800102));
#6483=CARTESIAN_POINT('Ctrl Pts',(-1.98729997459995,-18.6081012335859,1.600050800102));
#6484=CARTESIAN_POINT('',(-0.987299974599949,-18.062224143711,1.600050800102));
#6485=CARTESIAN_POINT('',(-1.98729997459995,-18.062224143711,1.600050800102));
#6486=CARTESIAN_POINT('',(-0.98729997459995,-16.7619523154541,1.600050800102));
#6487=CARTESIAN_POINT('',(-0.987299974599949,-15.4683633730049,1.600050800102));
#6488=CARTESIAN_POINT('',(0.0127000254000498,-16.7619523154541,1.600050800102));
#6489=CARTESIAN_POINT('',(-1.98729997459995,-16.7619523154541,1.600050800102));
#6490=CARTESIAN_POINT('',(0.0127000254000498,-20.8905740769852,1.600050800102));
#6491=CARTESIAN_POINT('',(0.0127000254000498,-26.0063023847125,1.600050800102));
#6492=CARTESIAN_POINT('',(-0.98729997459995,-20.8905740769852,1.600050800102));
#6493=CARTESIAN_POINT('',(-1.98729997459995,-20.8905740769852,1.600050800102));
#6494=CARTESIAN_POINT('',(-0.987299974599949,-21.3604652569055,1.600050800102));
#6495=CARTESIAN_POINT('Origin',(-1.48729997459995,-9.19071635614727,2.53666797846517));
#6496=CARTESIAN_POINT('',(-1.98729997459995,-6.76527860984352,1.600050800102));
#6497=CARTESIAN_POINT('',(-1.48729997459995,-7.31115569971848,1.600050800102));
#6498=CARTESIAN_POINT('Ctrl Pts',(-1.98729997459995,-6.76527860984352,1.600050800102));
#6499=CARTESIAN_POINT('Ctrl Pts',(-1.98729997459995,-6.83339237310908,1.600050800102));
#6500=CARTESIAN_POINT('Ctrl Pts',(-1.97205440868602,-6.91369449484001,1.600050800102));
#6501=CARTESIAN_POINT('Ctrl Pts',(-1.92273160858482,-7.03910157906066,1.600050800102));
#6502=CARTESIAN_POINT('Ctrl Pts',(-1.88036316593595,-7.10692914346777,1.600050800102));
#6503=CARTESIAN_POINT('Ctrl Pts',(-1.79134983346885,-7.20159707465808,1.600050800102));
#6504=CARTESIAN_POINT('Ctrl Pts',(-1.72983069901723,-7.24615340823281,1.600050800102));
#6505=CARTESIAN_POINT('Ctrl Pts',(-1.61724048816682,-7.29593700100363,1.600050800102));
#6506=CARTESIAN_POINT('Ctrl Pts',(-1.54710574352908,-7.31115569971848,1.600050800102));
#6507=CARTESIAN_POINT('Ctrl Pts',(-1.48729997459995,-7.31115569971848,1.600050800102));
#6508=CARTESIAN_POINT('',(-1.48729997459995,-7.09071635614727,2.53666797846517));
#6509=CARTESIAN_POINT('Origin',(-1.48729997459995,-9.19071635614727,2.53666797846517));
#6510=CARTESIAN_POINT('',(-1.98729997459995,-6.59071635614727,2.53666797846517));
#6511=CARTESIAN_POINT('Origin',(-1.48729997459995,-6.59071635614727,2.53666797846517));
#6512=CARTESIAN_POINT('Origin',(-1.98729997459995,-9.19071635614727,2.53666797846517));
#6513=CARTESIAN_POINT('Origin',(-1.48729997459995,-6.59071635614727,2.06835938928358));
#6514=CARTESIAN_POINT('',(-1.48729997459995,-7.09071635614727,3.78333232171872));
#6515=CARTESIAN_POINT('',(-1.98729997459995,-6.59071635614727,3.78333232171872));
#6516=CARTESIAN_POINT('Origin',(-1.48729997459995,-6.59071635614727,3.78333232171872));
#6517=CARTESIAN_POINT('',(-1.98729997459995,-6.59071635614727,2.06835938928358));
#6518=CARTESIAN_POINT('',(-1.48729997459995,-7.09071635614727,2.06835938928358));
#6519=CARTESIAN_POINT('Origin',(-1.48729997459995,-9.19071635614727,3.78333232171873));
#6520=CARTESIAN_POINT('',(-1.48729997459995,-9.19071635614727,5.88333232171872));
#6521=CARTESIAN_POINT('',(-1.98729997459995,-9.19071635614728,6.38333232171872));
#6522=CARTESIAN_POINT('Origin',(-1.48729997459995,-9.19071635614728,6.38333232171872));
#6523=CARTESIAN_POINT('Origin',(-1.98729997459995,-9.19071635614727,3.78333232171873));
#6524=CARTESIAN_POINT('Origin',(-1.48729997459995,-9.19071635614727,3.78333232171873));
#6525=CARTESIAN_POINT('Origin',(-1.48729997459995,-5.96411103557914,6.38333232171872));
#6526=CARTESIAN_POINT('',(-1.48729997459995,-16.1826634872822,5.88333232171872));
#6527=CARTESIAN_POINT('',(-1.98729997459995,-16.1826634872822,6.38333232171872));
#6528=CARTESIAN_POINT('Origin',(-1.48729997459995,-16.1826634872822,6.38333232171872));
#6529=CARTESIAN_POINT('',(-1.98729997459995,-5.96411103557914,6.38333232171872));
#6530=CARTESIAN_POINT('',(-1.48729997459995,-5.96411103557914,5.88333232171872));
#6531=CARTESIAN_POINT('Origin',(-1.48729997459995,-16.1826634872822,3.78333232171872));
#6532=CARTESIAN_POINT('',(-1.48729997459995,-18.2826634872822,3.78333232171872));
#6533=CARTESIAN_POINT('',(-1.98729997459995,-18.7826634872822,3.78333232171872));
#6534=CARTESIAN_POINT('Origin',(-1.48729997459995,-18.7826634872822,3.78333232171872));
#6535=CARTESIAN_POINT('Origin',(-1.98729997459995,-16.1826634872822,3.78333232171872));
#6536=CARTESIAN_POINT('Origin',(-1.48729997459995,-16.1826634872822,3.78333232171872));
#6537=CARTESIAN_POINT('Origin',(-1.48729997459995,-18.7826634872822,2.69169156091036));
#6538=CARTESIAN_POINT('',(-1.48729997459995,-18.2826634872822,2.53666797846517));
#6539=CARTESIAN_POINT('',(-1.98729997459995,-18.7826634872822,2.53666797846517));
#6540=CARTESIAN_POINT('Origin',(-1.48729997459995,-18.7826634872822,2.53666797846517));
#6541=CARTESIAN_POINT('',(-1.98729997459995,-18.7826634872822,2.69169156091036));
#6542=CARTESIAN_POINT('',(-1.48729997459995,-18.2826634872822,2.69169156091036));
#6543=CARTESIAN_POINT('Origin',(-1.48729997459995,-16.1826634872822,2.53666797846517));
#6544=CARTESIAN_POINT('Origin',(-1.98729997459995,-16.1826634872822,2.53666797846517));
#6545=CARTESIAN_POINT('Origin',(-1.48729997459995,-16.1826634872822,2.53666797846517));
#6546=CARTESIAN_POINT('Origin',(-1.98729997459995,-18.2826634872822,3.78333232171872));
#6547=CARTESIAN_POINT('',(-0.98729997459995,-18.2826634872822,3.78333232171872));
#6548=CARTESIAN_POINT('',(-1.98729997459995,-18.2826634872822,3.78333232171872));
#6549=CARTESIAN_POINT('',(-0.98729997459995,-18.2826634872822,2.53666797846517));
#6550=CARTESIAN_POINT('',(-0.98729997459995,-18.2826634872822,3.78333232171872));
#6551=CARTESIAN_POINT('',(-1.98729997459995,-18.2826634872822,2.53666797846517));
#6552=CARTESIAN_POINT('Origin',(-1.98729997459995,-16.1826634872822,3.78333232171872));
#6553=CARTESIAN_POINT('',(-0.98729997459995,-16.1826634872822,5.88333232171872));
#6554=CARTESIAN_POINT('',(-1.98729997459995,-16.1826634872822,5.88333232171872));
#6555=CARTESIAN_POINT('Origin',(-0.98729997459995,-16.1826634872822,3.78333232171872));
#6556=CARTESIAN_POINT('Origin',(-1.98729997459995,-9.19071635614727,5.88333232171872));
#6557=CARTESIAN_POINT('',(-0.98729997459995,-9.19071635614727,5.88333232171872));
#6558=CARTESIAN_POINT('',(-1.98729997459995,-9.19071635614727,5.88333232171872));
#6559=CARTESIAN_POINT('',(-0.98729997459995,-9.19071635614727,5.88333232171872));
#6560=CARTESIAN_POINT('Origin',(-1.98729997459995,-9.19071635614727,3.78333232171873));
#6561=CARTESIAN_POINT('',(-0.98729997459995,-7.09071635614727,3.78333232171872));
#6562=CARTESIAN_POINT('',(-1.98729997459995,-7.09071635614727,3.78333232171872));
#6563=CARTESIAN_POINT('Origin',(-0.98729997459995,-9.19071635614727,3.78333232171873));
#6564=CARTESIAN_POINT('Origin',(-1.98729997459995,-7.09071635614727,2.53666797846517));
#6565=CARTESIAN_POINT('',(-0.98729997459995,-7.09071635614727,2.53666797846517));
#6566=CARTESIAN_POINT('',(-1.98729997459995,-7.09071635614727,2.53666797846517));
#6567=CARTESIAN_POINT('',(-0.98729997459995,-7.09071635614727,2.53515745367433));
#6568=CARTESIAN_POINT('Origin',(-1.98729997459995,-9.19071635614727,2.53666797846517));
#6569=CARTESIAN_POINT('',(-0.987299974599949,-7.31115569971848,1.600050800102));
#6570=CARTESIAN_POINT('',(-1.98729997459995,-7.31115569971848,1.600050800102));
#6571=CARTESIAN_POINT('Origin',(-0.98729997459995,-9.19071635614727,2.53666797846517));
#6572=CARTESIAN_POINT('Origin',(18.2515110874927,-18.250036824295,1.600050800102));
#6573=CARTESIAN_POINT('',(-1.98729997459995,-2.737505715011,1.600050800102));
#6574=CARTESIAN_POINT('',(-1.98729997459995,-10.493771269653,1.600050800102));
#6575=CARTESIAN_POINT('',(2.73750571501099,1.98729997459995,1.600050800102));
#6576=CARTESIAN_POINT('Origin',(2.737505715011,-2.737505715011,1.600050800102));
#6577=CARTESIAN_POINT('',(25.8251922666285,1.98729997459999,1.600050800102));
#6578=CARTESIAN_POINT('',(26.0070395163143,1.98729997459999,1.600050800102));
#6579=CARTESIAN_POINT('',(26.8251922666285,0.987299974599988,1.600050800102));
#6580=CARTESIAN_POINT('Origin',(25.8251922666285,0.987299974599988,1.600050800102));
#6581=CARTESIAN_POINT('',(26.8251922666285,-0.0127000254000248,1.600050800102));
#6582=CARTESIAN_POINT('',(26.8251922666285,-8.13136842484751,1.600050800102));
#6583=CARTESIAN_POINT('',(2.737505715011,-0.0127000254000498,1.600050800102));
#6584=CARTESIAN_POINT('',(10.4945084012518,-0.0127000254000365,1.600050800102));
#6585=CARTESIAN_POINT('',(0.0127000254000503,-2.737505715011,1.600050800102));
#6586=CARTESIAN_POINT('Origin',(2.737505715011,-2.737505715011,1.600050800102));
#6587=CARTESIAN_POINT('',(0.0127000254000498,-8.61142752797537,1.600050800102));
#6588=CARTESIAN_POINT('',(0.0127000254000498,-26.0063023847125,1.600050800102));
#6589=CARTESIAN_POINT('',(-0.98729997459995,-8.61142752797537,1.600050800102));
#6590=CARTESIAN_POINT('',(-1.98729997459995,-8.61142752797537,1.600050800102));
#6591=CARTESIAN_POINT('',(-0.987299974599949,-15.4683633730049,1.600050800102));
#6592=CARTESIAN_POINT('Origin',(-1.98729997459995,-16.1826634872822,2.53666797846517));
#6593=CARTESIAN_POINT('Origin',(-0.98729997459995,-16.1826634872822,2.53666797846517));
#6594=CARTESIAN_POINT('Origin',(-0.98729997459995,-12.6866899217147,3.16000015009195));
#6595=CARTESIAN_POINT('',(-0.98729997459995,-8.09071635614727,2.53515745367433));
#6596=CARTESIAN_POINT('Origin',(-0.98729997459995,-9.19071635614727,2.53515745367433));
#6597=CARTESIAN_POINT('',(-0.98729997459995,-8.09071635614727,3.78333232171872));
#6598=CARTESIAN_POINT('',(-0.98729997459995,-8.09071635614727,2.84757880188314));
#6599=CARTESIAN_POINT('',(-0.98729997459995,-9.19071635614727,4.88333232171872));
#6600=CARTESIAN_POINT('Origin',(-0.98729997459995,-9.19071635614727,3.78333232171873));
#6601=CARTESIAN_POINT('',(-0.98729997459995,-16.1826634872822,4.88333232171872));
#6602=CARTESIAN_POINT('',(-0.98729997459995,-10.938703138931,4.88333232171872));
#6603=CARTESIAN_POINT('',(-0.98729997459995,-17.2826634872822,3.78333232171872));
#6604=CARTESIAN_POINT('Origin',(-0.98729997459995,-16.1826634872822,3.78333232171872));
#6605=CARTESIAN_POINT('',(-0.98729997459995,-17.2826634872822,2.53515745367433));
#6606=CARTESIAN_POINT('',(-0.98729997459995,-17.2826634872822,3.47166623590533));
#6607=CARTESIAN_POINT('Origin',(-0.98729997459995,-16.1826634872822,2.53515745367433));
#6608=CARTESIAN_POINT('Origin',(-1.98729997459995,-27.6855878079601,2.02365804377364));
#6609=CARTESIAN_POINT('',(-0.987299974599949,-29.2284931527913,1.600050800102));
#6610=CARTESIAN_POINT('Origin',(-0.98729997459995,-27.6855878079601,2.02365804377364));
#6611=CARTESIAN_POINT('',(-1.98729997459995,-29.2284931527913,1.600050800102));
#6612=CARTESIAN_POINT('Origin',(-0.98729997459995,-24.4708936895161,2.7815531700973));
#6613=CARTESIAN_POINT('',(-0.98729997459995,-28.051213302047,1.600050800102));
#6614=CARTESIAN_POINT('',(-0.987299974599949,-21.3604652569055,1.600050800102));
#6615=CARTESIAN_POINT('',(-0.98729997459995,-20.6561995710721,2.02365804377364));
#6616=CARTESIAN_POINT('Origin',(-0.98729997459995,-21.1561995710721,2.02365804377364));
#6617=CARTESIAN_POINT('',(-0.98729997459995,-20.6561995710721,3.53944829642095));
#6618=CARTESIAN_POINT('',(-0.98729997459995,-20.6561995710721,2.40260560693547));
#6619=CARTESIAN_POINT('',(-0.98729997459995,-21.2561995710721,4.13944829642095));
#6620=CARTESIAN_POINT('Origin',(-0.98729997459995,-21.2561995710721,3.53944829642095));
#6621=CARTESIAN_POINT('',(-0.98729997459995,-27.6855878079601,4.13944829642095));
#6622=CARTESIAN_POINT('',(-0.98729997459995,-22.8635466302941,4.13944829642095));
#6623=CARTESIAN_POINT('',(-0.98729997459995,-28.2855878079601,3.53944829642095));
#6624=CARTESIAN_POINT('Origin',(-0.98729997459995,-27.6855878079601,3.53944829642095));
#6625=CARTESIAN_POINT('',(-0.98729997459995,-28.2855878079601,2.02365804377364));
#6626=CARTESIAN_POINT('',(-0.98729997459995,-28.2855878079601,3.16050073325912));
#6627=CARTESIAN_POINT('Origin',(-0.98729997459995,-27.7855878079601,2.02365804377364));
#6628=CARTESIAN_POINT('Origin',(-1.98729997459995,-16.1826634872822,2.53515745367433));
#6629=CARTESIAN_POINT('',(0.0127000254000503,-17.2826634872822,2.53515745367433));
#6630=CARTESIAN_POINT('',(-1.98729997459995,-17.2826634872822,2.53515745367433));
#6631=CARTESIAN_POINT('Origin',(0.0127000254000501,-16.1826634872822,2.53515745367433));
#6632=CARTESIAN_POINT('Origin',(-1.98729997459995,-17.2826634872822,3.78333232171872));
#6633=CARTESIAN_POINT('',(0.0127000254000503,-17.2826634872822,3.78333232171872));
#6634=CARTESIAN_POINT('',(-1.98729997459995,-17.2826634872822,3.78333232171872));
#6635=CARTESIAN_POINT('',(0.0127000254000502,-17.2826634872822,2.69169156091036));
#6636=CARTESIAN_POINT('Origin',(-1.98729997459995,-2.737505715011,1.600050800102));
#6637=CARTESIAN_POINT('',(-1.98729997459995,-33.76256794513,1.600050800102));
#6638=CARTESIAN_POINT('',(-1.98729997459995,-10.493771269653,1.600050800102));
#6639=CARTESIAN_POINT('',(-1.98729997459995,-33.76256794513,7.10001630453));
#6640=CARTESIAN_POINT('',(-1.98729997459995,-33.76256794513,1.600050800102));
#6641=CARTESIAN_POINT('',(-1.98729997459995,-2.737505715011,7.10001630453));
#6642=CARTESIAN_POINT('',(-1.98729997459995,-10.493771269653,7.10001630453));
#6643=CARTESIAN_POINT('',(-1.98729997459995,-2.737505715011,1.600050800102));
#6644=CARTESIAN_POINT('Origin',(18.2515110874927,-18.250036824295,1.600050800102));
#6645=CARTESIAN_POINT('',(0.0127000254000497,-28.051213302047,1.600050800102));
#6646=CARTESIAN_POINT('',(-1.98729997459995,-28.051213302047,1.600050800102));
#6647=CARTESIAN_POINT('',(0.0127000254000498,-33.76256794513,1.600050800102));
#6648=CARTESIAN_POINT('',(0.0127000254000498,-26.0063023847125,1.600050800102));
#6649=CARTESIAN_POINT('',(2.737249788806,-36.4873736227221,1.600050800102));
#6650=CARTESIAN_POINT('Origin',(2.737505715011,-33.76256794513,1.600050800102));
#6651=CARTESIAN_POINT('',(33.762818814934,-36.48737362319,1.600050800102));
#6652=CARTESIAN_POINT('',(26.0071649510758,-36.487373623073,1.600050800102));
#6653=CARTESIAN_POINT('',(36.4873736347446,-33.76256794513,1.600050800102));
#6654=CARTESIAN_POINT('Origin',(33.762567945136,-33.76256794513,1.600050800102));
#6655=CARTESIAN_POINT('',(36.487373634747,-2.737505715011,1.600050800102));
#6656=CARTESIAN_POINT('',(36.4873736347464,-10.4937712696537,1.600050800102));
#6657=CARTESIAN_POINT('',(33.762567945136,-0.0127000253999987,1.600050800102));
#6658=CARTESIAN_POINT('Origin',(33.762567945136,-2.737505715011,1.600050800102));
#6659=CARTESIAN_POINT('',(29.3149456738775,-0.0127000254000248,1.600050800102));
#6660=CARTESIAN_POINT('',(10.4945084012518,-0.0127000254000365,1.600050800102));
#6661=CARTESIAN_POINT('',(29.3149456738775,0.987299974599996,1.600050800102));
#6662=CARTESIAN_POINT('',(29.3149456738775,-8.13136842484751,1.600050800102));
#6663=CARTESIAN_POINT('',(30.3149456738775,1.9872999746,1.600050800102));
#6664=CARTESIAN_POINT('Origin',(30.3149456738775,0.987299974599995,1.600050800102));
#6665=CARTESIAN_POINT('',(33.762567945136,1.9872999746,1.600050800102));
#6666=CARTESIAN_POINT('',(26.0070395163143,1.98729997459999,1.600050800102));
#6667=CARTESIAN_POINT('',(38.487373634747,-2.73750571501115,1.600050800102));
#6668=CARTESIAN_POINT('Origin',(33.762567945136,-2.737505715011,1.600050800102));
#6669=CARTESIAN_POINT('',(38.4873736356417,-33.76256794513,1.600050800102));
#6670=CARTESIAN_POINT('',(38.4873736347452,-26.0063023847133,1.600050800102));
#6671=CARTESIAN_POINT('',(33.7629108837952,-38.48737362319,1.600050800102));
#6672=CARTESIAN_POINT('Origin',(33.762567945136,-33.76256794513,1.600050800102));
#6673=CARTESIAN_POINT('',(2.73715586421983,-38.4873736217885,1.600050800102));
#6674=CARTESIAN_POINT('',(10.4943334753992,-38.4873736221389,1.600050800102));
#6675=CARTESIAN_POINT('Origin',(2.737505715011,-33.76256794513,1.600050800102));
#6676=CARTESIAN_POINT('Origin',(-1.98729997459995,-27.7855878079601,2.02365804377364));
#6677=CARTESIAN_POINT('',(0.0127000254000503,-28.2855878079601,2.02365804377364));
#6678=CARTESIAN_POINT('',(-1.98729997459995,-28.2855878079601,2.02365804377364));
#6679=CARTESIAN_POINT('Origin',(0.0127000254000501,-27.7855878079601,2.02365804377364));
#6680=CARTESIAN_POINT('Origin',(-1.98729997459995,-28.2855878079601,3.53944829642095));
#6681=CARTESIAN_POINT('',(0.0127000254000503,-28.2855878079601,3.53944829642095));
#6682=CARTESIAN_POINT('',(-1.98729997459995,-28.2855878079601,3.53944829642095));
#6683=CARTESIAN_POINT('',(0.0127000254000501,-28.2855878079601,2.56974954826148));
#6684=CARTESIAN_POINT('Origin',(-1.98729997459995,-27.6855878079601,3.53944829642095));
#6685=CARTESIAN_POINT('',(0.0127000254000503,-27.6855878079601,4.13944829642095));
#6686=CARTESIAN_POINT('',(-1.98729997459995,-27.6855878079601,4.13944829642095));
#6687=CARTESIAN_POINT('Origin',(0.0127000254000501,-27.6855878079601,3.53944829642095));
#6688=CARTESIAN_POINT('Origin',(-1.98729997459995,-21.2561995710721,4.13944829642095));
#6689=CARTESIAN_POINT('',(0.0127000254000503,-21.2561995710721,4.13944829642095));
#6690=CARTESIAN_POINT('',(-1.98729997459995,-21.2561995710721,4.13944829642095));
#6691=CARTESIAN_POINT('',(0.0127000254000501,-27.509383758101,4.13944829642095));
#6692=CARTESIAN_POINT('Origin',(25.8251922666285,0.987299974599988,2.65426695598423));
#6693=CARTESIAN_POINT('',(26.8251922666285,0.987299974599988,3.70848311186642));
#6694=CARTESIAN_POINT('',(26.8251922666285,0.987299974599988,2.65426695598423));
#6695=CARTESIAN_POINT('',(25.8251922666285,1.98729997459999,3.65986824329559));
#6696=CARTESIAN_POINT('',(25.8251922666285,1.98729997459999,2.65426695598423));
#6697=CARTESIAN_POINT('Ctrl Pts',(25.8251922666286,1.9872999746,3.65986824329559));
#6698=CARTESIAN_POINT('Ctrl Pts',(25.8287399082737,1.9872999746,3.66001870617624));
#6699=CARTESIAN_POINT('Ctrl Pts',(25.832287517424,1.98728109595797,3.66016934594566));
#6700=CARTESIAN_POINT('Ctrl Pts',(25.9671962290392,1.98584522483319,3.66590471052179));
#6701=CARTESIAN_POINT('Ctrl Pts',(26.097002418973,1.9585755340772,3.67167886522165));
#6702=CARTESIAN_POINT('Ctrl Pts',(26.3375912624164,1.85586606661982,3.68291170048146));
#6703=CARTESIAN_POINT('Ctrl Pts',(26.4462452124892,1.78181974180938,3.68826730969206));
#6704=CARTESIAN_POINT('Ctrl Pts',(26.628913559179,1.59635365142181,3.69764318999068));
#6705=CARTESIAN_POINT('Ctrl Pts',(26.7012473616028,1.48675541787901,3.7015676416065));
#6706=CARTESIAN_POINT('Ctrl Pts',(26.7998378106981,1.2460708562033,3.70702072416674));
#6707=CARTESIAN_POINT('Ctrl Pts',(26.8251922666285,1.11731419724905,3.70848311186644));
#6708=CARTESIAN_POINT('Ctrl Pts',(26.8251922666285,0.987299974599999,3.70848311186643));
#6709=CARTESIAN_POINT('Origin',(28.067112268337,0.987299974600001,3.850379938316));
#6710=CARTESIAN_POINT('',(29.3149456738775,0.987299974600003,3.77681505527174));
#6711=CARTESIAN_POINT('Origin',(28.067112268337,0.987299974600001,3.850379938316));
#6712=CARTESIAN_POINT('',(30.3149456738775,1.9872999746,3.75166326831342));
#6713=CARTESIAN_POINT('Origin',(28.067112268337,1.98729997459999,3.850379938316));
#6714=CARTESIAN_POINT('Ctrl Pts',(30.3149456738775,1.9872999746,3.75166326831342));
#6715=CARTESIAN_POINT('Ctrl Pts',(30.3101064189065,1.9872999746,3.75176947836901));
#6716=CARTESIAN_POINT('Ctrl Pts',(30.3052672313324,1.98726484701688,3.75187585838036));
#6717=CARTESIAN_POINT('Ctrl Pts',(30.1706111625322,1.98530981457537,3.75484082161485));
#6718=CARTESIAN_POINT('Ctrl Pts',(30.0423950020685,1.95816146599871,3.75779327699807));
#6719=CARTESIAN_POINT('Ctrl Pts',(29.803157775514,1.85622465510761,3.76357164584371));
#6720=CARTESIAN_POINT('Ctrl Pts',(29.6944720961274,1.78226651700842,3.76634276471637));
#6721=CARTESIAN_POINT('Ctrl Pts',(29.5116053346848,1.59688102235354,3.77119758372951));
#6722=CARTESIAN_POINT('Ctrl Pts',(29.4391549184025,1.4872390281224,3.77323065682324));
#6723=CARTESIAN_POINT('Ctrl Pts',(29.3403582372855,1.24637379805087,3.77605695439475));
#6724=CARTESIAN_POINT('Ctrl Pts',(29.3149456738775,1.11746104634734,3.77681505527176));
#6725=CARTESIAN_POINT('Ctrl Pts',(29.3149456738775,0.987299974600003,3.77681505527174));
#6726=CARTESIAN_POINT('Origin',(30.3149456738775,0.987299974599995,1.600050800102));
#6727=CARTESIAN_POINT('',(30.3149456738775,1.9872999746,1.600050800102));
#6728=CARTESIAN_POINT('',(29.3149456738775,0.987299974599995,1.600050800102));
#6729=CARTESIAN_POINT('Origin',(33.762567945136,1.9872999746,1.600050800102));
#6730=CARTESIAN_POINT('',(2.73750571501099,1.98729997459995,7.10001630453));
#6731=CARTESIAN_POINT('',(2.73750571501099,1.98729997459995,1.600050800102));
#6732=CARTESIAN_POINT('',(33.762567945136,1.9872999746,7.10001630453));
#6733=CARTESIAN_POINT('',(26.0063023878284,1.98729997459999,7.10001630453));
#6734=CARTESIAN_POINT('',(33.762567945136,1.9872999746,1.600050800102));
#6735=CARTESIAN_POINT('Origin',(26.8251922666285,1.98729997459998,3.70848311186645));
#6736=CARTESIAN_POINT('',(26.8251922666285,-0.0127000254000248,3.70848311186645));
#6737=CARTESIAN_POINT('',(26.8251922666285,1.98729997459998,3.70848311186642));
#6738=CARTESIAN_POINT('',(26.8251922666285,-0.0127000254000102,2.65426695598423));
#6739=CARTESIAN_POINT('Origin',(33.4999992512167,-2.99999993294477,7.62501630453));
#6740=CARTESIAN_POINT('',(31.5999992512167,-2.99999993294477,8.10001630453));
#6741=CARTESIAN_POINT('Origin',(33.4999992512167,-2.99999993294477,8.10001630453));
#6742=CARTESIAN_POINT('',(32.5499992512166,-2.99999993294477,7.15001630453));
#6743=CARTESIAN_POINT('',(32.0749992512167,-2.99999993294477,7.62501630453));
#6744=CARTESIAN_POINT('Origin',(33.4999992512167,-2.99999993294477,7.15001630453));
#6745=CARTESIAN_POINT('Origin',(33.4999992512167,-2.99999993294477,3.10001630453));
#6746=CARTESIAN_POINT('',(32.5499992512166,-2.99999993294477,1.600050800102));
#6747=CARTESIAN_POINT('',(32.5499992512166,-2.99999993294477,3.10001630453));
#6748=CARTESIAN_POINT('Origin',(33.4999992512167,-2.99999993294477,1.600050800102));
#6749=CARTESIAN_POINT('Origin',(33.5000004991889,-33.5000004991889,7.62501630453));
#6750=CARTESIAN_POINT('',(31.6000004991889,-33.5000004991889,8.10001630453));
#6751=CARTESIAN_POINT('Origin',(33.5000004991889,-33.5000004991889,8.10001630453));
#6752=CARTESIAN_POINT('',(32.5500004991889,-33.5000004991889,7.15001630453));
#6753=CARTESIAN_POINT('',(32.0750004991889,-33.5000004991889,7.62501630453));
#6754=CARTESIAN_POINT('Origin',(33.5000004991889,-33.5000004991889,7.15001630453));
#6755=CARTESIAN_POINT('Origin',(33.5000004991889,-33.5000004991889,3.10001630453));
#6756=CARTESIAN_POINT('',(32.5500004991889,-33.5000004991889,1.600050800102));
#6757=CARTESIAN_POINT('',(32.5500004991889,-33.5000004991889,3.10001630453));
#6758=CARTESIAN_POINT('Origin',(33.5000004991889,-33.5000004991889,1.600050800102));
#6759=CARTESIAN_POINT('Origin',(33.4999992512167,-2.99999993294477,8.10001630453));
#6760=CARTESIAN_POINT('',(35.1999992512167,-2.99999993294477,1.600050800102));
#6761=CARTESIAN_POINT('Origin',(33.4999992512167,-2.99999993294477,1.600050800102));
#6762=CARTESIAN_POINT('',(35.1999992512167,-2.99999993294477,6.10001630453));
#6763=CARTESIAN_POINT('',(35.1999992512167,-2.99999993294477,8.10001630453));
#6764=CARTESIAN_POINT('Origin',(33.4999992512167,-2.99999993294477,6.10001630453));
#6765=CARTESIAN_POINT('Origin',(33.4999998752028,-18.2500002160668,1.600050800102));
#6766=CARTESIAN_POINT('Origin',(33.5000004991889,-33.5000004991889,8.10001630453));
#6767=CARTESIAN_POINT('',(35.2000004991889,-33.5000004991889,1.600050800102));
#6768=CARTESIAN_POINT('Origin',(33.5000004991889,-33.5000004991889,1.600050800102));
#6769=CARTESIAN_POINT('',(35.2000004991889,-33.5000004991889,6.10001630453));
#6770=CARTESIAN_POINT('',(35.2000004991889,-33.5000004991889,8.10001630453));
#6771=CARTESIAN_POINT('Origin',(33.5000004991889,-33.5000004991889,6.10001630453));
#6772=CARTESIAN_POINT('Origin',(33.4999998752028,-18.2500002160668,1.600050800102));
#6773=CARTESIAN_POINT('Origin',(37.4873736347452,-26.0063023847132,7.10001630453));
#6774=CARTESIAN_POINT('',(37.4873736347446,-33.7625679451299,8.10001630453));
#6775=CARTESIAN_POINT('',(38.4873736356417,-33.76256794513,7.10001630453));
#6776=CARTESIAN_POINT('Origin',(37.4873736347446,-33.7625679451299,7.10001630453));
#6777=CARTESIAN_POINT('',(38.487373634747,-2.73750571501115,7.10001630453));
#6778=CARTESIAN_POINT('',(38.4873736347452,-26.0063023847133,7.10001630453));
#6779=CARTESIAN_POINT('',(37.487373634747,-2.73750571501107,8.10001630453));
#6780=CARTESIAN_POINT('Origin',(37.487373634747,-2.73750571501107,7.10001630453));
#6781=CARTESIAN_POINT('',(37.4873736347452,-26.0063023847132,8.10001630453));
#6782=CARTESIAN_POINT('Origin',(33.762567945136,-2.737505715011,7.10001630453));
#6783=CARTESIAN_POINT('',(33.762567945136,0.987299974600004,8.10001630453));
#6784=CARTESIAN_POINT('Origin',(33.762567945136,0.987299974600004,7.10001630453));
#6785=CARTESIAN_POINT('Origin',(33.762567945136,-2.737505715011,8.10001630453));
#6786=CARTESIAN_POINT('Origin',(33.762567945136,-2.737505715011,7.10001630453));
#6787=CARTESIAN_POINT('Origin',(26.0063023878284,0.987299974599989,7.10001630453));
#6788=CARTESIAN_POINT('',(2.73750571501099,0.987299974599951,8.10001630453));
#6789=CARTESIAN_POINT('Origin',(2.73750571501099,0.987299974599951,7.10001630453));
#6790=CARTESIAN_POINT('',(26.0063023878284,0.987299974599989,8.10001630453));
#6791=CARTESIAN_POINT('Origin',(2.737505715011,-2.737505715011,7.10001630453));
#6792=CARTESIAN_POINT('',(-0.987299974599949,-2.737505715011,8.10001630453));
#6793=CARTESIAN_POINT('Origin',(-0.987299974599949,-2.737505715011,7.10001630453));
#6794=CARTESIAN_POINT('Origin',(2.737505715011,-2.737505715011,8.10001630453));
#6795=CARTESIAN_POINT('Origin',(2.737505715011,-2.737505715011,7.10001630453));
#6796=CARTESIAN_POINT('Origin',(-0.98729997459995,-10.493771269653,7.10001630453));
#6797=CARTESIAN_POINT('',(-0.98729997459995,-33.76256794513,8.10001630453));
#6798=CARTESIAN_POINT('Origin',(-0.98729997459995,-33.76256794513,7.10001630453));
#6799=CARTESIAN_POINT('',(-0.98729997459995,-10.493771269653,8.10001630453));
#6800=CARTESIAN_POINT('Origin',(2.737505715011,-33.76256794513,7.10001630453));
#6801=CARTESIAN_POINT('',(2.73715586421983,-38.4873736217885,7.10001630453));
#6802=CARTESIAN_POINT('',(2.73722990976036,-37.4873736245299,8.10001630453));
#6803=CARTESIAN_POINT('Origin',(2.73722990976036,-37.4873736245299,7.10001630453));
#6804=CARTESIAN_POINT('Origin',(2.737505715011,-33.76256794513,8.10001630453));
#6805=CARTESIAN_POINT('Origin',(2.737505715011,-33.76256794513,7.10001630453));
#6806=CARTESIAN_POINT('Origin',(10.4935963469584,-37.4873736221389,7.10001630453));
#6807=CARTESIAN_POINT('',(33.7629108837952,-38.48737362319,7.10001630453));
#6808=CARTESIAN_POINT('',(33.7629108838404,-37.48737362319,8.10001630453));
#6809=CARTESIAN_POINT('Origin',(33.7629108838404,-37.48737362319,7.10001630453));
#6810=CARTESIAN_POINT('',(10.4935963469584,-37.4873736221389,8.10001630453));
#6811=CARTESIAN_POINT('',(10.4935963469133,-38.4873736221389,7.10001630453));
#6812=CARTESIAN_POINT('Origin',(33.762567945136,-33.76256794513,7.10001630453));
#6813=CARTESIAN_POINT('Origin',(33.762567945136,-33.76256794513,7.10001630453));
#6814=CARTESIAN_POINT('Origin',(33.762567945136,-33.76256794513,8.10001630453));
#6815=CARTESIAN_POINT('Origin',(2.737505715011,-2.737505715011,1.600050800102));
#6816=CARTESIAN_POINT('Origin',(33.762567945136,-2.737505715011,1.600050800102));
#6817=CARTESIAN_POINT('',(38.487373634747,-2.73750571501115,-13.499959359919));
#6818=CARTESIAN_POINT('Origin',(38.4873736347446,-33.76256794513,1.600050800102));
#6819=CARTESIAN_POINT('',(38.4873736356417,-33.76256794513,-12.979959366004));
#6820=CARTESIAN_POINT('Origin',(18.2500368305209,-18.250036824295,8.10001630453));
#6821=CARTESIAN_POINT('',(35.2245737448473,-5.36598189424736,8.10001630453));
#6822=CARTESIAN_POINT('',(26.4714646945873,-5.36598189424736,8.10001630453));
#6823=CARTESIAN_POINT('',(22.6107507625541,-5.36598189424736,8.10001630453));
#6824=CARTESIAN_POINT('',(35.2245737448473,-10.4040595245911,8.10001630453));
#6825=CARTESIAN_POINT('',(35.2245737448473,-12.0580093592712,8.10001630453));
#6826=CARTESIAN_POINT('',(26.4714646945873,-10.4040595245911,8.10001630453));
#6827=CARTESIAN_POINT('',(26.4873052876841,-10.4040595245911,8.10001630453));
#6828=CARTESIAN_POINT('',(26.4714646945873,-14.0770481744431,8.10001630453));
#6829=CARTESIAN_POINT('',(6.95835085328312,0.184754808661047,8.10001630453));
#6830=CARTESIAN_POINT('',(20.9583508532831,0.184754808661046,8.10001630453));
#6831=CARTESIAN_POINT('',(12.604193841902,0.184754808661047,8.10001630453));
#6832=CARTESIAN_POINT('',(22.4583508532831,-1.31524519133895,8.10001630453));
#6833=CARTESIAN_POINT('Origin',(20.9583508532831,-1.31524519133895,8.10001630453));
#6834=CARTESIAN_POINT('',(22.4583508532831,-5.31524519133895,8.10001630453));
#6835=CARTESIAN_POINT('',(22.4583508532831,-9.78264100781698,8.10001630453));
#6836=CARTESIAN_POINT('',(20.9583508532831,-6.81524519133895,8.10001630453));
#6837=CARTESIAN_POINT('Origin',(20.9583508532831,-5.31524519133895,8.10001630453));
#6838=CARTESIAN_POINT('',(6.95835085328312,-6.81524519133895,8.10001630453));
#6839=CARTESIAN_POINT('',(19.604193841902,-6.81524519133895,8.10001630453));
#6840=CARTESIAN_POINT('',(5.45835085328312,-5.31524519133895,8.10001630453));
#6841=CARTESIAN_POINT('Origin',(6.95835085328312,-5.31524519133895,8.10001630453));
#6842=CARTESIAN_POINT('',(5.45835085328312,-1.31524519133895,8.10001630453));
#6843=CARTESIAN_POINT('',(5.45835085328312,-11.782641007817,8.10001630453));
#6844=CARTESIAN_POINT('Origin',(6.95835085328312,-1.31524519133895,8.10001630453));
#6845=CARTESIAN_POINT('Origin',(35.2245737448473,-12.0580093592712,7.60001630453));
#6846=CARTESIAN_POINT('',(34.7245737448473,-5.86598189424736,7.60001630453));
#6847=CARTESIAN_POINT('Origin',(35.2245737448473,-5.36598189424736,7.60001630453));
#6848=CARTESIAN_POINT('',(34.7245737448473,-9.90405952459114,7.60001630453));
#6849=CARTESIAN_POINT('',(34.7245737448473,-12.0580093592712,7.60001630453));
#6850=CARTESIAN_POINT('Origin',(35.2245737448473,-10.4040595245911,7.60001630453));
#6851=CARTESIAN_POINT('Origin',(26.4714646945873,-14.0770481744431,7.60001630453));
#6852=CARTESIAN_POINT('',(26.9714646945873,-9.90405952459114,7.60001630453));
#6853=CARTESIAN_POINT('',(26.9714646945873,-5.86598189424736,7.60001630453));
#6854=CARTESIAN_POINT('',(26.9714646945873,-14.0770481744431,7.60001630453));
#6855=CARTESIAN_POINT('Origin',(26.4714646945873,-5.36598189424736,7.60001630453));
#6856=CARTESIAN_POINT('Origin',(26.4714646945873,-10.4040595245911,7.60001630453));
#6857=CARTESIAN_POINT('Origin',(26.4873052876841,-10.4040595245911,7.60001630453));
#6858=CARTESIAN_POINT('',(26.4873052876841,-9.90405952459114,7.60001630453));
#6859=CARTESIAN_POINT('Origin',(22.6107507625541,-5.36598189424736,7.60001630453));
#6860=CARTESIAN_POINT('',(22.6107507625541,-5.86598189424736,7.60001630453));
#6861=CARTESIAN_POINT('Origin',(26.9714646945873,-5.86598189424736,8.10001630453));
#6862=CARTESIAN_POINT('',(26.9714646945873,-5.86598189424736,6.10001630453));
#6863=CARTESIAN_POINT('',(26.9714646945873,-5.86598189424736,8.10001630453));
#6864=CARTESIAN_POINT('',(34.7245737448473,-5.86598189424736,6.10001630453));
#6865=CARTESIAN_POINT('',(22.6107507625541,-5.86598189424736,6.10001630453));
#6866=CARTESIAN_POINT('',(34.7245737448473,-5.86598189424736,8.10001630453));
#6867=CARTESIAN_POINT('Origin',(6.95835085328312,0.184754808661047,8.10001630453));
#6868=CARTESIAN_POINT('',(6.95835085328312,0.184754808661047,7.10001630453));
#6869=CARTESIAN_POINT('',(6.95835085328312,0.184754808661047,8.10001630453));
#6870=CARTESIAN_POINT('',(20.9583508532831,0.184754808661046,7.10001630453));
#6871=CARTESIAN_POINT('',(6.95835085328312,0.184754808661047,7.10001630453));
#6872=CARTESIAN_POINT('',(20.9583508532831,0.184754808661046,8.10001630453));
#6873=CARTESIAN_POINT('Origin',(6.95835085328312,-1.31524519133895,8.10001630453));
#6874=CARTESIAN_POINT('',(5.45835085328312,-1.31524519133895,7.10001630453));
#6875=CARTESIAN_POINT('',(5.45835085328312,-1.31524519133895,8.10001630453));
#6876=CARTESIAN_POINT('Origin',(6.95835085328312,-1.31524519133895,7.10001630453));
#6877=CARTESIAN_POINT('Origin',(5.45835085328312,-5.31524519133895,8.10001630453));
#6878=CARTESIAN_POINT('',(5.45835085328312,-5.31524519133895,7.10001630453));
#6879=CARTESIAN_POINT('',(5.45835085328312,-5.31524519133895,8.10001630453));
#6880=CARTESIAN_POINT('',(5.45835085328312,-5.31524519133895,7.10001630453));
#6881=CARTESIAN_POINT('Origin',(6.95835085328312,-5.31524519133895,8.10001630453));
#6882=CARTESIAN_POINT('',(6.95835085328312,-6.81524519133895,7.10001630453));
#6883=CARTESIAN_POINT('',(6.95835085328312,-6.81524519133895,8.10001630453));
#6884=CARTESIAN_POINT('Origin',(6.95835085328312,-5.31524519133895,7.10001630453));
#6885=CARTESIAN_POINT('Origin',(20.9583508532831,-6.81524519133895,8.10001630453));
#6886=CARTESIAN_POINT('',(20.9583508532831,-6.81524519133895,7.10001630453));
#6887=CARTESIAN_POINT('',(20.9583508532831,-6.81524519133895,8.10001630453));
#6888=CARTESIAN_POINT('',(20.9583508532831,-6.81524519133895,7.10001630453));
#6889=CARTESIAN_POINT('Origin',(20.9583508532831,-5.31524519133895,8.10001630453));
#6890=CARTESIAN_POINT('',(22.4583508532831,-5.31524519133895,7.10001630453));
#6891=CARTESIAN_POINT('',(22.4583508532831,-5.31524519133895,8.10001630453));
#6892=CARTESIAN_POINT('Origin',(20.9583508532831,-5.31524519133895,7.10001630453));
#6893=CARTESIAN_POINT('Origin',(22.4583508532831,-1.31524519133895,8.10001630453));
#6894=CARTESIAN_POINT('',(22.4583508532831,-1.31524519133895,7.10001630453));
#6895=CARTESIAN_POINT('',(22.4583508532831,-1.31524519133895,8.10001630453));
#6896=CARTESIAN_POINT('',(22.4583508532831,-1.31524519133895,7.10001630453));
#6897=CARTESIAN_POINT('Origin',(20.9583508532831,-1.31524519133895,8.10001630453));
#6898=CARTESIAN_POINT('Origin',(20.9583508532831,-1.31524519133895,7.10001630453));
#6899=CARTESIAN_POINT('Origin',(13.9583508532831,-3.31524519133895,7.10001630453));
#6900=CARTESIAN_POINT('',(5.95835085328312,-5.31524519133895,7.10001630453));
#6901=CARTESIAN_POINT('',(6.95835085328312,-6.31524519133895,7.10001630453));
#6902=CARTESIAN_POINT('Origin',(6.95835085328312,-5.31524519133895,7.10001630453));
#6903=CARTESIAN_POINT('',(5.95835085328312,-1.31524519133895,7.10001630453));
#6904=CARTESIAN_POINT('',(5.95835085328312,-4.31524519133895,7.10001630453));
#6905=CARTESIAN_POINT('',(6.95835085328312,-0.315245191338953,7.10001630453));
#6906=CARTESIAN_POINT('Origin',(6.95835085328312,-1.31524519133895,7.10001630453));
#6907=CARTESIAN_POINT('',(20.9583508532831,-0.315245191338952,7.10001630453));
#6908=CARTESIAN_POINT('',(10.4583508532831,-0.315245191338953,7.10001630453));
#6909=CARTESIAN_POINT('',(21.9583508532831,-1.31524519133895,7.10001630453));
#6910=CARTESIAN_POINT('Origin',(20.9583508532831,-1.31524519133895,7.10001630453));
#6911=CARTESIAN_POINT('',(21.9583508532831,-5.31524519133895,7.10001630453));
#6912=CARTESIAN_POINT('',(21.9583508532831,-2.31524519133895,7.10001630453));
#6913=CARTESIAN_POINT('',(20.9583508532831,-6.31524519133895,7.10001630453));
#6914=CARTESIAN_POINT('Origin',(20.9583508532831,-5.31524519133895,7.10001630453));
#6915=CARTESIAN_POINT('',(17.4583508532831,-6.31524519133895,7.10001630453));
#6916=CARTESIAN_POINT('Origin',(6.95835085328312,-0.315245191338953,8.10001630453));
#6917=CARTESIAN_POINT('',(6.95835085328312,-0.315245191338953,6.10001630453));
#6918=CARTESIAN_POINT('',(6.95835085328312,-0.315245191338953,8.10001630453));
#6919=CARTESIAN_POINT('',(20.9583508532831,-0.315245191338952,6.10001630453));
#6920=CARTESIAN_POINT('',(12.604193841902,-0.315245191338953,6.10001630453));
#6921=CARTESIAN_POINT('',(20.9583508532831,-0.315245191338952,8.10001630453));
#6922=CARTESIAN_POINT('Origin',(6.95835085328312,-1.31524519133895,8.10001630453));
#6923=CARTESIAN_POINT('',(5.95835085328312,-1.31524519133895,6.10001630453));
#6924=CARTESIAN_POINT('',(5.95835085328312,-1.31524519133895,8.10001630453));
#6925=CARTESIAN_POINT('Origin',(6.95835085328312,-1.31524519133895,6.10001630453));
#6926=CARTESIAN_POINT('Origin',(5.95835085328312,-5.31524519133895,8.10001630453));
#6927=CARTESIAN_POINT('',(5.95835085328312,-5.31524519133895,6.10001630453));
#6928=CARTESIAN_POINT('',(5.95835085328312,-5.31524519133895,8.10001630453));
#6929=CARTESIAN_POINT('',(5.95835085328312,-11.782641007817,6.10001630453));
#6930=CARTESIAN_POINT('Origin',(6.95835085328312,-5.31524519133895,8.10001630453));
#6931=CARTESIAN_POINT('',(6.95835085328312,-6.31524519133895,6.10001630453));
#6932=CARTESIAN_POINT('',(6.95835085328312,-6.31524519133895,8.10001630453));
#6933=CARTESIAN_POINT('Origin',(6.95835085328312,-5.31524519133895,6.10001630453));
#6934=CARTESIAN_POINT('Origin',(34.7245737448473,-5.86598189424736,8.10001630453));
#6935=CARTESIAN_POINT('',(34.7245737448473,-9.90405952459114,6.10001630453));
#6936=CARTESIAN_POINT('',(34.7245737448473,-12.0580093592712,6.10001630453));
#6937=CARTESIAN_POINT('',(34.7245737448473,-9.90405952459114,8.10001630453));
#6938=CARTESIAN_POINT('Origin',(26.9714646945873,-9.90405952459114,8.10001630453));
#6939=CARTESIAN_POINT('',(26.9714646945873,-9.90405952459114,6.10001630453));
#6940=CARTESIAN_POINT('',(26.9714646945873,-9.90405952459114,8.10001630453));
#6941=CARTESIAN_POINT('',(26.9714646945873,-14.0770481744431,6.10001630453));
#6942=CARTESIAN_POINT('Origin',(34.7245737448473,-9.90405952459114,8.10001630453));
#6943=CARTESIAN_POINT('',(26.4873052876841,-9.90405952459114,6.10001630453));
#6944=CARTESIAN_POINT('Origin',(20.9583508532831,-6.31524519133895,8.10001630453));
#6945=CARTESIAN_POINT('',(20.9583508532831,-6.31524519133895,6.10001630453));
#6946=CARTESIAN_POINT('',(20.9583508532831,-6.31524519133895,8.10001630453));
#6947=CARTESIAN_POINT('',(19.604193841902,-6.31524519133896,6.10001630453));
#6948=CARTESIAN_POINT('Origin',(20.9583508532831,-5.31524519133895,8.10001630453));
#6949=CARTESIAN_POINT('',(21.9583508532831,-5.31524519133895,6.10001630453));
#6950=CARTESIAN_POINT('',(21.9583508532831,-5.31524519133895,8.10001630453));
#6951=CARTESIAN_POINT('Origin',(20.9583508532831,-5.31524519133895,6.10001630453));
#6952=CARTESIAN_POINT('Origin',(21.9583508532831,-1.31524519133895,8.10001630453));
#6953=CARTESIAN_POINT('',(21.9583508532831,-1.31524519133895,6.10001630453));
#6954=CARTESIAN_POINT('',(21.9583508532831,-1.31524519133895,8.10001630453));
#6955=CARTESIAN_POINT('',(21.9583508532831,-9.78264100781698,6.10001630453));
#6956=CARTESIAN_POINT('Origin',(20.9583508532831,-1.31524519133895,8.10001630453));
#6957=CARTESIAN_POINT('Origin',(20.9583508532831,-1.31524519133895,6.10001630453));
#6958=CARTESIAN_POINT('Origin',(29.3149456738775,1.98729997459998,1.600050800102));
#6959=CARTESIAN_POINT('',(29.3149456738775,-0.0127000254000248,3.77681505527168));
#6960=CARTESIAN_POINT('',(29.3149456738775,-0.0127000254000061,1.600050800102));
#6961=CARTESIAN_POINT('',(29.3149456738775,1.98729997459998,3.77681505527174));
#6962=CARTESIAN_POINT('Origin',(28.067112268337,1.98729997459998,3.850379938316));
#6963=CARTESIAN_POINT('Origin',(28.067112268337,-0.0127000254000501,3.850379938316));
#6964=CARTESIAN_POINT('Origin',(-1.98729997459995,-9.19071635614727,2.53515745367433));
#6965=CARTESIAN_POINT('',(0.0127000254000503,-8.09071635614727,2.53515745367433));
#6966=CARTESIAN_POINT('Origin',(0.0127000254000501,-9.19071635614727,2.53515745367433));
#6967=CARTESIAN_POINT('',(-1.98729997459995,-8.09071635614727,2.53515745367433));
#6968=CARTESIAN_POINT('Origin',(2.737505715011,-2.737505715011,1.600050800102));
#6969=CARTESIAN_POINT('',(2.737505715011,-0.0127000254000498,6.10001630453));
#6970=CARTESIAN_POINT('',(2.737505715011,-0.0127000254000498,1.600050800102));
#6971=CARTESIAN_POINT('',(0.0127000254000498,-2.737505715011,6.10001630453));
#6972=CARTESIAN_POINT('Origin',(2.737505715011,-2.737505715011,6.10001630453));
#6973=CARTESIAN_POINT('',(0.0127000254000503,-2.737505715011,1.600050800102));
#6974=CARTESIAN_POINT('Origin',(2.737505715011,-0.01270002540005,1.600050800102));
#6975=CARTESIAN_POINT('',(33.762567945136,-0.0127000253999987,6.10001630453));
#6976=CARTESIAN_POINT('',(33.762567945136,-0.0127000253999987,4.760050972745));
#6977=CARTESIAN_POINT('',(10.4937712727659,-0.0127000254000365,6.10001630453));
#6978=CARTESIAN_POINT('Origin',(33.762567945136,-2.737505715011,1.600050800102));
#6979=CARTESIAN_POINT('',(36.487373634747,-2.737505715011,6.10001630453));
#6980=CARTESIAN_POINT('',(36.487373634747,-2.737505715011,-12.979959366004));
#6981=CARTESIAN_POINT('Origin',(33.762567945136,-2.737505715011,6.10001630453));
#6982=CARTESIAN_POINT('Origin',(36.487373634747,-2.737505715011,1.600050800102));
#6983=CARTESIAN_POINT('',(36.4873736347446,-33.76256794513,6.10001630453));
#6984=CARTESIAN_POINT('',(36.4873736347446,-33.76256794513,1.600050800102));
#6985=CARTESIAN_POINT('',(36.4873736347464,-10.4937712696537,6.10001630453));
#6986=CARTESIAN_POINT('Origin',(-1.98729997459995,-21.1561995710721,2.02365804377364));
#6987=CARTESIAN_POINT('',(0.0127000254000503,-20.6561995710721,2.02365804377364));
#6988=CARTESIAN_POINT('Origin',(0.0127000254000501,-21.1561995710721,2.02365804377364));
#6989=CARTESIAN_POINT('',(-1.98729997459995,-20.6561995710721,2.02365804377364));
#6990=CARTESIAN_POINT('Origin',(0.01270002540005,-33.76256794513,1.600050800102));
#6991=CARTESIAN_POINT('',(0.0127000254000498,-33.76256794513,6.10001630453));
#6992=CARTESIAN_POINT('',(0.0127000254000498,-26.0063023847125,6.10001630453));
#6993=CARTESIAN_POINT('',(0.0127000254000498,-33.76256794513,1.600050800102));
#6994=CARTESIAN_POINT('',(0.0127000254000503,-20.6561995710721,3.53944829642095));
#6995=CARTESIAN_POINT('Origin',(0.0127000254000501,-21.2561995710721,3.53944829642095));
#6996=CARTESIAN_POINT('',(0.0127000254000502,-20.6561995710721,1.81185442193782));
#6997=CARTESIAN_POINT('',(0.0127000254000503,-16.1826634872822,4.88333232171872));
#6998=CARTESIAN_POINT('Origin',(0.0127000254000501,-16.1826634872822,3.78333232171872));
#6999=CARTESIAN_POINT('',(0.0127000254000503,-9.19071635614727,4.88333232171872));
#7000=CARTESIAN_POINT('',(0.0127000254000502,-21.4766421506386,4.88333232171872));
#7001=CARTESIAN_POINT('',(0.0127000254000503,-8.09071635614727,3.78333232171872));
#7002=CARTESIAN_POINT('Origin',(0.0127000254000501,-9.19071635614727,3.78333232171873));
#7003=CARTESIAN_POINT('',(0.0127000254000503,-8.09071635614727,2.06760412688816));
#7004=CARTESIAN_POINT('Origin',(33.762567945136,-33.76256794513,1.600050800102));
#7005=CARTESIAN_POINT('',(33.7629108837952,-38.48737362319,4.760050972745));
#7006=CARTESIAN_POINT('Origin',(2.73715586421983,-38.4873736217885,1.600050800102));
#7007=CARTESIAN_POINT('',(2.73715586421983,-38.4873736217885,6.10001630453));
#7008=CARTESIAN_POINT('Origin',(2.737505715011,-33.76256794513,1.600050800102));
#7009=CARTESIAN_POINT('Origin',(18.2500368305209,-18.250036824295,6.10001630453));
#7010=CARTESIAN_POINT('',(33.762818814934,-36.48737362319,6.10001630453));
#7011=CARTESIAN_POINT('Origin',(33.762567945136,-33.76256794513,6.10001630453));
#7012=CARTESIAN_POINT('',(2.737249788806,-36.4873736227221,6.10001630453));
#7013=CARTESIAN_POINT('',(26.0064278225899,-36.487373623073,6.10001630453));
#7014=CARTESIAN_POINT('Origin',(2.737505715011,-33.76256794513,6.10001630453));
#7015=CARTESIAN_POINT('Origin',(2.737505715011,-33.76256794513,1.600050800102));
#7016=CARTESIAN_POINT('',(2.737249788806,-36.4873736227221,1.600050800102));
#7017=CARTESIAN_POINT('Origin',(33.762567945136,-33.76256794513,1.600050800102));
#7018=CARTESIAN_POINT('',(33.762818814934,-36.48737362319,1.600050800102));
#7019=CARTESIAN_POINT('Origin',(33.762818814934,-36.48737362319,1.600050800102));
#7020=CARTESIAN_POINT('Origin',(-1.98729997459995,-21.2561995710721,3.53944829642095));
#7021=CARTESIAN_POINT('',(-1.98729997459995,-20.6561995710721,3.53944829642095));
#7022=CARTESIAN_POINT('Origin',(-1.98729997459995,-20.6561995710721,2.02365804377364));
#7023=CARTESIAN_POINT('Origin',(-1.98729997459995,-16.1826634872822,3.78333232171872));
#7024=CARTESIAN_POINT('',(-1.98729997459995,-16.1826634872822,4.88333232171872));
#7025=CARTESIAN_POINT('Origin',(-1.98729997459995,-8.09071635614727,2.53515745367433));
#7026=CARTESIAN_POINT('',(-1.98729997459995,-8.09071635614727,3.78333232171872));
#7027=CARTESIAN_POINT('Origin',(-1.98729997459995,-9.19071635614727,3.78333232171873));
#7028=CARTESIAN_POINT('',(-1.98729997459995,-9.19071635614727,4.88333232171872));
#7029=CARTESIAN_POINT('Origin',(-1.98729997459995,-9.19071635614727,4.88333232171872));
#7030=CARTESIAN_POINT('Origin',(20.9583508532831,-5.31524519133895,7.10001630453));
#7031=CARTESIAN_POINT('',(20.9583508532831,-6.81524519133895,7.10001630453));
#7032=CARTESIAN_POINT('',(22.4583508532831,-5.31524519133895,7.10001630453));
#7033=CARTESIAN_POINT('Origin',(20.9583508532831,-5.31524519133895,7.10001630453));
#7034=CARTESIAN_POINT('',(22.4583508532831,-5.31524519133895,8.10001630453));
#7035=CARTESIAN_POINT('',(22.4583508532831,-5.31524519133895,7.10001630453));
#7036=CARTESIAN_POINT('',(20.9583508532831,-6.81524519133895,8.10001630453));
#7037=CARTESIAN_POINT('Origin',(20.9583508532831,-5.31524519133895,8.10001630453));
#7038=CARTESIAN_POINT('',(20.9583508532831,-6.81524519133895,7.10001630453));
#7039=CARTESIAN_POINT('Origin',(6.95835085328312,-6.81524519133895,7.10001630453));
#7040=CARTESIAN_POINT('',(6.95835085328312,-6.81524519133895,7.10001630453));
#7041=CARTESIAN_POINT('',(6.95835085328312,-6.81524519133895,7.10001630453));
#7042=CARTESIAN_POINT('',(6.95835085328312,-6.81524519133895,8.10001630453));
#7043=CARTESIAN_POINT('',(6.95835085328312,-6.81524519133895,8.10001630453));
#7044=CARTESIAN_POINT('',(6.95835085328312,-6.81524519133895,7.10001630453));
#7045=CARTESIAN_POINT('Origin',(6.95835085328312,-5.31524519133895,7.10001630453));
#7046=CARTESIAN_POINT('',(5.45835085328312,-5.31524519133895,7.10001630453));
#7047=CARTESIAN_POINT('Origin',(6.95835085328312,-5.31524519133895,7.10001630453));
#7048=CARTESIAN_POINT('',(5.45835085328312,-5.31524519133895,8.10001630453));
#7049=CARTESIAN_POINT('Origin',(6.95835085328312,-5.31524519133895,8.10001630453));
#7050=CARTESIAN_POINT('',(5.45835085328312,-5.31524519133895,7.10001630453));
#7051=CARTESIAN_POINT('Origin',(5.45835085328312,-1.31524519133895,7.10001630453));
#7052=CARTESIAN_POINT('',(5.45835085328312,-1.31524519133895,7.10001630453));
#7053=CARTESIAN_POINT('',(5.45835085328312,-1.31524519133895,7.10001630453));
#7054=CARTESIAN_POINT('',(5.45835085328312,-1.31524519133895,8.10001630453));
#7055=CARTESIAN_POINT('',(5.45835085328312,-1.31524519133895,8.10001630453));
#7056=CARTESIAN_POINT('',(5.45835085328312,-1.31524519133895,7.10001630453));
#7057=CARTESIAN_POINT('Origin',(6.95835085328312,-1.31524519133895,7.10001630453));
#7058=CARTESIAN_POINT('',(6.95835085328312,0.184754808661047,7.10001630453));
#7059=CARTESIAN_POINT('Origin',(6.95835085328312,-1.31524519133895,7.10001630453));
#7060=CARTESIAN_POINT('',(6.95835085328312,0.184754808661047,8.10001630453));
#7061=CARTESIAN_POINT('Origin',(6.95835085328312,-1.31524519133895,8.10001630453));
#7062=CARTESIAN_POINT('',(6.95835085328312,0.184754808661047,7.10001630453));
#7063=CARTESIAN_POINT('Origin',(20.9583508532831,0.184754808661047,7.10001630453));
#7064=CARTESIAN_POINT('',(20.9583508532831,0.184754808661047,7.10001630453));
#7065=CARTESIAN_POINT('',(20.9583508532831,0.184754808661047,7.10001630453));
#7066=CARTESIAN_POINT('',(20.9583508532831,0.184754808661047,8.10001630453));
#7067=CARTESIAN_POINT('',(20.9583508532831,0.184754808661047,8.10001630453));
#7068=CARTESIAN_POINT('',(20.9583508532831,0.184754808661047,7.10001630453));
#7069=CARTESIAN_POINT('Origin',(20.9583508532831,-1.31524519133895,7.10001630453));
#7070=CARTESIAN_POINT('',(22.4583508532831,-1.31524519133895,7.10001630453));
#7071=CARTESIAN_POINT('Origin',(20.9583508532831,-1.31524519133895,7.10001630453));
#7072=CARTESIAN_POINT('',(22.4583508532831,-1.31524519133895,8.10001630453));
#7073=CARTESIAN_POINT('Origin',(20.9583508532831,-1.31524519133895,8.10001630453));
#7074=CARTESIAN_POINT('',(22.4583508532831,-1.31524519133895,7.10001630453));
#7075=CARTESIAN_POINT('Origin',(22.4583508532831,-5.31524519133895,7.10001630453));
#7076=CARTESIAN_POINT('',(22.4583508532831,-5.31524519133895,7.10001630453));
#7077=CARTESIAN_POINT('',(22.4583508532831,-5.31524519133895,8.10001630453));
#7078=CARTESIAN_POINT('Origin',(13.9583508532831,-3.31524519133895,8.10001630453));
#7079=CARTESIAN_POINT('Origin',(13.9583508532831,-3.31524519133895,7.10001630453));
#7080=UNCERTAINTY_MEASURE_WITH_UNIT(LENGTH_MEASURE(0.01),#7084,
'DISTANCE_ACCURACY_VALUE',
'Maximum model space distance between geometric entities at asserted c
onnectivities');
#7081=UNCERTAINTY_MEASURE_WITH_UNIT(LENGTH_MEASURE(0.01),#7084,
'DISTANCE_ACCURACY_VALUE',
'Maximum model space distance between geometric entities at asserted c
onnectivities');
#7082=(
GEOMETRIC_REPRESENTATION_CONTEXT(3)
GLOBAL_UNCERTAINTY_ASSIGNED_CONTEXT((#7080))
GLOBAL_UNIT_ASSIGNED_CONTEXT((#7084,#7085,#7086))
REPRESENTATION_CONTEXT('','3D')
);
#7083=(
GEOMETRIC_REPRESENTATION_CONTEXT(3)
GLOBAL_UNCERTAINTY_ASSIGNED_CONTEXT((#7081))
GLOBAL_UNIT_ASSIGNED_CONTEXT((#7084,#7085,#7086))
REPRESENTATION_CONTEXT('','3D')
);
#7084=(
LENGTH_UNIT()
NAMED_UNIT(*)
SI_UNIT(.MILLI.,.METRE.)
);
#7085=(
NAMED_UNIT(*)
PLANE_ANGLE_UNIT()
SI_UNIT($,.RADIAN.)
);
#7086=(
NAMED_UNIT(*)
SI_UNIT($,.STERADIAN.)
SOLID_ANGLE_UNIT()
);
#7087=SHAPE_DEFINITION_REPRESENTATION(#7088,#7089);
#7088=PRODUCT_DEFINITION_SHAPE('',$,#7091);
#7089=SHAPE_REPRESENTATION('',(#4016),#7082);
#7090=PRODUCT_DEFINITION_CONTEXT('part definition',#7095,'design');
#7091=PRODUCT_DEFINITION('\X2\968F8EAB\X0\WiFi\X2\4F344FA3\X0\',
'\X2\968F8EAB\X0\WiFi\X2\4F344FA3\X0\ v7',#7092,#7090);
#7092=PRODUCT_DEFINITION_FORMATION('',$,#7097);
#7093=PRODUCT_RELATED_PRODUCT_CATEGORY('\X2\968F8EAB\X0\WiFi\X2\4F344FA3\X0\ 
v7','\X2\968F8EAB\X0\WiFi\X2\4F344FA3\X0\ v7',(#7097));
#7094=APPLICATION_PROTOCOL_DEFINITION('international standard',
'automotive_design',2009,#7095);
#7095=APPLICATION_CONTEXT(
'Core Data for Automotive Mechanical Design Process');
#7096=PRODUCT_CONTEXT('part definition',#7095,'mechanical');
#7097=PRODUCT('\X2\968F8EAB\X0\WiFi\X2\4F344FA3\X0\',
'\X2\968F8EAB\X0\WiFi\X2\4F344FA3\X0\ v7',$,(#7096));
#7098=PRESENTATION_STYLE_ASSIGNMENT((#7102));
#7099=PRESENTATION_STYLE_ASSIGNMENT((#7103));
#7100=PRESENTATION_STYLE_ASSIGNMENT((#7104));
#7101=PRESENTATION_STYLE_ASSIGNMENT((#7105));
#7102=SURFACE_STYLE_USAGE(.BOTH.,#7106);
#7103=SURFACE_STYLE_USAGE(.BOTH.,#7107);
#7104=SURFACE_STYLE_USAGE(.BOTH.,#7108);
#7105=SURFACE_STYLE_USAGE(.BOTH.,#7109);
#7106=SURFACE_SIDE_STYLE('',(#7110));
#7107=SURFACE_SIDE_STYLE('',(#7111));
#7108=SURFACE_SIDE_STYLE('',(#7112));
#7109=SURFACE_SIDE_STYLE('',(#7113));
#7110=SURFACE_STYLE_FILL_AREA(#7114);
#7111=SURFACE_STYLE_FILL_AREA(#7115);
#7112=SURFACE_STYLE_FILL_AREA(#7116);
#7113=SURFACE_STYLE_FILL_AREA(#7117);
#7114=FILL_AREA_STYLE('\X2\94A2\X0\ - \X2\7F0E5149\X0\',(#7118));
#7115=FILL_AREA_STYLE('ABS(\X2\767D8272\X0\)',(#7119));
#7116=FILL_AREA_STYLE('\X2\94A2\X0\ - \X2\9540950C\X0\(\X2\5C0F\X0\)',(#7120));
#7117=FILL_AREA_STYLE('\X2\73BB7483\X0\ - \X2\7A97\X0\',(#7121));
#7118=FILL_AREA_STYLE_COLOUR('\X2\94A2\X0\ - \X2\7F0E5149\X0\',#7122);
#7119=FILL_AREA_STYLE_COLOUR('ABS(\X2\767D8272\X0\)',#7123);
#7120=FILL_AREA_STYLE_COLOUR('\X2\94A2\X0\ - \X2\9540950C\X0\(\X2\5C0F\X0\)',
#7124);
#7121=FILL_AREA_STYLE_COLOUR('\X2\73BB7483\X0\ - \X2\7A97\X0\',#7125);
#7122=COLOUR_RGB('\X2\94A2\X0\ - \X2\7F0E5149\X0\',0.627450980392157,0.627450980392157,
0.627450980392157);
#7123=COLOUR_RGB('ABS(\X2\767D8272\X0\)',0.298039215686275,0.305882352941176,
0.337254901960784);
#7124=COLOUR_RGB('\X2\94A2\X0\ - \X2\9540950C\X0\(\X2\5C0F\X0\)',0.,0.,
0.);
#7125=COLOUR_RGB('\X2\73BB7483\X0\ - \X2\7A97\X0\',0.423529411764706,0.768627450980392,
0.854901960784314);
ENDSEC;
END-ISO-10303-21;
